26/10/07 11:58:17 INFO SparkContext: Running Spark version 3.5.1
26/10/07 11:58:17 INFO SparkContext: OS info Linux, 6.1.0-53-amd64, amd64
26/10/07 11:58:17 INFO SparkContext: Java version 17.0.20.1
26/10/07 11:58:17 WARN NativeCodeLoader: Unable to load native-hadoop library for your platform... using builtin-java classes where applicable
26/10/07 11:58:17 INFO ResourceUtils: ==============================================================
26/10/07 11:58:17 INFO ResourceUtils: No custom resources configured for spark.driver.
26/10/07 11:58:17 INFO ResourceUtils: ==============================================================
26/10/07 11:58:17 INFO SparkContext: Submitted application: FTX-SVB-Calidad-Klines-OPT
26/10/07 11:58:17 INFO ResourceProfile: Default ResourceProfile created, executor resources: Map(cores -> name: cores, amount: 1, script: , vendor: , memory -> name: memory, amount: 1024, script: , vendor: , offHeap -> name: offHeap, amount: 0, script: , vendor: ), task resources: Map(cpus -> name: cpus, amount: 1.0)
26/10/07 11:58:17 INFO ResourceProfile: Limiting resource is cpu
26/10/07 11:58:17 INFO ResourceProfileManager: Added ResourceProfile id: 0
26/10/07 11:58:17 INFO SecurityManager: Changing view acls to: marlon
26/10/07 11:58:17 INFO SecurityManager: Changing modify acls to: marlon
26/10/07 11:58:17 INFO SecurityManager: Changing view acls groups to: 
26/10/07 11:58:17 INFO SecurityManager: Changing modify acls groups to: 
26/10/07 11:58:17 INFO SecurityManager: SecurityManager: authentication disabled; ui acls disabled; users with view permissions: marlon; groups with view permissions: EMPTY; users with modify permissions: marlon; groups with modify permissions: EMPTY
26/10/07 11:58:17 INFO Utils: Successfully started service 'sparkDriver' on port 42835.
26/10/07 11:58:17 INFO SparkEnv: Registering MapOutputTracker
26/10/07 11:58:18 INFO SparkEnv: Registering BlockManagerMaster
26/10/07 11:58:18 INFO BlockManagerMasterEndpoint: Using org.apache.spark.storage.DefaultTopologyMapper for getting topology information
26/10/07 11:58:18 INFO BlockManagerMasterEndpoint: BlockManagerMasterEndpoint up
26/10/07 11:58:18 INFO SparkEnv: Registering BlockManagerMasterHeartbeat
26/10/07 11:58:18 INFO DiskBlockManager: Created local directory at /tmp/blockmgr-61c79a93-e3b1-4be8-872c-4ac641c09f18
26/10/07 11:58:18 INFO MemoryStore: MemoryStore started with capacity 1663.2 MiB
26/10/07 11:58:18 INFO SparkEnv: Registering OutputCommitCoordinator
26/10/07 11:58:18 INFO JettyUtils: Start Jetty 0.0.0.0:4040 for SparkUI
26/10/07 11:58:18 INFO Utils: Successfully started service 'SparkUI' on port 4040.
26/10/07 11:58:18 INFO Executor: Starting executor ID driver on host master
26/10/07 11:58:18 INFO Executor: OS info Linux, 6.1.0-53-amd64, amd64
26/10/07 11:58:18 INFO Executor: Java version 17.0.20.1
26/10/07 11:58:18 INFO Executor: Starting executor with user classpath (userClassPathFirst = false): ''
26/10/07 11:58:18 INFO Executor: Created or updated repl class loader org.apache.spark.util.MutableURLClassLoader@2f50c4f0 for default.
26/10/07 11:58:18 INFO Utils: Successfully started service 'org.apache.spark.network.netty.NettyBlockTransferService' on port 40245.
26/10/07 11:58:18 INFO NettyBlockTransferService: Server created on master:40245
26/10/07 11:58:18 INFO BlockManager: Using org.apache.spark.storage.RandomBlockReplicationPolicy for block replication policy
26/10/07 11:58:18 INFO BlockManagerMaster: Registering BlockManager BlockManagerId(driver, master, 40245, None)
26/10/07 11:58:18 INFO BlockManagerMasterEndpoint: Registering block manager master:40245 with 1663.2 MiB RAM, BlockManagerId(driver, master, 40245, None)
26/10/07 11:58:18 INFO BlockManagerMaster: Registered BlockManager BlockManagerId(driver, master, 40245, None)
26/10/07 11:58:18 INFO BlockManager: Initialized BlockManager: BlockManagerId(driver, master, 40245, None)
Leyendo USDCUSDT ...
26/10/07 11:58:19 INFO SharedState: Setting hive.metastore.warehouse.dir ('null') to the value of spark.sql.warehouse.dir.
26/10/07 11:58:19 INFO SharedState: Warehouse path is 'file:/home/marlon/stablecoin-depeg-detection/spark-warehouse'.
26/10/07 11:58:22 INFO InMemoryFileIndex: It took 135 ms to list leaf files for 2 paths.
Leyendo BTCUSDC ...
26/10/07 11:58:23 INFO InMemoryFileIndex: It took 20 ms to list leaf files for 2 paths.
Leyendo BTCUSDT ...
26/10/07 11:58:23 INFO InMemoryFileIndex: It took 19 ms to list leaf files for 2 paths.
Leyendo BUSDUSDT ...
26/10/07 11:58:24 INFO InMemoryFileIndex: It took 24 ms to list leaf files for 3 paths.
Leyendo BTCBUSD ...
26/10/07 11:58:24 INFO InMemoryFileIndex: It took 14 ms to list leaf files for 3 paths.
26/10/07 11:58:25 INFO FileSourceStrategy: Pushed Filters: 
26/10/07 11:58:25 INFO FileSourceStrategy: Post-Scan Filters: 
26/10/07 11:58:25 INFO FileSourceStrategy: Pushed Filters: 
26/10/07 11:58:25 INFO FileSourceStrategy: Post-Scan Filters: 
26/10/07 11:58:25 INFO FileSourceStrategy: Pushed Filters: 
26/10/07 11:58:25 INFO FileSourceStrategy: Post-Scan Filters: 
26/10/07 11:58:25 INFO FileSourceStrategy: Pushed Filters: 
26/10/07 11:58:25 INFO FileSourceStrategy: Post-Scan Filters: 
26/10/07 11:58:25 INFO FileSourceStrategy: Pushed Filters: 
26/10/07 11:58:25 INFO FileSourceStrategy: Post-Scan Filters: 
26/10/07 11:58:26 INFO CodeGenerator: Code generated in 265.716905 ms
26/10/07 11:58:26 INFO MemoryStore: Block broadcast_0 stored as values in memory (estimated size 200.2 KiB, free 1663.0 MiB)
26/10/07 11:58:26 INFO MemoryStore: Block broadcast_0_piece0 stored as bytes in memory (estimated size 34.8 KiB, free 1663.0 MiB)
26/10/07 11:58:26 INFO BlockManagerInfo: Added broadcast_0_piece0 in memory on master:40245 (size: 34.8 KiB, free: 1663.2 MiB)
26/10/07 11:58:26 INFO SparkContext: Created broadcast 0 from count at NativeMethodAccessorImpl.java:0
26/10/07 11:58:26 INFO FileSourceScanExec: Planning scan with bin packing, max size: 115368076 bytes, open cost is considered as scanning 4194304 bytes.
26/10/07 11:58:26 INFO MemoryStore: Block broadcast_1 stored as values in memory (estimated size 200.2 KiB, free 1662.8 MiB)
26/10/07 11:58:26 INFO MemoryStore: Block broadcast_1_piece0 stored as bytes in memory (estimated size 34.8 KiB, free 1662.7 MiB)
26/10/07 11:58:26 INFO BlockManagerInfo: Added broadcast_1_piece0 in memory on master:40245 (size: 34.8 KiB, free: 1663.1 MiB)
26/10/07 11:58:26 INFO SparkContext: Created broadcast 1 from count at NativeMethodAccessorImpl.java:0
26/10/07 11:58:26 INFO FileSourceScanExec: Planning scan with bin packing, max size: 125148562 bytes, open cost is considered as scanning 4194304 bytes.
26/10/07 11:58:26 INFO MemoryStore: Block broadcast_2 stored as values in memory (estimated size 200.2 KiB, free 1662.5 MiB)
26/10/07 11:58:26 INFO MemoryStore: Block broadcast_2_piece0 stored as bytes in memory (estimated size 34.8 KiB, free 1662.5 MiB)
26/10/07 11:58:26 INFO BlockManagerInfo: Added broadcast_2_piece0 in memory on master:40245 (size: 34.8 KiB, free: 1663.1 MiB)
26/10/07 11:58:26 INFO SparkContext: Created broadcast 2 from count at NativeMethodAccessorImpl.java:0
26/10/07 11:58:26 INFO FileSourceScanExec: Planning scan with bin packing, max size: 134217728 bytes, open cost is considered as scanning 4194304 bytes.
26/10/07 11:58:26 INFO MemoryStore: Block broadcast_3 stored as values in memory (estimated size 200.2 KiB, free 1662.3 MiB)
26/10/07 11:58:26 INFO MemoryStore: Block broadcast_3_piece0 stored as bytes in memory (estimated size 34.8 KiB, free 1662.3 MiB)
26/10/07 11:58:26 INFO BlockManagerInfo: Added broadcast_3_piece0 in memory on master:40245 (size: 34.8 KiB, free: 1663.1 MiB)
26/10/07 11:58:26 INFO SparkContext: Created broadcast 3 from count at NativeMethodAccessorImpl.java:0
26/10/07 11:58:26 INFO FileSourceScanExec: Planning scan with bin packing, max size: 35085229 bytes, open cost is considered as scanning 4194304 bytes.
26/10/07 11:58:26 INFO MemoryStore: Block broadcast_4 stored as values in memory (estimated size 200.2 KiB, free 1662.1 MiB)
26/10/07 11:58:26 INFO MemoryStore: Block broadcast_4_piece0 stored as bytes in memory (estimated size 34.8 KiB, free 1662.1 MiB)
26/10/07 11:58:26 INFO BlockManagerInfo: Added broadcast_4_piece0 in memory on master:40245 (size: 34.8 KiB, free: 1663.0 MiB)
26/10/07 11:58:26 INFO SparkContext: Created broadcast 4 from count at NativeMethodAccessorImpl.java:0
26/10/07 11:58:26 INFO FileSourceScanExec: Planning scan with bin packing, max size: 40261579 bytes, open cost is considered as scanning 4194304 bytes.
26/10/07 11:58:27 INFO DAGScheduler: Registering RDD 12 (count at NativeMethodAccessorImpl.java:0) as input to shuffle 0
26/10/07 11:58:27 INFO DAGScheduler: Got map stage job 0 (count at NativeMethodAccessorImpl.java:0) with 11 output partitions
26/10/07 11:58:27 INFO DAGScheduler: Final stage: ShuffleMapStage 0 (count at NativeMethodAccessorImpl.java:0)
26/10/07 11:58:27 INFO DAGScheduler: Parents of final stage: List()
26/10/07 11:58:27 INFO DAGScheduler: Missing parents: List()
26/10/07 11:58:27 INFO DAGScheduler: Submitting ShuffleMapStage 0 (MapPartitionsRDD[12] at count at NativeMethodAccessorImpl.java:0), which has no missing parents
26/10/07 11:58:27 INFO MemoryStore: Block broadcast_5 stored as values in memory (estimated size 24.2 KiB, free 1662.0 MiB)
26/10/07 11:58:27 INFO MemoryStore: Block broadcast_5_piece0 stored as bytes in memory (estimated size 10.1 KiB, free 1662.0 MiB)
26/10/07 11:58:27 INFO BlockManagerInfo: Added broadcast_5_piece0 in memory on master:40245 (size: 10.1 KiB, free: 1663.0 MiB)
26/10/07 11:58:27 INFO SparkContext: Created broadcast 5 from broadcast at DAGScheduler.scala:1585
26/10/07 11:58:27 INFO DAGScheduler: Submitting 11 missing tasks from ShuffleMapStage 0 (MapPartitionsRDD[12] at count at NativeMethodAccessorImpl.java:0) (first 15 tasks are for partitions Vector(0, 1, 2, 3, 4, 5, 6, 7, 8, 9, 10))
26/10/07 11:58:27 INFO TaskSchedulerImpl: Adding task set 0.0 with 11 tasks resource profile 0
26/10/07 11:58:27 INFO TaskSetManager: Starting task 0.0 in stage 0.0 (TID 0) (master, executor driver, partition 0, NODE_LOCAL, 8395 bytes) 
26/10/07 11:58:27 INFO TaskSetManager: Starting task 1.0 in stage 0.0 (TID 1) (master, executor driver, partition 1, NODE_LOCAL, 8571 bytes) 
26/10/07 11:58:27 INFO Executor: Running task 1.0 in stage 0.0 (TID 1)
26/10/07 11:58:27 INFO Executor: Running task 0.0 in stage 0.0 (TID 0)
26/10/07 11:58:27 INFO CodeGenerator: Code generated in 12.590254 ms
26/10/07 11:58:27 INFO FileScanRDD: Reading File path: hdfs://100.76.42.126:9000/datalake/benchmark/raw_150x/USDCUSDT/part-00000-0ca614e0-965f-4302-a1cb-0aa4420fd872-c000.csv, range: 0-115368076, partition values: [empty row]
26/10/07 11:58:27 INFO FileScanRDD: Reading File path: hdfs://100.76.42.126:9000/datalake/benchmark/raw_150x/USDCUSDT/part-00001-0ca614e0-965f-4302-a1cb-0aa4420fd872-c000.csv, range: 0-100210644, partition values: [empty row]
26/10/07 11:58:27 INFO CodeGenerator: Code generated in 18.013108 ms
26/10/07 11:58:29 INFO FileScanRDD: Reading File path: hdfs://100.76.42.126:9000/datalake/benchmark/raw_150x/USDCUSDT/part-00000-0ca614e0-965f-4302-a1cb-0aa4420fd872-c000.csv, range: 115368076-122136900, partition values: [empty row]
26/10/07 11:58:29 INFO Executor: Finished task 0.0 in stage 0.0 (TID 0). 2232 bytes result sent to driver
26/10/07 11:58:29 INFO Executor: Finished task 1.0 in stage 0.0 (TID 1). 2232 bytes result sent to driver
26/10/07 11:58:29 INFO TaskSetManager: Starting task 2.0 in stage 0.0 (TID 2) (master, executor driver, partition 2, NODE_LOCAL, 8394 bytes) 
26/10/07 11:58:29 INFO Executor: Running task 2.0 in stage 0.0 (TID 2)
26/10/07 11:58:29 INFO TaskSetManager: Starting task 3.0 in stage 0.0 (TID 3) (master, executor driver, partition 3, NODE_LOCAL, 8569 bytes) 
26/10/07 11:58:29 INFO Executor: Running task 3.0 in stage 0.0 (TID 3)
26/10/07 11:58:29 INFO TaskSetManager: Finished task 1.0 in stage 0.0 (TID 1) in 1979 ms on master (executor driver) (1/11)
26/10/07 11:58:29 INFO FileScanRDD: Reading File path: hdfs://100.76.42.126:9000/datalake/benchmark/raw_150x/BTCUSDC/part-00001-a75e99be-187e-4b7f-a497-980aa7c78263-c000.csv, range: 0-109060620, partition values: [empty row]
26/10/07 11:58:29 INFO FileScanRDD: Reading File path: hdfs://100.76.42.126:9000/datalake/benchmark/raw_150x/BTCUSDC/part-00000-a75e99be-187e-4b7f-a497-980aa7c78263-c000.csv, range: 0-125148562, partition values: [empty row]
26/10/07 11:58:29 INFO TaskSetManager: Finished task 0.0 in stage 0.0 (TID 0) in 2035 ms on master (executor driver) (2/11)
26/10/07 11:58:30 INFO FileScanRDD: Reading File path: hdfs://100.76.42.126:9000/datalake/benchmark/raw_150x/BTCUSDC/part-00000-a75e99be-187e-4b7f-a497-980aa7c78263-c000.csv, range: 125148562-132847896, partition values: [empty row]
26/10/07 11:58:30 INFO Executor: Finished task 3.0 in stage 0.0 (TID 3). 2189 bytes result sent to driver
26/10/07 11:58:30 INFO TaskSetManager: Starting task 4.0 in stage 0.0 (TID 4) (master, executor driver, partition 4, NODE_LOCAL, 8394 bytes) 
26/10/07 11:58:30 INFO Executor: Running task 4.0 in stage 0.0 (TID 4)
26/10/07 11:58:30 INFO TaskSetManager: Finished task 3.0 in stage 0.0 (TID 3) in 905 ms on master (executor driver) (3/11)
26/10/07 11:58:30 INFO FileScanRDD: Reading File path: hdfs://100.76.42.126:9000/datalake/benchmark/raw_150x/BTCUSDT/part-00000-69c52791-72f9-40ac-a3ef-20e878204d57-c000.csv, range: 0-134217728, partition values: [empty row]
26/10/07 11:58:30 INFO Executor: Finished task 2.0 in stage 0.0 (TID 2). 2189 bytes result sent to driver
26/10/07 11:58:30 INFO TaskSetManager: Starting task 5.0 in stage 0.0 (TID 5) (master, executor driver, partition 5, NODE_LOCAL, 8394 bytes) 
26/10/07 11:58:30 INFO Executor: Running task 5.0 in stage 0.0 (TID 5)
26/10/07 11:58:30 INFO FileScanRDD: Reading File path: hdfs://100.76.42.126:9000/datalake/benchmark/raw_150x/BTCUSDT/part-00001-69c52791-72f9-40ac-a3ef-20e878204d57-c000.csv, range: 0-134217728, partition values: [empty row]
26/10/07 11:58:30 INFO TaskSetManager: Finished task 2.0 in stage 0.0 (TID 2) in 1232 ms on master (executor driver) (4/11)
26/10/07 11:58:31 INFO Executor: Finished task 4.0 in stage 0.0 (TID 4). 2189 bytes result sent to driver
26/10/07 11:58:31 INFO TaskSetManager: Starting task 6.0 in stage 0.0 (TID 6) (master, executor driver, partition 6, NODE_LOCAL, 8569 bytes) 
26/10/07 11:58:31 INFO Executor: Running task 6.0 in stage 0.0 (TID 6)
26/10/07 11:58:31 INFO TaskSetManager: Finished task 4.0 in stage 0.0 (TID 4) in 746 ms on master (executor driver) (5/11)
26/10/07 11:58:31 INFO FileScanRDD: Reading File path: hdfs://100.76.42.126:9000/datalake/benchmark/raw_150x/BTCUSDT/part-00000-69c52791-72f9-40ac-a3ef-20e878204d57-c000.csv, range: 134217728-176267215, partition values: [empty row]
26/10/07 11:58:31 INFO FileScanRDD: Reading File path: hdfs://100.76.42.126:9000/datalake/benchmark/raw_150x/BTCUSDT/part-00001-69c52791-72f9-40ac-a3ef-20e878204d57-c000.csv, range: 134217728-168256308, partition values: [empty row]
26/10/07 11:58:31 INFO Executor: Finished task 5.0 in stage 0.0 (TID 5). 2189 bytes result sent to driver
26/10/07 11:58:31 INFO TaskSetManager: Starting task 7.0 in stage 0.0 (TID 7) (master, executor driver, partition 7, NODE_LOCAL, 8395 bytes) 
26/10/07 11:58:31 INFO TaskSetManager: Finished task 5.0 in stage 0.0 (TID 5) in 824 ms on master (executor driver) (6/11)
26/10/07 11:58:31 INFO Executor: Running task 7.0 in stage 0.0 (TID 7)
26/10/07 11:58:31 INFO FileScanRDD: Reading File path: hdfs://100.76.42.126:9000/datalake/benchmark/raw_150x/BUSDUSDT/part-00000-ed71f7f5-594d-4d47-8343-735885fc9195-c000.csv, range: 0-35085229, partition values: [empty row]
26/10/07 11:58:31 INFO Executor: Finished task 6.0 in stage 0.0 (TID 6). 2189 bytes result sent to driver
26/10/07 11:58:31 INFO TaskSetManager: Starting task 8.0 in stage 0.0 (TID 8) (master, executor driver, partition 8, NODE_LOCAL, 8571 bytes) 
26/10/07 11:58:31 INFO Executor: Running task 8.0 in stage 0.0 (TID 8)
26/10/07 11:58:31 INFO TaskSetManager: Finished task 6.0 in stage 0.0 (TID 6) in 467 ms on master (executor driver) (7/11)
26/10/07 11:58:31 INFO FileScanRDD: Reading File path: hdfs://100.76.42.126:9000/datalake/benchmark/raw_150x/BUSDUSDT/part-00001-ed71f7f5-594d-4d47-8343-735885fc9195-c000.csv, range: 0-24522300, partition values: [empty row]
26/10/07 11:58:31 INFO FileScanRDD: Reading File path: hdfs://100.76.42.126:9000/datalake/benchmark/raw_150x/BUSDUSDT/part-00000-ed71f7f5-594d-4d47-8343-735885fc9195-c000.csv, range: 35085229-37259550, partition values: [empty row]
26/10/07 11:58:31 INFO Executor: Finished task 8.0 in stage 0.0 (TID 8). 2146 bytes result sent to driver
26/10/07 11:58:31 INFO TaskSetManager: Starting task 9.0 in stage 0.0 (TID 9) (master, executor driver, partition 9, NODE_LOCAL, 8394 bytes) 
26/10/07 11:58:31 INFO Executor: Running task 9.0 in stage 0.0 (TID 9)
26/10/07 11:58:31 INFO TaskSetManager: Finished task 8.0 in stage 0.0 (TID 8) in 295 ms on master (executor driver) (8/11)
26/10/07 11:58:31 INFO FileScanRDD: Reading File path: hdfs://100.76.42.126:9000/datalake/benchmark/raw_150x/BTCBUSD/part-00000-04328bf3-a033-4fa1-84ba-7afb11cff0ba-c000.csv, range: 0-40261579, partition values: [empty row]
26/10/07 11:58:31 INFO Executor: Finished task 7.0 in stage 0.0 (TID 7). 2146 bytes result sent to driver
26/10/07 11:58:31 INFO TaskSetManager: Starting task 10.0 in stage 0.0 (TID 10) (master, executor driver, partition 10, NODE_LOCAL, 8569 bytes) 
26/10/07 11:58:31 INFO TaskSetManager: Finished task 7.0 in stage 0.0 (TID 7) in 409 ms on master (executor driver) (9/11)
26/10/07 11:58:31 INFO Executor: Running task 10.0 in stage 0.0 (TID 10)
26/10/07 11:58:31 INFO FileScanRDD: Reading File path: hdfs://100.76.42.126:9000/datalake/benchmark/raw_150x/BTCBUSD/part-00001-04328bf3-a033-4fa1-84ba-7afb11cff0ba-c000.csv, range: 0-28044600, partition values: [empty row]
26/10/07 11:58:32 INFO FileScanRDD: Reading File path: hdfs://100.76.42.126:9000/datalake/benchmark/raw_150x/BTCBUSD/part-00000-04328bf3-a033-4fa1-84ba-7afb11cff0ba-c000.csv, range: 40261579-44089950, partition values: [empty row]
26/10/07 11:58:32 INFO Executor: Finished task 9.0 in stage 0.0 (TID 9). 2189 bytes result sent to driver
26/10/07 11:58:32 INFO Executor: Finished task 10.0 in stage 0.0 (TID 10). 2189 bytes result sent to driver
26/10/07 11:58:32 INFO TaskSetManager: Finished task 9.0 in stage 0.0 (TID 9) in 272 ms on master (executor driver) (10/11)
26/10/07 11:58:32 INFO TaskSetManager: Finished task 10.0 in stage 0.0 (TID 10) in 251 ms on master (executor driver) (11/11)
26/10/07 11:58:32 INFO TaskSchedulerImpl: Removed TaskSet 0.0, whose tasks have all completed, from pool 
26/10/07 11:58:32 INFO DAGScheduler: ShuffleMapStage 0 (count at NativeMethodAccessorImpl.java:0) finished in 4.964 s
26/10/07 11:58:32 INFO DAGScheduler: looking for newly runnable stages
26/10/07 11:58:32 INFO DAGScheduler: running: Set()
26/10/07 11:58:32 INFO DAGScheduler: waiting: Set()
26/10/07 11:58:32 INFO DAGScheduler: failed: Set()
26/10/07 11:58:32 INFO CodeGenerator: Code generated in 14.022887 ms
26/10/07 11:58:32 INFO SparkContext: Starting job: count at NativeMethodAccessorImpl.java:0
26/10/07 11:58:32 INFO DAGScheduler: Got job 1 (count at NativeMethodAccessorImpl.java:0) with 1 output partitions
26/10/07 11:58:32 INFO DAGScheduler: Final stage: ResultStage 2 (count at NativeMethodAccessorImpl.java:0)
26/10/07 11:58:32 INFO DAGScheduler: Parents of final stage: List(ShuffleMapStage 1)
26/10/07 11:58:32 INFO DAGScheduler: Missing parents: List()
26/10/07 11:58:32 INFO DAGScheduler: Submitting ResultStage 2 (MapPartitionsRDD[15] at count at NativeMethodAccessorImpl.java:0), which has no missing parents
26/10/07 11:58:32 INFO MemoryStore: Block broadcast_6 stored as values in memory (estimated size 12.5 KiB, free 1662.0 MiB)
26/10/07 11:58:32 INFO MemoryStore: Block broadcast_6_piece0 stored as bytes in memory (estimated size 5.9 KiB, free 1662.0 MiB)
26/10/07 11:58:32 INFO BlockManagerInfo: Added broadcast_6_piece0 in memory on master:40245 (size: 5.9 KiB, free: 1663.0 MiB)
26/10/07 11:58:32 INFO SparkContext: Created broadcast 6 from broadcast at DAGScheduler.scala:1585
26/10/07 11:58:32 INFO DAGScheduler: Submitting 1 missing tasks from ResultStage 2 (MapPartitionsRDD[15] at count at NativeMethodAccessorImpl.java:0) (first 15 tasks are for partitions Vector(0))
26/10/07 11:58:32 INFO TaskSchedulerImpl: Adding task set 2.0 with 1 tasks resource profile 0
26/10/07 11:58:32 INFO TaskSetManager: Starting task 0.0 in stage 2.0 (TID 11) (master, executor driver, partition 0, NODE_LOCAL, 7615 bytes) 
26/10/07 11:58:32 INFO Executor: Running task 0.0 in stage 2.0 (TID 11)
26/10/07 11:58:32 INFO ShuffleBlockFetcherIterator: Getting 11 (660.0 B) non-empty blocks including 11 (660.0 B) local and 0 (0.0 B) host-local and 0 (0.0 B) push-merged-local and 0 (0.0 B) remote blocks
26/10/07 11:58:32 INFO ShuffleBlockFetcherIterator: Started 0 remote fetches in 18 ms
26/10/07 11:58:32 INFO CodeGenerator: Code generated in 12.833801 ms
26/10/07 11:58:32 INFO Executor: Finished task 0.0 in stage 2.0 (TID 11). 4038 bytes result sent to driver
26/10/07 11:58:32 INFO TaskSetManager: Finished task 0.0 in stage 2.0 (TID 11) in 135 ms on master (executor driver) (1/1)
26/10/07 11:58:32 INFO DAGScheduler: ResultStage 2 (count at NativeMethodAccessorImpl.java:0) finished in 0.155 s
26/10/07 11:58:32 INFO DAGScheduler: Job 1 is finished. Cancelling potential speculative or zombie tasks for this job
26/10/07 11:58:32 INFO TaskSchedulerImpl: Removed TaskSet 2.0, whose tasks have all completed, from pool 
26/10/07 11:58:32 INFO TaskSchedulerImpl: Killing all running tasks in stage 2: Stage finished
26/10/07 11:58:32 INFO DAGScheduler: Job 1 finished: count at NativeMethodAccessorImpl.java:0, took 0.202164 s
[TIEMPO] total_inicial (scan): 7.9 s
26/10/07 11:58:32 INFO FileSourceStrategy: Pushed Filters: 
26/10/07 11:58:32 INFO FileSourceStrategy: Post-Scan Filters: 
26/10/07 11:58:32 INFO FileSourceStrategy: Pushed Filters: 
26/10/07 11:58:32 INFO FileSourceStrategy: Post-Scan Filters: 
26/10/07 11:58:32 INFO FileSourceStrategy: Pushed Filters: 
26/10/07 11:58:32 INFO FileSourceStrategy: Post-Scan Filters: 
26/10/07 11:58:32 INFO FileSourceStrategy: Pushed Filters: 
26/10/07 11:58:32 INFO FileSourceStrategy: Post-Scan Filters: 
26/10/07 11:58:32 INFO FileSourceStrategy: Pushed Filters: 
26/10/07 11:58:32 INFO FileSourceStrategy: Post-Scan Filters: 
26/10/07 11:58:32 WARN SparkStringUtils: Truncated the string representation of a plan since it was too large. This behavior can be adjusted by setting 'spark.sql.debug.maxToStringFields'.
26/10/07 11:58:33 INFO CodeGenerator: Code generated in 20.952433 ms
26/10/07 11:58:33 INFO CodeGenerator: Code generated in 45.080453 ms
26/10/07 11:58:33 INFO MemoryStore: Block broadcast_7 stored as values in memory (estimated size 200.2 KiB, free 1661.8 MiB)
26/10/07 11:58:33 INFO MemoryStore: Block broadcast_7_piece0 stored as bytes in memory (estimated size 34.8 KiB, free 1661.8 MiB)
26/10/07 11:58:33 INFO BlockManagerInfo: Added broadcast_7_piece0 in memory on master:40245 (size: 34.8 KiB, free: 1663.0 MiB)
26/10/07 11:58:33 INFO SparkContext: Created broadcast 7 from first at /home/marlon/stablecoin-depeg-detection/src/quality_opt.py:105
26/10/07 11:58:33 INFO FileSourceScanExec: Planning scan with bin packing, max size: 115368076 bytes, open cost is considered as scanning 4194304 bytes.
26/10/07 11:58:33 INFO CodeGenerator: Code generated in 29.34342 ms
26/10/07 11:58:33 INFO MemoryStore: Block broadcast_8 stored as values in memory (estimated size 200.2 KiB, free 1661.6 MiB)
26/10/07 11:58:33 INFO MemoryStore: Block broadcast_8_piece0 stored as bytes in memory (estimated size 34.8 KiB, free 1661.5 MiB)
26/10/07 11:58:33 INFO BlockManagerInfo: Added broadcast_8_piece0 in memory on master:40245 (size: 34.8 KiB, free: 1662.9 MiB)
26/10/07 11:58:33 INFO SparkContext: Created broadcast 8 from first at /home/marlon/stablecoin-depeg-detection/src/quality_opt.py:105
26/10/07 11:58:33 INFO FileSourceScanExec: Planning scan with bin packing, max size: 125148562 bytes, open cost is considered as scanning 4194304 bytes.
26/10/07 11:58:33 INFO CodeGenerator: Code generated in 38.655287 ms
26/10/07 11:58:33 INFO MemoryStore: Block broadcast_9 stored as values in memory (estimated size 200.2 KiB, free 1661.3 MiB)
26/10/07 11:58:33 INFO MemoryStore: Block broadcast_9_piece0 stored as bytes in memory (estimated size 34.8 KiB, free 1661.3 MiB)
26/10/07 11:58:33 INFO BlockManagerInfo: Added broadcast_9_piece0 in memory on master:40245 (size: 34.8 KiB, free: 1662.9 MiB)
26/10/07 11:58:33 INFO SparkContext: Created broadcast 9 from first at /home/marlon/stablecoin-depeg-detection/src/quality_opt.py:105
26/10/07 11:58:33 INFO FileSourceScanExec: Planning scan with bin packing, max size: 134217728 bytes, open cost is considered as scanning 4194304 bytes.
26/10/07 11:58:33 INFO BlockManagerInfo: Removed broadcast_6_piece0 on master:40245 in memory (size: 5.9 KiB, free: 1662.9 MiB)
26/10/07 11:58:33 INFO CodeGenerator: Code generated in 44.036409 ms
26/10/07 11:58:33 INFO MemoryStore: Block broadcast_10 stored as values in memory (estimated size 200.2 KiB, free 1661.1 MiB)
26/10/07 11:58:33 INFO MemoryStore: Block broadcast_10_piece0 stored as bytes in memory (estimated size 34.8 KiB, free 1661.1 MiB)
26/10/07 11:58:33 INFO BlockManagerInfo: Added broadcast_10_piece0 in memory on master:40245 (size: 34.8 KiB, free: 1662.9 MiB)
26/10/07 11:58:33 INFO SparkContext: Created broadcast 10 from first at /home/marlon/stablecoin-depeg-detection/src/quality_opt.py:105
26/10/07 11:58:33 INFO FileSourceScanExec: Planning scan with bin packing, max size: 35085229 bytes, open cost is considered as scanning 4194304 bytes.
26/10/07 11:58:33 INFO CodeGenerator: Code generated in 25.898178 ms
26/10/07 11:58:33 INFO MemoryStore: Block broadcast_11 stored as values in memory (estimated size 200.2 KiB, free 1660.9 MiB)
26/10/07 11:58:33 INFO MemoryStore: Block broadcast_11_piece0 stored as bytes in memory (estimated size 34.8 KiB, free 1660.9 MiB)
26/10/07 11:58:33 INFO BlockManagerInfo: Added broadcast_11_piece0 in memory on master:40245 (size: 34.8 KiB, free: 1662.8 MiB)
26/10/07 11:58:33 INFO SparkContext: Created broadcast 11 from first at /home/marlon/stablecoin-depeg-detection/src/quality_opt.py:105
26/10/07 11:58:33 INFO FileSourceScanExec: Planning scan with bin packing, max size: 40261579 bytes, open cost is considered as scanning 4194304 bytes.
26/10/07 11:58:33 INFO DAGScheduler: Registering RDD 34 (first at /home/marlon/stablecoin-depeg-detection/src/quality_opt.py:105) as input to shuffle 1
26/10/07 11:58:33 INFO DAGScheduler: Got map stage job 2 (first at /home/marlon/stablecoin-depeg-detection/src/quality_opt.py:105) with 11 output partitions
26/10/07 11:58:33 INFO DAGScheduler: Final stage: ShuffleMapStage 3 (first at /home/marlon/stablecoin-depeg-detection/src/quality_opt.py:105)
26/10/07 11:58:33 INFO DAGScheduler: Parents of final stage: List()
26/10/07 11:58:33 INFO DAGScheduler: Missing parents: List()
26/10/07 11:58:33 INFO DAGScheduler: Submitting ShuffleMapStage 3 (MapPartitionsRDD[34] at first at /home/marlon/stablecoin-depeg-detection/src/quality_opt.py:105), which has no missing parents
26/10/07 11:58:33 INFO MemoryStore: Block broadcast_12 stored as values in memory (estimated size 100.9 KiB, free 1660.8 MiB)
26/10/07 11:58:33 INFO MemoryStore: Block broadcast_12_piece0 stored as bytes in memory (estimated size 30.6 KiB, free 1660.7 MiB)
26/10/07 11:58:33 INFO BlockManagerInfo: Added broadcast_12_piece0 in memory on master:40245 (size: 30.6 KiB, free: 1662.8 MiB)
26/10/07 11:58:33 INFO SparkContext: Created broadcast 12 from broadcast at DAGScheduler.scala:1585
26/10/07 11:58:33 INFO DAGScheduler: Submitting 11 missing tasks from ShuffleMapStage 3 (MapPartitionsRDD[34] at first at /home/marlon/stablecoin-depeg-detection/src/quality_opt.py:105) (first 15 tasks are for partitions Vector(0, 1, 2, 3, 4, 5, 6, 7, 8, 9, 10))
26/10/07 11:58:33 INFO TaskSchedulerImpl: Adding task set 3.0 with 11 tasks resource profile 0
26/10/07 11:58:33 INFO TaskSetManager: Starting task 0.0 in stage 3.0 (TID 12) (master, executor driver, partition 0, NODE_LOCAL, 8395 bytes) 
26/10/07 11:58:33 INFO TaskSetManager: Starting task 1.0 in stage 3.0 (TID 13) (master, executor driver, partition 1, NODE_LOCAL, 8571 bytes) 
26/10/07 11:58:33 INFO Executor: Running task 1.0 in stage 3.0 (TID 13)
26/10/07 11:58:33 INFO Executor: Running task 0.0 in stage 3.0 (TID 12)
26/10/07 11:58:33 INFO CodeGenerator: Code generated in 20.242286 ms
26/10/07 11:58:33 INFO CodeGenerator: Code generated in 10.472428 ms
26/10/07 11:58:34 INFO CodeGenerator: Code generated in 682.301309 ms
26/10/07 11:58:35 INFO CodeGenerator: Code generated in 110.198244 ms
26/10/07 11:58:35 INFO FileScanRDD: Reading File path: hdfs://100.76.42.126:9000/datalake/benchmark/raw_150x/USDCUSDT/part-00000-0ca614e0-965f-4302-a1cb-0aa4420fd872-c000.csv, range: 0-115368076, partition values: [empty row]
26/10/07 11:58:35 INFO FileScanRDD: Reading File path: hdfs://100.76.42.126:9000/datalake/benchmark/raw_150x/USDCUSDT/part-00001-0ca614e0-965f-4302-a1cb-0aa4420fd872-c000.csv, range: 0-100210644, partition values: [empty row]
26/10/07 11:58:35 INFO CodeGenerator: Code generated in 414.164801 ms
26/10/07 11:58:43 INFO BlockManagerInfo: Removed broadcast_5_piece0 on master:40245 in memory (size: 10.1 KiB, free: 1662.8 MiB)
26/10/07 11:58:44 INFO BlockManagerInfo: Removed broadcast_1_piece0 on master:40245 in memory (size: 34.8 KiB, free: 1662.9 MiB)
26/10/07 11:58:44 INFO BlockManagerInfo: Removed broadcast_3_piece0 on master:40245 in memory (size: 34.8 KiB, free: 1662.9 MiB)
26/10/07 11:58:44 INFO BlockManagerInfo: Removed broadcast_4_piece0 on master:40245 in memory (size: 34.8 KiB, free: 1662.9 MiB)
26/10/07 11:58:44 INFO BlockManagerInfo: Removed broadcast_0_piece0 on master:40245 in memory (size: 34.8 KiB, free: 1663.0 MiB)
26/10/07 11:58:44 INFO BlockManagerInfo: Removed broadcast_2_piece0 on master:40245 in memory (size: 34.8 KiB, free: 1663.0 MiB)
26/10/07 11:58:47 INFO FileScanRDD: Reading File path: hdfs://100.76.42.126:9000/datalake/benchmark/raw_150x/USDCUSDT/part-00000-0ca614e0-965f-4302-a1cb-0aa4420fd872-c000.csv, range: 115368076-122136900, partition values: [empty row]
26/10/07 11:58:49 INFO CodeGenerator: Code generated in 41.046828 ms
26/10/07 11:58:50 INFO CodeGenerator: Code generated in 130.544352 ms
26/10/07 11:58:50 INFO CodeGenerator: Code generated in 15.542964 ms
26/10/07 11:58:50 INFO CodeGenerator: Code generated in 108.863286 ms
26/10/07 11:58:50 INFO CodeGenerator: Code generated in 21.195449 ms
26/10/07 11:58:59 INFO Executor: Finished task 0.0 in stage 3.0 (TID 12). 3603 bytes result sent to driver
26/10/07 11:58:59 INFO TaskSetManager: Starting task 2.0 in stage 3.0 (TID 14) (master, executor driver, partition 2, NODE_LOCAL, 8394 bytes) 
26/10/07 11:58:59 INFO TaskSetManager: Finished task 0.0 in stage 3.0 (TID 12) in 25929 ms on master (executor driver) (1/11)
26/10/07 11:58:59 INFO Executor: Running task 2.0 in stage 3.0 (TID 14)
26/10/07 11:58:59 INFO CodeGenerator: Code generated in 73.040664 ms
26/10/07 11:58:59 INFO FileScanRDD: Reading File path: hdfs://100.76.42.126:9000/datalake/benchmark/raw_150x/BTCUSDC/part-00000-a75e99be-187e-4b7f-a497-980aa7c78263-c000.csv, range: 0-125148562, partition values: [empty row]
26/10/07 11:59:00 INFO Executor: Finished task 1.0 in stage 3.0 (TID 13). 3646 bytes result sent to driver
26/10/07 11:59:00 INFO TaskSetManager: Starting task 3.0 in stage 3.0 (TID 15) (master, executor driver, partition 3, NODE_LOCAL, 8569 bytes) 
26/10/07 11:59:00 INFO TaskSetManager: Finished task 1.0 in stage 3.0 (TID 13) in 27103 ms on master (executor driver) (2/11)
26/10/07 11:59:00 INFO Executor: Running task 3.0 in stage 3.0 (TID 15)
26/10/07 11:59:01 INFO FileScanRDD: Reading File path: hdfs://100.76.42.126:9000/datalake/benchmark/raw_150x/BTCUSDC/part-00001-a75e99be-187e-4b7f-a497-980aa7c78263-c000.csv, range: 0-109060620, partition values: [empty row]
26/10/07 11:59:08 INFO FileScanRDD: Reading File path: hdfs://100.76.42.126:9000/datalake/benchmark/raw_150x/BTCUSDC/part-00000-a75e99be-187e-4b7f-a497-980aa7c78263-c000.csv, range: 125148562-132847896, partition values: [empty row]
26/10/07 11:59:14 INFO Executor: Finished task 3.0 in stage 3.0 (TID 15). 3603 bytes result sent to driver
26/10/07 11:59:14 INFO TaskSetManager: Starting task 4.0 in stage 3.0 (TID 16) (master, executor driver, partition 4, NODE_LOCAL, 8394 bytes) 
26/10/07 11:59:14 INFO TaskSetManager: Finished task 3.0 in stage 3.0 (TID 15) in 14018 ms on master (executor driver) (3/11)
26/10/07 11:59:14 INFO Executor: Running task 4.0 in stage 3.0 (TID 16)
26/10/07 11:59:15 INFO CodeGenerator: Code generated in 26.622395 ms
26/10/07 11:59:15 INFO FileScanRDD: Reading File path: hdfs://100.76.42.126:9000/datalake/benchmark/raw_150x/BTCUSDT/part-00000-69c52791-72f9-40ac-a3ef-20e878204d57-c000.csv, range: 0-134217728, partition values: [empty row]
26/10/07 11:59:16 INFO Executor: Finished task 2.0 in stage 3.0 (TID 14). 3603 bytes result sent to driver
26/10/07 11:59:16 INFO TaskSetManager: Starting task 5.0 in stage 3.0 (TID 17) (master, executor driver, partition 5, NODE_LOCAL, 8394 bytes) 
26/10/07 11:59:16 INFO TaskSetManager: Finished task 2.0 in stage 3.0 (TID 14) in 16284 ms on master (executor driver) (4/11)
26/10/07 11:59:16 INFO Executor: Running task 5.0 in stage 3.0 (TID 17)
26/10/07 11:59:16 INFO FileScanRDD: Reading File path: hdfs://100.76.42.126:9000/datalake/benchmark/raw_150x/BTCUSDT/part-00001-69c52791-72f9-40ac-a3ef-20e878204d57-c000.csv, range: 0-134217728, partition values: [empty row]
26/10/07 11:59:31 INFO Executor: Finished task 5.0 in stage 3.0 (TID 17). 3603 bytes result sent to driver
26/10/07 11:59:31 INFO TaskSetManager: Starting task 6.0 in stage 3.0 (TID 18) (master, executor driver, partition 6, NODE_LOCAL, 8569 bytes) 
26/10/07 11:59:31 INFO Executor: Running task 6.0 in stage 3.0 (TID 18)
26/10/07 11:59:31 INFO TaskSetManager: Finished task 5.0 in stage 3.0 (TID 17) in 15125 ms on master (executor driver) (5/11)
26/10/07 11:59:31 INFO FileScanRDD: Reading File path: hdfs://100.76.42.126:9000/datalake/benchmark/raw_150x/BTCUSDT/part-00000-69c52791-72f9-40ac-a3ef-20e878204d57-c000.csv, range: 134217728-176267215, partition values: [empty row]
26/10/07 11:59:31 INFO Executor: Finished task 4.0 in stage 3.0 (TID 16). 3603 bytes result sent to driver
26/10/07 11:59:31 INFO TaskSetManager: Starting task 7.0 in stage 3.0 (TID 19) (master, executor driver, partition 7, NODE_LOCAL, 8395 bytes) 
26/10/07 11:59:31 INFO TaskSetManager: Finished task 4.0 in stage 3.0 (TID 16) in 16701 ms on master (executor driver) (6/11)
26/10/07 11:59:31 INFO Executor: Running task 7.0 in stage 3.0 (TID 19)
26/10/07 11:59:31 INFO CodeGenerator: Code generated in 80.13046 ms
26/10/07 11:59:31 INFO FileScanRDD: Reading File path: hdfs://100.76.42.126:9000/datalake/benchmark/raw_150x/BUSDUSDT/part-00000-ed71f7f5-594d-4d47-8343-735885fc9195-c000.csv, range: 0-35085229, partition values: [empty row]
26/10/07 11:59:36 INFO FileScanRDD: Reading File path: hdfs://100.76.42.126:9000/datalake/benchmark/raw_150x/BTCUSDT/part-00001-69c52791-72f9-40ac-a3ef-20e878204d57-c000.csv, range: 134217728-168256308, partition values: [empty row]
26/10/07 11:59:40 INFO Executor: Finished task 7.0 in stage 3.0 (TID 19). 3603 bytes result sent to driver
26/10/07 11:59:40 INFO TaskSetManager: Starting task 8.0 in stage 3.0 (TID 20) (master, executor driver, partition 8, NODE_LOCAL, 8571 bytes) 
26/10/07 11:59:40 INFO TaskSetManager: Finished task 7.0 in stage 3.0 (TID 19) in 8419 ms on master (executor driver) (7/11)
26/10/07 11:59:40 INFO Executor: Running task 8.0 in stage 3.0 (TID 20)
26/10/07 11:59:40 INFO FileScanRDD: Reading File path: hdfs://100.76.42.126:9000/datalake/benchmark/raw_150x/BUSDUSDT/part-00001-ed71f7f5-594d-4d47-8343-735885fc9195-c000.csv, range: 0-24522300, partition values: [empty row]
26/10/07 11:59:42 INFO FileScanRDD: Reading File path: hdfs://100.76.42.126:9000/datalake/benchmark/raw_150x/BUSDUSDT/part-00000-ed71f7f5-594d-4d47-8343-735885fc9195-c000.csv, range: 35085229-37259550, partition values: [empty row]
26/10/07 11:59:43 INFO Executor: Finished task 8.0 in stage 3.0 (TID 20). 3646 bytes result sent to driver
26/10/07 11:59:43 INFO TaskSetManager: Starting task 9.0 in stage 3.0 (TID 21) (master, executor driver, partition 9, NODE_LOCAL, 8394 bytes) 
26/10/07 11:59:43 INFO TaskSetManager: Finished task 8.0 in stage 3.0 (TID 20) in 3885 ms on master (executor driver) (8/11)
26/10/07 11:59:43 INFO Executor: Running task 9.0 in stage 3.0 (TID 21)
26/10/07 11:59:44 INFO CodeGenerator: Code generated in 59.514412 ms
26/10/07 11:59:44 INFO FileScanRDD: Reading File path: hdfs://100.76.42.126:9000/datalake/benchmark/raw_150x/BTCBUSD/part-00000-04328bf3-a033-4fa1-84ba-7afb11cff0ba-c000.csv, range: 0-40261579, partition values: [empty row]
26/10/07 11:59:45 INFO Executor: Finished task 6.0 in stage 3.0 (TID 18). 3646 bytes result sent to driver
26/10/07 11:59:45 INFO TaskSetManager: Starting task 10.0 in stage 3.0 (TID 22) (master, executor driver, partition 10, NODE_LOCAL, 8569 bytes) 
26/10/07 11:59:45 INFO Executor: Running task 10.0 in stage 3.0 (TID 22)
26/10/07 11:59:45 INFO TaskSetManager: Finished task 6.0 in stage 3.0 (TID 18) in 13931 ms on master (executor driver) (9/11)
26/10/07 11:59:45 INFO FileScanRDD: Reading File path: hdfs://100.76.42.126:9000/datalake/benchmark/raw_150x/BTCBUSD/part-00001-04328bf3-a033-4fa1-84ba-7afb11cff0ba-c000.csv, range: 0-28044600, partition values: [empty row]
26/10/07 11:59:46 INFO FileScanRDD: Reading File path: hdfs://100.76.42.126:9000/datalake/benchmark/raw_150x/BTCBUSD/part-00000-04328bf3-a033-4fa1-84ba-7afb11cff0ba-c000.csv, range: 40261579-44089950, partition values: [empty row]
26/10/07 11:59:48 INFO Executor: Finished task 9.0 in stage 3.0 (TID 21). 3603 bytes result sent to driver
26/10/07 11:59:48 INFO TaskSetManager: Finished task 9.0 in stage 3.0 (TID 21) in 4811 ms on master (executor driver) (10/11)
26/10/07 11:59:48 INFO Executor: Finished task 10.0 in stage 3.0 (TID 22). 3646 bytes result sent to driver
26/10/07 11:59:48 INFO TaskSetManager: Finished task 10.0 in stage 3.0 (TID 22) in 3761 ms on master (executor driver) (11/11)
26/10/07 11:59:48 INFO DAGScheduler: ShuffleMapStage 3 (first at /home/marlon/stablecoin-depeg-detection/src/quality_opt.py:105) finished in 75.040 s
26/10/07 11:59:48 INFO DAGScheduler: looking for newly runnable stages
26/10/07 11:59:48 INFO DAGScheduler: running: Set()
26/10/07 11:59:48 INFO TaskSchedulerImpl: Removed TaskSet 3.0, whose tasks have all completed, from pool 
26/10/07 11:59:48 INFO DAGScheduler: waiting: Set()
26/10/07 11:59:48 INFO DAGScheduler: failed: Set()
26/10/07 11:59:48 INFO CodeGenerator: Code generated in 25.099671 ms
26/10/07 11:59:48 INFO DAGScheduler: Got job 3 (first at /home/marlon/stablecoin-depeg-detection/src/quality_opt.py:105) with 64 output partitions
26/10/07 11:59:48 INFO DAGScheduler: Final stage: ResultStage 5 (first at /home/marlon/stablecoin-depeg-detection/src/quality_opt.py:105)
26/10/07 11:59:48 INFO DAGScheduler: Parents of final stage: List(ShuffleMapStage 4)
26/10/07 11:59:48 INFO DAGScheduler: Missing parents: List()
26/10/07 11:59:49 INFO DAGScheduler: Submitting ResultStage 5 (AdaptiveSparkPlan isFinalPlan=false
+- SortAggregate(key=[simbolo#24, open_time#0L], functions=[first(open#1, false), first(high#2, false), first(low#3, false), first(close#4, false), first(volume#5, false), first(close_time#6L, false), first(quote_volume#7, false), first(trades#8L, false), first(taker_buy_base#9, false), first(taker_buy_quote#10, false), first(ignore#11, false), first(fuente_paridad#39, false), first(open_time_ts#326, false), first(close_time_ts#342, false)], output=[open_time#0L, open#385, high#387, low#389, close#391, volume#393, close_time#395L, quote_volume#397, trades#399L, taker_buy_base#401, taker_buy_quote#403, ignore#405, simbolo#24, fuente_paridad#407, open_time_ts#409, close_time_ts#411])
   +- Sort [simbolo#24 ASC NULLS FIRST, open_time#0L ASC NULLS FIRST], false, 0
      +- Exchange hashpartitioning(simbolo#24, open_time#0L, 64), ENSURE_REQUIREMENTS, [plan_id=99]
         +- SortAggregate(key=[simbolo#24, open_time#0L], functions=[partial_first(open#1, false), partial_first(h... MapPartitionsRDD[39] at first at /home/marlon/stablecoin-depeg-detection/src/quality_opt.py:105), which has no missing parents
26/10/07 11:59:49 INFO MemoryStore: Block broadcast_13 stored as values in memory (estimated size 89.6 KiB, free 1661.8 MiB)
26/10/07 11:59:49 INFO MemoryStore: Block broadcast_13_piece0 stored as bytes in memory (estimated size 32.5 KiB, free 1661.8 MiB)
26/10/07 11:59:49 INFO BlockManagerInfo: Added broadcast_13_piece0 in memory on master:40245 (size: 32.5 KiB, free: 1663.0 MiB)
26/10/07 11:59:49 INFO SparkContext: Created broadcast 13 from broadcast at DAGScheduler.scala:1585
26/10/07 11:59:49 INFO DAGScheduler: Submitting 64 missing tasks from ResultStage 5 (AdaptiveSparkPlan isFinalPlan=false
+- SortAggregate(key=[simbolo#24, open_time#0L], functions=[first(open#1, false), first(high#2, false), first(low#3, false), first(close#4, false), first(volume#5, false), first(close_time#6L, false), first(quote_volume#7, false), first(trades#8L, false), first(taker_buy_base#9, false), first(taker_buy_quote#10, false), first(ignore#11, false), first(fuente_paridad#39, false), first(open_time_ts#326, false), first(close_time_ts#342, false)], output=[open_time#0L, open#385, high#387, low#389, close#391, volume#393, close_time#395L, quote_volume#397, trades#399L, taker_buy_base#401, taker_buy_quote#403, ignore#405, simbolo#24, fuente_paridad#407, open_time_ts#409, close_time_ts#411])
   +- Sort [simbolo#24 ASC NULLS FIRST, open_time#0L ASC NULLS FIRST], false, 0
      +- Exchange hashpartitioning(simbolo#24, open_time#0L, 64), ENSURE_REQUIREMENTS, [plan_id=99]
         +- SortAggregate(key=[simbolo#24, open_time#0L], functions=[partial_first(open#1, false), partial_first(h... MapPartitionsRDD[39] at first at /home/marlon/stablecoin-depeg-detection/src/quality_opt.py:105) (first 15 tasks are for partitions Vector(0, 1, 2, 3, 4, 5, 6, 7, 8, 9, 10, 11, 12, 13, 14))
26/10/07 11:59:49 INFO TaskSchedulerImpl: Adding task set 5.0 with 64 tasks resource profile 0
26/10/07 11:59:49 INFO TaskSetManager: Starting task 0.0 in stage 5.0 (TID 23) (master, executor driver, partition 0, NODE_LOCAL, 7615 bytes) 
26/10/07 11:59:49 INFO TaskSetManager: Starting task 1.0 in stage 5.0 (TID 24) (master, executor driver, partition 1, NODE_LOCAL, 7615 bytes) 
26/10/07 11:59:49 INFO Executor: Running task 1.0 in stage 5.0 (TID 24)
26/10/07 11:59:49 INFO Executor: Running task 0.0 in stage 5.0 (TID 23)
26/10/07 11:59:49 INFO ShuffleBlockFetcherIterator: Getting 11 (13.2 MiB) non-empty blocks including 11 (13.2 MiB) local and 0 (0.0 B) host-local and 0 (0.0 B) push-merged-local and 0 (0.0 B) remote blocks
26/10/07 11:59:49 INFO ShuffleBlockFetcherIterator: Started 0 remote fetches in 3 ms
26/10/07 11:59:49 INFO ShuffleBlockFetcherIterator: Getting 11 (13.2 MiB) non-empty blocks including 11 (13.2 MiB) local and 0 (0.0 B) host-local and 0 (0.0 B) push-merged-local and 0 (0.0 B) remote blocks
26/10/07 11:59:49 INFO ShuffleBlockFetcherIterator: Started 0 remote fetches in 14 ms
26/10/07 11:59:49 INFO CodeGenerator: Code generated in 86.705303 ms
26/10/07 11:59:49 INFO CodeGenerator: Code generated in 37.958196 ms
26/10/07 11:59:49 INFO CodeGenerator: Code generated in 48.789561 ms
26/10/07 11:59:52 INFO CodeGenerator: Code generated in 159.100854 ms
26/10/07 11:59:52 INFO CodeGenerator: Code generated in 63.534895 ms
26/10/07 11:59:52 INFO CodeGenerator: Code generated in 47.869809 ms
26/10/07 11:59:52 INFO CodeGenerator: Code generated in 20.122033 ms
26/10/07 11:59:57 INFO MemoryStore: Block rdd_39_1 stored as values in memory (estimated size 8.9 MiB, free 1652.9 MiB)
26/10/07 11:59:57 INFO BlockManagerInfo: Added rdd_39_1 in memory on master:40245 (size: 8.9 MiB, free: 1654.1 MiB)
26/10/07 11:59:57 INFO MemoryStore: Block rdd_39_0 stored as values in memory (estimated size 8.8 MiB, free 1644.1 MiB)
26/10/07 11:59:57 INFO BlockManagerInfo: Added rdd_39_0 in memory on master:40245 (size: 8.8 MiB, free: 1645.3 MiB)
26/10/07 11:59:57 INFO Executor: 1 block locks were not released by task 1.0 in stage 5.0 (TID 24)
[rdd_39_1]
26/10/07 11:59:57 INFO Executor: 1 block locks were not released by task 0.0 in stage 5.0 (TID 23)
[rdd_39_0]
26/10/07 11:59:57 INFO Executor: Finished task 1.0 in stage 5.0 (TID 24). 5926 bytes result sent to driver
26/10/07 11:59:57 INFO TaskSetManager: Starting task 2.0 in stage 5.0 (TID 25) (master, executor driver, partition 2, NODE_LOCAL, 7615 bytes) 
26/10/07 11:59:57 INFO Executor: Running task 2.0 in stage 5.0 (TID 25)
26/10/07 11:59:57 INFO TaskSetManager: Finished task 1.0 in stage 5.0 (TID 24) in 8240 ms on master (executor driver) (1/64)
26/10/07 11:59:57 INFO Executor: Finished task 0.0 in stage 5.0 (TID 23). 5883 bytes result sent to driver
26/10/07 11:59:57 INFO TaskSetManager: Starting task 3.0 in stage 5.0 (TID 26) (master, executor driver, partition 3, NODE_LOCAL, 7615 bytes) 
26/10/07 11:59:57 INFO TaskSetManager: Finished task 0.0 in stage 5.0 (TID 23) in 8271 ms on master (executor driver) (2/64)
26/10/07 11:59:57 INFO Executor: Running task 3.0 in stage 5.0 (TID 26)
26/10/07 11:59:57 INFO ShuffleBlockFetcherIterator: Getting 11 (13.2 MiB) non-empty blocks including 11 (13.2 MiB) local and 0 (0.0 B) host-local and 0 (0.0 B) push-merged-local and 0 (0.0 B) remote blocks
26/10/07 11:59:57 INFO ShuffleBlockFetcherIterator: Started 0 remote fetches in 16 ms
26/10/07 11:59:57 INFO ShuffleBlockFetcherIterator: Getting 11 (13.2 MiB) non-empty blocks including 11 (13.2 MiB) local and 0 (0.0 B) host-local and 0 (0.0 B) push-merged-local and 0 (0.0 B) remote blocks
26/10/07 11:59:57 INFO ShuffleBlockFetcherIterator: Started 0 remote fetches in 11 ms
26/10/07 12:00:01 INFO MemoryStore: Block rdd_39_3 stored as values in memory (estimated size 8.9 MiB, free 1567.2 MiB)
26/10/07 12:00:01 INFO BlockManagerInfo: Added rdd_39_3 in memory on master:40245 (size: 8.9 MiB, free: 1636.4 MiB)
26/10/07 12:00:01 INFO Executor: 1 block locks were not released by task 3.0 in stage 5.0 (TID 26)
[rdd_39_3]
26/10/07 12:00:01 INFO Executor: Finished task 3.0 in stage 5.0 (TID 26). 5926 bytes result sent to driver
26/10/07 12:00:01 INFO TaskSetManager: Starting task 4.0 in stage 5.0 (TID 27) (master, executor driver, partition 4, NODE_LOCAL, 7615 bytes) 
26/10/07 12:00:01 INFO TaskSetManager: Finished task 3.0 in stage 5.0 (TID 26) in 3674 ms on master (executor driver) (3/64)
26/10/07 12:00:01 INFO Executor: Running task 4.0 in stage 5.0 (TID 27)
26/10/07 12:00:01 INFO ShuffleBlockFetcherIterator: Getting 11 (13.2 MiB) non-empty blocks including 11 (13.2 MiB) local and 0 (0.0 B) host-local and 0 (0.0 B) push-merged-local and 0 (0.0 B) remote blocks
26/10/07 12:00:01 INFO ShuffleBlockFetcherIterator: Started 0 remote fetches in 2 ms
26/10/07 12:00:01 INFO MemoryStore: Block rdd_39_2 stored as values in memory (estimated size 8.9 MiB, free 1558.4 MiB)
26/10/07 12:00:01 INFO BlockManagerInfo: Added rdd_39_2 in memory on master:40245 (size: 8.9 MiB, free: 1627.5 MiB)
26/10/07 12:00:01 INFO Executor: 1 block locks were not released by task 2.0 in stage 5.0 (TID 25)
[rdd_39_2]
26/10/07 12:00:01 INFO Executor: Finished task 2.0 in stage 5.0 (TID 25). 5883 bytes result sent to driver
26/10/07 12:00:01 INFO TaskSetManager: Starting task 5.0 in stage 5.0 (TID 28) (master, executor driver, partition 5, NODE_LOCAL, 7615 bytes) 
26/10/07 12:00:01 INFO Executor: Running task 5.0 in stage 5.0 (TID 28)
26/10/07 12:00:01 INFO TaskSetManager: Finished task 2.0 in stage 5.0 (TID 25) in 4193 ms on master (executor driver) (4/64)
26/10/07 12:00:01 INFO ShuffleBlockFetcherIterator: Getting 11 (13.2 MiB) non-empty blocks including 11 (13.2 MiB) local and 0 (0.0 B) host-local and 0 (0.0 B) push-merged-local and 0 (0.0 B) remote blocks
26/10/07 12:00:01 INFO ShuffleBlockFetcherIterator: Started 0 remote fetches in 2 ms
26/10/07 12:00:04 INFO MemoryStore: Block rdd_39_4 stored as values in memory (estimated size 8.9 MiB, free 1549.5 MiB)
26/10/07 12:00:04 INFO BlockManagerInfo: Added rdd_39_4 in memory on master:40245 (size: 8.9 MiB, free: 1618.7 MiB)
26/10/07 12:00:04 INFO Executor: 1 block locks were not released by task 4.0 in stage 5.0 (TID 27)
[rdd_39_4]
26/10/07 12:00:04 INFO Executor: Finished task 4.0 in stage 5.0 (TID 27). 5883 bytes result sent to driver
26/10/07 12:00:04 INFO TaskSetManager: Starting task 6.0 in stage 5.0 (TID 29) (master, executor driver, partition 6, NODE_LOCAL, 7615 bytes) 
26/10/07 12:00:04 INFO Executor: Running task 6.0 in stage 5.0 (TID 29)
26/10/07 12:00:04 INFO TaskSetManager: Finished task 4.0 in stage 5.0 (TID 27) in 3005 ms on master (executor driver) (5/64)
26/10/07 12:00:04 INFO ShuffleBlockFetcherIterator: Getting 11 (13.2 MiB) non-empty blocks including 11 (13.2 MiB) local and 0 (0.0 B) host-local and 0 (0.0 B) push-merged-local and 0 (0.0 B) remote blocks
26/10/07 12:00:04 INFO ShuffleBlockFetcherIterator: Started 0 remote fetches in 3 ms
26/10/07 12:00:05 INFO MemoryStore: Block rdd_39_5 stored as values in memory (estimated size 8.9 MiB, free 1540.6 MiB)
26/10/07 12:00:05 INFO BlockManagerInfo: Added rdd_39_5 in memory on master:40245 (size: 8.9 MiB, free: 1609.7 MiB)
26/10/07 12:00:05 INFO Executor: 1 block locks were not released by task 5.0 in stage 5.0 (TID 28)
[rdd_39_5]
26/10/07 12:00:05 INFO Executor: Finished task 5.0 in stage 5.0 (TID 28). 5926 bytes result sent to driver
26/10/07 12:00:05 INFO TaskSetManager: Starting task 7.0 in stage 5.0 (TID 30) (master, executor driver, partition 7, NODE_LOCAL, 7615 bytes) 
26/10/07 12:00:05 INFO Executor: Running task 7.0 in stage 5.0 (TID 30)
26/10/07 12:00:05 INFO TaskSetManager: Finished task 5.0 in stage 5.0 (TID 28) in 3660 ms on master (executor driver) (6/64)
26/10/07 12:00:05 INFO ShuffleBlockFetcherIterator: Getting 11 (13.2 MiB) non-empty blocks including 11 (13.2 MiB) local and 0 (0.0 B) host-local and 0 (0.0 B) push-merged-local and 0 (0.0 B) remote blocks
26/10/07 12:00:05 INFO ShuffleBlockFetcherIterator: Started 0 remote fetches in 8 ms
26/10/07 12:00:07 INFO MemoryStore: Block rdd_39_6 stored as values in memory (estimated size 8.8 MiB, free 1531.7 MiB)
26/10/07 12:00:07 INFO BlockManagerInfo: Added rdd_39_6 in memory on master:40245 (size: 8.8 MiB, free: 1600.9 MiB)
26/10/07 12:00:07 INFO Executor: 1 block locks were not released by task 6.0 in stage 5.0 (TID 29)
[rdd_39_6]
26/10/07 12:00:07 INFO Executor: Finished task 6.0 in stage 5.0 (TID 29). 5883 bytes result sent to driver
26/10/07 12:00:07 INFO TaskSetManager: Starting task 8.0 in stage 5.0 (TID 31) (master, executor driver, partition 8, NODE_LOCAL, 7615 bytes) 
26/10/07 12:00:07 INFO Executor: Running task 8.0 in stage 5.0 (TID 31)
26/10/07 12:00:07 INFO TaskSetManager: Finished task 6.0 in stage 5.0 (TID 29) in 3771 ms on master (executor driver) (7/64)
26/10/07 12:00:08 INFO ShuffleBlockFetcherIterator: Getting 11 (13.2 MiB) non-empty blocks including 11 (13.2 MiB) local and 0 (0.0 B) host-local and 0 (0.0 B) push-merged-local and 0 (0.0 B) remote blocks
26/10/07 12:00:08 INFO ShuffleBlockFetcherIterator: Started 0 remote fetches in 1 ms
26/10/07 12:00:08 INFO MemoryStore: Block rdd_39_7 stored as values in memory (estimated size 8.9 MiB, free 1556.8 MiB)
26/10/07 12:00:08 INFO BlockManagerInfo: Added rdd_39_7 in memory on master:40245 (size: 8.9 MiB, free: 1592.0 MiB)
26/10/07 12:00:08 INFO Executor: 1 block locks were not released by task 7.0 in stage 5.0 (TID 30)
[rdd_39_7]
26/10/07 12:00:08 INFO Executor: Finished task 7.0 in stage 5.0 (TID 30). 5926 bytes result sent to driver
26/10/07 12:00:08 INFO TaskSetManager: Starting task 9.0 in stage 5.0 (TID 32) (master, executor driver, partition 9, NODE_LOCAL, 7615 bytes) 
26/10/07 12:00:08 INFO Executor: Running task 9.0 in stage 5.0 (TID 32)
26/10/07 12:00:08 INFO TaskSetManager: Finished task 7.0 in stage 5.0 (TID 30) in 3222 ms on master (executor driver) (8/64)
26/10/07 12:00:08 INFO ShuffleBlockFetcherIterator: Getting 11 (13.2 MiB) non-empty blocks including 11 (13.2 MiB) local and 0 (0.0 B) host-local and 0 (0.0 B) push-merged-local and 0 (0.0 B) remote blocks
26/10/07 12:00:08 INFO ShuffleBlockFetcherIterator: Started 0 remote fetches in 4 ms
26/10/07 12:00:11 INFO MemoryStore: Block rdd_39_9 stored as values in memory (estimated size 8.8 MiB, free 1514.0 MiB)
26/10/07 12:00:11 INFO BlockManagerInfo: Added rdd_39_9 in memory on master:40245 (size: 8.8 MiB, free: 1583.1 MiB)
26/10/07 12:00:11 INFO Executor: 1 block locks were not released by task 9.0 in stage 5.0 (TID 32)
[rdd_39_9]
26/10/07 12:00:11 INFO Executor: Finished task 9.0 in stage 5.0 (TID 32). 5883 bytes result sent to driver
26/10/07 12:00:11 INFO TaskSetManager: Starting task 10.0 in stage 5.0 (TID 33) (master, executor driver, partition 10, NODE_LOCAL, 7615 bytes) 
26/10/07 12:00:11 INFO TaskSetManager: Finished task 9.0 in stage 5.0 (TID 32) in 2697 ms on master (executor driver) (9/64)
26/10/07 12:00:11 INFO Executor: Running task 10.0 in stage 5.0 (TID 33)
26/10/07 12:00:11 INFO MemoryStore: Block rdd_39_8 stored as values in memory (estimated size 8.9 MiB, free 1573.1 MiB)
26/10/07 12:00:11 INFO BlockManagerInfo: Added rdd_39_8 in memory on master:40245 (size: 8.9 MiB, free: 1574.2 MiB)
26/10/07 12:00:11 INFO Executor: 1 block locks were not released by task 8.0 in stage 5.0 (TID 31)
[rdd_39_8]
26/10/07 12:00:11 INFO Executor: Finished task 8.0 in stage 5.0 (TID 31). 5926 bytes result sent to driver
26/10/07 12:00:11 INFO TaskSetManager: Starting task 11.0 in stage 5.0 (TID 34) (master, executor driver, partition 11, NODE_LOCAL, 7615 bytes) 
26/10/07 12:00:11 INFO TaskSetManager: Finished task 8.0 in stage 5.0 (TID 31) in 3436 ms on master (executor driver) (10/64)
26/10/07 12:00:11 INFO Executor: Running task 11.0 in stage 5.0 (TID 34)
26/10/07 12:00:11 INFO ShuffleBlockFetcherIterator: Getting 11 (13.2 MiB) non-empty blocks including 11 (13.2 MiB) local and 0 (0.0 B) host-local and 0 (0.0 B) push-merged-local and 0 (0.0 B) remote blocks
26/10/07 12:00:11 INFO ShuffleBlockFetcherIterator: Started 0 remote fetches in 12 ms
26/10/07 12:00:11 INFO ShuffleBlockFetcherIterator: Getting 11 (13.2 MiB) non-empty blocks including 11 (13.2 MiB) local and 0 (0.0 B) host-local and 0 (0.0 B) push-merged-local and 0 (0.0 B) remote blocks
26/10/07 12:00:11 INFO ShuffleBlockFetcherIterator: Started 0 remote fetches in 10 ms
26/10/07 12:00:14 INFO MemoryStore: Block rdd_39_10 stored as values in memory (estimated size 8.9 MiB, free 1496.2 MiB)
26/10/07 12:00:14 INFO BlockManagerInfo: Added rdd_39_10 in memory on master:40245 (size: 8.9 MiB, free: 1565.4 MiB)
26/10/07 12:00:14 INFO Executor: 1 block locks were not released by task 10.0 in stage 5.0 (TID 33)
[rdd_39_10]
26/10/07 12:00:14 INFO Executor: Finished task 10.0 in stage 5.0 (TID 33). 5883 bytes result sent to driver
26/10/07 12:00:14 INFO TaskSetManager: Starting task 12.0 in stage 5.0 (TID 35) (master, executor driver, partition 12, NODE_LOCAL, 7615 bytes) 
26/10/07 12:00:14 INFO Executor: Running task 12.0 in stage 5.0 (TID 35)
26/10/07 12:00:14 INFO TaskSetManager: Finished task 10.0 in stage 5.0 (TID 33) in 3319 ms on master (executor driver) (11/64)
26/10/07 12:00:14 INFO ShuffleBlockFetcherIterator: Getting 11 (13.2 MiB) non-empty blocks including 11 (13.2 MiB) local and 0 (0.0 B) host-local and 0 (0.0 B) push-merged-local and 0 (0.0 B) remote blocks
26/10/07 12:00:14 INFO ShuffleBlockFetcherIterator: Started 0 remote fetches in 1 ms
26/10/07 12:00:15 INFO MemoryStore: Block rdd_39_11 stored as values in memory (estimated size 8.8 MiB, free 1487.4 MiB)
26/10/07 12:00:15 INFO BlockManagerInfo: Added rdd_39_11 in memory on master:40245 (size: 8.8 MiB, free: 1556.5 MiB)
26/10/07 12:00:15 INFO Executor: 1 block locks were not released by task 11.0 in stage 5.0 (TID 34)
[rdd_39_11]
26/10/07 12:00:15 INFO Executor: Finished task 11.0 in stage 5.0 (TID 34). 5883 bytes result sent to driver
26/10/07 12:00:15 INFO TaskSetManager: Starting task 13.0 in stage 5.0 (TID 36) (master, executor driver, partition 13, NODE_LOCAL, 7615 bytes) 
26/10/07 12:00:15 INFO TaskSetManager: Finished task 11.0 in stage 5.0 (TID 34) in 3831 ms on master (executor driver) (12/64)
26/10/07 12:00:15 INFO Executor: Running task 13.0 in stage 5.0 (TID 36)
26/10/07 12:00:15 INFO ShuffleBlockFetcherIterator: Getting 11 (13.2 MiB) non-empty blocks including 11 (13.2 MiB) local and 0 (0.0 B) host-local and 0 (0.0 B) push-merged-local and 0 (0.0 B) remote blocks
26/10/07 12:00:15 INFO ShuffleBlockFetcherIterator: Started 0 remote fetches in 1 ms
26/10/07 12:00:17 INFO MemoryStore: Block rdd_39_12 stored as values in memory (estimated size 8.9 MiB, free 1478.5 MiB)
26/10/07 12:00:17 INFO BlockManagerInfo: Added rdd_39_12 in memory on master:40245 (size: 8.9 MiB, free: 1547.7 MiB)
26/10/07 12:00:17 INFO Executor: 1 block locks were not released by task 12.0 in stage 5.0 (TID 35)
[rdd_39_12]
26/10/07 12:00:17 INFO Executor: Finished task 12.0 in stage 5.0 (TID 35). 5883 bytes result sent to driver
26/10/07 12:00:17 INFO TaskSetManager: Starting task 14.0 in stage 5.0 (TID 37) (master, executor driver, partition 14, NODE_LOCAL, 7615 bytes) 
26/10/07 12:00:17 INFO TaskSetManager: Finished task 12.0 in stage 5.0 (TID 35) in 3036 ms on master (executor driver) (13/64)
26/10/07 12:00:17 INFO Executor: Running task 14.0 in stage 5.0 (TID 37)
26/10/07 12:00:17 INFO ShuffleBlockFetcherIterator: Getting 11 (13.2 MiB) non-empty blocks including 11 (13.2 MiB) local and 0 (0.0 B) host-local and 0 (0.0 B) push-merged-local and 0 (0.0 B) remote blocks
26/10/07 12:00:17 INFO ShuffleBlockFetcherIterator: Started 0 remote fetches in 10 ms
26/10/07 12:00:17 INFO MemoryStore: Block rdd_39_13 stored as values in memory (estimated size 8.8 MiB, free 1505.2 MiB)
26/10/07 12:00:17 INFO BlockManagerInfo: Added rdd_39_13 in memory on master:40245 (size: 8.8 MiB, free: 1538.8 MiB)
26/10/07 12:00:17 INFO Executor: 1 block locks were not released by task 13.0 in stage 5.0 (TID 36)
[rdd_39_13]
26/10/07 12:00:17 INFO Executor: Finished task 13.0 in stage 5.0 (TID 36). 5926 bytes result sent to driver
26/10/07 12:00:17 INFO TaskSetManager: Starting task 15.0 in stage 5.0 (TID 38) (master, executor driver, partition 15, NODE_LOCAL, 7615 bytes) 
26/10/07 12:00:17 INFO Executor: Running task 15.0 in stage 5.0 (TID 38)
26/10/07 12:00:17 INFO TaskSetManager: Finished task 13.0 in stage 5.0 (TID 36) in 2762 ms on master (executor driver) (14/64)
26/10/07 12:00:17 INFO ShuffleBlockFetcherIterator: Getting 11 (13.2 MiB) non-empty blocks including 11 (13.2 MiB) local and 0 (0.0 B) host-local and 0 (0.0 B) push-merged-local and 0 (0.0 B) remote blocks
26/10/07 12:00:17 INFO ShuffleBlockFetcherIterator: Started 0 remote fetches in 2 ms
26/10/07 12:00:20 INFO MemoryStore: Block rdd_39_14 stored as values in memory (estimated size 8.9 MiB, free 1460.8 MiB)
26/10/07 12:00:20 INFO BlockManagerInfo: Added rdd_39_14 in memory on master:40245 (size: 8.9 MiB, free: 1530.0 MiB)
26/10/07 12:00:20 INFO Executor: 1 block locks were not released by task 14.0 in stage 5.0 (TID 37)
[rdd_39_14]
26/10/07 12:00:20 INFO Executor: Finished task 14.0 in stage 5.0 (TID 37). 5883 bytes result sent to driver
26/10/07 12:00:20 INFO TaskSetManager: Starting task 16.0 in stage 5.0 (TID 39) (master, executor driver, partition 16, NODE_LOCAL, 7615 bytes) 
26/10/07 12:00:20 INFO Executor: Running task 16.0 in stage 5.0 (TID 39)
26/10/07 12:00:20 INFO TaskSetManager: Finished task 14.0 in stage 5.0 (TID 37) in 2902 ms on master (executor driver) (15/64)
26/10/07 12:00:20 INFO ShuffleBlockFetcherIterator: Getting 11 (13.2 MiB) non-empty blocks including 11 (13.2 MiB) local and 0 (0.0 B) host-local and 0 (0.0 B) push-merged-local and 0 (0.0 B) remote blocks
26/10/07 12:00:20 INFO ShuffleBlockFetcherIterator: Started 0 remote fetches in 1 ms
26/10/07 12:00:21 INFO MemoryStore: Block rdd_39_15 stored as values in memory (estimated size 8.9 MiB, free 1451.9 MiB)
26/10/07 12:00:21 INFO BlockManagerInfo: Added rdd_39_15 in memory on master:40245 (size: 8.9 MiB, free: 1521.1 MiB)
26/10/07 12:00:21 INFO Executor: 1 block locks were not released by task 15.0 in stage 5.0 (TID 38)
[rdd_39_15]
26/10/07 12:00:21 INFO Executor: Finished task 15.0 in stage 5.0 (TID 38). 5926 bytes result sent to driver
26/10/07 12:00:21 INFO TaskSetManager: Starting task 17.0 in stage 5.0 (TID 40) (master, executor driver, partition 17, NODE_LOCAL, 7615 bytes) 
26/10/07 12:00:21 INFO Executor: Running task 17.0 in stage 5.0 (TID 40)
26/10/07 12:00:21 INFO TaskSetManager: Finished task 15.0 in stage 5.0 (TID 38) in 3410 ms on master (executor driver) (16/64)
26/10/07 12:00:21 INFO ShuffleBlockFetcherIterator: Getting 11 (13.2 MiB) non-empty blocks including 11 (13.2 MiB) local and 0 (0.0 B) host-local and 0 (0.0 B) push-merged-local and 0 (0.0 B) remote blocks
26/10/07 12:00:21 INFO ShuffleBlockFetcherIterator: Started 0 remote fetches in 1 ms
26/10/07 12:00:22 INFO MemoryStore: Block rdd_39_16 stored as values in memory (estimated size 8.9 MiB, free 1443.0 MiB)
26/10/07 12:00:22 INFO BlockManagerInfo: Added rdd_39_16 in memory on master:40245 (size: 8.9 MiB, free: 1512.2 MiB)
26/10/07 12:00:22 INFO Executor: 1 block locks were not released by task 16.0 in stage 5.0 (TID 39)
[rdd_39_16]
26/10/07 12:00:22 INFO Executor: Finished task 16.0 in stage 5.0 (TID 39). 5883 bytes result sent to driver
26/10/07 12:00:22 INFO TaskSetManager: Starting task 18.0 in stage 5.0 (TID 41) (master, executor driver, partition 18, NODE_LOCAL, 7615 bytes) 
26/10/07 12:00:22 INFO TaskSetManager: Finished task 16.0 in stage 5.0 (TID 39) in 2377 ms on master (executor driver) (17/64)
26/10/07 12:00:22 INFO Executor: Running task 18.0 in stage 5.0 (TID 41)
26/10/07 12:00:22 INFO ShuffleBlockFetcherIterator: Getting 11 (13.2 MiB) non-empty blocks including 11 (13.2 MiB) local and 0 (0.0 B) host-local and 0 (0.0 B) push-merged-local and 0 (0.0 B) remote blocks
26/10/07 12:00:22 INFO ShuffleBlockFetcherIterator: Started 0 remote fetches in 21 ms
26/10/07 12:00:23 INFO MemoryStore: Block rdd_39_17 stored as values in memory (estimated size 8.9 MiB, free 1434.2 MiB)
26/10/07 12:00:23 INFO BlockManagerInfo: Added rdd_39_17 in memory on master:40245 (size: 8.9 MiB, free: 1503.3 MiB)
26/10/07 12:00:23 INFO Executor: 1 block locks were not released by task 17.0 in stage 5.0 (TID 40)
[rdd_39_17]
26/10/07 12:00:23 INFO Executor: Finished task 17.0 in stage 5.0 (TID 40). 5926 bytes result sent to driver
26/10/07 12:00:23 INFO TaskSetManager: Starting task 19.0 in stage 5.0 (TID 42) (master, executor driver, partition 19, NODE_LOCAL, 7615 bytes) 
26/10/07 12:00:23 INFO TaskSetManager: Finished task 17.0 in stage 5.0 (TID 40) in 2411 ms on master (executor driver) (18/64)
26/10/07 12:00:23 INFO Executor: Running task 19.0 in stage 5.0 (TID 42)
26/10/07 12:00:23 INFO ShuffleBlockFetcherIterator: Getting 11 (13.2 MiB) non-empty blocks including 11 (13.2 MiB) local and 0 (0.0 B) host-local and 0 (0.0 B) push-merged-local and 0 (0.0 B) remote blocks
26/10/07 12:00:23 INFO ShuffleBlockFetcherIterator: Started 0 remote fetches in 17 ms
26/10/07 12:00:26 INFO MemoryStore: Block rdd_39_18 stored as values in memory (estimated size 8.9 MiB, free 1425.3 MiB)
26/10/07 12:00:26 INFO BlockManagerInfo: Added rdd_39_18 in memory on master:40245 (size: 8.9 MiB, free: 1494.5 MiB)
26/10/07 12:00:26 INFO Executor: 1 block locks were not released by task 18.0 in stage 5.0 (TID 41)
[rdd_39_18]
26/10/07 12:00:26 INFO Executor: Finished task 18.0 in stage 5.0 (TID 41). 5883 bytes result sent to driver
26/10/07 12:00:26 INFO TaskSetManager: Starting task 20.0 in stage 5.0 (TID 43) (master, executor driver, partition 20, NODE_LOCAL, 7615 bytes) 
26/10/07 12:00:26 INFO TaskSetManager: Finished task 18.0 in stage 5.0 (TID 41) in 3822 ms on master (executor driver) (19/64)
26/10/07 12:00:26 INFO Executor: Running task 20.0 in stage 5.0 (TID 43)
26/10/07 12:00:26 INFO ShuffleBlockFetcherIterator: Getting 11 (13.2 MiB) non-empty blocks including 11 (13.2 MiB) local and 0 (0.0 B) host-local and 0 (0.0 B) push-merged-local and 0 (0.0 B) remote blocks
26/10/07 12:00:26 INFO ShuffleBlockFetcherIterator: Started 0 remote fetches in 1 ms
26/10/07 12:00:27 INFO MemoryStore: Block rdd_39_19 stored as values in memory (estimated size 8.9 MiB, free 1416.4 MiB)
26/10/07 12:00:27 INFO BlockManagerInfo: Added rdd_39_19 in memory on master:40245 (size: 8.9 MiB, free: 1485.6 MiB)
26/10/07 12:00:27 INFO Executor: 1 block locks were not released by task 19.0 in stage 5.0 (TID 42)
[rdd_39_19]
26/10/07 12:00:27 INFO Executor: Finished task 19.0 in stage 5.0 (TID 42). 5883 bytes result sent to driver
26/10/07 12:00:27 INFO TaskSetManager: Starting task 21.0 in stage 5.0 (TID 44) (master, executor driver, partition 21, NODE_LOCAL, 7615 bytes) 
26/10/07 12:00:27 INFO TaskSetManager: Finished task 19.0 in stage 5.0 (TID 42) in 3866 ms on master (executor driver) (20/64)
26/10/07 12:00:27 INFO Executor: Running task 21.0 in stage 5.0 (TID 44)
26/10/07 12:00:27 INFO ShuffleBlockFetcherIterator: Getting 11 (13.2 MiB) non-empty blocks including 11 (13.2 MiB) local and 0 (0.0 B) host-local and 0 (0.0 B) push-merged-local and 0 (0.0 B) remote blocks
26/10/07 12:00:27 INFO ShuffleBlockFetcherIterator: Started 0 remote fetches in 0 ms
26/10/07 12:00:28 INFO MemoryStore: Block rdd_39_20 stored as values in memory (estimated size 8.9 MiB, free 1407.5 MiB)
26/10/07 12:00:28 INFO BlockManagerInfo: Added rdd_39_20 in memory on master:40245 (size: 8.9 MiB, free: 1476.7 MiB)
26/10/07 12:00:28 INFO Executor: 1 block locks were not released by task 20.0 in stage 5.0 (TID 43)
[rdd_39_20]
26/10/07 12:00:28 INFO Executor: Finished task 20.0 in stage 5.0 (TID 43). 5883 bytes result sent to driver
26/10/07 12:00:28 INFO TaskSetManager: Starting task 22.0 in stage 5.0 (TID 45) (master, executor driver, partition 22, NODE_LOCAL, 7615 bytes) 
26/10/07 12:00:28 INFO Executor: Running task 22.0 in stage 5.0 (TID 45)
26/10/07 12:00:28 INFO TaskSetManager: Finished task 20.0 in stage 5.0 (TID 43) in 2354 ms on master (executor driver) (21/64)
26/10/07 12:00:28 INFO ShuffleBlockFetcherIterator: Getting 11 (13.2 MiB) non-empty blocks including 11 (13.2 MiB) local and 0 (0.0 B) host-local and 0 (0.0 B) push-merged-local and 0 (0.0 B) remote blocks
26/10/07 12:00:28 INFO ShuffleBlockFetcherIterator: Started 0 remote fetches in 0 ms
26/10/07 12:00:29 INFO MemoryStore: Block rdd_39_21 stored as values in memory (estimated size 8.9 MiB, free 1398.6 MiB)
26/10/07 12:00:29 INFO BlockManagerInfo: Added rdd_39_21 in memory on master:40245 (size: 8.9 MiB, free: 1467.8 MiB)
26/10/07 12:00:29 INFO Executor: 1 block locks were not released by task 21.0 in stage 5.0 (TID 44)
[rdd_39_21]
26/10/07 12:00:29 INFO Executor: Finished task 21.0 in stage 5.0 (TID 44). 5883 bytes result sent to driver
26/10/07 12:00:29 INFO TaskSetManager: Starting task 23.0 in stage 5.0 (TID 46) (master, executor driver, partition 23, NODE_LOCAL, 7615 bytes) 
26/10/07 12:00:29 INFO Executor: Running task 23.0 in stage 5.0 (TID 46)
26/10/07 12:00:29 INFO TaskSetManager: Finished task 21.0 in stage 5.0 (TID 44) in 2202 ms on master (executor driver) (22/64)
26/10/07 12:00:29 INFO ShuffleBlockFetcherIterator: Getting 11 (13.2 MiB) non-empty blocks including 11 (13.2 MiB) local and 0 (0.0 B) host-local and 0 (0.0 B) push-merged-local and 0 (0.0 B) remote blocks
26/10/07 12:00:29 INFO ShuffleBlockFetcherIterator: Started 0 remote fetches in 6 ms
26/10/07 12:00:31 INFO MemoryStore: Block rdd_39_22 stored as values in memory (estimated size 8.9 MiB, free 1389.7 MiB)
26/10/07 12:00:31 INFO BlockManagerInfo: Added rdd_39_22 in memory on master:40245 (size: 8.9 MiB, free: 1458.9 MiB)
26/10/07 12:00:31 INFO Executor: 1 block locks were not released by task 22.0 in stage 5.0 (TID 45)
[rdd_39_22]
26/10/07 12:00:31 INFO Executor: Finished task 22.0 in stage 5.0 (TID 45). 5883 bytes result sent to driver
26/10/07 12:00:31 INFO TaskSetManager: Starting task 24.0 in stage 5.0 (TID 47) (master, executor driver, partition 24, NODE_LOCAL, 7615 bytes) 
26/10/07 12:00:31 INFO TaskSetManager: Finished task 22.0 in stage 5.0 (TID 45) in 2408 ms on master (executor driver) (23/64)
26/10/07 12:00:31 INFO Executor: Running task 24.0 in stage 5.0 (TID 47)
26/10/07 12:00:31 INFO ShuffleBlockFetcherIterator: Getting 11 (13.2 MiB) non-empty blocks including 11 (13.2 MiB) local and 0 (0.0 B) host-local and 0 (0.0 B) push-merged-local and 0 (0.0 B) remote blocks
26/10/07 12:00:31 INFO ShuffleBlockFetcherIterator: Started 0 remote fetches in 1 ms
26/10/07 12:00:32 INFO MemoryStore: Block rdd_39_23 stored as values in memory (estimated size 8.9 MiB, free 1380.9 MiB)
26/10/07 12:00:32 INFO BlockManagerInfo: Added rdd_39_23 in memory on master:40245 (size: 8.9 MiB, free: 1450.1 MiB)
26/10/07 12:00:32 INFO Executor: 1 block locks were not released by task 23.0 in stage 5.0 (TID 46)
[rdd_39_23]
26/10/07 12:00:32 INFO Executor: Finished task 23.0 in stage 5.0 (TID 46). 5883 bytes result sent to driver
26/10/07 12:00:32 INFO TaskSetManager: Starting task 25.0 in stage 5.0 (TID 48) (master, executor driver, partition 25, NODE_LOCAL, 7615 bytes) 
26/10/07 12:00:32 INFO TaskSetManager: Finished task 23.0 in stage 5.0 (TID 46) in 3136 ms on master (executor driver) (24/64)
26/10/07 12:00:32 INFO Executor: Running task 25.0 in stage 5.0 (TID 48)
26/10/07 12:00:32 INFO ShuffleBlockFetcherIterator: Getting 11 (13.2 MiB) non-empty blocks including 11 (13.2 MiB) local and 0 (0.0 B) host-local and 0 (0.0 B) push-merged-local and 0 (0.0 B) remote blocks
26/10/07 12:00:32 INFO ShuffleBlockFetcherIterator: Started 0 remote fetches in 1 ms
26/10/07 12:00:34 INFO MemoryStore: Block rdd_39_24 stored as values in memory (estimated size 8.8 MiB, free 1372.0 MiB)
26/10/07 12:00:34 INFO BlockManagerInfo: Added rdd_39_24 in memory on master:40245 (size: 8.8 MiB, free: 1441.2 MiB)
26/10/07 12:00:34 INFO Executor: 1 block locks were not released by task 24.0 in stage 5.0 (TID 47)
[rdd_39_24]
26/10/07 12:00:34 INFO Executor: Finished task 24.0 in stage 5.0 (TID 47). 5883 bytes result sent to driver
26/10/07 12:00:34 INFO TaskSetManager: Starting task 26.0 in stage 5.0 (TID 49) (master, executor driver, partition 26, NODE_LOCAL, 7615 bytes) 
26/10/07 12:00:34 INFO Executor: Running task 26.0 in stage 5.0 (TID 49)
26/10/07 12:00:34 INFO TaskSetManager: Finished task 24.0 in stage 5.0 (TID 47) in 2917 ms on master (executor driver) (25/64)
26/10/07 12:00:34 INFO ShuffleBlockFetcherIterator: Getting 11 (13.2 MiB) non-empty blocks including 11 (13.2 MiB) local and 0 (0.0 B) host-local and 0 (0.0 B) push-merged-local and 0 (0.0 B) remote blocks
26/10/07 12:00:34 INFO ShuffleBlockFetcherIterator: Started 0 remote fetches in 4 ms
26/10/07 12:00:35 INFO MemoryStore: Block rdd_39_25 stored as values in memory (estimated size 8.9 MiB, free 1363.1 MiB)
26/10/07 12:00:35 INFO BlockManagerInfo: Added rdd_39_25 in memory on master:40245 (size: 8.9 MiB, free: 1432.3 MiB)
26/10/07 12:00:35 INFO Executor: 1 block locks were not released by task 25.0 in stage 5.0 (TID 48)
[rdd_39_25]
26/10/07 12:00:35 INFO Executor: Finished task 25.0 in stage 5.0 (TID 48). 5883 bytes result sent to driver
26/10/07 12:00:35 INFO TaskSetManager: Starting task 27.0 in stage 5.0 (TID 50) (master, executor driver, partition 27, NODE_LOCAL, 7615 bytes) 
26/10/07 12:00:35 INFO TaskSetManager: Finished task 25.0 in stage 5.0 (TID 48) in 2620 ms on master (executor driver) (26/64)
26/10/07 12:00:35 INFO Executor: Running task 27.0 in stage 5.0 (TID 50)
26/10/07 12:00:35 INFO ShuffleBlockFetcherIterator: Getting 11 (13.2 MiB) non-empty blocks including 11 (13.2 MiB) local and 0 (0.0 B) host-local and 0 (0.0 B) push-merged-local and 0 (0.0 B) remote blocks
26/10/07 12:00:35 INFO ShuffleBlockFetcherIterator: Started 0 remote fetches in 12 ms
26/10/07 12:00:39 INFO MemoryStore: Block rdd_39_26 stored as values in memory (estimated size 8.9 MiB, free 1354.2 MiB)
26/10/07 12:00:39 INFO BlockManagerInfo: Added rdd_39_26 in memory on master:40245 (size: 8.9 MiB, free: 1423.4 MiB)
26/10/07 12:00:39 INFO Executor: 1 block locks were not released by task 26.0 in stage 5.0 (TID 49)
[rdd_39_26]
26/10/07 12:00:39 INFO Executor: Finished task 26.0 in stage 5.0 (TID 49). 5926 bytes result sent to driver
26/10/07 12:00:39 INFO TaskSetManager: Starting task 28.0 in stage 5.0 (TID 51) (master, executor driver, partition 28, NODE_LOCAL, 7615 bytes) 
26/10/07 12:00:39 INFO Executor: Running task 28.0 in stage 5.0 (TID 51)
26/10/07 12:00:39 INFO TaskSetManager: Finished task 26.0 in stage 5.0 (TID 49) in 4790 ms on master (executor driver) (27/64)
26/10/07 12:00:39 INFO ShuffleBlockFetcherIterator: Getting 11 (13.2 MiB) non-empty blocks including 11 (13.2 MiB) local and 0 (0.0 B) host-local and 0 (0.0 B) push-merged-local and 0 (0.0 B) remote blocks
26/10/07 12:00:39 INFO ShuffleBlockFetcherIterator: Started 0 remote fetches in 19 ms
26/10/07 12:00:40 INFO MemoryStore: Block rdd_39_27 stored as values in memory (estimated size 8.9 MiB, free 1345.4 MiB)
26/10/07 12:00:40 INFO BlockManagerInfo: Added rdd_39_27 in memory on master:40245 (size: 8.9 MiB, free: 1414.5 MiB)
26/10/07 12:00:40 INFO Executor: 1 block locks were not released by task 27.0 in stage 5.0 (TID 50)
[rdd_39_27]
26/10/07 12:00:40 INFO Executor: Finished task 27.0 in stage 5.0 (TID 50). 5883 bytes result sent to driver
26/10/07 12:00:40 INFO TaskSetManager: Starting task 29.0 in stage 5.0 (TID 52) (master, executor driver, partition 29, NODE_LOCAL, 7615 bytes) 
26/10/07 12:00:40 INFO Executor: Running task 29.0 in stage 5.0 (TID 52)
26/10/07 12:00:40 INFO TaskSetManager: Finished task 27.0 in stage 5.0 (TID 50) in 4742 ms on master (executor driver) (28/64)
26/10/07 12:00:40 INFO ShuffleBlockFetcherIterator: Getting 11 (13.2 MiB) non-empty blocks including 11 (13.2 MiB) local and 0 (0.0 B) host-local and 0 (0.0 B) push-merged-local and 0 (0.0 B) remote blocks
26/10/07 12:00:40 INFO ShuffleBlockFetcherIterator: Started 0 remote fetches in 8 ms
26/10/07 12:00:41 INFO MemoryStore: Block rdd_39_28 stored as values in memory (estimated size 8.9 MiB, free 1336.5 MiB)
26/10/07 12:00:41 INFO BlockManagerInfo: Added rdd_39_28 in memory on master:40245 (size: 8.9 MiB, free: 1405.7 MiB)
26/10/07 12:00:41 INFO Executor: 1 block locks were not released by task 28.0 in stage 5.0 (TID 51)
[rdd_39_28]
26/10/07 12:00:41 INFO Executor: Finished task 28.0 in stage 5.0 (TID 51). 5883 bytes result sent to driver
26/10/07 12:00:41 INFO TaskSetManager: Starting task 30.0 in stage 5.0 (TID 53) (master, executor driver, partition 30, NODE_LOCAL, 7615 bytes) 
26/10/07 12:00:41 INFO TaskSetManager: Finished task 28.0 in stage 5.0 (TID 51) in 2947 ms on master (executor driver) (29/64)
26/10/07 12:00:41 INFO Executor: Running task 30.0 in stage 5.0 (TID 53)
26/10/07 12:00:42 INFO ShuffleBlockFetcherIterator: Getting 11 (13.3 MiB) non-empty blocks including 11 (13.3 MiB) local and 0 (0.0 B) host-local and 0 (0.0 B) push-merged-local and 0 (0.0 B) remote blocks
26/10/07 12:00:42 INFO ShuffleBlockFetcherIterator: Started 0 remote fetches in 0 ms
26/10/07 12:00:42 INFO MemoryStore: Block rdd_39_29 stored as values in memory (estimated size 8.9 MiB, free 1327.6 MiB)
26/10/07 12:00:42 INFO BlockManagerInfo: Added rdd_39_29 in memory on master:40245 (size: 8.9 MiB, free: 1396.8 MiB)
26/10/07 12:00:42 INFO Executor: 1 block locks were not released by task 29.0 in stage 5.0 (TID 52)
[rdd_39_29]
26/10/07 12:00:42 INFO Executor: Finished task 29.0 in stage 5.0 (TID 52). 5883 bytes result sent to driver
26/10/07 12:00:42 INFO TaskSetManager: Starting task 31.0 in stage 5.0 (TID 54) (master, executor driver, partition 31, NODE_LOCAL, 7615 bytes) 
26/10/07 12:00:42 INFO Executor: Running task 31.0 in stage 5.0 (TID 54)
26/10/07 12:00:42 INFO TaskSetManager: Finished task 29.0 in stage 5.0 (TID 52) in 2637 ms on master (executor driver) (30/64)
26/10/07 12:00:42 INFO ShuffleBlockFetcherIterator: Getting 11 (13.3 MiB) non-empty blocks including 11 (13.3 MiB) local and 0 (0.0 B) host-local and 0 (0.0 B) push-merged-local and 0 (0.0 B) remote blocks
26/10/07 12:00:42 INFO ShuffleBlockFetcherIterator: Started 0 remote fetches in 9 ms
26/10/07 12:00:44 INFO MemoryStore: Block rdd_39_30 stored as values in memory (estimated size 8.9 MiB, free 1318.7 MiB)
26/10/07 12:00:44 INFO BlockManagerInfo: Added rdd_39_30 in memory on master:40245 (size: 8.9 MiB, free: 1387.9 MiB)
26/10/07 12:00:44 INFO Executor: 1 block locks were not released by task 30.0 in stage 5.0 (TID 53)
[rdd_39_30]
26/10/07 12:00:44 INFO Executor: Finished task 30.0 in stage 5.0 (TID 53). 5926 bytes result sent to driver
26/10/07 12:00:44 INFO TaskSetManager: Starting task 32.0 in stage 5.0 (TID 55) (master, executor driver, partition 32, NODE_LOCAL, 7615 bytes) 
26/10/07 12:00:44 INFO TaskSetManager: Finished task 30.0 in stage 5.0 (TID 53) in 2428 ms on master (executor driver) (31/64)
26/10/07 12:00:44 INFO Executor: Running task 32.0 in stage 5.0 (TID 55)
26/10/07 12:00:44 INFO ShuffleBlockFetcherIterator: Getting 11 (13.2 MiB) non-empty blocks including 11 (13.2 MiB) local and 0 (0.0 B) host-local and 0 (0.0 B) push-merged-local and 0 (0.0 B) remote blocks
26/10/07 12:00:44 INFO ShuffleBlockFetcherIterator: Started 0 remote fetches in 1 ms
26/10/07 12:00:44 INFO MemoryStore: Block rdd_39_31 stored as values in memory (estimated size 8.9 MiB, free 1309.8 MiB)
26/10/07 12:00:44 INFO BlockManagerInfo: Added rdd_39_31 in memory on master:40245 (size: 8.9 MiB, free: 1379.0 MiB)
26/10/07 12:00:44 INFO Executor: 1 block locks were not released by task 31.0 in stage 5.0 (TID 54)
[rdd_39_31]
26/10/07 12:00:44 INFO Executor: Finished task 31.0 in stage 5.0 (TID 54). 5883 bytes result sent to driver
26/10/07 12:00:44 INFO TaskSetManager: Starting task 33.0 in stage 5.0 (TID 56) (master, executor driver, partition 33, NODE_LOCAL, 7615 bytes) 
26/10/07 12:00:44 INFO Executor: Running task 33.0 in stage 5.0 (TID 56)
26/10/07 12:00:44 INFO TaskSetManager: Finished task 31.0 in stage 5.0 (TID 54) in 2119 ms on master (executor driver) (32/64)
26/10/07 12:00:44 INFO ShuffleBlockFetcherIterator: Getting 11 (13.2 MiB) non-empty blocks including 11 (13.2 MiB) local and 0 (0.0 B) host-local and 0 (0.0 B) push-merged-local and 0 (0.0 B) remote blocks
26/10/07 12:00:44 INFO ShuffleBlockFetcherIterator: Started 0 remote fetches in 17 ms
26/10/07 12:00:46 INFO MemoryStore: Block rdd_39_32 stored as values in memory (estimated size 8.8 MiB, free 1301.0 MiB)
26/10/07 12:00:46 INFO BlockManagerInfo: Added rdd_39_32 in memory on master:40245 (size: 8.8 MiB, free: 1370.1 MiB)
26/10/07 12:00:46 INFO Executor: 1 block locks were not released by task 32.0 in stage 5.0 (TID 55)
[rdd_39_32]
26/10/07 12:00:46 INFO Executor: Finished task 32.0 in stage 5.0 (TID 55). 5883 bytes result sent to driver
26/10/07 12:00:46 INFO TaskSetManager: Starting task 34.0 in stage 5.0 (TID 57) (master, executor driver, partition 34, NODE_LOCAL, 7615 bytes) 
26/10/07 12:00:46 INFO Executor: Running task 34.0 in stage 5.0 (TID 57)
26/10/07 12:00:46 INFO TaskSetManager: Finished task 32.0 in stage 5.0 (TID 55) in 2392 ms on master (executor driver) (33/64)
26/10/07 12:00:46 INFO ShuffleBlockFetcherIterator: Getting 11 (13.1 MiB) non-empty blocks including 11 (13.1 MiB) local and 0 (0.0 B) host-local and 0 (0.0 B) push-merged-local and 0 (0.0 B) remote blocks
26/10/07 12:00:46 INFO ShuffleBlockFetcherIterator: Started 0 remote fetches in 8 ms
26/10/07 12:00:47 INFO MemoryStore: Block rdd_39_33 stored as values in memory (estimated size 8.9 MiB, free 1292.0 MiB)
26/10/07 12:00:47 INFO BlockManagerInfo: Added rdd_39_33 in memory on master:40245 (size: 8.9 MiB, free: 1361.2 MiB)
26/10/07 12:00:47 INFO Executor: 1 block locks were not released by task 33.0 in stage 5.0 (TID 56)
[rdd_39_33]
26/10/07 12:00:47 INFO Executor: Finished task 33.0 in stage 5.0 (TID 56). 5883 bytes result sent to driver
26/10/07 12:00:47 INFO TaskSetManager: Starting task 35.0 in stage 5.0 (TID 58) (master, executor driver, partition 35, NODE_LOCAL, 7615 bytes) 
26/10/07 12:00:47 INFO TaskSetManager: Finished task 33.0 in stage 5.0 (TID 56) in 2799 ms on master (executor driver) (34/64)
26/10/07 12:00:47 INFO Executor: Running task 35.0 in stage 5.0 (TID 58)
26/10/07 12:00:47 INFO ShuffleBlockFetcherIterator: Getting 11 (13.2 MiB) non-empty blocks including 11 (13.2 MiB) local and 0 (0.0 B) host-local and 0 (0.0 B) push-merged-local and 0 (0.0 B) remote blocks
26/10/07 12:00:47 INFO ShuffleBlockFetcherIterator: Started 0 remote fetches in 9 ms
26/10/07 12:00:49 INFO MemoryStore: Block rdd_39_34 stored as values in memory (estimated size 8.9 MiB, free 1283.2 MiB)
26/10/07 12:00:49 INFO BlockManagerInfo: Added rdd_39_34 in memory on master:40245 (size: 8.9 MiB, free: 1352.3 MiB)
26/10/07 12:00:49 INFO Executor: 1 block locks were not released by task 34.0 in stage 5.0 (TID 57)
[rdd_39_34]
26/10/07 12:00:49 INFO Executor: Finished task 34.0 in stage 5.0 (TID 57). 5883 bytes result sent to driver
26/10/07 12:00:49 INFO TaskSetManager: Starting task 36.0 in stage 5.0 (TID 59) (master, executor driver, partition 36, NODE_LOCAL, 7615 bytes) 
26/10/07 12:00:49 INFO TaskSetManager: Finished task 34.0 in stage 5.0 (TID 57) in 2301 ms on master (executor driver) (35/64)
26/10/07 12:00:49 INFO Executor: Running task 36.0 in stage 5.0 (TID 59)
26/10/07 12:00:49 INFO ShuffleBlockFetcherIterator: Getting 11 (13.2 MiB) non-empty blocks including 11 (13.2 MiB) local and 0 (0.0 B) host-local and 0 (0.0 B) push-merged-local and 0 (0.0 B) remote blocks
26/10/07 12:00:49 INFO ShuffleBlockFetcherIterator: Started 0 remote fetches in 1 ms
26/10/07 12:00:50 INFO MemoryStore: Block rdd_39_35 stored as values in memory (estimated size 8.9 MiB, free 1274.3 MiB)
26/10/07 12:00:50 INFO BlockManagerInfo: Added rdd_39_35 in memory on master:40245 (size: 8.9 MiB, free: 1343.5 MiB)
26/10/07 12:00:50 INFO Executor: 1 block locks were not released by task 35.0 in stage 5.0 (TID 58)
[rdd_39_35]
26/10/07 12:00:50 INFO Executor: Finished task 35.0 in stage 5.0 (TID 58). 5883 bytes result sent to driver
26/10/07 12:00:50 INFO TaskSetManager: Starting task 37.0 in stage 5.0 (TID 60) (master, executor driver, partition 37, NODE_LOCAL, 7615 bytes) 
26/10/07 12:00:50 INFO Executor: Running task 37.0 in stage 5.0 (TID 60)
26/10/07 12:00:50 INFO TaskSetManager: Finished task 35.0 in stage 5.0 (TID 58) in 2326 ms on master (executor driver) (36/64)
26/10/07 12:00:50 INFO ShuffleBlockFetcherIterator: Getting 11 (13.2 MiB) non-empty blocks including 11 (13.2 MiB) local and 0 (0.0 B) host-local and 0 (0.0 B) push-merged-local and 0 (0.0 B) remote blocks
26/10/07 12:00:50 INFO ShuffleBlockFetcherIterator: Started 0 remote fetches in 5 ms
26/10/07 12:00:51 INFO MemoryStore: Block rdd_39_36 stored as values in memory (estimated size 8.9 MiB, free 1265.4 MiB)
26/10/07 12:00:51 INFO BlockManagerInfo: Added rdd_39_36 in memory on master:40245 (size: 8.9 MiB, free: 1334.6 MiB)
26/10/07 12:00:51 INFO Executor: 1 block locks were not released by task 36.0 in stage 5.0 (TID 59)
[rdd_39_36]
26/10/07 12:00:51 INFO Executor: Finished task 36.0 in stage 5.0 (TID 59). 5883 bytes result sent to driver
26/10/07 12:00:51 INFO TaskSetManager: Starting task 38.0 in stage 5.0 (TID 61) (master, executor driver, partition 38, NODE_LOCAL, 7615 bytes) 
26/10/07 12:00:51 INFO TaskSetManager: Finished task 36.0 in stage 5.0 (TID 59) in 2185 ms on master (executor driver) (37/64)
26/10/07 12:00:51 INFO Executor: Running task 38.0 in stage 5.0 (TID 61)
26/10/07 12:00:51 INFO ShuffleBlockFetcherIterator: Getting 11 (13.2 MiB) non-empty blocks including 11 (13.2 MiB) local and 0 (0.0 B) host-local and 0 (0.0 B) push-merged-local and 0 (0.0 B) remote blocks
26/10/07 12:00:51 INFO ShuffleBlockFetcherIterator: Started 0 remote fetches in 0 ms
26/10/07 12:00:52 INFO MemoryStore: Block rdd_39_37 stored as values in memory (estimated size 8.9 MiB, free 1256.5 MiB)
26/10/07 12:00:52 INFO BlockManagerInfo: Added rdd_39_37 in memory on master:40245 (size: 8.9 MiB, free: 1325.7 MiB)
26/10/07 12:00:52 INFO Executor: 1 block locks were not released by task 37.0 in stage 5.0 (TID 60)
[rdd_39_37]
26/10/07 12:00:52 INFO Executor: Finished task 37.0 in stage 5.0 (TID 60). 5926 bytes result sent to driver
26/10/07 12:00:52 INFO TaskSetManager: Starting task 39.0 in stage 5.0 (TID 62) (master, executor driver, partition 39, NODE_LOCAL, 7615 bytes) 
26/10/07 12:00:52 INFO Executor: Running task 39.0 in stage 5.0 (TID 62)
26/10/07 12:00:52 INFO TaskSetManager: Finished task 37.0 in stage 5.0 (TID 60) in 2383 ms on master (executor driver) (38/64)
26/10/07 12:00:52 INFO ShuffleBlockFetcherIterator: Getting 11 (13.3 MiB) non-empty blocks including 11 (13.3 MiB) local and 0 (0.0 B) host-local and 0 (0.0 B) push-merged-local and 0 (0.0 B) remote blocks
26/10/07 12:00:52 INFO ShuffleBlockFetcherIterator: Started 0 remote fetches in 2 ms
26/10/07 12:00:53 INFO MemoryStore: Block rdd_39_38 stored as values in memory (estimated size 8.9 MiB, free 1247.7 MiB)
26/10/07 12:00:53 INFO BlockManagerInfo: Added rdd_39_38 in memory on master:40245 (size: 8.9 MiB, free: 1316.8 MiB)
26/10/07 12:00:53 INFO Executor: 1 block locks were not released by task 38.0 in stage 5.0 (TID 61)
[rdd_39_38]
26/10/07 12:00:53 INFO Executor: Finished task 38.0 in stage 5.0 (TID 61). 5883 bytes result sent to driver
26/10/07 12:00:53 INFO TaskSetManager: Starting task 40.0 in stage 5.0 (TID 63) (master, executor driver, partition 40, NODE_LOCAL, 7615 bytes) 
26/10/07 12:00:53 INFO TaskSetManager: Finished task 38.0 in stage 5.0 (TID 61) in 2356 ms on master (executor driver) (39/64)
26/10/07 12:00:53 INFO Executor: Running task 40.0 in stage 5.0 (TID 63)
26/10/07 12:00:53 INFO ShuffleBlockFetcherIterator: Getting 11 (13.2 MiB) non-empty blocks including 11 (13.2 MiB) local and 0 (0.0 B) host-local and 0 (0.0 B) push-merged-local and 0 (0.0 B) remote blocks
26/10/07 12:00:53 INFO ShuffleBlockFetcherIterator: Started 0 remote fetches in 0 ms
26/10/07 12:00:54 INFO MemoryStore: Block rdd_39_39 stored as values in memory (estimated size 8.9 MiB, free 1238.8 MiB)
26/10/07 12:00:54 INFO BlockManagerInfo: Added rdd_39_39 in memory on master:40245 (size: 8.9 MiB, free: 1308.0 MiB)
26/10/07 12:00:54 INFO Executor: 1 block locks were not released by task 39.0 in stage 5.0 (TID 62)
[rdd_39_39]
26/10/07 12:00:54 INFO Executor: Finished task 39.0 in stage 5.0 (TID 62). 5926 bytes result sent to driver
26/10/07 12:00:54 INFO TaskSetManager: Starting task 41.0 in stage 5.0 (TID 64) (master, executor driver, partition 41, NODE_LOCAL, 7615 bytes) 
26/10/07 12:00:54 INFO Executor: Running task 41.0 in stage 5.0 (TID 64)
26/10/07 12:00:54 INFO TaskSetManager: Finished task 39.0 in stage 5.0 (TID 62) in 2064 ms on master (executor driver) (40/64)
26/10/07 12:00:54 INFO ShuffleBlockFetcherIterator: Getting 11 (13.2 MiB) non-empty blocks including 11 (13.2 MiB) local and 0 (0.0 B) host-local and 0 (0.0 B) push-merged-local and 0 (0.0 B) remote blocks
26/10/07 12:00:54 INFO ShuffleBlockFetcherIterator: Started 0 remote fetches in 0 ms
26/10/07 12:00:55 INFO BlockManagerInfo: Removed broadcast_12_piece0 on master:40245 in memory (size: 30.6 KiB, free: 1308.0 MiB)
26/10/07 12:00:57 INFO MemoryStore: Block rdd_39_40 stored as values in memory (estimated size 8.9 MiB, free 1264.1 MiB)
26/10/07 12:00:57 INFO BlockManagerInfo: Added rdd_39_40 in memory on master:40245 (size: 8.9 MiB, free: 1299.1 MiB)
26/10/07 12:00:57 INFO Executor: 1 block locks were not released by task 40.0 in stage 5.0 (TID 63)
[rdd_39_40]
26/10/07 12:00:57 INFO Executor: Finished task 40.0 in stage 5.0 (TID 63). 5883 bytes result sent to driver
26/10/07 12:00:57 INFO TaskSetManager: Starting task 42.0 in stage 5.0 (TID 65) (master, executor driver, partition 42, NODE_LOCAL, 7615 bytes) 
26/10/07 12:00:57 INFO TaskSetManager: Finished task 40.0 in stage 5.0 (TID 63) in 3660 ms on master (executor driver) (41/64)
26/10/07 12:00:57 INFO Executor: Running task 42.0 in stage 5.0 (TID 65)
26/10/07 12:00:57 INFO ShuffleBlockFetcherIterator: Getting 11 (13.2 MiB) non-empty blocks including 11 (13.2 MiB) local and 0 (0.0 B) host-local and 0 (0.0 B) push-merged-local and 0 (0.0 B) remote blocks
26/10/07 12:00:57 INFO ShuffleBlockFetcherIterator: Started 0 remote fetches in 0 ms
26/10/07 12:00:59 INFO MemoryStore: Block rdd_39_41 stored as values in memory (estimated size 8.9 MiB, free 1221.2 MiB)
26/10/07 12:00:59 INFO BlockManagerInfo: Added rdd_39_41 in memory on master:40245 (size: 8.9 MiB, free: 1290.3 MiB)
26/10/07 12:00:59 INFO Executor: 1 block locks were not released by task 41.0 in stage 5.0 (TID 64)
[rdd_39_41]
26/10/07 12:00:59 INFO Executor: Finished task 41.0 in stage 5.0 (TID 64). 5883 bytes result sent to driver
26/10/07 12:00:59 INFO TaskSetManager: Starting task 43.0 in stage 5.0 (TID 66) (master, executor driver, partition 43, NODE_LOCAL, 7615 bytes) 
26/10/07 12:00:59 INFO Executor: Running task 43.0 in stage 5.0 (TID 66)
26/10/07 12:00:59 INFO TaskSetManager: Finished task 41.0 in stage 5.0 (TID 64) in 4720 ms on master (executor driver) (42/64)
26/10/07 12:00:59 INFO ShuffleBlockFetcherIterator: Getting 11 (13.2 MiB) non-empty blocks including 11 (13.2 MiB) local and 0 (0.0 B) host-local and 0 (0.0 B) push-merged-local and 0 (0.0 B) remote blocks
26/10/07 12:00:59 INFO ShuffleBlockFetcherIterator: Started 0 remote fetches in 0 ms
26/10/07 12:00:59 INFO MemoryStore: Block rdd_39_42 stored as values in memory (estimated size 8.9 MiB, free 1212.3 MiB)
26/10/07 12:00:59 INFO BlockManagerInfo: Added rdd_39_42 in memory on master:40245 (size: 8.9 MiB, free: 1281.4 MiB)
26/10/07 12:00:59 INFO Executor: 1 block locks were not released by task 42.0 in stage 5.0 (TID 65)
[rdd_39_42]
26/10/07 12:00:59 INFO Executor: Finished task 42.0 in stage 5.0 (TID 65). 5883 bytes result sent to driver
26/10/07 12:00:59 INFO TaskSetManager: Starting task 44.0 in stage 5.0 (TID 67) (master, executor driver, partition 44, NODE_LOCAL, 7615 bytes) 
26/10/07 12:00:59 INFO Executor: Running task 44.0 in stage 5.0 (TID 67)
26/10/07 12:00:59 INFO TaskSetManager: Finished task 42.0 in stage 5.0 (TID 65) in 2326 ms on master (executor driver) (43/64)
26/10/07 12:00:59 INFO ShuffleBlockFetcherIterator: Getting 11 (13.2 MiB) non-empty blocks including 11 (13.2 MiB) local and 0 (0.0 B) host-local and 0 (0.0 B) push-merged-local and 0 (0.0 B) remote blocks
26/10/07 12:00:59 INFO ShuffleBlockFetcherIterator: Started 0 remote fetches in 2 ms
26/10/07 12:01:01 INFO MemoryStore: Block rdd_39_43 stored as values in memory (estimated size 8.8 MiB, free 1203.5 MiB)
26/10/07 12:01:01 INFO BlockManagerInfo: Added rdd_39_43 in memory on master:40245 (size: 8.8 MiB, free: 1272.5 MiB)
26/10/07 12:01:01 INFO Executor: 1 block locks were not released by task 43.0 in stage 5.0 (TID 66)
[rdd_39_43]
26/10/07 12:01:01 INFO Executor: Finished task 43.0 in stage 5.0 (TID 66). 5926 bytes result sent to driver
26/10/07 12:01:01 INFO TaskSetManager: Starting task 45.0 in stage 5.0 (TID 68) (master, executor driver, partition 45, NODE_LOCAL, 7615 bytes) 
26/10/07 12:01:01 INFO TaskSetManager: Finished task 43.0 in stage 5.0 (TID 66) in 1936 ms on master (executor driver) (44/64)
26/10/07 12:01:01 INFO Executor: Running task 45.0 in stage 5.0 (TID 68)
26/10/07 12:01:01 INFO ShuffleBlockFetcherIterator: Getting 11 (13.2 MiB) non-empty blocks including 11 (13.2 MiB) local and 0 (0.0 B) host-local and 0 (0.0 B) push-merged-local and 0 (0.0 B) remote blocks
26/10/07 12:01:01 INFO ShuffleBlockFetcherIterator: Started 0 remote fetches in 7 ms
26/10/07 12:01:01 INFO MemoryStore: Block rdd_39_44 stored as values in memory (estimated size 8.9 MiB, free 1230.5 MiB)
26/10/07 12:01:01 INFO BlockManagerInfo: Added rdd_39_44 in memory on master:40245 (size: 8.9 MiB, free: 1263.7 MiB)
26/10/07 12:01:01 INFO Executor: 1 block locks were not released by task 44.0 in stage 5.0 (TID 67)
[rdd_39_44]
26/10/07 12:01:01 INFO Executor: Finished task 44.0 in stage 5.0 (TID 67). 5883 bytes result sent to driver
26/10/07 12:01:01 INFO TaskSetManager: Starting task 46.0 in stage 5.0 (TID 69) (master, executor driver, partition 46, NODE_LOCAL, 7615 bytes) 
26/10/07 12:01:01 INFO TaskSetManager: Finished task 44.0 in stage 5.0 (TID 67) in 1714 ms on master (executor driver) (45/64)
26/10/07 12:01:01 INFO Executor: Running task 46.0 in stage 5.0 (TID 69)
26/10/07 12:01:01 INFO ShuffleBlockFetcherIterator: Getting 11 (13.2 MiB) non-empty blocks including 11 (13.2 MiB) local and 0 (0.0 B) host-local and 0 (0.0 B) push-merged-local and 0 (0.0 B) remote blocks
26/10/07 12:01:01 INFO ShuffleBlockFetcherIterator: Started 0 remote fetches in 1 ms
26/10/07 12:01:03 INFO MemoryStore: Block rdd_39_45 stored as values in memory (estimated size 8.9 MiB, free 1185.7 MiB)
26/10/07 12:01:03 INFO BlockManagerInfo: Added rdd_39_45 in memory on master:40245 (size: 8.9 MiB, free: 1254.8 MiB)
26/10/07 12:01:03 INFO Executor: 1 block locks were not released by task 45.0 in stage 5.0 (TID 68)
[rdd_39_45]
26/10/07 12:01:03 INFO Executor: Finished task 45.0 in stage 5.0 (TID 68). 5883 bytes result sent to driver
26/10/07 12:01:03 INFO TaskSetManager: Starting task 47.0 in stage 5.0 (TID 70) (master, executor driver, partition 47, NODE_LOCAL, 7615 bytes) 
26/10/07 12:01:03 INFO Executor: Running task 47.0 in stage 5.0 (TID 70)
26/10/07 12:01:03 INFO TaskSetManager: Finished task 45.0 in stage 5.0 (TID 68) in 2044 ms on master (executor driver) (46/64)
26/10/07 12:01:03 INFO ShuffleBlockFetcherIterator: Getting 11 (13.2 MiB) non-empty blocks including 11 (13.2 MiB) local and 0 (0.0 B) host-local and 0 (0.0 B) push-merged-local and 0 (0.0 B) remote blocks
26/10/07 12:01:03 INFO ShuffleBlockFetcherIterator: Started 0 remote fetches in 3 ms
26/10/07 12:01:03 INFO MemoryStore: Block rdd_39_46 stored as values in memory (estimated size 8.9 MiB, free 1176.8 MiB)
26/10/07 12:01:03 INFO BlockManagerInfo: Added rdd_39_46 in memory on master:40245 (size: 8.9 MiB, free: 1245.9 MiB)
26/10/07 12:01:03 INFO Executor: 1 block locks were not released by task 46.0 in stage 5.0 (TID 69)
[rdd_39_46]
26/10/07 12:01:03 INFO Executor: Finished task 46.0 in stage 5.0 (TID 69). 5883 bytes result sent to driver
26/10/07 12:01:03 INFO TaskSetManager: Starting task 48.0 in stage 5.0 (TID 71) (master, executor driver, partition 48, NODE_LOCAL, 7615 bytes) 
26/10/07 12:01:03 INFO TaskSetManager: Finished task 46.0 in stage 5.0 (TID 69) in 2528 ms on master (executor driver) (47/64)
26/10/07 12:01:03 INFO Executor: Running task 48.0 in stage 5.0 (TID 71)
26/10/07 12:01:03 INFO ShuffleBlockFetcherIterator: Getting 11 (13.2 MiB) non-empty blocks including 11 (13.2 MiB) local and 0 (0.0 B) host-local and 0 (0.0 B) push-merged-local and 0 (0.0 B) remote blocks
26/10/07 12:01:03 INFO ShuffleBlockFetcherIterator: Started 0 remote fetches in 0 ms
26/10/07 12:01:05 INFO MemoryStore: Block rdd_39_47 stored as values in memory (estimated size 8.9 MiB, free 1168.0 MiB)
26/10/07 12:01:05 INFO BlockManagerInfo: Added rdd_39_47 in memory on master:40245 (size: 8.9 MiB, free: 1237.0 MiB)
26/10/07 12:01:05 INFO Executor: 1 block locks were not released by task 47.0 in stage 5.0 (TID 70)
[rdd_39_47]
26/10/07 12:01:05 INFO Executor: Finished task 47.0 in stage 5.0 (TID 70). 5926 bytes result sent to driver
26/10/07 12:01:05 INFO TaskSetManager: Starting task 49.0 in stage 5.0 (TID 72) (master, executor driver, partition 49, NODE_LOCAL, 7615 bytes) 
26/10/07 12:01:05 INFO Executor: Running task 49.0 in stage 5.0 (TID 72)
26/10/07 12:01:05 INFO TaskSetManager: Finished task 47.0 in stage 5.0 (TID 70) in 2452 ms on master (executor driver) (48/64)
26/10/07 12:01:05 INFO ShuffleBlockFetcherIterator: Getting 11 (13.3 MiB) non-empty blocks including 11 (13.3 MiB) local and 0 (0.0 B) host-local and 0 (0.0 B) push-merged-local and 0 (0.0 B) remote blocks
26/10/07 12:01:05 INFO ShuffleBlockFetcherIterator: Started 0 remote fetches in 1 ms
26/10/07 12:01:06 INFO MemoryStore: Block rdd_39_48 stored as values in memory (estimated size 8.9 MiB, free 1159.1 MiB)
26/10/07 12:01:06 INFO BlockManagerInfo: Added rdd_39_48 in memory on master:40245 (size: 8.9 MiB, free: 1228.2 MiB)
26/10/07 12:01:06 INFO Executor: 1 block locks were not released by task 48.0 in stage 5.0 (TID 71)
[rdd_39_48]
26/10/07 12:01:06 INFO Executor: Finished task 48.0 in stage 5.0 (TID 71). 5883 bytes result sent to driver
26/10/07 12:01:06 INFO TaskSetManager: Starting task 50.0 in stage 5.0 (TID 73) (master, executor driver, partition 50, NODE_LOCAL, 7615 bytes) 
26/10/07 12:01:06 INFO Executor: Running task 50.0 in stage 5.0 (TID 73)
26/10/07 12:01:06 INFO TaskSetManager: Finished task 48.0 in stage 5.0 (TID 71) in 2536 ms on master (executor driver) (49/64)
26/10/07 12:01:06 INFO ShuffleBlockFetcherIterator: Getting 11 (13.2 MiB) non-empty blocks including 11 (13.2 MiB) local and 0 (0.0 B) host-local and 0 (0.0 B) push-merged-local and 0 (0.0 B) remote blocks
26/10/07 12:01:06 INFO ShuffleBlockFetcherIterator: Started 0 remote fetches in 1 ms
26/10/07 12:01:07 INFO MemoryStore: Block rdd_39_49 stored as values in memory (estimated size 8.9 MiB, free 1150.3 MiB)
26/10/07 12:01:07 INFO BlockManagerInfo: Added rdd_39_49 in memory on master:40245 (size: 8.9 MiB, free: 1219.3 MiB)
26/10/07 12:01:07 INFO Executor: 1 block locks were not released by task 49.0 in stage 5.0 (TID 72)
[rdd_39_49]
26/10/07 12:01:07 INFO Executor: Finished task 49.0 in stage 5.0 (TID 72). 5883 bytes result sent to driver
26/10/07 12:01:07 INFO TaskSetManager: Starting task 51.0 in stage 5.0 (TID 74) (master, executor driver, partition 51, NODE_LOCAL, 7615 bytes) 
26/10/07 12:01:07 INFO Executor: Running task 51.0 in stage 5.0 (TID 74)
26/10/07 12:01:07 INFO TaskSetManager: Finished task 49.0 in stage 5.0 (TID 72) in 2323 ms on master (executor driver) (50/64)
26/10/07 12:01:07 INFO ShuffleBlockFetcherIterator: Getting 11 (13.2 MiB) non-empty blocks including 11 (13.2 MiB) local and 0 (0.0 B) host-local and 0 (0.0 B) push-merged-local and 0 (0.0 B) remote blocks
26/10/07 12:01:07 INFO ShuffleBlockFetcherIterator: Started 0 remote fetches in 1 ms
26/10/07 12:01:08 INFO MemoryStore: Block rdd_39_50 stored as values in memory (estimated size 8.9 MiB, free 1141.4 MiB)
26/10/07 12:01:08 INFO BlockManagerInfo: Added rdd_39_50 in memory on master:40245 (size: 8.9 MiB, free: 1210.5 MiB)
26/10/07 12:01:08 INFO Executor: 1 block locks were not released by task 50.0 in stage 5.0 (TID 73)
[rdd_39_50]
26/10/07 12:01:08 INFO Executor: Finished task 50.0 in stage 5.0 (TID 73). 5883 bytes result sent to driver
26/10/07 12:01:08 INFO TaskSetManager: Starting task 52.0 in stage 5.0 (TID 75) (master, executor driver, partition 52, NODE_LOCAL, 7615 bytes) 
26/10/07 12:01:08 INFO TaskSetManager: Finished task 50.0 in stage 5.0 (TID 73) in 2197 ms on master (executor driver) (51/64)
26/10/07 12:01:08 INFO Executor: Running task 52.0 in stage 5.0 (TID 75)
26/10/07 12:01:08 INFO ShuffleBlockFetcherIterator: Getting 11 (13.2 MiB) non-empty blocks including 11 (13.2 MiB) local and 0 (0.0 B) host-local and 0 (0.0 B) push-merged-local and 0 (0.0 B) remote blocks
26/10/07 12:01:08 INFO ShuffleBlockFetcherIterator: Started 0 remote fetches in 0 ms
26/10/07 12:01:09 INFO MemoryStore: Block rdd_39_51 stored as values in memory (estimated size 8.9 MiB, free 1132.5 MiB)
26/10/07 12:01:09 INFO BlockManagerInfo: Added rdd_39_51 in memory on master:40245 (size: 8.9 MiB, free: 1201.6 MiB)
26/10/07 12:01:09 INFO Executor: 1 block locks were not released by task 51.0 in stage 5.0 (TID 74)
[rdd_39_51]
26/10/07 12:01:09 INFO Executor: Finished task 51.0 in stage 5.0 (TID 74). 5883 bytes result sent to driver
26/10/07 12:01:09 INFO TaskSetManager: Starting task 53.0 in stage 5.0 (TID 76) (master, executor driver, partition 53, NODE_LOCAL, 7615 bytes) 
26/10/07 12:01:09 INFO TaskSetManager: Finished task 51.0 in stage 5.0 (TID 74) in 2012 ms on master (executor driver) (52/64)
26/10/07 12:01:09 INFO Executor: Running task 53.0 in stage 5.0 (TID 76)
26/10/07 12:01:09 INFO ShuffleBlockFetcherIterator: Getting 11 (13.2 MiB) non-empty blocks including 11 (13.2 MiB) local and 0 (0.0 B) host-local and 0 (0.0 B) push-merged-local and 0 (0.0 B) remote blocks
26/10/07 12:01:09 INFO ShuffleBlockFetcherIterator: Started 0 remote fetches in 3 ms
26/10/07 12:01:10 INFO MemoryStore: Block rdd_39_52 stored as values in memory (estimated size 8.9 MiB, free 1123.6 MiB)
26/10/07 12:01:10 INFO BlockManagerInfo: Added rdd_39_52 in memory on master:40245 (size: 8.9 MiB, free: 1192.7 MiB)
26/10/07 12:01:10 INFO Executor: 1 block locks were not released by task 52.0 in stage 5.0 (TID 75)
[rdd_39_52]
26/10/07 12:01:10 INFO Executor: Finished task 52.0 in stage 5.0 (TID 75). 5883 bytes result sent to driver
26/10/07 12:01:10 INFO TaskSetManager: Starting task 54.0 in stage 5.0 (TID 77) (master, executor driver, partition 54, NODE_LOCAL, 7615 bytes) 
26/10/07 12:01:10 INFO Executor: Running task 54.0 in stage 5.0 (TID 77)
26/10/07 12:01:10 INFO TaskSetManager: Finished task 52.0 in stage 5.0 (TID 75) in 1976 ms on master (executor driver) (53/64)
26/10/07 12:01:10 INFO ShuffleBlockFetcherIterator: Getting 11 (13.2 MiB) non-empty blocks including 11 (13.2 MiB) local and 0 (0.0 B) host-local and 0 (0.0 B) push-merged-local and 0 (0.0 B) remote blocks
26/10/07 12:01:10 INFO ShuffleBlockFetcherIterator: Started 0 remote fetches in 1 ms
26/10/07 12:01:11 INFO MemoryStore: Block rdd_39_53 stored as values in memory (estimated size 8.9 MiB, free 1114.7 MiB)
26/10/07 12:01:11 INFO BlockManagerInfo: Added rdd_39_53 in memory on master:40245 (size: 8.9 MiB, free: 1183.8 MiB)
26/10/07 12:01:11 INFO Executor: 1 block locks were not released by task 53.0 in stage 5.0 (TID 76)
[rdd_39_53]
26/10/07 12:01:11 INFO Executor: Finished task 53.0 in stage 5.0 (TID 76). 5926 bytes result sent to driver
26/10/07 12:01:11 INFO TaskSetManager: Starting task 55.0 in stage 5.0 (TID 78) (master, executor driver, partition 55, NODE_LOCAL, 7615 bytes) 
26/10/07 12:01:11 INFO TaskSetManager: Finished task 53.0 in stage 5.0 (TID 76) in 2029 ms on master (executor driver) (54/64)
26/10/07 12:01:11 INFO Executor: Running task 55.0 in stage 5.0 (TID 78)
26/10/07 12:01:11 INFO ShuffleBlockFetcherIterator: Getting 11 (13.2 MiB) non-empty blocks including 11 (13.2 MiB) local and 0 (0.0 B) host-local and 0 (0.0 B) push-merged-local and 0 (0.0 B) remote blocks
26/10/07 12:01:11 INFO ShuffleBlockFetcherIterator: Started 0 remote fetches in 1 ms
26/10/07 12:01:12 INFO MemoryStore: Block rdd_39_54 stored as values in memory (estimated size 8.9 MiB, free 1105.9 MiB)
26/10/07 12:01:12 INFO BlockManagerInfo: Added rdd_39_54 in memory on master:40245 (size: 8.9 MiB, free: 1174.9 MiB)
26/10/07 12:01:12 INFO Executor: 1 block locks were not released by task 54.0 in stage 5.0 (TID 77)
[rdd_39_54]
26/10/07 12:01:12 INFO Executor: Finished task 54.0 in stage 5.0 (TID 77). 5883 bytes result sent to driver
26/10/07 12:01:12 INFO TaskSetManager: Starting task 56.0 in stage 5.0 (TID 79) (master, executor driver, partition 56, NODE_LOCAL, 7615 bytes) 
26/10/07 12:01:12 INFO Executor: Running task 56.0 in stage 5.0 (TID 79)
26/10/07 12:01:12 INFO TaskSetManager: Finished task 54.0 in stage 5.0 (TID 77) in 2067 ms on master (executor driver) (55/64)
26/10/07 12:01:12 INFO ShuffleBlockFetcherIterator: Getting 11 (13.2 MiB) non-empty blocks including 11 (13.2 MiB) local and 0 (0.0 B) host-local and 0 (0.0 B) push-merged-local and 0 (0.0 B) remote blocks
26/10/07 12:01:12 INFO ShuffleBlockFetcherIterator: Started 0 remote fetches in 0 ms
26/10/07 12:01:13 INFO MemoryStore: Block rdd_39_55 stored as values in memory (estimated size 8.9 MiB, free 1097.0 MiB)
26/10/07 12:01:13 INFO BlockManagerInfo: Added rdd_39_55 in memory on master:40245 (size: 8.9 MiB, free: 1166.1 MiB)
26/10/07 12:01:13 INFO Executor: 1 block locks were not released by task 55.0 in stage 5.0 (TID 78)
[rdd_39_55]
26/10/07 12:01:13 INFO Executor: Finished task 55.0 in stage 5.0 (TID 78). 5883 bytes result sent to driver
26/10/07 12:01:13 INFO TaskSetManager: Starting task 57.0 in stage 5.0 (TID 80) (master, executor driver, partition 57, NODE_LOCAL, 7615 bytes) 
26/10/07 12:01:13 INFO TaskSetManager: Finished task 55.0 in stage 5.0 (TID 78) in 1921 ms on master (executor driver) (56/64)
26/10/07 12:01:13 INFO Executor: Running task 57.0 in stage 5.0 (TID 80)
26/10/07 12:01:13 INFO ShuffleBlockFetcherIterator: Getting 11 (13.2 MiB) non-empty blocks including 11 (13.2 MiB) local and 0 (0.0 B) host-local and 0 (0.0 B) push-merged-local and 0 (0.0 B) remote blocks
26/10/07 12:01:13 INFO ShuffleBlockFetcherIterator: Started 0 remote fetches in 3 ms
26/10/07 12:01:15 INFO MemoryStore: Block rdd_39_56 stored as values in memory (estimated size 8.9 MiB, free 1088.1 MiB)
26/10/07 12:01:15 INFO BlockManagerInfo: Added rdd_39_56 in memory on master:40245 (size: 8.9 MiB, free: 1157.2 MiB)
26/10/07 12:01:15 INFO Executor: 1 block locks were not released by task 56.0 in stage 5.0 (TID 79)
[rdd_39_56]
26/10/07 12:01:15 INFO Executor: Finished task 56.0 in stage 5.0 (TID 79). 5926 bytes result sent to driver
26/10/07 12:01:15 INFO TaskSetManager: Starting task 58.0 in stage 5.0 (TID 81) (master, executor driver, partition 58, NODE_LOCAL, 7615 bytes) 
26/10/07 12:01:15 INFO TaskSetManager: Finished task 56.0 in stage 5.0 (TID 79) in 2724 ms on master (executor driver) (57/64)
26/10/07 12:01:15 INFO Executor: Running task 58.0 in stage 5.0 (TID 81)
26/10/07 12:01:15 INFO ShuffleBlockFetcherIterator: Getting 11 (13.2 MiB) non-empty blocks including 11 (13.2 MiB) local and 0 (0.0 B) host-local and 0 (0.0 B) push-merged-local and 0 (0.0 B) remote blocks
26/10/07 12:01:15 INFO ShuffleBlockFetcherIterator: Started 0 remote fetches in 6 ms
26/10/07 12:01:15 INFO MemoryStore: Block rdd_39_57 stored as values in memory (estimated size 8.9 MiB, free 1079.3 MiB)
26/10/07 12:01:15 INFO BlockManagerInfo: Added rdd_39_57 in memory on master:40245 (size: 8.9 MiB, free: 1148.3 MiB)
26/10/07 12:01:15 INFO Executor: 1 block locks were not released by task 57.0 in stage 5.0 (TID 80)
[rdd_39_57]
26/10/07 12:01:15 INFO Executor: Finished task 57.0 in stage 5.0 (TID 80). 5883 bytes result sent to driver
26/10/07 12:01:15 INFO TaskSetManager: Starting task 59.0 in stage 5.0 (TID 82) (master, executor driver, partition 59, NODE_LOCAL, 7615 bytes) 
26/10/07 12:01:15 INFO TaskSetManager: Finished task 57.0 in stage 5.0 (TID 80) in 1878 ms on master (executor driver) (58/64)
26/10/07 12:01:15 INFO Executor: Running task 59.0 in stage 5.0 (TID 82)
26/10/07 12:01:15 INFO ShuffleBlockFetcherIterator: Getting 11 (13.2 MiB) non-empty blocks including 11 (13.2 MiB) local and 0 (0.0 B) host-local and 0 (0.0 B) push-merged-local and 0 (0.0 B) remote blocks
26/10/07 12:01:15 INFO ShuffleBlockFetcherIterator: Started 0 remote fetches in 1 ms
26/10/07 12:01:17 INFO MemoryStore: Block rdd_39_58 stored as values in memory (estimated size 8.9 MiB, free 1070.4 MiB)
26/10/07 12:01:17 INFO BlockManagerInfo: Added rdd_39_58 in memory on master:40245 (size: 8.9 MiB, free: 1139.5 MiB)
26/10/07 12:01:17 INFO Executor: 1 block locks were not released by task 58.0 in stage 5.0 (TID 81)
[rdd_39_58]
26/10/07 12:01:17 INFO Executor: Finished task 58.0 in stage 5.0 (TID 81). 5883 bytes result sent to driver
26/10/07 12:01:17 INFO TaskSetManager: Starting task 60.0 in stage 5.0 (TID 83) (master, executor driver, partition 60, NODE_LOCAL, 7615 bytes) 
26/10/07 12:01:17 INFO Executor: Running task 60.0 in stage 5.0 (TID 83)
26/10/07 12:01:17 INFO TaskSetManager: Finished task 58.0 in stage 5.0 (TID 81) in 1990 ms on master (executor driver) (59/64)
26/10/07 12:01:17 INFO ShuffleBlockFetcherIterator: Getting 11 (13.2 MiB) non-empty blocks including 11 (13.2 MiB) local and 0 (0.0 B) host-local and 0 (0.0 B) push-merged-local and 0 (0.0 B) remote blocks
26/10/07 12:01:17 INFO ShuffleBlockFetcherIterator: Started 0 remote fetches in 9 ms
26/10/07 12:01:18 INFO MemoryStore: Block rdd_39_59 stored as values in memory (estimated size 8.9 MiB, free 1061.5 MiB)
26/10/07 12:01:18 INFO BlockManagerInfo: Added rdd_39_59 in memory on master:40245 (size: 8.9 MiB, free: 1130.6 MiB)
26/10/07 12:01:18 INFO Executor: 1 block locks were not released by task 59.0 in stage 5.0 (TID 82)
[rdd_39_59]
26/10/07 12:01:18 INFO Executor: Finished task 59.0 in stage 5.0 (TID 82). 5926 bytes result sent to driver
26/10/07 12:01:18 INFO TaskSetManager: Starting task 61.0 in stage 5.0 (TID 84) (master, executor driver, partition 61, NODE_LOCAL, 7615 bytes) 
26/10/07 12:01:18 INFO Executor: Running task 61.0 in stage 5.0 (TID 84)
26/10/07 12:01:18 INFO TaskSetManager: Finished task 59.0 in stage 5.0 (TID 82) in 2522 ms on master (executor driver) (60/64)
26/10/07 12:01:18 INFO ShuffleBlockFetcherIterator: Getting 11 (13.2 MiB) non-empty blocks including 11 (13.2 MiB) local and 0 (0.0 B) host-local and 0 (0.0 B) push-merged-local and 0 (0.0 B) remote blocks
26/10/07 12:01:18 INFO ShuffleBlockFetcherIterator: Started 0 remote fetches in 1 ms
26/10/07 12:01:20 INFO MemoryStore: Block rdd_39_60 stored as values in memory (estimated size 8.9 MiB, free 1052.6 MiB)
26/10/07 12:01:20 INFO BlockManagerInfo: Added rdd_39_60 in memory on master:40245 (size: 8.9 MiB, free: 1121.7 MiB)
26/10/07 12:01:20 INFO Executor: 1 block locks were not released by task 60.0 in stage 5.0 (TID 83)
[rdd_39_60]
26/10/07 12:01:20 INFO Executor: Finished task 60.0 in stage 5.0 (TID 83). 5883 bytes result sent to driver
26/10/07 12:01:20 INFO TaskSetManager: Starting task 62.0 in stage 5.0 (TID 85) (master, executor driver, partition 62, NODE_LOCAL, 7615 bytes) 
26/10/07 12:01:20 INFO TaskSetManager: Finished task 60.0 in stage 5.0 (TID 83) in 3374 ms on master (executor driver) (61/64)
26/10/07 12:01:20 INFO Executor: Running task 62.0 in stage 5.0 (TID 85)
26/10/07 12:01:20 INFO ShuffleBlockFetcherIterator: Getting 11 (13.2 MiB) non-empty blocks including 11 (13.2 MiB) local and 0 (0.0 B) host-local and 0 (0.0 B) push-merged-local and 0 (0.0 B) remote blocks
26/10/07 12:01:20 INFO ShuffleBlockFetcherIterator: Started 0 remote fetches in 1 ms
26/10/07 12:01:21 INFO MemoryStore: Block rdd_39_61 stored as values in memory (estimated size 8.9 MiB, free 1043.7 MiB)
26/10/07 12:01:21 INFO BlockManagerInfo: Added rdd_39_61 in memory on master:40245 (size: 8.9 MiB, free: 1112.8 MiB)
26/10/07 12:01:21 INFO Executor: 1 block locks were not released by task 61.0 in stage 5.0 (TID 84)
[rdd_39_61]
26/10/07 12:01:21 INFO Executor: Finished task 61.0 in stage 5.0 (TID 84). 5926 bytes result sent to driver
26/10/07 12:01:21 INFO TaskSetManager: Starting task 63.0 in stage 5.0 (TID 86) (master, executor driver, partition 63, NODE_LOCAL, 7615 bytes) 
26/10/07 12:01:21 INFO TaskSetManager: Finished task 61.0 in stage 5.0 (TID 84) in 3146 ms on master (executor driver) (62/64)
26/10/07 12:01:21 INFO Executor: Running task 63.0 in stage 5.0 (TID 86)
26/10/07 12:01:21 INFO ShuffleBlockFetcherIterator: Getting 11 (13.2 MiB) non-empty blocks including 11 (13.2 MiB) local and 0 (0.0 B) host-local and 0 (0.0 B) push-merged-local and 0 (0.0 B) remote blocks
26/10/07 12:01:21 INFO ShuffleBlockFetcherIterator: Started 0 remote fetches in 2 ms
26/10/07 12:01:22 INFO MemoryStore: Block rdd_39_62 stored as values in memory (estimated size 8.9 MiB, free 1034.8 MiB)
26/10/07 12:01:22 INFO BlockManagerInfo: Added rdd_39_62 in memory on master:40245 (size: 8.9 MiB, free: 1103.9 MiB)
26/10/07 12:01:22 INFO Executor: 1 block locks were not released by task 62.0 in stage 5.0 (TID 85)
[rdd_39_62]
26/10/07 12:01:22 INFO Executor: Finished task 62.0 in stage 5.0 (TID 85). 5883 bytes result sent to driver
26/10/07 12:01:22 INFO TaskSetManager: Finished task 62.0 in stage 5.0 (TID 85) in 1899 ms on master (executor driver) (63/64)
26/10/07 12:01:23 INFO MemoryStore: Block rdd_39_63 stored as values in memory (estimated size 8.9 MiB, free 1094.0 MiB)
26/10/07 12:01:23 INFO BlockManagerInfo: Added rdd_39_63 in memory on master:40245 (size: 8.9 MiB, free: 1095.0 MiB)
26/10/07 12:01:23 INFO Executor: 1 block locks were not released by task 63.0 in stage 5.0 (TID 86)
[rdd_39_63]
26/10/07 12:01:23 INFO Executor: Finished task 63.0 in stage 5.0 (TID 86). 5883 bytes result sent to driver
26/10/07 12:01:23 INFO TaskSetManager: Finished task 63.0 in stage 5.0 (TID 86) in 1689 ms on master (executor driver) (64/64)
26/10/07 12:01:23 INFO TaskSchedulerImpl: Removed TaskSet 5.0, whose tasks have all completed, from pool 
26/10/07 12:01:23 INFO DAGScheduler: ResultStage 5 (first at /home/marlon/stablecoin-depeg-detection/src/quality_opt.py:105) finished in 94.017 s
26/10/07 12:01:23 INFO DAGScheduler: Job 3 is finished. Cancelling potential speculative or zombie tasks for this job
26/10/07 12:01:23 INFO TaskSchedulerImpl: Killing all running tasks in stage 5: Stage finished
26/10/07 12:01:23 INFO CodeGenerator: Code generated in 308.215898 ms
26/10/07 12:01:23 INFO DAGScheduler: Registering RDD 44 (first at /home/marlon/stablecoin-depeg-detection/src/quality_opt.py:105) as input to shuffle 2
26/10/07 12:01:23 INFO DAGScheduler: Got map stage job 4 (first at /home/marlon/stablecoin-depeg-detection/src/quality_opt.py:105) with 64 output partitions
26/10/07 12:01:23 INFO DAGScheduler: Final stage: ShuffleMapStage 7 (first at /home/marlon/stablecoin-depeg-detection/src/quality_opt.py:105)
26/10/07 12:01:23 INFO DAGScheduler: Parents of final stage: List(ShuffleMapStage 6)
26/10/07 12:01:23 INFO DAGScheduler: Missing parents: List()
26/10/07 12:01:23 INFO DAGScheduler: Submitting ShuffleMapStage 7 (MapPartitionsRDD[44] at first at /home/marlon/stablecoin-depeg-detection/src/quality_opt.py:105), which has no missing parents
26/10/07 12:01:23 INFO MemoryStore: Block broadcast_14 stored as values in memory (estimated size 102.8 KiB, free 1093.9 MiB)
26/10/07 12:01:23 INFO MemoryStore: Block broadcast_14_piece0 stored as bytes in memory (estimated size 37.1 KiB, free 1093.8 MiB)
26/10/07 12:01:23 INFO BlockManagerInfo: Added broadcast_14_piece0 in memory on master:40245 (size: 37.1 KiB, free: 1095.0 MiB)
26/10/07 12:01:23 INFO SparkContext: Created broadcast 14 from broadcast at DAGScheduler.scala:1585
26/10/07 12:01:23 INFO DAGScheduler: Submitting 64 missing tasks from ShuffleMapStage 7 (MapPartitionsRDD[44] at first at /home/marlon/stablecoin-depeg-detection/src/quality_opt.py:105) (first 15 tasks are for partitions Vector(0, 1, 2, 3, 4, 5, 6, 7, 8, 9, 10, 11, 12, 13, 14))
26/10/07 12:01:23 INFO TaskSchedulerImpl: Adding task set 7.0 with 64 tasks resource profile 0
26/10/07 12:01:23 INFO TaskSetManager: Starting task 0.0 in stage 7.0 (TID 87) (master, executor driver, partition 0, PROCESS_LOCAL, 7604 bytes) 
26/10/07 12:01:23 INFO TaskSetManager: Starting task 1.0 in stage 7.0 (TID 88) (master, executor driver, partition 1, PROCESS_LOCAL, 7604 bytes) 
26/10/07 12:01:23 INFO Executor: Running task 1.0 in stage 7.0 (TID 88)
26/10/07 12:01:23 INFO Executor: Running task 0.0 in stage 7.0 (TID 87)
26/10/07 12:01:23 INFO BlockManager: Found block rdd_39_1 locally
26/10/07 12:01:23 INFO BlockManager: Found block rdd_39_0 locally
26/10/07 12:01:23 INFO CodeGenerator: Code generated in 20.312401 ms
26/10/07 12:01:24 INFO CodeGenerator: Code generated in 34.514505 ms
26/10/07 12:01:24 INFO CodeGenerator: Code generated in 28.496798 ms
26/10/07 12:01:24 INFO Executor: Finished task 0.0 in stage 7.0 (TID 87). 5818 bytes result sent to driver
26/10/07 12:01:24 INFO TaskSetManager: Starting task 2.0 in stage 7.0 (TID 89) (master, executor driver, partition 2, PROCESS_LOCAL, 7604 bytes) 
26/10/07 12:01:24 INFO TaskSetManager: Finished task 0.0 in stage 7.0 (TID 87) in 461 ms on master (executor driver) (1/64)
26/10/07 12:01:24 INFO Executor: Running task 2.0 in stage 7.0 (TID 89)
26/10/07 12:01:24 INFO BlockManager: Found block rdd_39_2 locally
26/10/07 12:01:24 INFO Executor: Finished task 2.0 in stage 7.0 (TID 89). 5818 bytes result sent to driver
26/10/07 12:01:24 INFO TaskSetManager: Starting task 3.0 in stage 7.0 (TID 90) (master, executor driver, partition 3, PROCESS_LOCAL, 7604 bytes) 
26/10/07 12:01:24 INFO Executor: Running task 3.0 in stage 7.0 (TID 90)
26/10/07 12:01:24 INFO TaskSetManager: Finished task 2.0 in stage 7.0 (TID 89) in 135 ms on master (executor driver) (2/64)
26/10/07 12:01:24 INFO BlockManager: Found block rdd_39_3 locally
26/10/07 12:01:24 INFO Executor: Finished task 1.0 in stage 7.0 (TID 88). 5818 bytes result sent to driver
26/10/07 12:01:24 INFO TaskSetManager: Starting task 4.0 in stage 7.0 (TID 91) (master, executor driver, partition 4, PROCESS_LOCAL, 7604 bytes) 
26/10/07 12:01:24 INFO TaskSetManager: Finished task 1.0 in stage 7.0 (TID 88) in 631 ms on master (executor driver) (3/64)
26/10/07 12:01:24 INFO Executor: Running task 4.0 in stage 7.0 (TID 91)
26/10/07 12:01:24 INFO BlockManager: Found block rdd_39_4 locally
26/10/07 12:01:24 INFO Executor: Finished task 4.0 in stage 7.0 (TID 91). 5818 bytes result sent to driver
26/10/07 12:01:24 INFO TaskSetManager: Starting task 5.0 in stage 7.0 (TID 92) (master, executor driver, partition 5, PROCESS_LOCAL, 7604 bytes) 
26/10/07 12:01:24 INFO Executor: Running task 5.0 in stage 7.0 (TID 92)
26/10/07 12:01:24 INFO TaskSetManager: Finished task 4.0 in stage 7.0 (TID 91) in 298 ms on master (executor driver) (4/64)
26/10/07 12:01:24 INFO BlockManager: Found block rdd_39_5 locally
26/10/07 12:01:24 INFO Executor: Finished task 3.0 in stage 7.0 (TID 90). 5818 bytes result sent to driver
26/10/07 12:01:24 INFO TaskSetManager: Starting task 6.0 in stage 7.0 (TID 93) (master, executor driver, partition 6, PROCESS_LOCAL, 7604 bytes) 
26/10/07 12:01:24 INFO TaskSetManager: Finished task 3.0 in stage 7.0 (TID 90) in 448 ms on master (executor driver) (5/64)
26/10/07 12:01:24 INFO Executor: Running task 6.0 in stage 7.0 (TID 93)
26/10/07 12:01:24 INFO BlockManager: Found block rdd_39_6 locally
26/10/07 12:01:24 INFO Executor: Finished task 5.0 in stage 7.0 (TID 92). 5818 bytes result sent to driver
26/10/07 12:01:24 INFO TaskSetManager: Starting task 7.0 in stage 7.0 (TID 94) (master, executor driver, partition 7, PROCESS_LOCAL, 7604 bytes) 
26/10/07 12:01:25 INFO TaskSetManager: Finished task 5.0 in stage 7.0 (TID 92) in 197 ms on master (executor driver) (6/64)
26/10/07 12:01:25 INFO Executor: Running task 7.0 in stage 7.0 (TID 94)
26/10/07 12:01:25 INFO BlockManager: Found block rdd_39_7 locally
26/10/07 12:01:25 INFO Executor: Finished task 7.0 in stage 7.0 (TID 94). 5861 bytes result sent to driver
26/10/07 12:01:25 INFO TaskSetManager: Starting task 8.0 in stage 7.0 (TID 95) (master, executor driver, partition 8, PROCESS_LOCAL, 7604 bytes) 
26/10/07 12:01:25 INFO TaskSetManager: Finished task 7.0 in stage 7.0 (TID 94) in 202 ms on master (executor driver) (7/64)
26/10/07 12:01:25 INFO Executor: Running task 8.0 in stage 7.0 (TID 95)
26/10/07 12:01:25 INFO BlockManager: Found block rdd_39_8 locally
26/10/07 12:01:25 INFO Executor: Finished task 6.0 in stage 7.0 (TID 93). 5818 bytes result sent to driver
26/10/07 12:01:25 INFO TaskSetManager: Starting task 9.0 in stage 7.0 (TID 96) (master, executor driver, partition 9, PROCESS_LOCAL, 7604 bytes) 
26/10/07 12:01:25 INFO Executor: Running task 9.0 in stage 7.0 (TID 96)
26/10/07 12:01:25 INFO TaskSetManager: Finished task 6.0 in stage 7.0 (TID 93) in 348 ms on master (executor driver) (8/64)
26/10/07 12:01:25 INFO BlockManager: Found block rdd_39_9 locally
26/10/07 12:01:25 INFO Executor: Finished task 8.0 in stage 7.0 (TID 95). 5818 bytes result sent to driver
26/10/07 12:01:25 INFO TaskSetManager: Starting task 10.0 in stage 7.0 (TID 97) (master, executor driver, partition 10, PROCESS_LOCAL, 7604 bytes) 
26/10/07 12:01:25 INFO TaskSetManager: Finished task 8.0 in stage 7.0 (TID 95) in 145 ms on master (executor driver) (9/64)
26/10/07 12:01:25 INFO Executor: Running task 10.0 in stage 7.0 (TID 97)
26/10/07 12:01:25 INFO BlockManager: Found block rdd_39_10 locally
26/10/07 12:01:25 INFO Executor: Finished task 10.0 in stage 7.0 (TID 97). 5861 bytes result sent to driver
26/10/07 12:01:25 INFO TaskSetManager: Starting task 11.0 in stage 7.0 (TID 98) (master, executor driver, partition 11, PROCESS_LOCAL, 7604 bytes) 
26/10/07 12:01:25 INFO TaskSetManager: Finished task 10.0 in stage 7.0 (TID 97) in 166 ms on master (executor driver) (10/64)
26/10/07 12:01:25 INFO Executor: Running task 11.0 in stage 7.0 (TID 98)
26/10/07 12:01:25 INFO BlockManager: Found block rdd_39_11 locally
26/10/07 12:01:25 INFO Executor: Finished task 11.0 in stage 7.0 (TID 98). 5861 bytes result sent to driver
26/10/07 12:01:25 INFO Executor: Finished task 9.0 in stage 7.0 (TID 96). 5861 bytes result sent to driver
26/10/07 12:01:25 INFO TaskSetManager: Starting task 12.0 in stage 7.0 (TID 99) (master, executor driver, partition 12, PROCESS_LOCAL, 7604 bytes) 
26/10/07 12:01:25 INFO Executor: Running task 12.0 in stage 7.0 (TID 99)
26/10/07 12:01:25 INFO TaskSetManager: Finished task 11.0 in stage 7.0 (TID 98) in 164 ms on master (executor driver) (11/64)
26/10/07 12:01:25 INFO TaskSetManager: Starting task 13.0 in stage 7.0 (TID 100) (master, executor driver, partition 13, PROCESS_LOCAL, 7604 bytes) 
26/10/07 12:01:25 INFO TaskSetManager: Finished task 9.0 in stage 7.0 (TID 96) in 399 ms on master (executor driver) (12/64)
26/10/07 12:01:25 INFO Executor: Running task 13.0 in stage 7.0 (TID 100)
26/10/07 12:01:25 INFO BlockManager: Found block rdd_39_12 locally
26/10/07 12:01:25 INFO BlockManager: Found block rdd_39_13 locally
26/10/07 12:01:25 INFO Executor: Finished task 12.0 in stage 7.0 (TID 99). 5818 bytes result sent to driver
26/10/07 12:01:25 INFO TaskSetManager: Starting task 14.0 in stage 7.0 (TID 101) (master, executor driver, partition 14, PROCESS_LOCAL, 7604 bytes) 
26/10/07 12:01:25 INFO TaskSetManager: Finished task 12.0 in stage 7.0 (TID 99) in 226 ms on master (executor driver) (13/64)
26/10/07 12:01:25 INFO Executor: Running task 14.0 in stage 7.0 (TID 101)
26/10/07 12:01:25 INFO BlockManager: Found block rdd_39_14 locally
26/10/07 12:01:26 INFO Executor: Finished task 14.0 in stage 7.0 (TID 101). 5818 bytes result sent to driver
26/10/07 12:01:26 INFO TaskSetManager: Starting task 15.0 in stage 7.0 (TID 102) (master, executor driver, partition 15, PROCESS_LOCAL, 7604 bytes) 
26/10/07 12:01:26 INFO Executor: Running task 15.0 in stage 7.0 (TID 102)
26/10/07 12:01:26 INFO TaskSetManager: Finished task 14.0 in stage 7.0 (TID 101) in 136 ms on master (executor driver) (14/64)
26/10/07 12:01:26 INFO BlockManager: Found block rdd_39_15 locally
26/10/07 12:01:26 INFO Executor: Finished task 13.0 in stage 7.0 (TID 100). 5818 bytes result sent to driver
26/10/07 12:01:26 INFO TaskSetManager: Starting task 16.0 in stage 7.0 (TID 103) (master, executor driver, partition 16, PROCESS_LOCAL, 7604 bytes) 
26/10/07 12:01:26 INFO Executor: Running task 16.0 in stage 7.0 (TID 103)
26/10/07 12:01:26 INFO TaskSetManager: Finished task 13.0 in stage 7.0 (TID 100) in 377 ms on master (executor driver) (15/64)
26/10/07 12:01:26 INFO BlockManager: Found block rdd_39_16 locally
26/10/07 12:01:26 INFO Executor: Finished task 15.0 in stage 7.0 (TID 102). 5818 bytes result sent to driver
26/10/07 12:01:26 INFO TaskSetManager: Starting task 17.0 in stage 7.0 (TID 104) (master, executor driver, partition 17, PROCESS_LOCAL, 7604 bytes) 
26/10/07 12:01:26 INFO TaskSetManager: Finished task 15.0 in stage 7.0 (TID 102) in 132 ms on master (executor driver) (16/64)
26/10/07 12:01:26 INFO Executor: Running task 17.0 in stage 7.0 (TID 104)
26/10/07 12:01:26 INFO BlockManager: Found block rdd_39_17 locally
26/10/07 12:01:26 INFO Executor: Finished task 17.0 in stage 7.0 (TID 104). 5818 bytes result sent to driver
26/10/07 12:01:26 INFO TaskSetManager: Finished task 17.0 in stage 7.0 (TID 104) in 69 ms on master (executor driver) (17/64)
26/10/07 12:01:26 INFO Executor: Finished task 16.0 in stage 7.0 (TID 103). 5818 bytes result sent to driver
26/10/07 12:01:26 INFO TaskSetManager: Starting task 18.0 in stage 7.0 (TID 105) (master, executor driver, partition 18, PROCESS_LOCAL, 7604 bytes) 
26/10/07 12:01:26 INFO Executor: Running task 18.0 in stage 7.0 (TID 105)
26/10/07 12:01:26 INFO TaskSetManager: Starting task 19.0 in stage 7.0 (TID 106) (master, executor driver, partition 19, PROCESS_LOCAL, 7604 bytes) 
26/10/07 12:01:26 INFO TaskSetManager: Finished task 16.0 in stage 7.0 (TID 103) in 167 ms on master (executor driver) (18/64)
26/10/07 12:01:26 INFO Executor: Running task 19.0 in stage 7.0 (TID 106)
26/10/07 12:01:26 INFO BlockManager: Found block rdd_39_19 locally
26/10/07 12:01:26 INFO BlockManager: Found block rdd_39_18 locally
26/10/07 12:01:26 INFO Executor: Finished task 19.0 in stage 7.0 (TID 106). 5818 bytes result sent to driver
26/10/07 12:01:26 INFO TaskSetManager: Starting task 20.0 in stage 7.0 (TID 107) (master, executor driver, partition 20, PROCESS_LOCAL, 7604 bytes) 
26/10/07 12:01:26 INFO TaskSetManager: Finished task 19.0 in stage 7.0 (TID 106) in 87 ms on master (executor driver) (19/64)
26/10/07 12:01:26 INFO Executor: Running task 20.0 in stage 7.0 (TID 107)
26/10/07 12:01:26 INFO BlockManager: Found block rdd_39_20 locally
26/10/07 12:01:26 INFO Executor: Finished task 18.0 in stage 7.0 (TID 105). 5818 bytes result sent to driver
26/10/07 12:01:26 INFO TaskSetManager: Starting task 21.0 in stage 7.0 (TID 108) (master, executor driver, partition 21, PROCESS_LOCAL, 7604 bytes) 
26/10/07 12:01:26 INFO TaskSetManager: Finished task 18.0 in stage 7.0 (TID 105) in 121 ms on master (executor driver) (20/64)
26/10/07 12:01:26 INFO Executor: Running task 21.0 in stage 7.0 (TID 108)
26/10/07 12:01:26 INFO BlockManager: Found block rdd_39_21 locally
26/10/07 12:01:26 INFO Executor: Finished task 20.0 in stage 7.0 (TID 107). 5818 bytes result sent to driver
26/10/07 12:01:26 INFO TaskSetManager: Starting task 22.0 in stage 7.0 (TID 109) (master, executor driver, partition 22, PROCESS_LOCAL, 7604 bytes) 
26/10/07 12:01:26 INFO TaskSetManager: Finished task 20.0 in stage 7.0 (TID 107) in 77 ms on master (executor driver) (21/64)
26/10/07 12:01:26 INFO Executor: Running task 22.0 in stage 7.0 (TID 109)
26/10/07 12:01:26 INFO BlockManager: Found block rdd_39_22 locally
26/10/07 12:01:26 INFO Executor: Finished task 21.0 in stage 7.0 (TID 108). 5818 bytes result sent to driver
26/10/07 12:01:26 INFO TaskSetManager: Starting task 23.0 in stage 7.0 (TID 110) (master, executor driver, partition 23, PROCESS_LOCAL, 7604 bytes) 
26/10/07 12:01:26 INFO TaskSetManager: Finished task 21.0 in stage 7.0 (TID 108) in 142 ms on master (executor driver) (22/64)
26/10/07 12:01:26 INFO Executor: Running task 23.0 in stage 7.0 (TID 110)
26/10/07 12:01:26 INFO BlockManager: Found block rdd_39_23 locally
26/10/07 12:01:26 INFO Executor: Finished task 22.0 in stage 7.0 (TID 109). 5861 bytes result sent to driver
26/10/07 12:01:26 INFO TaskSetManager: Starting task 24.0 in stage 7.0 (TID 111) (master, executor driver, partition 24, PROCESS_LOCAL, 7604 bytes) 
26/10/07 12:01:26 INFO TaskSetManager: Finished task 22.0 in stage 7.0 (TID 109) in 106 ms on master (executor driver) (23/64)
26/10/07 12:01:26 INFO Executor: Running task 24.0 in stage 7.0 (TID 111)
26/10/07 12:01:26 INFO BlockManager: Found block rdd_39_24 locally
26/10/07 12:01:26 INFO Executor: Finished task 24.0 in stage 7.0 (TID 111). 5818 bytes result sent to driver
26/10/07 12:01:26 INFO TaskSetManager: Starting task 25.0 in stage 7.0 (TID 112) (master, executor driver, partition 25, PROCESS_LOCAL, 7604 bytes) 
26/10/07 12:01:26 INFO Executor: Running task 25.0 in stage 7.0 (TID 112)
26/10/07 12:01:26 INFO TaskSetManager: Finished task 24.0 in stage 7.0 (TID 111) in 49 ms on master (executor driver) (24/64)
26/10/07 12:01:26 INFO BlockManager: Found block rdd_39_25 locally
26/10/07 12:01:26 INFO Executor: Finished task 23.0 in stage 7.0 (TID 110). 5818 bytes result sent to driver
26/10/07 12:01:26 INFO TaskSetManager: Starting task 26.0 in stage 7.0 (TID 113) (master, executor driver, partition 26, PROCESS_LOCAL, 7604 bytes) 
26/10/07 12:01:26 INFO Executor: Running task 26.0 in stage 7.0 (TID 113)
26/10/07 12:01:26 INFO TaskSetManager: Finished task 23.0 in stage 7.0 (TID 110) in 142 ms on master (executor driver) (25/64)
26/10/07 12:01:26 INFO BlockManager: Found block rdd_39_26 locally
26/10/07 12:01:26 INFO Executor: Finished task 25.0 in stage 7.0 (TID 112). 5818 bytes result sent to driver
26/10/07 12:01:26 INFO TaskSetManager: Starting task 27.0 in stage 7.0 (TID 114) (master, executor driver, partition 27, PROCESS_LOCAL, 7604 bytes) 
26/10/07 12:01:26 INFO TaskSetManager: Finished task 25.0 in stage 7.0 (TID 112) in 94 ms on master (executor driver) (26/64)
26/10/07 12:01:26 INFO Executor: Running task 27.0 in stage 7.0 (TID 114)
26/10/07 12:01:26 INFO BlockManager: Found block rdd_39_27 locally
26/10/07 12:01:26 INFO Executor: Finished task 27.0 in stage 7.0 (TID 114). 5818 bytes result sent to driver
26/10/07 12:01:26 INFO Executor: Finished task 26.0 in stage 7.0 (TID 113). 5818 bytes result sent to driver
26/10/07 12:01:26 INFO TaskSetManager: Finished task 27.0 in stage 7.0 (TID 114) in 89 ms on master (executor driver) (27/64)
26/10/07 12:01:26 INFO TaskSetManager: Starting task 28.0 in stage 7.0 (TID 115) (master, executor driver, partition 28, PROCESS_LOCAL, 7604 bytes) 
26/10/07 12:01:26 INFO Executor: Running task 28.0 in stage 7.0 (TID 115)
26/10/07 12:01:26 INFO TaskSetManager: Starting task 29.0 in stage 7.0 (TID 116) (master, executor driver, partition 29, PROCESS_LOCAL, 7604 bytes) 
26/10/07 12:01:26 INFO Executor: Running task 29.0 in stage 7.0 (TID 116)
26/10/07 12:01:26 INFO TaskSetManager: Finished task 26.0 in stage 7.0 (TID 113) in 113 ms on master (executor driver) (28/64)
26/10/07 12:01:26 INFO BlockManager: Found block rdd_39_28 locally
26/10/07 12:01:26 INFO BlockManager: Found block rdd_39_29 locally
26/10/07 12:01:26 INFO Executor: Finished task 29.0 in stage 7.0 (TID 116). 5818 bytes result sent to driver
26/10/07 12:01:26 INFO TaskSetManager: Starting task 30.0 in stage 7.0 (TID 117) (master, executor driver, partition 30, PROCESS_LOCAL, 7604 bytes) 
26/10/07 12:01:26 INFO Executor: Running task 30.0 in stage 7.0 (TID 117)
26/10/07 12:01:26 INFO TaskSetManager: Finished task 29.0 in stage 7.0 (TID 116) in 79 ms on master (executor driver) (29/64)
26/10/07 12:01:26 INFO Executor: Finished task 28.0 in stage 7.0 (TID 115). 5861 bytes result sent to driver
26/10/07 12:01:26 INFO TaskSetManager: Starting task 31.0 in stage 7.0 (TID 118) (master, executor driver, partition 31, PROCESS_LOCAL, 7604 bytes) 
26/10/07 12:01:26 INFO TaskSetManager: Finished task 28.0 in stage 7.0 (TID 115) in 105 ms on master (executor driver) (30/64)
26/10/07 12:01:26 INFO Executor: Running task 31.0 in stage 7.0 (TID 118)
26/10/07 12:01:26 INFO BlockManager: Found block rdd_39_30 locally
26/10/07 12:01:26 INFO BlockManager: Found block rdd_39_31 locally
26/10/07 12:01:26 INFO Executor: Finished task 31.0 in stage 7.0 (TID 118). 5818 bytes result sent to driver
26/10/07 12:01:26 INFO TaskSetManager: Starting task 32.0 in stage 7.0 (TID 119) (master, executor driver, partition 32, PROCESS_LOCAL, 7604 bytes) 
26/10/07 12:01:26 INFO TaskSetManager: Finished task 31.0 in stage 7.0 (TID 118) in 58 ms on master (executor driver) (31/64)
26/10/07 12:01:26 INFO Executor: Running task 32.0 in stage 7.0 (TID 119)
26/10/07 12:01:26 INFO BlockManager: Found block rdd_39_32 locally
26/10/07 12:01:26 INFO Executor: Finished task 32.0 in stage 7.0 (TID 119). 5818 bytes result sent to driver
26/10/07 12:01:26 INFO TaskSetManager: Starting task 33.0 in stage 7.0 (TID 120) (master, executor driver, partition 33, PROCESS_LOCAL, 7604 bytes) 
26/10/07 12:01:26 INFO TaskSetManager: Finished task 32.0 in stage 7.0 (TID 119) in 64 ms on master (executor driver) (32/64)
26/10/07 12:01:26 INFO Executor: Running task 33.0 in stage 7.0 (TID 120)
26/10/07 12:01:26 INFO BlockManager: Found block rdd_39_33 locally
26/10/07 12:01:26 INFO Executor: Finished task 30.0 in stage 7.0 (TID 117). 5818 bytes result sent to driver
26/10/07 12:01:26 INFO TaskSetManager: Starting task 34.0 in stage 7.0 (TID 121) (master, executor driver, partition 34, PROCESS_LOCAL, 7604 bytes) 
26/10/07 12:01:26 INFO TaskSetManager: Finished task 30.0 in stage 7.0 (TID 117) in 179 ms on master (executor driver) (33/64)
26/10/07 12:01:26 INFO Executor: Running task 34.0 in stage 7.0 (TID 121)
26/10/07 12:01:26 INFO BlockManager: Found block rdd_39_34 locally
26/10/07 12:01:27 INFO Executor: Finished task 34.0 in stage 7.0 (TID 121). 5861 bytes result sent to driver
26/10/07 12:01:27 INFO TaskSetManager: Starting task 35.0 in stage 7.0 (TID 122) (master, executor driver, partition 35, PROCESS_LOCAL, 7604 bytes) 
26/10/07 12:01:27 INFO Executor: Running task 35.0 in stage 7.0 (TID 122)
26/10/07 12:01:27 INFO TaskSetManager: Finished task 34.0 in stage 7.0 (TID 121) in 94 ms on master (executor driver) (34/64)
26/10/07 12:01:27 INFO Executor: Finished task 33.0 in stage 7.0 (TID 120). 5861 bytes result sent to driver
26/10/07 12:01:27 INFO TaskSetManager: Starting task 36.0 in stage 7.0 (TID 123) (master, executor driver, partition 36, PROCESS_LOCAL, 7604 bytes) 
26/10/07 12:01:27 INFO Executor: Running task 36.0 in stage 7.0 (TID 123)
26/10/07 12:01:27 INFO TaskSetManager: Finished task 33.0 in stage 7.0 (TID 120) in 144 ms on master (executor driver) (35/64)
26/10/07 12:01:27 INFO BlockManager: Found block rdd_39_36 locally
26/10/07 12:01:27 INFO BlockManager: Found block rdd_39_35 locally
26/10/07 12:01:27 INFO Executor: Finished task 35.0 in stage 7.0 (TID 122). 5818 bytes result sent to driver
26/10/07 12:01:27 INFO TaskSetManager: Starting task 37.0 in stage 7.0 (TID 124) (master, executor driver, partition 37, PROCESS_LOCAL, 7604 bytes) 
26/10/07 12:01:27 INFO Executor: Running task 37.0 in stage 7.0 (TID 124)
26/10/07 12:01:27 INFO TaskSetManager: Finished task 35.0 in stage 7.0 (TID 122) in 92 ms on master (executor driver) (36/64)
26/10/07 12:01:27 INFO BlockManager: Found block rdd_39_37 locally
26/10/07 12:01:27 INFO Executor: Finished task 36.0 in stage 7.0 (TID 123). 5818 bytes result sent to driver
26/10/07 12:01:27 INFO TaskSetManager: Starting task 38.0 in stage 7.0 (TID 125) (master, executor driver, partition 38, PROCESS_LOCAL, 7604 bytes) 
26/10/07 12:01:27 INFO Executor: Running task 38.0 in stage 7.0 (TID 125)
26/10/07 12:01:27 INFO TaskSetManager: Finished task 36.0 in stage 7.0 (TID 123) in 164 ms on master (executor driver) (37/64)
26/10/07 12:01:27 INFO BlockManager: Found block rdd_39_38 locally
26/10/07 12:01:27 INFO Executor: Finished task 38.0 in stage 7.0 (TID 125). 5818 bytes result sent to driver
26/10/07 12:01:27 INFO TaskSetManager: Starting task 39.0 in stage 7.0 (TID 126) (master, executor driver, partition 39, PROCESS_LOCAL, 7604 bytes) 
26/10/07 12:01:27 INFO TaskSetManager: Finished task 38.0 in stage 7.0 (TID 125) in 88 ms on master (executor driver) (38/64)
26/10/07 12:01:27 INFO Executor: Finished task 37.0 in stage 7.0 (TID 124). 5818 bytes result sent to driver
26/10/07 12:01:27 INFO TaskSetManager: Starting task 40.0 in stage 7.0 (TID 127) (master, executor driver, partition 40, PROCESS_LOCAL, 7604 bytes) 
26/10/07 12:01:27 INFO Executor: Running task 40.0 in stage 7.0 (TID 127)
26/10/07 12:01:27 INFO TaskSetManager: Finished task 37.0 in stage 7.0 (TID 124) in 177 ms on master (executor driver) (39/64)
26/10/07 12:01:27 INFO Executor: Running task 39.0 in stage 7.0 (TID 126)
26/10/07 12:01:27 INFO BlockManager: Found block rdd_39_40 locally
26/10/07 12:01:27 INFO BlockManager: Found block rdd_39_39 locally
26/10/07 12:01:27 INFO Executor: Finished task 40.0 in stage 7.0 (TID 127). 5818 bytes result sent to driver
26/10/07 12:01:27 INFO TaskSetManager: Starting task 41.0 in stage 7.0 (TID 128) (master, executor driver, partition 41, PROCESS_LOCAL, 7604 bytes) 
26/10/07 12:01:27 INFO Executor: Running task 41.0 in stage 7.0 (TID 128)
26/10/07 12:01:27 INFO TaskSetManager: Finished task 40.0 in stage 7.0 (TID 127) in 74 ms on master (executor driver) (40/64)
26/10/07 12:01:27 INFO Executor: Finished task 39.0 in stage 7.0 (TID 126). 5818 bytes result sent to driver
26/10/07 12:01:27 INFO BlockManager: Found block rdd_39_41 locally
26/10/07 12:01:27 INFO TaskSetManager: Starting task 42.0 in stage 7.0 (TID 129) (master, executor driver, partition 42, PROCESS_LOCAL, 7604 bytes) 
26/10/07 12:01:27 INFO TaskSetManager: Finished task 39.0 in stage 7.0 (TID 126) in 129 ms on master (executor driver) (41/64)
26/10/07 12:01:27 INFO Executor: Running task 42.0 in stage 7.0 (TID 129)
26/10/07 12:01:27 INFO BlockManager: Found block rdd_39_42 locally
26/10/07 12:01:27 INFO Executor: Finished task 42.0 in stage 7.0 (TID 129). 5818 bytes result sent to driver
26/10/07 12:01:27 INFO TaskSetManager: Starting task 43.0 in stage 7.0 (TID 130) (master, executor driver, partition 43, PROCESS_LOCAL, 7604 bytes) 
26/10/07 12:01:27 INFO TaskSetManager: Finished task 42.0 in stage 7.0 (TID 129) in 78 ms on master (executor driver) (42/64)
26/10/07 12:01:27 INFO Executor: Running task 43.0 in stage 7.0 (TID 130)
26/10/07 12:01:27 INFO BlockManager: Found block rdd_39_43 locally
26/10/07 12:01:27 INFO Executor: Finished task 41.0 in stage 7.0 (TID 128). 5818 bytes result sent to driver
26/10/07 12:01:27 INFO TaskSetManager: Starting task 44.0 in stage 7.0 (TID 131) (master, executor driver, partition 44, PROCESS_LOCAL, 7604 bytes) 
26/10/07 12:01:27 INFO Executor: Running task 44.0 in stage 7.0 (TID 131)
26/10/07 12:01:27 INFO TaskSetManager: Finished task 41.0 in stage 7.0 (TID 128) in 148 ms on master (executor driver) (43/64)
26/10/07 12:01:27 INFO BlockManager: Found block rdd_39_44 locally
26/10/07 12:01:27 INFO Executor: Finished task 43.0 in stage 7.0 (TID 130). 5818 bytes result sent to driver
26/10/07 12:01:27 INFO TaskSetManager: Starting task 45.0 in stage 7.0 (TID 132) (master, executor driver, partition 45, PROCESS_LOCAL, 7604 bytes) 
26/10/07 12:01:27 INFO TaskSetManager: Finished task 43.0 in stage 7.0 (TID 130) in 78 ms on master (executor driver) (44/64)
26/10/07 12:01:27 INFO Executor: Running task 45.0 in stage 7.0 (TID 132)
26/10/07 12:01:27 INFO BlockManager: Found block rdd_39_45 locally
26/10/07 12:01:27 INFO Executor: Finished task 44.0 in stage 7.0 (TID 131). 5818 bytes result sent to driver
26/10/07 12:01:27 INFO TaskSetManager: Starting task 46.0 in stage 7.0 (TID 133) (master, executor driver, partition 46, PROCESS_LOCAL, 7604 bytes) 
26/10/07 12:01:27 INFO Executor: Running task 46.0 in stage 7.0 (TID 133)
26/10/07 12:01:27 INFO TaskSetManager: Finished task 44.0 in stage 7.0 (TID 131) in 100 ms on master (executor driver) (45/64)
26/10/07 12:01:27 INFO BlockManager: Found block rdd_39_46 locally
26/10/07 12:01:27 INFO Executor: Finished task 45.0 in stage 7.0 (TID 132). 5818 bytes result sent to driver
26/10/07 12:01:27 INFO TaskSetManager: Starting task 47.0 in stage 7.0 (TID 134) (master, executor driver, partition 47, PROCESS_LOCAL, 7604 bytes) 
26/10/07 12:01:27 INFO TaskSetManager: Finished task 45.0 in stage 7.0 (TID 132) in 96 ms on master (executor driver) (46/64)
26/10/07 12:01:27 INFO Executor: Running task 47.0 in stage 7.0 (TID 134)
26/10/07 12:01:27 INFO BlockManager: Found block rdd_39_47 locally
26/10/07 12:01:27 INFO Executor: Finished task 46.0 in stage 7.0 (TID 133). 5818 bytes result sent to driver
26/10/07 12:01:27 INFO TaskSetManager: Starting task 48.0 in stage 7.0 (TID 135) (master, executor driver, partition 48, PROCESS_LOCAL, 7604 bytes) 
26/10/07 12:01:27 INFO Executor: Running task 48.0 in stage 7.0 (TID 135)
26/10/07 12:01:27 INFO TaskSetManager: Finished task 46.0 in stage 7.0 (TID 133) in 113 ms on master (executor driver) (47/64)
26/10/07 12:01:27 INFO BlockManager: Found block rdd_39_48 locally
26/10/07 12:01:27 INFO Executor: Finished task 48.0 in stage 7.0 (TID 135). 5818 bytes result sent to driver
26/10/07 12:01:27 INFO TaskSetManager: Starting task 49.0 in stage 7.0 (TID 136) (master, executor driver, partition 49, PROCESS_LOCAL, 7604 bytes) 
26/10/07 12:01:27 INFO Executor: Running task 49.0 in stage 7.0 (TID 136)
26/10/07 12:01:27 INFO TaskSetManager: Finished task 48.0 in stage 7.0 (TID 135) in 70 ms on master (executor driver) (48/64)
26/10/07 12:01:27 INFO BlockManager: Found block rdd_39_49 locally
26/10/07 12:01:27 INFO Executor: Finished task 47.0 in stage 7.0 (TID 134). 5818 bytes result sent to driver
26/10/07 12:01:27 INFO TaskSetManager: Starting task 50.0 in stage 7.0 (TID 137) (master, executor driver, partition 50, PROCESS_LOCAL, 7604 bytes) 
26/10/07 12:01:27 INFO Executor: Running task 50.0 in stage 7.0 (TID 137)
26/10/07 12:01:27 INFO TaskSetManager: Finished task 47.0 in stage 7.0 (TID 134) in 144 ms on master (executor driver) (49/64)
26/10/07 12:01:27 INFO BlockManager: Found block rdd_39_50 locally
26/10/07 12:01:27 INFO Executor: Finished task 49.0 in stage 7.0 (TID 136). 5818 bytes result sent to driver
26/10/07 12:01:27 INFO TaskSetManager: Starting task 51.0 in stage 7.0 (TID 138) (master, executor driver, partition 51, PROCESS_LOCAL, 7604 bytes) 
26/10/07 12:01:27 INFO TaskSetManager: Finished task 49.0 in stage 7.0 (TID 136) in 106 ms on master (executor driver) (50/64)
26/10/07 12:01:27 INFO Executor: Running task 51.0 in stage 7.0 (TID 138)
26/10/07 12:01:27 INFO BlockManager: Found block rdd_39_51 locally
26/10/07 12:01:27 INFO Executor: Finished task 50.0 in stage 7.0 (TID 137). 5818 bytes result sent to driver
26/10/07 12:01:27 INFO TaskSetManager: Starting task 52.0 in stage 7.0 (TID 139) (master, executor driver, partition 52, PROCESS_LOCAL, 7604 bytes) 
26/10/07 12:01:27 INFO Executor: Running task 52.0 in stage 7.0 (TID 139)
26/10/07 12:01:27 INFO TaskSetManager: Finished task 50.0 in stage 7.0 (TID 137) in 97 ms on master (executor driver) (51/64)
26/10/07 12:01:27 INFO BlockManager: Found block rdd_39_52 locally
26/10/07 12:01:27 INFO Executor: Finished task 52.0 in stage 7.0 (TID 139). 5818 bytes result sent to driver
26/10/07 12:01:27 INFO TaskSetManager: Starting task 53.0 in stage 7.0 (TID 140) (master, executor driver, partition 53, PROCESS_LOCAL, 7604 bytes) 
26/10/07 12:01:27 INFO Executor: Running task 53.0 in stage 7.0 (TID 140)
26/10/07 12:01:27 INFO TaskSetManager: Finished task 52.0 in stage 7.0 (TID 139) in 67 ms on master (executor driver) (52/64)
26/10/07 12:01:27 INFO BlockManager: Found block rdd_39_53 locally
26/10/07 12:01:28 INFO Executor: Finished task 53.0 in stage 7.0 (TID 140). 5818 bytes result sent to driver
26/10/07 12:01:28 INFO TaskSetManager: Starting task 54.0 in stage 7.0 (TID 141) (master, executor driver, partition 54, PROCESS_LOCAL, 7604 bytes) 
26/10/07 12:01:28 INFO Executor: Running task 54.0 in stage 7.0 (TID 141)
26/10/07 12:01:28 INFO BlockManager: Found block rdd_39_54 locally
26/10/07 12:01:28 INFO Executor: Finished task 51.0 in stage 7.0 (TID 138). 5818 bytes result sent to driver
26/10/07 12:01:28 INFO TaskSetManager: Finished task 53.0 in stage 7.0 (TID 140) in 109 ms on master (executor driver) (53/64)
26/10/07 12:01:28 INFO TaskSetManager: Starting task 55.0 in stage 7.0 (TID 142) (master, executor driver, partition 55, PROCESS_LOCAL, 7604 bytes) 
26/10/07 12:01:28 INFO Executor: Running task 55.0 in stage 7.0 (TID 142)
26/10/07 12:01:28 INFO TaskSetManager: Finished task 51.0 in stage 7.0 (TID 138) in 226 ms on master (executor driver) (54/64)
26/10/07 12:01:28 INFO BlockManager: Found block rdd_39_55 locally
26/10/07 12:01:28 INFO Executor: Finished task 54.0 in stage 7.0 (TID 141). 5818 bytes result sent to driver
26/10/07 12:01:28 INFO TaskSetManager: Starting task 56.0 in stage 7.0 (TID 143) (master, executor driver, partition 56, PROCESS_LOCAL, 7604 bytes) 
26/10/07 12:01:28 INFO Executor: Running task 56.0 in stage 7.0 (TID 143)
26/10/07 12:01:28 INFO TaskSetManager: Finished task 54.0 in stage 7.0 (TID 141) in 142 ms on master (executor driver) (55/64)
26/10/07 12:01:28 INFO BlockManager: Found block rdd_39_56 locally
26/10/07 12:01:28 INFO Executor: Finished task 55.0 in stage 7.0 (TID 142). 5818 bytes result sent to driver
26/10/07 12:01:28 INFO TaskSetManager: Starting task 57.0 in stage 7.0 (TID 144) (master, executor driver, partition 57, PROCESS_LOCAL, 7604 bytes) 
26/10/07 12:01:28 INFO Executor: Running task 57.0 in stage 7.0 (TID 144)
26/10/07 12:01:28 INFO TaskSetManager: Finished task 55.0 in stage 7.0 (TID 142) in 149 ms on master (executor driver) (56/64)
26/10/07 12:01:28 INFO BlockManager: Found block rdd_39_57 locally
26/10/07 12:01:28 INFO Executor: Finished task 56.0 in stage 7.0 (TID 143). 5818 bytes result sent to driver
26/10/07 12:01:28 INFO TaskSetManager: Starting task 58.0 in stage 7.0 (TID 145) (master, executor driver, partition 58, PROCESS_LOCAL, 7604 bytes) 
26/10/07 12:01:28 INFO TaskSetManager: Finished task 56.0 in stage 7.0 (TID 143) in 147 ms on master (executor driver) (57/64)
26/10/07 12:01:28 INFO Executor: Running task 58.0 in stage 7.0 (TID 145)
26/10/07 12:01:28 INFO BlockManager: Found block rdd_39_58 locally
26/10/07 12:01:28 INFO Executor: Finished task 57.0 in stage 7.0 (TID 144). 5818 bytes result sent to driver
26/10/07 12:01:28 INFO TaskSetManager: Starting task 59.0 in stage 7.0 (TID 146) (master, executor driver, partition 59, PROCESS_LOCAL, 7604 bytes) 
26/10/07 12:01:28 INFO TaskSetManager: Finished task 57.0 in stage 7.0 (TID 144) in 196 ms on master (executor driver) (58/64)
26/10/07 12:01:28 INFO Executor: Running task 59.0 in stage 7.0 (TID 146)
26/10/07 12:01:28 INFO BlockManager: Found block rdd_39_59 locally
26/10/07 12:01:28 INFO Executor: Finished task 58.0 in stage 7.0 (TID 145). 5861 bytes result sent to driver
26/10/07 12:01:28 INFO TaskSetManager: Starting task 60.0 in stage 7.0 (TID 147) (master, executor driver, partition 60, PROCESS_LOCAL, 7604 bytes) 
26/10/07 12:01:28 INFO TaskSetManager: Finished task 58.0 in stage 7.0 (TID 145) in 175 ms on master (executor driver) (59/64)
26/10/07 12:01:28 INFO Executor: Running task 60.0 in stage 7.0 (TID 147)
26/10/07 12:01:28 INFO BlockManager: Found block rdd_39_60 locally
26/10/07 12:01:28 INFO Executor: Finished task 59.0 in stage 7.0 (TID 146). 5818 bytes result sent to driver
26/10/07 12:01:28 INFO TaskSetManager: Starting task 61.0 in stage 7.0 (TID 148) (master, executor driver, partition 61, PROCESS_LOCAL, 7604 bytes) 
26/10/07 12:01:28 INFO TaskSetManager: Finished task 59.0 in stage 7.0 (TID 146) in 158 ms on master (executor driver) (60/64)
26/10/07 12:01:28 INFO Executor: Running task 61.0 in stage 7.0 (TID 148)
26/10/07 12:01:28 INFO BlockManager: Found block rdd_39_61 locally
26/10/07 12:01:28 INFO Executor: Finished task 60.0 in stage 7.0 (TID 147). 5861 bytes result sent to driver
26/10/07 12:01:28 INFO TaskSetManager: Starting task 62.0 in stage 7.0 (TID 149) (master, executor driver, partition 62, PROCESS_LOCAL, 7604 bytes) 
26/10/07 12:01:28 INFO TaskSetManager: Finished task 60.0 in stage 7.0 (TID 147) in 149 ms on master (executor driver) (61/64)
26/10/07 12:01:28 INFO Executor: Running task 62.0 in stage 7.0 (TID 149)
26/10/07 12:01:28 INFO Executor: Finished task 61.0 in stage 7.0 (TID 148). 5861 bytes result sent to driver
26/10/07 12:01:28 INFO TaskSetManager: Starting task 63.0 in stage 7.0 (TID 150) (master, executor driver, partition 63, PROCESS_LOCAL, 7604 bytes) 
26/10/07 12:01:28 INFO Executor: Running task 63.0 in stage 7.0 (TID 150)
26/10/07 12:01:28 INFO TaskSetManager: Finished task 61.0 in stage 7.0 (TID 148) in 80 ms on master (executor driver) (62/64)
26/10/07 12:01:28 INFO BlockManager: Found block rdd_39_63 locally
26/10/07 12:01:28 INFO BlockManager: Found block rdd_39_62 locally
26/10/07 12:01:28 INFO Executor: Finished task 62.0 in stage 7.0 (TID 149). 5818 bytes result sent to driver
26/10/07 12:01:28 INFO TaskSetManager: Finished task 62.0 in stage 7.0 (TID 149) in 182 ms on master (executor driver) (63/64)
26/10/07 12:01:28 INFO Executor: Finished task 63.0 in stage 7.0 (TID 150). 5818 bytes result sent to driver
26/10/07 12:01:28 INFO TaskSetManager: Finished task 63.0 in stage 7.0 (TID 150) in 173 ms on master (executor driver) (64/64)
26/10/07 12:01:28 INFO TaskSchedulerImpl: Removed TaskSet 7.0, whose tasks have all completed, from pool 
26/10/07 12:01:28 INFO DAGScheduler: ShuffleMapStage 7 (first at /home/marlon/stablecoin-depeg-detection/src/quality_opt.py:105) finished in 5.091 s
26/10/07 12:01:28 INFO DAGScheduler: looking for newly runnable stages
26/10/07 12:01:28 INFO DAGScheduler: running: Set()
26/10/07 12:01:28 INFO DAGScheduler: waiting: Set()
26/10/07 12:01:28 INFO DAGScheduler: failed: Set()
26/10/07 12:01:28 INFO CodeGenerator: Code generated in 15.840235 ms
26/10/07 12:01:29 INFO SparkContext: Starting job: first at /home/marlon/stablecoin-depeg-detection/src/quality_opt.py:105
26/10/07 12:01:29 INFO DAGScheduler: Got job 5 (first at /home/marlon/stablecoin-depeg-detection/src/quality_opt.py:105) with 1 output partitions
26/10/07 12:01:29 INFO DAGScheduler: Final stage: ResultStage 10 (first at /home/marlon/stablecoin-depeg-detection/src/quality_opt.py:105)
26/10/07 12:01:29 INFO DAGScheduler: Parents of final stage: List(ShuffleMapStage 9)
26/10/07 12:01:29 INFO DAGScheduler: Missing parents: List()
26/10/07 12:01:29 INFO DAGScheduler: Submitting ResultStage 10 (MapPartitionsRDD[47] at first at /home/marlon/stablecoin-depeg-detection/src/quality_opt.py:105), which has no missing parents
26/10/07 12:01:29 INFO MemoryStore: Block broadcast_15 stored as values in memory (estimated size 14.3 KiB, free 1093.8 MiB)
26/10/07 12:01:29 INFO MemoryStore: Block broadcast_15_piece0 stored as bytes in memory (estimated size 6.5 KiB, free 1093.8 MiB)
26/10/07 12:01:29 INFO BlockManagerInfo: Added broadcast_15_piece0 in memory on master:40245 (size: 6.5 KiB, free: 1095.0 MiB)
26/10/07 12:01:29 INFO SparkContext: Created broadcast 15 from broadcast at DAGScheduler.scala:1585
26/10/07 12:01:29 INFO DAGScheduler: Submitting 1 missing tasks from ResultStage 10 (MapPartitionsRDD[47] at first at /home/marlon/stablecoin-depeg-detection/src/quality_opt.py:105) (first 15 tasks are for partitions Vector(0))
26/10/07 12:01:29 INFO TaskSchedulerImpl: Adding task set 10.0 with 1 tasks resource profile 0
26/10/07 12:01:29 INFO TaskSetManager: Starting task 0.0 in stage 10.0 (TID 151) (master, executor driver, partition 0, NODE_LOCAL, 7615 bytes) 
26/10/07 12:01:29 INFO Executor: Running task 0.0 in stage 10.0 (TID 151)
26/10/07 12:01:29 INFO ShuffleBlockFetcherIterator: Getting 64 (4.1 KiB) non-empty blocks including 64 (4.1 KiB) local and 0 (0.0 B) host-local and 0 (0.0 B) push-merged-local and 0 (0.0 B) remote blocks
26/10/07 12:01:29 INFO ShuffleBlockFetcherIterator: Started 0 remote fetches in 1 ms
26/10/07 12:01:29 INFO CodeGenerator: Code generated in 37.512015 ms
26/10/07 12:01:29 INFO Executor: Finished task 0.0 in stage 10.0 (TID 151). 4040 bytes result sent to driver
26/10/07 12:01:29 INFO TaskSetManager: Finished task 0.0 in stage 10.0 (TID 151) in 88 ms on master (executor driver) (1/1)
26/10/07 12:01:29 INFO TaskSchedulerImpl: Removed TaskSet 10.0, whose tasks have all completed, from pool 
26/10/07 12:01:29 INFO DAGScheduler: ResultStage 10 (first at /home/marlon/stablecoin-depeg-detection/src/quality_opt.py:105) finished in 0.121 s
26/10/07 12:01:29 INFO DAGScheduler: Job 5 is finished. Cancelling potential speculative or zombie tasks for this job
26/10/07 12:01:29 INFO TaskSchedulerImpl: Killing all running tasks in stage 10: Stage finished
26/10/07 12:01:29 INFO DAGScheduler: Job 5 finished: first at /home/marlon/stablecoin-depeg-detection/src/quality_opt.py:105, took 0.158842 s
[TIEMPO] dedup + rango (1 agregacion): 185.5 s
26/10/07 12:01:31 INFO CodeGenerator: Code generated in 35.080114 ms
26/10/07 12:01:31 INFO DefaultCachedBatchSerializer: Predicate isnotnull(open#1) generates partition filter: ((open.count#1924 - open.nullCount#1923) > 0)
26/10/07 12:01:31 INFO DefaultCachedBatchSerializer: Predicate isnotnull(high#2) generates partition filter: ((high.count#1929 - high.nullCount#1928) > 0)
26/10/07 12:01:31 INFO DefaultCachedBatchSerializer: Predicate isnotnull(low#3) generates partition filter: ((low.count#1934 - low.nullCount#1933) > 0)
26/10/07 12:01:31 INFO DefaultCachedBatchSerializer: Predicate isnotnull(close#4) generates partition filter: ((close.count#1939 - close.nullCount#1938) > 0)
26/10/07 12:01:31 INFO DefaultCachedBatchSerializer: Predicate (open#1 > 0.0) generates partition filter: (0.0 < open.upperBound#1921)
26/10/07 12:01:31 INFO DefaultCachedBatchSerializer: Predicate (high#2 > 0.0) generates partition filter: (0.0 < high.upperBound#1926)
26/10/07 12:01:31 INFO DefaultCachedBatchSerializer: Predicate (low#3 > 0.0) generates partition filter: (0.0 < low.upperBound#1931)
26/10/07 12:01:31 INFO DefaultCachedBatchSerializer: Predicate (close#4 > 0.0) generates partition filter: (0.0 < close.upperBound#1936)
26/10/07 12:01:31 INFO DAGScheduler: Registering RDD 52 (first at /home/marlon/stablecoin-depeg-detection/src/quality_opt.py:133) as input to shuffle 3
26/10/07 12:01:31 INFO DAGScheduler: Got map stage job 6 (first at /home/marlon/stablecoin-depeg-detection/src/quality_opt.py:133) with 64 output partitions
26/10/07 12:01:31 INFO DAGScheduler: Final stage: ShuffleMapStage 12 (first at /home/marlon/stablecoin-depeg-detection/src/quality_opt.py:133)
26/10/07 12:01:31 INFO DAGScheduler: Parents of final stage: List(ShuffleMapStage 11)
26/10/07 12:01:31 INFO DAGScheduler: Missing parents: List()
26/10/07 12:01:31 INFO DAGScheduler: Submitting ShuffleMapStage 12 (MapPartitionsRDD[52] at first at /home/marlon/stablecoin-depeg-detection/src/quality_opt.py:133), which has no missing parents
26/10/07 12:01:31 INFO MemoryStore: Block broadcast_16 stored as values in memory (estimated size 104.8 KiB, free 1093.7 MiB)
26/10/07 12:01:31 INFO MemoryStore: Block broadcast_16_piece0 stored as bytes in memory (estimated size 37.5 KiB, free 1093.7 MiB)
26/10/07 12:01:31 INFO BlockManagerInfo: Added broadcast_16_piece0 in memory on master:40245 (size: 37.5 KiB, free: 1095.0 MiB)
26/10/07 12:01:31 INFO SparkContext: Created broadcast 16 from broadcast at DAGScheduler.scala:1585
26/10/07 12:01:31 INFO DAGScheduler: Submitting 64 missing tasks from ShuffleMapStage 12 (MapPartitionsRDD[52] at first at /home/marlon/stablecoin-depeg-detection/src/quality_opt.py:133) (first 15 tasks are for partitions Vector(0, 1, 2, 3, 4, 5, 6, 7, 8, 9, 10, 11, 12, 13, 14))
26/10/07 12:01:31 INFO TaskSchedulerImpl: Adding task set 12.0 with 64 tasks resource profile 0
26/10/07 12:01:31 INFO TaskSetManager: Starting task 0.0 in stage 12.0 (TID 152) (master, executor driver, partition 0, PROCESS_LOCAL, 7604 bytes) 
26/10/07 12:01:31 INFO TaskSetManager: Starting task 1.0 in stage 12.0 (TID 153) (master, executor driver, partition 1, PROCESS_LOCAL, 7604 bytes) 
26/10/07 12:01:31 INFO Executor: Running task 0.0 in stage 12.0 (TID 152)
26/10/07 12:01:31 INFO Executor: Running task 1.0 in stage 12.0 (TID 153)
26/10/07 12:01:31 INFO BlockManager: Found block rdd_39_1 locally
26/10/07 12:01:31 INFO BlockManager: Found block rdd_39_0 locally
26/10/07 12:01:31 INFO CodeGenerator: Code generated in 26.648778 ms
26/10/07 12:01:31 INFO CodeGenerator: Code generated in 43.817151 ms
26/10/07 12:01:31 INFO CodeGenerator: Code generated in 46.592471 ms
26/10/07 12:01:31 INFO CodeGenerator: Code generated in 24.038146 ms
26/10/07 12:01:34 INFO Executor: Finished task 0.0 in stage 12.0 (TID 152). 5796 bytes result sent to driver
26/10/07 12:01:34 INFO TaskSetManager: Starting task 2.0 in stage 12.0 (TID 154) (master, executor driver, partition 2, PROCESS_LOCAL, 7604 bytes) 
26/10/07 12:01:34 INFO TaskSetManager: Finished task 0.0 in stage 12.0 (TID 152) in 2562 ms on master (executor driver) (1/64)
26/10/07 12:01:34 INFO Executor: Running task 2.0 in stage 12.0 (TID 154)
26/10/07 12:01:34 INFO BlockManager: Found block rdd_39_2 locally
26/10/07 12:01:34 INFO Executor: Finished task 1.0 in stage 12.0 (TID 153). 5796 bytes result sent to driver
26/10/07 12:01:34 INFO TaskSetManager: Starting task 3.0 in stage 12.0 (TID 155) (master, executor driver, partition 3, PROCESS_LOCAL, 7604 bytes) 
26/10/07 12:01:34 INFO TaskSetManager: Finished task 1.0 in stage 12.0 (TID 153) in 2874 ms on master (executor driver) (2/64)
26/10/07 12:01:34 INFO Executor: Running task 3.0 in stage 12.0 (TID 155)
26/10/07 12:01:34 INFO BlockManager: Found block rdd_39_3 locally
26/10/07 12:01:35 INFO Executor: Finished task 2.0 in stage 12.0 (TID 154). 5796 bytes result sent to driver
26/10/07 12:01:35 INFO TaskSetManager: Starting task 4.0 in stage 12.0 (TID 156) (master, executor driver, partition 4, PROCESS_LOCAL, 7604 bytes) 
26/10/07 12:01:35 INFO Executor: Running task 4.0 in stage 12.0 (TID 156)
26/10/07 12:01:35 INFO TaskSetManager: Finished task 2.0 in stage 12.0 (TID 154) in 1569 ms on master (executor driver) (3/64)
26/10/07 12:01:35 INFO BlockManager: Found block rdd_39_4 locally
26/10/07 12:01:35 INFO Executor: Finished task 3.0 in stage 12.0 (TID 155). 5796 bytes result sent to driver
26/10/07 12:01:35 INFO TaskSetManager: Starting task 5.0 in stage 12.0 (TID 157) (master, executor driver, partition 5, PROCESS_LOCAL, 7604 bytes) 
26/10/07 12:01:35 INFO TaskSetManager: Finished task 3.0 in stage 12.0 (TID 155) in 1562 ms on master (executor driver) (4/64)
26/10/07 12:01:35 INFO Executor: Running task 5.0 in stage 12.0 (TID 157)
26/10/07 12:01:36 INFO BlockManager: Found block rdd_39_5 locally
26/10/07 12:01:36 INFO BlockManagerInfo: Removed broadcast_15_piece0 on master:40245 in memory (size: 6.5 KiB, free: 1095.0 MiB)
26/10/07 12:01:36 INFO Executor: Finished task 4.0 in stage 12.0 (TID 156). 5839 bytes result sent to driver
26/10/07 12:01:36 INFO TaskSetManager: Starting task 6.0 in stage 12.0 (TID 158) (master, executor driver, partition 6, PROCESS_LOCAL, 7604 bytes) 
26/10/07 12:01:36 INFO TaskSetManager: Finished task 4.0 in stage 12.0 (TID 156) in 855 ms on master (executor driver) (5/64)
26/10/07 12:01:36 INFO Executor: Running task 6.0 in stage 12.0 (TID 158)
26/10/07 12:01:36 INFO BlockManager: Found block rdd_39_6 locally
26/10/07 12:01:36 INFO Executor: Finished task 5.0 in stage 12.0 (TID 157). 5839 bytes result sent to driver
26/10/07 12:01:36 INFO TaskSetManager: Starting task 7.0 in stage 12.0 (TID 159) (master, executor driver, partition 7, PROCESS_LOCAL, 7604 bytes) 
26/10/07 12:01:36 INFO Executor: Running task 7.0 in stage 12.0 (TID 159)
26/10/07 12:01:36 INFO TaskSetManager: Finished task 5.0 in stage 12.0 (TID 157) in 730 ms on master (executor driver) (6/64)
26/10/07 12:01:36 INFO BlockManager: Found block rdd_39_7 locally
26/10/07 12:01:37 INFO Executor: Finished task 6.0 in stage 12.0 (TID 158). 5839 bytes result sent to driver
26/10/07 12:01:37 INFO TaskSetManager: Starting task 8.0 in stage 12.0 (TID 160) (master, executor driver, partition 8, PROCESS_LOCAL, 7604 bytes) 
26/10/07 12:01:37 INFO TaskSetManager: Finished task 6.0 in stage 12.0 (TID 158) in 800 ms on master (executor driver) (7/64)
26/10/07 12:01:37 INFO Executor: Running task 8.0 in stage 12.0 (TID 160)
26/10/07 12:01:37 INFO BlockManager: Found block rdd_39_8 locally
26/10/07 12:01:37 INFO Executor: Finished task 7.0 in stage 12.0 (TID 159). 5796 bytes result sent to driver
26/10/07 12:01:37 INFO TaskSetManager: Starting task 9.0 in stage 12.0 (TID 161) (master, executor driver, partition 9, PROCESS_LOCAL, 7604 bytes) 
26/10/07 12:01:37 INFO Executor: Running task 9.0 in stage 12.0 (TID 161)
26/10/07 12:01:37 INFO TaskSetManager: Finished task 7.0 in stage 12.0 (TID 159) in 859 ms on master (executor driver) (8/64)
26/10/07 12:01:37 INFO BlockManager: Found block rdd_39_9 locally
26/10/07 12:01:38 INFO Executor: Finished task 9.0 in stage 12.0 (TID 161). 5796 bytes result sent to driver
26/10/07 12:01:38 INFO TaskSetManager: Starting task 10.0 in stage 12.0 (TID 162) (master, executor driver, partition 10, PROCESS_LOCAL, 7604 bytes) 
26/10/07 12:01:38 INFO Executor: Running task 10.0 in stage 12.0 (TID 162)
26/10/07 12:01:38 INFO TaskSetManager: Finished task 9.0 in stage 12.0 (TID 161) in 508 ms on master (executor driver) (9/64)
26/10/07 12:01:38 INFO BlockManager: Found block rdd_39_10 locally
26/10/07 12:01:38 INFO Executor: Finished task 8.0 in stage 12.0 (TID 160). 5796 bytes result sent to driver
26/10/07 12:01:38 INFO TaskSetManager: Starting task 11.0 in stage 12.0 (TID 163) (master, executor driver, partition 11, PROCESS_LOCAL, 7604 bytes) 
26/10/07 12:01:38 INFO TaskSetManager: Finished task 8.0 in stage 12.0 (TID 160) in 893 ms on master (executor driver) (10/64)
26/10/07 12:01:38 INFO Executor: Running task 11.0 in stage 12.0 (TID 163)
26/10/07 12:01:38 INFO BlockManager: Found block rdd_39_11 locally
26/10/07 12:01:38 INFO Executor: Finished task 10.0 in stage 12.0 (TID 162). 5796 bytes result sent to driver
26/10/07 12:01:38 INFO TaskSetManager: Starting task 12.0 in stage 12.0 (TID 164) (master, executor driver, partition 12, PROCESS_LOCAL, 7604 bytes) 
26/10/07 12:01:38 INFO Executor: Running task 12.0 in stage 12.0 (TID 164)
26/10/07 12:01:38 INFO TaskSetManager: Finished task 10.0 in stage 12.0 (TID 162) in 482 ms on master (executor driver) (11/64)
26/10/07 12:01:38 INFO BlockManager: Found block rdd_39_12 locally
26/10/07 12:01:38 INFO Executor: Finished task 11.0 in stage 12.0 (TID 163). 5796 bytes result sent to driver
26/10/07 12:01:38 INFO TaskSetManager: Starting task 13.0 in stage 12.0 (TID 165) (master, executor driver, partition 13, PROCESS_LOCAL, 7604 bytes) 
26/10/07 12:01:38 INFO TaskSetManager: Finished task 11.0 in stage 12.0 (TID 163) in 560 ms on master (executor driver) (12/64)
26/10/07 12:01:38 INFO Executor: Running task 13.0 in stage 12.0 (TID 165)
26/10/07 12:01:38 INFO BlockManager: Found block rdd_39_13 locally
26/10/07 12:01:39 INFO Executor: Finished task 12.0 in stage 12.0 (TID 164). 5796 bytes result sent to driver
26/10/07 12:01:39 INFO TaskSetManager: Starting task 14.0 in stage 12.0 (TID 166) (master, executor driver, partition 14, PROCESS_LOCAL, 7604 bytes) 
26/10/07 12:01:39 INFO TaskSetManager: Finished task 12.0 in stage 12.0 (TID 164) in 677 ms on master (executor driver) (13/64)
26/10/07 12:01:39 INFO Executor: Running task 14.0 in stage 12.0 (TID 166)
26/10/07 12:01:39 INFO BlockManager: Found block rdd_39_14 locally
26/10/07 12:01:40 INFO Executor: Finished task 13.0 in stage 12.0 (TID 165). 5839 bytes result sent to driver
26/10/07 12:01:40 INFO TaskSetManager: Starting task 15.0 in stage 12.0 (TID 167) (master, executor driver, partition 15, PROCESS_LOCAL, 7604 bytes) 
26/10/07 12:01:40 INFO Executor: Running task 15.0 in stage 12.0 (TID 167)
26/10/07 12:01:40 INFO TaskSetManager: Finished task 13.0 in stage 12.0 (TID 165) in 1724 ms on master (executor driver) (14/64)
26/10/07 12:01:40 INFO Executor: Finished task 14.0 in stage 12.0 (TID 166). 5839 bytes result sent to driver
26/10/07 12:01:40 INFO TaskSetManager: Starting task 16.0 in stage 12.0 (TID 168) (master, executor driver, partition 16, PROCESS_LOCAL, 7604 bytes) 
26/10/07 12:01:40 INFO TaskSetManager: Finished task 14.0 in stage 12.0 (TID 166) in 1297 ms on master (executor driver) (15/64)
26/10/07 12:01:40 INFO Executor: Running task 16.0 in stage 12.0 (TID 168)
26/10/07 12:01:40 INFO BlockManager: Found block rdd_39_15 locally
26/10/07 12:01:40 INFO BlockManager: Found block rdd_39_16 locally
26/10/07 12:01:41 INFO Executor: Finished task 16.0 in stage 12.0 (TID 168). 5796 bytes result sent to driver
26/10/07 12:01:41 INFO TaskSetManager: Starting task 17.0 in stage 12.0 (TID 169) (master, executor driver, partition 17, PROCESS_LOCAL, 7604 bytes) 
26/10/07 12:01:41 INFO Executor: Running task 17.0 in stage 12.0 (TID 169)
26/10/07 12:01:41 INFO TaskSetManager: Finished task 16.0 in stage 12.0 (TID 168) in 970 ms on master (executor driver) (16/64)
26/10/07 12:01:41 INFO BlockManager: Found block rdd_39_17 locally
26/10/07 12:01:41 INFO Executor: Finished task 15.0 in stage 12.0 (TID 167). 5796 bytes result sent to driver
26/10/07 12:01:41 INFO TaskSetManager: Starting task 18.0 in stage 12.0 (TID 170) (master, executor driver, partition 18, PROCESS_LOCAL, 7604 bytes) 
26/10/07 12:01:41 INFO TaskSetManager: Finished task 15.0 in stage 12.0 (TID 167) in 1217 ms on master (executor driver) (17/64)
26/10/07 12:01:41 INFO Executor: Running task 18.0 in stage 12.0 (TID 170)
26/10/07 12:01:41 INFO BlockManager: Found block rdd_39_18 locally
26/10/07 12:01:42 INFO Executor: Finished task 17.0 in stage 12.0 (TID 169). 5796 bytes result sent to driver
26/10/07 12:01:42 INFO TaskSetManager: Starting task 19.0 in stage 12.0 (TID 171) (master, executor driver, partition 19, PROCESS_LOCAL, 7604 bytes) 
26/10/07 12:01:42 INFO Executor: Running task 19.0 in stage 12.0 (TID 171)
26/10/07 12:01:42 INFO TaskSetManager: Finished task 17.0 in stage 12.0 (TID 169) in 604 ms on master (executor driver) (18/64)
26/10/07 12:01:42 INFO BlockManager: Found block rdd_39_19 locally
26/10/07 12:01:42 INFO Executor: Finished task 18.0 in stage 12.0 (TID 170). 5796 bytes result sent to driver
26/10/07 12:01:42 INFO TaskSetManager: Starting task 20.0 in stage 12.0 (TID 172) (master, executor driver, partition 20, PROCESS_LOCAL, 7604 bytes) 
26/10/07 12:01:42 INFO Executor: Running task 20.0 in stage 12.0 (TID 172)
26/10/07 12:01:42 INFO TaskSetManager: Finished task 18.0 in stage 12.0 (TID 170) in 512 ms on master (executor driver) (19/64)
26/10/07 12:01:42 INFO BlockManager: Found block rdd_39_20 locally
26/10/07 12:01:42 INFO Executor: Finished task 19.0 in stage 12.0 (TID 171). 5796 bytes result sent to driver
26/10/07 12:01:42 INFO TaskSetManager: Starting task 21.0 in stage 12.0 (TID 173) (master, executor driver, partition 21, PROCESS_LOCAL, 7604 bytes) 
26/10/07 12:01:42 INFO Executor: Running task 21.0 in stage 12.0 (TID 173)
26/10/07 12:01:42 INFO TaskSetManager: Finished task 19.0 in stage 12.0 (TID 171) in 505 ms on master (executor driver) (20/64)
26/10/07 12:01:42 INFO BlockManager: Found block rdd_39_21 locally
26/10/07 12:01:42 INFO Executor: Finished task 20.0 in stage 12.0 (TID 172). 5796 bytes result sent to driver
26/10/07 12:01:42 INFO TaskSetManager: Starting task 22.0 in stage 12.0 (TID 174) (master, executor driver, partition 22, PROCESS_LOCAL, 7604 bytes) 
26/10/07 12:01:42 INFO TaskSetManager: Finished task 20.0 in stage 12.0 (TID 172) in 507 ms on master (executor driver) (21/64)
26/10/07 12:01:42 INFO Executor: Running task 22.0 in stage 12.0 (TID 174)
26/10/07 12:01:42 INFO BlockManager: Found block rdd_39_22 locally
26/10/07 12:01:43 INFO Executor: Finished task 22.0 in stage 12.0 (TID 174). 5796 bytes result sent to driver
26/10/07 12:01:43 INFO TaskSetManager: Starting task 23.0 in stage 12.0 (TID 175) (master, executor driver, partition 23, PROCESS_LOCAL, 7604 bytes) 
26/10/07 12:01:43 INFO Executor: Finished task 21.0 in stage 12.0 (TID 173). 5796 bytes result sent to driver
26/10/07 12:01:43 INFO Executor: Running task 23.0 in stage 12.0 (TID 175)
26/10/07 12:01:43 INFO TaskSetManager: Finished task 22.0 in stage 12.0 (TID 174) in 386 ms on master (executor driver) (22/64)
26/10/07 12:01:43 INFO TaskSetManager: Starting task 24.0 in stage 12.0 (TID 176) (master, executor driver, partition 24, PROCESS_LOCAL, 7604 bytes) 
26/10/07 12:01:43 INFO Executor: Running task 24.0 in stage 12.0 (TID 176)
26/10/07 12:01:43 INFO TaskSetManager: Finished task 21.0 in stage 12.0 (TID 173) in 532 ms on master (executor driver) (23/64)
26/10/07 12:01:43 INFO BlockManager: Found block rdd_39_24 locally
26/10/07 12:01:43 INFO BlockManager: Found block rdd_39_23 locally
26/10/07 12:01:43 INFO Executor: Finished task 23.0 in stage 12.0 (TID 175). 5839 bytes result sent to driver
26/10/07 12:01:43 INFO TaskSetManager: Starting task 25.0 in stage 12.0 (TID 177) (master, executor driver, partition 25, PROCESS_LOCAL, 7604 bytes) 
26/10/07 12:01:43 INFO Executor: Running task 25.0 in stage 12.0 (TID 177)
26/10/07 12:01:43 INFO TaskSetManager: Finished task 23.0 in stage 12.0 (TID 175) in 518 ms on master (executor driver) (24/64)
26/10/07 12:01:43 INFO BlockManager: Found block rdd_39_25 locally
26/10/07 12:01:43 INFO Executor: Finished task 24.0 in stage 12.0 (TID 176). 5839 bytes result sent to driver
26/10/07 12:01:43 INFO TaskSetManager: Starting task 26.0 in stage 12.0 (TID 178) (master, executor driver, partition 26, PROCESS_LOCAL, 7604 bytes) 
26/10/07 12:01:43 INFO TaskSetManager: Finished task 24.0 in stage 12.0 (TID 176) in 677 ms on master (executor driver) (25/64)
26/10/07 12:01:43 INFO Executor: Running task 26.0 in stage 12.0 (TID 178)
26/10/07 12:01:43 INFO BlockManager: Found block rdd_39_26 locally
26/10/07 12:01:44 INFO Executor: Finished task 25.0 in stage 12.0 (TID 177). 5796 bytes result sent to driver
26/10/07 12:01:44 INFO TaskSetManager: Starting task 27.0 in stage 12.0 (TID 179) (master, executor driver, partition 27, PROCESS_LOCAL, 7604 bytes) 
26/10/07 12:01:44 INFO Executor: Running task 27.0 in stage 12.0 (TID 179)
26/10/07 12:01:44 INFO TaskSetManager: Finished task 25.0 in stage 12.0 (TID 177) in 440 ms on master (executor driver) (26/64)
26/10/07 12:01:44 INFO BlockManager: Found block rdd_39_27 locally
26/10/07 12:01:44 INFO Executor: Finished task 26.0 in stage 12.0 (TID 178). 5796 bytes result sent to driver
26/10/07 12:01:44 INFO TaskSetManager: Starting task 28.0 in stage 12.0 (TID 180) (master, executor driver, partition 28, PROCESS_LOCAL, 7604 bytes) 
26/10/07 12:01:44 INFO Executor: Running task 28.0 in stage 12.0 (TID 180)
26/10/07 12:01:44 INFO TaskSetManager: Finished task 26.0 in stage 12.0 (TID 178) in 554 ms on master (executor driver) (27/64)
26/10/07 12:01:44 INFO BlockManager: Found block rdd_39_28 locally
26/10/07 12:01:44 INFO Executor: Finished task 27.0 in stage 12.0 (TID 179). 5796 bytes result sent to driver
26/10/07 12:01:44 INFO TaskSetManager: Starting task 29.0 in stage 12.0 (TID 181) (master, executor driver, partition 29, PROCESS_LOCAL, 7604 bytes) 
26/10/07 12:01:44 INFO Executor: Running task 29.0 in stage 12.0 (TID 181)
26/10/07 12:01:44 INFO TaskSetManager: Finished task 27.0 in stage 12.0 (TID 179) in 654 ms on master (executor driver) (28/64)
26/10/07 12:01:44 INFO BlockManager: Found block rdd_39_29 locally
26/10/07 12:01:44 INFO Executor: Finished task 28.0 in stage 12.0 (TID 180). 5796 bytes result sent to driver
26/10/07 12:01:44 INFO TaskSetManager: Starting task 30.0 in stage 12.0 (TID 182) (master, executor driver, partition 30, PROCESS_LOCAL, 7604 bytes) 
26/10/07 12:01:44 INFO TaskSetManager: Finished task 28.0 in stage 12.0 (TID 180) in 587 ms on master (executor driver) (29/64)
26/10/07 12:01:44 INFO Executor: Running task 30.0 in stage 12.0 (TID 182)
26/10/07 12:01:44 INFO BlockManager: Found block rdd_39_30 locally
26/10/07 12:01:45 INFO Executor: Finished task 29.0 in stage 12.0 (TID 181). 5796 bytes result sent to driver
26/10/07 12:01:45 INFO TaskSetManager: Starting task 31.0 in stage 12.0 (TID 183) (master, executor driver, partition 31, PROCESS_LOCAL, 7604 bytes) 
26/10/07 12:01:45 INFO TaskSetManager: Finished task 29.0 in stage 12.0 (TID 181) in 947 ms on master (executor driver) (30/64)
26/10/07 12:01:45 INFO Executor: Running task 31.0 in stage 12.0 (TID 183)
26/10/07 12:01:45 INFO BlockManager: Found block rdd_39_31 locally
26/10/07 12:01:45 INFO Executor: Finished task 30.0 in stage 12.0 (TID 182). 5796 bytes result sent to driver
26/10/07 12:01:45 INFO TaskSetManager: Starting task 32.0 in stage 12.0 (TID 184) (master, executor driver, partition 32, PROCESS_LOCAL, 7604 bytes) 
26/10/07 12:01:45 INFO TaskSetManager: Finished task 30.0 in stage 12.0 (TID 182) in 899 ms on master (executor driver) (31/64)
26/10/07 12:01:45 INFO Executor: Running task 32.0 in stage 12.0 (TID 184)
26/10/07 12:01:45 INFO BlockManager: Found block rdd_39_32 locally
26/10/07 12:01:46 INFO Executor: Finished task 32.0 in stage 12.0 (TID 184). 5796 bytes result sent to driver
26/10/07 12:01:46 INFO TaskSetManager: Starting task 33.0 in stage 12.0 (TID 185) (master, executor driver, partition 33, PROCESS_LOCAL, 7604 bytes) 
26/10/07 12:01:46 INFO TaskSetManager: Finished task 32.0 in stage 12.0 (TID 184) in 518 ms on master (executor driver) (32/64)
26/10/07 12:01:46 INFO Executor: Running task 33.0 in stage 12.0 (TID 185)
26/10/07 12:01:46 INFO BlockManager: Found block rdd_39_33 locally
26/10/07 12:01:46 INFO Executor: Finished task 31.0 in stage 12.0 (TID 183). 5839 bytes result sent to driver
26/10/07 12:01:46 INFO TaskSetManager: Starting task 34.0 in stage 12.0 (TID 186) (master, executor driver, partition 34, PROCESS_LOCAL, 7604 bytes) 
26/10/07 12:01:46 INFO Executor: Running task 34.0 in stage 12.0 (TID 186)
26/10/07 12:01:46 INFO TaskSetManager: Finished task 31.0 in stage 12.0 (TID 183) in 858 ms on master (executor driver) (33/64)
26/10/07 12:01:46 INFO BlockManager: Found block rdd_39_34 locally
26/10/07 12:01:46 INFO Executor: Finished task 33.0 in stage 12.0 (TID 185). 5796 bytes result sent to driver
26/10/07 12:01:46 INFO TaskSetManager: Starting task 35.0 in stage 12.0 (TID 187) (master, executor driver, partition 35, PROCESS_LOCAL, 7604 bytes) 
26/10/07 12:01:46 INFO TaskSetManager: Finished task 33.0 in stage 12.0 (TID 185) in 640 ms on master (executor driver) (34/64)
26/10/07 12:01:46 INFO Executor: Running task 35.0 in stage 12.0 (TID 187)
26/10/07 12:01:47 INFO BlockManager: Found block rdd_39_35 locally
26/10/07 12:01:47 INFO Executor: Finished task 34.0 in stage 12.0 (TID 186). 5796 bytes result sent to driver
26/10/07 12:01:47 INFO TaskSetManager: Starting task 36.0 in stage 12.0 (TID 188) (master, executor driver, partition 36, PROCESS_LOCAL, 7604 bytes) 
26/10/07 12:01:47 INFO TaskSetManager: Finished task 34.0 in stage 12.0 (TID 186) in 733 ms on master (executor driver) (35/64)
26/10/07 12:01:47 INFO Executor: Running task 36.0 in stage 12.0 (TID 188)
26/10/07 12:01:47 INFO BlockManager: Found block rdd_39_36 locally
26/10/07 12:01:47 INFO Executor: Finished task 35.0 in stage 12.0 (TID 187). 5796 bytes result sent to driver
26/10/07 12:01:47 INFO TaskSetManager: Starting task 37.0 in stage 12.0 (TID 189) (master, executor driver, partition 37, PROCESS_LOCAL, 7604 bytes) 
26/10/07 12:01:47 INFO Executor: Running task 37.0 in stage 12.0 (TID 189)
26/10/07 12:01:47 INFO TaskSetManager: Finished task 35.0 in stage 12.0 (TID 187) in 504 ms on master (executor driver) (36/64)
26/10/07 12:01:47 INFO BlockManager: Found block rdd_39_37 locally
26/10/07 12:01:48 INFO Executor: Finished task 36.0 in stage 12.0 (TID 188). 5796 bytes result sent to driver
26/10/07 12:01:48 INFO TaskSetManager: Starting task 38.0 in stage 12.0 (TID 190) (master, executor driver, partition 38, PROCESS_LOCAL, 7604 bytes) 
26/10/07 12:01:48 INFO Executor: Finished task 37.0 in stage 12.0 (TID 189). 5796 bytes result sent to driver
26/10/07 12:01:48 INFO TaskSetManager: Finished task 36.0 in stage 12.0 (TID 188) in 957 ms on master (executor driver) (37/64)
26/10/07 12:01:48 INFO Executor: Running task 38.0 in stage 12.0 (TID 190)
26/10/07 12:01:48 INFO TaskSetManager: Starting task 39.0 in stage 12.0 (TID 191) (master, executor driver, partition 39, PROCESS_LOCAL, 7604 bytes) 
26/10/07 12:01:48 INFO TaskSetManager: Finished task 37.0 in stage 12.0 (TID 189) in 728 ms on master (executor driver) (38/64)
26/10/07 12:01:48 INFO Executor: Running task 39.0 in stage 12.0 (TID 191)
26/10/07 12:01:48 INFO BlockManager: Found block rdd_39_39 locally
26/10/07 12:01:48 INFO BlockManager: Found block rdd_39_38 locally
26/10/07 12:01:48 INFO Executor: Finished task 39.0 in stage 12.0 (TID 191). 5796 bytes result sent to driver
26/10/07 12:01:48 INFO TaskSetManager: Starting task 40.0 in stage 12.0 (TID 192) (master, executor driver, partition 40, PROCESS_LOCAL, 7604 bytes) 
26/10/07 12:01:48 INFO TaskSetManager: Finished task 39.0 in stage 12.0 (TID 191) in 562 ms on master (executor driver) (39/64)
26/10/07 12:01:48 INFO Executor: Running task 40.0 in stage 12.0 (TID 192)
26/10/07 12:01:48 INFO BlockManager: Found block rdd_39_40 locally
26/10/07 12:01:48 INFO Executor: Finished task 38.0 in stage 12.0 (TID 190). 5796 bytes result sent to driver
26/10/07 12:01:48 INFO TaskSetManager: Starting task 41.0 in stage 12.0 (TID 193) (master, executor driver, partition 41, PROCESS_LOCAL, 7604 bytes) 
26/10/07 12:01:48 INFO TaskSetManager: Finished task 38.0 in stage 12.0 (TID 190) in 753 ms on master (executor driver) (40/64)
26/10/07 12:01:48 INFO Executor: Running task 41.0 in stage 12.0 (TID 193)
26/10/07 12:01:48 INFO BlockManager: Found block rdd_39_41 locally
26/10/07 12:01:49 INFO Executor: Finished task 40.0 in stage 12.0 (TID 192). 5796 bytes result sent to driver
26/10/07 12:01:49 INFO Executor: Finished task 41.0 in stage 12.0 (TID 193). 5796 bytes result sent to driver
26/10/07 12:01:49 INFO TaskSetManager: Starting task 42.0 in stage 12.0 (TID 194) (master, executor driver, partition 42, PROCESS_LOCAL, 7604 bytes) 
26/10/07 12:01:49 INFO Executor: Running task 42.0 in stage 12.0 (TID 194)
26/10/07 12:01:49 INFO TaskSetManager: Starting task 43.0 in stage 12.0 (TID 195) (master, executor driver, partition 43, PROCESS_LOCAL, 7604 bytes) 
26/10/07 12:01:49 INFO TaskSetManager: Finished task 41.0 in stage 12.0 (TID 193) in 571 ms on master (executor driver) (41/64)
26/10/07 12:01:49 INFO TaskSetManager: Finished task 40.0 in stage 12.0 (TID 192) in 740 ms on master (executor driver) (42/64)
26/10/07 12:01:49 INFO Executor: Running task 43.0 in stage 12.0 (TID 195)
26/10/07 12:01:49 INFO BlockManager: Found block rdd_39_43 locally
26/10/07 12:01:49 INFO BlockManager: Found block rdd_39_42 locally
26/10/07 12:01:50 INFO Executor: Finished task 42.0 in stage 12.0 (TID 194). 5839 bytes result sent to driver
26/10/07 12:01:50 INFO TaskSetManager: Starting task 44.0 in stage 12.0 (TID 196) (master, executor driver, partition 44, PROCESS_LOCAL, 7604 bytes) 
26/10/07 12:01:50 INFO TaskSetManager: Finished task 42.0 in stage 12.0 (TID 194) in 692 ms on master (executor driver) (43/64)
26/10/07 12:01:50 INFO Executor: Running task 44.0 in stage 12.0 (TID 196)
26/10/07 12:01:50 INFO BlockManager: Found block rdd_39_44 locally
26/10/07 12:01:50 INFO Executor: Finished task 43.0 in stage 12.0 (TID 195). 5839 bytes result sent to driver
26/10/07 12:01:50 INFO TaskSetManager: Starting task 45.0 in stage 12.0 (TID 197) (master, executor driver, partition 45, PROCESS_LOCAL, 7604 bytes) 
26/10/07 12:01:50 INFO Executor: Running task 45.0 in stage 12.0 (TID 197)
26/10/07 12:01:50 INFO TaskSetManager: Finished task 43.0 in stage 12.0 (TID 195) in 1257 ms on master (executor driver) (44/64)
26/10/07 12:01:50 INFO BlockManager: Found block rdd_39_45 locally
26/10/07 12:01:50 INFO Executor: Finished task 44.0 in stage 12.0 (TID 196). 5796 bytes result sent to driver
26/10/07 12:01:50 INFO TaskSetManager: Starting task 46.0 in stage 12.0 (TID 198) (master, executor driver, partition 46, PROCESS_LOCAL, 7604 bytes) 
26/10/07 12:01:50 INFO TaskSetManager: Finished task 44.0 in stage 12.0 (TID 196) in 620 ms on master (executor driver) (45/64)
26/10/07 12:01:50 INFO Executor: Running task 46.0 in stage 12.0 (TID 198)
26/10/07 12:01:50 INFO BlockManager: Found block rdd_39_46 locally
26/10/07 12:01:51 INFO Executor: Finished task 46.0 in stage 12.0 (TID 198). 5796 bytes result sent to driver
26/10/07 12:01:51 INFO TaskSetManager: Starting task 47.0 in stage 12.0 (TID 199) (master, executor driver, partition 47, PROCESS_LOCAL, 7604 bytes) 
26/10/07 12:01:51 INFO Executor: Running task 47.0 in stage 12.0 (TID 199)
26/10/07 12:01:51 INFO TaskSetManager: Finished task 46.0 in stage 12.0 (TID 198) in 503 ms on master (executor driver) (46/64)
26/10/07 12:01:51 INFO BlockManager: Found block rdd_39_47 locally
26/10/07 12:01:51 INFO Executor: Finished task 45.0 in stage 12.0 (TID 197). 5796 bytes result sent to driver
26/10/07 12:01:51 INFO TaskSetManager: Starting task 48.0 in stage 12.0 (TID 200) (master, executor driver, partition 48, PROCESS_LOCAL, 7604 bytes) 
26/10/07 12:01:51 INFO TaskSetManager: Finished task 45.0 in stage 12.0 (TID 197) in 590 ms on master (executor driver) (47/64)
26/10/07 12:01:51 INFO Executor: Running task 48.0 in stage 12.0 (TID 200)
26/10/07 12:01:51 INFO BlockManager: Found block rdd_39_48 locally
26/10/07 12:01:51 INFO Executor: Finished task 47.0 in stage 12.0 (TID 199). 5796 bytes result sent to driver
26/10/07 12:01:51 INFO TaskSetManager: Starting task 49.0 in stage 12.0 (TID 201) (master, executor driver, partition 49, PROCESS_LOCAL, 7604 bytes) 
26/10/07 12:01:51 INFO Executor: Running task 49.0 in stage 12.0 (TID 201)
26/10/07 12:01:51 INFO TaskSetManager: Finished task 47.0 in stage 12.0 (TID 199) in 557 ms on master (executor driver) (48/64)
26/10/07 12:01:51 INFO BlockManager: Found block rdd_39_49 locally
26/10/07 12:01:51 INFO Executor: Finished task 48.0 in stage 12.0 (TID 200). 5796 bytes result sent to driver
26/10/07 12:01:51 INFO TaskSetManager: Starting task 50.0 in stage 12.0 (TID 202) (master, executor driver, partition 50, PROCESS_LOCAL, 7604 bytes) 
26/10/07 12:01:51 INFO TaskSetManager: Finished task 48.0 in stage 12.0 (TID 200) in 595 ms on master (executor driver) (49/64)
26/10/07 12:01:51 INFO Executor: Running task 50.0 in stage 12.0 (TID 202)
26/10/07 12:01:51 INFO BlockManager: Found block rdd_39_50 locally
26/10/07 12:01:52 INFO Executor: Finished task 49.0 in stage 12.0 (TID 201). 5796 bytes result sent to driver
26/10/07 12:01:52 INFO TaskSetManager: Starting task 51.0 in stage 12.0 (TID 203) (master, executor driver, partition 51, PROCESS_LOCAL, 7604 bytes) 
26/10/07 12:01:52 INFO TaskSetManager: Finished task 49.0 in stage 12.0 (TID 201) in 606 ms on master (executor driver) (50/64)
26/10/07 12:01:52 INFO Executor: Running task 51.0 in stage 12.0 (TID 203)
26/10/07 12:01:52 INFO Executor: Finished task 50.0 in stage 12.0 (TID 202). 5796 bytes result sent to driver
26/10/07 12:01:52 INFO TaskSetManager: Starting task 52.0 in stage 12.0 (TID 204) (master, executor driver, partition 52, PROCESS_LOCAL, 7604 bytes) 
26/10/07 12:01:52 INFO TaskSetManager: Finished task 50.0 in stage 12.0 (TID 202) in 578 ms on master (executor driver) (51/64)
26/10/07 12:01:52 INFO Executor: Running task 52.0 in stage 12.0 (TID 204)
26/10/07 12:01:52 INFO BlockManager: Found block rdd_39_51 locally
26/10/07 12:01:52 INFO BlockManager: Found block rdd_39_52 locally
26/10/07 12:01:53 INFO Executor: Finished task 51.0 in stage 12.0 (TID 203). 5839 bytes result sent to driver
26/10/07 12:01:53 INFO TaskSetManager: Starting task 53.0 in stage 12.0 (TID 205) (master, executor driver, partition 53, PROCESS_LOCAL, 7604 bytes) 
26/10/07 12:01:53 INFO TaskSetManager: Finished task 51.0 in stage 12.0 (TID 203) in 830 ms on master (executor driver) (52/64)
26/10/07 12:01:53 INFO Executor: Running task 53.0 in stage 12.0 (TID 205)
26/10/07 12:01:53 INFO BlockManager: Found block rdd_39_53 locally
26/10/07 12:01:53 INFO Executor: Finished task 52.0 in stage 12.0 (TID 204). 5839 bytes result sent to driver
26/10/07 12:01:53 INFO TaskSetManager: Starting task 54.0 in stage 12.0 (TID 206) (master, executor driver, partition 54, PROCESS_LOCAL, 7604 bytes) 
26/10/07 12:01:53 INFO Executor: Running task 54.0 in stage 12.0 (TID 206)
26/10/07 12:01:53 INFO TaskSetManager: Finished task 52.0 in stage 12.0 (TID 204) in 925 ms on master (executor driver) (53/64)
26/10/07 12:01:53 INFO BlockManager: Found block rdd_39_54 locally
26/10/07 12:01:54 INFO Executor: Finished task 54.0 in stage 12.0 (TID 206). 5796 bytes result sent to driver
26/10/07 12:01:54 INFO TaskSetManager: Starting task 55.0 in stage 12.0 (TID 207) (master, executor driver, partition 55, PROCESS_LOCAL, 7604 bytes) 
26/10/07 12:01:54 INFO Executor: Running task 55.0 in stage 12.0 (TID 207)
26/10/07 12:01:54 INFO TaskSetManager: Finished task 54.0 in stage 12.0 (TID 206) in 618 ms on master (executor driver) (54/64)
26/10/07 12:01:54 INFO BlockManager: Found block rdd_39_55 locally
26/10/07 12:01:54 INFO Executor: Finished task 53.0 in stage 12.0 (TID 205). 5796 bytes result sent to driver
26/10/07 12:01:54 INFO TaskSetManager: Starting task 56.0 in stage 12.0 (TID 208) (master, executor driver, partition 56, PROCESS_LOCAL, 7604 bytes) 
26/10/07 12:01:54 INFO Executor: Running task 56.0 in stage 12.0 (TID 208)
26/10/07 12:01:54 INFO TaskSetManager: Finished task 53.0 in stage 12.0 (TID 205) in 1160 ms on master (executor driver) (55/64)
26/10/07 12:01:54 INFO BlockManager: Found block rdd_39_56 locally
26/10/07 12:01:55 INFO Executor: Finished task 55.0 in stage 12.0 (TID 207). 5796 bytes result sent to driver
26/10/07 12:01:55 INFO TaskSetManager: Starting task 57.0 in stage 12.0 (TID 209) (master, executor driver, partition 57, PROCESS_LOCAL, 7604 bytes) 
26/10/07 12:01:55 INFO TaskSetManager: Finished task 55.0 in stage 12.0 (TID 207) in 1104 ms on master (executor driver) (56/64)
26/10/07 12:01:55 INFO Executor: Running task 57.0 in stage 12.0 (TID 209)
26/10/07 12:01:55 INFO BlockManager: Found block rdd_39_57 locally
26/10/07 12:01:55 INFO Executor: Finished task 56.0 in stage 12.0 (TID 208). 5796 bytes result sent to driver
26/10/07 12:01:55 INFO TaskSetManager: Starting task 58.0 in stage 12.0 (TID 210) (master, executor driver, partition 58, PROCESS_LOCAL, 7604 bytes) 
26/10/07 12:01:55 INFO Executor: Running task 58.0 in stage 12.0 (TID 210)
26/10/07 12:01:55 INFO TaskSetManager: Finished task 56.0 in stage 12.0 (TID 208) in 985 ms on master (executor driver) (57/64)
26/10/07 12:01:55 INFO BlockManager: Found block rdd_39_58 locally
26/10/07 12:01:55 INFO Executor: Finished task 57.0 in stage 12.0 (TID 209). 5796 bytes result sent to driver
26/10/07 12:01:55 INFO TaskSetManager: Starting task 59.0 in stage 12.0 (TID 211) (master, executor driver, partition 59, PROCESS_LOCAL, 7604 bytes) 
26/10/07 12:01:55 INFO TaskSetManager: Finished task 57.0 in stage 12.0 (TID 209) in 475 ms on master (executor driver) (58/64)
26/10/07 12:01:55 INFO Executor: Running task 59.0 in stage 12.0 (TID 211)
26/10/07 12:01:55 INFO BlockManager: Found block rdd_39_59 locally
26/10/07 12:01:55 INFO Executor: Finished task 59.0 in stage 12.0 (TID 211). 5796 bytes result sent to driver
26/10/07 12:01:55 INFO TaskSetManager: Starting task 60.0 in stage 12.0 (TID 212) (master, executor driver, partition 60, PROCESS_LOCAL, 7604 bytes) 
26/10/07 12:01:55 INFO TaskSetManager: Finished task 59.0 in stage 12.0 (TID 211) in 296 ms on master (executor driver) (59/64)
26/10/07 12:01:55 INFO Executor: Running task 60.0 in stage 12.0 (TID 212)
26/10/07 12:01:55 INFO BlockManager: Found block rdd_39_60 locally
26/10/07 12:01:56 INFO Executor: Finished task 58.0 in stage 12.0 (TID 210). 5796 bytes result sent to driver
26/10/07 12:01:56 INFO TaskSetManager: Starting task 61.0 in stage 12.0 (TID 213) (master, executor driver, partition 61, PROCESS_LOCAL, 7604 bytes) 
26/10/07 12:01:56 INFO TaskSetManager: Finished task 58.0 in stage 12.0 (TID 210) in 1023 ms on master (executor driver) (60/64)
26/10/07 12:01:56 INFO Executor: Running task 61.0 in stage 12.0 (TID 213)
26/10/07 12:01:56 INFO BlockManager: Found block rdd_39_61 locally
26/10/07 12:01:56 INFO Executor: Finished task 60.0 in stage 12.0 (TID 212). 5839 bytes result sent to driver
26/10/07 12:01:56 INFO TaskSetManager: Starting task 62.0 in stage 12.0 (TID 214) (master, executor driver, partition 62, PROCESS_LOCAL, 7604 bytes) 
26/10/07 12:01:56 INFO TaskSetManager: Finished task 60.0 in stage 12.0 (TID 212) in 986 ms on master (executor driver) (61/64)
26/10/07 12:01:56 INFO Executor: Running task 62.0 in stage 12.0 (TID 214)
26/10/07 12:01:56 INFO BlockManager: Found block rdd_39_62 locally
26/10/07 12:01:57 INFO Executor: Finished task 61.0 in stage 12.0 (TID 213). 5839 bytes result sent to driver
26/10/07 12:01:57 INFO TaskSetManager: Starting task 63.0 in stage 12.0 (TID 215) (master, executor driver, partition 63, PROCESS_LOCAL, 7604 bytes) 
26/10/07 12:01:57 INFO Executor: Running task 63.0 in stage 12.0 (TID 215)
26/10/07 12:01:57 INFO TaskSetManager: Finished task 61.0 in stage 12.0 (TID 213) in 702 ms on master (executor driver) (62/64)
26/10/07 12:01:57 INFO BlockManager: Found block rdd_39_63 locally
26/10/07 12:01:57 INFO Executor: Finished task 63.0 in stage 12.0 (TID 215). 5796 bytes result sent to driver
26/10/07 12:01:57 INFO TaskSetManager: Finished task 63.0 in stage 12.0 (TID 215) in 371 ms on master (executor driver) (63/64)
26/10/07 12:01:57 INFO Executor: Finished task 62.0 in stage 12.0 (TID 214). 5796 bytes result sent to driver
26/10/07 12:01:57 INFO TaskSetManager: Finished task 62.0 in stage 12.0 (TID 214) in 712 ms on master (executor driver) (64/64)
26/10/07 12:01:57 INFO TaskSchedulerImpl: Removed TaskSet 12.0, whose tasks have all completed, from pool 
26/10/07 12:01:57 INFO DAGScheduler: ShuffleMapStage 12 (first at /home/marlon/stablecoin-depeg-detection/src/quality_opt.py:133) finished in 26.112 s
26/10/07 12:01:57 INFO DAGScheduler: looking for newly runnable stages
26/10/07 12:01:57 INFO DAGScheduler: running: Set()
26/10/07 12:01:57 INFO DAGScheduler: waiting: Set()
26/10/07 12:01:57 INFO DAGScheduler: failed: Set()
26/10/07 12:01:57 INFO CodeGenerator: Code generated in 24.552227 ms
26/10/07 12:01:57 INFO CodeGenerator: Code generated in 20.09078 ms
26/10/07 12:01:57 INFO DAGScheduler: Got job 7 (first at /home/marlon/stablecoin-depeg-detection/src/quality_opt.py:133) with 64 output partitions
26/10/07 12:01:57 INFO DAGScheduler: Final stage: ResultStage 15 (first at /home/marlon/stablecoin-depeg-detection/src/quality_opt.py:133)
26/10/07 12:01:57 INFO DAGScheduler: Parents of final stage: List(ShuffleMapStage 14)
26/10/07 12:01:57 INFO DAGScheduler: Missing parents: List()
26/10/07 12:01:57 INFO DAGScheduler: Submitting ResultStage 15 (AdaptiveSparkPlan isFinalPlan=false
+- Project [open_time#0L, open#1, high#2, low#3, close#4, volume#5, close_time#6L, quote_volume#7, trades#8L, taker_buy_base#9, taker_buy_quote#10, ignore#11, simbolo#24, fuente_paridad#39, open_time_ts#326, close_time_ts#342, _per#1079, (open_time#0L - _we0#1098L) AS gap_ms#1097L]
   +- Window [lag(open_time#0L, -1, null) windowspecdefinition(simbolo#24, _per#1079, open_time#0L ASC NULLS FIRST, specifiedwindowframe(RowFrame, -1, -1)) AS _we0#1098L], [simbolo#24, _per#1079], [open_time#0L ASC NULLS FIRST]
      +- Sort [simbolo#24 ASC NULLS FIRST, _per#1079 ASC NULLS FIRST, open_time#0L ASC NULLS FIRST], false, 0
         +- Exchange hashpartitioning(simbolo#24, _per#1079, 64), ENSURE_REQUIREMENTS, [plan_id=251]
            +- Project [open_time#0L, open#1, high#2, low#3, close#4, volume#5, close_time#6L, quote_volume#7, trades#8L, taker_buy_base#9, taker_buy_quote#10, ignore#11, simbolo#24, fuente_paridad#39, open_time_ts#326, close_time_ts#342, ((year(cast(open_time_ts... MapPartitionsRDD[58] at first at /home/marlon/stablecoin-depeg-detection/src/quality_opt.py:133), which has no missing parents
26/10/07 12:01:57 INFO MemoryStore: Block broadcast_17 stored as values in memory (estimated size 118.2 KiB, free 1093.6 MiB)
26/10/07 12:01:57 INFO MemoryStore: Block broadcast_17_piece0 stored as bytes in memory (estimated size 40.9 KiB, free 1093.5 MiB)
26/10/07 12:01:57 INFO BlockManagerInfo: Added broadcast_17_piece0 in memory on master:40245 (size: 40.9 KiB, free: 1094.9 MiB)
26/10/07 12:01:57 INFO SparkContext: Created broadcast 17 from broadcast at DAGScheduler.scala:1585
26/10/07 12:01:57 INFO DAGScheduler: Submitting 64 missing tasks from ResultStage 15 (AdaptiveSparkPlan isFinalPlan=false
+- Project [open_time#0L, open#1, high#2, low#3, close#4, volume#5, close_time#6L, quote_volume#7, trades#8L, taker_buy_base#9, taker_buy_quote#10, ignore#11, simbolo#24, fuente_paridad#39, open_time_ts#326, close_time_ts#342, _per#1079, (open_time#0L - _we0#1098L) AS gap_ms#1097L]
   +- Window [lag(open_time#0L, -1, null) windowspecdefinition(simbolo#24, _per#1079, open_time#0L ASC NULLS FIRST, specifiedwindowframe(RowFrame, -1, -1)) AS _we0#1098L], [simbolo#24, _per#1079], [open_time#0L ASC NULLS FIRST]
      +- Sort [simbolo#24 ASC NULLS FIRST, _per#1079 ASC NULLS FIRST, open_time#0L ASC NULLS FIRST], false, 0
         +- Exchange hashpartitioning(simbolo#24, _per#1079, 64), ENSURE_REQUIREMENTS, [plan_id=251]
            +- Project [open_time#0L, open#1, high#2, low#3, close#4, volume#5, close_time#6L, quote_volume#7, trades#8L, taker_buy_base#9, taker_buy_quote#10, ignore#11, simbolo#24, fuente_paridad#39, open_time_ts#326, close_time_ts#342, ((year(cast(open_time_ts... MapPartitionsRDD[58] at first at /home/marlon/stablecoin-depeg-detection/src/quality_opt.py:133) (first 15 tasks are for partitions Vector(0, 1, 2, 3, 4, 5, 6, 7, 8, 9, 10, 11, 12, 13, 14))
26/10/07 12:01:57 INFO TaskSchedulerImpl: Adding task set 15.0 with 64 tasks resource profile 0
26/10/07 12:01:57 INFO TaskSetManager: Starting task 0.0 in stage 15.0 (TID 216) (master, executor driver, partition 0, NODE_LOCAL, 7615 bytes) 
26/10/07 12:01:57 INFO TaskSetManager: Starting task 1.0 in stage 15.0 (TID 217) (master, executor driver, partition 1, NODE_LOCAL, 7615 bytes) 
26/10/07 12:01:57 INFO Executor: Running task 0.0 in stage 15.0 (TID 216)
26/10/07 12:01:57 INFO Executor: Running task 1.0 in stage 15.0 (TID 217)
26/10/07 12:01:58 INFO ShuffleBlockFetcherIterator: Getting 64 (9.7 MiB) non-empty blocks including 64 (9.7 MiB) local and 0 (0.0 B) host-local and 0 (0.0 B) push-merged-local and 0 (0.0 B) remote blocks
26/10/07 12:01:58 INFO ShuffleBlockFetcherIterator: Started 0 remote fetches in 7 ms
26/10/07 12:01:58 INFO ShuffleBlockFetcherIterator: Getting 64 (11.0 MiB) non-empty blocks including 64 (11.0 MiB) local and 0 (0.0 B) host-local and 0 (0.0 B) push-merged-local and 0 (0.0 B) remote blocks
26/10/07 12:01:58 INFO ShuffleBlockFetcherIterator: Started 0 remote fetches in 4 ms
26/10/07 12:01:58 INFO CodeGenerator: Code generated in 12.302731 ms
26/10/07 12:01:58 INFO CodeGenerator: Code generated in 20.922565 ms
26/10/07 12:01:58 INFO CodeGenerator: Code generated in 31.91795 ms
26/10/07 12:01:58 INFO CodeGenerator: Code generated in 5.478117 ms
26/10/07 12:01:58 INFO CodeGenerator: Code generated in 6.904852 ms
26/10/07 12:01:58 INFO CodeGenerator: Code generated in 9.081865 ms
26/10/07 12:01:59 INFO CodeGenerator: Code generated in 12.220733 ms
26/10/07 12:01:59 INFO CodeGenerator: Code generated in 34.570162 ms
26/10/07 12:02:01 INFO MemoryStore: Block rdd_58_0 stored as values in memory (estimated size 7.3 MiB, free 1050.2 MiB)
26/10/07 12:02:01 INFO BlockManagerInfo: Added rdd_58_0 in memory on master:40245 (size: 7.3 MiB, free: 1087.6 MiB)
26/10/07 12:02:01 INFO Executor: 1 block locks were not released by task 0.0 in stage 15.0 (TID 216)
[rdd_58_0]
26/10/07 12:02:01 INFO Executor: Finished task 0.0 in stage 15.0 (TID 216). 7748 bytes result sent to driver
26/10/07 12:02:01 INFO TaskSetManager: Starting task 2.0 in stage 15.0 (TID 218) (master, executor driver, partition 2, NODE_LOCAL, 7615 bytes) 
26/10/07 12:02:01 INFO Executor: Running task 2.0 in stage 15.0 (TID 218)
26/10/07 12:02:01 INFO TaskSetManager: Finished task 0.0 in stage 15.0 (TID 216) in 3781 ms on master (executor driver) (1/64)
26/10/07 12:02:01 INFO ShuffleBlockFetcherIterator: Getting 64 (10.5 MiB) non-empty blocks including 64 (10.5 MiB) local and 0 (0.0 B) host-local and 0 (0.0 B) push-merged-local and 0 (0.0 B) remote blocks
26/10/07 12:02:01 INFO ShuffleBlockFetcherIterator: Started 0 remote fetches in 10 ms
26/10/07 12:02:02 INFO MemoryStore: Block rdd_58_1 stored as values in memory (estimated size 8.4 MiB, free 1041.8 MiB)
26/10/07 12:02:02 INFO BlockManagerInfo: Added rdd_58_1 in memory on master:40245 (size: 8.4 MiB, free: 1079.2 MiB)
26/10/07 12:02:02 INFO Executor: 1 block locks were not released by task 1.0 in stage 15.0 (TID 217)
[rdd_58_1]
26/10/07 12:02:02 INFO Executor: Finished task 1.0 in stage 15.0 (TID 217). 7791 bytes result sent to driver
26/10/07 12:02:02 INFO TaskSetManager: Starting task 3.0 in stage 15.0 (TID 219) (master, executor driver, partition 3, NODE_LOCAL, 7615 bytes) 
26/10/07 12:02:02 INFO TaskSetManager: Finished task 1.0 in stage 15.0 (TID 217) in 4305 ms on master (executor driver) (2/64)
26/10/07 12:02:02 INFO Executor: Running task 3.0 in stage 15.0 (TID 219)
26/10/07 12:02:02 INFO ShuffleBlockFetcherIterator: Getting 64 (10.7 MiB) non-empty blocks including 64 (10.7 MiB) local and 0 (0.0 B) host-local and 0 (0.0 B) push-merged-local and 0 (0.0 B) remote blocks
26/10/07 12:02:02 INFO ShuffleBlockFetcherIterator: Started 0 remote fetches in 0 ms
26/10/07 12:02:03 INFO MemoryStore: Block rdd_58_2 stored as values in memory (estimated size 8.0 MiB, free 1033.8 MiB)
26/10/07 12:02:03 INFO BlockManagerInfo: Added rdd_58_2 in memory on master:40245 (size: 8.0 MiB, free: 1071.2 MiB)
26/10/07 12:02:03 INFO Executor: 1 block locks were not released by task 2.0 in stage 15.0 (TID 218)
[rdd_58_2]
26/10/07 12:02:03 INFO Executor: Finished task 2.0 in stage 15.0 (TID 218). 7791 bytes result sent to driver
26/10/07 12:02:03 INFO TaskSetManager: Starting task 4.0 in stage 15.0 (TID 220) (master, executor driver, partition 4, NODE_LOCAL, 7615 bytes) 
26/10/07 12:02:03 INFO TaskSetManager: Finished task 2.0 in stage 15.0 (TID 218) in 2103 ms on master (executor driver) (3/64)
26/10/07 12:02:03 INFO Executor: Running task 4.0 in stage 15.0 (TID 220)
26/10/07 12:02:03 INFO ShuffleBlockFetcherIterator: Getting 64 (11.0 MiB) non-empty blocks including 64 (11.0 MiB) local and 0 (0.0 B) host-local and 0 (0.0 B) push-merged-local and 0 (0.0 B) remote blocks
26/10/07 12:02:03 INFO ShuffleBlockFetcherIterator: Started 0 remote fetches in 1 ms
26/10/07 12:02:04 INFO MemoryStore: Block rdd_58_3 stored as values in memory (estimated size 8.1 MiB, free 1025.7 MiB)
26/10/07 12:02:04 INFO BlockManagerInfo: Added rdd_58_3 in memory on master:40245 (size: 8.1 MiB, free: 1063.0 MiB)
26/10/07 12:02:04 INFO Executor: 1 block locks were not released by task 3.0 in stage 15.0 (TID 219)
[rdd_58_3]
26/10/07 12:02:04 INFO Executor: Finished task 3.0 in stage 15.0 (TID 219). 7748 bytes result sent to driver
26/10/07 12:02:04 INFO TaskSetManager: Starting task 5.0 in stage 15.0 (TID 221) (master, executor driver, partition 5, NODE_LOCAL, 7615 bytes) 
26/10/07 12:02:04 INFO TaskSetManager: Finished task 3.0 in stage 15.0 (TID 219) in 1803 ms on master (executor driver) (4/64)
26/10/07 12:02:04 INFO Executor: Running task 5.0 in stage 15.0 (TID 221)
26/10/07 12:02:04 INFO ShuffleBlockFetcherIterator: Getting 64 (9.2 MiB) non-empty blocks including 64 (9.2 MiB) local and 0 (0.0 B) host-local and 0 (0.0 B) push-merged-local and 0 (0.0 B) remote blocks
26/10/07 12:02:04 INFO ShuffleBlockFetcherIterator: Started 0 remote fetches in 0 ms
26/10/07 12:02:05 INFO MemoryStore: Block rdd_58_4 stored as values in memory (estimated size 8.2 MiB, free 1017.4 MiB)
26/10/07 12:02:06 INFO BlockManagerInfo: Added rdd_58_4 in memory on master:40245 (size: 8.2 MiB, free: 1054.8 MiB)
26/10/07 12:02:06 INFO Executor: 1 block locks were not released by task 4.0 in stage 15.0 (TID 220)
[rdd_58_4]
26/10/07 12:02:06 INFO Executor: Finished task 4.0 in stage 15.0 (TID 220). 7748 bytes result sent to driver
26/10/07 12:02:06 INFO TaskSetManager: Starting task 6.0 in stage 15.0 (TID 222) (master, executor driver, partition 6, NODE_LOCAL, 7615 bytes) 
26/10/07 12:02:06 INFO TaskSetManager: Finished task 4.0 in stage 15.0 (TID 220) in 2237 ms on master (executor driver) (5/64)
26/10/07 12:02:06 INFO Executor: Running task 6.0 in stage 15.0 (TID 222)
26/10/07 12:02:06 INFO ShuffleBlockFetcherIterator: Getting 64 (10.4 MiB) non-empty blocks including 64 (10.4 MiB) local and 0 (0.0 B) host-local and 0 (0.0 B) push-merged-local and 0 (0.0 B) remote blocks
26/10/07 12:02:06 INFO ShuffleBlockFetcherIterator: Started 0 remote fetches in 13 ms
26/10/07 12:02:06 INFO MemoryStore: Block rdd_58_5 stored as values in memory (estimated size 7.1 MiB, free 1014.2 MiB)
26/10/07 12:02:06 INFO BlockManagerInfo: Added rdd_58_5 in memory on master:40245 (size: 7.1 MiB, free: 1047.7 MiB)
26/10/07 12:02:06 INFO Executor: 1 block locks were not released by task 5.0 in stage 15.0 (TID 221)
[rdd_58_5]
26/10/07 12:02:06 INFO Executor: Finished task 5.0 in stage 15.0 (TID 221). 7748 bytes result sent to driver
26/10/07 12:02:06 INFO TaskSetManager: Starting task 7.0 in stage 15.0 (TID 223) (master, executor driver, partition 7, NODE_LOCAL, 7615 bytes) 
26/10/07 12:02:06 INFO Executor: Running task 7.0 in stage 15.0 (TID 223)
26/10/07 12:02:06 INFO TaskSetManager: Finished task 5.0 in stage 15.0 (TID 221) in 2218 ms on master (executor driver) (6/64)
26/10/07 12:02:06 INFO ShuffleBlockFetcherIterator: Getting 64 (11.3 MiB) non-empty blocks including 64 (11.3 MiB) local and 0 (0.0 B) host-local and 0 (0.0 B) push-merged-local and 0 (0.0 B) remote blocks
26/10/07 12:02:06 INFO ShuffleBlockFetcherIterator: Started 0 remote fetches in 10 ms
26/10/07 12:02:08 INFO MemoryStore: Block rdd_58_6 stored as values in memory (estimated size 8.1 MiB, free 1002.2 MiB)
26/10/07 12:02:08 INFO BlockManagerInfo: Added rdd_58_6 in memory on master:40245 (size: 8.1 MiB, free: 1039.6 MiB)
26/10/07 12:02:08 INFO Executor: 1 block locks were not released by task 6.0 in stage 15.0 (TID 222)
[rdd_58_6]
26/10/07 12:02:08 INFO Executor: Finished task 6.0 in stage 15.0 (TID 222). 7791 bytes result sent to driver
26/10/07 12:02:08 INFO TaskSetManager: Starting task 8.0 in stage 15.0 (TID 224) (master, executor driver, partition 8, NODE_LOCAL, 7615 bytes) 
26/10/07 12:02:08 INFO Executor: Running task 8.0 in stage 15.0 (TID 224)
26/10/07 12:02:08 INFO TaskSetManager: Finished task 6.0 in stage 15.0 (TID 222) in 2242 ms on master (executor driver) (7/64)
26/10/07 12:02:08 INFO ShuffleBlockFetcherIterator: Getting 64 (10.8 MiB) non-empty blocks including 64 (10.8 MiB) local and 0 (0.0 B) host-local and 0 (0.0 B) push-merged-local and 0 (0.0 B) remote blocks
26/10/07 12:02:08 INFO ShuffleBlockFetcherIterator: Started 0 remote fetches in 6 ms
26/10/07 12:02:08 INFO MemoryStore: Block rdd_58_7 stored as values in memory (estimated size 8.6 MiB, free 993.6 MiB)
26/10/07 12:02:08 INFO BlockManagerInfo: Added rdd_58_7 in memory on master:40245 (size: 8.6 MiB, free: 1031.0 MiB)
26/10/07 12:02:08 INFO Executor: 1 block locks were not released by task 7.0 in stage 15.0 (TID 223)
[rdd_58_7]
26/10/07 12:02:08 INFO Executor: Finished task 7.0 in stage 15.0 (TID 223). 7791 bytes result sent to driver
26/10/07 12:02:08 INFO TaskSetManager: Starting task 9.0 in stage 15.0 (TID 225) (master, executor driver, partition 9, NODE_LOCAL, 7615 bytes) 
26/10/07 12:02:08 INFO TaskSetManager: Finished task 7.0 in stage 15.0 (TID 223) in 2541 ms on master (executor driver) (8/64)
26/10/07 12:02:08 INFO Executor: Running task 9.0 in stage 15.0 (TID 225)
26/10/07 12:02:08 INFO ShuffleBlockFetcherIterator: Getting 64 (11.5 MiB) non-empty blocks including 64 (11.5 MiB) local and 0 (0.0 B) host-local and 0 (0.0 B) push-merged-local and 0 (0.0 B) remote blocks
26/10/07 12:02:08 INFO ShuffleBlockFetcherIterator: Started 0 remote fetches in 1 ms
26/10/07 12:02:10 INFO MemoryStore: Block rdd_58_8 stored as values in memory (estimated size 8.0 MiB, free 985.6 MiB)
26/10/07 12:02:10 INFO BlockManagerInfo: Added rdd_58_8 in memory on master:40245 (size: 8.0 MiB, free: 1022.9 MiB)
26/10/07 12:02:10 INFO Executor: 1 block locks were not released by task 8.0 in stage 15.0 (TID 224)
[rdd_58_8]
26/10/07 12:02:10 INFO Executor: Finished task 8.0 in stage 15.0 (TID 224). 7748 bytes result sent to driver
26/10/07 12:02:10 INFO TaskSetManager: Starting task 10.0 in stage 15.0 (TID 226) (master, executor driver, partition 10, NODE_LOCAL, 7615 bytes) 
26/10/07 12:02:10 INFO TaskSetManager: Finished task 8.0 in stage 15.0 (TID 224) in 1786 ms on master (executor driver) (9/64)
26/10/07 12:02:10 INFO Executor: Running task 10.0 in stage 15.0 (TID 226)
26/10/07 12:02:10 INFO ShuffleBlockFetcherIterator: Getting 64 (10.1 MiB) non-empty blocks including 64 (10.1 MiB) local and 0 (0.0 B) host-local and 0 (0.0 B) push-merged-local and 0 (0.0 B) remote blocks
26/10/07 12:02:10 INFO ShuffleBlockFetcherIterator: Started 0 remote fetches in 1 ms
26/10/07 12:02:11 INFO MemoryStore: Block rdd_58_9 stored as values in memory (estimated size 8.8 MiB, free 976.8 MiB)
26/10/07 12:02:11 INFO BlockManagerInfo: Added rdd_58_9 in memory on master:40245 (size: 8.8 MiB, free: 1014.1 MiB)
26/10/07 12:02:11 INFO Executor: 1 block locks were not released by task 9.0 in stage 15.0 (TID 225)
[rdd_58_9]
26/10/07 12:02:11 INFO Executor: Finished task 9.0 in stage 15.0 (TID 225). 7748 bytes result sent to driver
26/10/07 12:02:11 INFO TaskSetManager: Starting task 11.0 in stage 15.0 (TID 227) (master, executor driver, partition 11, NODE_LOCAL, 7615 bytes) 
26/10/07 12:02:11 INFO Executor: Running task 11.0 in stage 15.0 (TID 227)
26/10/07 12:02:11 INFO TaskSetManager: Finished task 9.0 in stage 15.0 (TID 225) in 2808 ms on master (executor driver) (10/64)
26/10/07 12:02:11 INFO ShuffleBlockFetcherIterator: Getting 64 (13.2 MiB) non-empty blocks including 64 (13.2 MiB) local and 0 (0.0 B) host-local and 0 (0.0 B) push-merged-local and 0 (0.0 B) remote blocks
26/10/07 12:02:11 INFO ShuffleBlockFetcherIterator: Started 0 remote fetches in 2 ms
26/10/07 12:02:11 INFO MemoryStore: Block rdd_58_10 stored as values in memory (estimated size 7.8 MiB, free 969.0 MiB)
26/10/07 12:02:11 INFO BlockManagerInfo: Added rdd_58_10 in memory on master:40245 (size: 7.8 MiB, free: 1006.4 MiB)
26/10/07 12:02:11 INFO Executor: 1 block locks were not released by task 10.0 in stage 15.0 (TID 226)
[rdd_58_10]
26/10/07 12:02:11 INFO Executor: Finished task 10.0 in stage 15.0 (TID 226). 7748 bytes result sent to driver
26/10/07 12:02:11 INFO TaskSetManager: Starting task 12.0 in stage 15.0 (TID 228) (master, executor driver, partition 12, NODE_LOCAL, 7615 bytes) 
26/10/07 12:02:11 INFO Executor: Running task 12.0 in stage 15.0 (TID 228)
26/10/07 12:02:11 INFO TaskSetManager: Finished task 10.0 in stage 15.0 (TID 226) in 1905 ms on master (executor driver) (11/64)
26/10/07 12:02:12 INFO ShuffleBlockFetcherIterator: Getting 64 (10.7 MiB) non-empty blocks including 64 (10.7 MiB) local and 0 (0.0 B) host-local and 0 (0.0 B) push-merged-local and 0 (0.0 B) remote blocks
26/10/07 12:02:12 INFO ShuffleBlockFetcherIterator: Started 0 remote fetches in 1 ms
26/10/07 12:02:14 INFO MemoryStore: Block rdd_58_12 stored as values in memory (estimated size 8.0 MiB, free 961.0 MiB)
26/10/07 12:02:14 INFO BlockManagerInfo: Added rdd_58_12 in memory on master:40245 (size: 8.0 MiB, free: 998.3 MiB)
26/10/07 12:02:14 INFO Executor: 1 block locks were not released by task 12.0 in stage 15.0 (TID 228)
[rdd_58_12]
26/10/07 12:02:14 INFO Executor: Finished task 12.0 in stage 15.0 (TID 228). 7748 bytes result sent to driver
26/10/07 12:02:14 INFO TaskSetManager: Starting task 13.0 in stage 15.0 (TID 229) (master, executor driver, partition 13, NODE_LOCAL, 7615 bytes) 
26/10/07 12:02:14 INFO Executor: Running task 13.0 in stage 15.0 (TID 229)
26/10/07 12:02:14 INFO TaskSetManager: Finished task 12.0 in stage 15.0 (TID 228) in 2565 ms on master (executor driver) (12/64)
26/10/07 12:02:14 INFO ShuffleBlockFetcherIterator: Getting 64 (10.8 MiB) non-empty blocks including 64 (10.8 MiB) local and 0 (0.0 B) host-local and 0 (0.0 B) push-merged-local and 0 (0.0 B) remote blocks
26/10/07 12:02:14 INFO ShuffleBlockFetcherIterator: Started 0 remote fetches in 1 ms
26/10/07 12:02:14 INFO MemoryStore: Block rdd_58_11 stored as values in memory (estimated size 10.0 MiB, free 954.9 MiB)
26/10/07 12:02:14 INFO BlockManagerInfo: Added rdd_58_11 in memory on master:40245 (size: 10.0 MiB, free: 988.4 MiB)
26/10/07 12:02:14 INFO Executor: 1 block locks were not released by task 11.0 in stage 15.0 (TID 227)
[rdd_58_11]
26/10/07 12:02:14 INFO Executor: Finished task 11.0 in stage 15.0 (TID 227). 7748 bytes result sent to driver
26/10/07 12:02:14 INFO TaskSetManager: Starting task 14.0 in stage 15.0 (TID 230) (master, executor driver, partition 14, NODE_LOCAL, 7615 bytes) 
26/10/07 12:02:14 INFO Executor: Running task 14.0 in stage 15.0 (TID 230)
26/10/07 12:02:14 INFO TaskSetManager: Finished task 11.0 in stage 15.0 (TID 227) in 3012 ms on master (executor driver) (13/64)
26/10/07 12:02:14 INFO ShuffleBlockFetcherIterator: Getting 64 (10.3 MiB) non-empty blocks including 64 (10.3 MiB) local and 0 (0.0 B) host-local and 0 (0.0 B) push-merged-local and 0 (0.0 B) remote blocks
26/10/07 12:02:14 INFO ShuffleBlockFetcherIterator: Started 0 remote fetches in 13 ms
26/10/07 12:02:16 INFO MemoryStore: Block rdd_58_14 stored as values in memory (estimated size 8.0 MiB, free 943.0 MiB)
26/10/07 12:02:16 INFO BlockManagerInfo: Added rdd_58_14 in memory on master:40245 (size: 8.0 MiB, free: 980.4 MiB)
26/10/07 12:02:16 INFO Executor: 1 block locks were not released by task 14.0 in stage 15.0 (TID 230)
[rdd_58_14]
26/10/07 12:02:16 INFO Executor: Finished task 14.0 in stage 15.0 (TID 230). 7748 bytes result sent to driver
26/10/07 12:02:16 INFO TaskSetManager: Starting task 15.0 in stage 15.0 (TID 231) (master, executor driver, partition 15, NODE_LOCAL, 7615 bytes) 
26/10/07 12:02:16 INFO Executor: Running task 15.0 in stage 15.0 (TID 231)
26/10/07 12:02:16 INFO TaskSetManager: Finished task 14.0 in stage 15.0 (TID 230) in 2129 ms on master (executor driver) (14/64)
26/10/07 12:02:16 INFO ShuffleBlockFetcherIterator: Getting 64 (11.8 MiB) non-empty blocks including 64 (11.8 MiB) local and 0 (0.0 B) host-local and 0 (0.0 B) push-merged-local and 0 (0.0 B) remote blocks
26/10/07 12:02:16 INFO ShuffleBlockFetcherIterator: Started 0 remote fetches in 0 ms
26/10/07 12:02:16 INFO MemoryStore: Block rdd_58_13 stored as values in memory (estimated size 8.2 MiB, free 934.8 MiB)
26/10/07 12:02:16 INFO BlockManagerInfo: Added rdd_58_13 in memory on master:40245 (size: 8.2 MiB, free: 972.2 MiB)
26/10/07 12:02:16 INFO Executor: 1 block locks were not released by task 13.0 in stage 15.0 (TID 229)
[rdd_58_13]
26/10/07 12:02:16 INFO Executor: Finished task 13.0 in stage 15.0 (TID 229). 7748 bytes result sent to driver
26/10/07 12:02:16 INFO TaskSetManager: Starting task 16.0 in stage 15.0 (TID 232) (master, executor driver, partition 16, NODE_LOCAL, 7615 bytes) 
26/10/07 12:02:16 INFO TaskSetManager: Finished task 13.0 in stage 15.0 (TID 229) in 2391 ms on master (executor driver) (15/64)
26/10/07 12:02:16 INFO Executor: Running task 16.0 in stage 15.0 (TID 232)
26/10/07 12:02:16 INFO ShuffleBlockFetcherIterator: Getting 64 (9.5 MiB) non-empty blocks including 64 (9.5 MiB) local and 0 (0.0 B) host-local and 0 (0.0 B) push-merged-local and 0 (0.0 B) remote blocks
26/10/07 12:02:16 INFO ShuffleBlockFetcherIterator: Started 0 remote fetches in 2 ms
26/10/07 12:02:18 INFO MemoryStore: Block rdd_58_15 stored as values in memory (estimated size 8.8 MiB, free 926.0 MiB)
26/10/07 12:02:18 INFO BlockManagerInfo: Added rdd_58_15 in memory on master:40245 (size: 8.8 MiB, free: 963.4 MiB)
26/10/07 12:02:18 INFO Executor: 1 block locks were not released by task 15.0 in stage 15.0 (TID 231)
[rdd_58_15]
26/10/07 12:02:18 INFO Executor: Finished task 15.0 in stage 15.0 (TID 231). 7748 bytes result sent to driver
26/10/07 12:02:18 INFO TaskSetManager: Starting task 17.0 in stage 15.0 (TID 233) (master, executor driver, partition 17, NODE_LOCAL, 7615 bytes) 
26/10/07 12:02:18 INFO Executor: Running task 17.0 in stage 15.0 (TID 233)
26/10/07 12:02:18 INFO TaskSetManager: Finished task 15.0 in stage 15.0 (TID 231) in 2081 ms on master (executor driver) (16/64)
26/10/07 12:02:18 INFO ShuffleBlockFetcherIterator: Getting 64 (10.0 MiB) non-empty blocks including 64 (10.0 MiB) local and 0 (0.0 B) host-local and 0 (0.0 B) push-merged-local and 0 (0.0 B) remote blocks
26/10/07 12:02:18 INFO ShuffleBlockFetcherIterator: Started 0 remote fetches in 3 ms
26/10/07 12:02:19 INFO MemoryStore: Block rdd_58_16 stored as values in memory (estimated size 7.2 MiB, free 918.8 MiB)
26/10/07 12:02:19 INFO BlockManagerInfo: Added rdd_58_16 in memory on master:40245 (size: 7.2 MiB, free: 956.2 MiB)
26/10/07 12:02:19 INFO Executor: 1 block locks were not released by task 16.0 in stage 15.0 (TID 232)
[rdd_58_16]
26/10/07 12:02:19 INFO Executor: Finished task 16.0 in stage 15.0 (TID 232). 7748 bytes result sent to driver
26/10/07 12:02:19 INFO TaskSetManager: Starting task 18.0 in stage 15.0 (TID 234) (master, executor driver, partition 18, NODE_LOCAL, 7615 bytes) 
26/10/07 12:02:19 INFO TaskSetManager: Finished task 16.0 in stage 15.0 (TID 232) in 2203 ms on master (executor driver) (17/64)
26/10/07 12:02:19 INFO Executor: Running task 18.0 in stage 15.0 (TID 234)
26/10/07 12:02:19 INFO ShuffleBlockFetcherIterator: Getting 64 (9.9 MiB) non-empty blocks including 64 (9.9 MiB) local and 0 (0.0 B) host-local and 0 (0.0 B) push-merged-local and 0 (0.0 B) remote blocks
26/10/07 12:02:19 INFO ShuffleBlockFetcherIterator: Started 0 remote fetches in 5 ms
26/10/07 12:02:20 INFO BlockManagerInfo: Removed broadcast_13_piece0 on master:40245 in memory (size: 32.5 KiB, free: 956.2 MiB)
26/10/07 12:02:20 INFO BlockManagerInfo: Removed broadcast_16_piece0 on master:40245 in memory (size: 37.5 KiB, free: 956.3 MiB)
26/10/07 12:02:20 INFO BlockManagerInfo: Removed broadcast_14_piece0 on master:40245 in memory (size: 37.1 KiB, free: 956.3 MiB)
26/10/07 12:02:21 INFO MemoryStore: Block rdd_58_17 stored as values in memory (estimated size 7.6 MiB, free 911.7 MiB)
26/10/07 12:02:21 INFO BlockManagerInfo: Added rdd_58_17 in memory on master:40245 (size: 7.6 MiB, free: 948.7 MiB)
26/10/07 12:02:21 INFO Executor: 1 block locks were not released by task 17.0 in stage 15.0 (TID 233)
[rdd_58_17]
26/10/07 12:02:21 INFO Executor: Finished task 17.0 in stage 15.0 (TID 233). 7748 bytes result sent to driver
26/10/07 12:02:21 INFO TaskSetManager: Starting task 19.0 in stage 15.0 (TID 235) (master, executor driver, partition 19, NODE_LOCAL, 7615 bytes) 
26/10/07 12:02:21 INFO Executor: Running task 19.0 in stage 15.0 (TID 235)
26/10/07 12:02:21 INFO TaskSetManager: Finished task 17.0 in stage 15.0 (TID 233) in 2687 ms on master (executor driver) (18/64)
26/10/07 12:02:21 INFO ShuffleBlockFetcherIterator: Getting 64 (11.2 MiB) non-empty blocks including 64 (11.2 MiB) local and 0 (0.0 B) host-local and 0 (0.0 B) push-merged-local and 0 (0.0 B) remote blocks
26/10/07 12:02:21 INFO ShuffleBlockFetcherIterator: Started 0 remote fetches in 0 ms
26/10/07 12:02:21 INFO MemoryStore: Block rdd_58_18 stored as values in memory (estimated size 7.5 MiB, free 904.2 MiB)
26/10/07 12:02:21 INFO BlockManagerInfo: Added rdd_58_18 in memory on master:40245 (size: 7.5 MiB, free: 941.3 MiB)
26/10/07 12:02:21 INFO Executor: 1 block locks were not released by task 18.0 in stage 15.0 (TID 234)
[rdd_58_18]
26/10/07 12:02:21 INFO Executor: Finished task 18.0 in stage 15.0 (TID 234). 7748 bytes result sent to driver
26/10/07 12:02:21 INFO TaskSetManager: Starting task 20.0 in stage 15.0 (TID 236) (master, executor driver, partition 20, NODE_LOCAL, 7615 bytes) 
26/10/07 12:02:21 INFO Executor: Running task 20.0 in stage 15.0 (TID 236)
26/10/07 12:02:21 INFO TaskSetManager: Finished task 18.0 in stage 15.0 (TID 234) in 2624 ms on master (executor driver) (19/64)
26/10/07 12:02:21 INFO ShuffleBlockFetcherIterator: Getting 64 (11.0 MiB) non-empty blocks including 64 (11.0 MiB) local and 0 (0.0 B) host-local and 0 (0.0 B) push-merged-local and 0 (0.0 B) remote blocks
26/10/07 12:02:21 INFO ShuffleBlockFetcherIterator: Started 0 remote fetches in 0 ms
26/10/07 12:02:23 INFO MemoryStore: Block rdd_58_19 stored as values in memory (estimated size 8.6 MiB, free 895.5 MiB)
26/10/07 12:02:23 INFO MemoryStore: Block rdd_58_20 stored as values in memory (estimated size 8.5 MiB, free 923.0 MiB)
26/10/07 12:02:23 INFO BlockManagerInfo: Added rdd_58_19 in memory on master:40245 (size: 8.6 MiB, free: 932.6 MiB)
26/10/07 12:02:23 INFO BlockManagerInfo: Added rdd_58_20 in memory on master:40245 (size: 8.5 MiB, free: 924.1 MiB)
26/10/07 12:02:23 INFO Executor: 1 block locks were not released by task 19.0 in stage 15.0 (TID 235)
[rdd_58_19]
26/10/07 12:02:23 INFO Executor: Finished task 19.0 in stage 15.0 (TID 235). 7748 bytes result sent to driver
26/10/07 12:02:23 INFO TaskSetManager: Starting task 21.0 in stage 15.0 (TID 237) (master, executor driver, partition 21, NODE_LOCAL, 7615 bytes) 
26/10/07 12:02:23 INFO TaskSetManager: Finished task 19.0 in stage 15.0 (TID 235) in 2482 ms on master (executor driver) (20/64)
26/10/07 12:02:23 INFO Executor: 1 block locks were not released by task 20.0 in stage 15.0 (TID 236)
[rdd_58_20]
26/10/07 12:02:23 INFO Executor: Running task 21.0 in stage 15.0 (TID 237)
26/10/07 12:02:23 INFO Executor: Finished task 20.0 in stage 15.0 (TID 236). 7748 bytes result sent to driver
26/10/07 12:02:23 INFO TaskSetManager: Starting task 22.0 in stage 15.0 (TID 238) (master, executor driver, partition 22, NODE_LOCAL, 7615 bytes) 
26/10/07 12:02:23 INFO Executor: Running task 22.0 in stage 15.0 (TID 238)
26/10/07 12:02:23 INFO TaskSetManager: Finished task 20.0 in stage 15.0 (TID 236) in 2224 ms on master (executor driver) (21/64)
26/10/07 12:02:24 INFO ShuffleBlockFetcherIterator: Getting 64 (10.1 MiB) non-empty blocks including 64 (10.1 MiB) local and 0 (0.0 B) host-local and 0 (0.0 B) push-merged-local and 0 (0.0 B) remote blocks
26/10/07 12:02:24 INFO ShuffleBlockFetcherIterator: Started 0 remote fetches in 1 ms
26/10/07 12:02:24 INFO ShuffleBlockFetcherIterator: Getting 64 (11.1 MiB) non-empty blocks including 64 (11.1 MiB) local and 0 (0.0 B) host-local and 0 (0.0 B) push-merged-local and 0 (0.0 B) remote blocks
26/10/07 12:02:24 INFO ShuffleBlockFetcherIterator: Started 0 remote fetches in 3 ms
./bench_local.sh: línea 28: 48805 Terminado (killed)      timeout $LIM spark-submit "${FLAGS[@]}" src/$SCR --input $4 --output $OUT $EXTRA
real 342,504 | user 226,852 | sys 171,906
