1664582400000,19424.60000000,19485.01000000,19349.47000000,19403.10000000,3418.56923000,1664585999999,66368806.13643670,49928,1581.36173000,30704048.25917200,0
1664586000000,19402.91000000,19432.34000000,19366.80000000,19423.49000000,3050.53531000,1664589599999,59160361.81253970,44971,1629.64519000,31603563.59066030,0
1664589600000,19422.77000000,19436.17000000,19384.99000000,19414.70000000,2381.62363000,1664593199999,46232569.24307750,35614,1231.18465000,23900482.90406010,0
1664593200000,19414.21000000,19439.99000000,19363.99000000,19416.89000000,2321.37889000,1664596799999,45043224.45273100,36631,1134.76342000,22019450.81099410,0
1664596800000,19417.38000000,19421.54000000,19371.33000000,19406.63000000,2337.01753000,1664600399999,45340523.68142570,35807,1152.13632000,22353606.85497900,0
1664600400000,19406.34000000,19416.85000000,19271.58000000,19317.72000000,3445.08826000,1664603999999,66585071.67736020,55678,1652.52039000,31936589.77909110,0
1664604000000,19317.71000000,19325.07000000,19267.05000000,19292.85000000,2393.12351000,1664607599999,46180068.65846870,40286,1187.84459000,22922374.32118960,0
1664607600000,19292.86000000,19344.28000000,19257.99000000,19312.26000000,2351.82030000,1664611199999,45389501.13387920,39032,1148.08089000,22157782.14611880,0
1664611200000,19312.16000000,19350.00000000,19305.00000000,19335.74000000,2506.02166000,1664614799999,48445240.19691060,38007,1186.31874000,22933122.37342800,0
1664614800000,19335.98000000,19369.40000000,19304.72000000,19329.52000000,1824.48192000,1664618399999,35278557.00037180,36633,909.59909000,17589261.54965520,0
1664618400000,19329.53000000,19366.12000000,19283.58000000,19327.88000000,2332.68170000,1664621999999,45100175.62345110,34412,1123.55747000,21725254.23427370,0
1664622000000,19327.77000000,19348.21000000,19159.84000000,19312.88000000,3689.99181000,1664625599999,71112268.08031060,68644,1766.75476000,34049960.92206720,0
1664625600000,19313.44000000,19313.94000000,19241.20000000,19294.21000000,2160.28903000,1664629199999,41650304.12362020,37127,1119.29920000,21580932.91298170,0
1664629200000,19296.04000000,19400.00000000,19277.16000000,19335.05000000,3060.59115000,1664632799999,59189117.42237280,47727,1532.83717000,29646172.14003800,0
1664632800000,19335.04000000,19349.75000000,19288.01000000,19321.62000000,2135.67450000,1664636399999,41267498.09869470,34984,1039.75504000,20091449.96052230,0
1664636400000,19321.43000000,19363.63000000,19306.00000000,19330.87000000,1844.50622000,1664639999999,35660069.87359140,33282,974.73310000,18845557.18147950,0
1664640000000,19330.76000000,19354.00000000,19242.00000000,19293.37000000,2899.99323000,1664643599999,55950538.17590710,48500,1438.97035000,27764364.99457790,0
1664643600000,19293.37000000,19318.99000000,19240.00000000,19277.50000000,1936.30733000,1664647199999,37344456.73909240,33604,884.88985000,17067730.51959630,0
1664647200000,19277.01000000,19310.32000000,19207.26000000,19298.65000000,2105.45638000,1664650799999,40567170.68384270,34962,1081.75064000,20843494.98333240,0
1664650800000,19297.82000000,19328.00000000,19212.04000000,19267.07000000,2163.01601000,1664654399999,41701955.10952770,32827,1061.05257000,20458865.73141580,0
1664654400000,19267.07000000,19284.00000000,19200.00000000,19251.35000000,2087.32826000,1664657999999,40168724.17820850,36121,1016.91246000,19571075.62178940,0
1664658000000,19251.08000000,19316.00000000,19242.28000000,19289.70000000,1272.61053000,1664661599999,24536136.44436470,22855,667.63311000,12873170.52277460,0
1664661600000,19289.41000000,19338.79000000,19273.00000000,19325.12000000,2121.54553000,1664665199999,40962752.27440030,29524,1080.08286000,20855116.52311570,0
1664665200000,19324.82000000,19343.39000000,19290.00000000,19311.32000000,1413.75373000,1664668799999,27305757.07928750,19731,668.81356000,12918103.46684490,0
1664668800000,19311.66000000,19330.00000000,19237.00000000,19278.17000000,2339.75753000,1664672399999,45148482.66376730,34681,1112.17715000,21461865.34747880,0
1664672400000,19278.16000000,19312.08000000,19255.78000000,19309.00000000,1733.92100000,1664675999999,33449766.10267870,27629,848.39227000,16367557.27874450,0
1664676000000,19309.00000000,19346.92000000,19301.98000000,19318.47000000,1810.29516000,1664679599999,34984736.51352280,28628,949.95258000,18359049.88268390,0
1664679600000,19318.48000000,19331.82000000,19282.94000000,19310.32000000,1475.48710000,1664683199999,28486842.21726850,28953,699.69047000,13509480.18708750,0
1664683200000,19310.32000000,19337.76000000,19294.74000000,19335.01000000,1032.59708000,1664686799999,19941535.74066790,23518,528.31090000,10203231.89862460,0
1664686800000,19335.40000000,19395.75000000,19299.16000000,19331.14000000,1967.99494000,1664690399999,38074083.37279160,39166,973.50045000,18835959.51653250,0
1664690400000,19331.86000000,19381.77000000,19266.33000000,19279.90000000,2290.29877000,1664693999999,44281775.63532990,41323,1126.16135000,21776860.14121480,0
1664694000000,19278.56000000,19310.00000000,19228.93000000,19284.76000000,1983.31259000,1664697599999,38232708.24507250,37600,976.27314000,18821822.57305480,0
1664697600000,19283.52000000,19300.22000000,19252.01000000,19283.25000000,1476.94323000,1664701199999,28474053.75426510,30540,709.67938000,13682480.21142420,0
1664701200000,19283.65000000,19294.86000000,19220.00000000,19261.24000000,1691.64457000,1664704799999,32586166.30227500,32157,796.56524000,15344109.67776040,0
1664704800000,19261.73000000,19264.95000000,19037.50000000,19099.51000000,5032.03768000,1664708399999,96261563.24148730,93886,2389.56762000,45708332.65315500,0
1664708400000,19100.16000000,19269.27000000,19078.61000000,19190.98000000,3229.94242000,1664711999999,61975528.27257690,61836,1562.96807000,29989317.13959860,0
1664712000000,19191.05000000,19246.50000000,19133.60000000,19159.42000000,2400.61401000,1664715599999,46060381.18957110,48097,1178.46439000,22612061.15495680,0
1664715600000,19160.44000000,19198.26000000,19128.01000000,19161.70000000,1897.43861000,1664719199999,36354295.85221300,40600,919.88781000,17625512.51709270,0
1664719200000,19161.70000000,19184.04000000,19072.30000000,19104.51000000,2604.53393000,1664722799999,49843824.20355520,49771,1218.09753000,23311651.06784860,0
1664722800000,19104.51000000,19159.99000000,19100.89000000,19146.48000000,1908.45326000,1664726399999,36506808.30782290,35436,1015.92433000,19434300.95815860,0
1664726400000,19145.90000000,19235.35000000,19129.87000000,19202.31000000,2416.83710000,1664729999999,46379747.01641210,40955,1206.48514000,23152785.57425760,0
1664730000000,19202.31000000,19225.00000000,19165.58000000,19198.45000000,1172.32666000,1664733599999,22506488.41834280,28712,579.74422000,11130472.77279780,0
1664733600000,19197.74000000,19224.00000000,19140.00000000,19221.09000000,1698.32239000,1664737199999,32583698.14449810,40097,807.71109000,15498099.80274760,0
1664737200000,19220.77000000,19340.00000000,19219.33000000,19261.99000000,4539.37330000,1664740799999,87533443.10978150,69976,2150.60656000,41464134.07104030,0
1664740800000,19263.14000000,19279.51000000,19227.74000000,19234.47000000,1888.98569000,1664744399999,36365548.33377260,29243,919.02844000,17692483.33424390,0
1664744400000,19232.82000000,19240.63000000,19104.52000000,19196.15000000,2863.74850000,1664747999999,54908808.96440510,52251,1346.54028000,25819801.00258200,0
1664748000000,19196.03000000,19302.84000000,19140.84000000,19171.09000000,6440.65949000,1664751599999,123693845.14003680,93671,3191.97431000,61306171.40763220,0
1664751600000,19171.11000000,19184.28000000,18921.68000000,19057.59000000,9020.76385000,1664755199999,171487689.64687420,137085,4548.05026000,86448723.17954770,0
1664755200000,19057.59000000,19128.38000000,18960.00000000,19091.84000000,4488.87932000,1664758799999,85593923.23951350,83304,2215.28749000,42243745.74979660,0
1664758800000,19092.72000000,19270.00000000,19090.00000000,19224.02000000,4972.05418000,1664762399999,95448302.80031020,73478,2516.69296000,48312414.79050450,0
1664762400000,19224.16000000,19243.85000000,19129.82000000,19138.84000000,3711.93724000,1664765999999,71192938.81301630,60887,1851.43103000,35509977.50475650,0
1664766000000,19138.53000000,19212.72000000,19138.09000000,19169.22000000,2433.73383000,1664769599999,46663688.38582140,42808,1262.03914000,24198713.87960390,0
1664769600000,19169.23000000,19177.23000000,19089.67000000,19095.81000000,2668.58966000,1664773199999,51036688.98405580,46912,1288.65325000,24646091.41250370,0
1664773200000,19095.29000000,19291.99000000,19059.52000000,19245.79000000,4333.38254000,1664776799999,83040305.84739440,75341,2258.45583000,43277331.14030110,0
1664776800000,19244.18000000,19317.50000000,19151.14000000,19198.00000000,5293.67355000,1664780399999,101752123.88855510,86703,2658.91599000,51112838.03942780,0
1664780400000,19197.33000000,19246.17000000,19150.00000000,19198.51000000,5039.65141000,1664783999999,96769872.10106230,87432,2543.81760000,48848185.04694110,0
1664784000000,19198.66000000,19223.67000000,19158.48000000,19194.94000000,3392.65277000,1664787599999,65117204.20487890,56018,1667.74267000,32012632.73716880,0
1664787600000,19195.46000000,19197.75000000,19122.85000000,19177.89000000,2753.95976000,1664791199999,52779780.76503600,47564,1433.19497000,27468227.02228390,0
1664791200000,19178.34000000,19234.90000000,19129.16000000,19233.15000000,3185.00842000,1664794799999,61103708.82242330,50581,1648.53925000,31629307.27574350,0
1664794800000,19233.16000000,19255.18000000,19182.01000000,19245.29000000,3447.52888000,1664798399999,66250262.50516770,50248,1736.93200000,33379786.03782150,0
1664798400000,19244.92000000,19280.91000000,19191.52000000,19254.55000000,3909.79171000,1664801999999,75177444.45084540,61197,1984.07293000,38150041.27988630,0
1664802000000,19254.03000000,19340.24000000,19127.83000000,19176.69000000,7933.33176000,1664805599999,152632307.60002350,130641,3846.57806000,74011168.67470930,0
1664805600000,19177.29000000,19493.15000000,19177.29000000,19419.18000000,10281.78918000,1664809199999,199032686.25222460,159448,5342.80390000,103425836.36518410,0
1664809200000,19418.70000000,19497.17000000,19322.20000000,19335.00000000,6647.46500000,1664812799999,128997741.42025940,99568,3414.67692000,66261783.22785450,0
1664812800000,19335.00000000,19420.16000000,19311.01000000,19412.40000000,5218.84808000,1664816399999,101116061.18830860,85720,2679.94298000,51923175.88495760,0
1664816400000,19412.63000000,19602.74000000,19409.10000000,19549.15000000,6789.64833000,1664819999999,132535507.18147740,108679,3633.38431000,70923194.75408270,0
1664820000000,19549.15000000,19657.69000000,19542.70000000,19614.72000000,5656.68798000,1664823599999,110895674.28803910,94975,2871.06333000,56287573.69291170,0
1664823600000,19613.88000000,19633.32000000,19433.00000000,19543.12000000,7570.04944000,1664827199999,147814514.94066350,103867,3783.38843000,73881230.41023900,0
1664827200000,19544.16000000,19610.28000000,19510.07000000,19595.60000000,2860.04598000,1664830799999,55925830.64664740,47451,1422.60772000,27821676.75092220,0
1664830800000,19595.91000000,19599.35000000,19526.59000000,19556.61000000,1872.40435000,1664834399999,36640558.99086940,31255,900.52481000,17623087.38631510,0
1664834400000,19556.03000000,19604.67000000,19514.08000000,19520.66000000,2600.29140000,1664837999999,50825519.78873210,42081,1293.73172000,25287483.63071550,0
1664838000000,19520.66000000,19720.00000000,19520.28000000,19632.33000000,5260.36606000,1664841599999,103293572.26723680,77455,2638.82727000,51814751.01395310,0
1664841600000,19632.32000000,19733.08000000,19532.93000000,19563.12000000,3677.69603000,1664845199999,72207972.60778090,69487,1803.78365000,35420136.89030090,0
1664845200000,19565.12000000,19585.78000000,19506.75000000,19508.25000000,2313.33633000,1664848799999,45230398.70855070,40724,1107.51616000,21654846.70518370,0
1664848800000,19506.92000000,19559.76000000,19496.43000000,19546.71000000,2506.08510000,1664852399999,48940245.68200380,40360,1235.09291000,24121267.94380590,0
1664852400000,19546.09000000,19635.16000000,19538.72000000,19600.00000000,2971.87091000,1664855999999,58206026.76110200,50333,1502.85721000,29434687.06440840,0
1664856000000,19600.80000000,19648.00000000,19557.77000000,19597.35000000,2681.55566000,1664859599999,52547036.50204240,44139,1319.46203000,25856551.92520630,0
1664859600000,19597.04000000,19671.91000000,19586.16000000,19612.30000000,3195.36723000,1664863199999,62705665.62214970,51699,1620.44089000,31799793.42774710,0
1664863200000,19612.53000000,19872.56000000,19600.00000000,19844.13000000,6286.62821000,1664866799999,124212457.27519150,104005,3301.29694000,65227550.62946090,0
1664866800000,19844.12000000,19979.20000000,19839.18000000,19971.06000000,6973.75825000,1664870399999,138864995.87513340,110472,3623.07553000,72147088.83371260,0
1664870400000,19970.19000000,20167.00000000,19848.58000000,19888.95000000,10119.87498000,1664873999999,202379349.50667880,161424,5050.12149000,101028132.11434210,0
1664874000000,19889.83000000,19986.35000000,19807.91000000,19942.41000000,5550.83628000,1664877599999,110479746.37117590,85232,2827.62254000,56281408.03469200,0
1664877600000,19942.40000000,20052.92000000,19896.17000000,19964.98000000,4953.44453000,1664881199999,98923086.45391440,78840,2482.75762000,49581507.20920430,0
1664881200000,19964.93000000,19979.06000000,19871.53000000,19941.33000000,3786.83544000,1664884799999,75498404.85175670,77493,1786.69531000,35622997.62569910,0
1664884800000,19941.33000000,19990.00000000,19908.49000000,19984.35000000,4168.37106000,1664888399999,83156398.80579210,85306,2078.70522000,41471204.31883900,0
1664888400000,19984.33000000,20166.00000000,19953.30000000,20101.81000000,8798.10450000,1664891999999,176465678.70743180,140027,4487.38739000,90019298.33402510,0
1664892000000,20102.57000000,20278.82000000,20042.30000000,20112.53000000,10087.96578000,1664895599999,203185478.46744980,147766,5149.24969000,103728875.07130650,0
1664895600000,20113.04000000,20132.54000000,20052.00000000,20105.17000000,4450.57155000,1664899199999,89432110.47068780,69815,2267.02050000,45557204.48770460,0
1664899200000,20106.30000000,20121.29000000,19911.00000000,19998.01000000,6375.34036000,1664902799999,127704797.34376650,94949,3047.20264000,61036299.73650600,0
1664902800000,19998.77000000,20044.73000000,19876.61000000,20029.35000000,5704.93405000,1664906399999,113865215.31553310,82628,2758.07044000,55056083.86176210,0
1664906400000,20030.06000000,20174.62000000,20021.47000000,20131.36000000,5244.71356000,1664909999999,105342040.43265520,72484,2616.56366000,52556677.71656560,0
1664910000000,20130.82000000,20277.00000000,20045.14000000,20224.44000000,5947.11451000,1664913599999,119794621.17758810,84868,3087.63671000,62198406.35114730,0
1664913600000,20224.64000000,20468.40000000,20150.29000000,20332.75000000,8515.20558000,1664917199999,172923121.79931440,124382,4401.53143000,89391345.46271510,0
1664917200000,20331.01000000,20408.06000000,20262.16000000,20292.79000000,3400.18174000,1664920799999,69143953.36813810,62197,1577.16725000,32073360.64287550,0
1664920800000,20292.30000000,20335.13000000,20239.52000000,20305.61000000,3753.63751000,1664924399999,76138400.10180190,53333,1864.19599000,37813542.48643030,0
1664924400000,20305.63000000,20391.85000000,20266.84000000,20346.00000000,3774.80225000,1664927999999,76739413.99669160,49608,1860.97051000,37831761.65638740,0
1664928000000,20344.46000000,20370.10000000,20150.01000000,20186.15000000,4870.31426000,1664931599999,98544436.82699600,82200,2412.57877000,48816273.66621980,0
1664931600000,20186.38000000,20284.72000000,20178.24000000,20218.12000000,3250.65897000,1664935199999,65760139.29111690,56814,1636.70705000,33112387.31183520,0
1664935200000,20217.91000000,20255.00000000,20187.02000000,20195.80000000,2686.42911000,1664938799999,54314331.37913540,44507,1322.87724000,26747223.78544760,0
1664938800000,20195.20000000,20239.58000000,20160.00000000,20196.05000000,2653.59017000,1664942399999,53613358.35579860,40358,1368.02662000,27641094.85142760,0
1664942400000,20196.03000000,20232.00000000,20080.00000000,20125.50000000,4117.15635000,1664945999999,82970738.41593540,61098,2093.36634000,42185989.90748690,0
1664946000000,20126.00000000,20207.02000000,20108.16000000,20203.75000000,3044.82877000,1664949599999,61394533.54647880,42950,1539.04715000,31034750.32167190,0
1664949600000,20202.08000000,20303.00000000,20161.68000000,20259.97000000,3844.85349000,1664953199999,77757070.00783500,63932,2001.16433000,40474556.12593510,0
1664953200000,20259.75000000,20289.91000000,20205.79000000,20232.74000000,4180.35278000,1664956799999,84642985.79587660,68944,2014.30303000,40785669.25089190,0
1664956800000,20232.97000000,20252.29000000,20008.06000000,20140.14000000,7613.45252000,1664960399999,153226094.96513270,116987,3674.07964000,73947862.44292250,0
1664960400000,20139.84000000,20159.29000000,20060.12000000,20093.90000000,3805.54112000,1664963999999,76524781.16065800,61853,1935.38983000,38919190.25446490,0
1664964000000,20093.90000000,20158.00000000,20075.90000000,20131.62000000,3848.29260000,1664967599999,77407202.69635260,63794,1970.89715000,39643112.94678120,0
1664967600000,20130.54000000,20137.78000000,19960.01000000,20030.69000000,5114.44177000,1664971199999,102514921.80999090,86579,2491.67362000,49941052.99268540,0
1664971200000,20030.29000000,20075.00000000,19962.59000000,20026.33000000,5026.04181000,1664974799999,100639682.27668910,93878,2565.45049000,51372443.84052410,0
1664974800000,20026.18000000,20046.62000000,19808.03000000,19920.72000000,10426.18113000,1664978399999,207627535.67841690,168763,5029.18862000,100160552.98327330,0
1664978400000,19920.97000000,19945.64000000,19727.35000000,19881.50000000,10221.09993000,1664981999999,202787195.94102380,157690,5169.75933000,102576154.46823970,0
1664982000000,19880.65000000,20022.82000000,19862.50000000,20004.51000000,6169.42180000,1664985599999,123083037.71611380,103971,3198.90228000,63822203.45963890,0
1664985600000,20004.51000000,20295.97000000,19954.47000000,20232.32000000,8423.07265000,1664989199999,169687729.41961680,153647,4361.61039000,87867114.54527900,0
1664989200000,20233.37000000,20322.93000000,20157.26000000,20167.76000000,7412.17996000,1664992799999,149903981.18713530,108115,3638.00280000,73581101.14792620,0
1664992800000,20167.21000000,20274.00000000,20086.36000000,20268.44000000,6791.39308000,1664996399999,137041495.91484300,92181,3486.93421000,70366253.34212250,0
1664996400000,20267.25000000,20350.00000000,20107.00000000,20121.42000000,6932.99603000,1664999999999,140202932.36107850,103999,3416.60830000,69099390.70408550,0
1665000000000,20121.73000000,20177.37000000,19977.53000000,19985.74000000,4642.08005000,1665003599999,93291887.00332660,72635,2219.01509000,44606510.13674840,0
1665003600000,19987.86000000,20102.64000000,19982.67000000,20054.14000000,2867.19536000,1665007199999,57455362.00735340,51666,1472.91203000,29516623.36601010,0
1665007200000,20053.57000000,20217.63000000,20019.88000000,20194.29000000,5049.15279000,1665010799999,101607971.46455060,72862,2629.52529000,52918049.44449270,0
1665010800000,20192.74000000,20204.34000000,20117.04000000,20160.74000000,3643.67986000,1665014399999,73441631.90722770,50171,1736.91799000,35011125.95301570,0
1665014400000,20161.80000000,20390.27000000,20144.68000000,20269.92000000,7448.65243000,1665017999999,151013336.63170970,121713,3904.15522000,79154907.15727290,0
1665018000000,20271.30000000,20417.36000000,20246.05000000,20372.97000000,5488.65654000,1665021599999,111454770.93815710,93312,2816.78002000,57205538.36363800,0
1665021600000,20373.31000000,20444.00000000,20292.81000000,20329.57000000,5323.94399000,1665025199999,108419816.32712200,92048,2658.94230000,54153160.86644960,0
1665025200000,20331.76000000,20395.63000000,20280.48000000,20359.02000000,3561.95261000,1665028799999,72453246.30242080,55535,1810.90597000,36837847.48736510,0
1665028800000,20358.59000000,20453.69000000,20325.02000000,20359.94000000,4631.80427000,1665032399999,94435666.65870200,69834,2371.42028000,48353171.76748350,0
1665032400000,20358.22000000,20377.70000000,20250.81000000,20304.57000000,4321.80517000,1665035999999,87821904.58211260,72242,2073.30766000,42133728.29931550,0
1665036000000,20304.18000000,20306.65000000,20162.50000000,20176.12000000,5605.40606000,1665039599999,113435583.33414290,94086,2633.42826000,53297366.65703880,0
1665039600000,20176.95000000,20254.16000000,20159.98000000,20220.86000000,4990.94992000,1665043199999,100857067.91982270,82740,2573.27910000,52004025.93455410,0
1665043200000,20220.83000000,20256.22000000,20094.42000000,20144.64000000,5167.97797000,1665046799999,104216191.32081090,81845,2477.09685000,49954833.68145300,0
1665046800000,20144.45000000,20189.47000000,20088.54000000,20102.69000000,3562.40534000,1665050399999,71786139.41070350,60236,1738.89908000,35043979.55836490,0
1665050400000,20102.20000000,20160.00000000,20084.12000000,20133.83000000,3436.31056000,1665053999999,69156189.09412110,56391,1690.71673000,34027051.27284870,0
1665054000000,20134.03000000,20259.47000000,20126.40000000,20247.04000000,4829.96538000,1665057599999,97489675.31123050,75685,2556.90084000,51612866.26739420,0
1665057600000,20248.40000000,20328.94000000,20161.68000000,20198.39000000,6975.32911000,1665061199999,141201917.15451540,108250,3498.75240000,70830259.06140730,0
1665061200000,20196.27000000,20300.00000000,20043.56000000,20111.58000000,10067.82530000,1665064799999,202968309.65227320,157545,5172.69902000,104291320.34919160,0
1665064800000,20112.14000000,20117.65000000,19878.89000000,20104.55000000,12560.68937000,1665068399999,250997134.86456900,198413,6057.83450000,121054756.05796210,0
1665068400000,20104.07000000,20123.24000000,19993.92000000,20013.67000000,6722.60063000,1665071999999,134945828.87753290,107754,3378.43859000,67821641.63912830,0
1665072000000,20013.27000000,20109.00000000,19950.00000000,20055.78000000,5748.82919000,1665075599999,115197013.20391560,90155,2884.37386000,57801033.17539430,0
1665075600000,20055.78000000,20275.00000000,20018.98000000,20117.57000000,6611.21704000,1665079199999,132980393.58538620,101277,3359.19559000,67575895.59230680,0
1665079200000,20117.54000000,20121.96000000,19983.45000000,20019.28000000,4959.05277000,1665082799999,99475199.42655950,81433,2383.76337000,47820200.07920070,0
1665082800000,20021.21000000,20068.24000000,19990.50000000,20013.33000000,4357.96756000,1665086399999,87303021.17266520,67955,2134.44578000,42761104.79366080,0
1665086400000,20012.53000000,20075.25000000,20000.03000000,20051.55000000,2613.97154000,1665089999999,52381698.60651840,42684,1292.84953000,25908546.42375720,0
1665090000000,20050.55000000,20052.49000000,19887.12000000,19913.74000000,3218.68945000,1665093599999,64244985.95039950,57219,1428.27561000,28510846.45889880,0
1665093600000,19913.71000000,19952.13000000,19861.00000000,19904.94000000,3692.54186000,1665097199999,73544705.50822100,60531,1771.24823000,35280088.78289770,0
1665097200000,19904.94000000,19977.42000000,19874.05000000,19965.02000000,2411.16419000,1665100799999,48071128.93156630,40796,1231.81812000,24560464.43306570,0
1665100800000,19963.00000000,20056.71000000,19945.23000000,19992.75000000,2752.08442000,1665104399999,55059905.49536430,57956,1385.33586000,27716106.82440490,0
1665104400000,19992.93000000,20024.40000000,19965.54000000,19996.82000000,1929.75990000,1665107999999,38589991.46807490,39476,957.97546000,19157491.48352220,0
1665108000000,19995.51000000,20057.79000000,19970.94000000,20019.11000000,1718.46729000,1665111599999,34400548.30320160,38406,871.41355000,17444607.42309230,0
1665111600000,20018.48000000,20035.46000000,19978.54000000,19985.83000000,1810.22039000,1665115199999,36212243.64818600,32581,869.27407000,17390531.62450890,0
1665115200000,19985.83000000,20014.69000000,19940.52000000,19943.44000000,1607.13960000,1665118799999,32118741.46794620,33636,789.78706000,15784654.64313340,0
1665118800000,19944.74000000,20001.24000000,19911.47000000,19972.81000000,2175.62313000,1665122399999,43412435.99117710,44502,1099.79666000,21944884.28112560,0
1665122400000,19971.54000000,19982.98000000,19802.00000000,19855.57000000,4164.38755000,1665125999999,82809091.68287890,75176,2027.23456000,40314000.85225930,0
1665126000000,19855.59000000,19953.41000000,19844.67000000,19930.20000000,3374.75166000,1665129599999,67204515.92196200,66411,1685.98803000,33575438.24501420,0
1665129600000,19930.54000000,20028.40000000,19915.00000000,19976.49000000,3271.88842000,1665133199999,65367104.40441290,61694,1741.75989000,34799052.45636130,0
1665133200000,19976.40000000,20027.38000000,19962.00000000,19981.67000000,2341.13809000,1665136799999,46799788.25777030,46284,1239.95818000,24787669.52552530,0
1665136800000,19981.67000000,20014.45000000,19929.12000000,19997.73000000,2473.66867000,1665140399999,49380349.30649190,49285,1225.75879000,24469874.82913890,0
1665140400000,19997.85000000,20019.65000000,19962.10000000,20001.22000000,2468.86837000,1665143999999,49359099.35121880,50581,1267.30790000,25337929.13454560,0
1665144000000,20001.21000000,20067.00000000,19475.00000000,19618.01000000,15070.59505000,1665147599999,298060221.84768620,278907,7230.85268000,143064524.04675980,0
1665147600000,19618.00000000,19706.11000000,19506.35000000,19605.10000000,10524.71551000,1665151199999,206358865.65202910,182552,5354.35153000,104992002.67804360,0
1665151200000,19606.55000000,19711.00000000,19557.20000000,19647.35000000,5909.26980000,1665154799999,116086238.68378440,102019,3037.88330000,59682392.62698770,0
1665154800000,19648.19000000,19656.97000000,19527.00000000,19579.98000000,5067.95515000,1665158399999,99273574.30211960,81765,2436.28597000,47723364.52316640,0
1665158400000,19577.99000000,19606.80000000,19323.16000000,19404.01000000,8623.00831000,1665161999999,167621871.47848940,129996,4071.53331000,79144794.12237570,0
1665162000000,19405.48000000,19488.88000000,19369.64000000,19417.60000000,4923.78642000,1665165599999,95673830.08326550,72699,2428.69353000,47194673.97640640,0
1665165600000,19417.80000000,19478.77000000,19378.04000000,19455.62000000,4505.03968000,1665169199999,87571054.22493270,70330,2271.25719000,44152084.71210190,0
1665169200000,19457.97000000,19487.39000000,19408.00000000,19460.73000000,3561.26434000,1665172799999,69257792.62348900,62414,1784.26369000,34700520.63233750,0
1665172800000,19459.24000000,19572.23000000,19443.38000000,19550.99000000,2904.66399000,1665176399999,56670228.73272530,49881,1493.47430000,29137716.76197150,0
1665176400000,19550.99000000,19645.00000000,19528.51000000,19571.88000000,2864.67929000,1665179999999,56121628.37579340,46660,1335.30572000,26159600.40322490,0
1665180000000,19570.83000000,19600.86000000,19543.57000000,19552.00000000,2196.71007000,1665183599999,42987001.83806180,30080,994.40967000,19459504.65415980,0
1665183600000,19551.88000000,19571.53000000,19509.18000000,19531.85000000,1916.66656000,1665187199999,37456385.66193830,30295,911.21962000,17808885.10831010,0
1665187200000,19532.48000000,19630.00000000,19517.02000000,19570.66000000,2532.04492000,1665190799999,49568311.74778300,43181,1234.64539000,24169169.05919680,0
1665190800000,19570.74000000,19599.97000000,19544.06000000,19593.77000000,1342.33668000,1665194399999,26274839.33827480,29390,685.79719000,13424294.89195590,0
1665194400000,19593.45000000,19601.36000000,19541.43000000,19564.44000000,1266.99063000,1665197999999,24804030.79600120,25917,623.71257000,12210666.82722210,0
1665198000000,19564.42000000,19566.55000000,19497.26000000,19506.70000000,1900.00672000,1665201599999,37107699.69185630,32404,855.89012000,16716138.96054600,0
1665201600000,19505.56000000,19523.22000000,19413.00000000,19444.64000000,2419.56038000,1665205199999,47127739.86270370,42363,1072.27205000,20886488.67827260,0
1665205200000,19444.64000000,19525.87000000,19437.99000000,19510.64000000,2018.62680000,1665208799999,39322023.46507100,35313,1069.84730000,20840018.66560990,0
1665208800000,19512.13000000,19545.82000000,19467.57000000,19513.91000000,2020.70767000,1665212399999,39398948.72162410,38736,946.29179000,18452356.02877200,0
1665212400000,19513.97000000,19530.99000000,19493.79000000,19502.42000000,1462.56217000,1665215999999,28535064.35238800,31991,762.42781000,14876144.85508970,0
1665216000000,19502.72000000,19518.74000000,19452.77000000,19471.31000000,1683.30255000,1665219599999,32803044.65786260,35904,846.74783000,16501628.64324290,0
1665219600000,19470.24000000,19514.99000000,19468.93000000,19502.25000000,1400.87131000,1665223199999,27311972.18041380,33973,662.36851000,12914478.72767290,0
1665223200000,19502.25000000,19528.00000000,19491.00000000,19505.85000000,1511.74151000,1665226799999,29491421.42360900,31119,773.38063000,15087678.46787150,0
1665226800000,19505.48000000,19549.58000000,19491.00000000,19538.23000000,1771.96521000,1665230399999,34596117.52922300,36151,845.33050000,16504853.08293710,0
1665230400000,19538.10000000,19545.58000000,19480.43000000,19518.15000000,1667.40120000,1665233999999,32532700.25369900,35553,806.73971000,15741047.81864210,0
1665234000000,19518.15000000,19519.84000000,19471.56000000,19484.28000000,1699.11872000,1665237599999,33121963.73067990,37201,758.07683000,14778196.90348550,0
1665237600000,19484.87000000,19504.39000000,19416.00000000,19499.17000000,2335.59826000,1665241199999,45479645.59594180,46153,1168.06320000,22746980.74301080,0
1665241200000,19498.78000000,19505.91000000,19464.08000000,19489.48000000,1197.93039000,1665244799999,23343998.07371730,29682,631.90572000,12314507.06055570,0
1665244800000,19489.47000000,19536.13000000,19470.07000000,19529.74000000,1619.96343000,1665248399999,31597577.32309630,37800,860.46175000,16784031.66878830,0
1665248400000,19528.89000000,19537.14000000,19478.24000000,19499.85000000,1496.07153000,1665251999999,29173947.85326270,38987,699.77242000,13646057.91680980,0
1665252000000,19499.85000000,19514.02000000,19461.12000000,19480.20000000,1249.12564000,1665255599999,24345856.72174270,38013,580.87373000,11321983.51917200,0
1665255600000,19480.00000000,19481.38000000,19440.49000000,19469.04000000,1530.90692000,1665259199999,29793387.47527880,35073,736.47349000,14333567.61896420,0
1665259200000,19469.58000000,19481.00000000,19418.00000000,19452.05000000,2075.13973000,1665262799999,40356415.00152420,46851,968.03624000,18826565.71090350,0
1665262800000,19452.00000000,19459.63000000,19247.77000000,19317.70000000,2966.95896000,1665266399999,57386824.38737820,69167,1423.57127000,27532062.67265390,0
1665266400000,19318.32000000,19377.75000000,19266.68000000,19363.28000000,2692.68560000,1665269999999,52031369.01891880,58791,1390.77239000,26875562.92233450,0
1665270000000,19362.31000000,19445.61000000,19357.77000000,19418.10000000,2011.40256000,1665273599999,39039696.00257610,39888,1043.03872000,20244666.22398690,0
1665273600000,19419.19000000,19453.86000000,19384.00000000,19398.06000000,1718.07282000,1665277199999,33352493.89871560,34587,856.04829000,16618942.19945780,0
1665277200000,19397.46000000,19426.42000000,19363.87000000,19403.31000000,1662.25087000,1665280799999,32241054.80258530,29702,811.09483000,15732508.84466310,0
1665280800000,19403.31000000,19415.98000000,19363.91000000,19366.41000000,1826.48905000,1665284399999,35407620.11309930,30451,927.77054000,17985435.34162470,0
1665284400000,19366.97000000,19391.72000000,19330.00000000,19367.61000000,1582.68516000,1665287999999,30643619.88285220,32569,739.95763000,14326883.95809920,0
1665288000000,19367.55000000,19389.56000000,19320.03000000,19389.44000000,1749.61370000,1665291599999,33865922.85160120,33883,888.94919000,17207578.87619600,0
1665291600000,19389.06000000,19421.00000000,19376.46000000,19411.10000000,1478.59514000,1665295199999,28684175.93999030,31211,746.84202000,14489113.17635110,0
1665295200000,19411.11000000,19441.84000000,19387.33000000,19427.25000000,1855.88664000,1665298799999,36040584.29504740,32609,921.93576000,17903956.13480740,0
1665298800000,19427.28000000,19438.56000000,19402.75000000,19408.59000000,1432.96214000,1665302399999,27827457.02346010,29841,732.93181000,14233376.20627420,0
1665302400000,19408.64000000,19433.04000000,19375.00000000,19398.20000000,1832.45009000,1665305999999,35557344.79262930,34523,881.05973000,17096686.63315440,0
1665306000000,19398.27000000,19421.83000000,19381.50000000,19416.09000000,1689.57768000,1665309599999,32784372.34871540,27267,863.08416000,16747520.96917030,0
1665309600000,19416.48000000,19548.00000000,19404.46000000,19489.77000000,3045.16288000,1665313199999,59310249.15734770,55140,1598.07243000,31125794.29350080,0
1665313200000,19490.49000000,19554.63000000,19463.33000000,19472.35000000,2193.75868000,1665316799999,42798332.58139010,47732,1068.57417000,20847666.85802680,0
1665316800000,19472.35000000,19548.79000000,19468.44000000,19501.58000000,2389.46239000,1665320399999,46626269.76998230,44200,1165.66157000,22746411.86872520,0
1665320400000,19502.20000000,19526.68000000,19464.03000000,19468.08000000,1917.82787000,1665323999999,37385531.03892060,33510,933.92085000,18206139.15072320,0
1665324000000,19467.93000000,19530.00000000,19464.56000000,19504.27000000,2265.05119000,1665327599999,44162831.23623300,39842,1116.98839000,21778436.60097880,0
1665327600000,19504.44000000,19551.65000000,19504.43000000,19538.10000000,2464.03002000,1665331199999,48113351.51482100,42118,1210.92978000,23644973.09605920,0
1665331200000,19538.43000000,19558.82000000,19481.88000000,19507.09000000,2454.25187000,1665334799999,47886721.73055950,43419,1164.20653000,22716843.70176380,0
1665334800000,19507.85000000,19514.39000000,19473.47000000,19488.30000000,1563.22183000,1665338399999,30473985.61641730,31286,742.35359000,14471807.90210610,0
1665338400000,19488.23000000,19530.00000000,19470.00000000,19524.08000000,1931.41157000,1665341999999,37657446.59339020,35752,953.64372000,18594212.54337210,0
1665342000000,19524.12000000,19539.57000000,19357.08000000,19472.19000000,4768.81066000,1665345599999,92742734.18481680,81183,2220.23752000,43179850.56327070,0
1665345600000,19472.11000000,19491.98000000,19425.01000000,19484.03000000,2172.10433000,1665349199999,42258585.10938890,37129,1065.83089000,20736275.23388530,0
1665349200000,19484.32000000,19505.00000000,19448.13000000,19480.98000000,1291.21650000,1665352799999,25139916.09688800,28802,667.11795000,12988983.14790150,0
1665352800000,19480.40000000,19484.56000000,19370.76000000,19400.17000000,4060.74244000,1665356399999,78860942.40470670,76304,1928.94584000,37461895.69255680,0
1665356400000,19399.39000000,19454.40000000,19371.16000000,19443.12000000,2664.35682000,1665359999999,51736176.47274240,50669,1300.55521000,25254914.55727100,0
1665360000000,19442.64000000,19524.99000000,19404.19000000,19494.26000000,3125.40290000,1665363599999,60808722.23058670,64894,1578.99619000,30722461.53486070,0
1665363600000,19493.89000000,19527.70000000,19468.11000000,19504.78000000,2633.56588000,1665367199999,51365987.11904760,51349,1308.86345000,25529750.67825680,0
1665367200000,19503.58000000,19505.60000000,19451.53000000,19472.74000000,2145.24280000,1665370799999,41789890.95565630,42817,1082.29637000,21083615.17480700,0
1665370800000,19473.43000000,19486.07000000,19427.00000000,19455.15000000,1556.07520000,1665374399999,30275572.44637160,42567,777.79240000,15133803.23944210,0
1665374400000,19454.76000000,19479.61000000,19421.00000000,19468.97000000,1806.56731000,1665377999999,35134936.26741240,39164,884.55406000,17204698.38330760,0
1665378000000,19468.76000000,19474.93000000,19387.00000000,19414.21000000,2728.75080000,1665381599999,53006919.41804880,54235,1247.95429000,24242591.02401700,0
1665381600000,19413.01000000,19439.95000000,19371.18000000,19394.15000000,2882.98905000,1665385199999,55958324.13271700,56909,1450.71318000,28159094.87987560,0
1665385200000,19394.58000000,19443.26000000,19388.81000000,19414.79000000,3522.75417000,1665388799999,68415388.16025580,59296,1781.13839000,34592639.14349460,0
1665388800000,19414.79000000,19422.50000000,19129.30000000,19238.33000000,9160.51513000,1665392399999,176314638.82638380,157361,4345.96371000,83643784.67060160,0
1665392400000,19237.48000000,19344.72000000,19228.41000000,19333.11000000,4174.74906000,1665395999999,80510822.75208250,75709,2192.28183000,42278020.09431070,0
1665396000000,19333.82000000,19352.77000000,19274.90000000,19279.85000000,2979.58088000,1665399599999,57554254.00484110,56540,1544.13043000,29827395.97184380,0
1665399600000,19279.85000000,19378.68000000,19277.84000000,19333.90000000,3280.40702000,1665403199999,63449951.41648310,61321,1701.39469000,32909610.17544580,0
1665403200000,19332.86000000,19433.89000000,19313.00000000,19422.13000000,3784.75214000,1665406799999,73315302.81144620,70963,1962.15639000,38010659.82444010,0
1665406800000,19422.12000000,19442.66000000,19298.36000000,19316.44000000,6709.17953000,1665410399999,129954657.66104580,120178,3291.62904000,63760464.08716190,0
1665410400000,19315.42000000,19397.27000000,19221.31000000,19257.74000000,7483.30647000,1665413999999,144512683.52593190,129735,3666.52991000,70811285.18516570,0
1665414000000,19259.56000000,19318.00000000,19222.00000000,19269.47000000,5294.59661000,1665417599999,102044314.52892930,92698,2630.28231000,50696373.34190130,0
1665417600000,19268.81000000,19289.00000000,19079.08000000,19141.75000000,6362.54315000,1665421199999,122108525.50322200,117666,3042.72721000,58399185.08656030,0
1665421200000,19141.76000000,19360.00000000,19120.00000000,19320.11000000,6881.22725000,1665424799999,132399028.51334740,106104,3524.36975000,67821912.22657020,0
1665424800000,19320.71000000,19331.26000000,19181.53000000,19218.73000000,5139.58464000,1665428399999,99022349.10749530,86969,2527.64851000,48702006.24059260,0
1665428400000,19218.72000000,19262.87000000,19185.01000000,19209.98000000,4801.07757000,1665431999999,92292432.31988880,79972,2386.41592000,45876706.72988020,0
1665432000000,19208.38000000,19258.29000000,19205.53000000,19239.56000000,2014.17014000,1665435599999,38742853.10985540,39972,1034.20571000,19893614.42286330,0
1665435600000,19239.08000000,19280.42000000,19222.96000000,19243.31000000,1538.73695000,1665439199999,29612387.49641170,28549,769.78607000,14814378.35317720,0
1665439200000,19243.20000000,19249.78000000,19021.69000000,19131.43000000,6552.34343000,1665442799999,125335702.46669010,98858,3237.81145000,61929119.56219680,0
1665442800000,19130.66000000,19200.00000000,19119.59000000,19132.98000000,2892.58613000,1665446399999,55422790.30837900,47583,1461.74024000,28007292.75042430,0
1665446400000,19133.05000000,19133.05000000,18955.00000000,19044.09000000,8443.25248000,1665449999999,160661426.18261030,134598,4163.42070000,79222699.07609070,0
1665450000000,19044.80000000,19067.71000000,18959.37000000,19036.34000000,4065.10030000,1665453599999,77347289.41514230,78524,2053.96586000,39083425.06286410,0
1665453600000,19035.56000000,19065.95000000,18955.00000000,19054.72000000,3225.27176000,1665457199999,61338006.22622890,67756,1608.05079000,30584289.36667560,0
1665457200000,19055.15000000,19092.33000000,19030.30000000,19042.58000000,2244.58382000,1665460799999,42777361.10007140,50892,1142.19604000,21768487.75639630,0
1665460800000,19042.51000000,19080.22000000,19015.25000000,19041.61000000,2790.72626000,1665464399999,53128658.53971850,51653,1495.77989000,28475408.33729730,0
1665464400000,19041.87000000,19075.16000000,19021.89000000,19029.90000000,2360.98775000,1665467999999,44969453.89475200,45029,1165.11521000,22192458.65940670,0
1665468000000,19029.83000000,19114.98000000,19007.97000000,19058.27000000,3773.47526000,1665471599999,71938193.90551320,72531,1984.04279000,37825303.52443770,0
1665471600000,19058.24000000,19106.57000000,19024.06000000,19080.43000000,4043.60934000,1665475199999,77111874.92803290,74163,2093.28207000,39922599.40029480,0
1665475200000,19081.02000000,19141.18000000,19077.40000000,19105.88000000,3383.31996000,1665478799999,64667567.69607440,62610,1837.26201000,35118101.84698500,0
1665478800000,19105.88000000,19118.57000000,19030.00000000,19062.31000000,2904.87497000,1665482399999,55417704.51326590,60295,1444.96245000,27567648.85278070,0
1665482400000,19062.59000000,19106.75000000,19039.91000000,19091.02000000,2715.29966000,1665485999999,51806531.22770480,57842,1410.72192000,26916500.36748270,0
1665486000000,19091.02000000,19158.40000000,19068.01000000,19150.82000000,2818.30516000,1665489599999,53839096.56800210,67452,1475.24147000,28184400.95346210,0
1665489600000,19152.36000000,19267.11000000,19131.95000000,19143.94000000,6301.29160000,1665493199999,120996178.96138240,107312,3215.53471000,61746661.89709440,0
1665493200000,19143.76000000,19169.99000000,18969.50000000,18989.57000000,7912.54951000,1665496799999,151106626.47592270,143772,3848.31663000,73490136.80273210,0
1665496800000,18988.56000000,19095.89000000,18858.01000000,19030.21000000,8415.70235000,1665500399999,159836587.54513430,155428,4149.26526000,78822091.95451240,0
1665500400000,19030.22000000,19195.87000000,19026.68000000,19145.18000000,6152.84873000,1665503999999,117639686.32320480,108078,3135.33935000,59940998.23586650,0
1665504000000,19146.09000000,19183.74000000,19078.70000000,19152.06000000,6619.18325000,1665507599999,126629677.92843560,87148,3333.06070000,63763809.06069020,0
1665507600000,19152.58000000,19180.90000000,19099.72000000,19127.38000000,5907.40182000,1665511199999,113021929.80286930,76911,2907.22726000,55621059.76631020,0
1665511200000,19127.00000000,19135.00000000,18940.64000000,18972.74000000,7094.97738000,1665514799999,135158309.86852950,98858,3388.53383000,64553586.17194710,0
1665514800000,18973.17000000,19037.03000000,18913.00000000,18995.26000000,7741.45747000,1665518399999,147035217.77484920,102324,3814.47964000,72450415.74407710,0
1665518400000,18994.75000000,19058.24000000,18983.64000000,19019.30000000,3109.39101000,1665521999999,59150973.75335330,42331,1603.78136000,30509379.29148560,0
1665522000000,19019.88000000,19052.77000000,18991.00000000,19003.05000000,2272.90381000,1665525599999,43237869.23334470,35987,1093.20319000,20796497.51970880,0
1665525600000,19003.97000000,19057.05000000,18990.51000000,19037.55000000,3642.53134000,1665529199999,69320962.25531380,43592,1868.70106000,35563946.95450040,0
1665529200000,19037.21000000,19062.00000000,19001.00000000,19058.43000000,3660.60045000,1665532799999,69679332.84697370,46521,1831.91136000,34870534.99266000,0
1665532800000,19058.43000000,19130.00000000,19021.52000000,19088.73000000,4723.79079000,1665536399999,90143181.68590950,86480,2438.61388000,46537202.96082550,0
1665536400000,19089.95000000,19098.60000000,19029.44000000,19060.96000000,3494.23988000,1665539999999,66603037.81200260,64969,1753.86755000,33430142.43715440,0
1665540000000,19061.96000000,19079.18000000,19027.92000000,19063.76000000,3002.44894000,1665543599999,57215892.74255300,55933,1520.36817000,28973391.51792500,0
1665543600000,19063.76000000,19089.46000000,19040.55000000,19047.69000000,2249.59130000,1665547199999,42890346.71609160,40942,1151.05449000,21946405.39176480,0
1665547200000,19047.32000000,19122.64000000,19041.85000000,19098.10000000,3472.63594000,1665550799999,66305620.79164630,63674,1827.99830000,34903229.26733050,0
1665550800000,19098.10000000,19141.95000000,19068.76000000,19113.13000000,2861.97091000,1665554399999,54660871.68310880,58146,1478.17945000,28233633.72258880,0
1665554400000,19113.06000000,19200.60000000,19087.96000000,19150.37000000,4347.53663000,1665557999999,83224152.89125090,81205,2219.99487000,42499827.76061630,0
1665558000000,19150.29000000,19163.49000000,19079.14000000,19110.37000000,4628.15407000,1665561599999,88478656.31315010,84522,2238.52704000,42797622.06780450,0
1665561600000,19109.76000000,19157.93000000,19087.42000000,19141.48000000,3474.87999000,1665565199999,66463252.48661870,65572,1790.17528000,34241484.22253780,0
1665565200000,19140.71000000,19199.95000000,19133.38000000,19169.40000000,4255.43270000,1665568799999,81577327.53250060,72971,2213.35976000,42432873.10877600,0
1665568800000,19168.33000000,19186.38000000,19122.00000000,19152.03000000,3396.75448000,1665572399999,65055727.35998750,63339,1660.17089000,31796054.67634720,0
1665572400000,19152.51000000,19167.63000000,19105.03000000,19113.39000000,3284.49464000,1665575999999,62863550.60481420,62477,1646.01527000,31504444.86675870,0
1665576000000,19114.52000000,19180.00000000,18971.42000000,19073.98000000,8041.72545000,1665579599999,153408585.50555200,150772,3961.01723000,75568088.15941510,0
1665579600000,19073.98000000,19154.61000000,19030.00000000,19117.23000000,7951.37020000,1665583199999,151817746.19664990,150836,3939.23608000,75217748.25865390,0
1665583200000,19116.48000000,19139.19000000,19060.38000000,19088.93000000,6025.47627000,1665586799999,115075556.39089950,112900,2962.59147000,56582085.25295150,0
1665586800000,19088.93000000,19153.43000000,19085.50000000,19138.24000000,4618.03694000,1665590399999,88275294.63702820,77992,2369.03811000,45286215.19384450,0
1665590400000,19137.00000000,19155.30000000,19078.01000000,19098.64000000,3984.86659000,1665593999999,76156447.16125080,66256,2051.53296000,39207709.42658370,0
1665594000000,19097.77000000,19113.09000000,19063.38000000,19089.51000000,3014.31303000,1665597599999,57551851.39419480,55406,1532.64377000,29263983.03272450,0
1665597600000,19089.51000000,19162.00000000,19037.00000000,19116.00000000,8377.62405000,1665601199999,160192676.01867270,137193,4272.54905000,81700824.79913090,0
1665601200000,19115.02000000,19179.32000000,19096.84000000,19136.95000000,3896.30708000,1665604799999,74551264.39837070,67558,1970.40063000,37702266.95478000,0
1665604800000,19136.89000000,19171.38000000,19130.95000000,19170.75000000,2006.31602000,1665608399999,38411226.20373860,37003,1026.73040000,19657549.83981340,0
1665608400000,19170.99000000,19195.31000000,19161.31000000,19180.94000000,1745.66703000,1665611999999,33480389.45139250,37220,870.39179000,16693640.87502340,0
1665612000000,19180.00000000,19239.86000000,19150.78000000,19154.47000000,3002.44258000,1665615599999,57609514.90908780,54259,1555.17834000,29840518.22717770,0
1665615600000,19154.86000000,19171.58000000,19140.62000000,19155.15000000,1363.20946000,1665619199999,26115075.27834870,32581,639.39239000,12249106.32264150,0
1665619200000,19154.76000000,19175.13000000,19126.76000000,19147.95000000,2619.35130000,1665622799999,50167217.37706850,51383,1249.82811000,23936706.48426230,0
1665622800000,19147.95000000,19156.63000000,19089.83000000,19106.69000000,2809.83106000,1665626399999,53724764.40429030,55901,1366.10746000,26120028.97794560,0
1665626400000,19105.70000000,19112.46000000,19019.00000000,19086.00000000,4062.30693000,1665629999999,77476470.80426820,85432,1991.05845000,37974717.59111950,0
1665630000000,19086.15000000,19115.85000000,19076.62000000,19087.04000000,2191.67920000,1665633599999,41849239.95608350,44515,1106.83598000,21134892.49380600,0
1665633600000,19087.83000000,19099.22000000,19065.00000000,19094.45000000,1854.30884000,1665637199999,35384510.52251070,40197,904.09018000,17252593.24395430,0
1665637200000,19094.25000000,19113.29000000,19037.97000000,19090.52000000,3066.62445000,1665640799999,58523892.50413040,66247,1598.82512000,30512064.87210630,0
1665640800000,19090.14000000,19101.12000000,19042.01000000,19060.47000000,3246.13387000,1665644399999,61916424.30517120,68208,1644.15181000,31360785.23177720,0
1665644400000,19060.03000000,19060.03000000,18950.00000000,19003.60000000,6635.57017000,1665647999999,126148757.17179430,126882,3256.21191000,61904978.44017710,0
1665648000000,19003.60000000,19036.29000000,18955.00000000,19009.90000000,3899.00383000,1665651599999,74100833.26590900,73285,1957.46002000,37202828.33625720,0
1665651600000,19008.31000000,19034.48000000,18977.00000000,18991.75000000,2839.40025000,1665655199999,53977499.42806970,63440,1425.92442000,27107259.64232610,0
1665655200000,18991.75000000,19004.49000000,18575.01000000,18689.23000000,12411.63028000,1665658799999,232649852.60969770,224888,5810.61161000,108915147.26421090,0
1665658800000,18689.42000000,18831.24000000,18657.66000000,18752.98000000,7243.90222000,1665662399999,135725630.58003590,141191,3640.91585000,68231053.33238850,0
1665662400000,18752.44000000,19050.00000000,18196.00000000,18385.13000000,18073.33610000,1665665999999,333507759.90634080,377409,8354.79386000,154256190.44976210,0
1665666000000,18384.68000000,18500.20000000,18270.06000000,18432.17000000,10414.05771000,1665669599999,191197993.31479650,214190,4943.01815000,90746601.13304260,0
1665669600000,18432.17000000,18496.90000000,18389.67000000,18415.42000000,8533.28967000,1665673199999,157254574.53929840,163963,4356.60703000,80291382.08193280,0
1665673200000,18413.17000000,19050.00000000,18402.58000000,18959.22000000,16256.45256000,1665676799999,305663600.93526040,286544,8431.44640000,158504251.66249630,0
1665676800000,18958.57000000,19193.78000000,18901.92000000,19085.06000000,10149.64002000,1665680399999,193137886.92745590,201763,5214.84535000,99241713.45915900,0
1665680400000,19085.48000000,19227.00000000,19065.26000000,19157.77000000,8003.85751000,1665683999999,153234792.97787450,150273,4026.32106000,77089981.68656240,0
1665684000000,19155.86000000,19509.99000000,19140.00000000,19423.29000000,9857.54745000,1665687599999,190195498.35388990,189670,5040.68354000,97264657.98769640,0
1665687600000,19423.37000000,19469.73000000,19318.15000000,19372.31000000,8171.47155000,1665691199999,158380437.03450580,156411,3857.80118000,74779681.82878060,0
1665691200000,19371.16000000,19493.30000000,19356.00000000,19383.63000000,5624.82974000,1665694799999,109206074.26451830,110236,2568.80376000,49878031.59387370,0
1665694800000,19383.65000000,19435.60000000,19328.61000000,19401.52000000,3232.08448000,1665698399999,62669236.13758950,60681,1387.38562000,26903631.28989640,0
1665698400000,19401.01000000,19458.00000000,19387.50000000,19433.23000000,3734.74338000,1665701999999,72549555.39530980,64984,1823.44653000,35422200.35059410,0
1665702000000,19433.05000000,19447.50000000,19355.19000000,19372.38000000,3417.05514000,1665705599999,66270931.13410150,65930,1541.55885000,29899178.55907170,0
1665705600000,19375.03000000,19447.10000000,19337.31000000,19408.79000000,5355.71037000,1665709199999,103855419.74420660,96009,2623.37545000,50874315.21183270,0
1665709200000,19407.90000000,19956.57000000,19396.35000000,19861.13000000,12979.20846000,1665712799999,255388777.06576600,208135,6703.15943000,131908301.81916190,0
1665712800000,19861.12000000,19924.91000000,19766.72000000,19829.69000000,9829.36317000,1665716399999,194943894.95676620,157039,4954.83276000,98278730.82917320,0
1665716400000,19829.62000000,19873.88000000,19781.64000000,19816.79000000,5580.62201000,1665719999999,110576041.70907390,93009,2766.55672000,54819458.84978440,0
1665720000000,19817.00000000,19848.00000000,19794.38000000,19813.72000000,4609.89601000,1665723599999,91357742.96942010,77055,2216.23266000,43922259.55793160,0
1665723600000,19813.23000000,19849.46000000,19728.11000000,19805.62000000,6423.04268000,1665727199999,127205351.32914580,101829,3180.87707000,62996092.78819920,0
1665727200000,19805.28000000,19832.04000000,19750.50000000,19794.63000000,5228.83199000,1665730799999,103551277.63461950,88734,2578.53076000,51067670.20762430,0
1665730800000,19793.75000000,19806.59000000,19567.31000000,19643.43000000,9730.42221000,1665734399999,191450244.52388170,157441,4812.29352000,94679387.05399620,0
1665734400000,19643.43000000,19677.38000000,19558.82000000,19616.48000000,7379.18260000,1665737999999,144748829.26885970,133498,3845.47365000,75437494.75559270,0
1665738000000,19617.53000000,19665.00000000,19528.43000000,19649.27000000,6333.81589000,1665741599999,124180946.82191110,105892,3201.66585000,62774320.58169390,0
1665741600000,19650.00000000,19747.39000000,19613.86000000,19687.80000000,8100.72689000,1665745199999,159465284.56442200,129841,4078.21512000,80284836.12247910,0
1665745200000,19688.93000000,19749.91000000,19588.43000000,19597.03000000,6055.25619000,1665748799999,119105082.73924760,107674,2980.72316000,58630462.50612020,0
1665748800000,19596.14000000,19853.12000000,19559.45000000,19802.85000000,10950.55068000,1665752399999,215780588.58635420,176412,5594.02833000,110230465.32314370,0
1665752400000,19803.47000000,19817.00000000,19627.00000000,19667.00000000,11779.17314000,1665755999999,232190808.50355710,184953,5735.15694000,113055192.38528560,0
1665756000000,19666.78000000,19669.53000000,19350.00000000,19465.28000000,18217.65622000,1665759599999,355006399.52344410,255255,9040.33956000,176164187.67020450,0
1665759600000,19465.62000000,19513.71000000,19303.00000000,19358.55000000,9607.07217000,1665763199999,186344067.06696490,151505,4718.01924000,91516828.79018380,0
1665763200000,19359.15000000,19404.79000000,19222.00000000,19304.51000000,8377.17282000,1665766799999,161801881.83226880,144535,4172.88816000,80605669.91917250,0
1665766800000,19304.50000000,19387.79000000,19280.00000000,19362.69000000,5415.85344000,1665770399999,104719993.58678800,92118,2753.75785000,53249366.75526020,0
1665770400000,19362.69000000,19363.99000000,19133.33000000,19215.60000000,7287.34229000,1665773999999,140231688.27805150,117188,3484.70020000,67057651.76031560,0
1665774000000,19216.98000000,19269.81000000,19108.84000000,19168.28000000,7318.05805000,1665777599999,140511251.87348510,114688,3592.62253000,68987943.58948280,0
1665777600000,19169.32000000,19218.56000000,19123.00000000,19175.94000000,3624.48654000,1665781199999,69521350.52970590,68217,1773.11002000,34012622.54152910,0
1665781200000,19175.15000000,19209.00000000,19076.67000000,19106.69000000,2660.04556000,1665784799999,50969626.63630100,53433,1300.17463000,24915986.19240330,0
1665784800000,19108.05000000,19167.00000000,19084.52000000,19160.86000000,2753.50123000,1665788399999,52677973.48509940,51162,1371.76634000,26243652.41156170,0
1665788400000,19160.67000000,19197.77000000,19142.22000000,19177.71000000,2197.18760000,1665791999999,42123935.41317040,43488,1106.25629000,21208339.57950450,0
1665792000000,19177.17000000,19227.71000000,19173.33000000,19201.03000000,2341.65343000,1665795599999,44960519.60993040,53856,1189.84966000,22845814.44109970,0
1665795600000,19202.00000000,19210.73000000,19173.05000000,19174.19000000,1895.56439000,1665799199999,36378425.97483270,44162,921.05178000,17676994.80275930,0
1665799200000,19174.29000000,19206.52000000,19135.45000000,19198.05000000,2236.19180000,1665802799999,42872567.94214950,45552,1094.70546000,20987895.28169960,0
1665802800000,19198.06000000,19219.12000000,19180.00000000,19201.45000000,1636.46493000,1665806399999,31416245.11131990,39768,807.03211000,15493474.77824360,0
1665806400000,19201.45000000,19212.40000000,19177.51000000,19189.28000000,1674.99003000,1665809999999,32148005.28502650,38223,825.84374000,15850706.26057660,0
1665810000000,19189.27000000,19195.94000000,19154.79000000,19177.15000000,1878.00648000,1665813599999,36012048.24840800,43181,938.04335000,17987940.26628560,0
1665813600000,19177.15000000,19188.98000000,19160.00000000,19169.30000000,1813.46956000,1665817199999,34772154.78642940,42318,912.64244000,17499716.96179260,0
1665817200000,19169.40000000,19183.22000000,19135.00000000,19172.54000000,2258.92799000,1665820799999,43297238.45706760,48040,1162.13506000,22275821.66181620,0
1665820800000,19172.31000000,19177.83000000,19040.33000000,19071.96000000,3941.83474000,1665824399999,75352452.90562510,80019,1809.91403000,34600027.87507570,0
1665824400000,19071.74000000,19129.00000000,19064.44000000,19108.81000000,2749.17370000,1665827999999,52505161.22451120,59118,1371.63711000,26197232.63865290,0
1665828000000,19108.59000000,19179.00000000,19094.17000000,19156.78000000,2669.63120000,1665831599999,51091015.39458640,57067,1336.04434000,25569034.67068970,0
1665831600000,19155.92000000,19169.91000000,19140.39000000,19167.17000000,1611.10647000,1665835199999,30859753.73999040,38666,775.91151000,14862305.84119690,0
1665835200000,19166.70000000,19199.93000000,19153.57000000,19169.49000000,2031.02021000,1665838799999,38948971.31741410,44150,1020.74400000,19575011.04951270,0
1665838800000,19169.51000000,19181.79000000,19100.00000000,19169.98000000,3210.62251000,1665842399999,61433358.33672680,63225,1586.78789000,30363630.95142880,0
1665842400000,19168.87000000,19185.18000000,19119.74000000,19143.74000000,2531.08354000,1665845999999,48470803.42692210,55164,1214.36855000,23255870.70773160,0
1665846000000,19143.81000000,19149.42000000,19119.66000000,19128.58000000,1804.88039000,1665849599999,34536037.23939620,42293,905.22473000,17321628.11715150,0
1665849600000,19128.58000000,19163.68000000,19111.56000000,19126.00000000,2153.38554000,1665853199999,41208409.09894180,57381,1063.65004000,20355020.92877830,0
1665853200000,19126.51000000,19139.89000000,19097.37000000,19109.44000000,1880.25967000,1665856799999,35946007.25527900,51724,926.20371000,17707300.40160960,0
1665856800000,19109.44000000,19141.51000000,19103.72000000,19118.32000000,1805.30310000,1665860399999,34521988.73799860,53464,862.54962000,16494566.66261110,0
1665860400000,19119.45000000,19126.68000000,19058.14000000,19102.50000000,2324.07316000,1665863999999,44387376.16761580,49277,1072.48390000,20483767.38031400,0
1665864000000,19103.41000000,19111.48000000,19081.80000000,19095.55000000,1304.95239000,1665867599999,24919196.15163780,39626,623.21362000,11901083.81051120,0
1665867600000,19095.55000000,19098.02000000,19050.00000000,19069.78000000,1621.59860000,1665871199999,30940093.94353460,45807,841.97666000,16065830.51942010,0
1665871200000,19069.77000000,19092.12000000,19042.36000000,19061.39000000,2350.68896000,1665874799999,44820586.59105910,48325,1159.70534000,22112543.14560290,0
1665874800000,19061.39000000,19133.88000000,18978.00000000,19070.81000000,4034.96503000,1665878399999,76875204.08222340,81553,1904.16695000,36280887.86487180,0
1665878400000,19070.25000000,19146.28000000,19065.18000000,19139.64000000,2302.57401000,1665881999999,44002901.01344220,58746,1165.87813000,22280491.78848160,0
1665882000000,19139.66000000,19172.61000000,19107.73000000,19142.58000000,1975.61063000,1665885599999,37811715.46837710,51885,1006.43735000,19262516.30294100,0
1665885600000,19143.27000000,19167.74000000,19103.84000000,19115.46000000,1638.26020000,1665889199999,31352492.56591290,42069,815.02388000,15598176.87354120,0
1665889200000,19115.58000000,19138.14000000,19104.50000000,19123.10000000,1389.23901000,1665892799999,26565025.00085270,37799,693.03826000,13252652.82948380,0
1665892800000,19123.10000000,19160.00000000,19110.00000000,19136.47000000,1815.15389000,1665896399999,34734675.92294180,45836,932.43156000,17843254.90942970,0
1665896400000,19137.08000000,19163.35000000,19122.00000000,19151.52000000,2108.24392000,1665899999999,40360043.35578160,50395,1091.17632000,20889833.98740940,0
1665900000000,19151.52000000,19156.22000000,19117.20000000,19134.37000000,1900.36977000,1665903599999,36362052.12085140,45808,948.91315000,18156506.33257870,0
1665903600000,19134.63000000,19149.85000000,19116.34000000,19135.69000000,1446.70722000,1665907199999,27680939.18392700,35076,709.54413000,13576589.12133570,0
1665907200000,19136.23000000,19196.00000000,19135.31000000,19167.17000000,2747.96256000,1665910799999,52673079.92717840,56534,1399.44454000,26824639.21447460,0
1665910800000,19166.33000000,19169.28000000,19136.99000000,19142.09000000,1927.23333000,1665914399999,36909013.12755250,44245,934.89734000,17904907.23386300,0
1665914400000,19141.83000000,19153.12000000,19088.21000000,19129.81000000,2422.69872000,1665917999999,46344555.32086080,52431,1174.40434000,22465748.36271790,0
1665918000000,19129.55000000,19155.00000000,19117.35000000,19145.87000000,1618.08221000,1665921599999,30963212.44506460,43530,828.86718000,15861448.52138420,0
1665921600000,19145.79000000,19152.16000000,19115.65000000,19135.04000000,1992.91601000,1665925199999,38129480.20223980,41272,996.39255000,19063626.43137610,0
1665925200000,19135.03000000,19146.45000000,19118.87000000,19129.01000000,1878.77348000,1665928799999,35950556.68958020,38586,917.65719000,17560138.51992630,0
1665928800000,19129.04000000,19140.61000000,19106.09000000,19131.44000000,2374.07800000,1665932399999,45400050.74608930,49376,1214.56056000,23226774.53213090,0
1665932400000,19131.40000000,19174.63000000,19123.26000000,19158.32000000,2526.97595000,1665935999999,48401705.74785670,51464,1263.38242000,24199235.76021630,0
1665936000000,19158.25000000,19170.00000000,19125.87000000,19140.91000000,2061.51211000,1665939599999,39462262.10003980,49753,1009.45814000,19323854.07526860,0
1665939600000,19140.91000000,19160.65000000,19130.00000000,19133.06000000,1576.54479000,1665943199999,30186062.04974580,35408,815.83918000,15621105.30127400,0
1665943200000,19133.49000000,19150.00000000,19120.00000000,19134.28000000,1272.51972000,1665946799999,24345988.89465570,33309,625.30733000,11963665.93347670,0
1665946800000,19134.92000000,19384.00000000,19131.13000000,19375.96000000,6116.44549000,1665950399999,117857934.50446200,114575,3279.84699000,63192809.43372180,0
1665950400000,19375.83000000,19426.55000000,19263.36000000,19331.24000000,5559.46697000,1665953999999,107490685.34252230,105006,2721.76613000,52627522.46589370,0
1665954000000,19331.33000000,19366.85000000,19105.26000000,19149.48000000,4061.59836000,1665957599999,78188837.76279020,81962,1871.95381000,36039197.94510420,0
1665957600000,19149.48000000,19367.00000000,19117.46000000,19302.24000000,6229.13185000,1665961199999,120064822.44203690,115097,3144.32712000,60604669.24926080,0
1665961200000,19301.34000000,19318.34000000,19228.20000000,19263.01000000,2941.45841000,1665964799999,56677924.48039600,61114,1466.38080000,28254808.69049530,0
1665964800000,19263.00000000,19308.25000000,19208.00000000,19229.91000000,3437.34053000,1665968399999,66171619.13692840,72309,1718.64502000,33085160.49379930,0
1665968400000,19230.43000000,19240.68000000,19170.00000000,19177.17000000,3160.77995000,1665971999999,60712325.43529750,64004,1546.60137000,29708434.46845530,0
1665972000000,19177.77000000,19212.98000000,19167.48000000,19205.00000000,2283.14948000,1665975599999,43821529.85229950,50219,1150.42010000,22080488.24490010,0
1665975600000,19204.81000000,19207.97000000,19155.33000000,19188.24000000,2238.42695000,1665979199999,42939759.50991730,52386,1108.75066000,21269850.01271920,0
1665979200000,19188.04000000,19239.74000000,19163.00000000,19227.39000000,2617.99950000,1665982799999,50255918.61097610,54287,1354.17149000,25995805.67703380,0
1665982800000,19227.21000000,19284.00000000,19224.36000000,19271.96000000,3323.57899000,1665986399999,63973926.95847050,67910,1653.42945000,31826324.01184830,0
1665986400000,19271.88000000,19316.97000000,19223.01000000,19241.33000000,3680.91746000,1665989999999,70911209.25082460,77743,1818.45263000,35032782.70971910,0
1665990000000,19241.84000000,19319.07000000,19232.51000000,19295.67000000,4792.84843000,1665993599999,92362990.46923250,94126,2390.76724000,46073802.08240730,0
1665993600000,19296.24000000,19305.80000000,19245.00000000,19261.94000000,3434.12202000,1665997199999,66192647.07535840,76634,1756.11143000,33850000.17501750,0
1665997200000,19260.88000000,19368.42000000,19250.00000000,19338.15000000,4073.14670000,1666000799999,78668732.47854660,84858,2067.80144000,39937067.18968610,0
1666000800000,19338.29000000,19423.52000000,19337.21000000,19397.00000000,5775.34173000,1666004399999,111936544.83181410,107771,2968.93034000,57543282.11912810,0
1666004400000,19397.60000000,19543.57000000,19371.52000000,19457.09000000,8161.89140000,1666007999999,158903640.60236320,143397,4130.02804000,80403872.01744990,0
1666008000000,19457.04000000,19583.25000000,19418.95000000,19518.18000000,7615.67909000,1666011599999,148484052.68003680,133076,3788.78534000,73869672.97206940,0
1666011600000,19518.15000000,19677.65000000,19518.03000000,19586.38000000,11055.96379000,1666015199999,216671609.68906790,184100,5556.50802000,108899185.80588820,0
1666015200000,19587.98000000,19649.97000000,19441.84000000,19474.54000000,10488.36568000,1666018799999,205066325.23613080,173746,4947.08791000,96729273.51145520,0
1666018800000,19475.67000000,19584.99000000,19430.36000000,19534.98000000,7239.51573000,1666022399999,141294698.39691600,122353,3651.59607000,71270867.98041000,0
1666022400000,19535.40000000,19594.36000000,19477.89000000,19511.50000000,6029.63741000,1666025999999,117773342.61416980,106861,2872.92747000,56117301.68341920,0
1666026000000,19511.58000000,19539.71000000,19457.41000000,19521.34000000,4872.34455000,1666029599999,95011501.67145780,87685,2398.10497000,46765367.96662680,0
1666029600000,19522.00000000,19546.01000000,19443.75000000,19516.90000000,4987.99522000,1666033199999,97229509.37912140,83721,2468.73266000,48125199.77852010,0
1666033200000,19517.16000000,19559.00000000,19485.00000000,19527.06000000,4770.22410000,1666036799999,93114263.28738960,79326,2392.53616000,46703907.82390710,0
1666036800000,19526.79000000,19558.17000000,19505.41000000,19528.33000000,3021.53941000,1666040399999,59026424.83813620,54159,1505.51356000,29411800.97902110,0
1666040400000,19529.00000000,19546.43000000,19490.59000000,19516.29000000,2171.11754000,1666043999999,42366020.25964470,43295,1064.84603000,20779213.18530300,0
1666044000000,19515.50000000,19627.57000000,19472.18000000,19515.70000000,5563.66636000,1666047599999,108809476.21496690,93678,2804.76222000,54851190.54213040,0
1666047600000,19516.67000000,19574.97000000,19505.92000000,19549.39000000,2935.59394000,1666051199999,57393384.71932450,53449,1443.31844000,28218459.13206740,0
1666051200000,19550.00000000,19618.51000000,19505.73000000,19597.47000000,4812.31536000,1666054799999,94184998.91597070,85210,2452.11220000,47992373.60355100,0
1666054800000,19597.47000000,19625.03000000,19518.00000000,19536.45000000,4196.25039000,1666058399999,82110281.04065130,74586,2041.73512000,39951146.55842260,0
1666058400000,19536.22000000,19549.08000000,19480.41000000,19489.92000000,3399.54701000,1666061999999,66345663.76666140,64560,1644.00276000,32085211.62680670,0
1666062000000,19490.46000000,19576.00000000,19488.98000000,19548.49000000,4848.32507000,1666065599999,94697757.29707860,81797,2388.78800000,46658733.18488220,0
1666065600000,19548.91000000,19615.35000000,19540.94000000,19581.79000000,4731.01693000,1666069199999,92634676.36974970,80628,2382.30497000,46647004.35991070,0
1666069200000,19582.76000000,19589.79000000,19532.83000000,19554.43000000,3632.22159000,1666072799999,71054307.90092170,69994,1750.57906000,34246052.05381230,0
1666072800000,19555.00000000,19707.96000000,19535.00000000,19644.93000000,6938.82844000,1666076399999,136119186.91583820,107765,3509.22931000,68839988.30281560,0
1666076400000,19644.41000000,19689.99000000,19562.17000000,19665.44000000,7017.09290000,1666079999999,137691762.26438990,124663,3613.33314000,70904408.04227040,0
1666080000000,19666.59000000,19673.09000000,19526.53000000,19535.25000000,6889.16142000,1666083599999,134990303.29911050,122295,3414.42358000,66907613.13138520,0
1666083600000,19535.24000000,19563.50000000,19472.35000000,19529.26000000,7808.03672000,1666087199999,152442684.80810820,114893,3914.20643000,76422360.55745600,0
1666087200000,19528.87000000,19588.00000000,19504.14000000,19532.59000000,5799.12105000,1666090799999,113338833.44279640,87486,2864.02520000,55975481.70459430,0
1666090800000,19532.66000000,19604.96000000,19529.65000000,19563.35000000,5662.83350000,1666094399999,110786312.58462680,86473,2897.71053000,56691315.33047480,0
1666094400000,19564.26000000,19651.90000000,19563.75000000,19628.59000000,6579.19976000,1666097999999,128968887.75344810,101360,3387.90183000,66412417.94350660,0
1666098000000,19629.14000000,19681.53000000,19530.40000000,19544.00000000,10994.24521000,1666101599999,215564372.77606740,152789,5446.49339000,106796160.96893930,0
1666101600000,19543.64000000,19575.00000000,19361.22000000,19415.93000000,12939.80705000,1666105199999,251980055.38526780,177673,6248.29436000,121680983.01141960,0
1666105200000,19416.50000000,19452.90000000,19280.15000000,19375.35000000,12613.63516000,1666108799999,244104378.88794750,173760,6148.42405000,118993280.18043590,0
1666108800000,19375.04000000,19443.10000000,19342.99000000,19414.00000000,7636.89826000,1666112399999,148121436.81162990,108705,3941.94354000,76458524.19913980,0
1666112400000,19412.49000000,19437.00000000,19363.52000000,19408.17000000,5770.71724000,1666115999999,111969692.86778680,91277,2882.09780000,55922719.49663110,0
1666116000000,19408.18000000,19413.17000000,19177.53000000,19223.98000000,8864.41370000,1666119599999,171111949.12703600,132961,4217.33367000,81418942.17033090,0
1666119600000,19222.80000000,19222.86000000,19091.97000000,19218.88000000,9715.48582000,1666123199999,186241700.02692860,143105,4846.25528000,92905944.00623350,0
1666123200000,19217.89000000,19435.00000000,19195.25000000,19365.38000000,7845.77569000,1666126799999,151460066.32963950,120561,4045.47528000,78096733.51288330,0
1666126800000,19365.38000000,19380.00000000,19220.04000000,19295.22000000,3489.99240000,1666130399999,67391807.93517480,73230,1650.66616000,31875452.18985610,0
1666130400000,19295.04000000,19335.85000000,19255.00000000,19320.83000000,3423.18930000,1666133999999,66046393.89341960,60966,1721.05224000,33206435.57422430,0
1666134000000,19321.93000000,19372.98000000,19306.25000000,19328.78000000,3634.28866000,1666137599999,70292690.44821980,60027,1820.04370000,35202237.31375110,0
1666137600000,19328.57000000,19361.01000000,19229.61000000,19233.68000000,5247.74203000,1666141199999,101195292.64857380,80528,2642.20046000,50951180.21058490,0
1666141200000,19233.37000000,19325.00000000,19215.35000000,19313.18000000,4173.04709000,1666144799999,80477858.42739730,71748,2158.03875000,41620052.01854910,0
1666144800000,19313.64000000,19322.00000000,19249.01000000,19290.99000000,3504.67997000,1666148399999,67578773.31741220,56642,1710.69612000,32988361.99494600,0
1666148400000,19291.50000000,19307.12000000,19256.01000000,19281.66000000,3002.17355000,1666151999999,57896552.79008840,48965,1555.57546000,29999798.54002530,0
1666152000000,19281.66000000,19307.04000000,19254.57000000,19276.75000000,2796.72561000,1666155599999,53925718.21387700,48045,1407.87505000,27146614.14472130,0
1666155600000,19277.64000000,19307.00000000,19235.94000000,19255.85000000,4081.99465000,1666159199999,78677436.95831140,67881,2004.78604000,38641698.70338880,0
1666159200000,19255.06000000,19279.39000000,19145.01000000,19189.97000000,5660.05739000,1666162799999,108783560.62386260,96303,2753.37433000,52921263.39225260,0
1666162800000,19190.23000000,19244.22000000,19170.72000000,19218.67000000,5458.65684000,1666166399999,104881650.84903150,89595,2770.84699000,53239836.64619740,0
1666166400000,19219.26000000,19233.97000000,19148.19000000,19196.66000000,4806.42551000,1666169999999,92210942.33776320,84815,2400.83195000,46059646.89164600,0
1666170000000,19195.88000000,19282.69000000,19192.00000000,19269.70000000,4357.42537000,1666173599999,83803771.25344900,80370,2276.74304000,43787455.69027140,0
1666173600000,19269.70000000,19278.19000000,19182.38000000,19217.46000000,3601.26416000,1666177199999,69249371.40011850,74319,1718.15392000,33040216.87161040,0
1666177200000,19217.46000000,19226.25000000,19146.70000000,19201.96000000,5482.19972000,1666180799999,105138777.88840090,101551,2709.88590000,51971887.85895860,0
1666180800000,19202.12000000,19204.79000000,19102.91000000,19163.62000000,5229.46263000,1666184399999,100203343.87285500,107348,2591.05613000,49650317.37295240,0
1666184400000,19164.54000000,19240.00000000,19067.07000000,19125.15000000,8565.85133000,1666187999999,164102801.98854720,160457,4193.24995000,80340316.85651350,0
1666188000000,19124.62000000,19231.98000000,19100.39000000,19155.04000000,8234.59092000,1666191599999,157951405.53484670,142949,4181.61013000,80211373.84067430,0
1666191600000,19155.98000000,19301.13000000,19137.00000000,19267.25000000,7803.27926000,1666195199999,149911431.40642730,119536,4060.70757000,78015219.85344560,0
1666195200000,19267.98000000,19280.00000000,19170.15000000,19180.99000000,5239.23913000,1666198799999,100704261.18241130,100987,2506.33894000,48175364.72752550,0
1666198800000,19180.75000000,19194.28000000,19098.57000000,19183.09000000,5498.29450000,1666202399999,105293367.37248020,106025,2616.94746000,50119372.05493440,0
1666202400000,19183.09000000,19222.00000000,19164.00000000,19187.52000000,3561.33423000,1666205999999,68349712.82218090,76125,1789.60985000,34347642.69920680,0
1666206000000,19187.77000000,19234.63000000,19153.06000000,19232.37000000,3903.82888000,1666209599999,74938577.45813000,82766,1917.97351000,36819308.56764880,0
1666209600000,19232.39000000,19250.00000000,19133.34000000,19193.98000000,3932.97394000,1666213199999,75500409.60742290,81959,1953.78855000,37507814.59906970,0
1666213200000,19194.87000000,19209.00000000,19157.23000000,19194.89000000,1232.40270000,1666216799999,23651846.51709900,34872,592.30890000,11368014.76663510,0
1666216800000,19194.92000000,19201.03000000,19099.90000000,19140.61000000,3701.40329000,1666220399999,70890276.77976810,75131,1795.31363000,34385909.90931580,0
1666220400000,19141.53000000,19164.84000000,19080.64000000,19124.89000000,2577.87300000,1666223999999,49325185.21352810,64126,1253.78225000,23991616.05706120,0
1666224000000,19124.89000000,19165.00000000,18900.00000000,18971.18000000,6384.28673000,1666227599999,121610804.48387190,118592,3017.69698000,57488701.05012000,0
1666227600000,18971.03000000,19053.29000000,18926.81000000,19045.39000000,4785.03740000,1666231199999,90928083.02768600,97040,2434.90087000,46271675.84907420,0
1666231200000,19045.80000000,19081.80000000,19013.66000000,19061.86000000,3000.62173000,1666234799999,57171294.60080640,62027,1510.20582000,28774661.16897780,0
1666234800000,19062.00000000,19067.83000000,19013.50000000,19041.27000000,2713.67225000,1666238399999,51663007.43602490,56523,1343.83769000,25584462.07906040,0
1666238400000,19041.28000000,19209.12000000,19037.17000000,19182.98000000,5149.14678000,1666241999999,98509178.66726590,97992,2694.13985000,51541749.64746490,0
1666242000000,19183.03000000,19200.43000000,19116.00000000,19140.62000000,3966.63242000,1666245599999,75961096.62421300,81834,1939.90553000,37150919.07189150,0
1666245600000,19140.45000000,19145.67000000,19093.75000000,19131.33000000,3621.47376000,1666249199999,69240662.43903070,70618,1778.06564000,33996252.94378720,0
1666249200000,19131.21000000,19166.44000000,19093.95000000,19143.50000000,4314.88505000,1666252799999,82556941.48946310,91208,2175.04788000,41616954.62181770,0
1666252800000,19144.00000000,19166.88000000,19104.78000000,19112.88000000,3090.06782000,1666256399999,59128584.17939760,67597,1533.50737000,29344893.10684500,0
1666256400000,19113.95000000,19193.78000000,19105.29000000,19184.97000000,3381.89802000,1666259999999,64764742.51969540,69740,1780.01523000,34088641.70623780,0
1666260000000,19185.00000000,19250.00000000,19131.99000000,19200.95000000,5966.65782000,1666263599999,114528602.19695120,104702,3021.85135000,58006961.38050160,0
1666263600000,19200.95000000,19229.30000000,19187.47000000,19207.47000000,3832.12504000,1666267199999,73607891.13042850,77743,1938.56986000,37237247.28267810,0
1666267200000,19208.07000000,19281.32000000,19131.95000000,19134.86000000,8317.36718000,1666270799999,159746643.79556190,145295,4063.92916000,78057459.69323490,0
1666270800000,19134.17000000,19219.97000000,19128.00000000,19172.35000000,7371.92222000,1666274399999,141326407.03992090,129973,3658.13939000,70133308.14585860,0
1666274400000,19172.93000000,19348.46000000,19169.05000000,19326.86000000,8966.80243000,1666277999999,172831923.20660470,148422,4621.89107000,89084446.46009310,0
1666278000000,19326.85000000,19339.00000000,19247.89000000,19253.58000000,4987.98199000,1666281599999,96193183.12453160,95074,2395.96673000,46207652.26068280,0
1666281600000,19253.58000000,19255.49000000,19141.72000000,19182.02000000,6792.35083000,1666285199999,130286547.88304490,120646,3216.53355000,61699429.70959810,0
1666285200000,19182.80000000,19187.50000000,19063.36000000,19097.17000000,7108.13227000,1666288799999,135923198.62504100,124006,3355.61947000,64167629.56006930,0
1666288800000,19097.98000000,19101.63000000,18963.23000000,19061.35000000,8603.10151000,1666292399999,163767070.62440970,147562,4308.82491000,82025534.96167550,0
1666292400000,19061.01000000,19117.11000000,19027.74000000,19062.29000000,5743.96502000,1666295999999,109507196.34640370,98463,2823.24783000,53825633.07354270,0
1666296000000,19062.29000000,19087.15000000,18920.12000000,19030.28000000,5433.05617000,1666299599999,103381266.22497200,100111,2594.44578000,49375466.76603380,0
1666299600000,19029.52000000,19098.23000000,18994.50000000,19073.82000000,2515.52367000,1666303199999,47922281.40159560,51286,1275.11004000,24293057.96342080,0
1666303200000,19072.86000000,19095.00000000,19000.29000000,19034.12000000,3099.69425000,1666306799999,59014619.66105550,53069,1546.46095000,29443094.88764240,0
1666306800000,19034.11000000,19050.61000000,18978.68000000,19041.73000000,2286.50622000,1666310399999,43491205.48866070,45221,1127.80187000,21452240.98098520,0
1666310400000,19041.75000000,19066.01000000,18998.55000000,19048.57000000,3983.56810000,1666313999999,75834167.50598690,76620,1965.78348000,37424010.33332340,0
1666314000000,19048.54000000,19072.98000000,19021.14000000,19063.60000000,2690.46811000,1666317599999,51244281.24894910,58329,1337.49642000,25475254.63638900,0
1666317600000,19064.00000000,19132.00000000,19057.48000000,19109.30000000,3145.54947000,1666321199999,60056574.04955220,64025,1622.29178000,30974613.62566580,0
1666321200000,19109.30000000,19125.51000000,19043.18000000,19052.29000000,2526.67998000,1666324799999,48226895.60410570,56074,1187.92181000,22675312.17731860,0
1666324800000,19051.89000000,19082.27000000,19027.00000000,19047.66000000,2545.48027000,1666328399999,48499726.80995200,54819,1213.07544000,23114002.26004940,0
1666328400000,19047.32000000,19066.95000000,19029.49000000,19044.50000000,2468.76838000,1666331999999,47021727.42585470,51248,1259.25708000,23984858.30808480,0
1666332000000,19044.26000000,19072.20000000,19026.29000000,19036.70000000,2563.52274000,1666335599999,48825558.46557590,57345,1253.61186000,23877304.22552690,0
1666335600000,19036.06000000,19082.61000000,18991.32000000,19026.84000000,4102.10563000,1666339199999,78088006.79132360,82607,2030.93562000,38664255.52347320,0
1666339200000,19026.91000000,19041.60000000,18938.23000000,18978.90000000,4854.92623000,1666342799999,92214002.59493490,104945,2361.05796000,44847193.01115480,0
1666342800000,18978.92000000,19029.00000000,18898.35000000,19008.48000000,5986.85618000,1666346399999,113587286.05673960,117103,2973.75891000,56425726.92827680,0
1666346400000,19008.99000000,19017.75000000,18956.37000000,19001.82000000,4545.52880000,1666349999999,86302221.55756300,81721,2242.41820000,42576021.82163420,0
1666350000000,19001.85000000,19010.79000000,18940.03000000,18943.61000000,5167.17783000,1666353599999,98092812.84748660,80915,2589.04516000,49151450.12838700,0
1666353600000,18943.83000000,18946.65000000,18660.00000000,18876.35000000,13634.77130000,1666357199999,256234187.86542640,211318,6684.21864000,125617617.71642240,0
1666357200000,18876.40000000,19082.34000000,18855.25000000,19065.98000000,18167.42937000,1666360799999,344479843.62287290,271989,9251.96393000,175441948.15075210,0
1666360800000,19066.00000000,19129.98000000,18936.18000000,18975.85000000,14167.64472000,1666364399999,269671356.85907770,209339,7056.74957000,134330015.20432360,0
1666364400000,18975.52000000,19174.56000000,18947.41000000,19167.71000000,11616.52337000,1666367999999,221171339.89889140,160793,5888.70018000,112129388.95608380,0
1666368000000,19168.72000000,19230.00000000,19100.98000000,19126.56000000,10851.17017000,1666371599999,207895235.73185450,160699,5436.34695000,104156571.67711200,0
1666371600000,19126.82000000,19173.99000000,19088.57000000,19150.18000000,7291.65435000,1666375199999,139500096.46656350,109799,3598.21066000,68840568.64374470,0
1666375200000,19150.27000000,19204.00000000,19119.00000000,19139.59000000,6518.67018000,1666378799999,124838201.12747670,96947,3187.09263000,61038163.09867340,0
1666378800000,19140.09000000,19250.00000000,19135.43000000,19188.87000000,6797.61126000,1666382399999,130462272.01354250,105304,3475.54115000,66705210.87530630,0
1666382400000,19188.77000000,19250.00000000,19157.50000000,19179.55000000,4300.40297000,1666385999999,82545579.68123540,68647,2149.21332000,41255107.37544990,0
1666386000000,19179.22000000,19179.56000000,19139.00000000,19155.49000000,2231.09171000,1666389599999,42742031.75011600,39288,1166.04759000,22338788.95220630,0
1666389600000,19155.47000000,19195.29000000,19154.00000000,19190.52000000,2446.42695000,1666393199999,46912597.15264070,40486,1248.25126000,23936887.13438990,0
1666393200000,19191.34000000,19194.49000000,19160.61000000,19164.41000000,1821.53039000,1666396799999,34931077.97355250,30926,856.83864000,16431773.44483400,0
1666396800000,19165.13000000,19180.60000000,19148.21000000,19165.66000000,2405.32163000,1666400399999,46095475.02183040,41687,1114.76819000,21364156.10185900,0
1666400400000,19165.73000000,19184.29000000,19147.62000000,19157.84000000,2044.29765000,1666403999999,39170305.25090400,38164,1006.77300000,19291048.26929110,0
1666404000000,19157.51000000,19165.57000000,19121.48000000,19129.85000000,1754.80351000,1666407599999,33602172.89395250,39551,826.04800000,15818533.78986770,0
1666407600000,19130.05000000,19161.33000000,19114.00000000,19152.68000000,1816.03633000,1666411199999,34751161.25147630,37784,924.77679000,17696621.11894580,0
1666411200000,19152.05000000,19164.28000000,19147.35000000,19149.15000000,1240.02758000,1666414799999,23750518.71072320,28139,573.85876000,10991408.56283260,0
1666414800000,19149.59000000,19159.99000000,19139.00000000,19141.89000000,1541.07557000,1666418399999,29509026.46899650,33342,750.59684000,14373027.04023190,0
1666418400000,19141.75000000,19151.47000000,19133.29000000,19146.00000000,1519.29133000,1666421999999,29079476.62867100,31149,740.93224000,14181656.88137640,0
1666422000000,19145.89000000,19176.11000000,19145.00000000,19163.96000000,1626.41341000,1666425599999,31160560.82794030,32757,851.94457000,16322427.92181460,0
1666425600000,19164.05000000,19176.11000000,19152.18000000,19155.89000000,1778.98168000,1666429199999,34092299.11878540,34386,904.20329000,17328599.27120240,0
1666429200000,19155.91000000,19175.41000000,19140.72000000,19142.29000000,1749.04636000,1666432799999,33506728.49178610,35425,862.05717000,16515053.32572250,0
1666432800000,19142.24000000,19171.61000000,19140.01000000,19168.51000000,1700.86699000,1666436399999,32582200.28035010,33658,907.81021000,17390323.75335000,0
1666436400000,19168.32000000,19188.30000000,19159.00000000,19179.18000000,2156.99516000,1666439999999,41357288.05900200,40682,1191.46599000,22845366.70659610,0
1666440000000,19179.17000000,19203.77000000,19154.95000000,19182.34000000,2712.05143000,1666443599999,52005360.77206730,55090,1460.71798000,28011264.81624160,0
1666443600000,19182.35000000,19260.56000000,19182.34000000,19196.91000000,3899.09874000,1666447199999,74911398.95732990,76862,2006.49272000,38549503.94173530,0
1666447200000,19196.91000000,19244.00000000,19196.91000000,19236.30000000,2720.63658000,1666450799999,52306896.85472830,55841,1477.70841000,28410732.40327910,0
1666450800000,19236.28000000,19254.65000000,19208.88000000,19235.12000000,3105.28967000,1666454399999,59712523.01075470,60608,1749.37678000,33639412.29693930,0
1666454400000,19235.07000000,19249.26000000,19171.72000000,19193.86000000,2583.17644000,1666457999999,49614252.04599720,55010,1241.17180000,23840991.43910120,0
1666458000000,19194.06000000,19209.08000000,19145.00000000,19152.69000000,1865.92273000,1666461599999,35789636.16401960,42800,844.98887000,16208937.11125930,0
1666461600000,19152.76000000,19181.57000000,19135.03000000,19170.70000000,1950.15622000,1666465199999,37357696.96015720,39203,929.21266000,17800979.37663650,0
1666465200000,19170.25000000,19189.47000000,19164.11000000,19184.54000000,1348.42022000,1666468799999,25861935.25539030,29400,676.95594000,12983862.62266690,0
1666468800000,19184.75000000,19225.28000000,19172.68000000,19217.77000000,1353.62789000,1666472399999,25984427.41626270,31698,684.34443000,13137800.35107220,0
1666472400000,19217.07000000,19224.81000000,19190.17000000,19203.40000000,1375.97998000,1666475999999,26432541.87339080,33893,650.97764000,12505519.11359470,0
1666476000000,19203.40000000,19209.00000000,19185.53000000,19194.66000000,1562.07707000,1666479599999,29984918.21075890,32058,761.76833000,14622871.45796950,0
1666479600000,19194.59000000,19209.84000000,19191.01000000,19205.39000000,986.97117000,1666483199999,18950927.74559720,23508,493.38060000,9473541.70153660,0
1666483200000,19205.03000000,19220.35000000,19191.40000000,19197.31000000,1375.56910000,1666486799999,26419606.34560380,34049,665.76397000,12787000.61358500,0
1666486800000,19197.17000000,19204.69000000,19164.84000000,19180.86000000,1477.15228000,1666490399999,28332106.69122990,37828,717.93181000,13770376.80656120,0
1666490400000,19180.86000000,19208.33000000,19175.98000000,19197.45000000,1772.65849000,1666493999999,34024686.93797070,43476,912.10991000,17507363.76468010,0
1666494000000,19197.39000000,19203.00000000,19186.28000000,19198.69000000,1257.57859000,1666497599999,24140135.87112880,29237,631.05562000,12113839.26144250,0
1666497600000,19198.13000000,19223.00000000,19174.74000000,19187.04000000,2051.89778000,1666501199999,39400292.57723470,41482,988.27587000,18977218.99092740,0
1666501200000,19187.75000000,19196.98000000,19169.00000000,19179.98000000,1402.59640000,1666504799999,26911063.87880220,36957,675.99341000,12970509.45113000,0
1666504800000,19179.72000000,19189.41000000,19157.00000000,19177.04000000,1475.16926000,1666508399999,28288940.20640380,41524,707.89415000,13575356.76003560,0
1666508400000,19176.77000000,19190.00000000,19150.11000000,19163.98000000,1788.38355000,1666511999999,34267922.69216190,44627,873.11629000,16731155.20075040,0
1666512000000,19163.81000000,19187.13000000,19151.45000000,19184.95000000,1282.18659000,1666515599999,24580969.66097160,32784,656.55354000,12587413.36220310,0
1666515600000,19185.67000000,19192.69000000,19179.68000000,19186.43000000,1297.36969000,1666519199999,24890054.16028020,30460,640.66845000,12291541.36515290,0
1666519200000,19186.73000000,19190.39000000,19163.80000000,19172.19000000,1195.40624000,1666522799999,22923488.39828260,30432,547.83071000,10505780.01761560,0
1666522800000,19171.92000000,19172.88000000,19130.00000000,19154.04000000,2393.12766000,1666526399999,45823600.72068990,58805,1035.66521000,19831017.47992910,0
1666526400000,19154.02000000,19160.40000000,19073.00000000,19153.50000000,3015.29901000,1666529999999,57684090.19375110,79024,1459.66510000,27924689.30064610,0
1666530000000,19152.68000000,19181.95000000,19144.76000000,19178.01000000,2088.04994000,1666533599999,40015404.04287550,51121,1065.46958000,20419377.39765440,0
1666533600000,19178.01000000,19211.74000000,19176.84000000,19190.00000000,2283.44059000,1666537199999,43822492.21083530,54633,1161.23958000,22286021.40535200,0
1666537200000,19189.52000000,19214.63000000,19180.10000000,19192.24000000,1937.74873000,1666540799999,37191845.77459390,46928,900.17599000,17277612.40514310,0
1666540800000,19192.24000000,19205.91000000,19171.73000000,19180.43000000,1703.07566000,1666544399999,32674224.82129580,43275,767.06729000,14716926.46061120,0
1666544400000,19180.43000000,19505.55000000,19173.13000000,19474.60000000,6999.16560000,1666547999999,135362530.17038610,130043,3671.71710000,71003258.37777420,0
1666548000000,19478.16000000,19532.59000000,19399.34000000,19440.50000000,8374.56485000,1666551599999,163083430.97838610,144524,4217.27229000,82122609.18629620,0
1666551600000,19439.95000000,19523.98000000,19438.83000000,19502.61000000,3706.73675000,1666555199999,72214366.61976530,69247,1831.82241000,35687551.58939660,0
1666555200000,19501.80000000,19523.76000000,19444.12000000,19499.42000000,3929.75241000,1666558799999,76563097.43726960,74735,1988.50999000,38743336.60899210,0
1666558800000,19499.42000000,19600.00000000,19448.52000000,19542.71000000,3829.83115000,1666562399999,74727814.99407700,78433,1927.24055000,37609085.65789650,0
1666562400000,19541.66000000,19695.23000000,19540.00000000,19593.77000000,9478.41237000,1666565999999,185913257.42200930,172585,4726.28687000,92705170.84206220,0
1666566000000,19593.73000000,19611.30000000,19515.00000000,19571.01000000,5213.05019000,1666569599999,102016559.37653300,99147,2544.49324000,49795803.15303900,0
1666569600000,19571.05000000,19601.78000000,19493.33000000,19520.33000000,5522.94914000,1666573199999,107992280.85589770,110389,2694.19581000,52683629.88995100,0
1666573200000,19520.29000000,19528.99000000,19366.45000000,19413.58000000,6555.54176000,1666576799999,127443095.97562770,131473,3073.98413000,59763121.66670430,0
1666576800000,19413.45000000,19472.65000000,19392.01000000,19414.93000000,3638.88864000,1666580399999,70736445.81297260,80558,1806.97949000,35128201.32982890,0
1666580400000,19414.32000000,19435.50000000,19343.20000000,19393.37000000,4126.31483000,1666583999999,79995677.36243540,89204,2037.38064000,39497150.02675310,0
1666584000000,19393.39000000,19393.39000000,19272.05000000,19337.82000000,4823.22950000,1666587599999,93193351.69627880,95890,2345.31788000,45314362.72503160,0
1666587600000,19337.02000000,19357.87000000,19295.00000000,19339.23000000,3759.44999000,1666591199999,72659679.18256380,80498,1805.07421000,34887851.89202200,0
1666591200000,19339.49000000,19368.06000000,19277.93000000,19297.33000000,4764.31160000,1666594799999,92131147.00907720,96959,2328.27991000,45025929.57931800,0
1666594800000,19296.47000000,19343.76000000,19257.71000000,19325.37000000,7200.88016000,1666598399999,138970577.12907400,142139,3531.33404000,68155077.69933020,0
1666598400000,19325.82000000,19347.76000000,19295.41000000,19342.62000000,4372.63106000,1666601999999,84492600.08707640,103213,2232.06002000,43130634.76173430,0
1666602000000,19342.62000000,19407.75000000,19315.08000000,19384.76000000,4007.52370000,1666605599999,77564929.32808890,92163,2005.79682000,38822056.52020540,0
1666605600000,19384.65000000,19450.00000000,19366.29000000,19405.25000000,6024.97527000,1666609199999,116932164.49475780,120082,3123.10715000,60615708.40020220,0
1666609200000,19406.11000000,19450.00000000,19365.13000000,19425.47000000,4722.77795000,1666612799999,91655873.14213310,94209,2404.65026000,46670607.05885410,0
1666612800000,19425.47000000,19452.55000000,19318.13000000,19376.27000000,6462.91294000,1666616399999,125261516.98711570,121880,3182.28781000,61677690.44079910,0
1666616400000,19375.49000000,19403.35000000,19300.00000000,19354.97000000,9681.86548000,1666619999999,187378632.25194090,174144,4771.71394000,92354655.18197310,0
1666620000000,19355.43000000,19359.32000000,19161.35000000,19278.12000000,11817.34930000,1666623599999,227529476.95480520,202136,5625.12963000,108313498.66603760,0
1666623600000,19278.26000000,19313.00000000,19245.39000000,19303.32000000,5373.26358000,1666627199999,103569067.93043770,105976,2681.01933000,51680771.19967700,0
1666627200000,19304.00000000,19320.00000000,19253.62000000,19274.58000000,3651.68920000,1666630799999,70429282.80475080,79625,1713.02404000,33039435.73682890,0
1666630800000,19274.55000000,19302.15000000,19222.95000000,19285.03000000,3287.00874000,1666634399999,63319908.51010150,75289,1650.64448000,31799221.87099880,0
1666634400000,19285.29000000,19349.00000000,19282.01000000,19335.08000000,3062.76044000,1666637999999,59186030.99323760,67359,1530.23038000,29571308.93553380,0
1666638000000,19335.88000000,19425.29000000,19331.00000000,19345.19000000,4441.30966000,1666641599999,86038553.21915480,90818,2358.57462000,45694994.57131610,0
1666641600000,19344.70000000,19382.61000000,19301.17000000,19380.22000000,2800.01545000,1666645199999,54155158.59479760,57848,1489.32367000,28805702.51777330,0
1666645200000,19380.32000000,19420.00000000,19333.40000000,19366.56000000,2363.00098000,1666648799999,45765264.82105350,56083,1174.33773000,22745770.41956450,0
1666648800000,19366.56000000,19375.32000000,19304.67000000,19362.00000000,2504.15915000,1666652399999,48425623.34825290,52401,1261.98963000,24405003.97698690,0
1666652400000,19361.59000000,19366.37000000,19321.56000000,19331.44000000,1871.41455000,1666655999999,36199480.69181730,40494,940.04696000,18184510.22709710,0
1666656000000,19331.46000000,19339.90000000,19278.55000000,19309.51000000,3224.05002000,1666659599999,62270948.07546250,72133,1559.53715000,30122648.93199630,0
1666659600000,19309.77000000,19317.95000000,19249.79000000,19299.00000000,3350.29335000,1666663199999,64600826.51325190,80073,1622.11151000,31280079.97662380,0
1666663200000,19298.31000000,19318.04000000,19276.51000000,19312.80000000,1972.81382000,1666666799999,38068833.45772370,50270,1061.62789000,20486813.48150810,0
1666666800000,19313.54000000,19365.24000000,19308.24000000,19343.18000000,2733.06592000,1666670399999,52863414.31015640,67211,1499.14758000,28996823.32610050,0
1666670400000,19343.41000000,19377.72000000,19331.59000000,19342.26000000,1561.37404000,1666673999999,30204606.56749350,48178,799.19135000,15460930.32674820,0
1666674000000,19342.48000000,19346.40000000,19295.00000000,19336.97000000,2151.17251000,1666677599999,41565146.31577840,60353,1030.49748000,19911894.98882600,0
1666677600000,19337.77000000,19366.91000000,19323.07000000,19329.96000000,2363.30568000,1666681199999,45717947.35908280,61883,1166.67014000,22569197.21193150,0
1666681200000,19329.96000000,19340.34000000,19274.00000000,19307.15000000,3261.23892000,1666684799999,62960068.68560780,76450,1546.70279000,29861249.07334990,0
1666684800000,19307.78000000,19322.38000000,19271.26000000,19298.41000000,2221.15706000,1666688399999,42878544.27593890,60670,1085.35853000,20953052.60519120,0
1666688400000,19297.60000000,19298.76000000,19260.00000000,19267.72000000,3437.23279000,1666691999999,66268771.49953880,77620,1714.63607000,33058804.44238350,0
1666692000000,19266.92000000,19299.50000000,19240.00000000,19297.57000000,3088.33315000,1666695599999,59516548.11394040,73549,1553.13343000,29932815.87004030,0
1666695600000,19297.40000000,19329.60000000,19279.21000000,19302.89000000,2602.09651000,1666699199999,50227315.90953670,59302,1367.15589000,26390127.87776120,0
1666699200000,19303.65000000,19345.97000000,19262.00000000,19329.19000000,3714.79278000,1666702799999,71697952.41255450,82181,1854.72821000,35798956.22558940,0
1666702800000,19329.19000000,19527.23000000,19327.77000000,19481.27000000,13116.94232000,1666706399999,254826051.75035220,217405,6763.18435000,131390659.40520040,0
1666706400000,19481.04000000,19545.30000000,19447.59000000,19492.07000000,9710.60179000,1666709999999,189276829.22089670,176606,4772.28100000,93024796.70372200,0
1666710000000,19492.07000000,19814.25000000,19488.25000000,19751.36000000,15705.80488000,1666713599999,308805074.75615370,263329,8192.29986000,161078963.25673140,0
1666713600000,19752.38000000,19845.00000000,19718.25000000,19814.48000000,12322.84969000,1666717199999,243800654.90625300,206298,6305.03082000,124746635.05731230,0
1666717200000,19815.00000000,20195.00000000,19812.30000000,20122.00000000,20071.25526000,1666720799999,401908410.95147220,318053,10186.64720000,203975787.27410060,0
1666720800000,20122.00000000,20421.37000000,20081.53000000,20276.95000000,15977.28062000,1666724399999,323657941.24492420,275526,8197.27586000,166063624.09357750,0
1666724400000,20275.43000000,20420.00000000,20209.05000000,20279.55000000,11426.78371000,1666727999999,232026174.36806970,217672,5820.75454000,118197132.63390360,0
1666728000000,20280.07000000,20301.44000000,20016.00000000,20193.59000000,13531.76401000,1666731599999,272307806.53759370,229130,6828.95083000,137432797.34810070,0
1666731600000,20193.67000000,20276.05000000,20105.00000000,20238.98000000,5237.91847000,1666735199999,105631228.28526170,109731,2670.17887000,53848091.48425510,0
1666735200000,20238.97000000,20242.56000000,19985.32000000,20069.03000000,5149.52316000,1666738799999,103465659.02417720,118878,2459.79709000,49424730.92606790,0
1666738800000,20069.22000000,20137.23000000,20044.51000000,20084.30000000,4008.08456000,1666742399999,80525068.95003380,96783,2003.48326000,40250749.81654330,0
1666742400000,20085.25000000,20180.98000000,20055.21000000,20171.03000000,6448.11223000,1666745999999,129732268.16410180,130237,3286.89790000,66134655.36013070,0
1666746000000,20170.70000000,20299.32000000,20081.28000000,20234.90000000,6692.51984000,1666749599999,135181902.54050020,139646,3427.83332000,69244718.06672800,0
1666749600000,20235.49000000,20259.37000000,20177.03000000,20216.85000000,4956.61566000,1666753199999,100189074.60582390,104476,2505.98594000,50655295.03822290,0
1666753200000,20216.31000000,20312.65000000,20186.75000000,20255.25000000,4973.54035000,1666756799999,100717052.39711800,103793,2491.58520000,50457029.15110650,0
1666756800000,20256.09000000,20282.43000000,20185.00000000,20209.00000000,4716.08829000,1666760399999,95472935.86913350,97117,2325.66504000,47083949.78687740,0
1666760400000,20208.47000000,20238.81000000,20137.21000000,20192.34000000,4674.60418000,1666763999999,94330574.17190500,101867,2333.58362000,47090915.61039430,0
1666764000000,20192.38000000,20259.58000000,20172.74000000,20222.11000000,5317.81142000,1666767599999,107485385.31603110,114394,2731.48610000,55211301.17868340,0
1666767600000,20222.06000000,20386.79000000,20203.00000000,20349.61000000,8739.51840000,1666771199999,177347813.40629470,173231,4492.67775000,91171567.49361710,0
1666771200000,20350.72000000,20787.00000000,20286.81000000,20678.99000000,14522.10731000,1666774799999,298164226.33619210,268777,7663.91609000,157357999.40989500,0
1666774800000,20678.60000000,20725.43000000,20550.00000000,20598.04000000,8923.21156000,1666778399999,184146599.04937380,175820,4456.07795000,91959315.99360330,0
1666778400000,20598.13000000,20690.80000000,20542.54000000,20673.97000000,6531.21391000,1666781999999,134735150.97221020,132283,3272.41083000,67511794.28070800,0
1666782000000,20673.73000000,20754.91000000,20575.00000000,20612.03000000,7556.93743000,1666785599999,156088014.48572330,140587,3619.06114000,74755693.06249720,0
1666785600000,20612.03000000,20624.83000000,20427.72000000,20552.92000000,8923.89998000,1666789199999,183392406.55733630,169237,4408.12457000,90600187.74510400,0
1666789200000,20552.94000000,20620.32000000,20341.58000000,20555.00000000,12951.28564000,1666792799999,265542319.97954370,237436,6539.31897000,134083761.57712540,0
1666792800000,20555.96000000,21049.98000000,20555.96000000,20838.35000000,22240.78999000,1666796399999,463047091.12912110,353551,11343.49928000,236162885.40733430,0
1666796400000,20838.34000000,20942.56000000,20787.67000000,20851.36000000,9954.44365000,1666799999999,207783598.89585460,185819,4955.99021000,103453089.93544620,0
1666800000000,20851.35000000,20999.39000000,20718.53000000,20765.45000000,11155.94693000,1666803599999,232653375.83290660,187653,5571.77071000,116209759.30203750,0
1666803600000,20765.18000000,20838.78000000,20673.76000000,20827.05000000,8397.66284000,1666807199999,174259684.90681270,152955,4380.03533000,90894860.59314620,0
1666807200000,20826.98000000,20873.29000000,20658.93000000,20701.00000000,7245.60267000,1666810799999,150598686.86093060,139122,3626.35151000,75384783.41688430,0
1666810800000,20701.26000000,20795.30000000,20642.88000000,20770.45000000,5448.47065000,1666814399999,112911957.88493410,122012,2893.07977000,59959285.42727450,0
1666814400000,20770.45000000,20866.00000000,20698.05000000,20749.91000000,6401.55823000,1666817999999,132948907.56962070,130384,3264.04030000,67792243.17586030,0
1666818000000,20750.92000000,20767.00000000,20705.89000000,20744.22000000,2323.44423000,1666821599999,48196286.36044190,63335,1206.55360000,25028064.17717790,0
1666821600000,20744.24000000,20910.00000000,20702.51000000,20823.39000000,5290.65152000,1666825199999,110134480.96781520,116381,2624.45412000,54636328.74076210,0
1666825200000,20822.23000000,20914.45000000,20742.00000000,20776.50000000,3633.17387000,1666828799999,75660869.72182150,90773,1819.66753000,37896328.75206850,0
1666828800000,20775.00000000,20853.55000000,20721.28000000,20760.36000000,4672.08392000,1666832399999,97070606.35872960,105374,2374.63375000,49339631.02491790,0
1666832400000,20760.11000000,20808.24000000,20705.64000000,20730.75000000,4355.19863000,1666835999999,90393460.42056280,94024,2193.67027000,45532327.10135990,0
1666836000000,20729.89000000,20801.10000000,20682.88000000,20690.80000000,4534.46500000,1666839599999,94167069.34353370,99606,2195.21053000,45590625.43707590,0
1666839600000,20690.35000000,20777.81000000,20589.80000000,20760.69000000,6546.53916000,1666843199999,135574925.46896710,129838,3293.09141000,68203495.17947780,0
1666843200000,20761.00000000,20876.80000000,20738.63000000,20805.39000000,3781.52854000,1666846799999,78652763.58129050,86362,1929.88356000,40140602.15648690,0
1666846800000,20806.07000000,20877.49000000,20790.00000000,20810.56000000,4013.85588000,1666850399999,83612665.07374540,92961,2029.55115000,42277336.21643740,0
1666850400000,20809.54000000,20845.82000000,20709.45000000,20722.97000000,4905.02696000,1666853999999,101919515.72002920,105802,2325.59650000,48325912.85927430,0
1666854000000,20723.05000000,20775.00000000,20685.01000000,20715.04000000,5539.37604000,1666857599999,114816919.73997970,114681,2735.61830000,56704088.90794850,0
1666857600000,20715.56000000,20755.15000000,20688.00000000,20714.56000000,5295.83201000,1666861199999,109737965.52879950,98718,2716.44036000,56291027.59090890,0
1666861200000,20713.92000000,20715.22000000,20525.13000000,20614.03000000,7095.04149000,1666864799999,146381895.39362960,137050,3416.98163000,70498864.91491210,0
1666864800000,20614.29000000,20625.26000000,20456.53000000,20552.73000000,6895.03037000,1666868399999,141737570.14967500,136581,3345.01524000,68763492.90935180,0
1666868400000,20552.62000000,20639.01000000,20534.00000000,20624.51000000,5887.04005000,1666871999999,121212091.81748670,120301,2986.36910000,61492307.12677240,0
1666872000000,20624.40000000,20774.61000000,20500.00000000,20727.35000000,12733.42080000,1666875599999,262783792.71325370,241639,6479.20031000,133725953.40426150,0
1666875600000,20726.02000000,20745.66000000,20433.00000000,20527.10000000,11368.30795000,1666879199999,234613462.99511570,212764,5490.33004000,113321299.25631510,0
1666879200000,20527.05000000,20735.00000000,20497.65000000,20569.79000000,11013.66059000,1666882799999,227237034.62056440,201362,5622.46210000,116010629.16807330,0
1666882800000,20570.00000000,20668.40000000,20542.18000000,20564.52000000,7600.09057000,1666886399999,156570786.14562670,142606,3758.61397000,77432795.17513090,0
1666886400000,20565.08000000,20602.60000000,20500.00000000,20572.84000000,5710.89896000,1666889999999,117434125.61519010,106878,2894.78897000,59528383.01484840,0
1666890000000,20573.01000000,20649.26000000,20548.10000000,20585.28000000,5309.20646000,1666893599999,109388714.42886630,94635,2739.95188000,56455071.27515340,0
1666893600000,20584.13000000,20601.35000000,20550.24000000,20583.55000000,3361.96954000,1666897199999,69184260.99913450,67324,1690.49351000,34788689.97198900,0
1666897200000,20583.59000000,20683.10000000,20581.00000000,20632.19000000,4971.66109000,1666900799999,102616442.28254200,97336,2566.01633000,52963315.20262180,0
1666900800000,20632.00000000,20640.00000000,20244.35000000,20396.79000000,15386.17399000,1666904399999,314263442.40875900,233568,7538.85743000,153993422.41194630,0
1666904400000,20397.76000000,20414.73000000,20319.82000000,20408.66000000,3355.96808000,1666907999999,68349834.69999380,64651,1714.76172000,34924110.01599560,0
1666908000000,20408.54000000,20427.18000000,20198.59000000,20270.34000000,4844.49754000,1666911599999,98504520.00222120,91600,2348.91710000,47763668.16373400,0
1666911600000,20270.14000000,20302.84000000,20202.57000000,20295.20000000,3899.54918000,1666915199999,79051543.63161240,77538,1953.89464000,39610846.02648130,0
1666915200000,20296.12000000,20340.56000000,20159.55000000,20283.87000000,7301.41927000,1666918799999,148074151.76070350,120907,3596.43748000,72939993.63535680,0
1666918800000,20284.97000000,20329.25000000,20225.80000000,20324.45000000,4103.57182000,1666922399999,83177602.80638350,81542,2078.22167000,42126378.46082900,0
1666922400000,20323.04000000,20325.31000000,20183.50000000,20224.88000000,5236.74734000,1666925999999,106043903.21691550,99525,2620.30330000,53061059.56410640,0
1666926000000,20225.11000000,20299.77000000,20208.06000000,20295.71000000,3002.26126000,1666929599999,60820190.73372470,65879,1560.14028000,31605575.12369980,0
1666929600000,20295.71000000,20309.84000000,20245.40000000,20254.06000000,2914.94297000,1666933199999,59126093.93594120,61461,1451.78410000,29447801.85322210,0
1666933200000,20253.86000000,20293.95000000,20220.00000000,20289.00000000,3882.11969000,1666936799999,78628789.29815900,78229,1955.58225000,39609862.88699620,0
1666936800000,20289.01000000,20313.57000000,20254.35000000,20261.77000000,3227.40135000,1666940399999,65452822.63558340,73571,1613.90014000,32731393.77227850,0
1666940400000,20261.75000000,20271.33000000,20060.00000000,20082.63000000,7921.00011000,1666943999999,159749894.33286850,143475,3717.58093000,74979917.05623000,0
1666944000000,20081.97000000,20213.14000000,20030.00000000,20185.22000000,7228.53502000,1666947599999,145522405.52408730,136665,3692.20467000,74337295.29880880,0
1666947600000,20185.66000000,20237.06000000,20154.80000000,20206.40000000,3722.40138000,1666951199999,75182009.44584770,80761,1824.11991000,36844548.37464150,0
1666951200000,20206.47000000,20253.19000000,20134.00000000,20178.97000000,3949.53330000,1666954799999,79763668.68011430,85859,1934.63947000,39073000.70115350,0
1666954800000,20179.73000000,20214.00000000,20117.60000000,20177.97000000,3861.51908000,1666958399999,77892049.43163640,84614,1921.14934000,38754456.93886050,0
1666958400000,20178.00000000,20300.00000000,20000.00000000,20211.88000000,8430.71433000,1666961999999,170206541.71531660,186920,4167.24148000,84156872.78112620,0
1666962000000,20212.36000000,20591.22000000,20188.21000000,20473.71000000,11584.18524000,1666965599999,236586152.04727100,221939,5931.32143000,121146724.04664680,0
1666965600000,20473.72000000,20567.27000000,20332.02000000,20502.55000000,11093.27422000,1666969199999,227053951.75648890,192531,5596.88589000,114565047.68041240,0
1666969200000,20501.26000000,20543.35000000,20414.94000000,20487.56000000,6135.12813000,1666972799999,125639442.28721360,115724,3066.69382000,62802503.21239670,0
1666972800000,20487.21000000,20756.06000000,20452.44000000,20708.04000000,9871.52314000,1666976399999,203677275.24452840,180195,4973.85181000,102628784.46513910,0
1666976400000,20707.01000000,20738.28000000,20630.63000000,20633.26000000,5502.08374000,1666979999999,113863111.63591890,109451,2684.00776000,55547127.46714290,0
1666980000000,20633.34000000,20670.16000000,20583.01000000,20631.58000000,4010.59196000,1666983599999,82755961.61974240,89269,1977.93308000,40815126.20405160,0
1666983600000,20633.00000000,20637.77000000,20545.20000000,20612.48000000,3639.91580000,1666987199999,74936966.28192460,81812,1886.57757000,38841163.83869190,0
1666987200000,20611.91000000,20740.96000000,20607.37000000,20633.96000000,3641.19327000,1666990799999,75254484.59830200,87525,1897.28634000,39211480.74658320,0
1666990800000,20633.94000000,20669.99000000,20570.00000000,20600.00000000,2154.69188000,1666994399999,44451811.09182010,56857,1162.50411000,23982574.46334790,0
1666994400000,20599.03000000,20643.11000000,20581.69000000,20635.23000000,1970.46596000,1666997999999,40619656.65175840,49821,1034.38673000,21323461.71034580,0
1666998000000,20635.12000000,20640.53000000,20581.30000000,20596.41000000,1529.28035000,1667001599999,31515678.43500190,38381,815.90411000,16814249.45310630,0
1667001600000,20596.43000000,20636.36000000,20557.67000000,20628.32000000,2620.35609000,1667005199999,53947017.25325950,64848,1375.23757000,28313749.62793640,0
1667005200000,20628.10000000,20649.37000000,20609.24000000,20633.98000000,1810.70915000,1667008799999,37355019.45424580,44600,925.87947000,19101707.38113690,0
1667008800000,20634.40000000,20787.72000000,20630.42000000,20741.76000000,5111.09374000,1667012399999,105872313.14767030,98730,2718.41868000,56309547.68061110,0
1667012400000,20740.87000000,20836.77000000,20694.04000000,20760.47000000,4984.46750000,1667015999999,103489051.35001970,107134,2518.36516000,52288986.46154570,0
1667016000000,20759.36000000,20777.68000000,20664.61000000,20684.90000000,3245.26546000,1667019599999,67183658.33075590,77174,1626.12272000,33664113.32619260,0
1667019600000,20684.90000000,20758.46000000,20626.10000000,20660.34000000,4718.07054000,1667023199999,97613629.53073670,91245,2417.65178000,50021080.62054560,0
1667023200000,20661.95000000,20721.00000000,20652.74000000,20694.89000000,2368.84246000,1667026799999,49015430.15567250,58763,1266.46055000,26205652.37082010,0
1667026800000,20693.03000000,20783.19000000,20671.11000000,20779.78000000,3992.67213000,1667030399999,82769277.64653430,89669,2149.06341000,44550317.25044180,0
1667030400000,20779.95000000,20989.33000000,20727.58000000,20929.00000000,9879.42347000,1667033999999,206337561.22039940,197428,4964.45971000,103685238.65228300,0
1667034000000,20929.00000000,20977.31000000,20882.15000000,20962.07000000,4591.60811000,1667037599999,96066924.53747620,102657,2278.90116000,47681641.29639520,0
1667037600000,20962.32000000,21090.75000000,20725.33000000,20782.49000000,9203.16648000,1667041199999,192440317.12222690,185860,4653.85199000,97333108.94282130,0
1667041200000,20781.96000000,20813.35000000,20653.38000000,20706.09000000,5446.20984000,1667044799999,112924738.55430340,113078,2659.82191000,55152731.10667160,0
1667044800000,20706.09000000,20785.62000000,20684.31000000,20776.39000000,4295.12104000,1667048399999,89132869.12518750,89544,2205.54147000,45769895.46699560,0
1667048400000,20777.89000000,20794.65000000,20695.93000000,20787.01000000,4177.64529000,1667051999999,86634523.17203280,81168,2101.81980000,43588114.93463690,0
1667052000000,20784.93000000,20944.57000000,20758.75000000,20811.23000000,7395.16338000,1667055599999,154107363.54215960,130342,3723.38692000,77591664.63405560,0
1667055600000,20812.94000000,20955.00000000,20800.00000000,20930.22000000,6591.15664000,1667059199999,137641857.35076710,119657,3290.33558000,68710526.50809300,0
1667059200000,20930.14000000,20977.75000000,20856.01000000,20867.95000000,5955.44765000,1667062799999,124532321.56415450,124673,3025.20065000,63259772.23638150,0
1667062800000,20868.07000000,20991.00000000,20788.74000000,20817.29000000,6062.93079000,1667066399999,126685556.33562230,121802,3076.71072000,64290567.10870430,0
1667066400000,20817.44000000,20880.83000000,20764.50000000,20861.53000000,4910.25135000,1667069999999,102283878.29551160,94264,2469.51167000,51444384.29316380,0
1667070000000,20861.59000000,20870.00000000,20800.00000000,20844.04000000,2986.49392000,1667073599999,62218225.74826430,61612,1448.69073000,30180054.30820550,0
1667073600000,20843.97000000,20883.60000000,20827.53000000,20857.26000000,2133.82627000,1667077199999,44503199.30587770,53001,1077.64658000,22476376.55737020,0
1667077200000,20858.79000000,20906.06000000,20844.00000000,20851.21000000,1740.91955000,1667080799999,36355677.48175030,43430,934.15414000,19507802.06286440,0
1667080800000,20851.21000000,20870.24000000,20709.71000000,20762.74000000,3845.00445000,1667084399999,79892953.75295860,86874,1808.14916000,37569693.57530100,0
1667084400000,20762.32000000,20824.99000000,20732.77000000,20816.93000000,2105.33849000,1667087999999,43758921.69222640,55124,1231.44275000,25598289.01177780,0
1667088000000,20816.76000000,20847.44000000,20706.51000000,20716.37000000,3599.32756000,1667091599999,74749287.56741150,78799,1750.74788000,36361377.57235570,0
1667091600000,20716.71000000,20789.32000000,20706.84000000,20783.27000000,2228.95169000,1667095199999,46252781.39335620,56737,1125.48818000,23355400.05032970,0
1667095200000,20784.00000000,20803.50000000,20750.01000000,20759.72000000,2379.43477000,1667098799999,49434071.15744540,54035,1253.43058000,26041817.10011770,0
1667098800000,20759.20000000,20810.64000000,20758.05000000,20781.94000000,2320.35795000,1667102399999,48226321.54694700,50150,1244.04269000,25856928.69785130,0
1667102400000,20781.94000000,20794.51000000,20750.02000000,20750.32000000,2083.11387000,1667105999999,43264549.71743710,49337,1107.18315000,22996359.47694320,0
1667106000000,20750.48000000,20813.00000000,20750.03000000,20809.22000000,2418.27112000,1667109599999,50265364.53307830,56704,1332.04671000,27687368.27623150,0
1667109600000,20810.39000000,20917.26000000,20796.01000000,20895.55000000,4247.10753000,1667113199999,88604371.46707880,88990,2235.87132000,46646225.02837920,0
1667113200000,20897.04000000,20936.66000000,20827.82000000,20855.23000000,3636.64057000,1667116799999,75938362.21155330,82177,1737.23977000,36278242.36079220,0
1667116800000,20854.94000000,20891.07000000,20723.33000000,20788.32000000,5156.72207000,1667120399999,107257960.65442310,99491,2558.00502000,53203964.66194060,0
1667120400000,20788.37000000,20828.48000000,20645.31000000,20699.58000000,5336.92484000,1667123999999,110674621.63434090,106490,2543.28659000,52741778.73609740,0
1667124000000,20699.59000000,20724.45000000,20637.05000000,20690.95000000,3932.49121000,1667127599999,81362415.64409090,85740,1994.23381000,41261268.40590850,0
1667127600000,20691.79000000,20793.00000000,20666.18000000,20774.92000000,4154.07104000,1667131199999,86121563.32055700,83075,2159.77117000,44775408.83595550,0
1667131200000,20774.95000000,20786.76000000,20679.94000000,20731.33000000,3476.78256000,1667134799999,72076148.16610890,75985,1717.24607000,35601736.91230730,0
1667134800000,20731.32000000,20739.27000000,20618.29000000,20654.40000000,4719.96748000,1667138399999,97631022.96579040,99659,2189.19369000,45287171.78459460,0
1667138400000,20654.67000000,20746.91000000,20629.97000000,20743.26000000,3511.00903000,1667141999999,72694101.67432230,82495,1799.33495000,37255545.95337750,0
1667142000000,20743.65000000,20750.00000000,20645.51000000,20681.74000000,3085.20517000,1667145599999,63847219.80531040,75940,1535.82995000,31785051.86631650,0
1667145600000,20682.59000000,20705.55000000,20553.00000000,20603.47000000,4623.84016000,1667149199999,95457905.16238700,99440,2137.11344000,44122178.41366860,0
1667149200000,20603.49000000,20674.01000000,20566.68000000,20663.74000000,3288.19919000,1667152799999,67819740.90917510,74798,1699.98292000,35063969.38925380,0
1667152800000,20663.73000000,20703.75000000,20644.77000000,20683.88000000,1948.32460000,1667156399999,40276116.17525270,53359,986.60215000,20395901.91336930,0
1667156400000,20683.43000000,20701.50000000,20636.82000000,20652.58000000,1709.39541000,1667159999999,35341580.00097450,45315,835.94803000,17284142.60374940,0
1667160000000,20652.11000000,20748.00000000,20651.03000000,20687.97000000,2037.96628000,1667163599999,42193818.71875780,49167,1052.88951000,21799009.31134090,0
1667163600000,20687.98000000,20715.13000000,20670.24000000,20693.40000000,1197.62160000,1667167199999,24784086.15392580,36932,624.30972000,12920167.91018140,0
1667167200000,20693.40000000,20701.64000000,20515.00000000,20590.06000000,4535.94075000,1667170799999,93380034.89974270,102564,2196.21896000,45213304.30660120,0
1667170800000,20589.45000000,20641.84000000,20553.83000000,20630.12000000,2421.09202000,1667174399999,49877549.36506890,59063,1264.09996000,26042222.29591060,0
1667174400000,20629.94000000,20678.15000000,20540.00000000,20548.40000000,4086.42702000,1667177999999,84183580.55991260,96465,2005.05119000,41309915.45124610,0
1667178000000,20546.88000000,20578.32000000,20459.11000000,20526.97000000,4059.48265000,1667181599999,83358076.14083820,91148,1946.80237000,39978588.34414550,0
1667181600000,20526.97000000,20546.47000000,20432.82000000,20475.92000000,3928.32398000,1667185199999,80425560.44721170,90732,1928.78985000,39489547.67128170,0
1667185200000,20475.89000000,20534.37000000,20465.38000000,20520.65000000,2911.25546000,1667188799999,59679054.97556110,66422,1427.72024000,29268280.75008110,0
1667188800000,20520.88000000,20581.59000000,20514.00000000,20567.57000000,2879.02215000,1667192399999,59144006.97180170,62979,1495.78747000,30729200.89143440,0
1667192400000,20567.57000000,20598.00000000,20529.96000000,20548.07000000,2623.28062000,1667195999999,53961268.94897180,63771,1288.71539000,26510109.91703000,0
1667196000000,20548.60000000,20569.25000000,20459.59000000,20520.30000000,3789.66453000,1667199599999,77701239.44943480,85613,1859.00749000,38116990.51267600,0
1667199600000,20520.32000000,20553.57000000,20465.01000000,20551.58000000,2547.05467000,1667203199999,52244553.71294970,66572,1298.95012000,26644798.31760140,0
1667203200000,20552.20000000,20553.61000000,20454.24000000,20491.29000000,3794.13310000,1667206799999,77748526.49595940,94959,1868.38664000,38287059.79501080,0
1667206800000,20490.51000000,20738.92000000,20467.99000000,20715.89000000,6151.01594000,1667210399999,126762767.70457160,135768,3234.60446000,66658499.87333620,0
1667210400000,20716.72000000,20842.25000000,20688.14000000,20748.96000000,6963.77727000,1667213999999,144564754.70655610,141172,3567.15991000,74054754.20612790,0
1667214000000,20748.81000000,20820.00000000,20714.66000000,20730.82000000,4861.75439000,1667217599999,100944888.30750290,111122,2492.10736000,51745185.47933400,0
1667217600000,20730.82000000,20749.95000000,20644.34000000,20699.22000000,5927.64350000,1667221199999,122753953.26001540,132656,2923.55605000,60545289.95072640,0
1667221200000,20699.23000000,20754.64000000,20310.00000000,20335.40000000,11508.02007000,1667224799999,237244145.24300300,210076,5531.23180000,114079409.41108230,0
1667224800000,20337.77000000,20476.83000000,20240.00000000,20336.57000000,13270.02044000,1667228399999,269862688.85495730,238077,6459.44129000,131386599.93729250,0
1667228400000,20334.52000000,20461.46000000,20287.73000000,20400.24000000,7408.34743000,1667231999999,150907143.43350730,140620,3667.15532000,74698263.88804260,0
1667232000000,20402.13000000,20529.20000000,20327.94000000,20370.91000000,8361.92136000,1667235599999,170741898.78213040,149361,4196.85006000,85699613.21756500,0
1667235600000,20370.68000000,20424.24000000,20343.89000000,20373.11000000,3683.43631000,1667239199999,75095845.29574870,84529,1889.80559000,38529390.92441830,0
1667239200000,20373.97000000,20470.02000000,20355.44000000,20434.20000000,3635.34413000,1667242799999,74224854.96715490,80667,1885.67123000,38502729.88004910,0
1667242800000,20434.66000000,20438.43000000,20360.00000000,20371.45000000,3921.35588000,1667246399999,79979492.89028010,86179,1967.20637000,40124548.07795280,0
1667246400000,20371.75000000,20440.96000000,20352.94000000,20401.21000000,2534.93114000,1667249999999,51704958.28646200,63565,1213.93792000,24760925.40485000,0
1667250000000,20401.43000000,20428.50000000,20387.53000000,20405.26000000,1569.97176000,1667253599999,32039941.03325650,47973,849.42335000,17335294.20425570,0
1667253600000,20405.20000000,20500.00000000,20372.66000000,20477.19000000,3825.13388000,1667257199999,78194387.78634450,81688,1995.31860000,40790842.53324020,0
1667257200000,20476.74000000,20521.83000000,20459.41000000,20488.43000000,2613.12819000,1667260799999,53536654.72760200,59812,1446.34424000,29632769.82626740,0
