1669852800000,17165.39000000,17236.16000000,17117.31000000,17163.22000000,8770.71772000,1669856399999,150677849.22998540,174114,4399.07537000,75573761.73683500,0
1669856400000,17163.45000000,17171.53000000,17107.36000000,17116.69000000,5513.67867000,1669859999999,94483248.00165820,125252,2740.42018000,46962685.48510410,0
1669860000000,17116.58000000,17143.67000000,17088.88000000,17125.06000000,4848.83882000,1669863599999,83011582.77811210,93084,2464.53185000,42194025.12752730,0
1669863600000,17125.04000000,17170.17000000,17120.92000000,17152.80000000,4692.32150000,1669867199999,80462370.43895320,93431,2346.45919000,40237394.67133900,0
1669867200000,17152.64000000,17169.00000000,17130.16000000,17143.88000000,4493.26776000,1669870799999,77065788.28824900,85618,2230.35838000,38254558.29629650,0
1669870800000,17142.89000000,17152.83000000,17061.00000000,17111.81000000,5240.64221000,1669874399999,89709302.85497450,99627,2577.33368000,44119591.56992680,0
1669874400000,17111.82000000,17130.85000000,17086.46000000,17121.31000000,3765.25390000,1669877999999,64417532.48991580,67776,1858.04119000,31789091.49091000,0
1669878000000,17120.99000000,17125.00000000,17061.88000000,17069.68000000,4357.55809000,1669881599999,74534828.92439660,70495,2169.34734000,37106360.74446300,0
1669881600000,17069.92000000,17136.41000000,17055.19000000,17110.92000000,5514.31369000,1669885199999,94254530.97175240,97557,2805.43584000,47953561.04180780,0
1669885200000,17110.90000000,17117.66000000,17085.20000000,17111.70000000,4861.09566000,1669888799999,83127159.85742650,80785,2484.81064000,42492585.22089950,0
1669888800000,17111.65000000,17113.14000000,17086.03000000,17095.38000000,4004.82236000,1669892399999,68485231.61437640,68796,2013.37693000,34430922.17357860,0
1669892400000,17095.38000000,17106.75000000,17040.00000000,17103.24000000,5361.84151000,1669895999999,91576448.49457960,88600,2696.36507000,46053038.70404040,0
1669896000000,17102.77000000,17158.53000000,17100.27000000,17138.07000000,6522.55909000,1669899599999,111712223.76159440,116140,3377.53719000,57848560.13313200,0
1669899600000,17137.12000000,17320.00000000,16975.20000000,17090.70000000,16902.71583000,1669903199999,289428696.62463590,266074,8304.72943000,142224489.48560250,0
1669903200000,17089.93000000,17144.11000000,17025.80000000,17105.64000000,11332.82937000,1669906799999,193477773.18127680,212865,5724.25045000,97729380.88971470,0
1669906800000,17105.64000000,17156.15000000,16895.84000000,16977.58000000,14117.56901000,1669910399999,239948081.14668740,248414,6760.67020000,114905609.44171780,0
1669910400000,16978.52000000,17001.14000000,16920.58000000,16982.50000000,7205.66614000,1669913999999,122269435.88549800,131268,3480.94079000,59071067.31066840,0
1669914000000,16983.32000000,16992.98000000,16928.04000000,16968.97000000,5258.12372000,1669917599999,89209321.69967540,106140,2639.00043000,44774205.19219620,0
1669917600000,16968.75000000,16975.99000000,16900.80000000,16933.02000000,4910.81025000,1669921199999,83223380.21797980,92249,2422.99980000,41063887.61157330,0
1669921200000,16932.91000000,16962.60000000,16900.00000000,16953.47000000,4511.22806000,1669924799999,76397818.44150720,86907,2342.49345000,39672234.52938010,0
1669924800000,16952.74000000,16967.92000000,16910.00000000,16917.69000000,4001.31551000,1669928399999,67791523.95936780,66586,1978.32258000,33518710.26630930,0
1669928400000,16917.80000000,16940.53000000,16845.86000000,16926.22000000,4645.52511000,1669931999999,78532670.99802930,86738,2266.82565000,38323915.69405580,0
1669932000000,16926.17000000,16986.92000000,16921.92000000,16967.78000000,3632.17852000,1669935599999,61586901.42982640,63451,1819.34201000,30847560.29512890,0
1669935600000,16967.79000000,16981.10000000,16942.27000000,16978.46000000,4055.28257000,1669939199999,68781848.64284360,69490,1998.18354000,33892272.73587410,0
1669939200000,16978.38000000,17050.00000000,16952.06000000,17038.52000000,6037.05690000,1669942799999,102542442.49193410,109833,3045.41455000,51730563.06270780,0
1669942800000,17038.53000000,17048.55000000,16870.00000000,16926.54000000,8070.37802000,1669946399999,136858009.34608470,157425,3862.94033000,65503841.99963710,0
1669946400000,16926.95000000,16943.11000000,16858.45000000,16921.49000000,6282.41112000,1669949999999,106225040.21516350,133465,3142.71810000,53138133.48110460,0
1669950000000,16921.07000000,16931.96000000,16891.08000000,16903.73000000,3379.11977000,1669953599999,57146090.79922780,77358,1678.08758000,28379618.76257880,0
1669953600000,16903.72000000,16935.02000000,16882.10000000,16929.84000000,3509.96734000,1669957199999,59359914.16647220,69395,1816.09856000,30713913.51155920,0
1669957200000,16929.86000000,16946.31000000,16924.00000000,16936.85000000,3101.54984000,1669960799999,52529055.65089580,54007,1595.19950000,27017258.13528960,0
1669960800000,16936.64000000,16955.00000000,16909.00000000,16912.68000000,3596.17416000,1669964399999,60892595.49969980,61969,1790.11564000,30312222.04675750,0
1669964400000,16912.14000000,16978.00000000,16908.78000000,16957.34000000,4834.35270000,1669967999999,81914920.58594440,78516,2590.72574000,43896632.05700380,0
1669968000000,16957.34000000,16973.38000000,16938.24000000,16965.37000000,3957.36024000,1669971599999,67110284.64571290,68885,2055.68241000,34861533.76468610,0
1669971600000,16965.24000000,16991.00000000,16957.20000000,16965.95000000,3935.82926000,1669975199999,66800499.68025250,64609,2003.39961000,34003128.81593200,0
1669975200000,16965.62000000,16979.54000000,16949.45000000,16971.21000000,3577.17443000,1669978799999,60679130.51329980,61026,1869.47235000,31712055.45743680,0
1669978800000,16971.08000000,17050.00000000,16957.00000000,16997.89000000,7894.62768000,1669982399999,134173897.50823590,122135,4132.45039000,70235411.54815800,0
1669982400000,16997.99000000,17048.96000000,16986.62000000,17031.80000000,5471.00098000,1669985999999,93101056.54292400,96700,2866.19234000,48774951.94588410,0
1669986000000,17032.75000000,17106.55000000,16784.94000000,16892.18000000,16886.91651000,1669989599999,286081390.65550950,287767,8209.60084000,139102234.84432970,0
1669989600000,16892.15000000,16991.19000000,16858.13000000,16910.46000000,8097.93856000,1669993199999,136984690.16395890,154394,4076.13017000,68957650.31603810,0
1669993200000,16911.39000000,16981.97000000,16895.01000000,16939.88000000,6543.86877000,1669996799999,110853885.23856050,118403,3295.59257000,55829032.93420130,0
1669996800000,16939.87000000,16949.00000000,16903.13000000,16936.90000000,4828.74724000,1670000399999,81718222.03616390,93854,2313.09050000,39146319.72268760,0
1670000400000,16937.00000000,16974.07000000,16928.90000000,16936.24000000,4665.30384000,1670003999999,79078851.50472340,80367,2290.81673000,38831287.72334320,0
1670004000000,16937.03000000,16968.02000000,16933.88000000,16954.88000000,3978.02434000,1670007599999,67425334.06576240,62097,2066.64203000,35029476.32060540,0
1670007600000,16955.49000000,16998.29000000,16931.84000000,16988.29000000,4413.72296000,1670011199999,74874088.54227870,67153,2283.77849000,38742882.39056320,0
1670011200000,16988.64000000,17059.26000000,16979.20000000,17032.27000000,4945.97156000,1670014799999,84091228.28779150,80519,2585.84303000,43965674.25950170,0
1670014800000,17032.07000000,17050.86000000,16995.21000000,17013.43000000,3702.03116000,1670018399999,63019711.00889190,65620,1844.12678000,31393579.24046830,0
1670018400000,17013.67000000,17078.85000000,17012.12000000,17044.04000000,2934.25248000,1670021999999,50016604.02901280,46917,1512.12332000,25775065.45234320,0
1670022000000,17043.82000000,17097.88000000,17043.55000000,17093.88000000,4601.42479000,1670025599999,78554189.37253560,74284,2477.35819000,42294678.09161270,0
1670025600000,17093.53000000,17159.48000000,17038.70000000,17049.00000000,7150.99397000,1670029199999,122126668.64892530,122769,3569.54780000,60965239.89498010,0
1670029200000,17049.42000000,17057.04000000,17013.60000000,17051.82000000,3366.89403000,1670032799999,57365229.66841710,72567,1690.74097000,28807676.06888220,0
1670032800000,17051.82000000,17060.45000000,17014.32000000,17030.35000000,3594.59714000,1670036399999,61210871.58591780,76370,1799.49576000,30643432.51123350,0
1670036400000,17030.80000000,17034.08000000,17012.01000000,17022.67000000,3056.91132000,1670039999999,52038910.13950980,68284,1570.76790000,26740014.04684250,0
1670040000000,17022.69000000,17037.44000000,17010.37000000,17016.45000000,3317.53194000,1670043599999,56475221.17994390,67323,1673.05098000,28481437.51515470,0
1670043600000,17016.48000000,17029.00000000,17012.97000000,17018.32000000,2909.87303000,1670047199999,49526496.63407060,58948,1466.55489000,24961409.54555230,0
1670047200000,17018.33000000,17020.33000000,16946.00000000,16977.85000000,5616.61397000,1670050799999,95352802.97335140,93610,2785.94249000,47294303.05906440,0
1670050800000,16977.61000000,16985.71000000,16927.70000000,16966.11000000,4621.22376000,1670054399999,78369420.52292630,88779,2359.44768000,40013050.89930220,0
1670054400000,16966.78000000,16970.00000000,16916.29000000,16948.41000000,4735.35221000,1670057999999,80273985.13670540,83142,2331.15999000,39519053.02121550,0
1670058000000,16948.41000000,16987.68000000,16932.78000000,16980.75000000,4577.28464000,1670061599999,77657670.45475710,82847,2470.62783000,41916977.31109880,0
1670061600000,16980.68000000,16986.33000000,16953.51000000,16963.28000000,3069.47127000,1670065199999,52103585.55333130,48180,1490.07831000,25294098.47035740,0
1670065200000,16964.00000000,16965.14000000,16887.41000000,16945.32000000,4999.46864000,1670068799999,84655773.17715390,81699,2400.57463000,40648936.57873500,0
1670068800000,16945.32000000,16969.68000000,16931.87000000,16966.13000000,2985.29070000,1670072399999,50606953.59124120,52077,1577.91415000,26750125.52683640,0
1670072400000,16966.00000000,16967.10000000,16943.44000000,16954.44000000,3130.22228000,1670075999999,53079731.67473230,53750,1551.02953000,26301503.09594010,0
1670076000000,16954.85000000,16955.83000000,16923.05000000,16947.94000000,4031.69914000,1670079599999,68312978.15900530,61180,1967.00022000,33329680.79118630,0
1670079600000,16948.00000000,16982.97000000,16941.86000000,16962.91000000,3518.59865000,1670083199999,59682112.97300440,57545,1810.88499000,30716450.87454560,0
1670083200000,16962.46000000,16969.22000000,16946.00000000,16955.88000000,2526.29358000,1670086799999,42840159.77741740,44063,1286.55831000,21817853.96019350,0
1670086800000,16955.71000000,16984.00000000,16940.00000000,16972.08000000,3629.22645000,1670090399999,61557325.33526470,57869,1844.89054000,31293348.66413880,0
1670090400000,16972.12000000,16983.92000000,16952.50000000,16970.24000000,2451.77981000,1670093999999,41614269.67723880,38976,1247.98212000,21182645.73360150,0
1670094000000,16970.24000000,16973.07000000,16938.00000000,16954.35000000,2687.32520000,1670097599999,45572077.67463320,41842,1323.67084000,22447412.24469250,0
1670097600000,16954.35000000,16959.70000000,16913.00000000,16934.99000000,2703.09207000,1670101199999,45805675.71936900,41184,1327.30836000,22492919.35654830,0
1670101200000,16934.58000000,16952.37000000,16875.00000000,16949.21000000,4463.37007000,1670104799999,75509859.70420860,77190,2214.69584000,37467984.78835920,0
1670104800000,16948.47000000,16952.42000000,16861.53000000,16901.58000000,4176.69779000,1670108399999,70605890.54049140,78013,2002.94309000,33859637.19442610,0
1670108400000,16901.64000000,16919.00000000,16871.70000000,16886.96000000,2745.51885000,1670111999999,46398455.51199550,57643,1329.39624000,22466734.76602560,0
1670112000000,16886.81000000,16968.26000000,16881.01000000,16949.28000000,4723.18893000,1670115599999,80000903.24963360,86384,2475.86641000,41936744.62827730,0
1670115600000,16949.31000000,17049.58000000,16936.00000000,16967.92000000,5548.08748000,1670119199999,94242113.64327580,109655,2801.11575000,47582509.53725080,0
1670119200000,16968.12000000,16988.67000000,16946.43000000,16974.82000000,2915.76612000,1670122799999,49481392.60089050,70369,1487.79037000,25248683.19230810,0
1670122800000,16975.13000000,16981.12000000,16950.51000000,16960.67000000,2809.24145000,1670126399999,47662910.24899390,66175,1384.81885000,23495593.27979020,0
1670126400000,16960.65000000,17022.27000000,16960.05000000,17008.82000000,3703.78234000,1670129999999,62904416.07579080,65981,1927.91241000,32744580.76978540,0
1670130000000,17008.79000000,17071.90000000,17000.00000000,17016.02000000,5337.57107000,1670133599999,90934147.79631300,90863,2718.02431000,46307027.62231050,0
1670133600000,17016.05000000,17046.92000000,16995.48000000,16999.70000000,2971.78116000,1670137199999,50583960.87182210,58160,1448.23222000,24651637.21200830,0
1670137200000,17000.03000000,17017.10000000,16991.26000000,16997.22000000,2907.06426000,1670140799999,49426975.06493750,57056,1476.61633000,25106607.09187100,0
1670140800000,16997.24000000,17050.17000000,16976.96000000,17014.84000000,4886.35794000,1670144399999,83130606.92973670,84342,2485.53502000,42286838.76878840,0
1670144400000,17015.53000000,17035.00000000,17001.59000000,17002.81000000,3095.38921000,1670147999999,52681727.40798040,54239,1480.48139000,25197318.49838820,0
1670148000000,17002.50000000,17011.51000000,16992.89000000,17003.48000000,3197.53615000,1670151599999,54364985.29901980,60401,1591.33723000,27056519.81818390,0
1670151600000,17004.22000000,17008.25000000,16908.25000000,16951.66000000,5618.26961000,1670155199999,95264083.36703690,92598,2766.49836000,46908830.07566770,0
1670155200000,16951.73000000,16964.55000000,16928.95000000,16960.24000000,3670.92186000,1670158799999,62238127.64302480,76318,1847.88284000,31329993.93337470,0
1670158800000,16959.85000000,16962.62000000,16918.61000000,16948.28000000,3130.78923000,1670162399999,53051470.30332080,68596,1504.72081000,25497985.19263160,0
1670162400000,16948.70000000,17016.91000000,16933.49000000,17009.84000000,5123.25994000,1670165999999,86936420.36611160,92873,2691.90686000,45679938.77745060,0
1670166000000,17010.30000000,17069.68000000,17010.16000000,17031.58000000,6360.44434000,1670169599999,108374264.59153670,111317,3235.97290000,55138491.41717700,0
1670169600000,17031.67000000,17102.00000000,17005.99000000,17018.88000000,5179.45194000,1670173199999,88266943.75408260,98214,2591.42558000,44164843.98510990,0
1670173200000,17018.81000000,17061.90000000,16975.13000000,17055.38000000,3589.70273000,1670176799999,61054800.07011040,74931,1758.67383000,29913991.35556720,0
1670176800000,17054.60000000,17166.09000000,17037.09000000,17066.72000000,9185.92988000,1670180399999,157076053.06756380,159234,4598.91002000,78636244.46000050,0
1670180400000,17067.84000000,17106.85000000,17049.87000000,17088.63000000,4761.27482000,1670183999999,81342754.77156770,84757,2391.94991000,40866205.93929710,0
1670184000000,17088.60000000,17129.74000000,17070.00000000,17094.29000000,3019.15553000,1670187599999,51616504.26232540,60092,1516.22750000,25923007.02978770,0
1670187600000,17094.31000000,17123.40000000,17075.05000000,17112.45000000,2380.54597000,1670191199999,40691206.50178980,50165,1227.88657000,20989196.10958090,0
1670191200000,17112.49000000,17136.75000000,17078.68000000,17105.22000000,2115.87864000,1670194799999,36197705.42856070,44206,1072.15794000,18342355.63401840,0
1670194800000,17105.77000000,17208.60000000,17083.04000000,17109.11000000,6510.04425000,1670198399999,111515527.92994460,116822,3296.42591000,56469181.64440570,0
1670198400000,17108.73000000,17273.55000000,17080.00000000,17217.12000000,10441.32989000,1670201999999,179392769.85770170,187478,5390.19663000,92612413.78436510,0
1670202000000,17217.32000000,17305.58000000,17198.91000000,17272.81000000,7521.83628000,1670205599999,129679902.42184280,158296,3878.75273000,66872553.48870750,0
1670205600000,17272.39000000,17350.00000000,17237.19000000,17249.51000000,7400.36024000,1670209199999,127866060.51157720,156788,3881.29530000,67062009.94642380,0
1670209200000,17249.29000000,17279.78000000,17188.14000000,17200.06000000,6104.87169000,1670212799999,105185420.95961100,141169,2924.17309000,50384148.51800040,0
1670212800000,17200.06000000,17429.88000000,17193.85000000,17360.85000000,8496.29625000,1670216399999,146879792.88022420,164471,4450.74531000,76947901.14383590,0
1670216400000,17359.23000000,17410.85000000,17306.82000000,17342.55000000,8735.61712000,1670219999999,151588559.46093910,200026,4343.36806000,75371997.08273430,0
1670220000000,17342.78000000,17349.51000000,17287.64000000,17310.66000000,4586.89720000,1670223599999,79412519.24485950,106643,2247.17637000,38905315.83714520,0
1670223600000,17310.59000000,17366.38000000,17295.27000000,17315.91000000,5144.44284000,1670227199999,89126621.92243810,110901,2578.24346000,44666933.41589970,0
1670227200000,17315.99000000,17387.28000000,17302.15000000,17362.16000000,8756.98585000,1670230799999,151894488.18130060,182708,4423.65449000,76735179.47874220,0
1670230800000,17361.79000000,17365.56000000,17285.12000000,17306.53000000,3927.60644000,1670234399999,68048255.88525430,93403,1923.79224000,33332747.73575550,0
1670234400000,17306.57000000,17330.38000000,17285.35000000,17301.36000000,2810.48012000,1670237999999,48640910.90506690,67802,1421.93584000,24609737.69795440,0
1670238000000,17301.36000000,17317.96000000,17285.40000000,17312.56000000,3018.81858000,1670241599999,52221658.69418440,67995,1554.65920000,26894284.55073830,0
1670241600000,17313.12000000,17316.93000000,17234.39000000,17256.99000000,3365.03543000,1670245199999,58097594.23686410,75002,1673.12488000,28885251.45673860,0
1670245200000,17257.36000000,17287.73000000,17212.64000000,17234.06000000,2864.39497000,1670248799999,49419777.85373530,71336,1372.68886000,23683942.62764650,0
1670248800000,17233.84000000,17242.58000000,17174.98000000,17206.89000000,4334.26554000,1670252399999,74611143.16975560,97066,2063.27469000,35518457.80383160,0
1670252400000,17207.91000000,17207.93000000,17021.24000000,17086.06000000,12557.18193000,1670255999999,214514470.31530920,223954,6014.06191000,102735305.02040010,0
1670256000000,17086.04000000,17107.99000000,16986.00000000,17044.13000000,5741.44117000,1670259599999,97974924.75311560,124259,2732.41821000,46632063.92746740,0
1670259600000,17043.76000000,17089.27000000,17000.00000000,17055.72000000,5191.85091000,1670263199999,88574297.79312990,118710,2655.37568000,45304420.99251690,0
1670263200000,17055.87000000,17131.68000000,17037.62000000,17048.69000000,5127.05056000,1670266799999,87558898.98287770,106219,2603.09592000,44457645.40725100,0
1670266800000,17047.89000000,17061.02000000,16869.24000000,16927.82000000,9305.02327000,1670270399999,157645954.23465070,174574,4506.64232000,76350600.07147540,0
1670270400000,16927.20000000,16949.71000000,16901.10000000,16939.69000000,4019.97770000,1670273999999,68047560.04205460,79337,2117.83619000,35850516.74322480,0
1670274000000,16939.70000000,16978.23000000,16932.38000000,16974.41000000,2610.59964000,1670277599999,44273042.10122300,56361,1347.38923000,22851103.70126280,0
1670277600000,16974.99000000,16976.09000000,16929.66000000,16944.85000000,2443.51054000,1670281199999,41423115.11527390,49818,1168.35997000,19807105.95095120,0
1670281200000,16945.06000000,16989.00000000,16918.12000000,16966.35000000,3693.07293000,1670284799999,62619442.50707960,67813,1877.75678000,31839864.75091670,0
1670284800000,16967.29000000,17050.00000000,16966.02000000,17044.52000000,5101.84619000,1670288399999,86773545.31258390,104568,2582.42860000,43922007.20513730,0
1670288400000,17044.33000000,17103.12000000,17026.60000000,17031.34000000,5503.02922000,1670291999999,93901457.79048300,115964,2783.48052000,47497108.23722310,0
1670292000000,17031.82000000,17082.81000000,17009.51000000,17034.50000000,3989.75464000,1670295599999,67995670.89650960,102441,1911.70667000,32581219.47031320,0
1670295600000,17034.32000000,17059.46000000,16995.45000000,17003.28000000,3639.09917000,1670299199999,61973191.96164650,86228,1718.70670000,29271353.16757230,0
1670299200000,17003.51000000,17015.62000000,16961.38000000,17005.09000000,4155.62663000,1670302799999,70635506.39973770,95928,2017.71805000,34297792.51774120,0
1670302800000,17005.39000000,17009.69000000,16965.00000000,16978.13000000,3318.50142000,1670306399999,56381524.10049270,78433,1617.10752000,27474728.15666450,0
1670306400000,16978.24000000,17025.78000000,16956.58000000,17004.01000000,3615.83691000,1670309999999,61470237.36892300,79352,1766.18887000,30025950.06842480,0
1670310000000,17004.01000000,17021.36000000,16991.20000000,17003.64000000,3516.89041000,1670313599999,59808636.71167730,78177,1686.57625000,28682530.05222970,0
1670313600000,17003.73000000,17044.00000000,16973.00000000,17035.84000000,5691.90432000,1670317199999,96845498.96372110,119033,2776.81445000,47248231.10679370,0
1670317200000,17036.94000000,17039.96000000,16974.55000000,16976.87000000,4408.92369000,1670320799999,74963738.45380090,97924,2116.90336000,35993779.99782310,0
1670320800000,16977.28000000,16987.54000000,16940.36000000,16969.70000000,5957.19155000,1670324399999,101072561.74865470,115430,2875.45100000,48787830.13544880,0
1670324400000,16969.21000000,16993.88000000,16908.25000000,16988.14000000,6343.92658000,1670327999999,107658731.54156600,120635,3191.78892000,54167901.74223290,0
1670328000000,16987.55000000,17022.87000000,16979.39000000,16997.92000000,5371.73377000,1670331599999,91305221.91252280,102780,2801.33764000,47615598.86259620,0
1670331600000,16997.18000000,17033.96000000,16976.83000000,16986.67000000,5042.68532000,1670335199999,85770398.98877220,93821,2616.58918000,44506613.72979790,0
1670335200000,16986.70000000,17019.48000000,16960.33000000,16973.93000000,8218.37201000,1670338799999,139666430.11364950,138193,4079.78731000,69335038.46545410,0
1670338800000,16973.32000000,17024.92000000,16930.43000000,16985.22000000,11460.63591000,1670342399999,194642978.87666860,177826,5812.23356000,98711392.65519590,0
1670342400000,16985.66000000,17020.65000000,16969.03000000,16987.54000000,7367.12896000,1670345999999,125190018.00974450,112652,3743.59646000,63616322.47365010,0
1670346000000,16987.54000000,17006.75000000,16946.36000000,16961.06000000,6610.89772000,1670349599999,112177731.07744720,104801,3248.80059000,55128599.54316040,0
1670349600000,16961.06000000,17000.00000000,16912.00000000,16972.71000000,8385.22625000,1670353199999,142154979.65466110,115452,4176.57310000,70808898.30556270,0
1670353200000,16972.79000000,16986.85000000,16925.73000000,16971.00000000,5663.63236000,1670356799999,96050789.73435230,85563,2759.87218000,46805906.27174280,0
1670356800000,16971.00000000,16995.60000000,16952.33000000,16989.60000000,5561.50498000,1670360399999,94403067.39272290,79311,2794.10154000,47429790.78872820,0
1670360400000,16989.31000000,17010.16000000,16975.77000000,16993.75000000,4055.02358000,1670363999999,68897816.63294140,56417,2065.79222000,35099786.92917900,0
1670364000000,16993.77000000,16997.85000000,16960.01000000,16975.54000000,2204.23510000,1670367599999,37436449.20608930,35562,1092.79879000,18560267.42843050,0
1670367600000,16976.00000000,17106.31000000,16973.41000000,17089.12000000,9892.95431000,1670371199999,168676173.59625980,145672,5088.69340000,86759640.21976350,0
1670371200000,17089.90000000,17140.00000000,17047.60000000,17065.94000000,7160.38586000,1670374799999,122318129.82487870,113183,3563.11585000,60869912.37277100,0
1670374800000,17065.57000000,17074.90000000,17019.30000000,17042.39000000,5120.03710000,1670378399999,87305344.59492740,97996,2480.71089000,42301528.45945510,0
1670378400000,17042.00000000,17067.94000000,17033.20000000,17056.10000000,3468.05051000,1670381999999,59145497.42985970,77095,1716.27904000,29270461.24773690,0
1670382000000,17055.82000000,17055.95000000,17021.01000000,17025.77000000,3444.62017000,1670385599999,58677333.23625750,75622,1621.01939000,27613233.85179170,0
1670385600000,17026.26000000,17044.94000000,17015.34000000,17041.07000000,3482.93343000,1670389199999,59303285.74684170,76868,1770.31673000,30143114.82096240,0
1670389200000,17041.07000000,17047.15000000,16976.15000000,17005.57000000,4252.21696000,1670392799999,72341960.79200300,91712,1985.77390000,33784269.32079890,0
1670392800000,17005.17000000,17008.34000000,16933.00000000,16956.64000000,6019.75071000,1670396399999,102180285.97676150,118285,2905.58019000,49320842.62268530,0
1670396400000,16956.47000000,16959.77000000,16729.74000000,16764.45000000,14407.01396000,1670399999999,242132229.27853540,248809,6974.43088000,117208162.73696920,0
1670400000000,16764.26000000,16819.54000000,16666.66000000,16795.30000000,8982.53928000,1670403599999,150615660.86786770,162308,4464.25110000,74860817.11126940,0
1670403600000,16795.12000000,16837.62000000,16790.93000000,16835.51000000,5689.45539000,1670407199999,95671085.97781550,102464,2909.70512000,48928815.10135990,0
1670407200000,16835.55000000,16835.56000000,16787.40000000,16827.44000000,5417.75050000,1670410799999,91093452.11739480,93080,2661.24487000,44747219.84831610,0
1670410800000,16827.19000000,16834.39000000,16780.15000000,16795.63000000,5405.20787000,1670414399999,90882521.09864750,92708,2601.62341000,43744229.02173340,0
1670414400000,16795.54000000,16812.14000000,16767.04000000,16795.64000000,5320.20177000,1670417999999,89345822.98052710,93801,2670.47450000,44847694.15672430,0
1670418000000,16795.08000000,16875.61000000,16792.94000000,16857.29000000,8300.68197000,1670421599999,139830459.26079990,138551,4237.10537000,71376378.27136600,0
1670421600000,16856.55000000,16898.55000000,16821.59000000,16839.33000000,8948.58797000,1670425199999,150859035.36674530,142608,4443.58037000,74915355.08248220,0
1670425200000,16839.33000000,16860.00000000,16808.59000000,16839.05000000,10504.79828000,1670428799999,176820199.33844880,151209,5233.95520000,88101425.40846550,0
1670428800000,16838.15000000,16851.64000000,16779.41000000,16811.60000000,8817.29538000,1670432399999,148244797.34853480,114765,4262.30020000,71663606.70013520,0
1670432400000,16811.66000000,16826.39000000,16797.75000000,16804.73000000,6136.95037000,1670435999999,103172027.90139250,74247,3030.10537000,50941503.16180350,0
1670436000000,16805.48000000,16840.36000000,16783.00000000,16783.26000000,5443.06584000,1670439599999,91517694.67938880,65786,2707.82026000,45529328.70808890,0
1670439600000,16783.26000000,16830.00000000,16782.13000000,16815.01000000,4576.53937000,1670443199999,76894580.71839360,55967,2314.08784000,38880859.13889830,0
1670443200000,16814.16000000,16843.81000000,16800.71000000,16822.10000000,4658.01135000,1670446799999,78353306.10163320,57755,2320.15543000,39028408.38665620,0
1670446800000,16822.10000000,16834.20000000,16808.07000000,16829.19000000,3133.96907000,1670450399999,52715374.57184940,45128,1593.57058000,26805307.70592960,0
1670450400000,16829.21000000,16856.78000000,16794.42000000,16842.14000000,3478.33001000,1670453999999,58535979.41559590,51083,1780.86915000,29970125.68234010,0
1670454000000,16842.03000000,16865.00000000,16826.01000000,16837.21000000,3980.04409000,1670457599999,67063308.60977370,63930,2068.18260000,34849438.27382490,0
1670457600000,16837.11000000,16890.16000000,16809.20000000,16812.92000000,5273.57228000,1670461199999,88856638.64364210,88434,2608.23783000,43948476.72305230,0
1670461200000,16812.92000000,16845.90000000,16782.27000000,16830.81000000,5781.68449000,1670464799999,97225352.85262850,100440,2856.73154000,48039414.32431850,0
1670464800000,16830.81000000,16883.35000000,16808.30000000,16843.66000000,5036.54978000,1670468399999,84811352.10181080,92906,2536.81369000,42717303.68665520,0
1670468400000,16844.02000000,16865.65000000,16825.62000000,16833.95000000,3731.73279000,1670471999999,62850706.55034610,75734,1909.34344000,32157686.90866110,0
1670472000000,16833.95000000,16848.64000000,16809.62000000,16817.05000000,3793.43064000,1670475599999,63821229.17593700,77509,1859.03079000,31277126.40825830,0
1670475600000,16817.05000000,16827.54000000,16801.47000000,16819.82000000,3775.38259000,1670479199999,63485699.89421620,71456,1877.43427000,31570699.26013820,0
1670479200000,16820.41000000,16820.41000000,16785.92000000,16805.79000000,3665.23519000,1670482799999,61582940.79598700,76347,1821.85781000,30610941.23389600,0
1670482800000,16805.78000000,16845.00000000,16801.51000000,16827.12000000,4886.79883000,1670486399999,82222558.15122590,92821,2462.40259000,41431573.72160980,0
1670486400000,16826.36000000,16839.92000000,16819.45000000,16834.08000000,3347.65254000,1670489999999,56332401.42044760,71797,1684.55952000,28347194.49008990,0
1670490000000,16834.14000000,16847.14000000,16794.84000000,16803.38000000,4398.78164000,1670493599999,73981581.02535620,88262,2146.25916000,36097239.47435010,0
1670493600000,16803.33000000,16834.00000000,16800.55000000,16824.13000000,3435.71085000,1670497199999,57789199.98232150,66085,1731.87216000,29130641.77225530,0
1670497200000,16824.31000000,16863.03000000,16724.73000000,16851.76000000,8519.08358000,1670500799999,143235561.29474560,147519,4254.50502000,71536916.76571870,0
1670500800000,16852.36000000,16880.00000000,16826.23000000,16829.98000000,6632.18849000,1670504399999,111740401.22962560,127821,3305.14658000,55686661.24312870,0
1670504400000,16829.98000000,16872.70000000,16803.00000000,16857.27000000,6655.30999000,1670507999999,112049951.43047550,114368,3263.96925000,54953898.10804290,0
1670508000000,16857.42000000,16927.89000000,16830.00000000,16899.08000000,8522.39170000,1670511599999,143653349.25714120,133296,4390.57933000,74014040.23808870,0
1670511600000,16898.40000000,16960.00000000,16882.03000000,16918.75000000,11395.64468000,1670515199999,192824452.97840270,164131,5663.93339000,95840717.12120700,0
1670515200000,16918.50000000,16960.09000000,16911.33000000,16949.76000000,7323.18605000,1670518799999,123990968.45820440,103459,3707.24806000,62767926.03198960,0
1670518800000,16949.80000000,16980.99000000,16935.07000000,16967.47000000,6663.83049000,1670522399999,112965567.30229940,103588,3470.83489000,58839259.08940710,0
1670522400000,16967.78000000,17283.71000000,16962.09000000,17249.19000000,16414.52721000,1670525999999,281146942.55784220,232641,8432.27286000,144426748.62380240,0
1670526000000,17249.18000000,17299.86000000,17187.90000000,17253.96000000,9936.52663000,1670529599999,171269019.60293110,167556,4973.29050000,85724061.42980300,0
1670529600000,17254.14000000,17300.00000000,17157.20000000,17199.00000000,7086.86180000,1670533199999,122075664.50585650,103495,3551.82012000,61185761.75227830,0
1670533200000,17198.41000000,17207.94000000,17171.93000000,17183.11000000,4271.68839000,1670536799999,73422072.04401260,59631,2069.44779000,35570541.25551120,0
1670536800000,17183.63000000,17247.24000000,17178.16000000,17203.80000000,5053.40119000,1670540399999,86986617.27960620,71801,2434.65272000,41909523.13296200,0
1670540400000,17203.83000000,17269.29000000,17200.78000000,17227.00000000,6935.71466000,1670543999999,119507454.72271190,97212,3479.15147000,59949024.84806480,0
1670544000000,17226.30000000,17259.60000000,17185.03000000,17205.31000000,5909.79864000,1670547599999,101763225.34797340,100539,2898.72855000,49915452.19904660,0
1670547600000,17205.44000000,17296.16000000,17198.18000000,17235.41000000,7607.92439000,1670551199999,131219526.71027520,128616,3778.60091000,65173469.86426200,0
1670551200000,17235.41000000,17255.02000000,17204.61000000,17217.68000000,4862.09662000,1670554799999,83767229.78191430,92303,2343.18397000,40370102.32046810,0
1670554800000,17217.06000000,17232.53000000,17192.36000000,17203.14000000,5092.33692000,1670558399999,87650218.49547120,96119,2497.26545000,42984354.75362050,0
1670558400000,17203.13000000,17225.36000000,17190.44000000,17224.60000000,4754.55214000,1670561999999,81814639.24029490,87961,2351.20060000,40459103.58347710,0
1670562000000,17224.90000000,17224.90000000,17201.05000000,17218.91000000,3747.28065000,1670565599999,64503657.08553750,75453,1815.62421000,31253548.89692130,0
1670565600000,17218.91000000,17220.41000000,17192.78000000,17218.46000000,4887.91410000,1670569199999,84117310.39871070,83808,2399.09865000,41287011.64389690,0
1670569200000,17218.00000000,17236.43000000,17211.05000000,17212.00000000,4523.67812000,1670572799999,77914435.49074990,71200,2315.51410000,39882408.26581200,0
1670572800000,17212.21000000,17217.89000000,17201.66000000,17207.46000000,4318.98091000,1670576399999,74316982.85898950,65386,2161.24655000,37189069.99264840,0
1670576400000,17207.45000000,17259.07000000,17203.36000000,17238.43000000,5450.32227000,1670579999999,93872008.79626190,81295,2740.13733000,47194120.26635890,0
1670580000000,17238.46000000,17270.58000000,17204.31000000,17217.31000000,6564.26795000,1670583599999,113090634.10236240,105263,3253.19999000,56048047.79278450,0
1670583600000,17217.12000000,17258.12000000,17211.78000000,17242.62000000,5870.58237000,1670587199999,101161811.48853950,84295,3033.04657000,52265452.76991580,0
1670587200000,17242.79000000,17354.22000000,17180.00000000,17256.62000000,12177.17626000,1670590799999,209995151.69944920,167599,6077.23277000,104808489.05493650,0
1670590800000,17257.34000000,17276.48000000,17067.26000000,17151.68000000,15425.34707000,1670594399999,264909864.21931470,231076,7482.59326000,128516201.52371520,0
1670594400000,17152.68000000,17174.19000000,17082.42000000,17156.70000000,12828.06178000,1670597999999,219788986.69504240,169257,6261.39191000,107282528.91804250,0
1670598000000,17156.70000000,17201.48000000,17138.95000000,17181.85000000,10272.74914000,1670601599999,176376142.58099980,147564,5319.13613000,91329431.42815780,0
1670601600000,17182.41000000,17189.21000000,17152.60000000,17159.97000000,7413.99783000,1670605199999,127322301.95958050,94272,3695.07032000,63456989.05461030,0
1670605200000,17160.45000000,17173.00000000,17152.05000000,17165.28000000,5180.21876000,1670608799999,88897281.51754800,61230,2576.81137000,44221134.15275870,0
1670608800000,17165.37000000,17165.73000000,17120.00000000,17148.31000000,6384.35463000,1670612399999,109430093.14382530,69474,3098.68768000,53112592.39959370,0
1670612400000,17148.84000000,17165.66000000,17123.26000000,17142.81000000,6013.88457000,1670615999999,103090162.83781180,71660,3013.59327000,51659193.90455010,0
1670616000000,17142.83000000,17153.66000000,17097.69000000,17102.43000000,6772.27584000,1670619599999,115974873.48519900,78312,3336.20844000,57133643.18758670,0
1670619600000,17101.87000000,17124.67000000,17065.00000000,17111.50000000,7032.57546000,1670623199999,120272374.75239040,82931,3502.72031000,59905623.54898850,0
1670623200000,17111.85000000,17134.00000000,17106.97000000,17133.96000000,2867.75975000,1670626799999,49096083.07988380,40225,1519.44746000,26013317.05302770,0
1670626800000,17133.98000000,17159.00000000,17116.50000000,17129.29000000,3679.01478000,1670630399999,63047145.87504480,46217,1836.92667000,31479729.69462830,0
1670630400000,17129.29000000,17169.24000000,17121.29000000,17154.17000000,4885.24071000,1670633999999,83745447.20092940,65502,2460.03922000,42171718.93325150,0
1670634000000,17153.63000000,17167.82000000,17149.44000000,17155.21000000,3174.69323000,1670637599999,54470140.45431790,53970,1603.48431000,27512159.63392330,0
1670637600000,17155.29000000,17161.10000000,17117.01000000,17141.87000000,3009.96987000,1670641199999,51589266.60872980,58317,1446.02636000,24784663.57026340,0
1670641200000,17142.24000000,17161.26000000,17135.45000000,17144.74000000,2915.20137000,1670644799999,49986167.23737430,59225,1474.33352000,25280219.75093680,0
1670644800000,17144.73000000,17162.24000000,17139.37000000,17153.00000000,3062.71935000,1670648399999,52529146.36292920,56593,1527.70691000,26202177.50537060,0
1670648400000,17152.73000000,17157.51000000,17134.05000000,17135.05000000,2463.73442000,1670651999999,42240774.84548800,49241,1185.84918000,20331533.92601100,0
1670652000000,17135.16000000,17163.22000000,17130.99000000,17147.64000000,3385.94570000,1670655599999,58070102.36493410,68008,1723.53712000,29559433.45461100,0
1670655600000,17147.72000000,17178.10000000,17136.76000000,17154.75000000,3681.80418000,1670659199999,63173901.33206340,72602,1801.50864000,30911743.41804230,0
1670659200000,17155.17000000,17158.44000000,17141.12000000,17142.92000000,2958.97929000,1670662799999,50741606.25419870,62898,1414.55223000,24257491.25342810,0
1670662800000,17143.22000000,17149.48000000,17112.81000000,17146.48000000,5148.11269000,1670666399999,88222124.69393080,82584,2379.55810000,40777856.82828790,0
1670666400000,17146.55000000,17173.00000000,17142.66000000,17164.03000000,3620.75974000,1670669999999,62121003.82753740,66537,1830.94029000,31413659.31670530,0
1670670000000,17164.04000000,17173.89000000,17152.60000000,17168.27000000,3421.24869000,1670673599999,58722427.49233300,65151,1673.21946000,28719431.68867670,0
1670673600000,17168.40000000,17177.95000000,17142.05000000,17159.76000000,3535.73496000,1670677199999,60673780.32076620,59995,1721.13947000,29536020.90060000,0
1670677200000,17159.98000000,17194.38000000,17141.67000000,17159.32000000,5112.58754000,1670680799999,87711944.41888030,78163,2577.76893000,44225456.94307930,0
1670680800000,17158.88000000,17176.79000000,17144.61000000,17167.03000000,4330.14343000,1670684399999,74317413.79203730,71082,2167.82057000,37206361.39196630,0
1670684400000,17167.03000000,17229.01000000,17162.51000000,17209.10000000,7191.85630000,1670687999999,123653743.89497690,107832,3583.78278000,61616944.08485950,0
1670688000000,17209.02000000,17229.00000000,17173.01000000,17190.73000000,4808.40722000,1670691599999,82689538.14718220,78098,2377.99011000,40894697.72107260,0
1670691600000,17190.73000000,17201.98000000,17160.78000000,17169.75000000,3689.72237000,1670695199999,63409380.22127420,69233,1792.69309000,30809119.71380300,0
1670695200000,17169.31000000,17195.99000000,17168.50000000,17186.84000000,2475.20135000,1670698799999,42539930.53596700,51624,1258.87763000,21635655.75762850,0
1670698800000,17186.77000000,17192.00000000,17166.87000000,17176.34000000,2445.24367000,1670702399999,42005430.71005810,47547,1192.82855000,20491109.83192110,0
1670702400000,17176.35000000,17184.79000000,17166.93000000,17171.78000000,2149.32562000,1670705999999,36914321.85721810,45313,1051.96933000,18067678.61328150,0
1670706000000,17172.17000000,17176.75000000,17125.55000000,17126.20000000,3099.66107000,1670709599999,53177170.65360920,47522,1443.04092000,24758241.28028460,0
1670709600000,17126.24000000,17159.91000000,17108.00000000,17137.52000000,3180.48707000,1670713199999,54490649.63100300,46472,1639.93947000,28096153.85050680,0
1670713200000,17137.94000000,17148.97000000,17090.95000000,17127.08000000,3980.53578000,1670716799999,68165390.11527920,62642,2003.43683000,34308812.75679190,0
1670716800000,17127.33000000,17146.46000000,17122.78000000,17142.22000000,2766.71701000,1670720399999,47407301.17799350,50239,1407.84557000,24123914.04578660,0
1670720400000,17142.44000000,17168.98000000,17137.02000000,17164.31000000,2892.49279000,1670723999999,49603335.10095980,59560,1500.68725000,25735641.29647770,0
1670724000000,17164.25000000,17166.92000000,17141.78000000,17144.44000000,2427.20245000,1670727599999,41637347.24739650,52575,1192.67534000,20460090.75038440,0
1670727600000,17144.84000000,17177.18000000,17142.00000000,17154.88000000,3056.75352000,1670731199999,52452423.49370710,68303,1526.52040000,26194576.91652350,0
1670731200000,17154.89000000,17171.61000000,17151.82000000,17168.71000000,2622.12523000,1670734799999,44998430.20547170,65654,1298.42984000,22282944.99358180,0
1670734800000,17168.71000000,17190.77000000,17153.76000000,17175.68000000,3957.99733000,1670738399999,67955208.39438510,80499,2045.08917000,35112708.37792050,0
1670738400000,17175.61000000,17200.00000000,17164.11000000,17172.56000000,3554.48347000,1670741999999,61062694.32280630,66665,1824.20583000,31338485.36446690,0
1670742000000,17172.23000000,17194.06000000,17155.23000000,17181.49000000,3532.39072000,1670745599999,60664034.51156530,66724,1765.18586000,30314945.90849160,0
1670745600000,17181.84000000,17187.21000000,17157.30000000,17177.37000000,3408.29045000,1670749199999,58530759.54346840,61748,1697.26344000,29148004.19244210,0
1670749200000,17177.37000000,17178.44000000,17162.00000000,17168.39000000,2745.54956000,1670752799999,47136851.40235820,55070,1370.55154000,23530340.50547240,0
1670752800000,17168.11000000,17174.86000000,17150.01000000,17167.73000000,3246.65571000,1670756399999,55718480.53647540,58417,1611.30511000,27653455.80407210,0
1670756400000,17167.70000000,17171.55000000,17141.66000000,17168.15000000,3538.32600000,1670759999999,60711713.55920110,63931,1801.99961000,30919899.18787430,0
1670760000000,17168.50000000,17170.00000000,17146.26000000,17161.38000000,3023.35620000,1670763599999,51882858.83805430,59734,1512.60601000,25957609.11852320,0
1670763600000,17161.40000000,17169.49000000,17129.53000000,17157.67000000,4391.94247000,1670767199999,75340728.74927570,74608,2110.31228000,36201549.15942930,0
1670767200000,17157.48000000,17159.71000000,17131.39000000,17154.91000000,3893.69080000,1670770799999,66765382.70217270,73843,1947.72152000,33398178.50149990,0
1670770800000,17154.95000000,17158.86000000,17141.10000000,17154.93000000,2989.71473000,1670774399999,51275818.44956370,52492,1553.21418000,26639155.93136960,0
1670774400000,17154.93000000,17170.40000000,17147.03000000,17165.05000000,4205.77989000,1670777999999,72167764.30238580,67937,2044.32058000,35078469.79398110,0
1670778000000,17165.07000000,17178.94000000,17165.03000000,17178.61000000,2765.70563000,1670781599999,47490186.89451770,53904,1410.08979000,24212885.21903810,0
1670781600000,17178.16000000,17219.00000000,17167.81000000,17202.74000000,3537.19746000,1670785199999,60778784.96615580,62822,1838.90960000,31598151.21688120,0
1670785200000,17202.76000000,17272.05000000,17136.00000000,17177.97000000,9226.72173000,1670788799999,158758389.43726680,143224,4621.19336000,79519449.80075380,0
1670788800000,17178.44000000,17181.57000000,17089.67000000,17102.60000000,8433.98316000,1670792399999,144415106.24778400,127870,4193.92970000,71810421.78378400,0
1670792400000,17102.38000000,17148.71000000,17091.01000000,17113.75000000,4149.53062000,1670795999999,71056293.05182950,72237,2099.08896000,35944509.12866930,0
1670796000000,17113.97000000,17130.26000000,17092.00000000,17102.61000000,3931.50444000,1670799599999,67285357.34844010,66881,1944.28342000,33275708.80804700,0
1670799600000,17102.76000000,17130.51000000,17073.02000000,17085.80000000,6103.84821000,1670803199999,104395468.27645560,92313,3039.24272000,51981796.09827460,0
1670803200000,17085.43000000,17088.77000000,16931.11000000,16951.05000000,12597.33211000,1670806799999,214157303.94304460,182664,6082.67307000,103404728.84836480,0
1670806800000,16951.72000000,16979.01000000,16922.00000000,16951.81000000,5910.18650000,1670810399999,100196206.22988270,100628,2937.68448000,49803992.39746660,0
1670810400000,16952.26000000,16959.73000000,16874.04000000,16904.33000000,8914.18289000,1670813999999,150835498.33234260,150143,4445.54781000,75222068.55466970,0
1670814000000,16904.36000000,16922.40000000,16877.09000000,16918.90000000,6123.21414000,1670817599999,103505275.38635450,118322,3041.07889000,51406410.41521330,0
1670817600000,16919.23000000,16940.01000000,16904.00000000,16934.12000000,4485.79463000,1670821199999,75922139.90126270,94213,2195.51332000,37160197.92366510,0
1670821200000,16934.25000000,16949.76000000,16924.62000000,16946.11000000,3620.25385000,1670824799999,61314827.88953970,73964,1795.39704000,30408109.40502390,0
1670824800000,16946.14000000,16946.63000000,16927.19000000,16940.38000000,3378.09071000,1670828399999,57220383.25321560,59893,1685.26419000,28546369.35142070,0
1670828400000,16940.38000000,16944.61000000,16907.14000000,16925.53000000,4493.40959000,1670831999999,76059972.54602130,69216,2242.55872000,37960074.19578560,0
1670832000000,16925.87000000,16942.19000000,16904.89000000,16936.27000000,4804.53487000,1670835599999,81313163.73369960,78888,2485.90589000,42072206.75183850,0
1670835600000,16936.30000000,16976.46000000,16932.48000000,16962.23000000,5376.58137000,1670839199999,91152509.66938480,89224,2784.85216000,47213916.05820900,0
1670839200000,16962.06000000,17009.28000000,16960.09000000,16987.77000000,5563.75178000,1670842799999,94489126.90531150,88490,2741.25042000,46552812.27458130,0
1670842800000,16987.73000000,16995.33000000,16979.93000000,16990.12000000,3219.77348000,1670846399999,54692155.26910550,68648,1665.05821000,28283504.18276270,0
1670846400000,16990.12000000,17010.46000000,16919.85000000,16962.10000000,10927.84231000,1670849999999,185364875.53996680,168302,5282.85543000,89608889.95403120,0
1670850000000,16962.18000000,17006.20000000,16961.47000000,16971.89000000,6116.86094000,1670853599999,103866025.75734510,112002,3091.09832000,52488314.38065790,0
1670853600000,16971.89000000,17054.41000000,16969.74000000,17020.81000000,9895.10936000,1670857199999,168313128.97685200,170607,5034.63241000,85639773.16092010,0
1670857200000,17020.93000000,17048.00000000,17006.74000000,17012.70000000,6371.29569000,1670860799999,108487862.85614190,123251,3277.90582000,55815776.81566010,0
1670860800000,17012.78000000,17025.00000000,16990.60000000,17006.24000000,4797.27932000,1670864399999,81599188.75343310,103355,2462.08107000,41879327.07723620,0
1670864400000,17006.25000000,17018.25000000,16984.61000000,17013.54000000,3610.94750000,1670867999999,61392381.01195020,80632,1829.98401000,31113270.22844240,0
1670868000000,17013.54000000,17036.00000000,17007.15000000,17026.63000000,3341.71911000,1670871599999,56872517.62496210,71293,1708.80259000,29082689.39728330,0
1670871600000,17026.59000000,17048.62000000,17007.44000000,17045.25000000,3574.80175000,1670875199999,60868089.89058060,72390,1848.26712000,31470694.40192670,0
1670875200000,17045.48000000,17127.99000000,17045.27000000,17125.78000000,6467.04636000,1670878799999,110441783.21940940,121706,3392.43055000,57936367.43001430,0
1670878800000,17125.49000000,17220.79000000,17122.76000000,17176.70000000,8703.74854000,1670882399999,149482232.24651960,158110,4501.30369000,77307478.41034760,0
1670882400000,17177.35000000,17195.99000000,17143.29000000,17160.13000000,3314.72734000,1670885999999,56913610.72600600,69872,1608.51348000,27618264.56129060,0
1670886000000,17160.12000000,17245.00000000,17156.72000000,17212.31000000,4805.23508000,1670889599999,82631521.95423380,94514,2505.23750000,43081285.72128760,0
1670889600000,17212.12000000,17241.10000000,17148.23000000,17160.67000000,5497.48505000,1670893199999,94455709.87515750,102395,2626.25204000,45123053.38794910,0
1670893200000,17160.67000000,17168.66000000,17143.01000000,17147.52000000,4114.17319000,1670896799999,70581642.41095870,89711,2021.28920000,34677523.71696920,0
1670896800000,17148.16000000,17159.99000000,17120.50000000,17153.20000000,4506.92612000,1670900399999,77261661.44483530,103874,2236.65240000,38343147.04616980,0
1670900400000,17153.20000000,17169.80000000,17137.00000000,17154.17000000,4172.15571000,1670903999999,71564688.22206720,98933,2066.20885000,35441867.16463360,0
1670904000000,17154.17000000,17192.56000000,17137.03000000,17172.03000000,5438.34736000,1670907599999,93374517.61240190,118058,2750.58867000,47227925.92844110,0
1670907600000,17172.16000000,17202.92000000,17165.04000000,17192.90000000,4608.48863000,1670911199999,79176771.33714510,104682,2140.12563000,36768762.37761530,0
1670911200000,17193.35000000,17224.65000000,17150.00000000,17160.51000000,8274.83543000,1670914799999,142221034.39991740,144840,3946.97145000,67837233.94684140,0
1670914800000,17161.01000000,17191.55000000,17088.25000000,17172.72000000,10689.25970000,1670918399999,183253754.70400880,212737,5105.67689000,87533173.22160970,0
1670918400000,17172.67000000,17197.57000000,17162.94000000,17167.80000000,6314.51308000,1670921999999,108480576.96525300,146932,3303.60574000,56755357.49239960,0
1670922000000,17168.38000000,17513.85000000,17164.47000000,17436.96000000,8595.34443000,1670925599999,148412609.17881340,163505,4508.47978000,77863761.19305650,0
1670925600000,17436.96000000,17485.00000000,17367.98000000,17397.81000000,13147.90421000,1670929199999,229040579.77353910,230835,6621.33312000,115346094.82123790,0
1670929200000,17397.81000000,17488.00000000,17391.21000000,17451.29000000,8883.16686000,1670932799999,154877725.89931270,164229,4469.11031000,77918922.03014690,0
1670932800000,17451.95000000,17506.47000000,17411.40000000,17434.95000000,8701.34806000,1670936399999,151873553.27446030,159790,4232.83024000,73883233.93681590,0
1670936400000,17434.89000000,18000.00000000,17405.53000000,17905.35000000,24776.97201000,1670939999999,439622031.44904350,419207,12789.11530000,226941176.25399170,0
1670940000000,17905.02000000,17957.83000000,17840.00000000,17876.73000000,12111.70035000,1670943599999,216804520.45560650,220223,6032.43127000,107990050.40169140,0
1670943600000,17876.72000000,17893.28000000,17733.48000000,17754.13000000,11286.82817000,1670947199999,200837235.91391800,211193,5516.23513000,98155531.52890370,0
1670947200000,17754.52000000,17841.81000000,17722.65000000,17757.68000000,8099.88007000,1670950799999,144085943.12623440,172905,4014.58134000,71414729.28779890,0
1670950800000,17758.36000000,17794.00000000,17617.74000000,17643.75000000,9849.66222000,1670954399999,174478100.99347500,185493,4668.48457000,82703978.04762570,0
1670954400000,17643.58000000,17733.33000000,17630.00000000,17713.01000000,6216.58689000,1670957999999,109960196.09973790,123790,3094.66029000,54740077.43693500,0
1670958000000,17713.97000000,17786.43000000,17693.07000000,17740.95000000,4545.99681000,1670961599999,80608710.05324220,94994,2303.21357000,40840769.14162340,0
1670961600000,17740.94000000,17781.43000000,17705.83000000,17748.60000000,4204.04097000,1670965199999,74610412.21881040,93577,2037.82855000,36167120.81850900,0
1670965200000,17749.64000000,17777.44000000,17732.08000000,17767.76000000,2771.81804000,1670968799999,49212730.06592030,67649,1405.71063000,24957996.09947660,0
1670968800000,17767.14000000,17790.34000000,17706.00000000,17775.59000000,2788.17482000,1670972399999,49501341.21036970,72803,1411.17599000,25055493.55043890,0
1670972400000,17775.63000000,17817.89000000,17743.79000000,17777.08000000,3322.85514000,1670975999999,59078193.74287950,74850,1642.86299000,29209574.68373950,0
1670976000000,17778.32000000,17833.76000000,17750.64000000,17820.68000000,3975.62167000,1670979599999,70735678.73535430,97453,2022.80671000,35991803.61247980,0
1670979600000,17820.66000000,17847.12000000,17773.41000000,17781.77000000,3120.59940000,1670983199999,55540038.00011440,83341,1479.61843000,26335406.53888530,0
1670983200000,17781.57000000,17810.98000000,17752.64000000,17793.96000000,3007.61117000,1670986799999,53459825.97633330,82606,1385.38477000,24626128.20653390,0
1670986800000,17794.55000000,17839.06000000,17779.66000000,17781.20000000,4035.10961000,1670990399999,71863966.50781150,97891,1987.18679000,35392339.76450050,0
1670990400000,17781.67000000,17790.00000000,17751.57000000,17768.79000000,3194.63973000,1670993999999,56763100.04445030,68438,1625.46680000,28882367.53212660,0
1670994000000,17768.79000000,17790.28000000,17733.69000000,17784.55000000,3550.58018000,1670997599999,63092837.50593560,79828,1845.74620000,32799595.67443880,0
1670997600000,17784.10000000,17796.64000000,17761.12000000,17783.63000000,2930.76650000,1671001199999,52104561.57125510,73875,1483.69105000,26378326.42785910,0
1671001200000,17783.31000000,17816.10000000,17778.03000000,17805.36000000,2705.64386000,1671004799999,48148899.61535060,78431,1382.27916000,24599571.92240070,0
1671004800000,17805.54000000,17878.00000000,17793.45000000,17840.61000000,4212.70160000,1671008399999,75096610.19739030,100879,2166.56875000,38621798.92287140,0
1671008400000,17840.28000000,17847.37000000,17785.11000000,17814.51000000,3196.71892000,1671011999999,56947270.90220740,85858,1588.63656000,28301383.98509970,0
1671012000000,17815.24000000,17837.75000000,17792.93000000,17828.15000000,3083.00192000,1671015599999,54939024.46837490,75600,1547.50522000,27576668.20401430,0
1671015600000,17828.15000000,17859.00000000,17807.00000000,17825.88000000,3778.80179000,1671019199999,67368089.85109060,91240,1968.43676000,35093981.35642940,0
1671019200000,17824.90000000,17930.00000000,17815.21000000,17914.61000000,6847.23861000,1671022799999,122404561.29147540,139260,3543.06252000,63335991.68389550,0
1671022800000,17914.70000000,17964.82000000,17862.80000000,17895.76000000,6236.92182000,1671026399999,111645177.06094450,138183,3100.69977000,55507891.53613870,0
1671026400000,17895.41000000,18094.00000000,17894.13000000,18062.34000000,12078.83386000,1671029999999,217325033.41306360,216965,6213.62525000,111800555.22355130,0
1671030000000,18062.08000000,18115.77000000,18020.40000000,18062.32000000,8115.10132000,1671033599999,146543204.43039460,154942,4096.82579000,73986723.51003360,0
1671033600000,18062.46000000,18157.48000000,18059.41000000,18103.53000000,8740.08460000,1671037199999,158291661.50844920,155732,4528.48438000,82016064.83492480,0
1671037200000,18104.48000000,18151.73000000,18075.41000000,18096.01000000,5113.53465000,1671040799999,92636956.74328130,96518,2535.99639000,45944274.89233040,0
1671040800000,18096.07000000,18382.02000000,17943.16000000,18215.76000000,17494.11042000,1671044399999,318987074.71821660,275231,8953.34821000,163274588.01067340,0
1671044400000,18215.76000000,18347.50000000,17712.04000000,17794.31000000,30720.68200000,1671047999999,549873142.25335080,443901,15455.33801000,276637903.44995290,0
1671048000000,17793.75000000,17948.38000000,17666.00000000,17767.09000000,13586.29966000,1671051599999,241787676.17900270,215712,6817.97166000,121352247.57099230,0
1671051600000,17767.07000000,17851.17000000,17765.38000000,17831.82000000,4503.79208000,1671055199999,80268477.13893750,86854,2409.52272000,42943762.15779600,0
1671055200000,17832.74000000,17881.88000000,17792.72000000,17838.81000000,3191.66379000,1671058799999,56913678.29837380,69127,1585.44589000,28272717.93439710,0
1671058800000,17838.79000000,17847.59000000,17777.28000000,17805.58000000,2873.78927000,1671062399999,51184123.83997370,59680,1361.12171000,24243344.89526030,0
1671062400000,17805.67000000,17856.00000000,17785.41000000,17794.51000000,3974.64172000,1671065999999,70828411.42893710,85928,1978.52916000,35258677.39063780,0
1671066000000,17794.43000000,17824.21000000,17607.31000000,17635.93000000,7705.60865000,1671069599999,136446822.39897490,144141,3659.15667000,64801243.70755500,0
1671069600000,17635.92000000,17729.41000000,17565.00000000,17719.99000000,6658.86209000,1671073199999,117545670.04445610,133891,3260.34041000,57559089.18322480,0
1671073200000,17719.99000000,17757.57000000,17706.34000000,17732.09000000,2351.77098000,1671076799999,41697120.96891810,65843,1171.30158000,20767477.06341120,0
1671076800000,17732.00000000,17734.32000000,17683.18000000,17710.24000000,2202.34013000,1671080399999,38996430.06728430,65466,1086.39480000,19236548.87955060,0
1671080400000,17710.25000000,17740.71000000,17692.77000000,17715.86000000,2275.40063000,1671083999999,40310327.04329610,63729,1159.37363000,20539398.80892560,0
1671084000000,17715.70000000,17748.96000000,17701.00000000,17721.81000000,2583.79348000,1671087599999,45812863.76709360,70578,1318.94106000,23386758.13787420,0
1671087600000,17722.23000000,17741.72000000,17685.00000000,17694.29000000,3630.03565000,1671091199999,64324592.25604560,91401,1853.00024000,32837702.63134010,0
1671091200000,17694.31000000,17715.53000000,17621.70000000,17631.15000000,4994.44479000,1671094799999,88243280.18260140,117869,2347.35273000,41473018.85980570,0
1671094800000,17631.37000000,17700.58000000,17613.92000000,17698.71000000,3952.61727000,1671098399999,69825237.59134220,102979,2087.09732000,36871927.21557490,0
1671098400000,17698.20000000,17700.02000000,17650.00000000,17667.99000000,2528.33352000,1671101999999,44692876.77628210,73005,1206.90183000,21333939.28253180,0
1671102000000,17668.42000000,17730.00000000,17655.00000000,17724.15000000,4487.33123000,1671105599999,79406585.94893160,89369,2060.81528000,36470162.04612500,0
1671105600000,17724.74000000,17729.93000000,17664.15000000,17686.39000000,3520.77643000,1671109199999,62303394.70889850,88144,1712.22375000,30301147.72538130,0
1671109200000,17686.39000000,17695.35000000,17456.20000000,17508.65000000,13809.68736000,1671112799999,242398304.71617590,244672,6617.34383000,116153999.61670760,0
1671112800000,17508.22000000,17553.20000000,17403.33000000,17457.04000000,10980.63797000,1671116399999,192101125.46616810,171992,5376.53325000,94066286.60370430,0
1671116400000,17457.34000000,17494.99000000,17378.00000000,17429.55000000,10939.01144000,1671119999999,190783116.66182860,156994,5359.03331000,93467664.00065440,0
1671120000000,17429.54000000,17447.11000000,17342.00000000,17398.87000000,9524.06149000,1671123599999,165794801.70766680,123900,4605.51744000,80172435.71583030,0
1671123600000,17399.36000000,17434.03000000,17376.32000000,17399.22000000,6214.76946000,1671127199999,108199208.36545630,88098,3042.19121000,52966911.51192190,0
1671127200000,17399.34000000,17422.84000000,17312.00000000,17401.64000000,7946.94984000,1671130799999,138087967.88450720,107050,3748.36962000,65128868.86310700,0
1671130800000,17401.53000000,17473.50000000,17391.00000000,17443.91000000,7311.98590000,1671134399999,127429377.00875010,87251,3644.86467000,63521718.19557740,0
1671134400000,17443.32000000,17457.68000000,17411.23000000,17416.50000000,5124.17423000,1671137999999,89342437.29068100,66774,2497.29150000,43542306.93973250,0
1671138000000,17418.17000000,17430.69000000,17341.22000000,17396.83000000,6830.54063000,1671141599999,118808598.82801760,79321,3317.23101000,57698967.31830790,0
1671141600000,17396.72000000,17408.26000000,17274.78000000,17341.79000000,5851.55837000,1671145199999,101482697.70919980,101899,2830.87822000,49094785.49238970,0
1671145200000,17342.25000000,17379.09000000,17290.35000000,17357.41000000,3765.95830000,1671148799999,65306094.20381660,84910,1785.22386000,30960151.17279220,0
1671148800000,17357.88000000,17427.98000000,17345.30000000,17427.17000000,3829.95343000,1671152399999,66587724.56423070,84869,1915.65030000,33305575.56767150,0
1671152400000,17427.17000000,17428.66000000,17375.83000000,17387.42000000,2335.69127000,1671155999999,40639706.58693640,65935,1125.30416000,19580167.82183950,0
1671156000000,17387.49000000,17427.10000000,17386.30000000,17403.18000000,2395.09647000,1671159599999,41696172.90492850,64628,1211.82695000,21097281.74318010,0
1671159600000,17403.18000000,17430.09000000,17400.45000000,17426.92000000,2065.84604000,1671163199999,35979165.17835080,54391,1109.74283000,19327956.37688550,0
1671163200000,17426.35000000,17428.52000000,17389.83000000,17392.50000000,1434.05729000,1671166799999,24963698.81924980,38073,704.80440000,12269244.05839670,0
1671166800000,17391.74000000,17414.93000000,17374.37000000,17409.82000000,2106.76478000,1671170399999,36647587.39727000,55028,1032.61126000,17963067.01323280,0
1671170400000,17409.80000000,17427.99000000,17382.96000000,17423.19000000,2463.84945000,1671173999999,42883361.65271940,56594,1269.36563000,22094133.47051090,0
1671174000000,17423.47000000,17532.94000000,17422.79000000,17504.84000000,5623.16778000,1671177599999,98273379.42164320,122236,2819.31589000,49274552.20244920,0
1671177600000,17505.18000000,17520.93000000,17182.23000000,17222.01000000,9170.81727000,1671181199999,159061574.45202300,165418,4396.71728000,76236320.06242850,0
1671181200000,17222.48000000,17226.42000000,16950.24000000,17038.37000000,17230.61816000,1671184799999,293862453.59331280,259664,8707.68312000,148511569.00008360,0
1671184800000,17039.83000000,17040.36000000,16921.39000000,16996.67000000,6609.08220000,1671188399999,112340071.98908180,133854,3408.37850000,57935806.25047730,0
1671188400000,16996.67000000,17046.06000000,16971.27000000,17028.16000000,3638.14423000,1671191999999,61914007.37565090,89411,2024.92748000,34462110.66782570,0
1671192000000,17028.84000000,17040.00000000,16980.28000000,17036.21000000,3995.96945000,1671195599999,67961762.12874710,101588,2095.81215000,35646142.82499640,0
1671195600000,17035.87000000,17035.89000000,16936.62000000,16947.38000000,5576.69533000,1671199199999,94701516.71801000,128344,2664.97345000,45255289.87199360,0
1671199200000,16947.07000000,17087.01000000,16890.24000000,17032.78000000,11024.38173000,1671202799999,187484299.56696320,207210,5680.44784000,96614749.18496630,0
1671202800000,17031.76000000,17033.67000000,16911.52000000,16972.92000000,5485.74659000,1671206399999,93122473.87621130,139044,2628.26854000,44615747.66912740,0
1671206400000,16972.90000000,16980.30000000,16737.30000000,16810.84000000,12555.15708000,1671209999999,211715810.12186990,220862,5882.25515000,99188313.82931420,0
1671210000000,16811.47000000,16838.64000000,16759.96000000,16796.91000000,6674.71052000,1671213599999,112166149.65573390,137149,3202.05961000,53811304.06485850,0
1671213600000,16797.71000000,16836.99000000,16775.76000000,16809.43000000,3529.40642000,1671217199999,59330166.75577200,80060,1675.47549000,28166162.89736110,0
1671217200000,16809.50000000,16880.33000000,16798.89000000,16866.78000000,3703.31864000,1671220799999,62341156.44134290,79765,1830.17594000,30810323.54663600,0
1671220800000,16867.00000000,16957.14000000,16854.41000000,16872.79000000,5575.02199000,1671224399999,94226229.75382300,110805,2706.62817000,45747491.72477830,0
1671224400000,16874.07000000,16892.79000000,16810.63000000,16833.04000000,4941.29467000,1671227999999,83225835.50540670,94096,2357.21140000,39704360.37572930,0
1671228000000,16833.37000000,16873.76000000,16691.18000000,16724.39000000,7870.80312000,1671231599999,132046229.12439030,126564,3672.38426000,61612139.90307370,0
1671231600000,16724.42000000,16737.99000000,16528.49000000,16633.33000000,14817.05604000,1671235199999,246093188.25952300,215254,7377.80578000,122539309.98292420,0
1671235200000,16633.05000000,16737.34000000,16601.47000000,16708.69000000,4828.56681000,1671238799999,80579538.17764330,106871,2566.48937000,42832016.50803090,0
1671238800000,16708.50000000,16726.61000000,16659.91000000,16671.45000000,3579.88861000,1671242399999,59755959.21510770,86309,1640.54698000,27385099.80661600,0
1671242400000,16671.69000000,16685.05000000,16581.25000000,16660.00000000,6179.81602000,1671245999999,102819249.63171690,134028,2990.94318000,49766324.05020280,0
1671246000000,16660.23000000,16706.92000000,16645.83000000,16678.26000000,3020.35841000,1671249599999,50365047.47375470,73154,1479.13911000,24665486.31415700,0
1671249600000,16678.57000000,16724.23000000,16656.14000000,16709.14000000,3674.79931000,1671253199999,61339804.13670030,84884,1877.38061000,31339134.47489390,0
1671253200000,16709.71000000,16737.87000000,16678.76000000,16691.42000000,2620.49663000,1671256799999,43778245.95439690,65418,1268.77667000,21196953.04360290,0
1671256800000,16691.64000000,16776.64000000,16672.51000000,16714.89000000,4494.12917000,1671260399999,75143949.16181400,89450,2258.86800000,37770923.44178050,0
1671260400000,16714.89000000,16753.80000000,16679.97000000,16750.25000000,3199.92340000,1671263999999,53492192.46393790,73436,1651.30988000,27607289.98518760,0
1671264000000,16750.39000000,16758.94000000,16712.00000000,16723.05000000,2753.37501000,1671267599999,46071049.26000360,61735,1307.19494000,21873324.12342610,0
1671267600000,16722.95000000,16739.38000000,16678.36000000,16699.33000000,3410.79708000,1671271199999,56978667.98331780,77845,1541.26129000,25749327.96754440,0
1671271200000,16700.37000000,16762.10000000,16666.66000000,16735.20000000,3513.70912000,1671274799999,58723073.29213920,69916,1661.03466000,27762532.94336930,0
1671274800000,16734.56000000,16758.00000000,16690.79000000,16711.65000000,2866.25749000,1671278399999,47925767.68805960,66618,1428.94383000,23893356.16145580,0
1671278400000,16711.10000000,16729.08000000,16668.44000000,16695.08000000,2637.08992000,1671281999999,44039271.02999140,63865,1300.67602000,21722058.79186930,0
1671282000000,16695.36000000,16707.80000000,16650.72000000,16669.19000000,3524.65556000,1671285599999,58774735.46509700,77412,1725.16427000,28769573.23600430,0
1671285600000,16669.58000000,16714.97000000,16642.00000000,16650.24000000,3698.75351000,1671289199999,61711970.19801560,84680,1899.73708000,31696644.44460090,0
1671289200000,16650.25000000,16708.34000000,16646.24000000,16702.22000000,3087.58421000,1671292799999,51502190.90511660,85974,1626.86843000,27137711.26126340,0
1671292800000,16701.29000000,16704.46000000,16676.77000000,16695.06000000,1707.32646000,1671296399999,28496640.12163370,49037,842.66994000,14065414.57060450,0
1671296400000,16694.57000000,16701.00000000,16648.45000000,16673.23000000,2509.54030000,1671299999999,41856675.86358200,63496,1218.18100000,20318463.35190330,0
1671300000000,16673.94000000,16723.16000000,16665.07000000,16703.27000000,1891.50093000,1671303599999,31579926.49484600,53740,938.62138000,15671305.25552720,0
1671303600000,16703.36000000,16721.12000000,16684.34000000,16693.45000000,1420.19508000,1671307199999,23715879.05792840,42755,652.14013000,10890102.89873950,0
1671307200000,16693.97000000,16711.09000000,16687.25000000,16703.51000000,1575.54168000,1671310799999,26309027.50835110,45378,759.93422000,12690163.18295180,0
1671310800000,16703.53000000,16739.08000000,16697.49000000,16712.24000000,2229.78243000,1671314399999,37270634.13138270,51008,1132.49457000,18929736.99234510,0
1671314400000,16711.75000000,16767.15000000,16701.28000000,16741.50000000,1933.25063000,1671317999999,32335365.81251250,48279,986.42446000,16499481.03966670,0
1671318000000,16741.50000000,16800.00000000,16721.89000000,16778.75000000,3903.98160000,1671321599999,65456163.90307880,83638,1876.68279000,31465508.42348300,0
1671321600000,16778.72000000,16785.46000000,16722.84000000,16747.68000000,2294.88811000,1671325199999,38434218.62156090,59036,1205.57921000,20190900.55242460,0
1671325200000,16747.68000000,16748.59000000,16703.78000000,16714.12000000,2158.42494000,1671328799999,36096639.99807140,60165,1076.36280000,18000739.85912890,0
1671328800000,16714.38000000,16737.65000000,16709.56000000,16732.22000000,1244.07216000,1671332399999,20808915.28092540,41920,641.86259000,10736192.68350050,0
1671332400000,16732.91000000,16746.08000000,16726.60000000,16742.63000000,1318.82591000,1671335999999,22069707.36448600,41879,747.03974000,12501463.85071360,0
1671336000000,16743.08000000,16804.99000000,16738.00000000,16765.27000000,4036.46328000,1671339599999,67707107.85877120,98420,2048.69451000,34362671.64521810,0
1671339600000,16765.29000000,16768.14000000,16735.68000000,16740.36000000,2016.77691000,1671343199999,33783190.36012590,58572,975.90064000,16348210.81861680,0
1671343200000,16740.58000000,16750.00000000,16717.94000000,16736.26000000,2358.07867000,1671346799999,39457801.81703350,70995,1122.26793000,18779308.20728900,0
1671346800000,16736.26000000,16759.92000000,16734.87000000,16750.98000000,2062.40591000,1671350399999,34536948.83992970,65829,963.14505000,16129009.00408860,0
1671350400000,16750.94000000,16768.12000000,16737.52000000,16754.06000000,2085.85069000,1671353999999,34943326.64981140,70480,954.30664000,15987688.34173750,0
1671354000000,16753.40000000,16755.06000000,16665.19000000,16697.78000000,3931.86030000,1671357599999,65690156.77678400,106341,1962.95518000,32794654.58598590,0
1671357600000,16697.53000000,16717.88000000,16688.70000000,16706.29000000,2435.70042000,1671361199999,40686719.33031980,67845,1263.50882000,21106402.53375890,0
1671361200000,16706.61000000,16727.25000000,16700.01000000,16712.46000000,1750.05940000,1671364799999,29247749.09288140,54286,893.15972000,14927445.94389060,0
1671364800000,16711.99000000,16735.93000000,16702.65000000,16721.35000000,1917.19451000,1671368399999,32047444.22174140,49282,978.09749000,16349926.35653530,0
1671368400000,16721.53000000,16730.79000000,16696.04000000,16711.70000000,1976.24450000,1671371999999,33034668.81536030,57836,955.35880000,15970035.51104100,0
1671372000000,16712.26000000,16726.66000000,16681.55000000,16689.10000000,2592.57478000,1671375599999,43299783.14849840,69606,1270.45272000,21218517.82042410,0
1671375600000,16688.75000000,16702.12000000,16675.85000000,16685.63000000,1798.50740000,1671379199999,30016640.34016720,52438,816.51755000,13627817.96878470,0
1671379200000,16685.62000000,16708.90000000,16678.74000000,16696.80000000,1656.69843000,1671382799999,27654443.32193240,45778,833.05275000,13906227.59259460,0
1671382800000,16696.81000000,16716.68000000,16680.08000000,16713.77000000,1730.09225000,1671386399999,28887829.00215530,50097,834.02263000,13926544.21412230,0
1671386400000,16713.59000000,16796.68000000,16711.54000000,16749.01000000,6057.45440000,1671389999999,101503404.40486590,114501,3027.73018000,50734396.32952070,0
1671390000000,16748.27000000,16771.86000000,16725.01000000,16753.31000000,2477.76072000,1671393599999,41501265.70476450,53402,1190.91892000,19947751.10923940,0
1671393600000,16753.20000000,16774.87000000,16749.09000000,16759.96000000,2279.32264000,1671397199999,38209418.98660010,46554,1080.91652000,18120273.70400190,0
1671397200000,16759.68000000,16785.00000000,16738.11000000,16749.24000000,2285.04540000,1671400799999,38287520.02874350,43481,1131.39860000,18958179.82362730,0
1671400800000,16749.32000000,16866.96000000,16726.23000000,16764.56000000,4980.71945000,1671404399999,83620867.60304880,79571,2417.30530000,40579420.58422880,0
1671404400000,16764.55000000,16820.81000000,16734.23000000,16742.32000000,3905.81589000,1671407999999,65550332.64741620,75247,1912.97694000,32105496.34888790,0
1671408000000,16742.31000000,16818.63000000,16720.04000000,16777.47000000,4403.34379000,1671411599999,73870559.16403670,89341,2253.18597000,37798126.94137760,0
1671411600000,16777.19000000,16805.53000000,16752.65000000,16787.93000000,3321.66463000,1671415199999,55756382.59042260,75608,1589.85177000,26686573.96869360,0
1671415200000,16787.93000000,16790.00000000,16722.26000000,16726.66000000,2965.52797000,1671418799999,49669489.31003410,75391,1383.69409000,23174967.84930200,0
1671418800000,16726.75000000,16734.40000000,16631.52000000,16684.62000000,5488.89085000,1671422399999,91521376.26891640,131772,2721.36162000,45376329.93922540,0
1671422400000,16684.34000000,16738.22000000,16675.97000000,16716.97000000,2660.34745000,1671425999999,44457355.22911580,75199,1324.25106000,22129819.62567360,0
1671426000000,16716.36000000,16733.99000000,16697.46000000,16708.51000000,2351.56868000,1671429599999,39302687.07043430,73987,1156.44645000,19328941.67107300,0
1671429600000,16708.52000000,16752.79000000,16700.00000000,16741.60000000,2583.53116000,1671433199999,43201652.00471200,77337,1378.11300000,23045168.37075790,0
1671433200000,16741.90000000,16751.14000000,16700.66000000,16724.69000000,2562.33369000,1671436799999,42862637.52196520,75420,1257.24606000,21032356.36402760,0
1671436800000,16724.63000000,16769.27000000,16711.83000000,16761.36000000,2805.21412000,1671440399999,46962225.49027970,77019,1462.40626000,24482821.54427850,0
1671440400000,16761.19000000,16772.68000000,16736.00000000,16753.74000000,2769.54006000,1671443999999,46396557.33516810,84412,1414.06797000,23690092.32091880,0
1671444000000,16754.39000000,16786.21000000,16750.00000000,16771.70000000,2826.63053000,1671447599999,47396652.84129020,80254,1478.50937000,24791791.34180350,0
1671447600000,16771.00000000,16774.89000000,16727.77000000,16737.42000000,2514.56336000,1671451199999,42116868.31906140,74068,1223.06239000,20485411.92699800,0
1671451200000,16737.41000000,16759.02000000,16720.84000000,16746.52000000,3234.29465000,1671454799999,54133140.91232590,76836,1569.20893000,26265119.10677430,0
1671454800000,16746.73000000,16758.56000000,16711.25000000,16711.66000000,3658.45489000,1671458399999,61223219.36670990,98446,1861.48101000,31151829.18852920,0
1671458400000,16711.55000000,16766.85000000,16667.34000000,16735.53000000,7629.85775000,1671461999999,127489288.25470780,155868,3894.55088000,65074240.10338750,0
1671462000000,16735.74000000,16743.14000000,16666.00000000,16668.64000000,5365.47077000,1671465599999,89657381.97641460,115673,2579.62035000,43107395.52177060,0
1671465600000,16669.92000000,16703.67000000,16576.70000000,16636.09000000,7841.78761000,1671469199999,130520776.12981770,154154,3778.38054000,62893759.88616810,0
1671469200000,16636.10000000,16651.26000000,16515.42000000,16599.99000000,9416.03651000,1671472799999,156173232.97436980,169357,4370.00241000,72479570.68149510,0
1671472800000,16599.80000000,16636.90000000,16528.03000000,16544.96000000,5835.15465000,1671476399999,96827859.21783580,124338,2782.98834000,46183532.67663660,0
1671476400000,16544.96000000,16588.71000000,16526.29000000,16555.65000000,4666.24021000,1671479999999,77251757.52006780,99921,2262.81049000,37462497.39321480,0
1671480000000,16556.38000000,16615.99000000,16539.07000000,16599.94000000,3216.13238000,1671483599999,53328135.10728750,75484,1569.50489000,26025653.18447740,0
1671483600000,16599.97000000,16649.00000000,16586.34000000,16591.00000000,3430.71122000,1671487199999,56998648.45297710,65828,1721.73505000,28606345.37170660,0
1671487200000,16590.91000000,16610.00000000,16255.00000000,16418.12000000,10852.76680000,1671490799999,178168521.18285290,144556,5371.43820000,88154199.95107420,0
1671490800000,16417.60000000,16459.78000000,16373.71000000,16438.58000000,5499.26309000,1671494399999,90272035.64465700,98097,2767.57920000,45431750.28202640,0
1671494400000,16439.86000000,16480.27000000,16396.46000000,16461.87000000,5132.82535000,1671497999999,84428264.58177100,98370,2531.46985000,41640625.59308620,0
1671498000000,16462.54000000,16610.80000000,16444.63000000,16580.98000000,9133.92357000,1671501599999,150972487.45851000,165523,4589.69998000,75865591.43296660,0
1671501600000,16581.37000000,16861.42000000,16551.61000000,16722.40000000,12323.68451000,1671505199999,205918693.87909110,194032,6376.68242000,106535818.50114440,0
1671505200000,16722.80000000,16828.44000000,16674.85000000,16729.14000000,11014.66792000,1671508799999,184195060.43436370,173908,5507.56235000,92101968.05306990,0
1671508800000,16728.59000000,16881.63000000,16687.99000000,16792.39000000,9108.66256000,1671512399999,152782683.59075200,185780,4534.01168000,76047731.43288090,0
1671512400000,16792.39000000,16815.85000000,16755.10000000,16789.00000000,4142.59571000,1671515999999,69528045.77670750,124462,2099.87208000,35245016.33590350,0
1671516000000,16788.35000000,16844.69000000,16748.00000000,16839.86000000,4595.17236000,1671519599999,77188392.80969760,129904,2316.83828000,38919196.85102090,0
1671519600000,16839.62000000,16851.29000000,16783.00000000,16804.60000000,3996.67542000,1671523199999,67175305.79292910,113227,1891.27512000,31790478.69678210,0
1671523200000,16805.27000000,16842.58000000,16771.49000000,16826.81000000,5415.11781000,1671526799999,90987714.29355520,133489,2693.02217000,45251065.65665960,0
1671526800000,16826.15000000,16861.21000000,16799.90000000,16813.01000000,4435.77265000,1671530399999,74635450.87233060,107037,2233.51615000,37581829.78528710,0
1671530400000,16813.74000000,16831.03000000,16768.13000000,16779.99000000,4268.59781000,1671533999999,71708527.42327260,106066,2096.24014000,35215715.93926840,0
1671534000000,16780.42000000,16850.00000000,16766.73000000,16816.83000000,5340.05133000,1671537599999,89781123.14215870,113549,2764.86169000,46485423.44743410,0
1671537600000,16816.84000000,16858.99000000,16802.45000000,16819.43000000,4176.61746000,1671541199999,70274831.45535900,107609,2083.88004000,35063358.80008540,0
1671541200000,16819.33000000,16831.66000000,16782.16000000,16796.69000000,4393.42400000,1671544799999,73858920.05495830,113431,2262.47725000,38036053.07454910,0
1671544800000,16796.69000000,16984.11000000,16714.14000000,16902.19000000,12111.85280000,1671548399999,203662200.80504490,216836,5921.16177000,99580148.96663130,0
1671548400000,16900.52000000,17061.06000000,16897.58000000,16920.47000000,14320.56362000,1671551999999,242975814.78817310,247419,7343.08712000,124595724.09423690,0
1671552000000,16919.82000000,16936.92000000,16770.00000000,16834.71000000,8297.02490000,1671555599999,139726393.11482830,165251,4125.33018000,69477370.95226210,0
1671555600000,16835.68000000,16858.75000000,16784.11000000,16817.05000000,4939.59661000,1671559199999,83066649.60134870,104395,2370.22288000,39860886.64156020,0
1671559200000,16816.95000000,16869.27000000,16767.47000000,16836.00000000,5106.54925000,1671562799999,85895950.51814750,96553,2629.86191000,44238149.85981270,0
1671562800000,16836.66000000,16914.86000000,16836.08000000,16900.90000000,5112.83760000,1671566399999,86293978.03894260,98945,2602.14953000,43918658.77205510,0
1671566400000,16900.90000000,16930.00000000,16840.23000000,16858.89000000,5044.44297000,1671569999999,85207420.77448410,96555,2472.09994000,41760693.37839300,0
1671570000000,16859.99000000,16895.57000000,16834.31000000,16878.29000000,3782.93273000,1671573599999,63801747.79974300,68848,1967.89937000,33189737.35970320,0
1671573600000,16878.26000000,16912.80000000,16851.23000000,16870.94000000,3084.28334000,1671577199999,52061539.24380200,63073,1517.76282000,25619306.24708970,0
1671577200000,16870.56000000,16927.61000000,16869.19000000,16896.64000000,3525.95923000,1671580799999,59596688.40723040,69123,1706.27537000,28840441.30551140,0
1671580800000,16896.65000000,16926.14000000,16816.24000000,16841.81000000,5132.59419000,1671584399999,86589283.84404730,111530,2513.53440000,42404413.96308520,0
1671584400000,16841.81000000,16880.27000000,16828.75000000,16868.19000000,3366.99238000,1671587999999,56754685.96670150,96637,1717.53103000,28951946.21796840,0
1671588000000,16868.14000000,16881.38000000,16841.68000000,16851.36000000,2474.36867000,1671591599999,41720184.01052010,80654,1234.77848000,20820070.04572650,0
1671591600000,16851.62000000,16853.86000000,16792.90000000,16837.28000000,3518.08912000,1671595199999,59203496.11021000,86985,1756.72993000,29563740.63569730,0
1671595200000,16837.70000000,16839.59000000,16781.57000000,16795.71000000,3426.32041000,1671598799999,57600376.22465240,97616,1687.80515000,28374651.63367150,0
1671598800000,16795.79000000,16848.45000000,16768.40000000,16834.34000000,3658.12399000,1671602399999,61514355.24938220,99642,1952.13975000,32828688.45617320,0
1671602400000,16834.28000000,16858.80000000,16820.50000000,16838.44000000,2627.75620000,1671605999999,44251928.65063070,79528,1416.26802000,23850674.77073770,0
1671606000000,16837.50000000,16855.83000000,16812.96000000,16817.40000000,2396.00650000,1671609599999,40333586.95174590,75026,1070.58643000,18022700.74255850,0
1671609600000,16817.45000000,16896.13000000,16798.68000000,16866.06000000,5290.45879000,1671613199999,89058273.64181520,119876,2570.75834000,43275678.94297850,0
1671613200000,16865.63000000,16884.97000000,16848.00000000,16871.31000000,2918.77236000,1671616799999,49236177.61085860,84476,1401.39804000,23640176.07003590,0
1671616800000,16871.30000000,16884.44000000,16853.46000000,16863.16000000,2191.37326000,1671620399999,36969642.18290890,59868,1031.44363000,17401300.41353540,0
1671620400000,16863.25000000,16894.90000000,16854.18000000,16878.87000000,2351.71748000,1671623999999,39673114.70858990,64254,1174.15281000,19809182.34442570,0
1671624000000,16878.18000000,16887.48000000,16833.96000000,16834.92000000,3239.76167000,1671627599999,54603853.62292480,76662,1498.88063000,25262937.26169710,0
1671627600000,16835.61000000,16854.90000000,16811.85000000,16849.62000000,4077.09481000,1671631199999,68649184.60272700,97099,2064.24376000,34757705.92650510,0
1671631200000,16849.60000000,16916.63000000,16730.00000000,16798.52000000,8668.74233000,1671634799999,145974004.93996210,170373,4403.76945000,74160504.15807040,0
1671634800000,16796.45000000,16872.75000000,16765.15000000,16862.07000000,7359.95614000,1671638399999,123854146.14719250,155470,3682.99433000,61981858.55164040,0
1671638400000,16862.07000000,16866.83000000,16779.48000000,16780.85000000,5169.97187000,1671641999999,86975707.01938890,115451,2503.06750000,42109461.31054160,0
1671642000000,16780.85000000,16821.20000000,16771.35000000,16815.00000000,4056.74684000,1671645599999,68155971.42875440,96149,2043.07858000,34325138.29697080,0
1671645600000,16815.49000000,16833.67000000,16775.08000000,16789.65000000,3107.58880000,1671649199999,52226599.82630400,67988,1522.93647000,25595486.37861610,0
1671649200000,16789.65000000,16806.64000000,16729.61000000,16756.34000000,3662.99697000,1671652799999,61458756.84995270,72400,1806.38144000,30307127.60924890,0
1671652800000,16756.48000000,16783.41000000,16731.28000000,16781.68000000,3504.26428000,1671656399999,58727766.84721290,75069,1727.64767000,28954627.94925730,0
1671656400000,16781.69000000,16801.83000000,16754.33000000,16793.20000000,2657.77402000,1671659999999,44606112.49897190,59896,1316.46449000,22095304.32909510,0
1671660000000,16794.57000000,16794.93000000,16756.55000000,16765.14000000,1748.14969000,1671663599999,29324203.06420990,40867,805.74878000,13516104.03552660,0
1671663600000,16765.24000000,16842.00000000,16750.00000000,16825.10000000,3770.60751000,1671667199999,63318584.88625230,78814,1870.90199000,31418690.58411730,0
1671667200000,16826.00000000,16860.00000000,16810.56000000,16857.98000000,3171.25531000,1671670799999,53378328.23131590,80972,1647.98837000,27739714.29984180,0
1671670800000,16857.80000000,16861.12000000,16815.57000000,16819.10000000,2317.26289000,1671674399999,39022364.32365300,66808,1128.09548000,18997798.20730550,0
1671674400000,16818.95000000,16856.25000000,16812.50000000,16854.99000000,2013.01944000,1671677999999,33886144.84146790,64488,993.97859000,16733018.57294070,0
1671678000000,16855.01000000,16858.56000000,16833.03000000,16853.70000000,1926.60762000,1671681599999,32460206.79353180,64257,973.36591000,16400225.46434630,0
1671681600000,16854.00000000,16860.08000000,16833.74000000,16837.19000000,2272.47571000,1671685199999,38285337.01808740,74284,1071.34094000,18049745.64449310,0
1671685200000,16837.15000000,16840.87000000,16816.50000000,16824.45000000,2086.97068000,1671688799999,35120120.17753650,69709,991.29018000,16681965.30537810,0
1671688800000,16824.29000000,16827.16000000,16795.33000000,16808.53000000,3742.68867000,1671692399999,62918786.13571810,91971,2043.98944000,34362327.66573630,0
1671692400000,16808.53000000,16842.10000000,16783.36000000,16827.25000000,2833.26933000,1671695999999,47632734.85608130,81799,1466.52104000,24656559.51581120,0
1671696000000,16827.90000000,16858.00000000,16801.91000000,16837.70000000,3638.94417000,1671699599999,61243658.86690280,109135,1833.44792000,30857765.38847480,0
1671699600000,16837.66000000,16868.23000000,16824.23000000,16848.86000000,4060.86753000,1671703199999,68407555.86131080,111907,2016.92606000,33977126.12504920,0
1671703200000,16848.51000000,16862.04000000,16820.68000000,16823.89000000,2766.05031000,1671706799999,46574953.65101730,78313,1256.75100000,21162753.46104800,0
1671706800000,16823.95000000,16847.85000000,16813.75000000,16834.83000000,2802.88324000,1671710399999,47171425.44765470,82446,1335.56354000,22477554.03089530,0
1671710400000,16834.83000000,16846.58000000,16812.76000000,16816.08000000,2649.76265000,1671713999999,44584500.47389530,86179,1231.95439000,20729778.97375770,0
1671714000000,16816.29000000,16823.49000000,16757.41000000,16782.00000000,6068.92363000,1671717599999,101914104.59171230,157412,3062.40686000,51426984.74273430,0
1671717600000,16782.13000000,16793.40000000,16628.19000000,16673.24000000,10884.31787000,1671721199999,181799179.26674700,219577,5282.15127000,88220543.81052660,0
1671721200000,16674.00000000,16712.49000000,16610.65000000,16636.00000000,8501.29452000,1671724799999,141651129.14907280,187820,4218.23220000,70285875.03485940,0
1671724800000,16635.48000000,16668.68000000,16619.01000000,16661.31000000,5542.81573000,1671728399999,92281975.50609640,131864,2803.23538000,46672539.60677230,0
1671728400000,16662.08000000,16664.68000000,16565.00000000,16591.31000000,7528.44336000,1671731999999,125051421.31409960,147912,3486.57193000,57914986.85044930,0
1671732000000,16591.38000000,16622.91000000,16560.68000000,16615.25000000,5095.46014000,1671735599999,84561601.14224840,104108,2534.18977000,42057091.18416150,0
1671735600000,16615.48000000,16663.00000000,16607.54000000,16661.00000000,3869.86698000,1671739199999,64391974.36500470,94204,1991.60082000,33139479.60300010,0
1671739200000,16661.11000000,16852.00000000,16645.78000000,16779.71000000,11266.61046000,1671742799999,188850929.64147910,213906,5675.57227000,95138172.21240050,0
1671742800000,16779.71000000,16825.00000000,16770.67000000,16796.30000000,4065.17685000,1671746399999,68280278.33198180,97480,2075.83748000,34867122.30200490,0
1671746400000,16796.20000000,16848.25000000,16780.01000000,16796.93000000,3189.45032000,1671749999999,53609282.49579980,67001,1621.37775000,27253588.78938110,0
1671750000000,16797.05000000,16829.08000000,16796.74000000,16821.18000000,2630.54401000,1671753599999,44233929.29171680,69882,1368.06615000,23005398.60189030,0
1671753600000,16821.19000000,16833.00000000,16768.26000000,16779.78000000,3272.14542000,1671757199999,54959105.80027360,84698,1587.77963000,26669422.64832980,0
1671757200000,16779.87000000,16807.18000000,16771.53000000,16797.90000000,2457.49002000,1671760799999,41267814.00838560,72729,1236.46865000,20764254.39743660,0
1671760800000,16797.91000000,16868.00000000,16777.71000000,16848.11000000,3599.73712000,1671764399999,60519588.67324550,97958,1800.51214000,30273623.09436950,0
1671764400000,16848.11000000,16893.31000000,16822.51000000,16827.96000000,3840.36996000,1671767999999,64741139.18596390,114991,1929.76355000,32534039.33494380,0
1671768000000,16827.65000000,16840.68000000,16808.17000000,16837.68000000,2410.17780000,1671771599999,40546160.21842860,74197,1230.02698000,20693119.28499880,0
1671771600000,16837.67000000,16846.52000000,16817.65000000,16821.07000000,2277.90438000,1671775199999,38334850.20776380,72634,1128.21883000,18987309.81204980,0
1671775200000,16821.27000000,16848.97000000,16805.41000000,16840.05000000,2779.36117000,1671778799999,46773226.34584200,79112,1480.00144000,24907478.00022690,0
1671778800000,16840.14000000,16855.43000000,16833.68000000,16847.49000000,2746.19554000,1671782399999,46259790.00125250,79720,1445.89061000,24356735.83561470,0
1671782400000,16847.71000000,16859.00000000,16810.72000000,16833.90000000,3525.96885000,1671785999999,59354638.92636920,105756,1700.24653000,28622211.63284820,0
1671786000000,16833.66000000,16845.41000000,16816.36000000,16836.28000000,2909.88068000,1671789599999,48984394.18309720,74921,1433.30311000,24129507.81101680,0
1671789600000,16836.75000000,16892.82000000,16831.66000000,16855.83000000,4082.17571000,1671793199999,68827155.11368480,101905,2153.84705000,36315040.32891070,0
1671793200000,16856.13000000,16860.63000000,16840.96000000,16843.06000000,2503.73072000,1671796799999,42185757.10906600,74633,1192.89643000,20099776.69343270,0
1671796800000,16843.46000000,16875.00000000,16839.01000000,16871.34000000,2665.43778000,1671800399999,44928509.83114950,78403,1354.04254000,22823954.68764510,0
1671800400000,16871.04000000,16955.20000000,16735.00000000,16840.72000000,14636.51426000,1671803999999,246649167.89576190,254446,7226.58150000,121791052.04953860,0
1671804000000,16841.20000000,16855.79000000,16760.00000000,16788.53000000,9839.35617000,1671807599999,165339099.50764820,220010,4789.09023000,80477617.94951540,0
1671807600000,16789.50000000,16890.12000000,16780.00000000,16831.14000000,8779.20344000,1671811199999,147779228.89448830,200425,4547.62070000,76551509.29902250,0
1671811200000,16831.14000000,16846.80000000,16814.95000000,16826.87000000,4659.08914000,1671814799999,78420007.26890240,121949,2301.48997000,38738746.29214880,0
1671814800000,16826.85000000,16854.73000000,16823.51000000,16840.40000000,3136.20218000,1671818399999,52811239.96310840,93131,1534.11346000,25833963.46278130,0
1671818400000,16840.06000000,16855.13000000,16820.40000000,16835.73000000,2627.34877000,1671821999999,44243350.01371400,80350,1297.89173000,21856194.43822220,0
1671822000000,16836.01000000,16859.78000000,16828.87000000,16844.22000000,2206.10775000,1671825599999,37163233.67349050,77491,1107.11608000,18650637.69744650,0
1671825600000,16844.03000000,16850.43000000,16784.00000000,16810.81000000,3508.09812000,1671829199999,59007066.30300490,105151,1811.96939000,30479413.05747730,0
1671829200000,16811.24000000,16821.95000000,16787.98000000,16810.04000000,2607.01273000,1671832799999,43817812.28482630,80829,1416.67625000,23811559.43029660,0
1671832800000,16809.50000000,16810.95000000,16762.88000000,16791.06000000,2816.51898000,1671836399999,47278160.86226070,83416,1324.62757000,22235769.35477200,0
1671836400000,16791.06000000,16798.13000000,16770.87000000,16777.19000000,2086.39713000,1671839999999,35019981.50030850,69175,1072.51686000,18002456.45962800,0
1671840000000,16777.20000000,16815.58000000,16775.28000000,16805.36000000,1796.11742000,1671843599999,30176595.80751180,76312,958.47624000,16103885.49365610,0
1671843600000,16805.54000000,16826.04000000,16797.46000000,16813.11000000,1721.59571000,1671847199999,28940980.47249750,79081,899.82370000,15127031.10437020,0
1671847200000,16813.11000000,16829.35000000,16800.00000000,16827.14000000,1897.57466000,1671850799999,31911968.52346700,85250,1002.64723000,16862449.35910610,0
1671850800000,16827.14000000,16843.60000000,16822.79000000,16840.13000000,1629.09021000,1671854399999,27426171.36006920,78719,889.54862000,14976067.77926920,0
1671854400000,16840.21000000,16845.22000000,16821.14000000,16827.28000000,2428.97921000,1671857999999,40888448.51179130,76806,1243.09075000,20925885.99374530,0
1671858000000,16827.98000000,16828.73000000,16803.31000000,16821.62000000,2127.40976000,1671861599999,35775886.04309010,90732,1051.51172000,17683099.48088910,0
1671861600000,16821.68000000,16822.73000000,16806.43000000,16815.55000000,1907.30884000,1671865199999,32070365.34273760,72533,951.79074000,16004112.13744890,0
1671865200000,16815.54000000,16860.00000000,16808.00000000,16847.67000000,2548.53485000,1671868799999,42902136.71729710,76381,1470.95823000,24763854.53583200,0
1671868800000,16847.80000000,16852.00000000,16824.45000000,16827.24000000,1915.33229000,1671872399999,32247962.54879440,73719,993.74047000,16731745.21466490,0
1671872400000,16827.46000000,16849.44000000,16818.62000000,16830.33000000,2586.65204000,1671875999999,43547907.06073590,86230,1310.35036000,22061005.66664830,0
1671876000000,16830.33000000,16836.00000000,16825.70000000,16827.41000000,1411.06285000,1671879599999,23749863.12350840,69101,642.74533000,10818372.95429790,0
1671879600000,16827.53000000,16835.86000000,16821.32000000,16824.52000000,1544.67755000,1671883199999,25993935.97131370,65397,767.89501000,12922312.89619840,0
1671883200000,16824.60000000,16831.62000000,16819.01000000,16821.59000000,1977.72507000,1671886799999,33273956.58319110,61607,917.02873000,15428639.44990230,0
1671886800000,16821.59000000,16829.80000000,16814.89000000,16817.84000000,2097.21407000,1671890399999,35281052.82905350,66347,974.71006000,16397652.63209990,0
1671890400000,16817.90000000,16838.22000000,16815.74000000,16831.31000000,2200.40807000,1671893999999,37020307.27618580,65842,1132.14325000,19047543.24396660,0
1671894000000,16831.30000000,16840.13000000,16830.40000000,16835.73000000,1913.37104000,1671897599999,32211144.53946120,73697,978.38379000,16470933.35412480,0
1671897600000,16835.67000000,16840.35000000,16822.23000000,16836.35000000,2155.03544000,1671901199999,36277586.78791130,66741,1040.85737000,17521941.76034190,0
1671901200000,16836.51000000,16844.55000000,16830.00000000,16840.15000000,1935.50980000,1671904799999,32586986.33175950,79189,938.56761000,15802323.89558970,0
1671904800000,16840.23000000,16846.44000000,16827.75000000,16841.43000000,2078.11790000,1671908399999,34989244.83730370,76672,1055.26108000,17767686.82668810,0
1671908400000,16841.44000000,16863.50000000,16832.98000000,16843.06000000,2536.52239000,1671911999999,42733650.41302930,88135,1263.11994000,21280759.42620950,0
1671912000000,16843.18000000,16845.17000000,16834.47000000,16839.82000000,1725.29365000,1671915599999,29053165.55182740,81473,846.08564000,14247844.22899630,0
1671915600000,16839.73000000,16858.51000000,16822.38000000,16823.47000000,2224.07647000,1671919199999,37450646.92377180,80660,1082.66663000,18231508.99327590,0
1671919200000,16823.82000000,16839.65000000,16815.19000000,16825.52000000,1584.02143000,1671922799999,26654811.81879230,59340,796.95398000,13410840.05781580,0
1671922800000,16825.73000000,16851.22000000,16809.00000000,16835.63000000,2356.29295000,1671926399999,39663938.65471490,70137,1194.04095000,20100554.16871190,0
1671926400000,16835.05000000,16847.00000000,16830.00000000,16843.14000000,1800.27787000,1671929999999,30313033.07210010,67201,943.43764000,15885737.82411320,0
1671930000000,16843.14000000,16852.31000000,16840.30000000,16844.64000000,2151.67027000,1671933599999,36246107.65619270,97284,1107.51978000,18656917.34766000,0
1671933600000,16844.64000000,16847.07000000,16823.00000000,16826.73000000,2012.08417000,1671937199999,33871349.85430040,91016,1002.11139000,16869473.32519280,0
1671937200000,16826.58000000,16838.00000000,16824.45000000,16831.72000000,1634.65907000,1671940799999,27514238.71684670,79083,834.31046000,14042984.44257100,0
1671940800000,16831.79000000,16832.08000000,16814.63000000,16821.59000000,2297.27969000,1671944399999,38649651.25008620,90194,1091.32795000,18360579.56087810,0
1671944400000,16821.58000000,16838.38000000,16800.91000000,16831.25000000,3498.25139000,1671947999999,58841909.28550780,119002,1851.34759000,31140872.82490460,0
1671948000000,16831.29000000,16832.26000000,16817.00000000,16829.65000000,2458.15881000,1671951599999,41358848.64125670,95536,1271.41872000,21391872.66768320,0
1671951600000,16829.65000000,16832.00000000,16820.00000000,16822.40000000,2470.83126000,1671955199999,41572788.30253040,92913,1235.48759000,20788083.30371910,0
1671955200000,16822.28000000,16833.46000000,16821.60000000,16828.86000000,2071.19040000,1671958799999,34855222.00855500,89838,1046.89287000,17617905.10810270,0
1671958800000,16828.57000000,16835.00000000,16825.14000000,16831.56000000,2086.56684000,1671962399999,35114628.10510930,78088,1014.84182000,17078834.17515520,0
1671962400000,16831.57000000,16833.00000000,16820.00000000,16825.05000000,2326.20949000,1671965999999,39139536.62550640,93565,1095.84306000,18438279.67630740,0
1671966000000,16824.84000000,16825.60000000,16814.07000000,16820.19000000,2862.81315000,1671969599999,48158226.43732720,101103,1354.38096000,22783755.45798950,0
1671969600000,16820.19000000,16823.93000000,16813.53000000,16817.00000000,2429.95387000,1671973199999,40868441.87595380,84242,1230.68005000,20698514.62107470,0
1671973200000,16817.05000000,16820.56000000,16798.06000000,16809.37000000,2829.39109000,1671976799999,47566587.99295050,92260,1438.91488000,24190923.21245860,0
1671976800000,16809.65000000,16830.00000000,16710.24000000,16826.06000000,6094.89551000,1671980399999,102266608.83642250,145802,3105.32402000,52102202.32360300,0
1671980400000,16826.06000000,16856.15000000,16783.68000000,16791.60000000,5482.70681000,1671983999999,92230332.46456050,139892,2784.13744000,46836990.41543010,0
1671984000000,16791.07000000,16818.28000000,16769.20000000,16813.58000000,2843.81321000,1671987599999,47765051.57955090,83591,1336.30068000,22444581.32977820,0
1671987600000,16813.66000000,16819.79000000,16787.20000000,16793.50000000,2401.79186000,1671991199999,40360290.61362230,64661,1206.43470000,20273602.75373490,0
1671991200000,16793.84000000,16800.27000000,16772.23000000,16777.68000000,1609.36047000,1671994799999,27021970.23293750,49728,794.15610000,13334418.80923530,0
1671994800000,16777.17000000,16793.48000000,16725.22000000,16791.39000000,5046.13700000,1671998399999,84548228.51088020,107908,2581.67009000,43257449.27781340,0
1671998400000,16792.00000000,16793.44000000,16751.42000000,16766.20000000,2116.70221000,1672001999999,35497586.72285550,56096,1029.16783000,17259266.60338200,0
1672002000000,16766.40000000,16843.34000000,16760.36000000,16827.67000000,3653.40230000,1672005599999,61397162.07492240,85768,1946.57427000,32712978.02024810,0
1672005600000,16827.81000000,16843.19000000,16804.03000000,16819.21000000,2130.33555000,1672009199999,35841112.07966380,60857,1028.69607000,17306909.23322100,0
1672009200000,16819.92000000,16836.29000000,16808.61000000,16828.99000000,1979.28007000,1672012799999,33297490.74440690,63331,1011.11719000,17010262.98566460,0
1672012800000,16829.01000000,16834.92000000,16817.90000000,16829.48000000,2168.57548000,1672016399999,36490204.68168560,90397,1076.14023000,18108310.17773310,0
1672016400000,16829.48000000,16872.82000000,16825.41000000,16854.08000000,3296.16043000,1672019999999,55514128.33407960,111713,1727.87862000,29101112.54432720,0
1672020000000,16854.08000000,16898.00000000,16850.00000000,16888.15000000,3712.87562000,1672023599999,62658186.20278830,136681,2000.69050000,33764253.62584800,0
1672023600000,16888.05000000,16896.42000000,16870.58000000,16892.30000000,2525.14898000,1672027199999,42633075.92368920,100512,1317.93283000,22251684.34649210,0
1672027200000,16892.30000000,16920.00000000,16862.58000000,16875.73000000,3150.18004000,1672030799999,53200277.72320790,132015,1629.10682000,27513186.05226400,0
1672030800000,16875.31000000,16889.30000000,16850.00000000,16851.20000000,2682.27353000,1672034399999,45249148.60397350,107879,1309.68209000,22094429.19150680,0
1672034400000,16851.32000000,16867.31000000,16846.97000000,16852.11000000,2109.66579000,1672037999999,35566246.32308320,96234,1060.04177000,17871052.74916840,0
1672038000000,16852.29000000,16853.60000000,16831.47000000,16842.12000000,2861.10882000,1672041599999,48196745.98480620,112417,1393.47824000,23474261.98178250,0
1672041600000,16842.20000000,16845.00000000,16815.83000000,16837.77000000,2643.48422000,1672045199999,44500012.37198880,121123,1312.41501000,22093374.07469710,0
1672045200000,16837.81000000,16850.76000000,16830.65000000,16831.02000000,2421.58731000,1672048799999,40785477.12936690,116296,1260.48531000,21229871.26946550,0
1672048800000,16831.02000000,16862.18000000,16827.20000000,16845.40000000,2956.84459000,1672052399999,49816158.02050590,109043,1577.40910000,26576233.29916980,0
1672052400000,16845.20000000,16869.51000000,16842.24000000,16862.21000000,2363.41025000,1672055999999,39844365.33757960,111811,1215.84943000,20498121.03830630,0
1672056000000,16862.43000000,16866.55000000,16848.54000000,16856.12000000,1884.59144000,1672059599999,31767779.44850960,87804,908.97993000,15322638.10649930,0
1672059600000,16856.12000000,16857.87000000,16829.00000000,16835.99000000,3597.54904000,1672063199999,60591093.49435050,127499,1690.53791000,28473135.73111520,0
1672063200000,16835.99000000,16843.50000000,16824.31000000,16830.79000000,3077.40417000,1672066799999,51805233.07338010,99843,1503.25995000,25306216.71136520,0
1672066800000,16830.89000000,16835.00000000,16789.57000000,16807.13000000,3382.22398000,1672070399999,56864026.14300700,110605,1640.75284000,27585940.18117070,0
1672070400000,16807.15000000,16840.58000000,16796.47000000,16837.10000000,2830.67023000,1672073999999,47625811.05605560,96571,1487.76305000,25032076.36490110,0
1672074000000,16837.15000000,16843.00000000,16824.72000000,16833.16000000,2461.90247000,1672077599999,41441673.92447900,84326,1252.26338000,21080052.24030110,0
1672077600000,16833.00000000,16841.35000000,16811.62000000,16817.09000000,2580.72914000,1672081199999,43416290.26958560,74310,1190.19250000,20023161.67267830,0
1672081200000,16817.00000000,16859.84000000,16813.25000000,16838.77000000,2783.66730000,1672084799999,46873424.43937710,79113,1426.55568000,24021955.41800450,0
1672084800000,16838.56000000,16846.13000000,16831.69000000,16839.97000000,1889.78026000,1672088399999,31822806.05486140,62312,958.19145000,16135571.48061230,0
1672088400000,16839.95000000,16850.69000000,16820.24000000,16831.82000000,2327.28787000,1672091999999,39187362.47434920,68198,1182.66695000,19914594.65224570,0
1672092000000,16831.82000000,16847.25000000,16829.50000000,16836.18000000,1667.93630000,1672095599999,28085378.79385870,62535,853.94243000,14379160.56677650,0
1672095600000,16836.00000000,16942.00000000,16816.01000000,16917.32000000,5628.35573000,1672099199999,94948523.61360470,150218,2910.41236000,49098519.48361960,0
1672099200000,16917.30000000,16972.86000000,16835.00000000,16868.18000000,7255.97090000,1672102799999,122705306.28413810,194467,3687.96842000,62362895.36405320,0
1672102800000,16867.53000000,16887.62000000,16848.82000000,16862.75000000,3233.35985000,1672106399999,54531924.10753410,136801,1563.97174000,26376963.32382480,0
1672106400000,16862.75000000,16888.53000000,16862.22000000,16877.72000000,2884.57008000,1672109999999,48685851.79560180,132513,1437.89852000,24268909.22642210,0
1672110000000,16877.72000000,16881.94000000,16852.42000000,16872.62000000,2872.63543000,1672113599999,48447592.22924350,132176,1551.02064000,26158243.10106440,0
1672113600000,16872.80000000,16890.00000000,16864.70000000,16887.81000000,2740.76477000,1672117199999,46246979.57507770,122751,1396.77240000,23568954.98990300,0
1672117200000,16888.04000000,16893.64000000,16865.02000000,16868.00000000,3228.62364000,1672120799999,54494453.43754180,134626,1628.94270000,27494218.35422280,0
1672120800000,16868.00000000,16888.22000000,16855.00000000,16886.00000000,2840.66664000,1672124399999,47921632.25214730,146761,1494.71112000,25216015.88876820,0
1672124400000,16886.00000000,16886.35000000,16850.02000000,16866.08000000,3878.94905000,1672127999999,65440269.79165100,163238,1873.43293000,31606002.59135000,0
1672128000000,16865.92000000,16870.00000000,16830.00000000,16845.49000000,4760.19803000,1672131599999,80243188.30339780,170426,2297.84156000,38736381.68849770,0
1672131600000,16845.49000000,16878.36000000,16835.92000000,16872.86000000,4772.60105000,1672135199999,80444883.22505300,194355,2508.48272000,42282371.97034790,0
1672135200000,16872.87000000,16875.24000000,16847.03000000,16855.58000000,4525.35188000,1672138799999,76293449.76116170,185762,2191.73322000,36951061.68920400,0
1672138800000,16855.36000000,16858.67000000,16804.93000000,16828.80000000,4924.78458000,1672142399999,82884932.59143820,170469,2509.04776000,42226669.02899620,0
1672142400000,16828.88000000,16835.94000000,16794.82000000,16808.14000000,4960.45707000,1672145999999,83443060.06406200,169015,2481.48284000,41742498.63168450,0
1672146000000,16808.16000000,16834.21000000,16798.45000000,16816.08000000,4345.88242000,1672149599999,73089938.52704120,141049,2143.82775000,36056298.66506670,0
1672149600000,16815.60000000,16826.00000000,16730.00000000,16768.30000000,9235.98711000,1672153199999,154969260.91915270,196786,4667.00402000,78309800.24205590,0
1672153200000,16768.29000000,16834.26000000,16741.75000000,16796.40000000,8841.50887000,1672156799999,148511834.73149830,225746,4382.26505000,73608435.35210370,0
1672156800000,16796.25000000,16801.50000000,16752.99000000,16772.73000000,5998.45324000,1672160399999,100641820.28649470,196235,2944.80852000,49408824.62159470,0
1672160400000,16772.74000000,16780.40000000,16601.96000000,16675.18000000,8116.46901000,1672163999999,135629991.21197470,182186,3919.90372000,65507875.64037060,0
1672164000000,16675.03000000,16678.85000000,16609.02000000,16631.10000000,6408.19855000,1672167599999,106694302.84784820,136278,3270.29195000,54449949.61000470,0
1672167600000,16631.48000000,16687.15000000,16589.28000000,16685.95000000,4888.27561000,1672171199999,81363215.77383050,119698,2426.43142000,40389168.50059790,0
1672171200000,16686.55000000,16693.10000000,16652.41000000,16662.65000000,4151.61451000,1672174799999,69225297.20981190,110838,1927.58006000,32142365.68169900,0
1672174800000,16662.65000000,16718.34000000,16648.48000000,16698.06000000,3403.55594000,1672178399999,56731339.96278060,93274,1621.20324000,27023632.21293270,0
1672178400000,16697.86000000,16704.36000000,16681.73000000,16686.49000000,2952.23431000,1672181999999,49282193.86716730,78822,1468.75521000,24518444.89678080,0
1672182000000,16686.48000000,16717.96000000,16680.24000000,16702.00000000,2978.39847000,1672185599999,49745298.34628780,84418,1501.36242000,25076060.56743050,0
1672185600000,16701.69000000,16720.54000000,16664.58000000,16683.04000000,3544.38333000,1672189199999,59183431.90138090,106767,1756.68201000,29333085.73398790,0
1672189200000,16683.02000000,16750.12000000,16644.18000000,16690.77000000,5115.12804000,1672192799999,85387029.02484300,150837,2524.60481000,42140584.53987100,0
1672192800000,16691.01000000,16709.05000000,16673.08000000,16679.61000000,3384.20941000,1672196399999,56476961.34859950,144205,1637.63145000,27329821.45010610,0
1672196400000,16679.60000000,16690.40000000,16551.16000000,16645.81000000,9245.06864000,1672199999999,153711039.68739990,249966,4586.47516000,76256922.43254960,0
1672200000000,16645.81000000,16674.26000000,16636.41000000,16655.32000000,3979.68475000,1672203599999,66284307.10929050,163145,1981.12500000,32997182.38484930,0
1672203600000,16655.45000000,16663.44000000,16581.78000000,16600.01000000,7937.08201000,1672207199999,131929615.06550050,219290,3960.09001000,65822114.60008720,0
1672207200000,16599.07000000,16619.84000000,16588.78000000,16608.42000000,3691.98635000,1672210799999,61304628.49918970,143318,1764.64882000,29301980.21652750,0
1672210800000,16608.06000000,16651.33000000,16607.89000000,16643.55000000,3513.09759000,1672214399999,58443576.23936380,158504,1825.55700000,30369859.75401880,0
1672214400000,16643.40000000,16662.67000000,16626.20000000,16638.74000000,4161.54355000,1672217999999,69265889.46474120,148240,2059.52293000,34279542.17812560,0
1672218000000,16638.56000000,16677.26000000,16626.43000000,16654.86000000,3605.44168000,1672221599999,60017513.66577920,135220,1788.74328000,29776851.80728180,0
1672221600000,16654.86000000,16679.10000000,16641.00000000,16659.83000000,4591.32590000,1672225199999,76472793.25478630,130664,2387.08865000,39759116.92324960,0
1672225200000,16659.73000000,16684.62000000,16654.26000000,16674.27000000,3874.26625000,1672228799999,64576128.89253770,141092,2018.72926000,33648533.71218640,0
1672228800000,16674.04000000,16682.70000000,16646.17000000,16650.08000000,3504.97406000,1672232399999,58397228.62503850,149669,1774.38795000,29564308.52372580,0
1672232400000,16650.08000000,16659.46000000,16634.00000000,16646.11000000,3806.86635000,1672235999999,63372768.72864110,149878,1921.08667000,31980621.17930690,0
1672236000000,16646.07000000,16761.52000000,16621.59000000,16732.71000000,10421.20208000,1672239599999,174016880.76738340,238187,5183.81792000,86562186.53087880,0
1672239600000,16732.83000000,16778.77000000,16562.59000000,16571.70000000,12009.74444000,1672243199999,200166512.54190140,267194,5783.87215000,96418245.35488910,0
1672243200000,16572.35000000,16620.00000000,16556.88000000,16600.51000000,6375.56224000,1672246799999,105791808.64648940,189138,3126.24739000,51876224.78484080,0
1672246800000,16600.00000000,16647.35000000,16581.50000000,16631.79000000,4432.25360000,1672250399999,73643743.60373280,153683,2147.80417000,35686838.41871000,0
1672250400000,16631.95000000,16658.77000000,16610.00000000,16625.46000000,4284.04033000,1672253999999,71257245.65198970,135797,2113.00957000,35146191.71418060,0
1672254000000,16625.33000000,16638.00000000,16583.92000000,16587.86000000,4087.24872000,1672257599999,67881186.05172490,120324,1964.77958000,32632385.44786460,0
1672257600000,16587.86000000,16607.47000000,16571.42000000,16588.28000000,3672.18482000,1672261199999,60928565.50289480,106113,1757.98420000,29168875.71024390,0
1672261200000,16587.92000000,16591.02000000,16458.52000000,16518.23000000,8544.38434000,1672264799999,141124131.14986750,160610,4188.97224000,69184862.21297720,0
1672264800000,16518.40000000,16532.82000000,16467.59000000,16509.22000000,3976.09935000,1672268399999,65595055.68164910,102175,1964.10038000,32402693.89431090,0
1672268400000,16509.38000000,16550.06000000,16502.58000000,16538.14000000,4135.45359000,1672271999999,68363193.92943590,98299,2032.41487000,33598322.32158960,0
1672272000000,16538.18000000,16584.80000000,16531.70000000,16573.87000000,4116.94894000,1672275599999,68165346.03472640,115092,2105.80709000,34866171.90529110,0
1672275600000,16573.88000000,16578.15000000,16536.45000000,16540.95000000,3027.16857000,1672279199999,50109518.11446530,104709,1496.42117000,24770292.66371810,0
1672279200000,16540.80000000,16546.52000000,16482.02000000,16533.07000000,5066.54711000,1672282799999,83688769.14748630,157955,2475.29243000,40884793.88262620,0
1672282800000,16532.93000000,16555.09000000,16526.59000000,16550.94000000,3010.35870000,1672286399999,49793057.16973970,129152,1446.55176000,23927316.62748990,0
1672286400000,16550.68000000,16576.35000000,16531.90000000,16564.99000000,3358.03043000,1672289999999,55587691.98153060,129562,1676.80467000,27758387.47352620,0
1672290000000,16565.00000000,16573.74000000,16548.00000000,16567.90000000,2491.16970000,1672293599999,41251153.17764530,98951,1230.81128000,20381104.55012480,0
1672293600000,16568.31000000,16573.00000000,16550.64000000,16555.85000000,2405.28673000,1672297199999,39832383.36892700,92579,1175.24297000,19462747.71359870,0
1672297200000,16555.85000000,16565.00000000,16527.27000000,16548.84000000,3444.38691000,1672300799999,56979748.65697880,118408,1662.66740000,27504460.79872960,0
1672300800000,16548.85000000,16559.99000000,16510.23000000,16522.65000000,4344.45477000,1672304399999,71817892.73066380,142585,2139.62255000,35370156.62601960,0
1672304400000,16522.85000000,16623.00000000,16522.21000000,16583.94000000,6599.91747000,1672307999999,109386952.32755430,178894,3408.27866000,56488714.24248550,0
1672308000000,16584.24000000,16603.01000000,16570.53000000,16597.30000000,3819.55505000,1672311599999,63353146.49831730,128276,1924.31494000,31918204.44427040,0
1672311600000,16597.28000000,16614.14000000,16581.59000000,16592.17000000,3580.70047000,1672315199999,59424435.16632160,127763,1773.86196000,29439154.57937780,0
1672315200000,16592.29000000,16617.06000000,16585.00000000,16612.09000000,3782.36421000,1672318799999,62782344.11721800,119985,1895.45395000,31462076.16817330,0
1672318800000,16611.90000000,16645.65000000,16587.00000000,16610.95000000,6950.18200000,1672322399999,115511669.58351300,182066,3441.01206000,57190349.23853760,0
1672322400000,16611.16000000,16658.04000000,16595.23000000,16623.25000000,7058.19940000,1672325999999,117348464.49032770,180538,3465.43999000,57617377.23675590,0
1672326000000,16623.81000000,16660.00000000,16601.41000000,16610.24000000,5050.33819000,1672329599999,83978959.74347960,154841,2515.05797000,41823091.68809560,0
1672329600000,16610.35000000,16647.99000000,16600.64000000,16625.66000000,4324.06663000,1672333199999,71884738.33710860,133648,2149.56758000,35734955.84559130,0
1672333200000,16625.87000000,16633.08000000,16589.66000000,16611.09000000,3359.00505000,1672336799999,55805589.51240490,99698,1634.70742000,27158640.45269910,0
1672336800000,16610.50000000,16627.75000000,16597.50000000,16626.59000000,3111.43081000,1672340399999,51688749.05173890,82483,1612.66594000,26790852.27605860,0
1672340400000,16626.52000000,16635.22000000,16583.44000000,16605.17000000,4032.31396000,1672343999999,66983779.61638060,95762,2056.47650000,34160991.50297860,0
1672344000000,16605.17000000,16611.25000000,16546.32000000,16591.25000000,5667.60315000,1672347599999,94002439.45884650,126284,2804.43300000,46514021.86390590,0
1672347600000,16591.21000000,16606.54000000,16583.44000000,16591.00000000,2473.53171000,1672351199999,41045651.26056110,71038,1242.50891000,20618294.20761500,0
1672351200000,16591.06000000,16629.64000000,16587.19000000,16612.65000000,2516.41087000,1672354799999,41796980.81140740,74032,1242.21041000,20632536.98155650,0
1672354800000,16612.51000000,16647.33000000,16604.09000000,16627.09000000,3586.51107000,1672358399999,59639692.92530960,96415,1801.70858000,29960463.85136920,0
1672358400000,16626.68000000,16640.36000000,16610.59000000,16622.25000000,2685.61372000,1672361999999,44653338.54849300,89303,1358.13134000,22581639.52462790,0
1672362000000,16622.16000000,16629.20000000,16594.01000000,16601.82000000,2447.31169000,1672365599999,40651686.75687840,101099,1240.74942000,20610191.19523190,0
1672365600000,16601.84000000,16616.39000000,16572.00000000,16597.00000000,3566.48358000,1672369199999,59195269.34753420,131794,1776.27296000,29482404.82386070,0
1672369200000,16597.01000000,16608.00000000,16575.68000000,16591.89000000,2456.57285000,1672372799999,40765248.84643000,104448,1203.71861000,19975029.44590020,0
1672372800000,16591.89000000,16607.16000000,16583.02000000,16606.31000000,2709.52843000,1672376399999,44962587.70998590,109426,1360.20878000,22571977.65327770,0
1672376400000,16606.14000000,16606.98000000,16510.00000000,16546.79000000,3894.84815000,1672379999999,64524718.44521310,119634,1896.50090000,31418771.90253360,0
1672380000000,16546.86000000,16568.00000000,16527.19000000,16538.26000000,3531.66662000,1672383599999,58441180.45563500,118915,1758.19188000,29094155.43162430,0
1672383600000,16538.25000000,16538.80000000,16420.68000000,16467.46000000,9669.67907000,1672387199999,159337110.64883960,194790,4628.64382000,76266862.08301360,0
1672387200000,16467.21000000,16504.99000000,16451.00000000,16493.64000000,4004.61309000,1672390799999,65987307.72287600,140057,2017.79815000,33251308.14617650,0
1672390800000,16493.34000000,16524.99000000,16491.04000000,16510.23000000,3638.32668000,1672394399999,60065602.34735540,124796,1837.06343000,30328204.40355210,0
1672394400000,16510.19000000,16523.51000000,16477.61000000,16481.05000000,3417.06885000,1672397999999,56391967.25202000,116884,1670.19789000,27564157.02431570,0
1672398000000,16480.98000000,16511.55000000,16476.37000000,16487.87000000,3364.75823000,1672401599999,55495937.64768320,125687,1653.91416000,27278992.47792140,0
1672401600000,16487.88000000,16500.00000000,16464.28000000,16486.77000000,4764.79056000,1672405199999,78543217.84627090,150659,2398.06909000,39530079.01121800,0
1672405200000,16486.99000000,16497.50000000,16449.87000000,16457.96000000,4136.03660000,1672408799999,68132781.79934700,114237,2055.52505000,33860608.41957640,0
1672408800000,16457.95000000,16492.36000000,16324.53000000,16406.49000000,11455.69154000,1672412399999,188188566.58679900,225521,5661.75906000,93008529.58167630,0
1672412400000,16405.72000000,16570.56000000,16392.47000000,16548.62000000,11992.56124000,1672415999999,197834312.66735860,239405,6541.48613000,107916366.25742250,0
1672416000000,16548.62000000,16570.00000000,16508.56000000,16538.22000000,5614.10040000,1672419599999,92825894.00519460,133985,2753.58618000,45530769.33261780,0
1672419600000,16538.42000000,16543.72000000,16509.32000000,16526.52000000,3850.14743000,1672423199999,63614768.27464480,102259,1839.78714000,30398079.12227640,0
1672423200000,16526.51000000,16566.79000000,16511.13000000,16558.39000000,4436.87739000,1672426799999,73364745.93295740,103437,2227.72019000,36837381.87023530,0
1672426800000,16558.38000000,16563.07000000,16516.20000000,16517.92000000,3944.65794000,1672430399999,65264999.95208530,87300,1892.74743000,31316074.39042300,0
1672430400000,16517.81000000,16563.69000000,16516.00000000,16560.26000000,3452.99711000,1672433999999,57102940.72489610,87639,1633.32831000,27011198.70460470,0
1672434000000,16560.99000000,16672.74000000,16560.00000000,16577.02000000,5292.35107000,1672437599999,87847716.85672670,105494,2636.90422000,43770435.57069020,0
1672437600000,16576.99000000,16589.23000000,16571.06000000,16574.95000000,1941.04295000,1672441199999,32180400.73379080,53175,890.75568000,14768168.15661100,0
1672441200000,16574.51000000,16611.30000000,16561.06000000,16600.80000000,2697.86727000,1672444799999,44760369.48875370,66000,1261.83502000,20936145.93485210,0
1672444800000,16600.77000000,16608.93000000,16570.00000000,16572.06000000,2526.88873000,1672448399999,41910905.75917030,72587,1208.51936000,20045112.14233490,0
1672448400000,16572.06000000,16575.92000000,16554.94000000,16560.40000000,2433.95388000,1672451999999,40316191.64461130,80042,1155.95141000,19147314.93476210,0
1672452000000,16560.50000000,16572.51000000,16552.94000000,16569.50000000,2059.23131000,1672455599999,34105977.17104120,93639,1050.58358000,17400492.21027040,0
1672455600000,16569.04000000,16569.92000000,16542.15000000,16544.12000000,2447.87572000,1672459199999,40526320.42430780,107871,1129.24644000,18695772.42048960,0
1672459200000,16544.12000000,16547.42000000,16534.09000000,16543.43000000,1872.59942000,1672462799999,30975786.57229040,88392,878.86566000,14537979.27051810,0
1672462800000,16543.87000000,16558.62000000,16523.87000000,16531.02000000,2606.41038000,1672466399999,43116292.89540980,84547,1284.61386000,21251253.51395240,0
1672466400000,16531.20000000,16548.53000000,16527.38000000,16538.65000000,2115.80868000,1672469999999,34994847.89692670,86546,1022.16197000,16906501.63396600,0
1672470000000,16538.58000000,16560.00000000,16535.09000000,16557.79000000,2560.56617000,1672473599999,42364375.39769380,98232,1248.87593000,20662708.70397730,0
1672473600000,16557.24000000,16574.95000000,16542.39000000,16546.47000000,3100.31202000,1672477199999,51328128.23090220,106730,1502.56195000,24876436.05366290,0
1672477200000,16546.53000000,16549.93000000,16532.78000000,16536.83000000,2373.61097000,1672480799999,39262386.37480710,90853,1118.60039000,18503416.56002130,0
1672480800000,16536.83000000,16565.66000000,16535.29000000,16558.06000000,2757.56924000,1672484399999,45641806.71975720,102401,1373.41458000,22732088.75647300,0
1672484400000,16557.98000000,16572.02000000,16556.36000000,16560.53000000,2398.76675000,1672487999999,39729452.01507910,89916,1203.04017000,19925487.65910810,0
1672488000000,16560.55000000,16575.17000000,16540.13000000,16568.16000000,2865.02043000,1672491599999,47437845.26901410,109614,1420.26055000,23516462.79303390,0
1672491600000,16568.16000000,16598.57000000,16563.01000000,16593.49000000,3908.36323000,1672495199999,64804455.32767890,121162,1971.61730000,32691661.18001440,0
1672495200000,16593.49000000,16637.66000000,16572.65000000,16579.25000000,5846.31920000,1672498799999,97078533.85668540,157020,2987.20770000,49603390.42423970,0
1672498800000,16579.10000000,16617.87000000,16578.00000000,16582.68000000,3396.93496000,1672502399999,56376375.63125910,102324,1626.17634000,26988987.83857150,0
1672502400000,16582.68000000,16604.48000000,16572.95000000,16594.01000000,2687.20799000,1672505999999,44580616.17642200,80436,1280.52522000,21243706.46866130,0
1672506000000,16594.04000000,16596.48000000,16564.00000000,16574.45000000,2890.67318000,1672509599999,47923012.85245760,93346,1380.68933000,22889803.17584180,0
1672509600000,16574.35000000,16581.60000000,16565.00000000,16571.22000000,2130.27549000,1672513199999,35304715.72379260,77858,996.09805000,16508325.40400780,0
1672513200000,16570.75000000,16581.47000000,16558.29000000,16562.53000000,2244.20727000,1672516799999,37186799.15044120,73695,1039.19672000,17219638.31126630,0
1672516800000,16562.19000000,16566.63000000,16556.48000000,16560.45000000,1449.67403000,1672520399999,24009346.15900180,50301,675.70081000,11191005.29751930,0
1672520400000,16560.44000000,16563.49000000,16536.97000000,16539.74000000,1845.02502000,1672523999999,30539229.73457280,63451,812.18086000,13443693.95002310,0
1672524000000,16539.77000000,16558.64000000,16462.51000000,16512.46000000,3356.03924000,1672527599999,55448434.44644550,89104,1583.71364000,26165474.65613770,0
1672527600000,16512.46000000,16544.32000000,16480.14000000,16534.86000000,2738.94284000,1672531199999,45234878.15880820,76369,1366.66437000,22571901.68864380,0
