1672531200000,16534.83000000,16537.90000000,16501.00000000,16521.49000000,2791.34326000,1672534799999,46118364.38858240,90376,1332.56316000,22016423.63082210,0
1672534800000,16521.95000000,16547.69000000,16518.38000000,16543.61000000,2069.68313000,1672538399999,34214899.79202810,89719,1049.47649000,17349872.59485110,0
1672538400000,16543.48000000,16552.81000000,16530.61000000,16539.99000000,1854.33453000,1672541999999,30670627.85732860,94684,882.01491000,14588604.14058960,0
1672542000000,16539.88000000,16540.04000000,16509.91000000,16525.29000000,2478.46977000,1672545599999,40949674.85694870,96266,1163.08171000,19216471.06275440,0
1672545600000,16525.08000000,16527.89000000,16503.32000000,16514.05000000,2457.90801000,1672549199999,40593143.77586870,93244,1095.79364000,18097381.21255880,0
1672549200000,16514.01000000,16525.70000000,16503.36000000,16522.06000000,2034.96863000,1672552799999,33601612.33996180,78797,1018.81165000,16822661.01568090,0
1672552800000,16522.06000000,16541.20000000,16520.70000000,16531.29000000,2280.03093000,1672556399999,37695094.02972850,68793,1156.56700000,19121355.70118890,0
1672556400000,16531.29000000,16535.44000000,16490.74000000,16517.59000000,2770.87929000,1672559999999,45751274.56474290,81875,1358.88259000,22436716.08217020,0
1672560000000,16517.60000000,16523.99000000,16498.93000000,16503.91000000,1927.75653000,1672563599999,31827600.57623550,71189,941.36642000,15542210.90903290,0
1672563600000,16504.01000000,16533.77000000,16495.98000000,16530.20000000,2098.51319000,1672567199999,34654244.19266460,70975,1013.91556000,16743410.78536260,0
1672567200000,16529.89000000,16540.29000000,16524.96000000,16540.20000000,2040.33303000,1672570799999,33729744.53278950,71399,1056.30831000,17462496.30332730,0
1672570800000,16539.85000000,16549.00000000,16532.39000000,16548.14000000,2104.88190000,1672574399999,34814425.94700300,71794,1047.60856000,17327419.22257490,0
1672574400000,16547.97000000,16564.58000000,16541.63000000,16552.97000000,2319.76350000,1672577999999,38397004.07094730,76437,1191.65471000,19724529.94852030,0
1672578000000,16552.87000000,16558.98000000,16530.50000000,16539.07000000,2347.86336000,1672581599999,38837683.72729820,85914,1170.85655000,19367971.77983850,0
1672581600000,16539.21000000,16549.61000000,16533.04000000,16533.87000000,2002.74376000,1672585199999,33129977.22687470,66472,981.21316000,16231668.31651900,0
1672585200000,16533.91000000,16551.14000000,16524.30000000,16549.80000000,2098.80884000,1672588799999,34707587.52969290,70542,1046.43467000,17304834.13175840,0
1672588800000,16549.87000000,16576.01000000,16549.00000000,16556.27000000,2566.89368000,1672592399999,42508699.30501340,75637,1325.86507000,21956965.69030780,0
1672592400000,16556.27000000,16588.32000000,16554.01000000,16570.99000000,2260.71437000,1672595999999,37462399.31153230,71697,1186.40908000,19660101.11724200,0
1672596000000,16570.99000000,16595.00000000,16570.86000000,16583.06000000,2261.63862000,1672599599999,37507933.45948670,70055,1173.24053000,19457629.34875170,0
1672599600000,16582.81000000,16614.85000000,16582.81000000,16594.54000000,2854.29065000,1672603199999,47382907.13444590,71598,1502.69051000,24945148.56478210,0
1672603200000,16594.90000000,16619.00000000,16592.43000000,16596.30000000,2286.99828000,1672606799999,37973867.38918750,65718,1222.32411000,20295787.88756620,0
1672606800000,16595.40000000,16600.12000000,16584.22000000,16597.33000000,1801.42797000,1672610399999,29890930.02454790,59929,957.89391000,15894345.83913230,0
1672610400000,16597.47000000,16604.64000000,16577.81000000,16593.60000000,1903.47160000,1672613999999,31579406.31226420,51674,964.04547000,15993970.96653200,0
1672614000000,16593.47000000,16616.72000000,16592.08000000,16610.68000000,2433.32760000,1672617599999,40404174.95987210,57534,1295.28868000,21507887.35504910,0
1672617600000,16610.69000000,16621.89000000,16574.60000000,16581.05000000,2512.73461000,1672621199999,41694321.40982510,70191,1305.23487000,21658800.33574500,0
1672621200000,16580.84000000,16582.34000000,16541.73000000,16557.93000000,3599.74931000,1672624799999,59606435.85020510,104485,1775.67930000,29403156.74774880,0
1672624800000,16558.27000000,16588.63000000,16548.43000000,16581.02000000,1741.16552000,1672628399999,28851853.24923740,65664,898.61247000,14890523.73689130,0
1672628400000,16580.92000000,16701.19000000,16575.00000000,16655.21000000,3731.20977000,1672631999999,62034066.98212810,101804,2030.72863000,33763235.52669370,0
1672632000000,16655.68000000,16667.53000000,16622.28000000,16632.74000000,3152.32640000,1672635599999,52452971.05702450,120882,1603.28323000,26677744.90981620,0
1672635600000,16632.63000000,16655.55000000,16608.65000000,16641.21000000,2956.69061000,1672639199999,49175076.54125220,110934,1520.48956000,25289255.76519990,0
1672639200000,16640.86000000,16655.91000000,16628.52000000,16633.73000000,2466.29368000,1672642799999,41041281.60607550,105185,1212.42418000,20176016.30963940,0
1672642800000,16633.72000000,16768.84000000,16630.73000000,16714.46000000,9402.68744000,1672646399999,157130060.69433150,248175,4684.66619000,78292827.97476530,0
1672646400000,16714.63000000,16764.19000000,16701.10000000,16727.50000000,4853.73961000,1672649999999,81218876.85540610,184725,2433.57412000,40722347.26328710,0
1672650000000,16727.52000000,16742.27000000,16706.74000000,16711.75000000,4022.88879000,1672653599999,67268083.19555000,158992,1980.02307000,33109750.90216860,0
1672653600000,16711.73000000,16759.12000000,16702.59000000,16721.70000000,3694.53544000,1672657199999,61799411.60922770,140925,1866.96056000,31229551.03756750,0
1672657200000,16721.74000000,16735.63000000,16697.13000000,16729.35000000,2949.78564000,1672660799999,49315142.62386170,116370,1420.62575000,23751174.79144580,0
1672660800000,16729.34000000,16739.84000000,16713.26000000,16715.23000000,2924.31477000,1672664399999,48915402.92843820,127083,1379.18885000,23070078.29675160,0
1672664400000,16715.56000000,16719.28000000,16672.39000000,16688.91000000,3484.42486000,1672667999999,58195435.18513170,123781,1692.18427000,28262057.65983450,0
1672668000000,16688.91000000,16705.00000000,16660.00000000,16692.01000000,3601.79200000,1672671599999,60110813.80628720,140392,1754.49398000,29281755.29520300,0
1672671600000,16692.02000000,16744.86000000,16686.23000000,16729.27000000,4686.52404000,1672675199999,78337103.57856150,150174,2392.74174000,39997288.67246610,0
1672675200000,16729.28000000,16734.28000000,16702.82000000,16704.23000000,2820.09493000,1672678799999,47159817.73861620,110546,1391.40975000,23268686.57858820,0
1672678800000,16704.03000000,16717.17000000,16700.82000000,16709.16000000,2268.23302000,1672682399999,37897669.29222760,85678,1094.82375000,18292528.59651950,0
1672682400000,16708.96000000,16725.03000000,16699.12000000,16717.41000000,2223.40669000,1672685999999,37150674.00707270,67773,1097.40474000,18336082.35105940,0
1672686000000,16717.65000000,16731.69000000,16710.60000000,16730.97000000,1697.36460000,1672689599999,28378672.56038240,64289,901.59458000,15074241.71378150,0
1672689600000,16731.04000000,16732.00000000,16702.56000000,16722.22000000,1795.17145000,1672693199999,30012758.45199280,64153,841.25226000,14064645.71018060,0
1672693200000,16722.20000000,16793.83000000,16714.42000000,16752.51000000,2601.06150000,1672696799999,43538176.15552040,65271,1324.64337000,22174971.31924840,0
1672696800000,16751.48000000,16757.41000000,16685.27000000,16693.52000000,3586.00157000,1672700399999,59951125.55964820,95237,1730.23760000,28926825.75840750,0
1672700400000,16693.54000000,16717.62000000,16649.06000000,16667.55000000,4192.65725000,1672703999999,69989297.23124780,96482,2112.44861000,35263849.66140020,0
1672704000000,16667.39000000,16700.06000000,16642.86000000,16690.28000000,3484.23372000,1672707599999,58119421.86139290,117269,1670.40823000,27864351.55495690,0
1672707600000,16690.14000000,16690.35000000,16645.86000000,16671.66000000,3729.91343000,1672711199999,62160391.05578070,146250,1847.49283000,30789126.41099000,0
1672711200000,16671.67000000,16683.00000000,16666.32000000,16668.59000000,2435.61673000,1672714799999,40613101.33686110,98649,1222.55075000,20385676.07579250,0
1672714800000,16668.59000000,16694.35000000,16661.81000000,16685.37000000,2609.06213000,1672718399999,43516413.60109920,112334,1319.01873000,21999873.20765530,0
1672718400000,16685.38000000,16693.39000000,16675.75000000,16679.40000000,2055.88145000,1672721999999,34302001.62067400,101388,1034.91566000,17267602.15480130,0
1672722000000,16679.40000000,16723.04000000,16677.65000000,16720.54000000,2821.52811000,1672725599999,47116203.51201640,110814,1453.54567000,24272965.19687400,0
1672725600000,16720.53000000,16774.13000000,16719.00000000,16723.50000000,4293.83943000,1672729199999,71877487.87034510,138608,2140.54961000,35832010.90039560,0
1672729200000,16723.32000000,16728.28000000,16703.31000000,16725.07000000,3056.22227000,1672732799999,51092694.04594450,104389,1538.38211000,25718476.16370070,0
1672732800000,16725.77000000,16731.12000000,16694.50000000,16711.51000000,4110.05970000,1672736399999,68683911.05881040,129095,2065.63956000,34519119.49702970,0
1672736400000,16711.24000000,16754.26000000,16711.01000000,16736.66000000,3963.72729000,1672739999999,66317344.93396550,123020,1978.82186000,33108308.93037910,0
1672740000000,16736.56000000,16744.60000000,16716.90000000,16718.21000000,2933.54131000,1672743599999,49081173.20796180,98168,1452.16047000,24296467.20108350,0
1672743600000,16718.82000000,16732.15000000,16705.80000000,16715.23000000,2954.07955000,1672747199999,49392958.86440040,99507,1480.11946000,24748367.14590380,0
1672747200000,16715.30000000,16721.58000000,16696.78000000,16705.33000000,2972.84647000,1672750799999,49681360.57236970,113943,1467.18419000,24519417.17020940,0
1672750800000,16705.00000000,16733.21000000,16703.89000000,16720.01000000,3689.89356000,1672754399999,61694564.06236070,124775,1855.92985000,31030975.08252870,0
1672754400000,16719.91000000,16767.53000000,16629.17000000,16655.12000000,8788.59695000,1672757999999,146954302.98510430,217297,4291.92619000,71771547.16113040,0
1672758000000,16655.88000000,16678.32000000,16612.94000000,16671.64000000,7550.20775000,1672761599999,125692369.45145440,212172,3788.81404000,63075435.13771660,0
1672761600000,16671.79000000,16682.30000000,16604.11000000,16616.11000000,5768.61050000,1672765199999,96012022.30664970,186378,2841.21363000,47289582.08774720,0
1672765200000,16616.30000000,16637.51000000,16597.71000000,16626.70000000,4021.79250000,1672768799999,66849211.49769980,130791,1894.18785000,31485392.31884660,0
1672768800000,16626.56000000,16646.95000000,16620.00000000,16638.16000000,2989.60101000,1672772399999,49733117.58221130,101403,1416.01633000,23556436.00908760,0
1672772400000,16638.09000000,16651.36000000,16615.76000000,16637.47000000,3578.57018000,1672775999999,59519080.87371130,104143,1708.54840000,28416945.48471920,0
1672776000000,16637.47000000,16667.00000000,16634.20000000,16655.75000000,3663.50777000,1672779599999,61005079.30736860,107870,1878.24623000,31277171.85528340,0
1672779600000,16655.52000000,16669.96000000,16651.50000000,16658.52000000,1926.56388000,1672783199999,32098264.79029480,65572,967.72910000,16123586.07723430,0
1672783200000,16658.20000000,16673.01000000,16640.73000000,16670.21000000,1734.25340000,1672786799999,28884312.88754520,65716,884.46579000,14731416.85113770,0
1672786800000,16670.21000000,16688.00000000,16660.86000000,16669.47000000,2559.76649000,1672790399999,42679891.12861170,90172,1280.36444000,21348683.28231370,0
1672790400000,16669.36000000,16671.43000000,16646.27000000,16654.58000000,2323.45899000,1672793999999,38710697.80730290,89895,1169.24026000,19480477.48610620,0
1672794000000,16654.42000000,16728.45000000,16651.58000000,16696.12000000,5391.88163000,1672797599999,90036207.07400590,172228,2705.57927000,45179164.98834390,0
1672797600000,16696.11000000,16748.53000000,16695.87000000,16730.39000000,5124.55569000,1672801199999,85698232.84731070,174704,2573.49254000,43036671.32162900,0
1672801200000,16730.49000000,16872.00000000,16730.31000000,16856.58000000,9448.29020000,1672804799999,158805930.16690010,259433,4984.39153000,83778492.63236690,0
1672804800000,16856.56000000,16905.41000000,16842.65000000,16855.32000000,5511.55195000,1672808399999,92963427.90038890,191991,2749.09428000,46372372.18362330,0
1672808400000,16855.36000000,16861.06000000,16834.74000000,16852.42000000,3279.99842000,1672811999999,55252995.38932370,145911,1654.93218000,27878426.45418140,0
1672812000000,16852.47000000,16873.88000000,16842.99000000,16871.87000000,3666.49822000,1672815599999,61798247.43369440,154654,1894.99894000,31940096.68592070,0
1672815600000,16871.87000000,16884.99000000,16843.33000000,16863.74000000,4659.77074000,1672819199999,78567812.93137250,166107,2219.80330000,37428416.10082720,0
1672819200000,16863.88000000,16913.02000000,16826.67000000,16859.21000000,7080.51131000,1672822799999,119390315.56831090,207604,3541.26989000,59711875.74325550,0
1672822800000,16859.34000000,16862.29000000,16825.67000000,16838.68000000,4135.37303000,1672826399999,69675875.31197810,160203,1972.46764000,33234237.09661710,0
1672826400000,16838.68000000,16843.03000000,16826.88000000,16839.97000000,3124.23988000,1672829999999,52598236.28632600,135861,1613.84247000,27170272.05757970,0
1672830000000,16840.04000000,16848.67000000,16828.32000000,16829.23000000,3505.43907000,1672833599999,59033743.68980790,140844,1763.08986000,29692055.81195790,0
1672833600000,16829.24000000,16840.53000000,16798.32000000,16806.81000000,5205.79452000,1672837199999,87575837.46355480,176488,2556.23663000,43003744.51498670,0
1672837200000,16806.51000000,16831.86000000,16800.00000000,16823.08000000,4263.51635000,1672840799999,71709897.85399130,148112,2132.18488000,35862299.63752860,0
1672840800000,16823.08000000,16858.21000000,16785.80000000,16824.63000000,7216.19221000,1672844399999,121363624.98053460,214606,3591.13901000,60398736.16418180,0
1672844400000,16824.63000000,16852.21000000,16759.25000000,16848.46000000,8843.96187000,1672847999999,148646121.24535170,251881,4372.98623000,73502635.13362020,0
1672848000000,16848.04000000,16890.00000000,16825.00000000,16853.47000000,6049.70477000,1672851599999,101981451.03466970,197922,3091.90010000,52120714.72798520,0
1672851600000,16853.71000000,16937.35000000,16844.02000000,16887.33000000,6994.02406000,1672855199999,118143931.91872550,191757,3590.83393000,60657547.60535190,0
1672855200000,16887.70000000,16980.41000000,16867.03000000,16944.38000000,7914.26398000,1672858799999,133949899.29505030,198668,4093.78368000,69285931.23304000,0
1672858800000,16942.82000000,16986.86000000,16783.16000000,16836.95000000,13271.42955000,1672862399999,223795288.61420160,266147,6629.66888000,111797566.16149470,0
1672862400000,16836.95000000,16848.55000000,16770.04000000,16802.10000000,6818.24225000,1672865999999,114648964.68603600,167451,3408.01124000,57306795.54385970,0
1672866000000,16801.62000000,16825.38000000,16789.46000000,16821.26000000,3040.93202000,1672869599999,51120652.94750290,91261,1496.02351000,25149953.19110920,0
1672869600000,16821.25000000,16840.00000000,16809.24000000,16821.06000000,2406.13609000,1672873199999,40478236.62944580,83560,1209.71297000,20351273.30393820,0
1672873200000,16821.40000000,16864.56000000,16809.86000000,16845.70000000,3148.99016000,1672876799999,53034053.62107930,107176,1622.09240000,27318689.46171710,0
1672876800000,16845.42000000,16872.96000000,16823.76000000,16824.47000000,3253.16897000,1672880399999,54825242.60810230,100493,1644.28946000,27711986.16394240,0
1672880400000,16824.04000000,16846.00000000,16804.00000000,16829.09000000,2601.60045000,1672883999999,43779151.17426580,93329,1293.93412000,21774328.99608000,0
1672884000000,16829.09000000,16840.40000000,16820.00000000,16832.84000000,1901.88650000,1672887599999,32007974.18633820,80239,973.03172000,16375880.49789710,0
1672887600000,16832.77000000,16833.80000000,16814.12000000,16824.34000000,1875.33399000,1672891199999,31549762.93844310,84976,934.66774000,15724657.82066640,0
1672891200000,16824.11000000,16839.00000000,16817.61000000,16832.51000000,1917.93242000,1672894799999,32276072.69893660,69328,991.77580000,16690334.80219340,0
1672894800000,16832.40000000,16845.96000000,16831.21000000,16840.43000000,1822.72067000,1672898399999,30693391.41672660,66479,923.78452000,15555925.32502820,0
1672898400000,16840.30000000,16841.46000000,16808.48000000,16813.07000000,2699.99631000,1672901999999,45420286.14233450,85744,1324.04023000,22273646.32335090,0
1672902000000,16813.07000000,16820.27000000,16785.91000000,16819.58000000,3417.39791000,1672905599999,57438224.51090000,101199,1757.87035000,29546510.30652920,0
1672905600000,16819.58000000,16825.90000000,16789.20000000,16802.85000000,2986.99957000,1672909199999,50210247.20277350,95682,1476.07005000,24812721.97949400,0
1672909200000,16802.87000000,16808.53000000,16777.78000000,16802.12000000,3827.52176000,1672912799999,64280058.57881630,114601,1847.92661000,31034681.33705230,0
1672912800000,16802.56000000,16832.36000000,16799.46000000,16819.10000000,3198.28226000,1672916399999,53788085.87673030,90619,1612.51201000,27119592.04823010,0
1672916400000,16819.30000000,16833.10000000,16809.13000000,16827.72000000,2905.32811000,1672919999999,48870882.18984130,72297,1433.22862000,24108661.36243930,0
1672920000000,16827.91000000,16828.74000000,16811.06000000,16816.97000000,2857.99907000,1672923599999,48070712.02814660,74763,1473.54988000,24785138.09889680,0
1672923600000,16816.98000000,16825.72000000,16772.74000000,16774.36000000,6500.53519000,1672927199999,109203027.14742120,158750,3141.97471000,52784232.06669880,0
1672927200000,16774.52000000,16829.19000000,16745.00000000,16823.80000000,8477.23031000,1672930799999,142330850.15323450,207857,4143.65117000,69573311.04222000,0
1672930800000,16823.60000000,16874.99000000,16816.49000000,16837.18000000,7987.85571000,1672934399999,134572054.90612930,198172,4086.99709000,68854023.55618950,0
1672934400000,16837.18000000,16858.53000000,16818.01000000,16832.42000000,4887.96479000,1672937999999,82287904.55750560,118010,2437.34573000,41032977.44185280,0
1672938000000,16832.33000000,16840.36000000,16806.18000000,16808.49000000,3454.16087000,1672941599999,58107506.21594590,96590,1755.14568000,29526188.96783700,0
1672941600000,16808.28000000,16842.00000000,16794.99000000,16836.59000000,3812.64905000,1672945199999,64149160.53729420,101834,1893.81149000,31864223.43902840,0
1672945200000,16836.59000000,16869.96000000,16821.09000000,16859.18000000,3943.73124000,1672948799999,66425754.78562790,95524,2028.82302000,34172934.60805890,0
1672948800000,16858.49000000,16866.82000000,16841.37000000,16854.24000000,3119.48461000,1672952399999,52573861.96355220,78080,1635.29154000,27560393.32941560,0
1672952400000,16854.05000000,16859.62000000,16828.77000000,16841.55000000,2744.64503000,1672955999999,46229760.28241140,67014,1420.83537000,23932425.74839190,0
1672956000000,16841.68000000,16852.61000000,16826.25000000,16830.74000000,1623.37761000,1672959599999,27339032.79064850,47146,869.01666000,14635618.68977040,0
1672959600000,16831.23000000,16840.57000000,16812.38000000,16823.97000000,3954.53228000,1672963199999,66535543.47719310,92058,2037.71881000,34285514.97861940,0
1672963200000,16824.13000000,16864.63000000,16819.01000000,16852.72000000,3330.13143000,1672966799999,56081626.82813220,94104,1663.21065000,28009506.54996130,0
1672966800000,16852.59000000,16856.43000000,16814.40000000,16820.48000000,2471.84510000,1672970399999,41628938.77663230,81115,1227.41367000,20672196.72776490,0
1672970400000,16820.54000000,16832.49000000,16794.15000000,16829.53000000,3648.24618000,1672973999999,61353745.25375090,102014,1830.07710000,30777441.76294460,0
1672974000000,16829.66000000,16834.51000000,16818.83000000,16826.89000000,2344.31310000,1672977599999,39450032.89585900,84208,1180.96784000,19873564.89449870,0
1672977600000,16826.95000000,16831.44000000,16800.00000000,16817.60000000,2673.15391000,1672981199999,44950814.19791810,96789,1357.79051000,22832592.65400910,0
1672981200000,16817.47000000,16817.99000000,16782.66000000,16804.42000000,2863.56344000,1672984799999,48120336.53403490,92301,1350.41227000,22692852.96357030,0
1672984800000,16804.21000000,16810.22000000,16775.00000000,16780.99000000,3215.11005000,1672988399999,53993796.96918710,98980,1651.55206000,27736295.83087110,0
1672988400000,16780.98000000,16797.78000000,16773.48000000,16787.81000000,2707.90041000,1672991999999,45453811.90296480,85438,1433.03895000,24054838.76296170,0
1672992000000,16787.77000000,16806.78000000,16785.50000000,16795.71000000,2115.92325000,1672995599999,35542613.51184250,69886,1032.35941000,17341463.47700490,0
1672995600000,16795.72000000,16795.86000000,16756.83000000,16781.32000000,3034.65691000,1672999199999,50909129.02862340,92632,1471.08863000,24678892.20684960,0
1672999200000,16781.30000000,16797.16000000,16754.40000000,16760.40000000,3212.73500000,1673002799999,53908132.10100880,88959,1572.54318000,26386614.83515430,0
1673002800000,16760.19000000,16765.50000000,16701.01000000,16731.66000000,5570.80534000,1673006399999,93230566.45778660,141315,2866.69479000,47975690.14031130,0
1673006400000,16731.29000000,16741.45000000,16710.00000000,16723.46000000,3317.42146000,1673009999999,55487450.53777110,99056,1647.11368000,27550051.26604990,0
1673010000000,16723.45000000,16808.00000000,16672.09000000,16766.53000000,10372.32515000,1673013599999,173688686.36987280,228874,5266.04402000,88183010.24835810,0
1673013600000,16766.31000000,16783.77000000,16709.51000000,16740.49000000,6538.46421000,1673017199999,109500465.94388440,168270,3164.83143000,53002592.95804760,0
1673017200000,16740.60000000,16840.80000000,16740.60000000,16832.91000000,8564.64405000,1673020799999,143799975.31529880,203777,4269.51304000,71684561.90265400,0
1673020800000,16833.42000000,16845.46000000,16799.08000000,16820.99000000,5749.04979000,1673024399999,96684361.08516980,142468,2970.76619000,49961256.29600120,0
1673024400000,16820.85000000,16838.00000000,16804.84000000,16813.91000000,3676.74722000,1673027999999,61832043.13166660,104172,1899.32185000,31941606.65483700,0
1673028000000,16813.92000000,16856.91000000,16813.85000000,16843.06000000,4496.63946000,1673031599999,75721871.94274810,112373,2302.68381000,38776287.99530880,0
1673031600000,16843.20000000,16957.97000000,16838.36000000,16932.86000000,7000.00310000,1673035199999,118255030.35820000,134098,3679.98402000,62167196.99334570,0
1673035200000,16932.41000000,17031.65000000,16880.37000000,16891.34000000,8853.55916000,1673038799999,150118570.02875300,168618,4589.38196000,77819357.12427850,0
1673038800000,16890.28000000,16945.65000000,16883.77000000,16925.46000000,4096.73719000,1673042399999,69300814.92870230,96097,2268.13707000,38369084.38131980,0
1673042400000,16925.46000000,16961.37000000,16925.34000000,16953.08000000,2478.47961000,1673045999999,41996674.07539230,72286,1415.70565000,23988498.58034040,0
1673046000000,16953.08000000,16975.54000000,16937.34000000,16945.24000000,2832.36500000,1673049599999,48031505.74173410,82922,1481.81516000,25128586.68040440,0
1673049600000,16945.20000000,16974.34000000,16925.09000000,16972.70000000,2383.96040000,1673053199999,40401307.29606260,77708,1260.51155000,21362868.12115310,0
1673053200000,16972.79000000,16976.40000000,16939.16000000,16944.93000000,2244.67923000,1673056799999,38059972.07874950,90879,1162.80506000,19716310.59682390,0
1673056800000,16944.98000000,16951.08000000,16931.55000000,16938.90000000,2143.28134000,1673060399999,36312037.86520390,83784,1150.42837000,19490942.83999620,0
1673060400000,16938.60000000,16951.72000000,16931.68000000,16947.29000000,1947.14179000,1673063999999,32992095.75979520,77342,1029.10465000,17436981.51361100,0
1673064000000,16947.15000000,16948.96000000,16932.60000000,16934.16000000,1705.70227000,1673067599999,28894744.54352800,70658,845.82679000,14328444.71464680,0
1673067600000,16934.39000000,16938.00000000,16928.21000000,16929.68000000,1550.98221000,1673071199999,26263652.26317500,66612,755.79300000,12798336.57001100,0
1673071200000,16929.75000000,16932.54000000,16917.73000000,16929.09000000,1652.42138000,1673074799999,27968803.36049920,73745,819.27530000,13867154.67861680,0
1673074800000,16929.09000000,16944.06000000,16928.16000000,16943.12000000,1584.71441000,1673078399999,26841785.41347860,67619,814.50208000,13795961.67588640,0
1673078400000,16943.29000000,16949.83000000,16922.52000000,16925.96000000,2217.40373000,1673081999999,37548214.39048770,79218,1126.06377000,19068262.33202570,0
1673082000000,16925.75000000,16929.26000000,16917.42000000,16924.68000000,1806.49000000,1673085599999,30573604.09988960,60406,887.11376000,15013927.44198610,0
1673085600000,16924.56000000,16925.92000000,16907.91000000,16918.28000000,1586.47882000,1673089199999,26840529.66701520,57393,714.34028000,12085497.75790780,0
1673089200000,16918.23000000,16920.78000000,16904.72000000,16914.66000000,1723.63105000,1673092799999,29153627.02115720,62766,837.10768000,14159185.05122470,0
1673092800000,16914.65000000,16918.55000000,16903.28000000,16911.79000000,1707.91081000,1673096399999,28881165.09206550,60851,818.70380000,13844689.95279350,0
1673096400000,16911.78000000,16932.00000000,16909.40000000,16914.94000000,1735.98358000,1673099999999,29374684.13605400,61569,836.25065000,14150284.21841110,0
1673100000000,16915.10000000,16942.34000000,16904.36000000,16933.22000000,2369.95416000,1673103599999,40102617.59499870,67015,1195.80589000,20235207.90745260,0
1673103600000,16933.13000000,16942.20000000,16929.61000000,16935.65000000,1366.25695000,1673107199999,23138601.53625750,51395,667.86766000,11310871.80804470,0
1673107200000,16935.80000000,16936.25000000,16912.13000000,16919.17000000,1570.72204000,1673110799999,26581728.98563610,55218,778.12415000,13168436.49069450,0
1673110800000,16919.17000000,16931.12000000,16915.00000000,16924.96000000,1186.85505000,1673114399999,20085141.81609870,46706,597.85740000,10117577.29828110,0
1673114400000,16924.98000000,16935.68000000,16924.35000000,16934.23000000,1046.93660000,1673117999999,17725676.63238770,46282,542.22268000,9180433.25312520,0
1673118000000,16934.14000000,16942.07000000,16931.07000000,16940.10000000,1059.68737000,1673121599999,17946737.68702320,44055,531.66677000,9004336.62508680,0
1673121600000,16939.69000000,16947.21000000,16930.36000000,16941.94000000,1394.51231000,1673125199999,23621243.81329080,54052,690.48589000,11696112.13632220,0
1673125200000,16942.02000000,16947.45000000,16932.58000000,16935.17000000,1453.59060000,1673128799999,24621876.23462850,54439,749.30573000,12692425.21813580,0
1673128800000,16935.47000000,16938.36000000,16925.59000000,16932.66000000,1399.19366000,1673132399999,23692499.06937370,48847,726.46379000,12301310.28681610,0
1673132400000,16932.65000000,16945.33000000,16927.24000000,16940.83000000,1277.62245000,1673135999999,21641043.50772830,46491,657.58931000,11138731.91534730,0
1673136000000,16941.13000000,16952.55000000,16907.95000000,16924.58000000,2891.62866000,1673139599999,48950525.61290210,89344,1460.53719000,24724794.75065270,0
1673139600000,16924.59000000,16933.37000000,16913.21000000,16926.98000000,2008.71957000,1673143199999,33998280.70694010,74024,1004.62366000,17003686.80074590,0
1673143200000,16927.11000000,16931.00000000,16916.47000000,16928.74000000,1586.05327000,1673146799999,26844571.39758660,59293,746.71913000,12638295.74468150,0
1673146800000,16928.64000000,16941.54000000,16923.97000000,16940.71000000,1716.26792000,1673150399999,29057765.89699010,66525,817.42825000,13839970.96230270,0
1673150400000,16940.87000000,16941.65000000,16932.63000000,16933.15000000,1258.31755000,1673153999999,21310551.93170280,58169,667.25239000,11300441.83614060,0
1673154000000,16933.14000000,16940.80000000,16931.45000000,16940.41000000,1201.39878000,1673157599999,20347536.41885560,53716,604.08551000,10231153.38080040,0
1673157600000,16940.41000000,16949.73000000,16931.02000000,16948.52000000,1948.33584000,1673161199999,33001809.75151710,62528,1051.06344000,17803412.72166030,0
1673161200000,16948.60000000,16953.50000000,16941.23000000,16952.50000000,1666.87224000,1673164799999,28249425.27701420,60845,848.25382000,14375975.38739640,0
1673164800000,16952.51000000,16953.87000000,16938.36000000,16943.72000000,1432.13620000,1673168399999,24270181.71139580,55621,760.88744000,12894721.07238990,0
1673168400000,16943.73000000,16964.24000000,16922.85000000,16933.06000000,2454.31041000,1673171999999,41582854.51541740,72935,1265.08388000,21434105.41934380,0
1673172000000,16933.13000000,16938.44000000,16930.00000000,16935.60000000,1309.68186000,1673175599999,22178882.00696000,49131,653.08026000,11059699.86758830,0
1673175600000,16935.64000000,16944.44000000,16917.06000000,16925.51000000,1783.01239000,1673179199999,30195715.02916960,53428,793.27296000,13435108.15148820,0
1673179200000,16925.60000000,16931.10000000,16920.00000000,16922.61000000,1695.45830000,1673182799999,28695828.37553250,55360,824.52763000,13955168.47589520,0
1673182800000,16922.51000000,16935.06000000,16918.55000000,16931.23000000,1602.05256000,1673186399999,27119412.74827420,51184,821.39779000,13904641.44095580,0
1673186400000,16931.23000000,16952.01000000,16929.90000000,16949.66000000,2228.67271000,1673189999999,37753652.10063160,66823,1188.42867000,20132053.97231840,0
1673190000000,16950.07000000,17015.00000000,16935.14000000,16997.16000000,4142.32525000,1673193599999,70288289.75098540,95942,2146.61469000,36423967.08559640,0
1673193600000,16997.65000000,17019.40000000,16911.67000000,16934.66000000,5725.38129000,1673197199999,97067245.82325100,141235,2782.08414000,47170523.69917810,0
1673197200000,16934.66000000,16949.38000000,16918.16000000,16926.52000000,2408.38663000,1673200799999,40782727.40725530,75346,1197.56159000,20279189.81472990,0
1673200800000,16926.48000000,16933.58000000,16917.66000000,16927.03000000,1575.61096000,1673204399999,26669925.15463420,50853,764.38160000,12938590.14373880,0
1673204400000,16927.02000000,16937.19000000,16922.21000000,16924.59000000,1540.44173000,1673207999999,26077815.26521310,43298,780.78748000,13218050.65244010,0
1673208000000,16924.57000000,16979.99000000,16921.35000000,16964.64000000,3608.29519000,1673211599999,61168652.32729320,111771,1871.90332000,31732477.57800890,0
1673211600000,16964.53000000,16985.28000000,16944.22000000,16954.57000000,2321.73686000,1673215199999,39388950.71944380,75366,1165.93926000,19780851.59634560,0
1673215200000,16954.57000000,16974.35000000,16950.00000000,16961.07000000,1810.29629000,1673218799999,30705759.04099630,59993,927.07576000,15724963.85560940,0
1673218800000,16961.46000000,17165.00000000,16961.46000000,17126.05000000,8259.44796000,1673222399999,140839191.94003340,162690,4437.80549000,75674129.69476590,0
1673222400000,17124.95000000,17196.76000000,17102.57000000,17182.60000000,9786.95019000,1673225999999,167773542.24497680,201614,5016.81047000,86001404.81349700,0
1673226000000,17182.56000000,17237.51000000,17144.40000000,17173.39000000,6853.64832000,1673229599999,117717555.85488700,165695,3452.65183000,59304305.71180420,0
1673229600000,17173.72000000,17251.99000000,17160.50000000,17190.52000000,8512.08033000,1673233199999,146475401.05843530,197661,4376.41506000,75311627.69693120,0
1673233200000,17190.14000000,17215.47000000,17177.83000000,17195.82000000,3775.51678000,1673236799999,64915336.94335810,99990,1912.25830000,32879610.54969310,0
1673236800000,17195.84000000,17247.98000000,17193.11000000,17225.75000000,4697.25745000,1673240399999,80892451.51016100,116996,2464.29395000,42438236.19668720,0
1673240400000,17225.74000000,17260.73000000,17199.92000000,17204.47000000,3729.80134000,1673243999999,64250320.60576980,99300,1836.11453000,31630583.51966310,0
1673244000000,17204.47000000,17214.37000000,17176.27000000,17188.51000000,3258.69464000,1673247599999,56048143.52449700,79862,1639.73988000,28202381.92076110,0
1673247600000,17188.47000000,17212.79000000,17183.00000000,17198.20000000,2984.38316000,1673251199999,51323744.07855030,69163,1477.08221000,25402350.75784010,0
1673251200000,17197.89000000,17239.00000000,17186.03000000,17191.29000000,4071.91336000,1673254799999,70055473.14067440,84897,2084.75942000,35868472.05882430,0
1673254800000,17191.02000000,17269.03000000,17188.94000000,17237.94000000,6087.71887000,1673258399999,104898439.55032000,123944,3139.42480000,54094414.65757170,0
1673258400000,17238.19000000,17284.14000000,17235.27000000,17263.46000000,5126.95707000,1673261999999,88489632.11321280,123593,2658.51344000,45885038.50045220,0
1673262000000,17263.12000000,17279.00000000,17235.44000000,17238.82000000,3692.83528000,1673265599999,63740001.12018940,96218,1818.63982000,31391691.90663290,0
1673265600000,17238.58000000,17253.00000000,17227.19000000,17247.33000000,3379.50217000,1673269199999,58272882.88158960,88410,1696.35262000,29251229.09246300,0
1673269200000,17247.29000000,17292.91000000,17185.72000000,17224.74000000,5643.39577000,1673272799999,97325133.01429570,126029,2889.86849000,49840875.11859780,0
1673272800000,17224.96000000,17273.40000000,17205.55000000,17261.36000000,6910.03268000,1673276399999,119122343.93873120,163903,3601.83077000,62092158.47498970,0
1673276400000,17261.36000000,17331.06000000,17226.73000000,17266.63000000,8890.60345000,1673279999999,153584845.91693470,194572,4629.14990000,79970091.17906220,0
1673280000000,17266.60000000,17355.49000000,17265.80000000,17326.42000000,8535.73070000,1673283599999,147769321.29204440,185551,4285.47127000,74187749.23588150,0
1673283600000,17326.14000000,17374.18000000,17313.72000000,17354.69000000,5308.59754000,1673287199999,92062851.75751400,140051,2681.74089000,46508945.42028180,0
1673287200000,17354.69000000,17397.00000000,17321.47000000,17350.69000000,6795.65731000,1673290799999,117978921.94839660,149358,3415.46492000,59294959.58174400,0
1673290800000,17349.90000000,17351.62000000,17292.39000000,17293.62000000,4451.29551000,1673294399999,77134729.55438240,101358,2164.15762000,37502919.33796340,0
1673294400000,17293.39000000,17312.30000000,17177.02000000,17220.06000000,8332.88140000,1673297999999,143628693.94252830,166026,4164.02268000,71773458.26485700,0
1673298000000,17219.08000000,17244.98000000,17162.70000000,17180.18000000,4527.41639000,1673301599999,77889686.75534030,103578,2167.41894000,37287416.28586870,0
1673301600000,17180.18000000,17222.40000000,17165.38000000,17204.02000000,2188.37168000,1673305199999,37632148.65539840,61214,1115.33623000,19179780.44563260,0
1673305200000,17204.03000000,17204.70000000,17126.72000000,17178.38000000,3211.59409000,1673308799999,55154244.10685090,80839,1519.00796000,26086525.52198670,0
1673308800000,17178.36000000,17219.43000000,17176.83000000,17218.31000000,3648.33989000,1673312399999,62742459.32616170,91759,1902.25804000,32713001.85287650,0
1673312400000,17218.10000000,17234.26000000,17186.58000000,17193.57000000,4103.62910000,1673315999999,70610819.54723250,102770,1988.77083000,34220903.31280950,0
1673316000000,17193.51000000,17213.98000000,17145.00000000,17184.93000000,4657.29045000,1673319599999,80019368.59911070,119675,2305.43400000,39609974.72363660,0
1673319600000,17184.95000000,17207.07000000,17172.70000000,17204.71000000,2385.21824000,1673323199999,41002881.35339740,81659,1188.48682000,20430946.08103250,0
1673323200000,17204.40000000,17221.11000000,17194.81000000,17220.11000000,2699.94957000,1673326799999,46455993.18978510,83466,1359.21840000,23387806.56062060,0
1673326800000,17220.58000000,17233.77000000,17206.61000000,17227.50000000,2499.49254000,1673330399999,43038247.62460510,81415,1268.30476000,21838851.67668650,0
1673330400000,17227.32000000,17232.00000000,17188.00000000,17202.58000000,2505.68642000,1673333999999,43117730.89015750,74152,1237.91624000,21301780.04110980,0
1673334000000,17202.83000000,17208.95000000,17190.57000000,17201.88000000,2174.82589000,1673337599999,37407105.56663510,68048,1041.17703000,17908648.79056610,0
1673337600000,17201.88000000,17268.61000000,17186.28000000,17255.31000000,4730.80042000,1673341199999,81530309.42925460,112623,2635.63191000,45422616.97677710,0
1673341200000,17255.31000000,17276.12000000,17241.03000000,17246.61000000,3982.91482000,1673344799999,68730385.59077150,90694,2015.02941000,34772157.64898740,0
1673344800000,17246.72000000,17275.09000000,17232.91000000,17269.57000000,3204.51961000,1673348399999,55296754.93257670,81222,1672.88772000,28867778.12804050,0
1673348400000,17269.65000000,17284.35000000,17250.74000000,17252.18000000,3425.53530000,1673351999999,59142712.18838500,89204,1777.38457000,30687568.04077900,0
1673352000000,17252.10000000,17256.05000000,17216.26000000,17221.74000000,3542.60475000,1673355599999,61058196.33151790,91698,1825.31949000,31459588.85932630,0
1673355600000,17221.54000000,17253.18000000,17209.92000000,17243.44000000,4309.01307000,1673359199999,74251001.34237380,103701,2159.48125000,37211326.81145220,0
1673359200000,17243.45000000,17323.46000000,17216.52000000,17284.28000000,11844.23359000,1673362799999,204542351.31797710,218409,6007.40069000,103747548.82538280,0
1673362800000,17284.78000000,17374.25000000,17270.51000000,17327.31000000,10851.66604000,1673366399999,187921539.51608040,209773,5481.35744000,94923245.71581270,0
1673366400000,17327.30000000,17341.08000000,17281.63000000,17302.11000000,5704.02045000,1673369999999,98769353.76845540,135004,2829.01920000,48987916.25976820,0
1673370000000,17301.90000000,17338.28000000,17286.19000000,17325.54000000,3214.39984000,1673373599999,55657385.06129790,93291,1635.05512000,28311579.46926320,0
1673373600000,17324.71000000,17442.80000000,17322.07000000,17433.01000000,6727.49001000,1673377199999,117008320.87776150,138354,3532.17719000,61429326.67645340,0
1673377200000,17433.72000000,17455.00000000,17398.36000000,17433.09000000,5186.81610000,1673380799999,90398881.43333780,127727,2669.53250000,46527523.69066600,0
1673380800000,17433.05000000,17493.91000000,17405.00000000,17477.73000000,6026.81878000,1673384399999,105191745.21787240,141608,3187.83802000,55640175.63431030,0
1673384400000,17477.69000000,17493.23000000,17448.75000000,17462.73000000,3303.42248000,1673387999999,57696518.73876020,85881,1700.47698000,29699172.68157410,0
1673388000000,17462.58000000,17463.21000000,17402.12000000,17430.13000000,3610.02984000,1673391599999,62951370.07428560,77857,1788.12723000,31184817.05709830,0
1673391600000,17429.34000000,17445.97000000,17404.99000000,17441.39000000,2741.65958000,1673395199999,47785190.60790080,79236,1424.39705000,24827093.05800080,0
1673395200000,17441.47000000,17501.45000000,17429.60000000,17467.89000000,4002.99142000,1673398799999,69884881.00463200,94696,2105.76365000,36764727.60038800,0
1673398800000,17467.27000000,17512.24000000,17436.63000000,17458.87000000,4465.05187000,1673402399999,78002502.15317560,111632,2232.55270000,39001744.66786090,0
1673402400000,17458.87000000,17463.56000000,17383.45000000,17388.54000000,4028.97256000,1673405999999,70206044.79262670,103963,1954.74178000,34061605.08992040,0
1673406000000,17388.48000000,17426.86000000,17365.88000000,17416.75000000,3937.62116000,1673409599999,68524740.72363860,105256,1989.45390000,34621744.57630400,0
1673409600000,17416.88000000,17425.88000000,17392.01000000,17409.35000000,2625.91801000,1673413199999,45720456.69226240,80002,1325.77799000,23083843.67766920,0
1673413200000,17409.40000000,17437.27000000,17397.69000000,17407.32000000,3092.78950000,1673416799999,53870851.29956440,81250,1494.51011000,26031306.01726280,0
1673416800000,17407.19000000,17443.92000000,17388.03000000,17437.73000000,4153.01910000,1673420399999,72346642.66222430,95404,2076.03926000,36166398.63957870,0
1673420400000,17437.74000000,17465.00000000,17431.23000000,17447.82000000,4053.94450000,1673423999999,70719082.31286930,85528,2141.05500000,37350717.08299360,0
1673424000000,17447.54000000,17451.19000000,17409.63000000,17448.51000000,3292.84292000,1673427599999,57402342.42605190,76684,1676.44165000,29224989.63041150,0
1673427600000,17448.63000000,17473.86000000,17440.20000000,17447.17000000,4258.61215000,1673431199999,74336670.42130680,88438,2183.66206000,38117621.32247800,0
1673431200000,17446.84000000,17460.00000000,17435.74000000,17441.74000000,3262.98847000,1673434799999,56934012.24298440,71043,1668.40312000,29111399.67340810,0
1673434800000,17441.74000000,17454.51000000,17428.50000000,17438.70000000,3675.02675000,1673438399999,64087056.02304010,74665,1898.26560000,33103057.00043930,0
1673438400000,17438.55000000,17438.55000000,17403.00000000,17417.69000000,5343.64356000,1673441999999,93082627.59794480,104025,2762.30073000,48117968.77031550,0
1673442000000,17418.04000000,17434.91000000,17382.00000000,17412.62000000,4759.65905000,1673445599999,82874414.75349470,97115,2409.25589000,41950537.87986230,0
1673445600000,17412.62000000,17434.86000000,17375.41000000,17413.72000000,6767.04958000,1673449199999,117758909.08050020,143310,3367.57067000,58601829.05981530,0
1673449200000,17413.43000000,17436.68000000,17315.00000000,17331.52000000,9822.41015000,1673452799999,170644991.69857790,166828,4936.55761000,85766105.73231160,0
1673452800000,17331.69000000,17367.46000000,17324.08000000,17346.84000000,4985.83804000,1673456399999,86501208.95428210,105536,2485.20703000,43117519.74941610,0
1673456400000,17346.47000000,17393.18000000,17341.57000000,17381.37000000,4167.59873000,1673459999999,72416859.11208220,81020,2157.75832000,37492991.86101280,0
1673460000000,17381.38000000,17554.97000000,17379.63000000,17486.64000000,13054.38205000,1673463599999,228104672.56386780,199963,6697.21469000,117035171.09933390,0
1673463600000,17486.98000000,17555.00000000,17468.41000000,17549.74000000,9530.57498000,1673467199999,166997424.45388560,154826,4851.53673000,85012434.57619330,0
1673467200000,17549.28000000,17581.58000000,17508.58000000,17550.47000000,7298.49011000,1673470799999,128007814.10474380,118195,3733.18181000,65478062.81240950,0
1673470800000,17550.99000000,17570.95000000,17530.00000000,17558.46000000,4446.26585000,1673474399999,78036445.33240200,87866,2267.98093000,39805304.61956190,0
1673474400000,17558.70000000,17594.29000000,17514.34000000,17556.33000000,6615.00972000,1673477999999,116132445.08239510,123505,3328.69923000,58439162.14148300,0
1673478000000,17556.12000000,18000.00000000,17550.05000000,17942.62000000,15942.53531000,1673481599999,283782835.86083630,235769,8268.77483000,147169714.21539920,0
1673481600000,17941.32000000,18294.70000000,17905.45000000,18260.51000000,17656.03310000,1673485199999,317901444.34474040,279543,9098.24244000,163840964.68435050,0
1673485200000,18260.60000000,18290.67000000,18138.44000000,18220.94000000,14608.85096000,1673488799999,265827899.66897710,236656,7524.80120000,136924853.44184870,0
1673488800000,18221.25000000,18377.00000000,18178.15000000,18205.69000000,12088.29226000,1673492399999,220642239.60931040,186579,6129.97384000,111888858.02413290,0
1673492400000,18205.70000000,18239.60000000,18196.07000000,18222.89000000,6291.28954000,1673495999999,114625815.46469170,152689,3164.91392000,57664757.97824450,0
1673496000000,18222.79000000,18231.65000000,18196.03000000,18214.82000000,4088.00110000,1673499599999,74463698.47895950,113309,2116.83669000,38559218.24985100,0
1673499600000,18214.79000000,18242.09000000,18075.13000000,18086.56000000,7066.31525000,1673503199999,128307195.63055400,146710,3541.50047000,64309033.76960150,0
1673503200000,18086.92000000,18164.87000000,18083.82000000,18146.51000000,5153.20979000,1673506799999,93421317.14337660,119614,2678.86791000,48563761.82064140,0
1673506800000,18147.10000000,18176.92000000,18115.91000000,18136.44000000,4594.55900000,1673510399999,83392741.46602290,101053,2324.88328000,42198987.59353830,0
1673510400000,18136.44000000,18152.52000000,18068.63000000,18151.04000000,5353.64283000,1673513999999,96973691.66416090,113023,2771.14297000,50197183.48756510,0
1673514000000,18151.03000000,18173.91000000,18128.09000000,18163.29000000,5143.36450000,1673517599999,93354087.31668890,99814,2632.63501000,47784164.40592600,0
1673517600000,18163.29000000,18220.00000000,18140.01000000,18184.91000000,5161.99124000,1673521199999,93823658.34544640,111493,2610.91985000,47457902.94102990,0
1673521200000,18184.86000000,18221.76000000,18161.37000000,18200.04000000,4306.36843000,1673524799999,78323190.96468350,93679,2176.12332000,39579184.78256030,0
1673524800000,18200.04000000,18276.29000000,18169.52000000,18268.42000000,8988.83379000,1673528399999,163784107.92996190,153019,4465.54343000,81358179.38470440,0
1673528400000,18268.39000000,18410.00000000,17935.00000000,18286.48000000,26583.64795000,1673531999999,483589100.50168590,364915,13369.70709000,243248500.47626520,0
1673532000000,18285.72000000,18352.54000000,17920.62000000,17996.35000000,21951.92500000,1673535599999,397834023.52121440,265008,10891.44424000,197405883.38901340,0
1673535600000,17996.36000000,18141.96000000,17980.75000000,18086.90000000,15059.00646000,1673539199999,272352005.50573320,213047,7535.45431000,136288734.24629850,0
1673539200000,18086.90000000,18143.29000000,18053.70000000,18133.69000000,9469.81096000,1673542799999,171430330.95766540,167888,4933.24684000,89302636.27239090,0
1673542800000,18133.88000000,18872.57000000,18105.45000000,18837.57000000,23269.66185000,1673546399999,431440113.29778330,327873,12191.17753000,225997958.62402850,0
1673546400000,18837.57000000,18989.00000000,18610.01000000,18797.65000000,22717.14147000,1673549999999,426639243.91936290,294693,11320.94531000,212624597.45088160,0
1673550000000,18797.28000000,19059.48000000,18760.44000000,18885.98000000,14062.37873000,1673553599999,265400426.69739440,224936,7237.42695000,136605921.21465310,0
1673553600000,18886.42000000,19085.74000000,18821.00000000,19050.01000000,12836.72673000,1673557199999,243062352.01942850,216833,6745.11885000,127725839.50097150,0
1673557200000,19050.00000000,19118.00000000,18765.00000000,18830.28000000,14013.84075000,1673560799999,264491108.55565710,199066,7026.19544000,132612381.59655010,0
1673560800000,18830.50000000,18934.95000000,18780.00000000,18913.74000000,5243.63506000,1673564399999,98815641.64771440,115585,2670.09809000,50317496.71274320,0
1673564400000,18915.16000000,18916.12000000,18844.51000000,18847.21000000,3777.40264000,1673567999999,71309499.30427810,99140,1921.54613000,36275260.92778830,0
1673568000000,18848.07000000,18888.11000000,18715.54000000,18771.48000000,8691.83171000,1673571599999,163447624.14200280,172639,4372.88983000,82231051.66234370,0
1673571600000,18772.52000000,18820.64000000,18746.83000000,18814.17000000,5706.81642000,1673575199999,107212785.22603080,129596,2890.62230000,54305570.32740520,0
1673575200000,18813.26000000,18850.24000000,18786.51000000,18835.68000000,4485.06672000,1673578799999,84393445.27437490,113024,2354.08753000,44295991.83403250,0
1673578800000,18836.29000000,18884.10000000,18823.86000000,18875.89000000,4021.12774000,1673582399999,75783383.60483200,107037,2103.82780000,39650061.97637600,0
1673582400000,18876.56000000,18883.89000000,18816.92000000,18822.54000000,3585.57369000,1673585999999,67625249.08456980,83864,1858.38399000,35050515.19974680,0
1673586000000,18821.87000000,18836.46000000,18778.36000000,18788.93000000,4198.95820000,1673589599999,78987201.12473350,97806,2059.45849000,38741461.47603510,0
1673589600000,18788.92000000,18864.26000000,18780.16000000,18853.79000000,3347.35828000,1673593199999,63012561.73161240,79221,1706.90736000,32132767.57144670,0
1673593200000,18853.80000000,18858.54000000,18785.81000000,18825.67000000,4615.56538000,1673596799999,86853138.78732750,113201,2220.63326000,41786935.91692780,0
1673596800000,18825.67000000,18859.77000000,18810.53000000,18843.37000000,3834.31808000,1673600399999,72225024.19216480,107535,1975.62924000,37214957.91086530,0
1673600400000,18843.37000000,18939.65000000,18839.75000000,18911.19000000,6843.55043000,1673603999999,129252865.71426310,141641,3401.24208000,64241459.20705980,0
1673604000000,18911.18000000,19061.90000000,18860.30000000,19043.55000000,11775.56219000,1673607599999,223312936.17804210,218303,5969.02762000,113204763.68097940,0
1673607600000,19044.25000000,19046.15000000,18890.01000000,18921.40000000,8208.07513000,1673611199999,155643575.24765780,172996,4072.99083000,77233153.52776750,0
1673611200000,18922.70000000,18937.97000000,18813.11000000,18865.10000000,6139.17134000,1673614799999,115939631.65247470,132916,2973.87941000,56162564.38668650,0
1673614800000,18864.56000000,18902.91000000,18812.45000000,18854.72000000,5590.54454000,1673618399999,105480859.05246940,128747,2772.57880000,52313013.15780300,0
1673618400000,18855.49000000,19142.36000000,18833.37000000,18996.01000000,12603.92074000,1673621999999,239032961.74208800,211177,6467.27087000,122654801.27436360,0
1673622000000,18997.05000000,19311.99000000,18988.62000000,19262.77000000,20625.71336000,1673625599999,395705066.00668750,288151,10626.58742000,203875379.56670010,0
1673625600000,19263.01000000,19277.68000000,19059.70000000,19134.77000000,12359.42801000,1673629199999,236572215.64174270,200161,6129.70152000,117328573.19028410,0
1673629200000,19134.76000000,19401.64000000,19106.34000000,19257.03000000,13982.00671000,1673632799999,269487330.13397290,203669,7210.94617000,138986158.17967200,0
1673632800000,19258.34000000,19388.79000000,19256.63000000,19294.40000000,9045.19891000,1673636399999,174675476.78931540,158176,4631.18771000,89434261.64920430,0
1673636400000,19294.31000000,19375.00000000,19248.40000000,19364.37000000,8765.51131000,1673639999999,169208547.18376870,163113,4535.06261000,87545147.56597050,0
1673640000000,19365.09000000,19500.00000000,19317.69000000,19476.71000000,11769.26129000,1673643599999,228379591.66732310,192922,6012.01996000,116665145.59689080,0
1673643600000,19477.18000000,19914.36000000,19376.13000000,19817.83000000,17604.29958000,1673647199999,345458368.66242450,253124,8995.92299000,176544016.94403850,0
1673647200000,19817.79000000,20008.69000000,19788.81000000,19850.00000000,10080.55454000,1673650799999,200590711.80441030,193545,5176.07969000,103005606.51891850,0
1673650800000,19850.00000000,19947.22000000,19728.62000000,19932.96000000,6043.28902000,1673654399999,119973273.85040600,135685,3069.84025000,60950366.39501370,0
1673654400000,19933.02000000,21290.00000000,19891.06000000,20893.99000000,35109.09366000,1673657999999,722874073.18676790,537189,18013.01174000,370981366.34445560,0
1673658000000,20899.13000000,21093.97000000,20690.11000000,20931.61000000,17003.84831000,1673661599999,355386272.11453720,280217,8772.50450000,183363385.52868820,0
1673661600000,20931.62000000,21046.42000000,20833.18000000,20945.49000000,13889.84559000,1673665199999,290962896.89324140,237278,7063.79458000,147976580.31107900,0
1673665200000,20945.77000000,20993.65000000,20790.26000000,20974.34000000,7495.77862000,1673668799999,156664320.70865650,167437,3798.67721000,79399858.12423790,0
1673668800000,20972.54000000,21038.01000000,20876.22000000,20897.30000000,7144.25744000,1673672399999,149612662.89714360,148417,3877.34237000,81200049.17274080,0
1673672400000,20898.86000000,20917.26000000,20781.24000000,20844.85000000,6642.48210000,1673675999999,138495203.19938250,141343,3344.37344000,69731148.07043610,0
1673676000000,20843.37000000,20975.84000000,20842.69000000,20959.02000000,5300.12902000,1673679599999,110888050.66691100,127896,2852.78560000,59689180.68078600,0
1673679600000,20958.80000000,20971.25000000,20851.80000000,20900.94000000,5126.13805000,1673683199999,107235324.48957210,128389,2580.33081000,53981197.62689080,0
1673683200000,20901.61000000,21026.33000000,20879.00000000,21007.57000000,5824.55924000,1673686799999,122107360.88616260,136402,3019.38706000,63298988.08291330,0
1673686800000,21006.54000000,21014.42000000,20306.05000000,20528.65000000,23274.45068000,1673690399999,478715003.21136520,296848,11362.99078000,233681081.34026290,0
1673690400000,20529.73000000,20532.40000000,20235.00000000,20503.01000000,12783.86226000,1673693999999,260814602.93526810,185334,6428.69074000,131165217.38368110,0
1673694000000,20502.79000000,20757.70000000,20479.25000000,20728.25000000,10847.32731000,1673697599999,224168942.26839030,163814,5538.68265000,114462196.56160410,0
1673697600000,20727.83000000,20972.58000000,20579.40000000,20914.12000000,12526.04605000,1673701199999,260568562.40412520,166990,6433.47346000,133834678.35603200,0
1673701200000,20912.74000000,20989.00000000,20787.00000000,20941.07000000,8340.94627000,1673704799999,174223730.69002470,140978,4405.63735000,92029397.29270290,0
1673704800000,20943.21000000,21210.00000000,20561.62000000,20837.15000000,17304.63240000,1673708399999,361461381.37281960,230700,8728.08741000,182333220.25678530,0
1673708400000,20836.20000000,20900.00000000,20623.74000000,20787.12000000,11887.43745000,1673711999999,247073387.82886050,154758,5931.48030000,123284874.00716490,0
1673712000000,20790.28000000,20871.24000000,20751.98000000,20814.00000000,7652.25565000,1673715599999,159242319.30574000,124791,3913.15298000,81434294.30433610,0
1673715600000,20814.00000000,20923.53000000,20730.00000000,20759.75000000,7108.67486000,1673719199999,148131276.82007060,113159,3564.08325000,74273157.44092230,0
1673719200000,20758.79000000,20803.18000000,20662.65000000,20760.96000000,5842.31354000,1673722799999,121124258.39259380,100740,2949.96854000,61161667.66040490,0
1673722800000,20760.70000000,20865.94000000,20719.20000000,20785.63000000,5032.39409000,1673726399999,104629783.93320000,90786,2597.40574000,54002291.32216990,0
1673726400000,20785.63000000,20904.80000000,20759.63000000,20877.88000000,3262.87029000,1673729999999,67943287.66505070,78891,1709.91129000,35609565.80622330,0
1673730000000,20879.95000000,20950.00000000,20817.74000000,20903.64000000,4343.14435000,1673733599999,90745044.77504300,95773,2164.69841000,45232434.48769870,0
1673733600000,20904.00000000,21028.61000000,20865.73000000,20991.08000000,3353.31190000,1673737199999,70190743.74779700,77757,1835.96843000,38432816.25427410,0
1673737200000,20991.08000000,21074.06000000,20938.25000000,20956.97000000,4573.73485000,1673740799999,96124096.03413980,107929,2286.71494000,48064395.90979730,0
1673740800000,20956.69000000,21007.37000000,20627.68000000,20770.99000000,10368.29142000,1673744399999,215712940.87439090,182152,5119.64800000,106510272.62950220,0
1673744400000,20770.51000000,20793.42000000,20650.00000000,20772.96000000,5350.48463000,1673747999999,110893184.06204120,121571,2671.84405000,55376139.36731070,0
1673748000000,20772.89000000,20819.61000000,20670.78000000,20676.87000000,4505.14500000,1673751599999,93433193.58948630,88952,2256.18590000,46792719.16121410,0
1673751600000,20675.30000000,20747.92000000,20555.00000000,20721.17000000,5612.10263000,1673755199999,115959564.29140130,99343,2803.10995000,57920797.61014860,0
1673755200000,20722.03000000,20762.82000000,20681.82000000,20700.69000000,2627.22992000,1673758799999,54438568.15999580,56841,1296.08073000,26857023.89757430,0
1673758800000,20701.39000000,20788.92000000,20680.43000000,20752.63000000,3247.44452000,1673762399999,67368347.92649350,70458,1698.86717000,35240477.78337420,0
1673762400000,20752.46000000,20793.22000000,20700.72000000,20720.93000000,2324.74945000,1673765999999,48235261.76359900,51828,1129.81626000,23443769.68077660,0
1673766000000,20719.37000000,20743.00000000,20670.27000000,20738.34000000,3348.81679000,1673769599999,69349436.31301550,67858,1709.10156000,35395247.40681750,0
1673769600000,20739.42000000,20756.26000000,20592.47000000,20621.06000000,5242.01708000,1673773199999,108370996.24215370,103901,2564.62422000,53022613.15740820,0
1673773200000,20620.69000000,20760.00000000,20575.00000000,20755.19000000,5088.79577000,1673776799999,105073296.26995250,96084,2615.29972000,54003053.04119100,0
1673776800000,20755.19000000,20764.96000000,20695.00000000,20736.77000000,3648.24305000,1673780399999,75638887.04365030,75051,1892.09553000,39231536.50671760,0
1673780400000,20736.71000000,20746.55000000,20666.67000000,20727.98000000,3130.71407000,1673783999999,64836963.73732210,63295,1534.77191000,31786069.60467200,0
1673784000000,20727.92000000,20750.00000000,20660.23000000,20700.00000000,2736.39876000,1673787599999,56663257.27521320,60488,1355.97851000,28079637.38100430,0
1673787600000,20699.46000000,20852.87000000,20691.09000000,20712.76000000,4038.90647000,1673791199999,83788972.72470630,80241,2065.46442000,42850429.02035770,0
1673791200000,20711.58000000,20824.50000000,20680.00000000,20795.56000000,4424.18961000,1673794799999,91813987.91314440,85229,2140.48423000,44424779.86723610,0
1673794800000,20794.90000000,21000.00000000,20783.50000000,20915.93000000,8100.68730000,1673798399999,169236825.48770900,124266,4006.42633000,83707004.80722190,0
1673798400000,20916.80000000,20971.32000000,20859.63000000,20878.21000000,5900.90591000,1673801999999,123363677.60599770,101475,2925.21775000,61157902.84597830,0
1673802000000,20878.31000000,21058.04000000,20868.75000000,20926.79000000,6987.62462000,1673805599999,146431990.49466310,117673,3521.13029000,73790664.10682370,0
1673805600000,20927.48000000,20931.06000000,20674.40000000,20824.34000000,8204.99891000,1673809199999,170631396.17208320,129891,4028.46334000,83778181.15428410,0
1673809200000,20823.91000000,20909.82000000,20779.98000000,20878.78000000,3140.26613000,1673812799999,65508268.03334960,67351,1595.61149000,33285582.44736090,0
1673812800000,20879.87000000,20935.00000000,20842.75000000,20911.80000000,2637.78131000,1673816399999,55083272.62812580,60890,1328.68137000,27746898.04034840,0
1673816400000,20911.35000000,20939.32000000,20867.65000000,20906.83000000,2177.37891000,1673819999999,45517491.42799150,52946,1125.89353000,23536880.16030610,0
1673820000000,20908.09000000,20960.00000000,20752.98000000,20918.64000000,3865.92156000,1673823599999,80610663.24088340,79747,1957.99156000,40832125.38302530,0
1673823600000,20916.88000000,20945.00000000,20843.69000000,20878.72000000,3037.20964000,1673827199999,63437839.19302880,69510,1493.67667000,31199563.63230500,0
1673827200000,20879.15000000,21007.68000000,20775.38000000,20971.70000000,6475.01320000,1673830799999,135184375.59189760,125231,3296.92302000,68832424.27007880,0
1673830800000,20972.21000000,21325.00000000,20921.58000000,21188.08000000,13790.23567000,1673834399999,291575413.91054990,227204,7150.30605000,151189420.34041360,0
1673834400000,21189.93000000,21443.04000000,21126.51000000,21216.00000000,11710.17088000,1673837999999,249252534.10989960,186395,5965.37438000,126971381.85041320,0
1673838000000,21215.79000000,21237.73000000,21037.04000000,21083.71000000,7034.24547000,1673841599999,148528650.98733440,151540,3463.93139000,73144424.39531810,0
1673841600000,21082.70000000,21175.47000000,21042.99000000,21157.92000000,5224.51776000,1673845199999,110316081.90346160,115360,2633.26875000,55606710.05467820,0
1673845200000,21157.92000000,21225.00000000,21127.03000000,21196.43000000,4784.04534000,1673848799999,101301759.75340910,102754,2452.58052000,51933885.11054880,0
1673848800000,21196.61000000,21273.69000000,21115.37000000,21159.01000000,7141.00617000,1673852399999,151204732.60435460,130337,3633.19834000,76930545.10392590,0
1673852400000,21158.47000000,21165.64000000,21072.71000000,21118.38000000,4366.94589000,1673855999999,92187775.13597310,100085,2182.03168000,46066496.57798880,0
1673856000000,21119.08000000,21121.44000000,20675.75000000,20755.36000000,13963.21740000,1673859599999,290677982.62933380,236106,6695.11538000,139371094.32831570,0
1673859600000,20754.19000000,20849.30000000,20723.95000000,20832.85000000,5011.83940000,1673863199999,104258949.19450190,115440,2608.35756000,54261176.29421930,0
1673863200000,20832.85000000,20912.50000000,20806.04000000,20859.01000000,4708.56823000,1673866799999,98187188.44149680,111749,2335.43319000,48702407.83158760,0
1673866800000,20857.14000000,20869.30000000,20788.46000000,20824.28000000,3931.38518000,1673870399999,81905954.85413220,99626,1943.37213000,40489211.43486530,0
1673870400000,20824.25000000,20875.02000000,20781.46000000,20792.38000000,4472.35656000,1673873999999,93171312.03270930,105884,2184.50835000,45511835.43793700,0
1673874000000,20792.40000000,20874.05000000,20770.00000000,20831.03000000,4989.19003000,1673877599999,103907111.64600310,113921,2584.72350000,53831929.38325680,0
1673877600000,20831.03000000,20899.00000000,20760.00000000,20863.40000000,6158.73577000,1673881199999,128387431.72828850,129185,3235.83050000,67461428.31496460,0
1673881200000,20863.40000000,21058.21000000,20621.51000000,20994.93000000,14620.87716000,1673884799999,305251959.65101400,238086,7407.48646000,154674380.48503060,0
1673884800000,20994.47000000,21050.28000000,20917.11000000,20999.75000000,6444.41409000,1673888399999,135257690.58643490,139157,3240.31540000,68010445.12128410,0
1673888400000,21000.71000000,21165.67000000,20986.09000000,21103.85000000,7444.90957000,1673891999999,156840281.68595440,153671,3795.01426000,79950623.59254600,0
1673892000000,21102.88000000,21294.99000000,21053.48000000,21281.45000000,6587.53449000,1673895599999,139362378.94091560,140618,3488.27946000,73808420.92390630,0
1673895600000,21281.32000000,21411.59000000,21219.52000000,21310.15000000,10493.80652000,1673899199999,223771361.21822630,197299,5309.61680000,113229217.15169390,0
1673899200000,21310.00000000,21470.00000000,21215.75000000,21292.60000000,6721.56184000,1673902799999,143238829.74924870,146354,3623.78138000,77231159.56923110,0
1673902800000,21293.19000000,21300.00000000,21036.55000000,21134.20000000,5656.43004000,1673906399999,119701942.44153070,130085,2857.60732000,60476028.42844590,0
1673906400000,21133.91000000,21230.00000000,21127.57000000,21187.09000000,2989.74320000,1673909999999,63324554.79431260,78603,1544.20903000,32706973.47444780,0
1673910000000,21186.96000000,21228.31000000,21098.77000000,21188.31000000,2915.03893000,1673913599999,61716943.29966030,77105,1405.53186000,29758059.23481330,0
1673913600000,21189.13000000,21300.00000000,21066.01000000,21110.43000000,10129.26396000,1673917199999,214417596.33869450,190545,5068.46086000,107292937.27954610,0
1673917200000,21110.39000000,21147.21000000,20839.95000000,21041.71000000,9063.48710000,1673920799999,190349060.06050220,157069,4485.11735000,94198935.54584490,0
1673920800000,21041.71000000,21114.47000000,20985.88000000,21103.90000000,3832.17483000,1673924399999,80675797.58135240,96849,1925.27814000,40533482.99335600,0
1673924400000,21103.04000000,21173.63000000,21064.10000000,21124.39000000,3909.23752000,1673927999999,82528407.22378700,96382,1979.85363000,41798457.10450450,0
1673928000000,21124.95000000,21235.85000000,21103.00000000,21159.65000000,5234.17341000,1673931599999,110789288.87795510,120818,2646.18762000,56009948.58999690,0
1673931600000,21159.65000000,21187.00000000,21131.13000000,21152.23000000,3459.73301000,1673935199999,73199884.12858720,93764,1762.88397000,37299226.31642510,0
1673935200000,21152.22000000,21157.86000000,21065.26000000,21076.55000000,3737.90009000,1673938799999,78952840.26529710,95508,1817.03852000,38380715.27499310,0
1673938800000,21077.71000000,21179.49000000,21059.68000000,21134.94000000,5225.41362000,1673942399999,110324126.73962760,121366,2728.76422000,57612795.93458540,0
1673942400000,21134.91000000,21216.82000000,21130.00000000,21203.47000000,5299.47970000,1673945999999,112231225.45395210,118585,2681.36126000,56787805.18414600,0
1673946000000,21202.08000000,21252.92000000,21144.10000000,21175.42000000,5197.96305000,1673949599999,110108798.78050380,114368,2453.10364000,51969784.85704250,0
1673949600000,21175.50000000,21183.00000000,21083.93000000,21131.10000000,5349.38333000,1673953199999,113044271.90714950,113729,2630.97503000,55598147.68964050,0
1673953200000,21130.88000000,21239.00000000,21103.95000000,21219.70000000,5279.90718000,1673956799999,111783596.99692210,118390,2762.45890000,58487891.03537960,0
1673956800000,21220.61000000,21352.69000000,21190.00000000,21253.36000000,8464.60391000,1673960399999,180019108.03293050,161724,4362.21391000,92776133.74238790,0
1673960400000,21253.08000000,21271.99000000,21177.46000000,21235.73000000,5613.22626000,1673963999999,119158123.63223310,116486,2881.90487000,61180423.09812050,0
1673964000000,21236.41000000,21611.11000000,21059.00000000,21283.89000000,25504.07913000,1673967599999,542558739.73813670,339568,13042.56405000,277498876.67499340,0
1673967600000,21284.95000000,21390.00000000,21019.09000000,21177.75000000,14158.66357000,1673971199999,300594605.62276850,217971,7061.75743000,149936850.03910120,0
1673971200000,21177.15000000,21250.06000000,21081.71000000,21162.04000000,7885.68273000,1673974799999,166867858.15531530,153560,3918.05828000,82913999.47667930,0
1673974800000,21163.23000000,21248.87000000,21085.21000000,21224.23000000,6265.67600000,1673978399999,132603183.43180280,127308,3239.24582000,68558589.93227070,0
1673978400000,21223.83000000,21414.67000000,21190.00000000,21364.82000000,8275.93259000,1673981999999,176269742.41888190,150225,4195.75760000,89376992.88606870,0
1673982000000,21363.74000000,21385.19000000,21282.87000000,21338.84000000,5885.37982000,1673985599999,125578670.26712960,116661,2910.11303000,62096272.83477190,0
1673985600000,21338.84000000,21400.00000000,21265.34000000,21390.58000000,5489.51703000,1673989199999,117167775.83670930,106379,2839.45016000,60607690.67854700,0
1673989200000,21393.61000000,21414.57000000,21277.96000000,21314.40000000,5267.13368000,1673992799999,112312196.26883070,103264,2605.72501000,55562327.94750490,0
1673992800000,21314.40000000,21341.25000000,21210.00000000,21234.17000000,3197.58044000,1673996399999,68062861.13364660,76902,1573.23229000,33489179.80265810,0
1673996400000,21234.11000000,21277.67000000,21126.16000000,21135.28000000,6469.99628000,1673999999999,137154091.18388310,114536,3133.73030000,66433337.41184620,0
1674000000000,21135.30000000,21247.08000000,21108.48000000,21204.94000000,5642.18155000,1674003599999,119509269.34518180,122471,2762.43488000,58515119.67579260,0
1674003600000,21205.13000000,21267.24000000,21178.70000000,21248.28000000,4764.13467000,1674007199999,101108777.26022910,103793,2387.94590000,50680372.20691130,0
1674007200000,21248.25000000,21354.69000000,21155.19000000,21295.69000000,7630.18210000,1674010799999,162191806.14179640,153255,3860.19469000,82058619.97619390,0
1674010800000,21296.36000000,21377.13000000,21260.05000000,21260.32000000,6015.11409000,1674014399999,128218083.81940700,128407,3083.16501000,65723803.12234140,0
1674014400000,21260.31000000,21302.58000000,21230.25000000,21282.51000000,3551.65281000,1674017999999,75547323.88749460,86528,1824.40874000,38808721.90293200,0
1674018000000,21282.51000000,21321.61000000,21256.12000000,21312.71000000,3623.58205000,1674021599999,77154791.82625320,93824,1844.53160000,39275326.40959590,0
1674021600000,21312.67000000,21318.24000000,21247.11000000,21263.53000000,3799.25247000,1674025199999,80843123.48486180,96019,1922.64941000,40912321.90886490,0
1674025200000,21263.41000000,21310.41000000,21248.29000000,21309.56000000,3894.35557000,1674028799999,82874711.37733000,94277,2090.24715000,44482678.46744050,0
1674028800000,21309.98000000,21318.91000000,21212.07000000,21251.27000000,5186.18455000,1674032399999,110264264.22044740,116517,2555.41984000,54331085.27345240,0
1674032400000,21251.54000000,21285.39000000,21150.00000000,21232.98000000,5463.31562000,1674035999999,115995262.03831390,131367,2766.96755000,58750452.17267560,0
1674036000000,21232.19000000,21258.92000000,21165.07000000,21183.83000000,3944.47279000,1674039599999,83696486.79803580,104094,1956.27476000,41510293.91753460,0
1674039600000,21184.79000000,21237.99000000,21173.10000000,21204.84000000,3513.74624000,1674043199999,74520159.53802240,101461,1858.31011000,39411208.45820900,0
1674043200000,21204.66000000,21296.17000000,21203.75000000,21260.64000000,4322.19333000,1674046799999,91816992.85801710,111508,2174.77973000,46199643.46126580,0
1674046800000,21260.64000000,21473.00000000,21205.00000000,21403.88000000,10948.58828000,1674050399999,233552878.42819750,214640,5543.13529000,118254409.25016100,0
1674050400000,21405.46000000,21659.89000000,21316.03000000,21426.05000000,14161.78613000,1674053999999,303847281.70474540,248865,7111.14119000,152587695.11981350,0
1674054000000,21426.64000000,21564.39000000,20840.00000000,21042.34000000,18772.61591000,1674057599999,398700559.43080070,285379,9164.23569000,194709761.25061510,0
1674057600000,21044.17000000,21044.92000000,20401.00000000,20854.10000000,27856.21027000,1674061199999,577009990.86723320,413220,13241.35070000,274323424.38980420,0
1674061200000,20854.06000000,21146.90000000,20741.93000000,20886.29000000,21514.78887000,1674064799999,450472684.42957960,308798,10821.30753000,226587378.32692460,0
1674064800000,20886.62000000,21066.22000000,20836.06000000,20935.27000000,11219.60697000,1674068399999,234885602.52290260,182526,5453.02328000,114164518.89730450,0
1674068400000,20935.27000000,20981.49000000,20878.67000000,20901.97000000,5565.86205000,1674071999999,116499435.94317870,116203,2726.03225000,57060490.44150590,0
1674072000000,20903.89000000,20935.86000000,20666.57000000,20730.32000000,8839.34902000,1674075599999,183865305.74861730,146899,4344.29737000,90372801.93682380,0
1674075600000,20730.32000000,20840.21000000,20710.70000000,20780.19000000,4982.99720000,1674079199999,103540781.84473880,90523,2475.78324000,51443840.64994240,0
1674079200000,20778.24000000,20814.20000000,20625.76000000,20803.47000000,3517.08651000,1674082799999,72918172.33054840,79813,1823.67849000,37813565.63119830,0
1674082800000,20803.48000000,20816.58000000,20642.43000000,20675.70000000,5111.29152000,1674086399999,105901993.09227360,100219,2409.85299000,49933827.96749270,0
1674086400000,20674.97000000,20762.90000000,20660.00000000,20693.79000000,5978.09958000,1674089999999,123828033.38836550,134945,2929.04846000,60673060.44369460,0
1674090000000,20693.51000000,20774.86000000,20675.43000000,20715.91000000,4925.49566000,1674093599999,102108842.17628990,112098,2557.73495000,53024245.49722670,0
1674093600000,20715.92000000,20775.88000000,20658.14000000,20762.41000000,4996.11213000,1674097199999,103549658.71761170,106256,2482.24928000,51447625.41311210,0
1674097200000,20762.26000000,20816.11000000,20740.69000000,20745.32000000,5588.41562000,1674100799999,116089558.93379910,111111,2864.47744000,59504859.25046840,0
1674100800000,20745.55000000,20873.92000000,20740.77000000,20809.14000000,5483.59368000,1674104399999,114108874.60224130,110239,2866.13792000,59642632.65527130,0
1674104400000,20809.07000000,20848.55000000,20792.28000000,20812.99000000,3911.83468000,1674107999999,81433060.32796470,87451,1952.22692000,40641314.65607220,0
1674108000000,20812.97000000,20854.61000000,20797.00000000,20826.68000000,4530.59063000,1674111599999,94363379.36002200,96346,2262.30061000,47119552.68893500,0
1674111600000,20827.27000000,20846.86000000,20801.83000000,20817.17000000,4593.25374000,1674115199999,95655901.35881670,96980,2420.81224000,50414182.26572570,0
1674115200000,20817.18000000,20845.16000000,20757.90000000,20767.65000000,6021.91795000,1674118799999,125271794.39515850,112672,3114.24884000,64784651.99403570,0
1674118800000,20768.56000000,20808.38000000,20725.02000000,20794.04000000,4981.00607000,1674122399999,103476478.27883120,95892,2560.51941000,53194985.21514950,0
1674122400000,20794.04000000,20801.52000000,20751.42000000,20795.75000000,4069.32882000,1674125999999,84542070.25521480,82045,2172.73557000,45140127.83008820,0
1674126000000,20795.30000000,20798.26000000,20706.86000000,20741.69000000,5514.41611000,1674129599999,114394304.80432530,102510,2733.20136000,56699409.15746700,0
1674129600000,20742.70000000,20774.02000000,20676.36000000,20726.11000000,5745.41500000,1674133199999,119127979.18217480,104849,2867.77664000,59462449.96400580,0
1674133200000,20725.93000000,20810.57000000,20658.81000000,20773.96000000,8717.99672000,1674136799999,180778164.75790540,149471,4461.41783000,92517739.87578280,0
1674136800000,20774.72000000,20887.64000000,20717.86000000,20799.19000000,8729.46880000,1674140399999,181406024.13425250,154325,4492.48804000,93360962.99658080,0
1674140400000,20797.75000000,20958.33000000,20783.00000000,20874.80000000,11008.06524000,1674143999999,229882163.29375920,171083,5404.42164000,112866765.69150350,0
1674144000000,20875.48000000,20924.46000000,20826.00000000,20873.14000000,7162.98312000,1674147599999,149549957.92873540,123807,3532.04464000,73744711.92513830,0
1674147600000,20873.99000000,20944.00000000,20789.73000000,20840.37000000,7173.78833000,1674151199999,149785100.52148870,123598,3659.11387000,76401875.69808990,0
1674151200000,20841.35000000,21021.27000000,20831.32000000,20977.30000000,7965.44038000,1674154799999,166598769.36794390,121536,4122.37263000,86227951.31963830,0
1674154800000,20978.17000000,21139.04000000,20949.13000000,21089.71000000,9240.21249000,1674158399999,194605406.85044690,142698,4676.06870000,98486145.27132730,0
1674158400000,21091.04000000,21190.00000000,20942.70000000,21104.05000000,8201.63327000,1674161999999,173192199.46172910,130804,4111.69683000,86828957.65899320,0
1674162000000,21102.42000000,21115.45000000,20919.18000000,20933.00000000,5385.61378000,1674165599999,113167256.25567580,89269,2839.25952000,59668299.79311970,0
1674165600000,20933.05000000,21084.91000000,20929.28000000,21064.89000000,3975.20016000,1674169199999,83498909.78761940,79104,2143.43530000,45020788.11579860,0
1674169200000,21065.18000000,21128.47000000,21017.96000000,21072.95000000,3996.24886000,1674172799999,84167721.68680070,80535,2001.90616000,42164764.66761920,0
1674172800000,21074.41000000,21122.54000000,21028.52000000,21053.48000000,5788.51082000,1674176399999,121940771.61716160,110269,2882.42906000,60721638.72582280,0
1674176400000,21053.70000000,21149.00000000,21013.13000000,21117.00000000,5978.78468000,1674179999999,126076305.06112640,101489,3145.34921000,66326893.58207440,0
1674180000000,21116.82000000,21219.52000000,21079.30000000,21080.53000000,6814.76455000,1674183599999,144037396.59363100,114319,3351.11267000,70836020.66845700,0
1674183600000,21080.58000000,21114.49000000,21058.65000000,21087.55000000,3693.56305000,1674187199999,77905417.26302310,72232,1727.07861000,36428407.77420160,0
1674187200000,21088.24000000,21128.01000000,20971.42000000,20990.40000000,5625.11708000,1674190799999,118437448.33308430,107175,2710.27271000,57062990.34469120,0
1674190800000,20992.07000000,21038.41000000,20952.34000000,20983.17000000,5625.24980000,1674194399999,118074856.54685920,111243,2752.19524000,57769255.60237170,0
1674194400000,20982.46000000,21000.81000000,20925.01000000,20944.16000000,4714.68695000,1674197999999,98854789.86214670,90558,2392.92544000,50173856.00511290,0
1674198000000,20945.14000000,20987.84000000,20861.48000000,20957.20000000,5587.94710000,1674201599999,117039791.77867170,103216,2675.15618000,56027636.51397060,0
1674201600000,20959.13000000,20977.31000000,20899.66000000,20948.25000000,4635.75003000,1674205199999,97080550.82049680,88074,2321.82130000,48623554.11606010,0
1674205200000,20948.23000000,20994.38000000,20906.03000000,20959.90000000,4498.30794000,1674208799999,94252716.11770160,93999,2226.07610000,46643967.59633990,0
1674208800000,20960.61000000,20970.41000000,20916.00000000,20962.48000000,4769.65533000,1674212399999,99891437.43799110,95672,2322.11651000,48632847.75476290,0
1674212400000,20962.69000000,20985.00000000,20935.71000000,20963.98000000,4092.52651000,1674215999999,85799154.64660030,79136,2085.60021000,43724597.56566590,0
1674216000000,20963.98000000,21129.16000000,20956.42000000,21090.61000000,8539.37507000,1674219599999,179743544.05077730,132180,4392.64348000,92460694.01236310,0
1674219600000,21089.76000000,21148.34000000,21041.65000000,21059.32000000,7931.28280000,1674223199999,167278481.43652070,128459,3923.76400000,82758872.34644180,0
1674223200000,21059.82000000,21167.74000000,21012.94000000,21153.56000000,11033.06135000,1674226799999,232722992.36838820,165397,5649.66352000,119170780.15202650,0
1674226800000,21153.93000000,21246.15000000,21103.76000000,21146.01000000,11731.89198000,1674230399999,248271349.40490490,183523,6029.88204000,127609390.59918080,0
1674230400000,21146.75000000,21418.89000000,21143.58000000,21315.46000000,15134.50570000,1674233999999,322065014.82382180,215373,7671.17476000,163261136.96970730,0
1674234000000,21314.55000000,21411.94000000,21284.71000000,21355.51000000,10579.84155000,1674237599999,225947040.44417040,173648,5314.39920000,113498174.95952190,0
1674237600000,21355.34000000,21440.44000000,21292.74000000,21386.93000000,10858.47929000,1674241199999,231985692.70798100,163048,5514.62462000,117819738.36807550,0
1674241200000,21386.95000000,21533.61000000,21357.40000000,21500.00000000,9449.84716000,1674244799999,202434682.02131490,147448,4788.70537000,102587509.85447450,0
1674244800000,21500.16000000,22390.01000000,21498.19000000,22290.82000000,29097.89369000,1674248399999,638961492.03191880,370699,14991.95961000,329178826.11676990,0
1674248400000,22293.10000000,22454.00000000,22208.15000000,22318.65000000,12781.07822000,1674251999999,285094236.14965400,204127,6336.97617000,141360109.61990120,0
1674252000000,22318.24000000,22749.25000000,22316.85000000,22597.62000000,13759.79081000,1674255599999,310301347.10672280,223947,7042.80828000,158827684.04815900,0
1674255600000,22597.63000000,22760.87000000,22570.60000000,22670.38000000,8903.54402000,1674259199999,201703824.62041320,160974,4435.48948000,100490468.43975020,0
1674259200000,22670.26000000,22800.00000000,22419.55000000,22578.64000000,17893.60438000,1674262799999,404314556.62771960,233346,8925.01447000,201676315.89458500,0
1674262800000,22578.18000000,22623.28000000,22555.00000000,22566.61000000,6057.04533000,1674266399999,136844378.86402140,117800,3082.41481000,69642250.44348550,0
1674266400000,22566.63000000,22627.99000000,22513.33000000,22555.76000000,5945.74144000,1674269999999,134306731.14365060,109850,2955.74951000,66769861.23767230,0
1674270000000,22555.75000000,22576.34000000,22499.15000000,22551.42000000,4701.94638000,1674273599999,106031578.04732560,99866,2303.42883000,51944914.15420150,0
1674273600000,22552.38000000,22648.02000000,22519.45000000,22603.66000000,5702.56724000,1674277199999,128845758.55886560,109671,2906.62750000,65673572.07847100,0
1674277200000,22603.43000000,22627.00000000,22568.00000000,22579.46000000,3707.01806000,1674280799999,83761058.10346520,83394,1834.68151000,41456528.31423340,0
1674280800000,22580.27000000,22628.17000000,22561.20000000,22626.35000000,4170.75032000,1674284399999,94278408.81618670,97238,2117.88808000,47875050.68977780,0
1674284400000,22626.46000000,22677.48000000,22606.82000000,22644.63000000,5616.30593000,1674287999999,127139451.30193030,120383,2774.65381000,62811228.33132200,0
1674288000000,22644.75000000,22782.37000000,22632.47000000,22707.31000000,9204.47294000,1674291599999,209095111.98073960,169612,4674.19847000,106183613.57335860,0
1674291600000,22707.11000000,23100.00000000,22691.06000000,23041.90000000,13035.07744000,1674295199999,297915513.76404360,220019,6672.43430000,152513930.15751690,0
1674295200000,23042.27000000,23340.11000000,22595.64000000,22787.66000000,29582.13121000,1674298799999,679957783.14155430,397353,14485.13038000,333008877.23195910,0
1674298800000,22786.66000000,22959.25000000,22655.91000000,22911.72000000,10476.51217000,1674302399999,239171775.39772590,192402,5251.17941000,119891018.76461180,0
1674302400000,22910.96000000,23084.92000000,22893.27000000,23044.60000000,9818.57332000,1674305999999,225787595.77268250,188116,4869.58426000,111981960.53975400,0
1674306000000,23044.33000000,23055.82000000,22855.11000000,22936.45000000,7816.79523000,1674309599999,179467690.85341870,171502,3796.47870000,87164000.17607780,0
1674309600000,22936.03000000,23025.00000000,22879.44000000,22961.21000000,6581.16208000,1674313199999,151045819.41326110,144469,3274.77890000,75161904.90018570,0
1674313200000,22961.30000000,23288.00000000,22937.22000000,23004.02000000,15380.51103000,1674316799999,355868351.97776520,235997,7773.32314000,179857484.41012690,0
1674316800000,23003.44000000,23275.16000000,22987.55000000,23203.00000000,10490.33328000,1674320399999,242797632.40775870,195223,5373.66488000,124373423.18501580,0
1674320400000,23202.69000000,23365.00000000,23133.33000000,23231.84000000,12527.30796000,1674323999999,291131817.62169810,203230,6362.52309000,147873461.79237430,0
1674324000000,23231.11000000,23270.00000000,23056.17000000,23249.25000000,7286.97042000,1674327599999,168906645.13560860,133046,3852.17033000,89296027.76026240,0
1674327600000,23249.41000000,23312.53000000,23176.91000000,23275.75000000,4924.08071000,1674331199999,114483301.22965760,114901,2491.76565000,57938246.95111560,0
1674331200000,23275.63000000,23305.00000000,23080.00000000,23094.23000000,5198.28878000,1674334799999,120523615.58467540,109830,2448.93574000,56782812.11541330,0
1674334800000,23096.63000000,23225.62000000,23000.00000000,23208.22000000,4670.22183000,1674338399999,108090138.32766650,101049,2287.40715000,52944289.79052840,0
1674338400000,23206.60000000,23215.23000000,22760.00000000,22765.41000000,4558.96998000,1674341999999,105183884.79144420,100652,2112.58786000,48759730.08069530,0
1674342000000,22766.51000000,22967.81000000,22687.61000000,22786.83000000,8777.44818000,1674345599999,200374565.46380470,146863,4436.54264000,101286940.62717960,0
1674345600000,22788.54000000,22978.48000000,22709.04000000,22880.18000000,7936.75080000,1674349199999,181474821.20933250,145295,3979.66144000,91000420.92912160,0
1674349200000,22880.46000000,22896.46000000,22691.86000000,22797.88000000,7065.20163000,1674352799999,161110197.41837500,142060,3479.89784000,79353653.98376790,0
1674352800000,22796.02000000,22837.76000000,22599.62000000,22710.87000000,7230.55931000,1674356399999,164408327.45176790,132897,3566.86814000,81107805.29443600,0
1674356400000,22711.83000000,22779.70000000,22671.85000000,22762.28000000,5298.91314000,1674359999999,120495370.63912850,102202,2668.49821000,60680521.75324690,0
1674360000000,22762.11000000,22872.75000000,22720.27000000,22851.75000000,5768.10825000,1674363599999,131535296.85476880,116579,2940.77791000,67062739.77095330,0
1674363600000,22851.75000000,22898.76000000,22835.60000000,22880.41000000,5210.67473000,1674367199999,119176751.21977300,104510,2579.05572000,58987515.49218820,0
1674367200000,22881.33000000,22970.33000000,22866.13000000,22923.12000000,4909.90951000,1674370799999,112546789.80321780,94052,2441.32673000,55961148.69540880,0
1674370800000,22923.12000000,22963.38000000,22876.89000000,22898.35000000,4956.29058000,1674374399999,113581997.52950030,89575,2446.19205000,56057696.07430230,0
1674374400000,22898.36000000,22926.00000000,22812.32000000,22913.05000000,5271.16892000,1674377999999,120598805.65904650,95914,2617.07611000,59878255.47862090,0
1674378000000,22912.23000000,22942.00000000,22837.29000000,22861.09000000,5207.99387000,1674381599999,119246557.20987780,89043,2545.85306000,58292875.24866970,0
1674381600000,22861.08000000,22910.50000000,22841.51000000,22875.64000000,3935.81545000,1674385199999,90036638.22946870,74725,1970.18192000,45070418.47586140,0
1674385200000,22876.24000000,22888.48000000,22731.00000000,22787.75000000,6120.39430000,1674388799999,139555627.61936430,108993,3078.60434000,70198031.49273290,0
1674388800000,22788.80000000,22875.28000000,22703.00000000,22872.71000000,5848.40237000,1674392399999,133241271.98896160,137864,2927.21269000,66694293.11678060,0
1674392400000,22873.17000000,22933.23000000,22848.49000000,22901.07000000,5493.53923000,1674395999999,125791915.44135690,119784,2745.41224000,62866852.36306420,0
1674396000000,22901.51000000,23046.73000000,22870.04000000,22997.00000000,6351.90976000,1674399599999,145637491.09637320,130131,3184.85067000,73028192.35687530,0
1674399600000,22997.00000000,23082.81000000,22650.73000000,22799.62000000,11991.54807000,1674403199999,274180373.78333050,234348,5899.39957000,134895343.76827640,0
1674403200000,22799.85000000,22868.00000000,22695.00000000,22823.21000000,6338.11484000,1674406799999,144543225.85047840,145546,3219.43312000,73425598.73531270,0
1674406800000,22823.16000000,22964.41000000,22780.97000000,22927.35000000,7722.58805000,1674410399999,176824050.69563600,156663,3906.33648000,89445825.14161530,0
1674410400000,22927.34000000,22942.44000000,22822.00000000,22840.00000000,4407.96888000,1674413999999,100859677.61295530,99766,2178.90102000,49856062.54120380,0
1674414000000,22840.53000000,22861.55000000,22687.61000000,22725.67000000,5905.61140000,1674417599999,134625581.53802790,112472,2919.67016000,66562058.13757070,0
1674417600000,22725.70000000,22739.59000000,22287.68000000,22465.69000000,15829.36971000,1674421199999,356655983.90712580,244354,7677.15544000,173001439.12339640,0
1674421200000,22465.81000000,22645.90000000,22319.49000000,22591.54000000,10069.51028000,1674424799999,226304017.03571620,169289,5028.27231000,113014531.22280060,0
1674424800000,22590.59000000,22705.95000000,22540.77000000,22681.84000000,4215.80918000,1674428399999,95291224.74792650,96031,2198.76008000,49704701.36084230,0
1674428400000,22681.84000000,22779.76000000,22645.26000000,22711.92000000,5770.10204000,1674431999999,131077765.34229950,105720,2854.52235000,64849332.05497370,0
1674432000000,22713.54000000,22817.00000000,22663.26000000,22748.68000000,7614.32556000,1674435599999,173167529.29021000,137428,3912.74388000,88988079.21950430,0
1674435600000,22748.68000000,22828.90000000,22693.61000000,22702.66000000,5018.84077000,1674439199999,114266923.21629300,101201,2506.29391000,57065197.15194320,0
1674439200000,22703.76000000,22761.51000000,22694.31000000,22755.21000000,4263.98397000,1674442799999,96933091.68269790,82148,2209.80261000,50235349.93285940,0
1674442800000,22755.17000000,22775.38000000,22652.68000000,22665.04000000,5477.06855000,1674446399999,124365173.09655620,100588,2756.23550000,62587420.24453330,0
1674446400000,22665.74000000,22762.85000000,22664.46000000,22760.73000000,4415.93584000,1674449999999,100310011.93926910,86036,2288.78276000,51991754.66047540,0
1674450000000,22761.95000000,22772.41000000,22708.33000000,22727.24000000,3985.09366000,1674453599999,90619771.19372120,76821,1989.48387000,45240499.51232680,0
1674453600000,22727.33000000,22797.48000000,22694.57000000,22777.70000000,4375.98960000,1674457199999,99555262.38554490,91427,2289.92063000,52096422.62626250,0
1674457200000,22777.70000000,22789.01000000,22605.84000000,22699.12000000,6687.23119000,1674460799999,151865750.36884460,113521,3347.41258000,76020018.59558190,0
1674460800000,22699.94000000,22772.71000000,22665.48000000,22722.57000000,5570.17624000,1674464399999,126600200.93909360,113273,2783.93515000,63273978.22833770,0
1674464400000,22721.84000000,22796.11000000,22705.18000000,22786.75000000,4661.39228000,1674467999999,106074145.65788630,90915,2336.08834000,53161161.26013220,0
1674468000000,22788.31000000,22962.51000000,22768.45000000,22913.47000000,7827.37154000,1674471599999,179126290.73469440,153093,4022.57924000,92059743.08591540,0
1674471600000,22914.36000000,22934.18000000,22831.86000000,22907.59000000,6062.70121000,1674475199999,138718172.43282880,131727,3070.62872000,70258686.78773310,0
1674475200000,22907.62000000,22981.02000000,22812.77000000,22914.74000000,7114.99844000,1674478799999,162938918.91682490,139363,3677.09167000,84210480.40237270,0
1674478800000,22916.00000000,22942.94000000,22676.02000000,22801.33000000,9280.51460000,1674482399999,211960332.46388380,168342,4662.04212000,106482350.35280170,0
1674482400000,22802.07000000,23124.88000000,22505.01000000,22622.44000000,18046.58497000,1674485999999,412127731.71160190,285772,9065.76293000,207060197.07999830,0
1674486000000,22621.78000000,22923.28000000,22588.53000000,22858.57000000,16315.95936000,1674489599999,371728498.51746730,234657,8164.93028000,186023481.88844450,0
1674489600000,22858.53000000,22940.00000000,22770.00000000,22915.93000000,9982.40100000,1674493199999,228370792.90717330,157243,4972.98012000,113769018.75011910,0
1674493200000,22915.90000000,23070.00000000,22850.00000000,23063.09000000,7810.29991000,1674496799999,179005032.52049650,140259,3967.74787000,90943672.86823400,0
1674496800000,23066.63000000,23178.37000000,22864.23000000,22935.80000000,11702.34856000,1674500399999,270064819.37880810,189188,5887.51410000,135874948.17632340,0
1674500400000,22938.10000000,22969.47000000,22653.96000000,22793.83000000,11316.14862000,1674503999999,258226635.36645230,194154,5638.04063000,128669565.53584950,0
1674504000000,22792.43000000,23038.87000000,22757.63000000,23026.95000000,7190.02655000,1674507599999,164436221.12580900,128635,3671.87282000,83986140.18886390,0
1674507600000,23029.57000000,23048.64000000,22937.92000000,22998.92000000,4719.83089000,1674511199999,108464736.61801570,85475,2307.99874000,53040212.62013600,0
1674511200000,22999.14000000,23035.00000000,22856.94000000,22929.01000000,4026.48247000,1674514799999,92496891.50849270,82113,2113.31991000,48549651.36270820,0
1674514800000,22928.04000000,22963.27000000,22872.22000000,22919.92000000,3685.49160000,1674518399999,84478586.48045240,74288,1855.44457000,42532502.42725770,0
1674518400000,22920.10000000,23013.68000000,22866.50000000,22988.78000000,6845.17875000,1674521999999,157139903.62364610,118112,3468.71636000,79630723.38493960,0
1674522000000,22988.38000000,23110.00000000,22933.66000000,23092.93000000,7036.16086000,1674525599999,161902503.41286630,113872,3596.91742000,82763194.71117570,0
1674525600000,23093.59000000,23148.64000000,23039.16000000,23040.25000000,6436.81533000,1674529199999,148667394.78856520,108948,3278.95960000,75733588.32134100,0
1674529200000,23039.51000000,23086.86000000,23005.96000000,23083.55000000,4811.25423000,1674532799999,110879481.16409310,90802,2450.18630000,56467213.53980810,0
1674532800000,23082.45000000,23125.45000000,23066.00000000,23076.92000000,3704.13882000,1674536399999,85528134.73993840,84381,1854.71660000,42826605.33861220,0
1674536400000,23077.11000000,23166.09000000,23029.01000000,23122.50000000,5489.91459000,1674539999999,126812867.39578870,103510,2700.48823000,62380958.66117350,0
1674540000000,23122.77000000,23159.43000000,23067.00000000,23099.44000000,4539.89367000,1674543599999,104975876.10669650,84939,2221.13315000,51360257.86416090,0
1674543600000,23099.39000000,23133.20000000,23014.01000000,23057.27000000,5169.34909000,1674547199999,119328111.63558540,92092,2566.46572000,59246375.61736590,0
1674547200000,23057.53000000,23095.23000000,23038.00000000,23056.90000000,4434.42136000,1674550799999,102278687.39011220,87927,2217.36713000,51143311.00230610,0
1674550800000,23057.15000000,23061.96000000,22777.00000000,22858.33000000,11843.67584000,1674554399999,271288357.10363550,205007,5704.53705000,130662312.86611450,0
1674554400000,22858.99000000,22948.99000000,22850.43000000,22910.34000000,5637.26228000,1674557999999,129156411.66533930,110453,2849.13026000,65278776.73086380,0
1674558000000,22908.93000000,22940.00000000,22872.10000000,22921.41000000,4552.47991000,1674561599999,104296135.80025300,93071,2226.78428000,51015751.06277150,0
1674561600000,22922.39000000,23041.72000000,22888.00000000,22968.72000000,5818.33298000,1674565199999,133596054.68967480,108261,2915.14184000,66937593.69391320,0
1674565200000,22969.01000000,23022.07000000,22790.00000000,22860.73000000,7438.26951000,1674568799999,170355274.88379790,147599,3658.16380000,83787735.21906270,0
1674568800000,22861.78000000,22962.73000000,22706.00000000,22859.62000000,13014.74617000,1674572399999,297462876.88605100,237866,6489.13719000,148323406.04904410,0
1674572400000,22860.18000000,22964.30000000,22757.00000000,22933.95000000,9779.78181000,1674575999999,223708305.90131090,181388,4957.26205000,113401507.29002920,0
1674576000000,22932.22000000,22950.00000000,22844.10000000,22875.47000000,5534.23614000,1674579599999,126743506.09738220,123172,2796.97988000,64057440.62566990,0
1674579600000,22876.31000000,22929.69000000,22786.47000000,22912.89000000,6236.63964000,1674583199999,142675532.06277530,131580,3170.76290000,72541597.52573380,0
1674583200000,22913.87000000,23049.22000000,22877.35000000,23000.77000000,6651.87231000,1674586799999,152905989.97524870,129114,3497.68500000,80400875.49286340,0
1674586800000,23000.50000000,23080.00000000,22964.06000000,23020.98000000,4724.84729000,1674590399999,108715802.46620650,93644,2374.85653000,54645237.87412890,0
1674590400000,23020.16000000,23042.08000000,22878.94000000,23012.53000000,5179.13591000,1674593999999,118961960.79111700,115136,2607.74092000,59903742.34298430,0
1674594000000,23012.66000000,23082.50000000,22820.22000000,22904.16000000,5842.67516000,1674597599999,134201414.18205750,119886,2903.59470000,66698327.66841690,0
1674597600000,22904.66000000,22927.66000000,22673.07000000,22757.84000000,8681.00875000,1674601199999,197939734.85126170,156204,4177.87849000,95274409.97447090,0
1674601200000,22757.27000000,22786.19000000,22460.00000000,22636.09000000,11762.52674000,1674604799999,266051035.07030150,197539,5688.37403000,128666994.20177150,0
1674604800000,22636.09000000,22713.45000000,22500.59000000,22654.75000000,11427.38699000,1674608399999,258508227.38577930,169130,5771.33759000,130563287.20814560,0
1674608400000,22654.83000000,22668.66000000,22330.00000000,22494.75000000,12712.23421000,1674611999999,285895338.65706120,181693,6306.23472000,141831237.27571820,0
1674612000000,22495.42000000,22596.65000000,22485.00000000,22553.21000000,5638.65840000,1674615599999,127157702.21388860,100330,2819.65176000,63587020.64507910,0
1674615600000,22553.45000000,22653.47000000,22538.66000000,22646.40000000,5293.49312000,1674619199999,119683570.19091130,95068,2723.43601000,61575671.49351280,0
1674619200000,22646.27000000,22664.48000000,22625.40000000,22630.00000000,3828.50404000,1674622799999,86692739.84765550,74195,1842.21747000,41716188.53496770,0
1674622800000,22630.00000000,22737.73000000,22611.08000000,22676.27000000,4591.53424000,1674626399999,104077409.68276760,90200,2401.86120000,54444579.40057450,0
1674626400000,22676.27000000,22743.66000000,22638.15000000,22717.24000000,4798.89459000,1674629999999,108926962.79730780,96921,2459.79522000,55833342.76729440,0
1674630000000,22717.54000000,22776.75000000,22700.28000000,22717.70000000,5009.85727000,1674633599999,113883319.10265240,97673,2478.58182000,56343304.18339820,0
1674633600000,22716.62000000,22743.74000000,22661.16000000,22666.02000000,4889.63198000,1674637199999,110981400.44742290,97023,2427.92297000,55107021.74128410,0
1674637200000,22665.48000000,22716.08000000,22577.04000000,22610.38000000,6245.42215000,1674640799999,141444124.96689440,121833,3072.59505000,69589666.46580770,0
1674640800000,22612.80000000,22634.74000000,22480.19000000,22614.64000000,7987.94488000,1674644399999,180333901.72991760,137101,3950.63349000,89191422.24382780,0
1674644400000,22615.54000000,22631.32000000,22563.90000000,22602.57000000,4282.68151000,1674647999999,96808616.13027740,79846,2128.31524000,48110959.29855840,0
1674648000000,22601.57000000,22747.78000000,22595.74000000,22696.33000000,9211.58749000,1674651599999,209039360.01788630,150825,4678.03150000,106157605.25972150,0
1674651600000,22695.34000000,22729.18000000,22570.27000000,22599.16000000,5930.76441000,1674655199999,134369481.61698260,116922,2947.29859000,66776674.04909800,0
1674655200000,22598.58000000,22628.26000000,22415.10000000,22437.46000000,11012.52998000,1674658799999,248168882.10902840,186682,5417.27220000,122087433.47741190,0
1674658800000,22438.40000000,22605.96000000,22338.17000000,22578.98000000,11544.83807000,1674662399999,259760459.67199100,191903,5793.68785000,130366567.94995640,0
1674662400000,22580.15000000,22692.85000000,22520.64000000,22632.30000000,7833.01610000,1674665999999,177140548.30422540,139406,3977.46325000,89950370.53611610,0
1674666000000,22632.54000000,22655.29000000,22512.73000000,22571.02000000,5802.42015000,1674669599999,131008488.66382260,103399,2889.62550000,65243437.83539800,0
1674669600000,22571.09000000,22729.99000000,22556.77000000,22727.36000000,4929.17608000,1674673199999,111603391.53533090,111566,2542.12007000,57559496.06777670,0
1674673200000,22727.36000000,22763.71000000,22655.80000000,22749.15000000,5836.94600000,1674676799999,132581811.42652770,113567,2886.15573000,65556712.51794280,0
1674676800000,22749.06000000,22954.00000000,22747.82000000,22939.34000000,10141.26473000,1674680399999,232036893.69634780,172760,5035.93435000,115227784.50933420,0
1674680400000,22938.66000000,23707.67000000,22834.65000000,23596.74000000,19415.53366000,1674683999999,450539213.92099030,313117,10115.96454000,234770679.90399940,0
1674684000000,23596.25000000,23821.96000000,22826.03000000,22936.54000000,20201.76155000,1674687599999,472101203.42681140,322451,9907.00156000,231562215.01195160,0
1674687600000,22938.03000000,23217.02000000,22885.37000000,23062.97000000,10609.18543000,1674691199999,244709687.87454820,184794,5306.99823000,122415379.29614920,0
1674691200000,23065.73000000,23287.44000000,23045.22000000,23243.08000000,11457.41566000,1674694799999,265169664.71057350,164940,5791.25852000,134039239.53440100,0
1674694800000,23244.45000000,23250.91000000,23136.64000000,23165.75000000,8195.22533000,1674698399999,190122569.95264620,120436,3955.97470000,91776578.46031830,0
1674698400000,23165.80000000,23270.02000000,23142.52000000,23183.04000000,6971.07757000,1674701999999,161734529.90861180,103967,3414.17378000,79214997.12578880,0
1674702000000,23183.67000000,23234.74000000,23109.00000000,23139.50000000,5692.72994000,1674705599999,131925032.73151590,95471,2774.73731000,64303616.07935500,0
1674705600000,23139.50000000,23201.28000000,23108.72000000,23182.41000000,5038.02360000,1674709199999,116657248.93269180,90210,2519.94543000,58351761.24645030,0
1674709200000,23182.43000000,23196.06000000,23133.38000000,23151.97000000,4314.12504000,1674712799999,99943342.08713220,80484,2072.17291000,48006760.09165400,0
1674712800000,23150.29000000,23167.11000000,22868.27000000,23091.03000000,10870.73826000,1674716399999,250534712.78460590,167850,5375.75927000,123897848.02875300,0
1674716400000,23092.41000000,23100.00000000,22953.95000000,22970.62000000,6493.72399000,1674719999999,149492193.52222660,112774,3165.86162000,72880439.17775630,0
1674720000000,22970.96000000,23051.18000000,22926.08000000,23007.71000000,5653.22401000,1674723599999,130048893.60306440,100006,2764.96116000,63606826.72856250,0
1674723600000,23006.11000000,23040.58000000,22910.00000000,22974.63000000,6503.03443000,1674727199999,149445067.59050490,105948,3229.12178000,74208141.04768980,0
1674727200000,22974.64000000,22999.99000000,22850.00000000,22943.60000000,7910.17115000,1674730799999,181451204.98503720,125455,3802.09540000,87217992.28612680,0
1674730800000,22942.17000000,22999.00000000,22898.13000000,22996.34000000,5051.10280000,1674734399999,115954787.17010810,90561,2476.21619000,56845344.15188470,0
1674734400000,22996.67000000,23147.10000000,22965.62000000,23123.12000000,7790.82345000,1674737999999,179674409.78169770,129590,4056.03762000,93539254.78367010,0
1674738000000,23121.08000000,23155.53000000,22888.00000000,23130.83000000,11285.48946000,1674741599999,260267182.40694230,190191,5704.76995000,131576290.17384720,0
1674741600000,23130.99000000,23250.00000000,22924.46000000,23037.97000000,14661.23291000,1674745199999,338811454.76723900,234586,7311.15083000,168965920.18644260,0
1674745200000,23040.41000000,23181.20000000,22901.36000000,22957.85000000,11741.46532000,1674748799999,270732740.08100910,203551,5709.68258000,131661116.37171450,0
1674748800000,22956.68000000,23040.00000000,22855.96000000,23003.86000000,9312.45268000,1674752399999,213882217.64082450,171459,4480.27774000,102905404.22868030,0
1674752400000,23004.57000000,23060.00000000,22960.38000000,22983.56000000,5478.60794000,1674755999999,126092060.80514280,108178,2652.70317000,61056459.83361360,0
1674756000000,22983.59000000,23107.13000000,22962.24000000,23038.15000000,6268.33794000,1674759599999,144431764.79659620,113270,3149.50150000,72570722.08022610,0
1674759600000,23038.16000000,23093.43000000,22983.50000000,23069.01000000,3902.36090000,1674763199999,89926387.29214850,87088,1991.73109000,45900246.89745580,0
1674763200000,23069.19000000,23165.64000000,23038.20000000,23111.75000000,5121.53087000,1674766799999,118299864.68244240,106709,2564.75561000,59245457.91897430,0
1674766800000,23112.13000000,23121.20000000,22963.85000000,23081.84000000,4321.74231000,1674770399999,99596413.23488820,91446,2180.29562000,50249111.56863380,0
1674770400000,23082.39000000,23149.00000000,22990.54000000,23006.32000000,3065.84134000,1674773999999,70704578.00509520,68716,1527.35476000,35228551.94353410,0
1674774000000,23005.30000000,23039.00000000,22967.37000000,23010.00000000,2894.18293000,1674777599999,66580810.52460340,66936,1424.25364000,32766143.64236790,0
1674777600000,23010.12000000,23077.96000000,22900.00000000,22927.25000000,6751.72200000,1674781199999,155163310.21465560,126126,3386.10156000,77820118.04963000,0
1674781200000,22926.02000000,22970.00000000,22539.79000000,22649.60000000,11237.51306000,1674784799999,255668832.37871260,186008,5496.29182000,125049495.41102440,0
1674784800000,22649.04000000,22820.45000000,22607.40000000,22786.36000000,6175.39951000,1674788399999,140493254.05833420,104633,3141.43138000,71470967.51764900,0
1674788400000,22785.73000000,22846.74000000,22760.66000000,22776.42000000,4194.11102000,1674791999999,95687255.58001360,68635,2084.45389000,47557427.16274120,0
1674792000000,22776.71000000,22861.97000000,22763.48000000,22807.24000000,3961.70616000,1674795599999,90406014.22371060,64560,2022.84209000,46161607.92367910,0
1674795600000,22807.46000000,23105.02000000,22801.63000000,23040.31000000,8650.59814000,1674799199999,198326642.36265930,114538,4383.41520000,100497204.15455310,0
1674799200000,23040.35000000,23059.45000000,22977.27000000,23008.62000000,5941.40177000,1674802799999,136729607.29593860,91493,3034.14710000,69826425.92510000,0
1674802800000,23007.78000000,23085.52000000,22940.08000000,23076.03000000,5950.94208000,1674806399999,136943624.81701020,104016,2882.92111000,66342359.07419480,0
1674806400000,23076.03000000,23086.76000000,22925.10000000,22969.60000000,6170.18758000,1674809999999,141912753.82419560,107583,3157.33550000,72620906.63435780,0
1674810000000,22970.29000000,22990.00000000,22911.92000000,22954.91000000,3829.15633000,1674813599999,87899518.96683930,75917,1919.66194000,44067392.48545080,0
1674813600000,22953.78000000,22996.12000000,22910.57000000,22955.10000000,3709.85787000,1674817199999,85167403.46912630,72784,1796.31689000,41240067.42873490,0
1674817200000,22954.15000000,22978.90000000,22920.84000000,22974.70000000,3628.60960000,1674820799999,83284251.78941600,69529,1743.00589000,40006065.57388090,0
1674820800000,22972.69000000,22994.11000000,22867.29000000,22938.30000000,5129.47639000,1674824399999,117716694.38688830,93270,2514.69754000,57711898.43239660,0
1674824400000,22937.96000000,23029.61000000,22855.08000000,22904.99000000,8566.83705000,1674827999999,196504025.94630380,153574,4363.02215000,100083681.93835280,0
1674828000000,22904.65000000,23056.89000000,22845.56000000,22968.47000000,8257.92414000,1674831599999,189418687.21848780,148117,4208.70655000,96545784.27400130,0
1674831600000,22968.47000000,23151.87000000,22930.00000000,22937.33000000,12858.72023000,1674835199999,296343708.63523600,198382,6433.90648000,148293804.72175100,0
1674835200000,22935.41000000,23148.80000000,22921.72000000,23136.84000000,8367.40230000,1674838799999,193044390.45662280,147929,4339.20912000,100112971.12604100,0
1674838800000,23135.06000000,23247.43000000,23085.84000000,23207.28000000,8361.70348000,1674842399999,193644402.09490030,150257,4261.63461000,98697207.97630680,0
1674842400000,23209.14000000,23256.21000000,23133.46000000,23186.00000000,5890.64204000,1674845999999,136519887.81862480,118868,3067.76472000,71101394.24313310,0
1674846000000,23186.56000000,23290.00000000,23164.06000000,23257.30000000,4358.02153000,1674849599999,101137485.08261790,108201,2250.61405000,52234058.81729250,0
1674849600000,23257.30000000,23510.31000000,23021.79000000,23113.02000000,14709.76647000,1674853199999,342348391.63553200,253431,7336.48838000,170763233.42595370,0
1674853200000,23112.60000000,23200.00000000,23055.63000000,23087.05000000,4820.18233000,1674856799999,111511251.37788320,118530,2366.59161000,54753023.31845420,0
1674856800000,23085.98000000,23104.60000000,22958.13000000,23011.15000000,3880.08915000,1674860399999,89377627.40237140,92107,1882.75301000,43369947.15775770,0
1674860400000,23011.24000000,23087.36000000,23009.51000000,23076.95000000,2538.48550000,1674863999999,58536988.09205740,67655,1278.44395000,29481094.36070850,0
1674864000000,23076.46000000,23189.61000000,23045.90000000,23156.83000000,4267.52812000,1674867599999,98661375.57544750,99629,2158.60223000,49907696.58049920,0
1674867600000,23156.28000000,23177.43000000,23077.92000000,23096.03000000,2823.84799000,1674871199999,65294029.79910410,86389,1376.69515000,31832600.96070400,0
1674871200000,23095.37000000,23133.33000000,23071.01000000,23093.08000000,2168.99433000,1674874799999,50101439.96636350,65377,1038.56880000,23990675.32198720,0
1674874800000,23092.12000000,23145.33000000,23084.81000000,23121.83000000,1953.38306000,1674878399999,45143939.17990980,54117,978.81185000,22622060.55432240,0
1674878400000,23122.63000000,23139.40000000,23083.26000000,23097.13000000,2074.68415000,1674881999999,47947440.61587390,66089,997.16849000,23045778.23413120,0
1674882000000,23097.45000000,23114.21000000,23031.06000000,23071.49000000,3067.16917000,1674885599999,70755513.02390640,76926,1470.57490000,33925025.45136680,0
1674885600000,23071.49000000,23086.61000000,23016.99000000,23044.26000000,2738.93957000,1674889199999,63123563.57389980,65321,1339.74392000,30876971.31044630,0
1674889200000,23043.83000000,23048.09000000,22957.00000000,22997.34000000,3276.88577000,1674892799999,75355225.49102650,75925,1616.89807000,37182421.25641720,0
1674892800000,22997.34000000,23020.94000000,22959.08000000,22984.51000000,2714.43987000,1674896399999,62407876.03238880,64135,1326.33515000,30494418.67235800,0
1674896400000,22982.98000000,23024.47000000,22906.69000000,23004.50000000,3494.74913000,1674899999999,80336796.54682030,73433,1709.59620000,39301833.27084200,0
1674900000000,23004.90000000,23017.65000000,22955.02000000,22980.17000000,3029.45722000,1674903599999,69659691.66810430,65505,1463.64156000,33655974.93270320,0
1674903600000,22980.17000000,23005.00000000,22944.08000000,22986.67000000,2714.38501000,1674907199999,62374165.53316540,62513,1330.80249000,30581659.13964480,0
1674907200000,22986.53000000,22988.77000000,22922.85000000,22959.68000000,3511.06253000,1674910799999,80606272.11648790,82083,1699.86859000,39025713.62298340,0
1674910800000,22959.67000000,22980.69000000,22884.04000000,22976.08000000,5065.72139000,1674914399999,116168092.54245250,113196,2511.44962000,57597016.77738900,0
1674914400000,22976.09000000,22987.93000000,22950.00000000,22954.77000000,2170.41249000,1674917999999,49855239.12425710,63694,1089.70016000,25031652.01621620,0
1674918000000,22953.90000000,23045.70000000,22939.13000000,23016.36000000,4426.33102000,1674921599999,101854234.95616060,98482,2247.88681000,51727120.33877270,0
1674921600000,23016.61000000,23056.56000000,23010.39000000,23025.36000000,2991.49644000,1674925199999,68899819.67269250,74752,1492.94072000,34386854.91431450,0
1674925200000,23025.34000000,23036.38000000,22982.08000000,23025.14000000,2769.51394000,1674928799999,63729581.48138450,72181,1355.89246000,31201200.34202320,0
1674928800000,23024.20000000,23035.60000000,22984.00000000,23004.93000000,1972.36438000,1674932399999,45382759.44383880,55141,956.74463000,22014298.46251440,0
1674932400000,23005.26000000,23049.44000000,22996.33000000,23043.92000000,2095.87355000,1674935999999,48279439.69711910,55797,1070.92776000,24669376.00961370,0
1674936000000,23043.92000000,23048.00000000,22955.55000000,22968.14000000,2924.40810000,1674939599999,67264306.33231430,76324,1396.49673000,32121330.73927170,0
1674939600000,22968.15000000,23014.28000000,22945.01000000,23005.54000000,3390.36053000,1674943199999,77955525.24413840,66824,1694.02171000,38952418.65607110,0
1674943200000,23006.38000000,23020.00000000,22979.22000000,22982.45000000,2972.17458000,1674946799999,68358643.42990230,51930,1473.71876000,33895147.09093370,0
1674946800000,22981.46000000,23035.85000000,22966.00000000,23025.76000000,3101.31672000,1674950399999,71319360.99144560,54875,1594.41088000,36666168.38949720,0
1674950400000,23025.78000000,23149.99000000,22972.17000000,23116.79000000,6308.43994000,1674953999999,145513544.33999770,111071,3314.32386000,76449804.05221230,0
1674954000000,23116.44000000,23495.00000000,23116.44000000,23236.25000000,14723.37672000,1674957599999,343212391.33126090,238801,7521.65078000,175335876.46993170,0
1674957600000,23236.25000000,23283.56000000,23056.89000000,23148.00000000,8249.53710000,1674961199999,191007919.54124200,136947,4148.60194000,96058457.24092910,0
1674961200000,23146.70000000,23205.28000000,23108.82000000,23199.36000000,3888.50348000,1674964799999,90054838.11607030,73306,1953.30745000,45237929.39382200,0
1674964800000,23200.11000000,23247.00000000,23149.60000000,23235.16000000,4905.48154000,1674968399999,113818450.28459680,76192,2468.29438000,57271086.92935210,0
1674968400000,23236.04000000,23259.61000000,23194.06000000,23255.03000000,4471.79620000,1674971999999,103851638.56529130,65257,2230.97442000,51811684.23911030,0
1674972000000,23255.43000000,23274.21000000,23186.00000000,23205.53000000,4257.43683000,1674975599999,98883777.12644040,66673,2086.11320000,48452759.33843820,0
1674975600000,23205.50000000,23226.44000000,23178.70000000,23208.86000000,3924.89287000,1674979199999,91063850.17122150,66885,1919.11669000,44527347.01671460,0
1674979200000,23209.34000000,23230.53000000,23158.02000000,23177.19000000,4104.44491000,1674982799999,95196489.88674000,69106,1991.33790000,46186733.23376910,0
1674982800000,23178.32000000,23379.75000000,23162.90000000,23301.63000000,9356.62195000,1674986399999,217824745.05461880,129877,4736.41787000,110264551.53838010,0
1674986400000,23302.22000000,23500.00000000,23300.41000000,23452.94000000,10820.22048000,1674989999999,253370671.98210070,158531,5494.52945000,128667737.89804480,0
1674990000000,23452.94000000,23615.33000000,23274.54000000,23436.59000000,12581.26287000,1674993599999,294393563.75254900,170430,6409.71479000,149987553.74538640,0
1674993600000,23436.86000000,23550.00000000,23356.90000000,23484.12000000,8555.55793000,1674997199999,200629992.63323060,116386,4275.67058000,100265419.28582710,0
1674997200000,23484.53000000,23670.00000000,23464.00000000,23541.53000000,11312.21320000,1675000799999,266614039.88838390,159240,5707.73474000,134528302.06300190,0
1675000800000,23541.54000000,23601.13000000,23417.44000000,23542.05000000,6980.13679000,1675004399999,164123901.41533560,120253,3497.71116000,82243784.39036370,0
1675004400000,23541.61000000,23553.80000000,23475.20000000,23527.74000000,4347.95154000,1675007999999,102262110.42007790,82989,2169.07129000,51016272.13895170,0
1675008000000,23528.86000000,23649.99000000,23474.90000000,23589.28000000,7397.93944000,1675011599999,174206177.67512960,132597,3750.11542000,88310753.45386370,0
1675011600000,23590.85000000,23645.29000000,23551.88000000,23594.70000000,6377.37154000,1675015199999,150527561.61099190,115093,3141.00403000,74141003.15636940,0
1675015200000,23594.87000000,23763.32000000,23541.26000000,23683.60000000,9548.57645000,1675018799999,225860652.96250140,158850,4886.90756000,115602507.33334480,0
1675018800000,23683.27000000,23966.54000000,23663.59000000,23900.19000000,13167.61818000,1675022399999,313865488.08063800,212754,6833.02722000,162877220.80475370,0
1675022400000,23899.07000000,23913.39000000,23611.00000000,23699.66000000,8771.71513000,1675025999999,208571196.27566170,148913,4307.20412000,102419582.99451450,0
1675026000000,23699.23000000,23829.99000000,23656.91000000,23794.81000000,5040.53133000,1675029599999,119727723.19505480,102361,2565.32534000,60938146.73068380,0
1675029600000,23795.76000000,23822.45000000,23722.60000000,23766.86000000,2850.35458000,1675033199999,67783895.34319700,66483,1399.29577000,33277868.70593540,0
1675033200000,23768.17000000,23880.00000000,23729.23000000,23743.76000000,5813.79543000,1675036799999,138385045.50742600,110356,2917.77139000,69455224.05384730,0
1675036800000,23744.59000000,23801.79000000,23686.00000000,23752.83000000,7155.66220000,1675040399999,169893903.04770380,121369,3606.02315000,85620681.43664530,0
1675040400000,23752.82000000,23771.04000000,23622.91000000,23672.68000000,6630.72069000,1675043999999,157018447.86995020,113113,3260.73581000,77217025.48493500,0
1675044000000,23672.66000000,23675.13000000,23571.57000000,23648.22000000,5237.52474000,1675047599999,123736343.98252850,96663,2552.18603000,60295722.80786720,0
1675047600000,23648.22000000,23707.61000000,23623.25000000,23703.03000000,3915.39841000,1675051199999,92661086.10144700,74485,1984.66236000,46970908.23738200,0
1675051200000,23704.24000000,23771.80000000,23697.00000000,23718.56000000,3854.03054000,1675054799999,91470407.43942980,74219,1935.43870000,45935498.44063250,0
1675054800000,23719.83000000,23735.00000000,23663.82000000,23731.09000000,3425.16258000,1675058399999,81173973.34676410,64774,1678.84934000,39788063.13256410,0
1675058400000,23730.00000000,23745.00000000,23660.00000000,23692.71000000,3890.42526000,1675061999999,92236272.98526750,74938,1852.39007000,43918191.99490580,0
1675062000000,23693.80000000,23707.05000000,23600.00000000,23643.97000000,4688.72808000,1675065599999,110895867.56229690,86778,2349.74848000,55577122.08188500,0
1675065600000,23644.93000000,23676.72000000,23506.49000000,23549.06000000,6828.42233000,1675069199999,161106459.91918820,120467,3297.26702000,77795637.13392850,0
1675069200000,23549.42000000,23552.23000000,23115.14000000,23191.67000000,18427.08861000,1675072799999,429462535.05866320,261796,9082.09114000,211683271.37134860,0
1675072800000,23191.10000000,23306.92000000,23105.00000000,23244.07000000,7627.38638000,1675076399999,177206938.82965560,136794,3782.30656000,87881812.30661020,0
1675076400000,23245.96000000,23277.48000000,23016.93000000,23074.96000000,8370.01680000,1675079999999,193860648.06911610,151955,3892.34104000,90154704.26505740,0
1675080000000,23078.64000000,23153.75000000,22968.00000000,23077.37000000,10088.77231000,1675083599999,232761460.98458880,177456,4873.89914000,112452899.04161580,0
1675083600000,23077.10000000,23134.50000000,23044.87000000,23058.78000000,5537.23392000,1675087199999,127865933.57692630,109238,2744.24651000,63371684.58764730,0
1675087200000,23058.77000000,23291.99000000,23027.79000000,23290.51000000,10607.75115000,1675090799999,245883826.79460550,179579,5298.21912000,122821664.03448570,0
1675090800000,23290.50000000,23303.36000000,23047.96000000,23178.00000000,8823.88709000,1675094399999,204567996.86226050,175058,4203.05316000,97441020.18804040,0
1675094400000,23177.24000000,23252.00000000,23112.00000000,23169.92000000,6560.04299000,1675097999999,152055382.73540790,143541,3238.54362000,75069326.20716250,0
1675098000000,23171.85000000,23240.31000000,23089.44000000,23109.21000000,5543.44097000,1675101599999,128431778.98275140,128521,2710.63341000,62804057.40771530,0
1675101600000,23109.21000000,23179.81000000,23068.00000000,23140.00000000,5219.89668000,1675105199999,120686919.53696790,117645,2614.04771000,60440746.93195290,0
1675105200000,23140.00000000,23142.50000000,22615.00000000,22786.31000000,14116.49159000,1675108799999,321895680.21621690,259929,6815.38567000,155404535.80103100,0
1675108800000,22785.39000000,22810.99000000,22560.49000000,22697.25000000,8561.26619000,1675112399999,194379116.29254850,160763,4267.55562000,96904497.84521570,0
1675112400000,22696.64000000,22793.30000000,22680.01000000,22746.93000000,5095.44187000,1675115999999,115917980.70497210,109740,2490.18039000,56652031.57130730,0
1675116000000,22745.19000000,22770.38000000,22482.00000000,22729.58000000,5206.84586000,1675119599999,118157453.26650720,119922,2444.02014000,55466405.18354490,0
1675119600000,22732.42000000,22842.09000000,22704.73000000,22828.57000000,4334.31583000,1675123199999,98715503.52590560,105905,2121.28735000,48314662.37530070,0
1675123200000,22828.58000000,22878.11000000,22716.64000000,22829.72000000,5931.39454000,1675126799999,135253734.94768850,119608,2868.07470000,65406507.28006420,0
1675126800000,22829.67000000,22862.83000000,22757.48000000,22831.05000000,4451.03768000,1675130399999,101584298.71007480,93270,2154.73764000,49176835.61107680,0
1675130400000,22830.53000000,22914.00000000,22817.73000000,22856.16000000,4204.19349000,1675133999999,96153272.13659460,82440,2104.51531000,48133529.87863820,0
1675134000000,22856.97000000,22868.76000000,22813.73000000,22834.49000000,3137.22753000,1675137599999,71671504.24035710,64410,1547.98896000,35365418.96588230,0
1675137600000,22834.30000000,22864.77000000,22799.00000000,22859.53000000,2948.61668000,1675141199999,67330586.68193460,59769,1512.96672000,34548803.96728090,0
1675141200000,22860.83000000,22871.29000000,22752.65000000,22756.34000000,3600.34475000,1675144799999,82210103.85322090,69113,1699.66502000,38810603.97333770,0
1675144800000,22757.73000000,22866.10000000,22742.79000000,22811.26000000,4095.14510000,1675148399999,93370615.82427790,78148,2029.47781000,46272495.17137900,0
1675148400000,22812.49000000,22988.69000000,22808.51000000,22977.48000000,5853.89947000,1675151999999,134108323.77319760,105002,3009.78538000,68953874.81867890,0
1675152000000,22977.48000000,22995.35000000,22832.00000000,22909.94000000,5810.39895000,1675155599999,133167441.26441790,103785,2840.32194000,65097081.33399420,0
1675155600000,22909.94000000,22940.21000000,22880.95000000,22891.30000000,3364.13734000,1675159199999,77064396.02545390,69250,1665.14661000,38145771.76675150,0
1675159200000,22889.97000000,22910.69000000,22814.28000000,22827.21000000,4171.06765000,1675162799999,95380482.06853050,81446,2089.40873000,47780082.08314200,0
1675162800000,22827.16000000,22880.50000000,22809.87000000,22863.28000000,3888.69739000,1675166399999,88846245.14914950,80755,2042.30158000,46662282.06865180,0
1675166400000,22863.81000000,22923.19000000,22850.00000000,22895.59000000,3947.98615000,1675169999999,90357472.11004900,84529,1998.74458000,45745309.15709630,0
1675170000000,22895.47000000,23128.31000000,22884.40000000,23126.42000000,9997.67326000,1675173599999,229979333.86359250,168367,5081.96928000,116905607.50769900,0
1675173600000,23124.13000000,23193.84000000,23053.46000000,23119.86000000,10668.72916000,1675177199999,246662826.21985140,174966,5393.09608000,124694305.08150970,0
1675177200000,23119.77000000,23205.00000000,23073.66000000,23120.50000000,8427.00613000,1675180799999,194961150.14450100,129502,4406.11524000,101941105.59186650,0
1675180800000,23119.57000000,23220.60000000,23081.71000000,23109.77000000,7887.86036000,1675184399999,182452957.59649260,127454,3881.25070000,89781570.56291020,0
1675184400000,23110.18000000,23183.17000000,23086.53000000,23153.76000000,4482.05658000,1675187999999,103677247.14251840,88760,2231.87337000,51628050.26584000,0
1675188000000,23153.03000000,23186.73000000,23117.60000000,23168.07000000,3820.81536000,1675191599999,88445445.69187220,79936,1931.59205000,44713695.52684010,0
1675191600000,23167.40000000,23189.00000000,23088.59000000,23164.59000000,4212.49716000,1675195199999,97508857.68840940,89935,2156.27497000,49914967.77087230,0
1675195200000,23163.09000000,23173.35000000,23043.45000000,23095.55000000,4612.76342000,1675198799999,106623246.20373570,99810,2249.94262000,52008535.34341250,0
1675198800000,23097.15000000,23122.90000000,22814.75000000,22950.96000000,9041.95534000,1675202399999,207562122.33186600,165137,4395.06703000,100889615.69925090,0
1675202400000,22951.05000000,23309.82000000,22873.62000000,23183.75000000,6660.73103000,1675205999999,153558802.72690020,132147,3513.87343000,81033192.99816950,0
1675206000000,23183.73000000,23189.00000000,23082.20000000,23127.36000000,5499.80060000,1675209599999,127182566.21001770,109915,2787.23206000,64456475.20506660,0
