1672531200000,1.00050000,1.00050000,1.00040000,1.00050000,11864366.00000000,1672534799999,11870098.64610000,5797,9868997.00000000,9873931.49850000,0
1672534800000,1.00040000,1.00050000,1.00040000,1.00050000,5410738.00000000,1672538399999,5413243.36400000,5378,3410688.00000000,3412393.34400000,0
1672538400000,1.00050000,1.00050000,1.00040000,1.00050000,8467410.00000000,1672541999999,8471455.35480000,5810,6583908.00000000,6587199.95400000,0
1672542000000,1.00050000,1.00050000,1.00040000,1.00050000,7750194.00000000,1672545599999,7753690.36910000,4723,3962915.00000000,3964896.45750000,0
1672545600000,1.00040000,1.00050000,1.00040000,1.00050000,6036984.00000000,1672549199999,6039832.68570000,5462,4338921.00000000,4341090.46050000,0
1672549200000,1.00040000,1.00060000,1.00040000,1.00050000,18270327.00000000,1672552799999,18279648.62820000,5090,15309148.00000000,15317081.66420000,0
1672552800000,1.00060000,1.00060000,1.00050000,1.00050000,4795816.00000000,1672556399999,4798400.20410000,5832,1862961.00000000,1864078.77660000,0
1672556400000,1.00050000,1.00060000,1.00050000,1.00060000,7546616.00000000,1672559999999,7550625.35990000,6145,2360519.00000000,2361935.31140000,0
1672560000000,1.00060000,1.00060000,1.00050000,1.00050000,5166622.00000000,1672563599999,5169385.83260000,6320,1805216.00000000,1806299.12960000,0
1672563600000,1.00050000,1.00060000,1.00050000,1.00060000,11281130.00000000,1672567199999,11287225.11800000,7659,4545530.00000000,4548257.31800000,0
1672567200000,1.00060000,1.00060000,1.00050000,1.00060000,11571678.00000000,1672570799999,11577993.58630000,7186,5297473.00000000,5300651.48380000,0
1672570800000,1.00060000,1.00060000,1.00050000,1.00050000,5173741.00000000,1672574399999,5176537.12950000,7947,2092590.00000000,2093845.55400000,0
1672574400000,1.00050000,1.00060000,1.00050000,1.00050000,7093700.00000000,1672577999999,7097399.05550000,11334,1522055.00000000,1522968.23300000,0
1672578000000,1.00050000,1.00060000,1.00050000,1.00050000,6686965.00000000,1672581599999,6690513.98290000,9325,2055004.00000000,2056237.00240000,0
1672581600000,1.00060000,1.00060000,1.00050000,1.00050000,4421226.00000000,1672585199999,4423606.37480000,6422,1697618.00000000,1698636.57080000,0
1672585200000,1.00050000,1.00060000,1.00050000,1.00050000,7450979.00000000,1672588799999,7454868.13130000,6570,1636418.00000000,1637399.85080000,0
1672588800000,1.00060000,1.00060000,1.00050000,1.00060000,4876077.00000000,1672592399999,4878710.09640000,8673,1950579.00000000,1951749.34740000,0
1672592400000,1.00050000,1.00060000,1.00050000,1.00050000,13084290.00000000,1672595999999,13091512.23410000,8062,6800891.00000000,6804971.53460000,0
1672596000000,1.00060000,1.00060000,1.00050000,1.00060000,15438299.00000000,1672599599999,15447067.16020000,9112,10490107.00000000,10496401.06420000,0
1672599600000,1.00050000,1.00060000,1.00050000,1.00050000,9573629.00000000,1672603199999,9578713.20500000,10455,2973905.00000000,2975689.34300000,0
1672603200000,1.00050000,1.00060000,1.00050000,1.00050000,13958121.00000000,1672606799999,13966057.43500000,7907,9573745.00000000,9579489.24700000,0
1672606800000,1.00060000,1.00060000,1.00050000,1.00050000,5202152.00000000,1672610399999,5204862.80110000,6902,1097251.00000000,1097909.35060000,0
1672610400000,1.00060000,1.00060000,1.00050000,1.00050000,8409912.00000000,1672613999999,8414422.14040000,5449,3051844.00000000,3053675.10640000,0
1672614000000,1.00060000,1.00060000,1.00040000,1.00040000,36713483.00000000,1672617599999,36732300.16650000,5661,12695101.00000000,12702030.79870000,0
1672617600000,1.00040000,1.00050000,1.00040000,1.00040000,20372678.00000000,1672621199999,20382134.90360000,6980,13078324.00000000,13084863.16200000,0
1672621200000,1.00040000,1.00050000,1.00040000,1.00040000,15273600.00000000,1672624799999,15280528.56210000,9272,8191221.00000000,8195316.61050000,0
1672624800000,1.00050000,1.00050000,1.00040000,1.00040000,7815362.00000000,1672628399999,7818758.70160000,5769,2705568.00000000,2706920.78400000,0
1672628400000,1.00040000,1.00050000,1.00040000,1.00050000,15321143.00000000,1672631999999,15328333.49850000,7020,10620413.00000000,10625723.20650000,0
1672632000000,1.00040000,1.00050000,1.00040000,1.00040000,11738348.00000000,1672635599999,11743613.67640000,6816,5703372.00000000,5706223.68600000,0
1672635600000,1.00050000,1.00050000,1.00040000,1.00040000,8108111.00000000,1672639199999,8111484.83560000,5627,1305912.00000000,1306564.95600000,0
1672639200000,1.00040000,1.00050000,1.00040000,1.00040000,7660750.00000000,1672642799999,7664035.19960000,6869,2208996.00000000,2210100.49800000,0
1672642800000,1.00040000,1.00050000,1.00040000,1.00050000,30640664.00000000,1672646399999,30654068.17710000,21202,11479115.00000000,11484854.55750000,0
1672646400000,1.00050000,1.00050000,1.00030000,1.00040000,63665256.00000000,1672649999999,63690017.24500000,14798,19642266.00000000,19650281.32570000,0
1672650000000,1.00040000,1.00040000,1.00030000,1.00030000,14532338.00000000,1672653599999,14537180.02430000,9827,4823229.00000000,4825158.29160000,0
1672653600000,1.00030000,1.00040000,1.00030000,1.00030000,17503703.00000000,1672657199999,17509926.18650000,9918,9720756.00000000,9724644.30240000,0
1672657200000,1.00040000,1.00040000,1.00030000,1.00040000,16399590.00000000,1672660799999,16405538.59280000,8516,10287158.00000000,10291272.86320000,0
1672660800000,1.00040000,1.00040000,1.00030000,1.00030000,10627001.00000000,1672664399999,10630691.38370000,10140,5022834.00000000,5024843.13360000,0
1672664400000,1.00030000,1.00040000,1.00030000,1.00030000,16478647.00000000,1672667999999,16484654.34500000,9444,10637509.00000000,10641764.00360000,0
1672668000000,1.00030000,1.00040000,1.00030000,1.00040000,15169854.00000000,1672671599999,15175480.67580000,8464,10757196.00000000,10761498.87840000,0
1672671600000,1.00040000,1.00040000,1.00030000,1.00040000,8544366.00000000,1672675199999,8547309.91250000,9534,3806027.00000000,3807549.41080000,0
1672675200000,1.00040000,1.00040000,1.00030000,1.00030000,24581510.00000000,1672678799999,24589920.27750000,9966,10358245.00000000,10362388.29800000,0
1672678800000,1.00030000,1.00040000,1.00030000,1.00030000,8176544.00000000,1672682399999,8179462.33850000,7456,4653753.00000000,4655614.50120000,0
1672682400000,1.00030000,1.00040000,1.00030000,1.00030000,6429650.00000000,1672685999999,6431822.63510000,7938,2437401.00000000,2438375.96040000,0
1672686000000,1.00030000,1.00040000,1.00030000,1.00040000,5932150.00000000,1672689599999,5934125.02940000,9303,1953844.00000000,1954625.53760000,0
1672689600000,1.00030000,1.00040000,1.00030000,1.00030000,6173878.00000000,1672693199999,6175927.85580000,8334,1976924.00000000,1977714.76960000,0
1672693200000,1.00040000,1.00040000,1.00030000,1.00030000,5496254.00000000,1672696799999,5498084.40860000,7311,1815324.00000000,1816050.12960000,0
1672696800000,1.00040000,1.00040000,1.00030000,1.00030000,6559185.00000000,1672700399999,6561350.70230000,8126,1979468.00000000,1980259.78720000,0
1672700400000,1.00030000,1.00040000,1.00030000,1.00040000,6590384.00000000,1672703999999,6592502.30660000,7310,1411914.00000000,1412478.76560000,0
1672704000000,1.00030000,1.00040000,1.00030000,1.00030000,4906090.00000000,1672707599999,4907708.12390000,5996,1462969.00000000,1463554.18760000,0
1672707600000,1.00030000,1.00040000,1.00030000,1.00040000,6420484.00000000,1672711199999,6422660.08460000,6527,2499394.00000000,2500393.75760000,0
1672711200000,1.00030000,1.00040000,1.00030000,1.00030000,7516465.00000000,1672714799999,7519014.90670000,5671,2949672.00000000,2950851.86880000,0
1672714800000,1.00040000,1.00040000,1.00030000,1.00030000,15413333.00000000,1672718399999,15418127.52330000,5257,1705234.00000000,1705916.09360000,0
1672718400000,1.00040000,1.00040000,1.00030000,1.00040000,41841073.00000000,1672721999999,41853996.26730000,5609,9112988.00000000,9116092.84180000,0
1672722000000,1.00030000,1.00040000,1.00020000,1.00020000,55675080.00000000,1672725599999,55691542.82710000,9770,22353097.00000000,22359930.87690000,0
1672725600000,1.00030000,1.00030000,1.00020000,1.00020000,19941384.00000000,1672729199999,19946736.30580000,11501,13640290.00000000,13644382.08700000,0
1672729200000,1.00030000,1.00030000,1.00020000,1.00020000,13102356.00000000,1672732799999,13105657.84570000,8610,6813745.00000000,6815789.12350000,0
1672732800000,1.00020000,1.00030000,1.00020000,1.00020000,15347065.00000000,1672736399999,15351028.40600000,10438,8939930.00000000,8942611.97900000,0
1672736400000,1.00030000,1.00030000,1.00020000,1.00020000,27522343.00000000,1672739999999,27529822.95620000,10043,19754876.00000000,19760802.46280000,0
1672740000000,1.00020000,1.00040000,1.00020000,1.00030000,58168322.00000000,1672743599999,58185576.75200000,10359,41702562.00000000,41715510.66550000,0
1672743600000,1.00030000,1.00040000,1.00030000,1.00030000,27218450.00000000,1672747199999,27228105.84030000,8837,14903053.00000000,14909014.22120000,0
1672747200000,1.00030000,1.00040000,1.00030000,1.00030000,26492236.00000000,1672750799999,26501911.39700000,14339,17277262.00000000,17284172.90480000,0
1672750800000,1.00040000,1.00040000,1.00030000,1.00030000,27423789.00000000,1672754399999,27433574.06530000,12303,15579286.00000000,15585517.71440000,0
1672754400000,1.00030000,1.00040000,1.00030000,1.00030000,75343331.00000000,1672757999999,75370231.53570000,17909,42975364.00000000,42992554.14560000,0
1672758000000,1.00030000,1.00040000,1.00030000,1.00030000,36794687.00000000,1672761599999,36806605.35490000,16617,8799488.00000000,8803007.79520000,0
1672761600000,1.00040000,1.00040000,1.00030000,1.00030000,38726834.00000000,1672765199999,38739711.38960000,15744,12593394.00000000,12598431.35760000,0
1672765200000,1.00030000,1.00040000,1.00030000,1.00030000,16094880.00000000,1672768799999,16100815.06410000,11254,11066001.00000000,11070427.40040000,0
1672768800000,1.00030000,1.00040000,1.00030000,1.00030000,9242573.00000000,1672772399999,9245929.49970000,9296,5837278.00000000,5839612.91120000,0
1672772400000,1.00030000,1.00040000,1.00030000,1.00030000,16513936.00000000,1672775999999,16520048.52590000,14041,11583451.00000000,11588084.38040000,0
1672776000000,1.00040000,1.00040000,1.00030000,1.00030000,26647332.00000000,1672779599999,26657506.02750000,13417,21798279.00000000,21806998.31160000,0
1672779600000,1.00040000,1.00040000,1.00030000,1.00030000,12318162.00000000,1672783199999,12322836.10950000,7814,9786609.00000000,9790523.64360000,0
1672783200000,1.00040000,1.00040000,1.00030000,1.00030000,5970971.00000000,1672786799999,5973075.77930000,6651,3134880.00000000,3136133.95200000,0
1672786800000,1.00030000,1.00040000,1.00030000,1.00040000,3815927.00000000,1672790399999,3817302.33930000,7030,2305612.00000000,2306534.24480000,0
1672790400000,1.00030000,1.00040000,1.00030000,1.00040000,9743012.00000000,1672793999999,9746522.06950000,7400,5871659.00000000,5874007.66360000,0
1672794000000,1.00030000,1.00040000,1.00030000,1.00030000,11736999.00000000,1672797599999,11741172.56160000,9939,6524619.00000000,6527228.84760000,0
1672797600000,1.00040000,1.00040000,1.00030000,1.00030000,15291406.00000000,1672801199999,15296677.52730000,8964,6841055.00000000,6843791.42200000,0
1672801200000,1.00040000,1.00040000,1.00030000,1.00030000,27016606.00000000,1672804799999,27026106.06080000,14606,13950790.00000000,13956370.31600000,0
1672804800000,1.00040000,1.00040000,1.00030000,1.00030000,16533256.00000000,1672808399999,16539123.09260000,11398,9071158.00000000,9074786.46320000,0
1672808400000,1.00030000,1.00040000,1.00030000,1.00030000,23250982.00000000,1672811999999,23259265.39680000,7801,13081022.00000000,13086254.40880000,0
1672812000000,1.00030000,1.00040000,1.00030000,1.00030000,14192440.00000000,1672815599999,14197566.82730000,9775,8690953.00000000,8694429.38120000,0
1672815600000,1.00030000,1.00040000,1.00030000,1.00030000,15771305.00000000,1672819199999,15776986.15580000,11498,9497643.00000000,9501442.05720000,0
1672819200000,1.00030000,1.00040000,1.00030000,1.00040000,14554046.00000000,1672822799999,14559194.54630000,12704,7823325.00000000,7826454.33000000,0
1672822800000,1.00040000,1.00040000,1.00030000,1.00030000,23790225.00000000,1672826399999,23798861.23250000,11287,14991650.00000000,14997646.66000000,0
1672826400000,1.00030000,1.00040000,1.00030000,1.00030000,27817904.00000000,1672829999999,27828159.75460000,10655,19103834.00000000,19111475.53360000,0
1672830000000,1.00040000,1.00040000,1.00030000,1.00030000,23436345.00000000,1672833599999,23445160.30300000,11782,17843995.00000000,17851132.59800000,0
1672833600000,1.00030000,1.00040000,1.00030000,1.00040000,35621765.00000000,1672837199999,35635362.45010000,12195,29109206.00000000,29120849.68240000,0
1672837200000,1.00030000,1.00040000,1.00030000,1.00030000,13911340.00000000,1672840799999,13915905.42280000,11162,3920208.00000000,3921776.08320000,0
1672840800000,1.00040000,1.00040000,1.00030000,1.00030000,32046665.00000000,1672844399999,32058342.08550000,13421,20630860.00000000,20639112.34400000,0
1672844400000,1.00040000,1.00040000,1.00030000,1.00030000,31166530.00000000,1672847999999,31177403.53610000,16946,15235771.00000000,15241865.30840000,0
1672848000000,1.00030000,1.00040000,1.00030000,1.00030000,22247366.00000000,1672851599999,22254976.92710000,20738,9367173.00000000,9370919.86920000,0
1672851600000,1.00030000,1.00040000,1.00030000,1.00030000,23101190.00000000,1672855199999,23109032.86250000,16796,9125055.00000000,9128705.02200000,0
1672855200000,1.00030000,1.00040000,1.00030000,1.00030000,45324163.00000000,1672858799999,45339022.59340000,16663,12623445.00000000,12628494.37800000,0
1672858800000,1.00030000,1.00040000,1.00030000,1.00040000,36604840.00000000,1672862399999,36616854.33160000,18531,10328796.00000000,10332927.51840000,0
1672862400000,1.00030000,1.00040000,1.00020000,1.00020000,36904517.00000000,1672865999999,36915141.28180000,12474,15861439.00000000,15866219.10950000,0
1672866000000,1.00020000,1.00040000,1.00020000,1.00030000,34514867.00000000,1672869599999,34524761.79070000,9050,29791761.00000000,29800699.79330000,0
1672869600000,1.00030000,1.00040000,1.00030000,1.00030000,6611643.00000000,1672873199999,6613911.64120000,8072,2851483.00000000,2852623.59320000,0
1672873200000,1.00040000,1.00040000,1.00030000,1.00030000,20816256.00000000,1672876799999,20822893.83730000,9869,3929605.00000000,3931176.84200000,0
1672876800000,1.00030000,1.00040000,1.00020000,1.00020000,26888743.00000000,1672880399999,26896815.84520000,12857,2213747.00000000,2214586.10420000,0
1672880400000,1.00030000,1.00030000,1.00020000,1.00020000,14033632.00000000,1672883999999,14037353.42160000,12015,9146952.00000000,9149696.08560000,0
1672884000000,1.00030000,1.00030000,1.00020000,1.00020000,20780398.00000000,1672887599999,20786315.79610000,8359,17617165.00000000,17622450.14950000,0
1672887600000,1.00020000,1.00030000,1.00020000,1.00020000,17278815.00000000,1672891199999,17283494.94620000,8644,12241832.00000000,12245504.54960000,0
1672891200000,1.00020000,1.00030000,1.00020000,1.00020000,21594001.00000000,1672894799999,21600107.22440000,10134,17874242.00000000,17879604.27260000,0
1672894800000,1.00030000,1.00030000,1.00020000,1.00020000,11721770.00000000,1672898399999,11724672.03330000,11589,5576793.00000000,5578466.03790000,0
1672898400000,1.00020000,1.00030000,1.00020000,1.00020000,18046909.00000000,1672901999999,18051742.99330000,11494,12246115.00000000,12249788.83450000,0
1672902000000,1.00030000,1.00030000,1.00020000,1.00020000,25094323.00000000,1672905599999,25101153.79340000,11372,18119288.00000000,18124723.78640000,0
1672905600000,1.00030000,1.00030000,1.00020000,1.00020000,22941083.00000000,1672909199999,22947301.62020000,14282,16304036.00000000,16308927.21080000,0
1672909200000,1.00020000,1.00030000,1.00020000,1.00030000,26235976.00000000,1672912799999,26243226.97970000,14632,20037845.00000000,20043856.35350000,0
1672912800000,1.00030000,1.00040000,1.00020000,1.00030000,36317921.00000000,1672916399999,36329451.19850000,11159,29718563.00000000,29728227.45570000,0
1672916400000,1.00040000,1.00040000,1.00030000,1.00030000,24530024.00000000,1672919999999,24539333.33850000,13197,19503313.00000000,19511114.32520000,0
1672920000000,1.00030000,1.00040000,1.00030000,1.00040000,26667394.00000000,1672923599999,26677293.32510000,11998,18991069.00000000,18998665.42760000,0
1672923600000,1.00030000,1.00040000,1.00030000,1.00030000,32597068.00000000,1672927199999,32608802.14430000,13329,19550239.00000000,19558059.09560000,0
1672927200000,1.00030000,1.00040000,1.00030000,1.00030000,18864692.00000000,1672930799999,18871365.99420000,12963,10145866.00000000,10149924.34640000,0
1672930800000,1.00030000,1.00040000,1.00030000,1.00030000,16874310.00000000,1672934399999,16880481.69260000,12847,11093996.00000000,11098433.59840000,0
1672934400000,1.00040000,1.00040000,1.00030000,1.00030000,18809036.00000000,1672937999999,18816004.74670000,9474,13260359.00000000,13265663.14360000,0
1672938000000,1.00030000,1.00040000,1.00030000,1.00030000,8308491.00000000,1672941599999,8311412.31060000,8756,4287633.00000000,4289348.05320000,0
1672941600000,1.00040000,1.00040000,1.00030000,1.00040000,12016327.00000000,1672945199999,12020316.86210000,9298,3849640.00000000,3851179.85600000,0
1672945200000,1.00040000,1.00040000,1.00030000,1.00030000,9003302.00000000,1672948799999,9006336.34040000,9805,3333498.00000000,3334831.39920000,0
1672948800000,1.00040000,1.00040000,1.00030000,1.00030000,19050140.00000000,1672952399999,19056947.47860000,10188,10924366.00000000,10928735.74640000,0
1672952400000,1.00030000,1.00050000,1.00030000,1.00040000,49167371.00000000,1672955999999,49186014.68580000,8771,37589427.00000000,37604534.01420000,0
1672956000000,1.00040000,1.00050000,1.00040000,1.00040000,47317835.00000000,1672959599999,47337914.18260000,8519,11520486.00000000,11526246.24300000,0
1672959600000,1.00040000,1.00050000,1.00040000,1.00040000,56274663.00000000,1672963199999,56299035.73630000,10447,18628711.00000000,18638025.35550000,0
1672963200000,1.00040000,1.00050000,1.00040000,1.00040000,17882645.00000000,1672966799999,17890603.38340000,9575,8053254.00000000,8057280.62700000,0
1672966800000,1.00040000,1.00050000,1.00040000,1.00040000,8700714.00000000,1672970399999,8704585.40710000,7670,3911215.00000000,3913170.60750000,0
1672970400000,1.00040000,1.00050000,1.00040000,1.00040000,9668166.00000000,1672973999999,9672505.78170000,7381,4725153.00000000,4727515.57650000,0
1672974000000,1.00040000,1.00050000,1.00040000,1.00040000,39167906.00000000,1672977599999,39185449.65790000,7818,18764955.00000000,18774337.47750000,0
1672977600000,1.00050000,1.00050000,1.00030000,1.00030000,77961409.00000000,1672981199999,77992658.12270000,10112,25446633.00000000,25457372.82430000,0
1672981200000,1.00040000,1.00040000,1.00030000,1.00030000,11006706.00000000,1672984799999,11010738.35450000,7550,7303427.00000000,7306348.37080000,0
1672984800000,1.00040000,1.00040000,1.00030000,1.00030000,10498544.00000000,1672988399999,10502157.31000000,10605,4637468.00000000,4639322.98720000,0
1672988400000,1.00040000,1.00040000,1.00030000,1.00030000,13702748.00000000,1672991999999,13707549.39030000,9604,6905659.00000000,6908421.26360000,0
1672992000000,1.00030000,1.00040000,1.00030000,1.00030000,11688740.00000000,1672995599999,11692938.32310000,11274,6917011.00000000,6919777.80440000,0
1672995600000,1.00030000,1.00040000,1.00030000,1.00030000,29213502.00000000,1672999199999,29224787.40320000,11937,25213526.00000000,25223611.41040000,0
1672999200000,1.00030000,1.00050000,1.00030000,1.00040000,60667047.00000000,1673002799999,60690810.84690000,9717,55249079.00000000,55271205.47260000,0
1673002800000,1.00050000,1.00050000,1.00040000,1.00040000,30525564.00000000,1673006399999,30539026.92100000,13113,12526954.00000000,12533217.47700000,0
1673006400000,1.00040000,1.00050000,1.00040000,1.00040000,26448792.00000000,1673009999999,26460388.15830000,13244,10166415.00000000,10171498.20750000,0
1673010000000,1.00050000,1.00050000,1.00040000,1.00040000,35887739.00000000,1673013599999,35903722.95270000,18996,16288571.00000000,16296715.28550000,0
1673013600000,1.00050000,1.00050000,1.00040000,1.00040000,20578195.00000000,1673017199999,20587724.37070000,12522,12980927.00000000,12987417.46350000,0
1673017200000,1.00040000,1.00050000,1.00040000,1.00040000,19093858.00000000,1673020799999,19102642.85430000,16637,11473111.00000000,11478847.55550000,0
1673020800000,1.00040000,1.00050000,1.00040000,1.00040000,13826703.00000000,1673024399999,13832976.19990000,14462,7425187.00000000,7428899.59350000,0
1673024400000,1.00050000,1.00050000,1.00040000,1.00040000,33087724.00000000,1673027999999,33103531.54750000,12150,25724579.00000000,25737441.28950000,0
1673028000000,1.00040000,1.00050000,1.00040000,1.00040000,18222286.00000000,1673031599999,18230641.46650000,13773,10665521.00000000,10670853.76050000,0
1673031600000,1.00050000,1.00050000,1.00040000,1.00040000,32524513.00000000,1673035199999,32539680.71000000,14372,21579048.00000000,21589837.52400000,0
1673035200000,1.00040000,1.00050000,1.00040000,1.00040000,67750342.00000000,1673038799999,67780944.56690000,17406,35024301.00000000,35041813.15050000,0
1673038800000,1.00040000,1.00050000,1.00030000,1.00030000,103480735.00000000,1673042399999,103521983.02400000,12583,31330961.00000000,31344153.72170000,0
1673042400000,1.00030000,1.00040000,1.00030000,1.00030000,29780923.00000000,1673045999999,29791899.33400000,12880,20420571.00000000,20428739.22840000,0
1673046000000,1.00040000,1.00040000,1.00030000,1.00030000,27522615.00000000,1673049599999,27532755.73690000,12916,18839524.00000000,18847059.80960000,0
1673049600000,1.00030000,1.00040000,1.00030000,1.00030000,31011845.00000000,1673053199999,31022803.70260000,11552,16551491.00000000,16558111.59640000,0
1673053200000,1.00030000,1.00040000,1.00030000,1.00040000,25929144.00000000,1673056799999,25937723.71290000,10148,8009697.00000000,8012900.87880000,0
1673056800000,1.00030000,1.00040000,1.00030000,1.00040000,43815249.00000000,1673060399999,43829883.46490000,8832,14898902.00000000,14904861.56080000,0
1673060400000,1.00040000,1.00040000,1.00030000,1.00030000,18647098.00000000,1673063999999,18653271.37120000,9216,5792418.00000000,5794734.96720000,0
1673064000000,1.00040000,1.00040000,1.00020000,1.00030000,26970126.00000000,1673067599999,26978259.39070000,7982,5665122.00000000,5666921.97150000,0
1673067600000,1.00030000,1.00030000,1.00020000,1.00020000,6267974.00000000,1673071199999,6269386.12660000,6365,1585318.00000000,1585793.59540000,0
1673071200000,1.00020000,1.00030000,1.00020000,1.00020000,7788131.00000000,1673074799999,7789954.51010000,7514,2658839.00000000,2659636.65170000,0
1673074800000,1.00020000,1.00030000,1.00020000,1.00020000,8927039.00000000,1673078399999,8929462.71100000,7503,6383032.00000000,6384946.90960000,0
1673078400000,1.00020000,1.00030000,1.00020000,1.00030000,8505336.00000000,1673081999999,8507310.87890000,8581,2738117.00000000,2738938.43510000,0
1673082000000,1.00020000,1.00030000,1.00020000,1.00030000,14797658.00000000,1673085599999,14801504.05770000,7985,8865261.00000000,8867920.57830000,0
1673085600000,1.00020000,1.00030000,1.00020000,1.00020000,8060946.00000000,1673089199999,8063051.64690000,7288,4934577.00000000,4936057.37310000,0
1673089200000,1.00020000,1.00030000,1.00020000,1.00030000,11223047.00000000,1673092799999,11226061.32380000,9596,7697144.00000000,7699453.14320000,0
1673092800000,1.00030000,1.00030000,1.00020000,1.00020000,11349234.00000000,1673096399999,11352258.94660000,9507,7550998.00000000,7553263.29940000,0
1673096400000,1.00030000,1.00030000,1.00020000,1.00020000,6136390.00000000,1673099999999,6137919.49340000,11194,3022154.00000000,3023060.64620000,0
1673100000000,1.00020000,1.00030000,1.00020000,1.00030000,16014367.00000000,1673103599999,16017783.32320000,10276,2134498.00000000,2135138.34940000,0
1673103600000,1.00020000,1.00030000,1.00020000,1.00020000,10247193.00000000,1673107199999,10249477.28220000,9330,2348436.00000000,2349140.53080000,0
1673107200000,1.00020000,1.00030000,1.00020000,1.00020000,10611578.00000000,1673110799999,10613905.62870000,10574,2053131.00000000,2053746.93930000,0
1673110800000,1.00020000,1.00030000,1.00020000,1.00020000,8456763.00000000,1673114399999,8458635.66420000,9794,1813116.00000000,1813659.93480000,0
1673114400000,1.00020000,1.00030000,1.00020000,1.00030000,5708253.00000000,1673117999999,5709548.66770000,9717,1540171.00000000,1540633.05130000,0
1673118000000,1.00030000,1.00030000,1.00020000,1.00030000,4791097.00000000,1673121599999,4792226.27320000,8187,1710538.00000000,1711051.16140000,0
1673121600000,1.00020000,1.00030000,1.00020000,1.00030000,6701959.00000000,1673125199999,6703687.88790000,7972,3884961.00000000,3886126.48830000,0
1673125200000,1.00030000,1.00030000,1.00020000,1.00030000,5825824.00000000,1673128799999,5827326.97980000,9211,3378150.00000000,3379163.44500000,0
1673128800000,1.00030000,1.00030000,1.00020000,1.00030000,8819246.00000000,1673132399999,8821274.55240000,8290,2647032.00000000,2647826.10960000,0
1673132400000,1.00020000,1.00030000,1.00010000,1.00010000,31018512.00000000,1673135999999,31024655.21510000,6971,14400019.00000000,14402950.95830000,0
1673136000000,1.00010000,1.00020000,1.00010000,1.00020000,11960752.00000000,1673139599999,11962922.39770000,10050,9743225.00000000,9745173.64500000,0
1673139600000,1.00020000,1.00020000,1.00010000,1.00020000,4332907.00000000,1673143199999,4333578.78450000,5950,2384938.00000000,2385414.98760000,0
1673143200000,1.00010000,1.00020000,1.00010000,1.00010000,5245108.00000000,1673146799999,5245858.90970000,5119,2263989.00000000,2264441.79780000,0
1673146800000,1.00010000,1.00020000,1.00010000,1.00010000,11226880.00000000,1673150399999,11228121.93300000,4725,1192450.00000000,1192688.49000000,0
1673150400000,1.00020000,1.00020000,1.00010000,1.00010000,3834963.00000000,1673153999999,3835488.77490000,5589,1422786.00000000,1423070.55720000,0
1673154000000,1.00010000,1.00020000,1.00010000,1.00020000,10971854.00000000,1673157599999,10973090.48810000,5311,1393027.00000000,1393305.60540000,0
1673157600000,1.00020000,1.00020000,1.00010000,1.00020000,3714245.00000000,1673161199999,3714762.71980000,4679,1462953.00000000,1463245.59060000,0
1673161200000,1.00010000,1.00020000,1.00010000,1.00010000,10162011.00000000,1673164799999,10163482.61020000,7865,4554091.00000000,4555001.81820000,0
1673164800000,1.00010000,1.00020000,1.00010000,1.00020000,10601628.00000000,1673168399999,10602939.70180000,11538,2515390.00000000,2515893.07800000,0
1673168400000,1.00010000,1.00020000,1.00010000,1.00020000,15143696.00000000,1673171999999,15145814.66920000,11872,6042996.00000000,6044204.59920000,0
1673172000000,1.00010000,1.00020000,1.00000000,1.00010000,21096612.00000000,1673175599999,21098733.89110000,9152,3848636.00000000,3849166.83190000,0
1673175600000,1.00000000,1.00010000,1.00000000,1.00000000,9049712.00000000,1673179199999,9050406.97000000,8638,6949700.00000000,6950394.97000000,0
1673179200000,1.00000000,1.00010000,1.00000000,1.00000000,14045070.00000000,1673182799999,14046199.54170000,9831,11295417.00000000,11296546.54170000,0
1673182800000,1.00010000,1.00020000,1.00000000,1.00010000,20108932.00000000,1673186399999,20111047.25840000,9910,15594543.00000000,15596330.05400000,0
1673186400000,1.00010000,1.00020000,1.00010000,1.00010000,26002158.00000000,1673189999999,26005927.66870000,11768,11694529.00000000,11696867.90580000,0
1673190000000,1.00020000,1.00020000,1.00010000,1.00020000,11225887.00000000,1673193599999,11227506.57990000,11033,4969912.00000000,4970905.98240000,0
1673193600000,1.00010000,1.00020000,1.00010000,1.00010000,10445335.00000000,1673197199999,10446822.37960000,12761,4428461.00000000,4429346.69220000,0
1673197200000,1.00010000,1.00020000,1.00010000,1.00010000,8786308.00000000,1673200799999,8787377.32360000,8503,1906928.00000000,1907309.38560000,0
1673200800000,1.00020000,1.00020000,1.00010000,1.00020000,13668962.00000000,1673204399999,13670508.72490000,10551,1798287.00000000,1798646.65740000,0
1673204400000,1.00010000,1.00020000,1.00010000,1.00010000,6759275.00000000,1673207999999,6760250.98780000,10299,3000603.00000000,3001203.12060000,0
1673208000000,1.00010000,1.00020000,1.00010000,1.00020000,17712740.00000000,1673211599999,17715322.11470000,23001,8108407.00000000,8110028.68140000,0
1673211600000,1.00010000,1.00020000,1.00010000,1.00020000,12586141.00000000,1673215199999,12587878.48240000,15575,4788683.00000000,4789640.73660000,0
1673215200000,1.00010000,1.00020000,1.00010000,1.00010000,7914841.00000000,1673218799999,7915983.78170000,12299,3512976.00000000,3513678.59520000,0
1673218800000,1.00020000,1.00020000,1.00010000,1.00010000,14994205.00000000,1673222399999,14996600.64140000,15799,8962209.00000000,8964001.44180000,0
1673222400000,1.00020000,1.00020000,1.00010000,1.00010000,31358116.00000000,1673225999999,31362235.59850000,19414,9837869.00000000,9839836.57380000,0
1673226000000,1.00010000,1.00020000,1.00000000,1.00000000,64543125.00000000,1673229599999,64548469.69000000,17541,39332081.00000000,39336077.52780000,0
1673229600000,1.00000000,1.00010000,1.00000000,1.00000000,34581614.00000000,1673233199999,34583965.11620000,17454,23511162.00000000,23513513.11620000,0
1673233200000,1.00010000,1.00010000,1.00000000,1.00010000,20115242.00000000,1673236799999,20116381.91910000,11292,11399191.00000000,11400330.91910000,0
1673236800000,1.00010000,1.00010000,1.00000000,1.00000000,16751438.00000000,1673240399999,16752326.97440000,12747,8889744.00000000,8890632.97440000,0
1673240400000,1.00010000,1.00010000,1.00000000,1.00000000,30565306.00000000,1673243999999,30566145.48480000,12082,8394848.00000000,8395687.48480000,0
1673244000000,1.00000000,1.00010000,1.00000000,1.00010000,22243387.00000000,1673247599999,22244041.75030000,11998,6547503.00000000,6548157.75030000,0
1673247600000,1.00010000,1.00010000,1.00000000,1.00000000,33020676.00000000,1673251199999,33022447.40600000,13197,17714060.00000000,17715831.40600000,0
1673251200000,1.00000000,1.00010000,1.00000000,1.00000000,18802844.00000000,1673254799999,18803884.55390000,14903,10405539.00000000,10406579.55390000,0
1673254800000,1.00010000,1.00010000,1.00000000,1.00000000,27701839.00000000,1673258399999,27703699.37750000,17077,18603775.00000000,18605635.37750000,0
1673258400000,1.00010000,1.00010000,1.00000000,1.00000000,37291142.00000000,1673261999999,37293820.49930000,17693,26784993.00000000,26787671.49930000,0
1673262000000,1.00000000,1.00010000,1.00000000,1.00010000,26066534.00000000,1673265599999,26068074.21000000,16791,15402100.00000000,15403640.21000000,0
1673265600000,1.00000000,1.00020000,1.00000000,1.00010000,83783956.00000000,1673269199999,83792636.91390000,15330,37828753.00000000,37833196.16950000,0
1673269200000,1.00020000,1.00020000,1.00010000,1.00010000,32539935.00000000,1673272799999,32544564.55550000,22965,13755620.00000000,13758371.12400000,0
1673272800000,1.00020000,1.00020000,1.00010000,1.00010000,52884101.00000000,1673276399999,52892720.66370000,24182,33312536.00000000,33319198.50720000,0
1673276400000,1.00010000,1.00020000,1.00010000,1.00010000,41922089.00000000,1673279999999,41927748.58600000,27191,14673771.00000000,14676705.75420000,0
1673280000000,1.00020000,1.00020000,1.00010000,1.00010000,42422768.00000000,1673283599999,42428457.73570000,40896,14474589.00000000,14477483.91780000,0
1673283600000,1.00010000,1.00020000,1.00010000,1.00010000,66408357.00000000,1673287199999,66418312.25660000,38615,33144209.00000000,33150837.84180000,0
1673287200000,1.00010000,1.00020000,1.00000000,1.00000000,59397159.00000000,1673290799999,59402594.90950000,25420,19126258.00000000,19128950.89560000,0
1673290800000,1.00010000,1.00010000,1.00000000,1.00000000,26428401.00000000,1673294399999,26430067.65120000,17992,16666512.00000000,16668178.65120000,0
1673294400000,1.00000000,1.00010000,1.00000000,1.00000000,26004471.00000000,1673297999999,26005572.94810000,26405,11019481.00000000,11020582.94810000,0
1673298000000,1.00010000,1.00020000,1.00000000,1.00010000,48227774.00000000,1673301599999,48233316.61170000,15165,38314533.00000000,38319542.82820000,0
1673301600000,1.00010000,1.00020000,1.00000000,1.00000000,45305474.00000000,1673305199999,45309897.37800000,12262,13186581.00000000,13188125.34120000,0
1673305200000,1.00000000,1.00010000,1.00000000,1.00000000,13579067.00000000,1673308799999,13579711.24070000,11979,6442407.00000000,6443051.24070000,0
1673308800000,1.00010000,1.00010000,1.00000000,1.00000000,9525053.00000000,1673312399999,9525560.47980000,12574,5074798.00000000,5075305.47980000,0
1673312400000,1.00010000,1.00010000,1.00000000,1.00000000,23240298.00000000,1673315999999,23241993.68090000,9794,16956809.00000000,16958504.68090000,0
1673316000000,1.00010000,1.00010000,1.00000000,1.00000000,22975768.00000000,1673319599999,22976652.49440000,16381,8844944.00000000,8845828.49440000,0
1673319600000,1.00000000,1.00010000,1.00000000,1.00000000,12919258.00000000,1673323199999,12920017.50110000,12391,7595011.00000000,7595770.50110000,0
1673323200000,1.00000000,1.00010000,1.00000000,1.00000000,18096978.00000000,1673326799999,18097899.48740000,9929,9214874.00000000,9215795.48740000,0
1673326800000,1.00010000,1.00010000,1.00000000,1.00000000,29338527.00000000,1673330399999,29339393.40820000,10096,8664082.00000000,8664948.40820000,0
1673330400000,1.00000000,1.00010000,1.00000000,1.00000000,28813264.00000000,1673333999999,28815279.59730000,12182,20155973.00000000,20157988.59730000,0
1673334000000,1.00000000,1.00010000,1.00000000,1.00000000,36166537.00000000,1673337599999,36169071.93150000,16290,25349315.00000000,25351849.93150000,0
1673337600000,1.00010000,1.00010000,1.00000000,1.00000000,35261478.00000000,1673341199999,35264199.00300000,18030,27210030.00000000,27212751.00300000,0
1673341200000,1.00010000,1.00010000,1.00000000,1.00000000,26384548.00000000,1673344799999,26386228.74410000,16344,16807441.00000000,16809121.74410000,0
1673344800000,1.00010000,1.00010000,1.00000000,1.00010000,26885084.00000000,1673348399999,26886986.77450000,15366,19027745.00000000,19029647.77450000,0
1673348400000,1.00000000,1.00010000,1.00000000,1.00000000,25046754.00000000,1673351999999,25048378.70540000,19289,16247054.00000000,16248678.70540000,0
1673352000000,1.00000000,1.00020000,1.00000000,1.00010000,42669726.00000000,1673355599999,42672912.99990000,17382,30867888.00000000,30871004.40720000,0
1673355600000,1.00010000,1.00020000,1.00000000,1.00010000,72744836.00000000,1673359199999,72754089.96380000,16403,36773074.00000000,36778754.30030000,0
1673359200000,1.00020000,1.00020000,1.00010000,1.00010000,45375713.00000000,1673362799999,45381073.68330000,19758,8231120.00000000,8232766.22400000,0
1673362800000,1.00010000,1.00020000,1.00000000,1.00010000,59665861.00000000,1673366399999,59670663.55590000,16490,46288142.00000000,46292776.33230000,0
1673366400000,1.00000000,1.00010000,1.00000000,1.00000000,47661429.00000000,1673369999999,47664532.20170000,20932,31032017.00000000,31035120.20170000,0
1673370000000,1.00000000,1.00010000,1.00000000,1.00000000,25607295.00000000,1673373599999,25608882.54920000,18650,15875492.00000000,15877079.54920000,0
1673373600000,1.00000000,1.00010000,1.00000000,1.00000000,16971225.00000000,1673377199999,16972009.48180000,15936,7844818.00000000,7845602.48180000,0
1673377200000,1.00000000,1.00010000,1.00000000,1.00010000,27702169.00000000,1673380799999,27703782.52830000,14948,16135283.00000000,16136896.52830000,0
1673380800000,1.00000000,1.00010000,1.00000000,1.00000000,34502849.00000000,1673384399999,34504784.71060000,17417,19357106.00000000,19359041.71060000,0
1673384400000,1.00000000,1.00010000,1.00000000,1.00000000,33542442.00000000,1673387999999,33543333.88720000,14959,8918872.00000000,8919763.88720000,0
1673388000000,1.00000000,1.00010000,0.99990000,0.99990000,52376925.00000000,1673391599999,52377367.39340000,12434,6293180.00000000,6293716.27690000,0
1673391600000,0.99990000,1.00000000,0.99990000,0.99990000,15156142.00000000,1673395199999,15155287.00480000,9520,6606190.00000000,6606190.00000000,0
1673395200000,1.00000000,1.00000000,0.99990000,0.99990000,19793349.00000000,1673398799999,19792657.11190000,11359,12874468.00000000,12874468.00000000,0
1673398800000,1.00000000,1.00000000,0.99990000,0.99990000,22510650.00000000,1673402399999,22509941.76110000,9377,15428261.00000000,15428261.00000000,0
1673402400000,0.99990000,1.00010000,0.99990000,0.99990000,96099842.00000000,1673405999999,96099534.66750000,11290,40519352.00000000,40519611.45980000,0
1673406000000,0.99990000,1.00000000,0.99990000,0.99990000,12492844.00000000,1673409599999,12492222.95240000,11529,6282368.00000000,6282368.00000000,0
1673409600000,0.99990000,1.00000000,0.99990000,1.00000000,20187924.00000000,1673413199999,20186975.21890000,10814,10700113.00000000,10700113.00000000,0
1673413200000,1.00000000,1.00000000,0.99990000,1.00000000,31535274.00000000,1673416799999,31534365.35460000,10995,22448820.00000000,22448820.00000000,0
1673416800000,1.00000000,1.00000000,0.99990000,1.00000000,19849154.00000000,1673420399999,19848480.08630000,11064,13110017.00000000,13110017.00000000,0
1673420400000,1.00000000,1.00000000,0.99990000,0.99990000,21539879.00000000,1673423999999,21538775.80380000,12277,10507917.00000000,10507917.00000000,0
1673424000000,1.00000000,1.00000000,0.99990000,0.99990000,25370829.00000000,1673427599999,25368970.72070000,9881,6788036.00000000,6788036.00000000,0
1673427600000,0.99990000,1.00000000,0.99990000,0.99990000,35433959.00000000,1673431199999,35433072.81780000,10457,26572137.00000000,26572137.00000000,0
1673431200000,0.99990000,1.00000000,0.99990000,0.99990000,40744462.00000000,1673434799999,40743728.26320000,9929,33407094.00000000,33407094.00000000,0
1673434800000,1.00000000,1.00000000,0.99990000,1.00000000,29375239.00000000,1673438399999,29374625.53010000,11951,23240540.00000000,23240540.00000000,0
1673438400000,0.99990000,1.00010000,0.99990000,1.00000000,87046108.00000000,1673441999999,87045554.29870000,16418,54077701.00000000,54077960.88080000,0
1673442000000,1.00010000,1.00010000,1.00000000,1.00000000,36861792.00000000,1673445599999,36862851.90640000,14632,10599064.00000000,10600123.90640000,0
1673445600000,1.00010000,1.00010000,1.00000000,1.00000000,26147125.00000000,1673449199999,26148161.11360000,18298,10361136.00000000,10362172.11360000,0
1673449200000,1.00010000,1.00010000,1.00000000,1.00000000,27942904.00000000,1673452799999,27943957.98930000,18799,10539893.00000000,10540946.98930000,0
1673452800000,1.00000000,1.00010000,1.00000000,1.00000000,29830619.00000000,1673456399999,29832333.25000000,15580,17142500.00000000,17144214.25000000,0
1673456400000,1.00010000,1.00010000,1.00000000,1.00010000,20284770.00000000,1673459999999,20285870.56120000,14638,11005612.00000000,11006712.56120000,0
1673460000000,1.00000000,1.00010000,1.00000000,1.00000000,39510427.00000000,1673463599999,39513196.52960000,27991,27695296.00000000,27698065.52960000,0
1673463600000,1.00000000,1.00010000,1.00000000,1.00000000,19277131.00000000,1673467199999,19278008.65910000,22787,8776591.00000000,8777468.65910000,0
1673467200000,1.00010000,1.00010000,1.00000000,1.00000000,36865480.00000000,1673470799999,36867615.03380000,20325,21350338.00000000,21352473.03380000,0
1673470800000,1.00010000,1.00010000,1.00000000,1.00000000,41655676.00000000,1673474399999,41657572.59850000,22065,18965985.00000000,18967881.59850000,0
1673474400000,1.00000000,1.00010000,1.00000000,1.00000000,64829301.00000000,1673477999999,64831055.59050000,23024,17545905.00000000,17547659.59050000,0
1673478000000,1.00010000,1.00010000,1.00000000,1.00000000,48667870.00000000,1673481599999,48670506.27480000,26690,26362748.00000000,26365384.27480000,0
1673481600000,1.00010000,1.00010000,1.00000000,1.00010000,31292409.00000000,1673485199999,31294335.98700000,28586,19269870.00000000,19271796.98700000,0
1673485200000,1.00010000,1.00010000,1.00000000,1.00000000,51231307.00000000,1673488799999,51233455.40090000,20988,21484009.00000000,21486157.40090000,0
1673488800000,1.00000000,1.00010000,1.00000000,1.00000000,38300966.00000000,1673492399999,38301777.43530000,14891,8114353.00000000,8115164.43530000,0
1673492400000,1.00010000,1.00010000,1.00000000,1.00010000,30333449.00000000,1673495999999,30334541.10290000,13820,10921029.00000000,10922121.10290000,0
1673496000000,1.00010000,1.00010000,1.00000000,1.00000000,17815287.00000000,1673499599999,17816178.02050000,11253,8910205.00000000,8911096.02050000,0
1673499600000,1.00010000,1.00010000,1.00000000,1.00000000,19061418.00000000,1673503199999,19062358.77720000,16150,9407772.00000000,9408712.77720000,0
1673503200000,1.00000000,1.00010000,1.00000000,1.00000000,23374841.00000000,1673506799999,23375913.59990000,14015,10725999.00000000,10727071.59990000,0
1673506800000,1.00010000,1.00010000,1.00000000,1.00000000,16872211.00000000,1673510399999,16872867.05920000,12445,6560592.00000000,6561248.05920000,0
1673510400000,1.00000000,1.00010000,1.00000000,1.00000000,49516320.00000000,1673513999999,49517538.89460000,16093,12188946.00000000,12190164.89460000,0
1673514000000,1.00010000,1.00010000,1.00000000,1.00010000,29216067.00000000,1673517599999,29217456.40520000,15869,13894052.00000000,13895441.40520000,0
1673517600000,1.00010000,1.00010000,1.00000000,1.00000000,34165006.00000000,1673521199999,34167228.51090000,16392,22225109.00000000,22227331.51090000,0
1673521200000,1.00000000,1.00010000,1.00000000,1.00000000,37404135.00000000,1673524799999,37406036.76050000,13323,19017605.00000000,19019506.76050000,0
1673524800000,1.00000000,1.00010000,1.00000000,1.00000000,37003301.00000000,1673528399999,37004986.12080000,19249,16851208.00000000,16852893.12080000,0
1673528400000,1.00010000,1.00010000,1.00000000,1.00000000,55390559.00000000,1673531999999,55393439.66890000,37933,28806689.00000000,28809569.66890000,0
1673532000000,1.00000000,1.00010000,1.00000000,1.00010000,42906346.00000000,1673535599999,42908366.56170000,31845,20205617.00000000,20207637.56170000,0
1673535600000,1.00000000,1.00010000,1.00000000,1.00000000,36983841.00000000,1673539199999,36985723.81970000,21248,18828197.00000000,18830079.81970000,0
1673539200000,1.00000000,1.00010000,1.00000000,1.00000000,29641863.00000000,1673542799999,29643587.28980000,24389,17242898.00000000,17244622.28980000,0
1673542800000,1.00010000,1.00010000,1.00000000,1.00000000,33441621.00000000,1673546399999,33443168.34580000,38008,15473458.00000000,15475005.34580000,0
1673546400000,1.00000000,1.00010000,1.00000000,1.00000000,45677965.00000000,1673549999999,45679677.78490000,36775,17127849.00000000,17129561.78490000,0
1673550000000,1.00000000,1.00010000,1.00000000,1.00000000,65662456.00000000,1673553599999,65665311.32880000,32092,28553288.00000000,28556143.32880000,0
1673553600000,1.00000000,1.00010000,0.99990000,0.99990000,85726949.00000000,1673557199999,85724864.19120000,28377,29509967.00000000,29510669.20250000,0
1673557200000,0.99990000,1.00000000,0.99990000,0.99990000,39509186.00000000,1673560799999,39507482.24520000,23155,22471638.00000000,22471638.00000000,0
1673560800000,0.99990000,1.00000000,0.99990000,0.99990000,26390783.00000000,1673564399999,26388994.20840000,17146,8502867.00000000,8502867.00000000,0
1673564400000,0.99990000,1.00000000,0.99990000,1.00000000,19940388.00000000,1673567999999,19939489.29220000,13209,10953310.00000000,10953310.00000000,0
1673568000000,1.00000000,1.00000000,0.99990000,1.00000000,26015895.00000000,1673571599999,26014733.19440000,23750,14397839.00000000,14397839.00000000,0
1673571600000,1.00000000,1.00000000,0.99990000,0.99990000,47886361.00000000,1673575199999,47883123.96970000,15635,15516058.00000000,15516058.00000000,0
1673575200000,0.99990000,1.00000000,0.99990000,1.00000000,11135696.00000000,1673578799999,11135040.87700000,10950,4584466.00000000,4584466.00000000,0
1673578800000,1.00000000,1.00000000,0.99990000,1.00000000,23475572.00000000,1673582399999,23474251.30960000,15624,10268668.00000000,10268668.00000000,0
1673582400000,1.00000000,1.00000000,0.99990000,0.99990000,24906382.00000000,1673585999999,24905724.38370000,17423,18330219.00000000,18330219.00000000,0
1673586000000,0.99990000,1.00000000,0.99990000,0.99990000,32749399.00000000,1673589599999,32747638.11270000,16428,15140526.00000000,15140526.00000000,0
1673589600000,1.00000000,1.00000000,0.99990000,0.99990000,26330250.00000000,1673593199999,26329058.82480000,19799,14418498.00000000,14418498.00000000,0
1673593200000,1.00000000,1.00000000,0.99990000,0.99990000,26472105.00000000,1673596799999,26471049.07210000,16674,15912826.00000000,15912826.00000000,0
1673596800000,0.99990000,1.00000000,0.99990000,0.99990000,32776120.00000000,1673600399999,32775462.58210000,23485,26201941.00000000,26201941.00000000,0
1673600400000,0.99990000,1.00000000,0.99990000,0.99990000,32468776.00000000,1673603999999,32467474.67770000,23358,19455553.00000000,19455553.00000000,0
1673604000000,1.00000000,1.00000000,0.99990000,0.99990000,52879297.00000000,1673607599999,52878314.59210000,26216,43055218.00000000,43055218.00000000,0
1673607600000,1.00000000,1.00000000,0.99990000,0.99990000,40730653.00000000,1673611199999,40729810.23210000,19645,32302974.00000000,32302974.00000000,0
1673611200000,0.99990000,1.00000000,0.99990000,0.99990000,49419162.00000000,1673614799999,49417860.22590000,22091,36401421.00000000,36401421.00000000,0
1673614800000,0.99990000,1.00000000,0.99990000,0.99990000,41964946.00000000,1673618399999,41964049.46030000,17457,32999549.00000000,32999549.00000000,0
1673618400000,0.99990000,1.00010000,0.99990000,1.00000000,110036134.00000000,1673621999999,110035346.21060000,22072,61109053.00000000,61109293.78720000,0
1673622000000,0.99990000,1.00000000,0.99990000,1.00000000,64929253.00000000,1673625599999,64926590.04970000,31838,38299750.00000000,38299750.00000000,0
1673625600000,0.99990000,1.00000000,0.99990000,0.99990000,47260816.00000000,1673629199999,47258604.60250000,28283,25146841.00000000,25146841.00000000,0
1673629200000,0.99990000,1.00000000,0.99990000,0.99990000,29223722.00000000,1673632799999,29221959.59180000,22824,11599640.00000000,11599640.00000000,0
1673632800000,1.00000000,1.00000000,0.99990000,0.99990000,17657822.00000000,1673636399999,17656899.37890000,16181,8431611.00000000,8431611.00000000,0
1673636400000,1.00000000,1.00000000,0.99990000,0.99990000,22724423.00000000,1673639999999,22722901.82440000,21466,7512667.00000000,7512667.00000000,0
1673640000000,0.99990000,1.00000000,0.99990000,0.99990000,53220154.00000000,1673643599999,53217314.92790000,26589,24829433.00000000,24829433.00000000,0
1673643600000,0.99990000,1.00000000,0.99990000,1.00000000,53352132.00000000,1673647199999,53348890.01230000,31819,20932255.00000000,20932255.00000000,0
1673647200000,1.00000000,1.00000000,0.99990000,1.00000000,85943216.00000000,1673650799999,85937845.91980000,27673,32242414.00000000,32242414.00000000,0
1673650800000,1.00000000,1.00000000,0.99980000,0.99990000,33441524.00000000,1673654399999,33437898.13940000,16915,16817934.00000000,16816547.81770000,0
1673654400000,0.99980000,0.99990000,0.99980000,0.99980000,116211737.00000000,1673657999999,116193122.92420000,63779,46282716.00000000,46278087.72840000,0
1673658000000,0.99980000,0.99990000,0.99980000,0.99990000,88279385.00000000,1673661599999,88265122.42930000,43869,33933063.00000000,33929669.69370000,0
1673661600000,0.99980000,0.99990000,0.99960000,0.99970000,170544312.00000000,1673665199999,170500134.00140000,53780,50298694.00000000,50286620.74770000,0
1673665200000,0.99960000,0.99980000,0.99960000,0.99980000,63473020.00000000,1673668799999,63454137.47780000,33269,42448169.00000000,42436242.99510000,0
1673668800000,0.99970000,0.99990000,0.99970000,0.99990000,65394855.00000000,1673672399999,65380422.50760000,32281,51069671.00000000,51059507.77570000,0
1673672400000,0.99990000,0.99990000,0.99980000,0.99980000,40733479.00000000,1673675999999,40727368.70510000,33308,20364009.00000000,20361972.59910000,0
1673676000000,0.99980000,0.99990000,0.99980000,0.99980000,35641166.00000000,1673679599999,35635527.51490000,39615,14897481.00000000,14895991.25190000,0
1673679600000,0.99980000,0.99990000,0.99980000,0.99990000,36201091.00000000,1673683199999,36195386.81630000,42183,15360345.00000000,15358808.96550000,0
1673683200000,0.99980000,0.99990000,0.99980000,0.99980000,49371009.00000000,1673686799999,49362723.14220000,46383,15883440.00000000,15881851.65600000,0
1673686800000,0.99990000,0.99990000,0.99970000,0.99980000,88777652.00000000,1673690399999,88761497.28530000,82806,35111868.00000000,35107298.55000000,0
1673690400000,0.99970000,0.99980000,0.99970000,0.99970000,48442855.00000000,1673693999999,48430482.98500000,38184,21608415.00000000,21604093.31700000,0
1673694000000,0.99970000,0.99980000,0.99970000,0.99970000,44312955.00000000,1673697599999,44302210.71510000,33804,25496016.00000000,25490916.79680000,0
1673697600000,0.99970000,0.99990000,0.99970000,0.99980000,112541962.00000000,1673701199999,112520486.56660000,25828,80275239.00000000,80260782.35030000,0
1673701200000,0.99980000,0.99990000,0.99980000,0.99990000,47410570.00000000,1673704799999,47402103.48270000,27136,10155967.00000000,10154951.40330000,0
1673704800000,0.99980000,0.99990000,0.99980000,0.99980000,33137368.00000000,1673708399999,33132239.10470000,34961,14985783.00000000,14984284.42170000,0
1673708400000,0.99980000,0.99990000,0.99980000,0.99990000,26668456.00000000,1673711999999,26664496.77790000,24873,13744691.00000000,13743316.53090000,0
1673712000000,0.99990000,0.99990000,0.99980000,0.99990000,52296995.00000000,1673715599999,52290718.04530000,28065,41824443.00000000,41820260.55570000,0
1673715600000,0.99980000,0.99990000,0.99980000,0.99980000,35409603.00000000,1673719199999,35404659.10120000,18705,21380218.00000000,21378079.97820000,0
1673719200000,0.99980000,0.99990000,0.99980000,0.99980000,27562396.00000000,1673722799999,27558991.82450000,18099,21083037.00000000,21080928.69630000,0
1673722800000,0.99990000,0.99990000,0.99980000,0.99980000,16942832.00000000,1673726399999,16940300.40940000,15159,8569758.00000000,8568901.02420000,0
1673726400000,0.99990000,0.99990000,0.99980000,0.99990000,21132139.00000000,1673729999999,21128805.72800000,12428,8931558.00000000,8930664.84420000,0
1673730000000,0.99990000,0.99990000,0.99980000,0.99980000,15938651.00000000,1673733599999,15936545.21040000,16436,10819406.00000000,10818324.05940000,0
1673733600000,0.99980000,0.99990000,0.99980000,0.99980000,30471754.00000000,1673737199999,30467470.98510000,15562,18113359.00000000,18111547.66410000,0
1673737200000,0.99990000,0.99990000,0.99980000,0.99990000,26161862.00000000,1673740799999,26158283.33420000,27578,16537066.00000000,16535412.29340000,0
1673740800000,0.99990000,0.99990000,0.99980000,0.99990000,32862233.00000000,1673744399999,32857111.94640000,49274,14513930.00000000,14512478.60700000,0
1673744400000,0.99980000,0.99990000,0.99980000,0.99980000,28848075.00000000,1673747999999,28843483.93390000,31912,11785489.00000000,11784310.45110000,0
1673748000000,0.99980000,0.99990000,0.99980000,0.99990000,16848269.00000000,1673751599999,16845816.83430000,23878,9174881.00000000,9173963.51190000,0
1673751600000,0.99990000,0.99990000,0.99980000,0.99980000,18806164.00000000,1673755199999,18803179.47590000,21161,7767087.00000000,7766310.29130000,0
1673755200000,0.99990000,0.99990000,0.99980000,0.99980000,9660269.00000000,1673758799999,9658833.24220000,16278,4962960.00000000,4962463.70400000,0
1673758800000,0.99990000,0.99990000,0.99980000,0.99990000,12875787.00000000,1673762399999,12873770.70800000,18687,5588654.00000000,5588095.13460000,0
1673762400000,0.99990000,0.99990000,0.99980000,0.99980000,11987696.00000000,1673765999999,11985868.34170000,17476,5698809.00000000,5698239.11910000,0
1673766000000,0.99990000,0.99990000,0.99980000,0.99980000,19455700.00000000,1673769599999,19452559.37610000,25880,7505161.00000000,7504410.48390000,0
1673769600000,0.99980000,0.99990000,0.99980000,0.99980000,22082393.00000000,1673773199999,22078903.31450000,29602,9267931.00000000,9267004.20690000,0
1673773200000,0.99990000,0.99990000,0.99980000,0.99980000,39596398.00000000,1673776799999,39590209.45200000,24238,17307316.00000000,17305585.26840000,0
1673776800000,0.99980000,0.99990000,0.99970000,0.99970000,58644537.00000000,1673780399999,58633399.96820000,19009,16934654.00000000,16931913.59070000,0
1673780400000,0.99970000,0.99980000,0.99970000,0.99980000,28488016.00000000,1673783999999,28481047.25840000,19545,15776632.00000000,15773476.67360000,0
1673784000000,0.99970000,0.99980000,0.99970000,0.99980000,34051165.00000000,1673787599999,34041971.37490000,19918,10217244.00000000,10215200.55120000,0
1673787600000,0.99970000,0.99980000,0.99960000,0.99960000,43783868.00000000,1673791199999,43772177.12230000,25419,15281959.00000000,15278831.43630000,0
1673791200000,0.99970000,0.99970000,0.99960000,0.99970000,65952689.00000000,1673794799999,65929635.87070000,27904,33279463.00000000,33269479.16110000,0
1673794800000,0.99960000,0.99970000,0.99950000,0.99960000,49000042.00000000,1673798399999,48979972.97410000,28372,26059607.00000000,26049589.09700000,0
1673798400000,0.99960000,0.99960000,0.99950000,0.99960000,37148186.00000000,1673801999999,37132031.01490000,30844,24191079.00000000,24181402.56840000,0
1673802000000,0.99950000,0.99970000,0.99950000,0.99960000,58299523.00000000,1673805599999,58277152.95160000,25441,35165037.00000000,35151992.65090000,0
1673805600000,0.99960000,0.99970000,0.99960000,0.99970000,18521420.00000000,1673809199999,18514932.64400000,27462,9212120.00000000,9209356.36400000,0
1673809200000,0.99960000,0.99970000,0.99960000,0.99970000,24488062.00000000,1673812799999,24479403.22720000,17698,11364520.00000000,11361110.64400000,0
1673812800000,0.99960000,0.99970000,0.99960000,0.99970000,11841749.00000000,1673816399999,11837730.36760000,18763,7180672.00000000,7178517.79840000,0
1673816400000,0.99970000,0.99970000,0.99960000,0.99970000,13906796.00000000,1673819999999,13902102.67100000,16462,8693894.00000000,8691285.83180000,0
1673820000000,0.99970000,0.99970000,0.99960000,0.99960000,39493735.00000000,1673823599999,39480542.52120000,18057,26050152.00000000,26042336.95440000,0
1673823600000,0.99970000,0.99970000,0.99960000,0.99970000,12249167.00000000,1673827199999,12245007.66550000,14284,7403323.00000000,7401102.00310000,0
1673827200000,0.99970000,0.99970000,0.99960000,0.99970000,20767503.00000000,1673830799999,20760291.51820000,23818,10955194.00000000,10951907.44180000,0
1673830800000,0.99970000,0.99970000,0.99960000,0.99960000,24373995.00000000,1673834399999,24365681.28620000,23545,14358842.00000000,14354534.34740000,0
1673834400000,0.99970000,0.99970000,0.99960000,0.99960000,42258344.00000000,1673837999999,42242529.82550000,22119,10891631.00000000,10888363.51070000,0
1673838000000,0.99970000,0.99970000,0.99950000,0.99950000,44367448.00000000,1673841599999,44349806.94300000,18682,19093961.00000000,19086841.35250000,0
1673841600000,0.99960000,0.99960000,0.99950000,0.99950000,32840855.00000000,1673845199999,32826791.40020000,15005,23568277.00000000,23558849.68920000,0
1673845200000,0.99950000,0.99960000,0.99950000,0.99950000,22927963.00000000,1673848799999,22917947.11610000,18731,14480976.00000000,14475183.60960000,0
1673848800000,0.99950000,0.99960000,0.99950000,0.99950000,32070817.00000000,1673852399999,32057010.39170000,23443,22288002.00000000,22279086.79920000,0
1673852400000,0.99950000,0.99960000,0.99950000,0.99950000,22363310.00000000,1673855999999,22353354.50810000,19102,12261631.00000000,12256726.34760000,0
1673856000000,0.99950000,0.99970000,0.99950000,0.99960000,49918522.00000000,1673859599999,49898375.32790000,40584,25171151.00000000,25162046.10160000,0
1673859600000,0.99970000,0.99970000,0.99960000,0.99960000,31163311.00000000,1673863199999,31152684.88860000,21039,18392130.00000000,18386612.36100000,0
1673863200000,0.99960000,0.99970000,0.99960000,0.99970000,18548069.00000000,1673866799999,18541575.10980000,27482,9253374.00000000,9250597.98780000,0
1673866800000,0.99960000,0.99970000,0.99960000,0.99970000,50877208.00000000,1673870399999,50860880.85760000,18933,40237408.00000000,40225336.77760000,0
1673870400000,0.99960000,0.99980000,0.99960000,0.99970000,55418348.00000000,1673873999999,55400459.30350000,20344,42050331.00000000,42037738.29750000,0
1673874000000,0.99980000,0.99990000,0.99970000,0.99980000,102263664.00000000,1673877599999,102245956.14770000,25193,88102405.00000000,88088211.86450000,0
1673877600000,0.99990000,1.00000000,0.99980000,0.99990000,86104769.00000000,1673881199999,86096510.71200000,28317,43069905.00000000,43066352.01580000,0
1673881200000,1.00000000,1.00000000,0.99990000,0.99990000,40078616.00000000,1673884799999,40076791.11710000,33319,21829787.00000000,21829787.00000000,0
1673884800000,0.99990000,1.00000000,0.99990000,0.99990000,22927852.00000000,1673888399999,22926496.73420000,22168,9375194.00000000,9375194.00000000,0
1673888400000,0.99990000,1.00000000,0.99990000,0.99990000,16286413.00000000,1673891999999,16285591.80650000,20071,8074478.00000000,8074478.00000000,0
1673892000000,1.00000000,1.00000000,0.99990000,0.99990000,20206012.00000000,1673895599999,20204826.25850000,18997,8348597.00000000,8348597.00000000,0
1673895600000,1.00000000,1.00000000,0.99990000,0.99990000,18990520.00000000,1673899199999,18989555.11960000,21544,9341716.00000000,9341716.00000000,0
1673899200000,1.00000000,1.00000000,0.99990000,0.99990000,24300796.00000000,1673902799999,24299911.07000000,18577,15451496.00000000,15451496.00000000,0
1673902800000,0.99990000,1.00000000,0.99990000,0.99990000,17423247.00000000,1673906399999,17422029.75140000,16466,5250761.00000000,5250761.00000000,0
1673906400000,0.99990000,1.00000000,0.99990000,0.99990000,14745245.00000000,1673909999999,14744448.90200000,11278,6784265.00000000,6784265.00000000,0
1673910000000,0.99990000,1.00000000,0.99990000,0.99990000,8119311.00000000,1673913599999,8118845.38850000,9787,3463196.00000000,3463196.00000000,0
1673913600000,0.99990000,1.00000000,0.99990000,0.99990000,24039417.00000000,1673917199999,24037941.43540000,17951,9283771.00000000,9283771.00000000,0
1673917200000,1.00000000,1.00000000,0.99990000,0.99990000,19201228.00000000,1673920799999,19200509.47140000,13949,12015942.00000000,12015942.00000000,0
1673920800000,1.00000000,1.00000000,0.99990000,0.99990000,15219453.00000000,1673924399999,15218945.11160000,11275,10140569.00000000,10140569.00000000,0
1673924400000,1.00000000,1.00000000,0.99990000,0.99990000,24706442.00000000,1673927999999,24704802.31240000,10934,8309566.00000000,8309566.00000000,0
1673928000000,1.00000000,1.00000000,0.99990000,0.99990000,28585540.00000000,1673931599999,28584364.74290000,15872,16832969.00000000,16832969.00000000,0
1673931600000,1.00000000,1.00000000,0.99990000,0.99990000,21280108.00000000,1673935199999,21279400.89970000,12443,14209105.00000000,14209105.00000000,0
1673935200000,1.00000000,1.00000000,0.99990000,0.99990000,13972778.00000000,1673938799999,13971869.02710000,15322,4883049.00000000,4883049.00000000,0
1673938800000,0.99990000,1.00000000,0.99990000,0.99990000,51096987.00000000,1673942399999,51093973.53890000,16000,20962376.00000000,20962376.00000000,0
1673942400000,1.00000000,1.00000000,0.99990000,1.00000000,32076736.00000000,1673945999999,32075321.67290000,18628,17933465.00000000,17933465.00000000,0
1673946000000,0.99990000,1.00000000,0.99990000,0.99990000,24890427.00000000,1673949599999,24889040.16810000,21709,11022108.00000000,11022108.00000000,0
1673949600000,0.99990000,1.00000000,0.99990000,0.99990000,37989595.00000000,1673953199999,37987911.58890000,23783,21155484.00000000,21155484.00000000,0
1673953200000,0.99990000,1.00000000,0.99990000,0.99990000,32994110.00000000,1673956799999,32993073.79550000,19810,22632065.00000000,22632065.00000000,0
1673956800000,0.99990000,1.00000000,0.99990000,1.00000000,33789777.00000000,1673960399999,33788248.03300000,20863,18500107.00000000,18500107.00000000,0
1673960400000,1.00000000,1.00000000,0.99990000,0.99990000,30472526.00000000,1673963999999,30470714.76770000,17450,12360203.00000000,12360203.00000000,0
1673964000000,0.99990000,1.00000000,0.99990000,0.99990000,51317100.00000000,1673967599999,51314915.25600000,27967,29469660.00000000,29469660.00000000,0
1673967600000,0.99990000,1.00000000,0.99990000,0.99990000,32220027.00000000,1673971199999,32218555.87380000,20089,17508765.00000000,17508765.00000000,0
1673971200000,1.00000000,1.00000000,0.99990000,0.99990000,23029170.00000000,1673974799999,23028289.75540000,15606,14226724.00000000,14226724.00000000,0
1673974800000,1.00000000,1.00000000,0.99990000,0.99990000,17865790.00000000,1673978399999,17864555.54360000,16868,5521226.00000000,5521226.00000000,0
1673978400000,1.00000000,1.00000000,0.99990000,0.99990000,18905587.00000000,1673981999999,18904355.61710000,19844,6591758.00000000,6591758.00000000,0
1673982000000,0.99990000,1.00000000,0.99990000,0.99990000,35426546.00000000,1673985599999,35424746.01090000,20621,17426655.00000000,17426655.00000000,0
1673985600000,1.00000000,1.00000000,0.99990000,1.00000000,39930094.00000000,1673989199999,39928672.90290000,21864,25719123.00000000,25719123.00000000,0
1673989200000,1.00000000,1.00000000,0.99990000,0.99990000,37500245.00000000,1673992799999,37498834.34210000,17114,23393666.00000000,23393666.00000000,0
1673992800000,0.99990000,1.00000000,0.99990000,0.99990000,44662591.00000000,1673996399999,44659159.24510000,14816,10345042.00000000,10345042.00000000,0
1673996400000,0.99990000,1.00000000,0.99980000,0.99980000,33813338.00000000,1673999999999,33810781.64210000,13355,10774674.00000000,10774567.67780000,0
1674000000000,0.99980000,0.99990000,0.99980000,0.99980000,32568463.00000000,1674003599999,32564529.28150000,16659,25799741.00000000,25797161.02590000,0
1674003600000,0.99980000,0.99990000,0.99980000,0.99990000,24778270.00000000,1674007199999,24775024.47950000,15836,17101335.00000000,17099624.86650000,0
1674007200000,0.99990000,0.99990000,0.99980000,0.99980000,19945132.00000000,1674010799999,19942440.45590000,14336,12974823.00000000,12973525.51770000,0
1674010800000,0.99990000,0.99990000,0.99980000,0.99980000,24428264.00000000,1674014399999,24424806.32900000,13437,14279818.00000000,14278390.01820000,0
1674014400000,0.99980000,0.99990000,0.99980000,0.99980000,22633510.00000000,1674017999999,22630526.11150000,13824,15428135.00000000,15426592.18650000,0
1674018000000,0.99980000,0.99990000,0.99980000,0.99980000,15070815.00000000,1674021599999,15068718.32380000,12113,9174868.00000000,9173950.51320000,0
1674021600000,0.99990000,0.99990000,0.99980000,0.99980000,17310294.00000000,1674025199999,17307996.73160000,14162,11647904.00000000,11646739.20960000,0
1674025200000,0.99990000,0.99990000,0.99980000,0.99990000,23838022.00000000,1674028799999,23834741.53010000,16574,14871345.00000000,14869857.86550000,0
1674028800000,0.99980000,0.99990000,0.99980000,0.99980000,31858686.00000000,1674032399999,31854338.86860000,21511,20246058.00000000,20244033.39420000,0
1674032400000,0.99990000,0.99990000,0.99980000,0.99980000,28834138.00000000,1674035999999,28830142.31820000,18988,17711458.00000000,17709686.85420000,0
1674036000000,0.99990000,1.00000000,0.99980000,0.99990000,34499360.00000000,1674039599999,34495141.99310000,14184,25986927.00000000,25984381.56100000,0
1674039600000,0.99990000,1.00000000,0.99990000,1.00000000,26499987.00000000,1674043199999,26498770.83640000,13986,14338351.00000000,14338351.00000000,0
1674043200000,0.99990000,1.00000000,0.99990000,0.99990000,23994780.00000000,1674046799999,23993925.51210000,16032,15449901.00000000,15449901.00000000,0
1674046800000,0.99990000,1.00000000,0.99990000,0.99990000,34947848.00000000,1674050399999,34946390.36340000,20269,20371482.00000000,20371482.00000000,0
1674050400000,0.99990000,1.00000000,0.99990000,0.99990000,42501482.00000000,1674053999999,42499617.45620000,24526,23856044.00000000,23856044.00000000,0
1674054000000,0.99990000,1.00000000,0.99990000,0.99990000,59469470.00000000,1674057599999,59466209.84690000,38069,26867939.00000000,26867939.00000000,0
1674057600000,1.00000000,1.00000000,0.99990000,1.00000000,144123995.00000000,1674061199999,144119121.66430000,67062,95390638.00000000,95390638.00000000,0
1674061200000,1.00000000,1.00010000,0.99990000,1.00000000,89577346.00000000,1674064799999,89577125.98580000,35328,52773960.00000000,52775143.99960000,0
1674064800000,1.00000000,1.00010000,1.00000000,1.00000000,27477925.00000000,1674068399999,27479502.33090000,22301,15773309.00000000,15774886.33090000,0
1674068400000,1.00000000,1.00010000,1.00000000,1.00000000,20506354.00000000,1674071999999,20507416.56890000,17697,10625689.00000000,10626751.56890000,0
1674072000000,1.00010000,1.00010000,1.00000000,1.00000000,24150193.00000000,1674075599999,24151832.44930000,20188,16394493.00000000,16396132.44930000,0
1674075600000,1.00000000,1.00010000,1.00000000,1.00000000,9680489.00000000,1674079199999,9680890.33860000,13768,4013386.00000000,4013787.33860000,0
1674079200000,1.00010000,1.00010000,1.00000000,1.00000000,11005065.00000000,1674082799999,11005457.08020000,12419,3920802.00000000,3921194.08020000,0
1674082800000,1.00010000,1.00010000,1.00000000,1.00000000,10721867.00000000,1674086399999,10722202.58730000,12799,3355873.00000000,3356208.58730000,0
1674086400000,1.00000000,1.00010000,1.00000000,1.00000000,10999443.00000000,1674089999999,10999963.12620000,13681,5201262.00000000,5201782.12620000,0
1674090000000,1.00000000,1.00010000,1.00000000,1.00000000,10364774.00000000,1674093599999,10365365.95320000,9844,5919532.00000000,5920123.95320000,0
1674093600000,1.00010000,1.00010000,1.00000000,1.00000000,8978751.00000000,1674097199999,8979187.57120000,9751,4365712.00000000,4366148.57120000,0
1674097200000,1.00000000,1.00010000,1.00000000,1.00000000,11970520.00000000,1674100799999,11971147.35550000,9589,6273555.00000000,6274182.35550000,0
1674100800000,1.00000000,1.00010000,1.00000000,1.00000000,36938597.00000000,1674104399999,36939665.99790000,13176,10689979.00000000,10691047.99790000,0
1674104400000,1.00000000,1.00010000,1.00000000,1.00000000,15140086.00000000,1674107999999,15140868.74970000,9977,7827497.00000000,7828279.74970000,0
1674108000000,1.00000000,1.00010000,1.00000000,1.00000000,18586110.00000000,1674111599999,18586755.50310000,11769,6455031.00000000,6455676.50310000,0
1674111600000,1.00000000,1.00010000,1.00000000,1.00000000,15640945.00000000,1674115199999,15641848.49020000,14899,9034902.00000000,9035805.49020000,0
1674115200000,1.00010000,1.00010000,1.00000000,1.00000000,25466845.00000000,1674118799999,25468591.83470000,13432,17468347.00000000,17470093.83470000,0
1674118800000,1.00010000,1.00010000,1.00000000,1.00000000,45920159.00000000,1674122399999,45924015.13500000,11299,38561350.00000000,38565206.13500000,0
1674122400000,1.00010000,1.00010000,1.00000000,1.00000000,37650029.00000000,1674125999999,37650764.66660000,12533,7356666.00000000,7357401.66660000,0
1674126000000,1.00010000,1.00010000,1.00000000,1.00000000,23847388.00000000,1674129599999,23848620.57720000,13743,12325772.00000000,12327004.57720000,0
1674129600000,1.00000000,1.00010000,1.00000000,1.00000000,28250677.00000000,1674133199999,28252479.99090000,17111,18029909.00000000,18031711.99090000,0
1674133200000,1.00010000,1.00010000,1.00000000,1.00010000,41639022.00000000,1674136799999,41641909.02160000,18511,28870216.00000000,28873103.02160000,0
1674136800000,1.00010000,1.00010000,1.00000000,1.00000000,32807072.00000000,1674140399999,32809031.84490000,16476,19598449.00000000,19600408.84490000,0
1674140400000,1.00010000,1.00010000,1.00000000,1.00000000,27844231.00000000,1674143999999,27845787.77800000,16231,15567780.00000000,15569336.77800000,0
1674144000000,1.00000000,1.00010000,1.00000000,1.00000000,29840547.00000000,1674147599999,29842449.71400000,21480,19027140.00000000,19029042.71400000,0
1674147600000,1.00000000,1.00010000,1.00000000,1.00000000,26938731.00000000,1674151199999,26940514.13050000,15864,17831305.00000000,17833088.13050000,0
1674151200000,1.00000000,1.00010000,1.00000000,1.00000000,18486410.00000000,1674154799999,18487045.06960000,14667,6350696.00000000,6351331.06960000,0
1674154800000,1.00010000,1.00010000,1.00000000,1.00010000,19734181.00000000,1674158399999,19735150.41170000,14975,9694117.00000000,9695086.41170000,0
1674158400000,1.00000000,1.00010000,1.00000000,1.00000000,32761831.00000000,1674161999999,32763845.36380000,17938,20143638.00000000,20145652.36380000,0
1674162000000,1.00010000,1.00010000,1.00000000,1.00000000,39222014.00000000,1674165599999,39223811.19790000,12652,17971979.00000000,17973776.19790000,0
1674165600000,1.00010000,1.00010000,1.00000000,1.00010000,49951472.00000000,1674169199999,49953153.02430000,9876,16810243.00000000,16811924.02430000,0
1674169200000,1.00000000,1.00010000,0.99990000,0.99990000,55581601.00000000,1674172799999,55581023.27440000,9444,34422536.00000000,34422537.83450000,0
1674172800000,1.00000000,1.00010000,0.99990000,1.00000000,38283538.00000000,1674176399999,38283388.53690000,12831,27192295.00000000,27192441.68290000,0
1674176400000,1.00000000,1.00010000,0.99990000,0.99990000,59342831.00000000,1674179999999,59343363.37520000,12971,8148238.00000000,8148896.38590000,0
1674180000000,0.99990000,1.00000000,0.99990000,1.00000000,13574205.00000000,1674183599999,13573664.50180000,12737,8169223.00000000,8169223.00000000,0
1674183600000,0.99990000,1.00000000,0.99990000,0.99990000,60046343.00000000,1674187199999,60043779.89930000,11360,34415336.00000000,34415336.00000000,0
1674187200000,1.00000000,1.00000000,0.99990000,1.00000000,20142301.00000000,1674190799999,20141655.48270000,13577,13687128.00000000,13687128.00000000,0
1674190800000,1.00000000,1.00000000,0.99990000,0.99990000,23185939.00000000,1674194399999,23185391.21690000,12093,17708108.00000000,17708108.00000000,0
1674194400000,1.00000000,1.00000000,0.99990000,0.99990000,19492119.00000000,1674197999999,19491477.11540000,11747,13073273.00000000,13073273.00000000,0
1674198000000,1.00000000,1.00000000,0.99990000,1.00000000,21947719.00000000,1674201599999,21946352.98740000,10803,8287593.00000000,8287593.00000000,0
1674201600000,0.99990000,1.00000000,0.99990000,0.99990000,20151338.00000000,1674205199999,20150425.48160000,10724,11026154.00000000,11026154.00000000,0
1674205200000,0.99990000,1.00000000,0.99990000,0.99990000,26554091.00000000,1674208799999,26553063.29710000,10508,16277062.00000000,16277062.00000000,0
1674208800000,1.00000000,1.00000000,0.99990000,0.99990000,41544717.00000000,1674212399999,41542084.91850000,10762,15223902.00000000,15223902.00000000,0
1674212400000,1.00000000,1.00000000,0.99990000,0.99990000,31118097.00000000,1674215999999,31117525.95050000,12053,25407602.00000000,25407602.00000000,0
1674216000000,0.99990000,1.00000000,0.99990000,1.00000000,34633759.00000000,1674219599999,34633108.95320000,15560,28133291.00000000,28133291.00000000,0
1674219600000,1.00000000,1.00000000,0.99990000,0.99990000,20107941.00000000,1674223199999,20107136.52880000,12832,12063229.00000000,12063229.00000000,0
1674223200000,1.00000000,1.00000000,0.99990000,1.00000000,35841132.00000000,1674226799999,35840186.49140000,17279,26386046.00000000,26386046.00000000,0
1674226800000,1.00000000,1.00000000,0.99990000,0.99990000,27767773.00000000,1674230399999,27766435.58900000,18292,14393663.00000000,14393663.00000000,0
1674230400000,1.00000000,1.00000000,0.99990000,0.99990000,42532004.00000000,1674233999999,42529376.62950000,21556,16258299.00000000,16258299.00000000,0
1674234000000,0.99990000,1.00000000,0.99990000,0.99990000,26856841.00000000,1674237599999,26855426.03300000,22138,12707171.00000000,12707171.00000000,0
1674237600000,1.00000000,1.00000000,0.99990000,0.99990000,32183976.00000000,1674241199999,32181886.37030000,19555,11287679.00000000,11287679.00000000,0
1674241200000,0.99990000,1.00000000,0.99990000,1.00000000,51355495.00000000,1674244799999,51353296.29140000,20844,29368409.00000000,29368409.00000000,0
1674244800000,1.00000000,1.00000000,0.99990000,1.00000000,85634535.00000000,1674248399999,85629220.08440000,38108,32485379.00000000,32485379.00000000,0
1674248400000,0.99990000,1.00000000,0.99980000,0.99980000,82312886.00000000,1674251999999,82301841.07480000,28098,23503457.00000000,23501117.77230000,0
1674252000000,0.99980000,0.99990000,0.99980000,0.99980000,54430546.00000000,1674255599999,54422402.65560000,44144,27427648.00000000,27424905.23520000,0
1674255600000,0.99980000,0.99990000,0.99980000,0.99980000,29403649.00000000,1674259199999,29398680.09690000,26761,9118267.00000000,9117355.17330000,0
1674259200000,0.99980000,0.99990000,0.99980000,0.99990000,42658515.00000000,1674262799999,42652057.74670000,32247,20744497.00000000,20742422.55030000,0
1674262800000,0.99980000,0.99990000,0.99980000,0.99990000,32380158.00000000,1674266399999,32374705.78140000,20971,10238130.00000000,10237106.18700000,0
1674266400000,0.99990000,0.99990000,0.99970000,0.99970000,46398130.00000000,1674269999999,46388654.62310000,18965,18663425.00000000,18659965.45840000,0
1674270000000,0.99980000,0.99980000,0.99970000,0.99970000,13983063.00000000,1674273599999,13979598.25000000,14469,7301689.00000000,7300228.66220000,0
1674273600000,0.99980000,0.99980000,0.99970000,0.99980000,22707097.00000000,1674277199999,22701553.97970000,17930,12691088.00000000,12688549.78240000,0
1674277200000,0.99970000,0.99980000,0.99970000,0.99970000,15513429.00000000,1674280799999,15509497.35050000,15857,7223792.00000000,7222347.24160000,0
1674280800000,0.99980000,0.99980000,0.99970000,0.99980000,19136276.00000000,1674284399999,19131440.88920000,19759,9057720.00000000,9055908.45600000,0
1674284400000,0.99980000,0.99980000,0.99970000,0.99980000,33237337.00000000,1674287999999,33229393.35960000,22936,20275607.00000000,20271551.87860000,0
1674288000000,0.99970000,0.99980000,0.99970000,0.99970000,25846014.00000000,1674291599999,25839103.65510000,26984,8434593.00000000,8432906.08140000,0
1674291600000,0.99980000,0.99980000,0.99970000,0.99980000,31829968.00000000,1674295199999,31821317.81480000,30987,8988052.00000000,8986254.38960000,0
1674295200000,0.99980000,0.99980000,0.99960000,0.99960000,85889906.00000000,1674298799999,85862679.16280000,47999,31073540.00000000,31065117.47610000,0
1674298800000,0.99960000,0.99980000,0.99960000,0.99980000,84581134.00000000,1674302399999,84554983.88200000,24462,59534168.00000000,59516462.18550000,0
1674302400000,0.99980000,0.99980000,0.99970000,0.99970000,16684126.00000000,1674305999999,16679874.38660000,20233,7536244.00000000,7534736.75120000,0
1674306000000,0.99970000,0.99980000,0.99970000,0.99980000,16652590.00000000,1674309599999,16648431.57760000,22575,8373546.00000000,8371871.29080000,0
1674309600000,0.99980000,0.99980000,0.99970000,0.99970000,31824273.00000000,1674313199999,31815862.60000000,20643,11368819.00000000,11366545.23620000,0
1674313200000,0.99970000,0.99980000,0.99970000,0.99970000,26449809.00000000,1674316799999,26442866.52290000,26432,9924656.00000000,9922671.06880000,0
1674316800000,0.99970000,0.99980000,0.99970000,0.99970000,39013102.00000000,1674320399999,39003930.21290000,27971,25321435.00000000,25316370.71300000,0
1674320400000,0.99970000,0.99990000,0.99970000,0.99980000,204151063.00000000,1674323999999,204118072.02210000,23946,167587370.00000000,167562236.21420000,0
1674324000000,0.99980000,1.00000000,0.99980000,0.99990000,88627024.00000000,1674327599999,88617908.71160000,18249,61465205.00000000,61459334.30900000,0
1674327600000,0.99980000,0.99990000,0.99980000,0.99990000,20738689.00000000,1674331199999,20735950.39970000,17746,14091375.00000000,14089965.86250000,0
1674331200000,0.99980000,0.99990000,0.99980000,0.99980000,17015226.00000000,1674334799999,17012393.19230000,19324,5702375.00000000,5701804.76250000,0
1674334800000,0.99980000,1.00000000,0.99980000,0.99980000,69089927.00000000,1674338399999,69082566.95220000,21454,25095025.00000000,25092651.76380000,0
1674338400000,0.99990000,0.99990000,0.99980000,0.99990000,13986718.00000000,1674341999999,13984680.87080000,15849,7602144.00000000,7601383.78560000,0
1674342000000,0.99990000,0.99990000,0.99980000,0.99980000,19159180.00000000,1674345599999,19155975.97260000,26015,6278086.00000000,6277458.19140000,0
1674345600000,0.99980000,0.99990000,0.99980000,0.99990000,17019902.00000000,1674349199999,17017261.79850000,16172,7637789.00000000,7637025.22110000,0
1674349200000,0.99990000,0.99990000,0.99980000,0.99990000,12599219.00000000,1674352799999,12597185.84030000,13424,4866841.00000000,4866354.31590000,0
1674352800000,0.99990000,0.99990000,0.99980000,0.99980000,9888202.00000000,1674356399999,9886556.95940000,12520,3325998.00000000,3325665.40020000,0
1674356400000,0.99980000,0.99990000,0.99980000,0.99980000,14076350.00000000,1674359999999,14073877.21730000,11239,3424873.00000000,3424530.51270000,0
1674360000000,0.99990000,0.99990000,0.99980000,0.99990000,10794151.00000000,1674363599999,10792494.20690000,13221,5020371.00000000,5019868.96290000,0
1674363600000,0.99990000,0.99990000,0.99980000,0.99990000,16881014.00000000,1674367199999,16878365.99400000,13728,7281968.00000000,7281239.80320000,0
1674367200000,0.99980000,0.99990000,0.99980000,0.99980000,8727691.00000000,1674370799999,8726373.97690000,15531,4285151.00000000,4284722.48490000,0
1674370800000,0.99980000,0.99990000,0.99980000,0.99980000,12229809.00000000,1674374399999,12227913.35980000,19360,5503216.00000000,5502665.67840000,0
1674374400000,0.99980000,0.99990000,0.99980000,0.99980000,17896856.00000000,1674377999999,17893930.93110000,29215,6543023.00000000,6542368.69770000,0
1674378000000,0.99980000,0.99990000,0.99980000,0.99980000,12841923.00000000,1674381599999,12839876.51470000,22265,5218993.00000000,5218471.10070000,0
1674381600000,0.99990000,0.99990000,0.99980000,0.99980000,17080448.00000000,1674385199999,17077821.32710000,20788,7894167.00000000,7893377.58330000,0
1674385200000,0.99990000,0.99990000,0.99980000,0.99980000,28736443.00000000,1674388799999,28731938.90630000,23558,12431949.00000000,12430705.80510000,0
1674388800000,0.99980000,0.99990000,0.99980000,0.99990000,24620936.00000000,1674392399999,24617330.43190000,25930,13186191.00000000,13184872.38090000,0
1674392400000,0.99980000,0.99990000,0.99980000,0.99980000,14723828.00000000,1674395999999,14721587.16450000,24806,7039301.00000000,7038597.06990000,0
1674396000000,0.99980000,0.99990000,0.99970000,0.99980000,60285948.00000000,1674399599999,60274107.33900000,26340,12774025.00000000,12771884.28530000,0
1674399600000,0.99970000,0.99980000,0.99970000,0.99980000,52839488.00000000,1674403199999,52827696.70770000,36869,40605541.00000000,40597419.89180000,0
1674403200000,0.99980000,0.99980000,0.99970000,0.99970000,26048225.00000000,1674406799999,26042271.00480000,28217,18604723.00000000,18601002.05540000,0
1674406800000,0.99970000,0.99980000,0.99970000,0.99980000,27547896.00000000,1674410399999,27541728.68630000,26339,20970551.00000000,20966356.88980000,0
1674410400000,0.99980000,0.99990000,0.99970000,0.99990000,28720520.00000000,1674413999999,28714475.98100000,22361,22517692.00000000,22513346.76430000,0
1674414000000,0.99990000,0.99990000,0.99970000,0.99980000,56580075.00000000,1674417599999,56569977.31910000,24403,36319956.00000000,36313913.82630000,0
1674417600000,0.99980000,0.99990000,0.99970000,0.99980000,39161911.00000000,1674421199999,39155019.74810000,34837,14161539.00000000,14159693.80950000,0
1674421200000,0.99980000,0.99990000,0.99970000,0.99980000,44960907.00000000,1674424799999,44952520.65830000,29593,29324655.00000000,29319584.99020000,0
1674424800000,0.99980000,0.99980000,0.99970000,0.99980000,16647371.00000000,1674428399999,16643402.74000000,25549,10259513.00000000,10257461.09740000,0
1674428400000,0.99970000,0.99980000,0.99970000,0.99970000,17384993.00000000,1674431999999,17381070.37820000,19176,12928761.00000000,12926175.24780000,0
1674432000000,0.99980000,0.99990000,0.99970000,0.99980000,60795657.00000000,1674435599999,60783521.71980000,25688,35356550.00000000,35349981.58690000,0
1674435600000,0.99990000,0.99990000,0.99980000,0.99980000,15480879.00000000,1674439199999,15478501.96490000,23455,7191407.00000000,7190687.85930000,0
1674439200000,0.99980000,0.99990000,0.99980000,0.99980000,18361783.00000000,1674442799999,18358746.43590000,17601,6357925.00000000,6357289.20750000,0
1674442800000,0.99990000,0.99990000,0.99980000,0.99980000,15342479.00000000,1674446399999,15340116.04600000,22184,7055418.00000000,7054712.45820000,0
1674446400000,0.99980000,0.99990000,0.99980000,0.99980000,13967708.00000000,1674449999999,13965525.66190000,19224,6112035.00000000,6111423.79650000,0
1674450000000,0.99980000,0.99990000,0.99980000,0.99980000,17314409.00000000,1674453599999,17311850.86620000,21379,9047480.00000000,9046575.25200000,0
1674453600000,0.99990000,0.99990000,0.99980000,0.99980000,20202301.00000000,1674457199999,20199350.31220000,16521,10897724.00000000,10896634.22760000,0
1674457200000,0.99990000,0.99990000,0.99980000,0.99980000,18945081.00000000,1674460799999,18942126.40990000,25607,8344261.00000000,8343426.57390000,0
1674460800000,0.99990000,0.99990000,0.99980000,0.99980000,35164424.00000000,1674464399999,35159452.02100000,26825,20609058.00000000,20606997.09420000,0
1674464400000,0.99990000,0.99990000,0.99980000,0.99980000,15902968.00000000,1674467999999,15900575.92390000,18682,7885175.00000000,7884386.48250000,0
1674468000000,0.99990000,0.99990000,0.99980000,0.99980000,16247930.00000000,1674471599999,16245361.01500000,22352,6806010.00000000,6805329.39900000,0
1674471600000,0.99980000,0.99990000,0.99980000,0.99980000,38338888.00000000,1674475199999,38333132.09970000,22258,19118773.00000000,19116861.12270000,0
1674475200000,0.99980000,0.99990000,0.99980000,0.99980000,31420375.00000000,1674478799999,31415738.57120000,25209,16476462.00000000,16474814.35380000,0
1674478800000,0.99980000,0.99990000,0.99980000,0.99980000,73176540.00000000,1674482399999,73167325.29210000,32881,54206001.00000000,54200580.39990000,0
1674482400000,0.99990000,1.00000000,0.99980000,0.99990000,105978688.00000000,1674485999999,105968944.70600000,39638,78570092.00000000,78563708.22380000,0
1674486000000,1.00000000,1.00000000,0.99980000,0.99980000,83482117.00000000,1674489599999,83474523.07150000,32738,15741522.00000000,15740881.09200000,0
1674489600000,0.99990000,0.99990000,0.99980000,0.99980000,42861882.00000000,1674493199999,42856527.11940000,25438,32174958.00000000,32171740.50420000,0
1674493200000,0.99990000,1.00000000,0.99980000,1.00000000,67237278.00000000,1674496799999,67231213.73560000,41481,50031817.00000000,50027823.98620000,0
1674496800000,0.99990000,1.00000000,0.99990000,0.99990000,24131877.00000000,1674500399999,24130741.40750000,36035,12775952.00000000,12775952.00000000,0
1674500400000,0.99990000,1.00000000,0.99990000,0.99990000,48268778.00000000,1674503999999,48265778.23470000,29187,18271125.00000000,18271125.00000000,0
1674504000000,1.00000000,1.00000000,0.99980000,0.99980000,53235288.00000000,1674507599999,53230016.57530000,24015,12595560.00000000,12594753.43130000,0
1674507600000,0.99980000,0.99990000,0.99980000,0.99980000,23395820.00000000,1674511199999,23391954.10770000,19311,8132717.00000000,8131903.72830000,0
1674511200000,0.99980000,0.99990000,0.99980000,0.99980000,17523438.00000000,1674514799999,17520999.78760000,32009,10664752.00000000,10663685.52480000,0
1674514800000,0.99990000,0.99990000,0.99980000,0.99980000,16001517.00000000,1674518399999,15998982.79500000,18321,6660984.00000000,6660317.90160000,0
1674518400000,0.99980000,0.99990000,0.99980000,0.99990000,19245022.00000000,1674521999999,19242087.36550000,33405,9143699.00000000,9142784.63010000,0
1674522000000,0.99990000,0.99990000,0.99980000,0.99980000,19072791.00000000,1674525599999,19070124.22150000,22478,11477797.00000000,11476649.22030000,0
1674525600000,0.99980000,0.99990000,0.99980000,0.99980000,15178763.00000000,1674529199999,15176500.04040000,18135,7727930.00000000,7727157.20700000,0
1674529200000,0.99980000,0.99990000,0.99980000,0.99990000,13656485.00000000,1674532799999,13654433.43170000,15676,6797287.00000000,6796607.27130000,0
1674532800000,0.99990000,0.99990000,0.99980000,0.99980000,15465924.00000000,1674536399999,15463433.14560000,18470,6023304.00000000,6022701.66960000,0
1674536400000,0.99990000,0.99990000,0.99980000,0.99980000,12773804.00000000,1674539999999,12771682.78040000,16144,4335412.00000000,4334978.45880000,0
1674540000000,0.99980000,0.99990000,0.99980000,0.99980000,11476855.00000000,1674543599999,11475000.66540000,14917,4410364.00000000,4409922.96360000,0
1674543600000,0.99980000,0.99990000,0.99980000,0.99990000,11487139.00000000,1674547199999,11485228.54410000,16630,3869719.00000000,3869332.02810000,0
1674547200000,0.99980000,0.99990000,0.99980000,0.99990000,27055635.00000000,1674550799999,27051067.14450000,19753,8432715.00000000,8431871.72850000,0
1674550800000,0.99980000,0.99990000,0.99970000,0.99970000,62824717.00000000,1674554399999,62812300.72240000,29321,17791477.00000000,17788563.48500000,0
1674554400000,0.99980000,0.99980000,0.99970000,0.99970000,23679665.00000000,1674557999999,23673797.89100000,19250,12367905.00000000,12365431.41900000,0
1674558000000,0.99970000,0.99980000,0.99970000,0.99970000,24311993.00000000,1674561599999,24305786.29340000,31143,10868913.00000000,10866739.21740000,0
1674561600000,0.99980000,0.99980000,0.99970000,0.99970000,102520847.00000000,1674565199999,102499095.01990000,34606,90042740.00000000,90024731.45200000,0
1674565200000,0.99970000,1.00000000,0.99970000,1.00000000,182421336.00000000,1674568799999,182397151.22500000,37366,144914209.00000000,144896563.90800000,0
1674568800000,0.99990000,1.00000000,0.99990000,0.99990000,29500325.00000000,1674572399999,29498711.71270000,40191,13367452.00000000,13367452.00000000,0
1674572400000,0.99990000,1.00000000,0.99990000,0.99990000,29742109.00000000,1674575999999,29740362.50340000,36800,12277143.00000000,12277143.00000000,0
1674576000000,0.99990000,1.00000000,0.99990000,0.99990000,25127439.00000000,1674579599999,25126192.61950000,31096,12663634.00000000,12663634.00000000,0
1674579600000,0.99990000,1.00000000,0.99990000,0.99990000,21845300.00000000,1674583199999,21844022.34800000,30182,9068780.00000000,9068780.00000000,0
1674583200000,1.00000000,1.00000000,0.99990000,0.99990000,29718312.00000000,1674586799999,29717439.87830000,31781,20997095.00000000,20997095.00000000,0
1674586800000,0.99990000,1.00000000,0.99990000,0.99990000,18129473.00000000,1674590399999,18128737.81250000,25611,10777598.00000000,10777598.00000000,0
1674590400000,1.00000000,1.00000000,0.99990000,0.99990000,50917234.00000000,1674593999999,50914093.95510000,28474,19516785.00000000,19516785.00000000,0
1674594000000,1.00000000,1.00000000,0.99990000,0.99990000,26480202.00000000,1674597599999,26478676.41830000,31319,11224385.00000000,11224385.00000000,0
1674597600000,1.00000000,1.00000000,0.99990000,0.99990000,72588393.00000000,1674601199999,72583109.29960000,45450,19751389.00000000,19751389.00000000,0
1674601200000,0.99990000,1.00000000,0.99980000,0.99980000,65466001.00000000,1674604799999,65458461.50920000,32047,27503230.00000000,27500550.62760000,0
1674604800000,0.99980000,0.99990000,0.99980000,0.99990000,29624737.00000000,1674608399999,29620610.94230000,29346,17988897.00000000,17987098.11030000,0
1674608400000,0.99980000,0.99990000,0.99980000,0.99990000,22981538.00000000,1674611999999,22977967.54350000,23758,10258511.00000000,10257485.14890000,0
1674612000000,0.99990000,0.99990000,0.99980000,0.99980000,16987757.00000000,1674615599999,16984969.29510000,15324,6098465.00000000,6097855.15350000,0
1674615600000,0.99980000,0.99990000,0.99980000,0.99980000,14380577.00000000,1674619199999,14378346.86940000,17026,6459848.00000000,6459202.01520000,0
1674619200000,0.99990000,0.99990000,0.99970000,0.99980000,51755109.00000000,1674622799999,51744538.38020000,18390,26709921.00000000,26704757.46610000,0
1674622800000,0.99980000,0.99980000,0.99970000,0.99980000,39132572.00000000,1674626399999,39123938.12780000,18410,31058994.00000000,31052782.20120000,0
1674626400000,0.99980000,0.99990000,0.99970000,0.99970000,86234172.00000000,1674629999999,86216002.42520000,21498,55258526.00000000,55247782.40340000,0
1674630000000,0.99980000,0.99980000,0.99970000,0.99970000,39009800.00000000,1674633599999,39001172.78980000,18183,30757298.00000000,30751146.54040000,0
1674633600000,0.99980000,0.99980000,0.99970000,0.99970000,24175931.00000000,1674637199999,24170366.02110000,22631,16878004.00000000,16874628.39920000,0
1674637200000,0.99970000,0.99980000,0.99970000,0.99970000,28317292.00000000,1674640799999,28310655.26620000,27486,18584538.00000000,18580821.09240000,0
1674640800000,0.99970000,0.99990000,0.99970000,0.99980000,44848686.00000000,1674644399999,44839566.83400000,26924,26352316.00000000,26347427.66890000,0
1674644400000,0.99980000,0.99990000,0.99980000,0.99980000,16084039.00000000,1674647999999,16081373.74740000,19429,5515552.00000000,5515000.44480000,0
1674648000000,0.99980000,1.00000000,0.99980000,1.00000000,89648638.00000000,1674651599999,89639676.80170000,35506,60250969.00000000,60245722.02420000,0
1674651600000,1.00000000,1.00000000,0.99980000,0.99980000,82194300.00000000,1674655199999,82186979.29790000,33805,16002424.00000000,16001902.96520000,0
1674655200000,0.99990000,1.00000000,0.99980000,1.00000000,82439430.00000000,1674658799999,82432497.30640000,35684,48921081.00000000,48917793.61630000,0
1674658800000,0.99990000,1.00000000,0.99990000,1.00000000,36496500.00000000,1674662399999,36494268.26010000,27230,14179101.00000000,14179101.00000000,0
1674662400000,0.99990000,1.00000000,0.99990000,0.99990000,21081458.00000000,1674665999999,21080153.82970000,26322,8039755.00000000,8039755.00000000,0
1674666000000,1.00000000,1.00000000,0.99990000,0.99990000,26620379.00000000,1674669599999,26618191.74360000,22995,4747815.00000000,4747815.00000000,0
1674669600000,1.00000000,1.00000000,0.99990000,0.99990000,31875484.00000000,1674673199999,31873733.33490000,24106,14368833.00000000,14368833.00000000,0
1674673200000,0.99990000,1.00000000,0.99990000,0.99990000,42087814.00000000,1674676799999,42085673.15170000,26029,20679331.00000000,20679331.00000000,0
1674676800000,0.99990000,1.00000000,0.99980000,0.99980000,51343010.00000000,1674680399999,51338506.06010000,30240,12264179.00000000,12263807.07160000,0
1674680400000,0.99980000,0.99990000,0.99980000,0.99990000,45982416.00000000,1674683999999,45976053.57920000,41715,28340624.00000000,28337789.93760000,0
1674684000000,0.99990000,0.99990000,0.99980000,0.99980000,60920090.00000000,1674687599999,60911197.82480000,40789,32918428.00000000,32915136.15720000,0
1674687600000,0.99980000,0.99990000,0.99980000,0.99980000,25692241.00000000,1674691199999,25688280.08040000,19139,11775286.00000000,11774108.47140000,0
1674691200000,0.99990000,0.99990000,0.99980000,0.99980000,27798500.00000000,1674694799999,27794749.92360000,24928,18096236.00000000,18094426.37640000,0
1674694800000,0.99990000,0.99990000,0.99980000,0.99990000,31720973.00000000,1674698399999,31716932.84240000,23290,23040370.00000000,23038065.96300000,0
1674698400000,0.99980000,0.99990000,0.99980000,0.99980000,12337611.00000000,1674701999999,12335612.27800000,14607,4688002.00000000,4687533.19980000,0
1674702000000,0.99990000,0.99990000,0.99980000,0.99980000,15329301.00000000,1674705599999,15326899.23240000,14189,6640926.00000000,6640261.90740000,0
1674705600000,0.99990000,0.99990000,0.99980000,0.99980000,19083450.00000000,1674709199999,19080387.82410000,16892,7545141.00000000,7544386.48590000,0
1674709200000,0.99980000,0.99990000,0.99980000,0.99980000,20533094.00000000,1674712799999,20530030.07230000,21567,10426911.00000000,10425868.30890000,0
1674712800000,0.99980000,0.99990000,0.99980000,0.99980000,25924074.00000000,1674716399999,25920277.71910000,23517,13885339.00000000,13883950.46610000,0
1674716400000,0.99990000,0.99990000,0.99980000,0.99980000,14360706.00000000,1674719999999,14358563.18480000,17271,7293260.00000000,7292530.67400000,0
1674720000000,0.99980000,0.99990000,0.99980000,0.99980000,21632696.00000000,1674723599999,21629339.73020000,17476,9702694.00000000,9701723.73060000,0
1674723600000,0.99980000,0.99990000,0.99980000,0.99990000,20782454.00000000,1674727199999,20779364.99200000,18973,10674828.00000000,10673760.51720000,0
1674727200000,0.99980000,0.99990000,0.99980000,0.99980000,40377325.00000000,1674730799999,40370330.41600000,24687,10808810.00000000,10807729.11900000,0
1674730800000,0.99990000,0.99990000,0.99970000,0.99970000,89641616.00000000,1674734399999,89624779.34510000,21113,39749523.00000000,39742927.33390000,0
1674734400000,0.99970000,1.00000000,0.99970000,0.99990000,158435187.00000000,1674737999999,158411241.56930000,24491,118663348.00000000,118647597.42270000,0
1674738000000,0.99990000,1.00000000,0.99990000,1.00000000,53074027.00000000,1674741599999,53070016.75300000,31650,12971557.00000000,12971557.00000000,0
1674741600000,1.00000000,1.00000000,0.99990000,0.99990000,92467235.00000000,1674745199999,92459683.69850000,36564,16954220.00000000,16954220.00000000,0
1674745200000,0.99990000,1.00000000,0.99990000,0.99990000,29647496.00000000,1674748799999,29645342.10510000,34948,8108547.00000000,8108547.00000000,0
1674748800000,0.99990000,1.00000000,0.99990000,0.99990000,25108571.00000000,1674752399999,25106987.52670000,32400,9273838.00000000,9273838.00000000,0
1674752400000,0.99990000,1.00000000,0.99990000,0.99990000,17929116.00000000,1674755999999,17928088.16360000,26985,7650752.00000000,7650752.00000000,0
1674756000000,0.99990000,1.00000000,0.99990000,1.00000000,13565573.00000000,1674759599999,13564861.12280000,21742,6446801.00000000,6446801.00000000,0
1674759600000,0.99990000,1.00000000,0.99990000,0.99990000,21240754.00000000,1674763199999,21239875.46590000,19669,12455413.00000000,12455413.00000000,0
1674763200000,1.00000000,1.00000000,0.99990000,0.99990000,11996373.00000000,1674766799999,11995681.40120000,20805,5080385.00000000,5080385.00000000,0
1674766800000,1.00000000,1.00000000,0.99990000,0.99990000,14683764.00000000,1674770399999,14683068.69580000,16482,7730722.00000000,7730722.00000000,0
1674770400000,1.00000000,1.00000000,0.99990000,0.99990000,13937823.00000000,1674773999999,13937337.43050000,13725,9082128.00000000,9082128.00000000,0
1674774000000,1.00000000,1.00000000,0.99990000,0.99990000,13580832.00000000,1674777599999,13580303.50550000,14781,8295887.00000000,8295887.00000000,0
1674777600000,0.99990000,1.00000000,0.99990000,1.00000000,12602767.00000000,1674781199999,12602018.19790000,24975,5114746.00000000,5114746.00000000,0
1674781200000,1.00000000,1.00000000,0.99990000,1.00000000,40545807.00000000,1674784799999,40543274.11880000,28136,15216995.00000000,15216995.00000000,0
1674784800000,0.99990000,1.00000000,0.99980000,0.99980000,96628992.00000000,1674788399999,96617559.96030000,18003,24843128.00000000,24841425.89140000,0
1674788400000,0.99980000,0.99990000,0.99980000,0.99980000,29365421.00000000,1674791999999,29361299.00640000,16038,17510906.00000000,17509154.90940000,0
1674792000000,0.99990000,0.99990000,0.99980000,0.99980000,46823452.00000000,1674795599999,46815666.53980000,15397,15792302.00000000,15790722.76980000,0
1674795600000,0.99980000,0.99990000,0.99970000,0.99970000,68772484.00000000,1674799199999,68758132.70380000,18672,30078505.00000000,30072707.63550000,0
1674799200000,0.99970000,0.99980000,0.99970000,0.99970000,38356978.00000000,1674802799999,38348476.33590000,20055,30054293.00000000,30048282.14140000,0
1674802800000,0.99980000,0.99980000,0.99970000,0.99980000,44336700.00000000,1674806399999,44326935.78910000,30370,35367991.00000000,35360917.40180000,0
1674806400000,0.99980000,0.99980000,0.99970000,0.99970000,35438761.00000000,1674809999999,35430570.96380000,37528,24415921.00000000,24411037.81580000,0
1674810000000,0.99970000,0.99980000,0.99970000,0.99970000,38974906.00000000,1674813599999,38966088.48230000,32157,28749541.00000000,28743791.09180000,0
1674813600000,0.99980000,0.99980000,0.99970000,0.99970000,22474719.00000000,1674817199999,22468792.48230000,28812,8158980.00000000,8157348.20400000,0
1674817200000,0.99980000,0.99980000,0.99970000,0.99970000,21825798.00000000,1674820799999,21820549.11400000,31559,12988534.00000000,12985936.29320000,0
1674820800000,0.99970000,0.99980000,0.99970000,0.99970000,19830502.00000000,1674824399999,19825664.14170000,27939,11112923.00000000,11110700.41540000,0
1674824400000,0.99970000,0.99990000,0.99970000,0.99980000,109138391.00000000,1674827999999,109121379.82860000,28238,83578898.00000000,83567298.97140000,0
1674828000000,0.99980000,1.00000000,0.99980000,0.99990000,108482120.00000000,1674831599999,108469140.35390000,31010,85215441.00000000,85206939.61800000,0
1674831600000,0.99990000,1.00000000,0.99980000,0.99980000,77566263.00000000,1674835199999,77557932.64850000,35392,29131007.00000000,29128710.09960000,0
1674835200000,0.99980000,0.99990000,0.99980000,0.99980000,70392571.00000000,1674838799999,70383861.80760000,31955,53693218.00000000,53687848.67820000,0
1674838800000,0.99980000,1.00000000,0.99980000,0.99990000,44684483.00000000,1674842399999,44680890.77530000,31219,22314059.00000000,22312950.49080000,0
1674842400000,0.99990000,1.00000000,0.99990000,0.99990000,46083394.00000000,1674845999999,46080315.38470000,28615,15297241.00000000,15297241.00000000,0
1674846000000,1.00000000,1.00000000,0.99980000,0.99980000,30543309.00000000,1674849599999,30539506.45330000,21506,17822823.00000000,17821095.83110000,0
1674849600000,0.99990000,0.99990000,0.99980000,0.99980000,40157476.00000000,1674853199999,40151759.80790000,29248,23153031.00000000,23150715.69690000,0
1674853200000,0.99980000,0.99990000,0.99980000,0.99980000,46802660.00000000,1674856799999,46796731.69900000,23060,34322310.00000000,34318877.76900000,0
1674856800000,0.99980000,0.99990000,0.99980000,0.99990000,27470557.00000000,1674860399999,27466114.91160000,21604,10520230.00000000,10519177.97700000,0
1674860400000,0.99990000,0.99990000,0.99980000,0.99980000,23010803.00000000,1674863999999,23007488.00440000,20834,12871650.00000000,12870362.83500000,0
1674864000000,0.99980000,0.99990000,0.99980000,0.99980000,22657823.00000000,1674867599999,22654179.83980000,30017,8884044.00000000,8883155.59560000,0
1674867600000,0.99980000,0.99990000,0.99980000,0.99980000,28537482.00000000,1674871199999,28533178.92890000,23556,14044253.00000000,14042848.57470000,0
1674871200000,0.99980000,0.99990000,0.99970000,0.99980000,81745174.00000000,1674874799999,81728679.54890000,21249,18388882.00000000,18385420.13390000,0
1674874800000,0.99970000,0.99980000,0.99970000,0.99970000,12954327.00000000,1674878399999,12951138.95270000,16272,6982508.00000000,6981111.49840000,0
1674878400000,0.99970000,0.99980000,0.99970000,0.99980000,16064987.00000000,1674881999999,16061148.13730000,26069,9806334.00000000,9804372.73320000,0
1674882000000,0.99980000,0.99980000,0.99970000,0.99980000,19550316.00000000,1674885599999,19545643.56210000,24370,11926569.00000000,11924183.68620000,0
1674885600000,0.99980000,0.99980000,0.99970000,0.99980000,35339433.00000000,1674889199999,35331668.34420000,24015,28371741.00000000,28366066.65180000,0
1674889200000,0.99980000,0.99980000,0.99970000,0.99970000,27471957.00000000,1674892799999,27465509.13180000,27527,17937189.00000000,17933601.56220000,0
1674892800000,0.99970000,0.99980000,0.99970000,0.99980000,24196009.00000000,1674896399999,24190409.94160000,26635,16597443.00000000,16594123.51140000,0
1674896400000,0.99980000,0.99980000,0.99970000,0.99970000,19716327.00000000,1674899999999,19711618.51920000,23793,12064173.00000000,12061760.16540000,0
1674900000000,0.99970000,0.99980000,0.99970000,0.99980000,18575292.00000000,1674903599999,18570771.10530000,24842,10516929.00000000,10514825.61420000,0
1674903600000,0.99970000,0.99980000,0.99970000,0.99980000,11814561.00000000,1674907199999,11811527.68550000,21524,5110538.00000000,5109515.89240000,0
1674907200000,0.99980000,0.99990000,0.99970000,0.99990000,48869348.00000000,1674910799999,48859570.58400000,32687,37245100.00000000,37238711.75870000,0
1674910800000,0.99990000,0.99990000,0.99980000,0.99980000,63408726.00000000,1674914399999,63400095.78830000,36244,40515335.00000000,40511283.46650000,0
1674914400000,0.99990000,0.99990000,0.99980000,0.99980000,17894185.00000000,1674917999999,17890984.37380000,22959,3782108.00000000,3781729.78920000,0
1674918000000,0.99980000,0.99990000,0.99980000,0.99990000,21818453.00000000,1674921599999,21814763.68600000,26676,6743766.00000000,6743091.62340000,0
1674921600000,0.99980000,0.99990000,0.99970000,0.99980000,51197930.00000000,1674925199999,51187498.86970000,25527,11839201.00000000,11837055.78040000,0
1674925200000,0.99980000,0.99980000,0.99970000,0.99980000,14647604.00000000,1674928799999,14643883.31770000,23801,6735989.00000000,6734641.80220000,0
1674928800000,0.99970000,0.99980000,0.99970000,0.99980000,10850065.00000000,1674932399999,10847246.89830000,23370,4369178.00000000,4368304.16440000,0
1674932400000,0.99970000,0.99990000,0.99970000,0.99980000,47657109.00000000,1674935999999,47648086.21830000,22891,39358763.00000000,39352183.08250000,0
1674936000000,0.99990000,1.00000000,0.99980000,1.00000000,79625141.00000000,1674939599999,79617523.46900000,25904,48916819.00000000,48912485.19230000,0
1674939600000,1.00000000,1.00000000,0.99980000,0.99990000,36108883.00000000,1674943199999,36104426.87160000,18540,24603476.00000000,24601094.17980000,0
1674943200000,0.99990000,0.99990000,0.99980000,0.99990000,36390820.00000000,1674946799999,36385759.00570000,13654,22171697.00000000,22169479.83030000,0
1674946800000,0.99990000,0.99990000,0.99980000,0.99980000,21253006.00000000,1674950399999,21250139.89520000,13346,13844964.00000000,13843579.50360000,0
1674950400000,0.99980000,0.99990000,0.99980000,0.99990000,30144164.00000000,1674953999999,30139189.26760000,23615,10541004.00000000,10539949.89960000,0
1674954000000,0.99990000,0.99990000,0.99980000,0.99980000,42510908.00000000,1674957599999,42504824.54940000,23227,24187310.00000000,24184891.26900000,0
1674957600000,0.99990000,0.99990000,0.99980000,0.99990000,44748205.00000000,1674961199999,44740615.85170000,16128,13604927.00000000,13603566.50730000,0
1674961200000,0.99980000,0.99990000,0.99970000,0.99970000,49686436.00000000,1674964799999,49676412.41330000,14037,6438543.00000000,6437382.24450000,0
1674964800000,0.99970000,0.99980000,0.99970000,0.99980000,16811765.00000000,1674968399999,16807984.34180000,11716,12628713.00000000,12626187.25740000,0
1674968400000,0.99970000,0.99980000,0.99970000,0.99970000,7815908.00000000,1674971999999,7813978.70540000,12831,4154778.00000000,4153947.04440000,0
1674972000000,0.99980000,0.99980000,0.99970000,0.99980000,17478339.00000000,1674975599999,17474437.98330000,13911,13424850.00000000,13422165.03000000,0
1674975600000,0.99980000,0.99980000,0.99970000,0.99970000,40530615.00000000,1674979199999,40519960.21150000,18100,15043960.00000000,15040951.20800000,0
1674979200000,0.99970000,0.99980000,0.99970000,0.99980000,15352824.00000000,1674982799999,15348913.37270000,23298,6952199.00000000,6950808.56020000,0
1674982800000,0.99980000,0.99980000,0.99970000,0.99970000,24843455.00000000,1674986399999,24837538.76370000,27057,15368002.00000000,15364928.39960000,0
1674986400000,0.99970000,0.99980000,0.99970000,0.99970000,21981468.00000000,1674989999999,21976353.77730000,28308,14802177.00000000,14799216.56460000,0
1674990000000,0.99980000,0.99980000,0.99970000,0.99970000,16167819.00000000,1674993599999,16163816.89050000,24910,8482362.00000000,8480665.52760000,0
1674993600000,0.99970000,0.99980000,0.99970000,0.99980000,19331359.00000000,1674997199999,19326611.11970000,27599,10515274.00000000,10513170.94520000,0
1674997200000,0.99970000,0.99990000,0.99970000,0.99980000,62801233.00000000,1675000799999,62787769.68450000,34245,49688014.00000000,49678154.60960000,0
1675000800000,0.99980000,0.99990000,0.99980000,0.99990000,61080569.00000000,1675004399999,61072938.77630000,32414,45858901.00000000,45854315.10990000,0
1675004400000,0.99980000,0.99990000,0.99980000,0.99980000,13434592.00000000,1675007999999,13432538.94400000,24902,6338624.00000000,6337990.13760000,0
1675008000000,0.99980000,0.99990000,0.99980000,0.99990000,51183462.00000000,1675011599999,51177017.39230000,28226,37920847.00000000,37917054.91530000,0
1675011600000,0.99990000,1.00000000,0.99980000,0.99990000,78146923.00000000,1675015199999,78138617.54040000,24510,27582459.00000000,27579826.96690000,0
1675015200000,0.99990000,0.99990000,0.99980000,0.99980000,13927389.00000000,1675018799999,13925371.17160000,19892,7676494.00000000,7675726.35060000,0
1675018800000,0.99980000,0.99990000,0.99980000,0.99980000,29928399.00000000,1675022399999,29924512.96630000,24436,20996461.00000000,20994361.35390000,0
1675022400000,0.99990000,1.00000000,0.99980000,1.00000000,26850167.00000000,1675025999999,26847787.47860000,24983,19646792.00000000,19645326.46860000,0
1675026000000,1.00000000,1.00000000,0.99990000,0.99990000,13033392.00000000,1675029599999,13032670.70600000,20252,5820452.00000000,5820452.00000000,0
1675029600000,0.99990000,1.00000000,0.99990000,0.99990000,9775888.00000000,1675033199999,9775355.86610000,15251,4454549.00000000,4454549.00000000,0
1675033200000,1.00000000,1.00000000,0.99990000,0.99990000,15910947.00000000,1675036799999,15909945.45480000,18577,5895495.00000000,5895495.00000000,0
1675036800000,1.00000000,1.00000000,0.99990000,0.99990000,21282316.00000000,1675040399999,21281240.06060000,23565,10522922.00000000,10522922.00000000,0
1675040400000,0.99990000,1.00000000,0.99990000,0.99990000,34052300.00000000,1675043999999,34050912.14090000,25847,20173709.00000000,20173709.00000000,0
1675044000000,0.99990000,1.00000000,0.99990000,0.99990000,22395847.00000000,1675047599999,22394402.98890000,25648,7955736.00000000,7955736.00000000,0
1675047600000,1.00000000,1.00000000,0.99990000,0.99990000,16068938.00000000,1675051199999,16068074.67670000,15717,7435705.00000000,7435705.00000000,0
1675051200000,0.99990000,1.00000000,0.99990000,0.99990000,17684859.00000000,1675054799999,17683595.87200000,15892,5053579.00000000,5053579.00000000,0
1675054800000,1.00000000,1.00000000,0.99990000,0.99990000,14101858.00000000,1675058399999,14101077.32710000,17862,6295129.00000000,6295129.00000000,0
1675058400000,0.99990000,1.00000000,0.99990000,0.99990000,19178031.00000000,1675061999999,19177091.66120000,22643,9784643.00000000,9784643.00000000,0
1675062000000,0.99990000,1.00000000,0.99990000,0.99990000,20760950.00000000,1675065599999,20759718.34270000,27262,8444377.00000000,8444377.00000000,0
1675065600000,1.00000000,1.00000000,0.99990000,0.99990000,31828117.00000000,1675069199999,31826377.92620000,33692,14437379.00000000,14437379.00000000,0
1675069200000,1.00000000,1.00000000,0.99990000,0.99990000,63900324.00000000,1675072799999,63896177.65880000,59162,22436912.00000000,22436912.00000000,0
1675072800000,0.99990000,1.00000000,0.99990000,0.99990000,39946598.00000000,1675076399999,39944290.54010000,36560,16871999.00000000,16871999.00000000,0
1675076400000,0.99990000,1.00000000,0.99990000,0.99990000,31880057.00000000,1675079999999,31878715.50940000,31758,18465151.00000000,18465151.00000000,0
1675080000000,0.99990000,1.00000000,0.99990000,0.99990000,29219906.00000000,1675083599999,29218090.75760000,32069,11067482.00000000,11067482.00000000,0
1675083600000,0.99990000,1.00000000,0.99990000,0.99990000,69137261.00000000,1675087199999,69135252.01240000,30929,49047385.00000000,49047385.00000000,0
1675087200000,1.00000000,1.00000000,0.99990000,0.99990000,33374721.00000000,1675090799999,33373112.75290000,37724,17292250.00000000,17292250.00000000,0
1675090800000,1.00000000,1.00000000,0.99990000,0.99990000,59079737.00000000,1675094399999,59078164.27650000,36161,43352502.00000000,43352502.00000000,0
1675094400000,1.00000000,1.00000000,0.99990000,0.99990000,55980552.00000000,1675097999999,55978923.64810000,35938,39697033.00000000,39697033.00000000,0
1675098000000,1.00000000,1.00010000,0.99990000,0.99990000,68536003.00000000,1675101599999,68535803.39860000,34801,49194545.00000000,49195103.29100000,0
1675101600000,1.00000000,1.00010000,0.99990000,0.99990000,72438369.00000000,1675105199999,72438095.80490000,27426,47840408.00000000,47840650.87970000,0
1675105200000,1.00000000,1.00000000,0.99990000,0.99990000,42821459.00000000,1675108799999,42819468.41150000,45793,22915574.00000000,22915574.00000000,0
1675108800000,0.99990000,1.00010000,0.99990000,1.00000000,47283558.00000000,1675112399999,47282452.57330000,25428,32995028.00000000,32995115.41380000,0
1675112400000,1.00010000,1.00010000,0.99990000,0.99990000,51170267.00000000,1675115999999,51171101.77990000,20049,13839281.00000000,13840202.78640000,0
1675116000000,0.99990000,1.00010000,0.99990000,0.99990000,52332239.00000000,1675119599999,52331461.33920000,21982,31458961.00000000,31459030.52950000,0
1675119600000,1.00000000,1.00000000,0.99990000,0.99990000,11934627.00000000,1675123199999,11934016.47540000,20582,5829381.00000000,5829381.00000000,0
1675123200000,1.00000000,1.00000000,0.99990000,0.99990000,21975068.00000000,1675126799999,21974349.40680000,22667,14789136.00000000,14789136.00000000,0
1675126800000,1.00000000,1.00000000,0.99990000,0.99990000,33693113.00000000,1675130399999,33692233.72330000,23131,24900346.00000000,24900346.00000000,0
1675130400000,1.00000000,1.00010000,0.99990000,1.00000000,46731171.00000000,1675133999999,46731351.42260000,28149,30486607.00000000,30487119.78150000,0
1675134000000,1.00000000,1.00010000,1.00000000,1.00000000,27031068.00000000,1675137599999,27031723.65520000,17171,6556552.00000000,6557207.65520000,0
1675137600000,1.00010000,1.00010000,1.00000000,1.00000000,13762974.00000000,1675141199999,13763665.24300000,16626,6912430.00000000,6913121.24300000,0
1675141200000,1.00000000,1.00010000,1.00000000,1.00000000,14029955.00000000,1675144799999,14030625.93650000,19839,6709365.00000000,6710035.93650000,0
1675144800000,1.00000000,1.00010000,1.00000000,1.00000000,15818675.00000000,1675148399999,15819416.87780000,19715,7418778.00000000,7419519.87780000,0
1675148400000,1.00010000,1.00010000,1.00000000,1.00000000,17741223.00000000,1675151999999,17741941.88600000,21522,7188860.00000000,7189578.88600000,0
1675152000000,1.00000000,1.00010000,1.00000000,1.00000000,25217659.00000000,1675155599999,25218698.60050000,29228,10396005.00000000,10397044.60050000,0
1675155600000,1.00010000,1.00010000,1.00000000,1.00000000,27049136.00000000,1675159199999,27050902.08100000,22028,17660810.00000000,17662576.08100000,0
1675159200000,1.00000000,1.00010000,1.00000000,1.00000000,31423227.00000000,1675162799999,31425089.83090000,22777,18628309.00000000,18630171.83090000,0
1675162800000,1.00010000,1.00010000,1.00000000,1.00000000,29853571.00000000,1675166399999,29855362.90200000,19385,17919020.00000000,17920811.90200000,0
1675166400000,1.00000000,1.00010000,1.00000000,1.00000000,31508029.00000000,1675169999999,31510006.87480000,28175,19778748.00000000,19780725.87480000,0
1675170000000,1.00010000,1.00010000,1.00000000,1.00000000,36842331.00000000,1675173599999,36843924.21650000,32977,15932165.00000000,15933758.21650000,0
1675173600000,1.00000000,1.00010000,1.00000000,1.00000000,56475942.00000000,1675177199999,56478551.20850000,40916,26092085.00000000,26094694.20850000,0
1675177200000,1.00000000,1.00010000,1.00000000,1.00000000,37337746.00000000,1675180799999,37339761.96180000,35776,20159618.00000000,20161633.96180000,0
1675180800000,1.00010000,1.00010000,1.00000000,1.00000000,36082140.00000000,1675184399999,36083406.21770000,38677,12662177.00000000,12663443.21770000,0
1675184400000,1.00010000,1.00010000,0.99990000,0.99990000,47093951.00000000,1675187999999,47094159.81740000,26697,7744882.00000000,7745394.60350000,0
1675188000000,1.00000000,1.00000000,0.99990000,0.99990000,27273979.00000000,1675191599999,27272937.99930000,22051,16863972.00000000,16863972.00000000,0
1675191600000,0.99990000,1.00000000,0.99990000,0.99990000,32535493.00000000,1675195199999,32534254.53060000,20888,20150799.00000000,20150799.00000000,0
1675195200000,0.99990000,1.00000000,0.99990000,0.99990000,16006039.00000000,1675198799999,16005343.90900000,22079,9055129.00000000,9055129.00000000,0
1675198800000,1.00000000,1.00000000,0.99990000,0.99990000,31692438.00000000,1675202399999,31691400.06200000,24123,21313058.00000000,21313058.00000000,0
1675202400000,1.00000000,1.00000000,0.99990000,1.00000000,22650220.00000000,1675205999999,22648600.71590000,21358,6457379.00000000,6457379.00000000,0
1675206000000,0.99990000,1.00000000,0.99990000,0.99990000,17320466.00000000,1675209599999,17319670.26000000,17691,9363066.00000000,9363066.00000000,0
