1675209600000,1.00000000,1.00000000,0.99990000,0.99990000,29960450.00000000,1675213199999,29958643.46490000,27804,11895099.00000000,11895099.00000000,0
1675213200000,0.99990000,1.00000000,0.99990000,0.99990000,21774883.00000000,1675216799999,21773949.44760000,20917,12439359.00000000,12439359.00000000,0
1675216800000,0.99990000,1.00000000,0.99990000,1.00000000,31630844.00000000,1675220399999,31630029.80960000,17166,23488940.00000000,23488940.00000000,0
1675220400000,1.00000000,1.00000000,0.99990000,1.00000000,19573694.00000000,1675223999999,19572746.66810000,21757,10100375.00000000,10100375.00000000,0
1675224000000,0.99990000,1.00000000,0.99990000,0.99990000,18516727.00000000,1675227599999,18515471.03770000,16891,5957104.00000000,5957104.00000000,0
1675227600000,0.99990000,1.00000000,0.99990000,1.00000000,14332004.00000000,1675231199999,14331156.31440000,14010,5855148.00000000,5855148.00000000,0
1675231200000,0.99990000,1.00000000,0.99990000,0.99990000,18916664.00000000,1675234799999,18915806.10460000,20441,10337710.00000000,10337710.00000000,0
1675234800000,1.00000000,1.00000000,0.99990000,0.99990000,18394911.00000000,1675238399999,18393950.10980000,17679,8786009.00000000,8786009.00000000,0
1675238400000,0.99990000,1.00000000,0.99990000,0.99990000,17649088.00000000,1675241999999,17648091.17210000,23509,7680809.00000000,7680809.00000000,0
1675242000000,1.00000000,1.00000000,0.99990000,0.99990000,31200561.00000000,1675245599999,31199045.21270000,23734,16042688.00000000,16042688.00000000,0
1675245600000,1.00000000,1.00000000,0.99990000,0.99990000,23392430.00000000,1675249199999,23391203.18880000,21040,11124318.00000000,11124318.00000000,0
1675249200000,1.00000000,1.00000000,0.99990000,1.00000000,24326932.00000000,1675252799999,24325952.85910000,18144,14535523.00000000,14535523.00000000,0
1675252800000,0.99990000,1.00000000,0.99990000,1.00000000,18844254.00000000,1675256399999,18843289.01160000,18587,9194370.00000000,9194370.00000000,0
1675256400000,1.00000000,1.00000000,0.99990000,0.99990000,27596381.00000000,1675259999999,27594768.93360000,24171,11475717.00000000,11475717.00000000,0
1675260000000,1.00000000,1.00000000,0.99990000,0.99990000,30089084.00000000,1675263599999,30088218.03500000,20358,21429434.00000000,21429434.00000000,0
1675263600000,0.99990000,1.00000000,0.99990000,0.99990000,26205790.00000000,1675267199999,26204615.80100000,28883,14463800.00000000,14463800.00000000,0
1675267200000,0.99990000,1.00000000,0.99990000,0.99990000,25240478.00000000,1675270799999,25239531.77070000,21874,15778185.00000000,15778185.00000000,0
1675270800000,0.99990000,1.00000000,0.99990000,1.00000000,22087928.00000000,1675274399999,22086795.00440000,21301,10757972.00000000,10757972.00000000,0
1675274400000,1.00000000,1.00000000,0.99990000,0.99990000,22617252.00000000,1675277999999,22616414.03000000,23946,14237552.00000000,14237552.00000000,0
1675278000000,1.00000000,1.00000000,0.99990000,1.00000000,49691383.00000000,1675281599999,49689108.89460000,52958,26950329.00000000,26950329.00000000,0
1675281600000,1.00000000,1.00000000,0.99990000,0.99990000,42611986.00000000,1675285199999,42609764.55730000,54713,20397559.00000000,20397559.00000000,0
1675285200000,0.99990000,1.00000000,0.99990000,0.99990000,39062509.00000000,1675288799999,39059957.17610000,50257,13544270.00000000,13544270.00000000,0
1675288800000,0.99990000,1.00000000,0.99990000,0.99990000,32840134.00000000,1675292399999,32838259.94000000,39641,14099534.00000000,14099534.00000000,0
1675292400000,0.99990000,1.00000000,0.99990000,1.00000000,25971821.00000000,1675295999999,25970113.59650000,33233,8897786.00000000,8897786.00000000,0
1675296000000,1.00000000,1.00000000,0.99980000,0.99980000,65125378.00000000,1675299599999,65119285.68040000,41371,15948481.00000000,15947999.55360000,0
1675299600000,0.99980000,0.99990000,0.99980000,0.99980000,43865015.00000000,1675303199999,43858466.95590000,32954,22249589.00000000,22247364.04110000,0
1675303200000,0.99980000,0.99990000,0.99980000,0.99990000,39676709.00000000,1675306799999,39671374.08080000,26825,26004226.00000000,26001625.57740000,0
1675306800000,0.99980000,0.99990000,0.99980000,0.99980000,23935464.00000000,1675310399999,23931513.54880000,20320,8366416.00000000,8365579.35840000,0
1675310400000,0.99990000,0.99990000,0.99980000,0.99980000,32166164.00000000,1675313999999,32160522.86300000,22589,7920958.00000000,7920165.90420000,0
1675314000000,0.99980000,0.99990000,0.99980000,0.99980000,30476568.00000000,1675317599999,30471254.54750000,25464,7818611.00000000,7817829.13890000,0
1675317600000,0.99990000,0.99990000,0.99970000,0.99970000,42801602.00000000,1675321199999,42792639.79570000,30939,11035172.00000000,11033428.50460000,0
1675321200000,0.99970000,0.99980000,0.99970000,0.99980000,24592358.00000000,1675324799999,24585957.78230000,25520,9774897.00000000,9772942.02060000,0
1675324800000,0.99970000,0.99980000,0.99970000,0.99980000,30493035.00000000,1675328399999,30485210.47220000,31764,13233827.00000000,13231180.23460000,0
1675328400000,0.99970000,0.99980000,0.99970000,0.99970000,36509691.00000000,1675331999999,36501343.77480000,27594,26056821.00000000,26051609.63580000,0
1675332000000,0.99970000,0.99980000,0.99970000,0.99970000,30180030.00000000,1675335599999,30172531.28800000,38808,15552970.00000000,15549859.40600000,0
1675335600000,0.99970000,0.99980000,0.99970000,0.99970000,71233194.00000000,1675339199999,71217693.45420000,37051,58694124.00000000,58682385.17520000,0
1675339200000,0.99970000,0.99990000,0.99970000,0.99980000,49741855.00000000,1675342799999,49733722.78810000,37536,32531845.00000000,32527279.07650000,0
1675342800000,0.99980000,1.00000000,0.99980000,0.99990000,86752012.00000000,1675346399999,86741783.05830000,38786,70634093.00000000,70627064.67480000,0
1675346400000,1.00000000,1.00000000,0.99990000,0.99990000,48907779.00000000,1675349999999,48904326.11900000,44277,14378969.00000000,14378969.00000000,0
1675350000000,0.99990000,1.00000000,0.99990000,0.99990000,43018805.00000000,1675353599999,43015554.76270000,41160,10516432.00000000,10516432.00000000,0
1675353600000,0.99990000,1.00000000,0.99980000,0.99980000,89205031.00000000,1675357199999,89195988.38420000,39558,32027929.00000000,32025611.65950000,0
1675357200000,0.99990000,1.00000000,0.99980000,0.99990000,48869524.00000000,1675360799999,48865148.86920000,30275,34420398.00000000,34417747.10040000,0
1675360800000,0.99990000,1.00000000,0.99990000,0.99990000,33184932.00000000,1675364399999,33182725.02060000,39167,11115138.00000000,11115138.00000000,0
1675364400000,1.00000000,1.00000000,0.99980000,0.99990000,70514268.00000000,1675367999999,70506219.77220000,39459,32237837.00000000,32234884.25250000,0
1675368000000,0.99990000,1.00000000,0.99990000,0.99990000,29625892.00000000,1675371599999,29623589.20540000,30584,6597946.00000000,6597946.00000000,0
1675371600000,0.99990000,1.00000000,0.99990000,1.00000000,62080038.00000000,1675375199999,62074754.30320000,35455,9243070.00000000,9243070.00000000,0
1675375200000,1.00000000,1.00000000,0.99980000,0.99980000,39143515.00000000,1675378799999,39139944.85680000,27269,7859970.00000000,7859739.49350000,0
1675378800000,0.99990000,0.99990000,0.99980000,0.99980000,13935933.00000000,1675382399999,13933650.84580000,21937,5050324.00000000,5049818.96760000,0
1675382400000,0.99990000,0.99990000,0.99980000,0.99980000,21554415.00000000,1675385999999,21551575.47190000,23767,14713549.00000000,14712077.64510000,0
1675386000000,0.99990000,0.99990000,0.99980000,0.99980000,21008963.00000000,1675389599999,21006060.27900000,18565,12990716.00000000,12989416.92840000,0
1675389600000,0.99980000,0.99990000,0.99980000,0.99980000,18868369.00000000,1675393199999,18865564.41580000,24619,9690896.00000000,9689926.91040000,0
1675393200000,0.99990000,0.99990000,0.99980000,0.99980000,26964574.00000000,1675396799999,26961130.88220000,21866,19497970.00000000,19496020.20300000,0
1675396800000,0.99980000,0.99990000,0.99980000,0.99980000,18597755.00000000,1675400399999,18595127.48380000,20349,10920348.00000000,10919255.96520000,0
1675400400000,0.99990000,0.99990000,0.99980000,0.99980000,18011377.00000000,1675403999999,18008780.07430000,18463,10053497.00000000,10052491.65030000,0
1675404000000,0.99980000,0.99990000,0.99980000,0.99980000,32173818.00000000,1675407599999,32169183.23020000,32956,17999938.00000000,17998138.00620000,0
1675407600000,0.99980000,1.00000000,0.99980000,0.99990000,50149121.00000000,1675411199999,50142834.92430000,36038,34892458.00000000,34889105.14500000,0
1675411200000,1.00000000,1.00000000,0.99990000,0.99990000,36400558.00000000,1675414799999,36398340.51580000,27118,14225716.00000000,14225716.00000000,0
1675414800000,0.99990000,1.00000000,0.99990000,0.99990000,21952561.00000000,1675418399999,21951043.96850000,23752,6782246.00000000,6782246.00000000,0
1675418400000,0.99990000,1.00000000,0.99990000,0.99990000,19597491.00000000,1675421999999,19596476.07210000,23390,9448212.00000000,9448212.00000000,0
1675422000000,1.00000000,1.00000000,0.99990000,0.99990000,55629706.00000000,1675425599999,55625116.79260000,26818,9737632.00000000,9737632.00000000,0
1675425600000,0.99990000,1.00000000,0.99990000,1.00000000,37808293.00000000,1675429199999,37806531.68310000,37755,20195124.00000000,20195124.00000000,0
1675429200000,1.00000000,1.00000000,0.99990000,0.99990000,63103928.00000000,1675432799999,63100715.95800000,40927,30983508.00000000,30983508.00000000,0
1675432800000,0.99990000,1.00000000,0.99990000,0.99990000,59339477.00000000,1675436399999,59337558.95530000,39479,40159030.00000000,40159030.00000000,0
1675436400000,0.99990000,1.00000000,0.99990000,0.99990000,50960241.00000000,1675439999999,50957463.63880000,46160,23186629.00000000,23186629.00000000,0
1675440000000,0.99990000,1.00000000,0.99990000,0.99990000,39298785.00000000,1675443599999,39296748.37480000,41900,18932533.00000000,18932533.00000000,0
1675443600000,0.99990000,1.00000000,0.99990000,0.99990000,29100838.00000000,1675447199999,29098856.93900000,29461,9290228.00000000,9290228.00000000,0
1675447200000,1.00000000,1.00000000,0.99990000,0.99990000,24705968.00000000,1675450799999,24704458.88080000,24411,9614776.00000000,9614776.00000000,0
1675450800000,0.99990000,1.00000000,0.99990000,0.99990000,23777683.00000000,1675454399999,23776408.55130000,21024,11033196.00000000,11033196.00000000,0
1675454400000,0.99990000,1.00000000,0.99990000,0.99990000,26516531.00000000,1675457999999,26515314.52080000,21774,14351739.00000000,14351739.00000000,0
1675458000000,1.00000000,1.00000000,0.99990000,0.99990000,14441520.00000000,1675461599999,14440930.68000000,22767,8548320.00000000,8548320.00000000,0
1675461600000,1.00000000,1.00000000,0.99990000,0.99990000,16514051.00000000,1675465199999,16513170.46920000,18551,7708743.00000000,7708743.00000000,0
1675465200000,0.99990000,1.00000000,0.99990000,0.99990000,19775625.00000000,1675468799999,19774852.07800000,20964,12046405.00000000,12046405.00000000,0
1675468800000,1.00000000,1.00000000,0.99990000,1.00000000,21655515.00000000,1675472399999,21654459.85950000,33131,11104110.00000000,11104110.00000000,0
1675472400000,0.99990000,1.00000000,0.99990000,0.99990000,18158873.00000000,1675475999999,18158001.34580000,22423,9442331.00000000,9442331.00000000,0
1675476000000,0.99990000,1.00000000,0.99990000,1.00000000,14511628.00000000,1675479599999,14510845.11780000,20076,6682806.00000000,6682806.00000000,0
1675479600000,1.00000000,1.00000000,0.99990000,1.00000000,12756874.00000000,1675483199999,12756113.68120000,16628,5153686.00000000,5153686.00000000,0
1675483200000,1.00000000,1.00000000,0.99990000,0.99990000,11802769.00000000,1675486799999,11802015.27810000,15395,4265550.00000000,4265550.00000000,0
1675486800000,1.00000000,1.00000000,0.99990000,0.99990000,11807867.00000000,1675490399999,11807217.73700000,16305,5315237.00000000,5315237.00000000,0
1675490400000,1.00000000,1.00000000,0.99990000,0.99990000,11237064.00000000,1675493999999,11236389.82660000,16404,4495330.00000000,4495330.00000000,0
1675494000000,1.00000000,1.00000000,0.99990000,0.99990000,13774833.00000000,1675497599999,13773962.27480000,20050,5067581.00000000,5067581.00000000,0
1675497600000,1.00000000,1.00000000,0.99990000,0.99990000,16463136.00000000,1675501199999,16462328.06300000,22570,8383766.00000000,8383766.00000000,0
1675501200000,0.99990000,1.00000000,0.99990000,0.99990000,21935765.00000000,1675504799999,21934809.62110000,19042,12381976.00000000,12381976.00000000,0
1675504800000,0.99990000,1.00000000,0.99990000,0.99990000,16170132.00000000,1675508399999,16169319.98290000,21360,8049961.00000000,8049961.00000000,0
1675508400000,1.00000000,1.00000000,0.99990000,1.00000000,14269760.00000000,1675511999999,14268886.52060000,25498,5534966.00000000,5534966.00000000,0
1675512000000,1.00000000,1.00000000,0.99980000,0.99980000,39558437.00000000,1675515599999,39554300.52300000,34206,11150566.00000000,11150088.48370000,0
1675515600000,0.99990000,1.00000000,0.99980000,1.00000000,44208412.00000000,1675519199999,44204418.64620000,39534,31326527.00000000,31324246.53240000,0
1675519200000,1.00000000,1.00000000,0.99990000,0.99990000,23443014.00000000,1675522799999,23441306.13320000,30750,6364346.00000000,6364346.00000000,0
1675522800000,0.99990000,1.00000000,0.99990000,1.00000000,16220674.00000000,1675526399999,16219584.28770000,28802,5323551.00000000,5323551.00000000,0
1675526400000,1.00000000,1.00000000,0.99990000,1.00000000,17296673.00000000,1675529999999,17295686.65730000,32735,7433246.00000000,7433246.00000000,0
1675530000000,0.99990000,1.00000000,0.99980000,0.99990000,36289087.00000000,1675533599999,36285036.56230000,31718,10263174.00000000,10262314.07410000,0
1675533600000,0.99980000,0.99990000,0.99980000,0.99990000,15712423.00000000,1675537199999,15710120.42730000,26472,8399119.00000000,8398279.08810000,0
1675537200000,0.99990000,1.00000000,0.99980000,0.99990000,30937633.00000000,1675540799999,30934102.60540000,23558,23997393.00000000,23995110.16620000,0
1675540800000,0.99990000,1.00000000,0.99990000,0.99990000,11242845.00000000,1675544399999,11242272.87630000,20002,5521608.00000000,5521608.00000000,0
1675544400000,0.99990000,1.00000000,0.99990000,0.99990000,10224108.00000000,1675547999999,10223477.58040000,19088,3919912.00000000,3919912.00000000,0
1675548000000,1.00000000,1.00000000,0.99990000,0.99990000,9879956.00000000,1675551599999,9879319.72000000,17092,3517156.00000000,3517156.00000000,0
1675551600000,0.99990000,1.00000000,0.99990000,1.00000000,13524848.00000000,1675555199999,13523957.17240000,21768,4616572.00000000,4616572.00000000,0
1675555200000,1.00000000,1.00000000,0.99980000,0.99990000,28697606.00000000,1675558799999,28694399.36690000,26236,6498103.00000000,6497638.14320000,0
1675558800000,0.99990000,0.99990000,0.99980000,0.99980000,35235661.00000000,1675562399999,35229386.70240000,18880,7728346.00000000,7727573.16540000,0
1675562400000,0.99980000,0.99990000,0.99980000,0.99980000,14167124.00000000,1675565999999,14164920.45210000,18338,6298769.00000000,6298139.12310000,0
1675566000000,0.99980000,0.99990000,0.99970000,0.99970000,33141230.00000000,1675569599999,33134971.50330000,21046,11782674.00000000,11780865.94480000,0
1675569600000,0.99980000,0.99980000,0.99970000,0.99970000,18908089.00000000,1675573199999,18903724.05780000,19698,13074845.00000000,13072230.03100000,0
1675573200000,0.99980000,0.99980000,0.99970000,0.99970000,16745377.00000000,1675576799999,16741540.31820000,19691,11869313.00000000,11866939.13740000,0
1675576800000,0.99970000,0.99980000,0.99970000,0.99970000,13765500.00000000,1675580399999,13762045.08170000,22356,6747317.00000000,6745967.53660000,0
1675580400000,0.99970000,0.99980000,0.99970000,0.99970000,13601859.00000000,1675583999999,13598500.57490000,20192,7221326.00000000,7219881.73480000,0
1675584000000,0.99970000,0.99980000,0.99970000,0.99980000,20094361.00000000,1675587599999,20089518.86870000,26197,11861770.00000000,11859397.64600000,0
1675587600000,0.99970000,0.99980000,0.99970000,0.99970000,22152902.00000000,1675591199999,22147453.20520000,34565,11970758.00000000,11968363.84840000,0
1675591200000,0.99980000,0.99980000,0.99970000,0.99970000,44970905.00000000,1675594799999,44960737.51140000,44810,33237829.00000000,33231181.43420000,0
1675594800000,0.99980000,0.99980000,0.99970000,0.99980000,39528159.00000000,1675598399999,39518775.28900000,47628,24747367.00000000,24742417.52660000,0
1675598400000,0.99980000,0.99980000,0.99970000,0.99970000,58573554.00000000,1675601999999,58559007.88120000,72347,30259474.00000000,30253422.10520000,0
1675602000000,0.99980000,0.99980000,0.99970000,0.99970000,47926218.00000000,1675605599999,47914226.49180000,62578,23863572.00000000,23858799.28560000,0
1675605600000,0.99970000,0.99980000,0.99970000,0.99980000,34450011.00000000,1675609199999,34441076.59930000,42814,14006026.00000000,14003224.79480000,0
1675609200000,0.99980000,0.99980000,0.99970000,0.99980000,24996655.00000000,1675612799999,24990321.36980000,39476,11653663.00000000,11651332.26740000,0
1675612800000,0.99980000,0.99980000,0.99970000,0.99980000,19799932.00000000,1675616399999,19794924.10720000,34795,9320868.00000000,9319003.82640000,0
1675616400000,0.99970000,0.99980000,0.99970000,0.99970000,20984702.00000000,1675619999999,20979387.20580000,36687,9806164.00000000,9804202.76720000,0
1675620000000,0.99970000,0.99980000,0.99970000,0.99980000,15092768.00000000,1675623599999,15088996.12860000,27245,7559590.00000000,7558078.08200000,0
1675623600000,0.99980000,0.99980000,0.99970000,0.99970000,13616689.00000000,1675627199999,13613333.56460000,25656,7295713.00000000,7294253.85740000,0
1675627200000,0.99980000,0.99980000,0.99970000,0.99970000,19121453.00000000,1675630799999,19116383.21310000,30322,6666490.00000000,6665156.70200000,0
1675630800000,0.99970000,0.99980000,0.99970000,0.99980000,16423170.00000000,1675634399999,16418950.70270000,24421,7076537.00000000,7075121.69260000,0
1675634400000,0.99980000,0.99980000,0.99970000,0.99980000,14087714.00000000,1675637999999,14084231.65560000,25078,7439698.00000000,7438210.06040000,0
1675638000000,0.99970000,0.99980000,0.99970000,0.99980000,24714652.00000000,1675641599999,24708104.74700000,22151,8671426.00000000,8669691.71480000,0
1675641600000,0.99980000,0.99980000,0.99970000,0.99970000,25200913.00000000,1675645199999,25194850.80750000,35143,14980814.00000000,14977817.83720000,0
1675645200000,0.99980000,0.99980000,0.99970000,0.99970000,20431654.00000000,1675648799999,20426387.82900000,25336,8633252.00000000,8631525.34960000,0
1675648800000,0.99980000,0.99980000,0.99970000,0.99970000,20051091.00000000,1675652399999,20046159.65460000,25546,10839819.00000000,10837651.03620000,0
1675652400000,0.99970000,0.99980000,0.99970000,0.99970000,21830960.00000000,1675655999999,21825738.49790000,26166,13277859.00000000,13275203.42820000,0
1675656000000,0.99980000,0.99980000,0.99970000,0.99970000,18042150.00000000,1675659599999,18037557.01190000,21232,8196569.00000000,8194929.68620000,0
1675659600000,0.99970000,0.99980000,0.99970000,0.99980000,26928860.00000000,1675663199999,26921904.52240000,27586,11231804.00000000,11229557.63920000,0
1675663200000,0.99970000,0.99980000,0.99970000,0.99970000,17749039.00000000,1675666799999,17744645.06260000,21566,9307743.00000000,9305881.45140000,0
1675666800000,0.99970000,0.99980000,0.99970000,0.99970000,28223109.00000000,1675670399999,28216336.39910000,28687,16943318.00000000,16939929.33640000,0
1675670400000,0.99980000,0.99980000,0.99970000,0.99970000,27462111.00000000,1675673999999,27455531.21130000,29415,16588446.00000000,16585128.31080000,0
1675674000000,0.99980000,0.99990000,0.99970000,0.99980000,50578131.00000000,1675677599999,50567496.47980000,24085,31465110.00000000,31458977.01010000,0
1675677600000,0.99990000,0.99990000,0.99980000,0.99980000,48098527.00000000,1675681199999,48090256.36500000,24616,13490704.00000000,13489354.92960000,0
1675681200000,0.99990000,0.99990000,0.99980000,0.99980000,34986456.00000000,1675684799999,34980717.85440000,27527,12591456.00000000,12590196.85440000,0
1675684800000,0.99990000,0.99990000,0.99980000,0.99980000,28412013.00000000,1675688399999,28407467.36990000,26264,11367725.00000000,11366588.22750000,0
1675688400000,0.99980000,0.99990000,0.99980000,0.99980000,58841751.00000000,1675691999999,58834268.80800000,24971,42861582.00000000,42857295.84180000,0
1675692000000,0.99980000,1.00000000,0.99980000,1.00000000,101140826.00000000,1675695599999,101131997.31740000,24776,74213851.00000000,74207854.34460000,0
1675695600000,1.00000000,1.00000000,0.99990000,1.00000000,43881253.00000000,1675699199999,43880062.75390000,33858,31978792.00000000,31978792.00000000,0
1675699200000,1.00000000,1.00000000,0.99990000,0.99990000,71520509.00000000,1675702799999,71518471.73580000,49236,51147867.00000000,51147867.00000000,0
1675702800000,0.99990000,1.00000000,0.99990000,0.99990000,35267967.00000000,1675706399999,35266809.42160000,32851,23692183.00000000,23692183.00000000,0
1675706400000,1.00000000,1.00000000,0.99990000,0.99990000,18548830.00000000,1675709999999,18547814.32200000,25728,8392050.00000000,8392050.00000000,0
1675710000000,1.00000000,1.00000000,0.99990000,0.99990000,17670264.00000000,1675713599999,17669428.23900000,25403,9312654.00000000,9312654.00000000,0
1675713600000,0.99990000,1.00000000,0.99990000,0.99990000,42074180.00000000,1675717199999,42073487.92270000,18855,35153407.00000000,35153407.00000000,0
1675717200000,1.00000000,1.00000000,0.99990000,0.99990000,12844016.00000000,1675720799999,12843366.07070000,17599,6344723.00000000,6344723.00000000,0
1675720800000,1.00000000,1.00000000,0.99990000,0.99990000,16179341.00000000,1675724399999,16178767.34050000,16161,10442746.00000000,10442746.00000000,0
1675724400000,0.99990000,1.00000000,0.99990000,0.99990000,32357452.00000000,1675727999999,32355559.20740000,31648,13429526.00000000,13429526.00000000,0
1675728000000,1.00000000,1.00000000,0.99990000,0.99990000,30131973.00000000,1675731599999,30130971.66010000,29081,20118574.00000000,20118574.00000000,0
1675731600000,1.00000000,1.00000000,0.99990000,0.99990000,28902712.00000000,1675735199999,28901904.45750000,26034,20827287.00000000,20827287.00000000,0
1675735200000,1.00000000,1.00000000,0.99990000,1.00000000,22963455.00000000,1675738799999,22962578.92450000,28608,14202700.00000000,14202700.00000000,0
1675738800000,1.00000000,1.00000000,0.99990000,1.00000000,29652333.00000000,1675742399999,29651253.10260000,34159,18853359.00000000,18853359.00000000,0
1675742400000,0.99990000,1.00000000,0.99990000,0.99990000,28593051.00000000,1675745999999,28591923.06680000,26633,17313719.00000000,17313719.00000000,0
1675746000000,1.00000000,1.00000000,0.99990000,1.00000000,26914170.00000000,1675749599999,26912882.85910000,30340,14042761.00000000,14042761.00000000,0
1675749600000,1.00000000,1.00000000,0.99990000,1.00000000,38369885.00000000,1675753199999,38368027.87720000,33970,19798657.00000000,19798657.00000000,0
1675753200000,1.00000000,1.00000000,0.99990000,0.99990000,29170008.00000000,1675756799999,29168662.84610000,32424,15718469.00000000,15718469.00000000,0
1675756800000,0.99990000,1.00000000,0.99990000,0.99990000,35932943.00000000,1675760399999,35931423.82940000,37661,20741237.00000000,20741237.00000000,0
1675760400000,1.00000000,1.00000000,0.99990000,0.99990000,41824269.00000000,1675763999999,41822522.09280000,45030,24355197.00000000,24355197.00000000,0
1675764000000,1.00000000,1.00000000,0.99990000,0.99990000,63293756.00000000,1675767599999,63289990.13550000,37320,25635111.00000000,25635111.00000000,0
1675767600000,1.00000000,1.00000000,0.99990000,0.99990000,53646804.00000000,1675771199999,53645415.52500000,38786,39762054.00000000,39762054.00000000,0
1675771200000,0.99990000,1.00010000,0.99990000,1.00000000,61684437.00000000,1675774799999,61683309.95390000,34370,48857826.00000000,48857904.43820000,0
1675774800000,1.00010000,1.00010000,0.99990000,1.00000000,54661482.00000000,1675778399999,54661204.11580000,33041,16498660.00000000,16499020.61800000,0
1675778400000,1.00000000,1.00000000,0.99990000,0.99990000,53227348.00000000,1675781999999,53226127.55410000,32389,41022889.00000000,41022889.00000000,0
1675782000000,1.00000000,1.00000000,0.99990000,0.99990000,39289928.00000000,1675785599999,39288746.00920000,32871,27470020.00000000,27470020.00000000,0
1675785600000,0.99990000,1.00000000,0.99990000,0.99990000,28904163.00000000,1675789199999,28903201.57900000,30546,19289953.00000000,19289953.00000000,0
1675789200000,0.99990000,1.00000000,0.99990000,0.99990000,47406887.00000000,1675792799999,47405237.82840000,44874,30915171.00000000,30915171.00000000,0
1675792800000,1.00000000,1.00000000,0.99990000,1.00000000,42977460.00000000,1675796399999,42975450.42970000,51911,22881757.00000000,22881757.00000000,0
1675796400000,1.00000000,1.00000000,0.99990000,0.99990000,20505274.00000000,1675799999999,20504285.82600000,28845,10623534.00000000,10623534.00000000,0
1675800000000,0.99990000,1.00000000,0.99990000,0.99990000,23981224.00000000,1675803599999,23980062.89200000,32744,12370144.00000000,12370144.00000000,0
1675803600000,1.00000000,1.00000000,0.99990000,0.99990000,23919249.00000000,1675807199999,23917854.15070000,31442,9970756.00000000,9970756.00000000,0
1675807200000,1.00000000,1.00000000,0.99990000,0.99990000,25773687.00000000,1675810799999,25772071.73720000,27317,9621059.00000000,9621059.00000000,0
1675810800000,0.99990000,1.00000000,0.99990000,0.99990000,24882142.00000000,1675814399999,24881196.70300000,26053,15429172.00000000,15429172.00000000,0
1675814400000,0.99990000,1.00000000,0.99990000,1.00000000,27341167.00000000,1675817999999,27339860.20310000,40206,14273198.00000000,14273198.00000000,0
1675818000000,1.00000000,1.00000000,0.99990000,1.00000000,29112528.00000000,1675821599999,29110992.07540000,34603,13753282.00000000,13753282.00000000,0
1675821600000,1.00000000,1.00000000,0.99990000,0.99990000,24914577.00000000,1675825199999,24913055.85960000,23843,9703173.00000000,9703173.00000000,0
1675825200000,1.00000000,1.00000000,0.99990000,0.99990000,19703906.00000000,1675828799999,19702650.87970000,22664,7152703.00000000,7152703.00000000,0
1675828800000,0.99990000,1.00000000,0.99990000,0.99990000,20173796.00000000,1675832399999,20172596.86720000,21987,8182468.00000000,8182468.00000000,0
1675832400000,0.99990000,1.00000000,0.99990000,1.00000000,23985205.00000000,1675835999999,23984202.46500000,23901,13959855.00000000,13959855.00000000,0
1675836000000,1.00000000,1.00000000,0.99990000,1.00000000,22129251.00000000,1675839599999,22128087.28590000,24905,10492110.00000000,10492110.00000000,0
1675839600000,1.00000000,1.00000000,0.99990000,1.00000000,37042390.00000000,1675843199999,37041034.07320000,30407,23483122.00000000,23483122.00000000,0
1675843200000,1.00000000,1.00000000,0.99990000,1.00000000,64955883.00000000,1675846799999,64953587.28070000,47557,41998690.00000000,41998690.00000000,0
1675846800000,1.00000000,1.00000000,0.99990000,0.99990000,45741036.00000000,1675850399999,45739522.74630000,34573,30608499.00000000,30608499.00000000,0
1675850400000,1.00000000,1.00000000,0.99990000,1.00000000,33821109.00000000,1675853999999,33819627.93780000,30769,19010487.00000000,19010487.00000000,0
1675854000000,1.00000000,1.00000000,0.99990000,0.99990000,30005177.00000000,1675857599999,30003823.18500000,27197,16467027.00000000,16467027.00000000,0
1675857600000,0.99990000,1.00000000,0.99990000,0.99990000,40830484.00000000,1675861199999,40828993.20000000,36680,25922484.00000000,25922484.00000000,0
1675861200000,0.99990000,1.00000000,0.99990000,0.99990000,75870477.00000000,1675864799999,75865818.72720000,48221,29287749.00000000,29287749.00000000,0
1675864800000,1.00000000,1.00000000,0.99990000,1.00000000,49581001.00000000,1675868399999,49579052.60800000,40260,30097081.00000000,30097081.00000000,0
1675868400000,1.00000000,1.00000000,0.99990000,1.00000000,62687474.00000000,1675871999999,62684821.11690000,60939,36158643.00000000,36158643.00000000,0
1675872000000,1.00000000,1.00000000,0.99990000,1.00000000,70219634.00000000,1675875599999,70216436.98870000,68031,38249521.00000000,38249521.00000000,0
1675875600000,1.00000000,1.00000000,0.99990000,0.99990000,29272306.00000000,1675879199999,29270889.97890000,39332,15112095.00000000,15112095.00000000,0
1675879200000,0.99990000,1.00000000,0.99990000,1.00000000,22251844.00000000,1675882799999,22250832.72330000,30191,12139077.00000000,12139077.00000000,0
1675882800000,1.00000000,1.00000000,0.99990000,0.99990000,23596981.00000000,1675886399999,23596143.13650000,22239,15218346.00000000,15218346.00000000,0
1675886400000,1.00000000,1.00000000,0.99990000,0.99990000,13013106.00000000,1675889999999,13012487.40780000,22228,6827184.00000000,6827184.00000000,0
1675890000000,0.99990000,1.00000000,0.99990000,1.00000000,25798451.00000000,1675893599999,25797508.79630000,26187,16376414.00000000,16376414.00000000,0
1675893600000,1.00000000,1.00000000,0.99990000,1.00000000,11251124.00000000,1675897199999,11250535.19850000,17394,5363109.00000000,5363109.00000000,0
1675897200000,0.99990000,1.00000000,0.99990000,0.99990000,16212956.00000000,1675900799999,16212158.46710000,22298,8237627.00000000,8237627.00000000,0
1675900800000,1.00000000,1.00000000,0.99990000,0.99990000,25197751.00000000,1675904399999,25196343.02040000,35359,11117955.00000000,11117955.00000000,0
1675904400000,0.99990000,1.00000000,0.99990000,0.99990000,30749041.00000000,1675907999999,30747614.54000000,31483,16484441.00000000,16484441.00000000,0
1675908000000,1.00000000,1.00000000,0.99990000,0.99990000,34622766.00000000,1675911599999,34621019.85520000,35869,17161318.00000000,17161318.00000000,0
1675911600000,1.00000000,1.00000000,0.99990000,0.99990000,105903111.00000000,1675915199999,105897517.95350000,67571,49972646.00000000,49972646.00000000,0
1675915200000,0.99990000,1.00000000,0.99990000,0.99990000,52218266.00000000,1675918799999,52216815.70570000,38698,37715323.00000000,37715323.00000000,0
1675918800000,1.00000000,1.00000000,0.99990000,0.99990000,35192146.00000000,1675922399999,35190904.51190000,29840,22777265.00000000,22777265.00000000,0
1675922400000,1.00000000,1.00000000,0.99990000,0.99990000,36790425.00000000,1675925999999,36789168.82790000,31673,24228704.00000000,24228704.00000000,0
1675926000000,0.99990000,1.00000000,0.99990000,0.99990000,37236348.00000000,1675929599999,37235272.67870000,30602,26483135.00000000,26483135.00000000,0
1675929600000,1.00000000,1.00000000,0.99990000,0.99990000,38901868.00000000,1675933199999,38899850.10080000,29578,18722876.00000000,18722876.00000000,0
1675933200000,1.00000000,1.00000000,0.99990000,0.99990000,33792221.00000000,1675936799999,33790803.72240000,30937,19619445.00000000,19619445.00000000,0
1675936800000,0.99990000,1.00000000,0.99990000,0.99990000,27099608.00000000,1675940399999,27098352.44200000,26975,14544028.00000000,14544028.00000000,0
1675940400000,1.00000000,1.00000000,0.99990000,0.99990000,40544804.00000000,1675943999999,40543624.88330000,25203,28753637.00000000,28753637.00000000,0
1675944000000,1.00000000,1.00010000,0.99990000,1.00000000,58437755.00000000,1675947599999,58437609.30570000,28518,36985362.00000000,36986036.38980000,0
1675947600000,1.00000000,1.00010000,0.99990000,1.00000000,61373438.00000000,1675951199999,61375121.12980000,32371,20137028.00000000,20138871.30050000,0
1675951200000,1.00000000,1.00000000,0.99990000,0.99990000,55334577.00000000,1675954799999,55331779.38790000,51329,27358456.00000000,27358456.00000000,0
1675954800000,0.99990000,1.00000000,0.99990000,0.99990000,62030497.00000000,1675958399999,62026692.53440000,43468,23985841.00000000,23985841.00000000,0
1675958400000,1.00000000,1.00000000,0.99990000,1.00000000,35142084.00000000,1675961999999,35140326.81400000,46839,17570224.00000000,17570224.00000000,0
1675962000000,0.99990000,1.00000000,0.99990000,1.00000000,28501890.00000000,1675965599999,28500514.27870000,33292,14744677.00000000,14744677.00000000,0
1675965600000,1.00000000,1.00000000,0.99990000,0.99990000,26200301.00000000,1675969199999,26199479.63230000,25852,17986624.00000000,17986624.00000000,0
1675969200000,1.00000000,1.00000000,0.99990000,0.99990000,64116159.00000000,1675972799999,64112646.08430000,77375,28987002.00000000,28987002.00000000,0
1675972800000,0.99990000,1.00000000,0.99990000,0.99990000,51049646.00000000,1675976399999,51046712.58470000,52721,21715493.00000000,21715493.00000000,0
1675976400000,0.99990000,1.00000000,0.99980000,0.99980000,67739173.00000000,1675979999999,67729498.90540000,46484,25653515.00000000,25651151.86180000,0
1675980000000,0.99980000,0.99990000,0.99980000,0.99980000,43224881.00000000,1675983599999,43217854.55210000,46702,16185283.00000000,16183664.47170000,0
1675983600000,0.99980000,0.99990000,0.99980000,0.99980000,37365193.00000000,1675987199999,37358948.57710000,37963,12286157.00000000,12284928.38430000,0
1675987200000,0.99990000,0.99990000,0.99970000,0.99970000,67182074.00000000,1675990799999,67168397.67190000,38141,15578587.00000000,15576254.40750000,0
1675990800000,0.99970000,0.99980000,0.99970000,0.99970000,46224013.00000000,1675994399999,46212961.83920000,26763,28160431.00000000,28154798.91380000,0
1675994400000,0.99970000,0.99980000,0.99970000,0.99970000,34244195.00000000,1675997999999,34235559.98960000,23166,16382481.00000000,16379204.50380000,0
1675998000000,0.99970000,0.99980000,0.99970000,0.99970000,27705943.00000000,1676001599999,27699119.54830000,19369,14883312.00000000,14880335.33760000,0
1676001600000,0.99970000,0.99980000,0.99970000,0.99970000,28342025.00000000,1676005199999,28334975.58800000,22139,14531955.00000000,14529048.60900000,0
1676005200000,0.99980000,0.99980000,0.99970000,0.99970000,30545535.00000000,1676008799999,30537747.94920000,29020,13766097.00000000,13763343.78060000,0
1676008800000,0.99970000,0.99980000,0.99970000,0.99970000,21280685.00000000,1676012399999,21275558.50230000,24501,12577078.00000000,12574562.58440000,0
1676012400000,0.99980000,0.99980000,0.99970000,0.99970000,47028948.00000000,1676015999999,47016364.03060000,24214,15247150.00000000,15244100.57000000,0
1676016000000,0.99970000,0.99980000,0.99970000,0.99980000,50025209.00000000,1676019599999,50013235.05740000,25092,30336201.00000000,30330133.75980000,0
1676019600000,0.99970000,0.99980000,0.99970000,0.99970000,28125671.00000000,1676023199999,28118702.68220000,28894,14693835.00000000,14690896.23300000,0
1676023200000,0.99980000,0.99980000,0.99970000,0.99970000,45416225.00000000,1676026799999,45404044.11150000,27595,14439790.00000000,14436902.04200000,0
1676026800000,0.99970000,0.99980000,0.99970000,0.99970000,35092307.00000000,1676030399999,35083879.84660000,37905,21005387.00000000,21001185.92260000,0
1676030400000,0.99970000,0.99980000,0.99970000,0.99970000,64049385.00000000,1676033999999,64035103.91150000,34997,49337270.00000000,49327402.54600000,0
1676034000000,0.99980000,0.99980000,0.99970000,0.99970000,67680215.00000000,1676037599999,67664071.23150000,43486,41602960.00000000,41594639.40800000,0
1676037600000,0.99980000,0.99980000,0.99970000,0.99970000,89223971.00000000,1676041199999,89204190.89020000,40187,69870815.00000000,69856840.83700000,0
1676041200000,0.99980000,0.99990000,0.99970000,0.99990000,91139386.00000000,1676044799999,91120321.55140000,42833,66991035.00000000,66978268.44570000,0
1676044800000,0.99990000,0.99990000,0.99980000,0.99990000,81769636.00000000,1676048399999,81758923.25320000,26265,56411804.00000000,56406162.81960000,0
1676048400000,0.99990000,0.99990000,0.99980000,0.99990000,50929471.00000000,1676051999999,50923492.58030000,21880,42074745.00000000,42070537.52550000,0
1676052000000,0.99990000,0.99990000,0.99980000,0.99980000,22906292.00000000,1676055599999,22902972.45020000,17986,12617086.00000000,12615824.29140000,0
1676055600000,0.99990000,1.00000000,0.99980000,0.99980000,73133640.00000000,1676059199999,73126202.85320000,26412,38945668.00000000,38942202.22170000,0
1676059200000,0.99980000,0.99990000,0.99980000,0.99980000,16594017.00000000,1676062799999,16591632.21150000,23359,9340149.00000000,9339214.98510000,0
1676062800000,0.99980000,0.99990000,0.99980000,0.99990000,34691145.00000000,1676066399999,34686279.87930000,26362,20731083.00000000,20729009.89170000,0
1676066400000,0.99980000,0.99990000,0.99980000,0.99980000,15219733.00000000,1676069999999,15217431.59850000,18296,7425451.00000000,7424708.45490000,0
1676070000000,0.99980000,0.99990000,0.99980000,0.99990000,17084595.00000000,1676073599999,17081784.27450000,16159,6061935.00000000,6061328.80650000,0
1676073600000,0.99990000,0.99990000,0.99980000,0.99990000,19192559.00000000,1676077199999,19189466.02550000,20926,7455373.00000000,7454627.46270000,0
1676077200000,0.99990000,0.99990000,0.99980000,0.99980000,18494689.00000000,1676080799999,18491845.86920000,17706,8558070.00000000,8557214.19300000,0
1676080800000,0.99980000,0.99990000,0.99980000,0.99990000,13500057.00000000,1676084399999,13498200.61710000,17334,8436285.00000000,8435441.37150000,0
1676084400000,0.99990000,0.99990000,0.99980000,0.99980000,37071616.00000000,1676087999999,37065398.65430000,17143,11969775.00000000,11968578.02250000,0
1676088000000,0.99980000,0.99990000,0.99980000,0.99990000,11619487.00000000,1676091599999,11617799.99210000,12622,6368895.00000000,6368258.11050000,0
1676091600000,0.99980000,0.99990000,0.99980000,0.99990000,17081634.00000000,1676095199999,17079177.67910000,15627,9600059.00000000,9599098.99410000,0
1676095200000,0.99990000,0.99990000,0.99980000,0.99990000,21547241.00000000,1676098799999,21544371.96350000,17678,14404117.00000000,14402676.58830000,0
1676098800000,0.99980000,0.99990000,0.99980000,0.99990000,15718534.00000000,1676102399999,15716304.15550000,17003,9138623.00000000,9137709.13770000,0
1676102400000,0.99990000,0.99990000,0.99980000,0.99990000,17076985.00000000,1676105999999,17074546.41640000,20713,9768134.00000000,9767157.18660000,0
1676106000000,0.99980000,0.99990000,0.99980000,0.99980000,19532922.00000000,1676109599999,19530407.38010000,20864,13919645.00000000,13918253.03550000,0
1676109600000,0.99990000,0.99990000,0.99980000,0.99980000,25809412.00000000,1676113199999,25805948.88680000,21897,16987692.00000000,16985993.23080000,0
1676113200000,0.99980000,0.99990000,0.99980000,0.99990000,14768857.00000000,1676116799999,14766858.02970000,18142,9548011.00000000,9547056.19890000,0
1676116800000,0.99980000,0.99990000,0.99980000,0.99990000,25480153.00000000,1676120399999,25476496.75880000,25727,14397894.00000000,14396454.21060000,0
1676120400000,0.99980000,0.99990000,0.99980000,0.99990000,24393399.00000000,1676123999999,24389760.44360000,27977,12401234.00000000,12399993.87660000,0
1676124000000,0.99990000,0.99990000,0.99980000,0.99980000,61239806.00000000,1676127599999,61232527.59390000,28077,49695551.00000000,49690581.44490000,0
1676127600000,0.99990000,0.99990000,0.99980000,0.99990000,15149344.00000000,1676131199999,15147049.92500000,19914,7357938.00000000,7357202.20620000,0
1676131200000,0.99990000,1.00000000,0.99980000,0.99990000,77392596.00000000,1676134799999,77384453.61560000,22035,65610797.00000000,65604379.35840000,0
1676134800000,1.00000000,1.00000000,0.99990000,1.00000000,27011676.00000000,1676138399999,27009315.06180000,15646,3402294.00000000,3402294.00000000,0
1676138400000,1.00000000,1.00000000,0.99990000,0.99990000,9804385.00000000,1676141999999,9803703.35320000,16353,2987917.00000000,2987917.00000000,0
1676142000000,1.00000000,1.00000000,0.99990000,1.00000000,7722018.00000000,1676145599999,7721523.16740000,12737,2773692.00000000,2773692.00000000,0
1676145600000,1.00000000,1.00000000,0.99980000,0.99990000,25818741.00000000,1676149199999,25816349.09300000,12023,2575857.00000000,2575827.05540000,0
1676149200000,0.99980000,0.99990000,0.99980000,0.99990000,17214213.00000000,1676152799999,17211937.15400000,15926,11669966.00000000,11668799.00340000,0
1676152800000,0.99980000,0.99990000,0.99980000,0.99990000,13224590.00000000,1676156399999,13222732.34210000,19185,7872601.00000000,7871813.73990000,0
1676156400000,0.99980000,0.99990000,0.99980000,0.99980000,7261766.00000000,1676159999999,7260634.14760000,15730,3205008.00000000,3204687.49920000,0
1676160000000,0.99980000,0.99990000,0.99980000,0.99980000,13329847.00000000,1676163599999,13328039.42980000,15910,8583992.00000000,8583133.60080000,0
1676163600000,0.99980000,0.99990000,0.99980000,0.99990000,9293701.00000000,1676167199999,9292407.89810000,12183,5656383.00000000,5655817.36170000,0
1676167200000,0.99990000,0.99990000,0.99980000,0.99980000,10528550.00000000,1676170799999,10526832.77980000,16112,3884898.00000000,3884509.51020000,0
1676170800000,0.99990000,0.99990000,0.99980000,0.99980000,11482034.00000000,1676174399999,11480209.01410000,13837,4714209.00000000,4713737.57910000,0
1676174400000,0.99990000,0.99990000,0.99980000,0.99980000,11947581.00000000,1676177999999,11945699.50020000,17570,5080164.00000000,5079655.98360000,0
1676178000000,0.99980000,0.99990000,0.99980000,0.99990000,8214817.00000000,1676181599999,8213567.98330000,12002,3939467.00000000,3939073.05330000,0
1676181600000,0.99980000,0.99990000,0.99980000,0.99980000,11560845.00000000,1676185199999,11559128.30800000,16617,5954770.00000000,5954174.52300000,0
1676185200000,0.99990000,0.99990000,0.99980000,0.99980000,12014517.00000000,1676188799999,12012616.31420000,19357,5022176.00000000,5021673.78240000,0
1676188800000,0.99980000,0.99990000,0.99980000,0.99990000,10865045.00000000,1676192399999,10863367.74160000,17848,4957506.00000000,4957010.24940000,0
1676192400000,0.99980000,0.99990000,0.99980000,0.99980000,15002863.00000000,1676195999999,15000562.47800000,21976,7000506.00000000,6999805.94940000,0
1676196000000,0.99980000,0.99990000,0.99980000,0.99980000,16564210.00000000,1676199599999,16561491.40370000,22916,5942457.00000000,5941862.75430000,0
1676199600000,0.99990000,0.99990000,0.99980000,0.99990000,11193660.00000000,1676203199999,11191954.23590000,20184,5329679.00000000,5329146.03210000,0
1676203200000,0.99990000,0.99990000,0.99980000,0.99990000,16871201.00000000,1676206799999,16868605.57660000,25962,7788168.00000000,7787389.18320000,0
1676206800000,0.99980000,0.99990000,0.99980000,0.99980000,17984763.00000000,1676210399999,17982041.21770000,27951,8751703.00000000,8750827.82970000,0
1676210400000,0.99990000,0.99990000,0.99980000,0.99990000,22538946.00000000,1676213999999,22535478.86610000,27537,10406553.00000000,10405512.34470000,0
1676214000000,0.99990000,1.00000000,0.99980000,1.00000000,89289490.00000000,1676217599999,89281003.77270000,24179,72993889.00000000,72987132.58820000,0
1676217600000,0.99990000,1.00000000,0.99990000,1.00000000,19490296.00000000,1676221199999,19489424.19430000,26671,10772239.00000000,10772239.00000000,0
1676221200000,1.00000000,1.00000000,0.99990000,0.99990000,11711100.00000000,1676224799999,11710448.48980000,18999,5195998.00000000,5195998.00000000,0
1676224800000,0.99990000,1.00000000,0.99990000,0.99990000,12011609.00000000,1676228399999,12010857.31440000,17842,4494753.00000000,4494753.00000000,0
1676228400000,0.99990000,1.00000000,0.99990000,0.99990000,12860148.00000000,1676231999999,12859319.65230000,18529,4576671.00000000,4576671.00000000,0
1676232000000,1.00000000,1.00000000,0.99990000,0.99990000,10031424.00000000,1676235599999,10030750.26330000,15771,3294057.00000000,3294057.00000000,0
1676235600000,0.99990000,1.00000000,0.99990000,1.00000000,25593099.00000000,1676239199999,25591176.95500000,28373,6372649.00000000,6372649.00000000,0
1676239200000,0.99990000,1.00000000,0.99980000,0.99990000,44065552.00000000,1676242799999,44061475.78820000,28228,15025794.00000000,15024834.42760000,0
1676242800000,0.99990000,0.99990000,0.99980000,0.99990000,16071617.00000000,1676246399999,16068790.72630000,15244,3880497.00000000,3880108.95030000,0
1676246400000,0.99990000,0.99990000,0.99960000,0.99960000,135710295.00000000,1676249999999,135674881.22850000,25081,20815549.00000000,20810665.81070000,0
1676250000000,0.99970000,0.99970000,0.99950000,0.99960000,158158558.00000000,1676253599999,158088949.83880000,28259,70098570.00000000,70071302.15050000,0
1676253600000,0.99970000,0.99970000,0.99960000,0.99960000,31936017.00000000,1676257199999,31924855.95330000,23373,16133601.00000000,16128760.91970000,0
1676257200000,0.99960000,0.99980000,0.99960000,0.99970000,77826778.00000000,1676260799999,77804887.46540000,16874,48997946.00000000,48985010.69020000,0
1676260800000,0.99980000,0.99980000,0.99960000,0.99970000,72760816.00000000,1676264399999,72740276.22860000,18826,22902617.00000000,22897298.60440000,0
1676264400000,0.99960000,0.99970000,0.99960000,0.99960000,25716409.00000000,1676267999999,25707287.70050000,15558,11652641.00000000,11649145.20770000,0
1676268000000,0.99960000,0.99970000,0.99960000,0.99970000,27265597.00000000,1676271599999,27255983.12480000,19793,12923636.00000000,12919758.90920000,0
1676271600000,0.99960000,0.99970000,0.99860000,0.99870000,186145215.00000000,1676275199999,186008333.61230000,39459,68193032.00000000,68138908.66490000,0
1676275200000,0.99870000,0.99950000,0.99850000,0.99920000,480498657.00000000,1676278799999,480065591.23680000,74837,244832305.00000000,244607443.03670000,0
1676278800000,0.99920000,0.99940000,0.99850000,0.99860000,480795433.00000000,1676282399999,480243376.43730000,89503,219592433.00000000,219342567.71930000,0
1676282400000,0.99860000,0.99870000,0.99500000,0.99770000,382505303.00000000,1676285999999,381647882.93340000,100535,165298663.00000000,164927397.37160000,0
1676286000000,0.99770000,0.99910000,0.99760000,0.99890000,207732095.00000000,1676289599999,207365142.34760000,60658,104067389.00000000,103884355.02480000,0
1676289600000,0.99890000,0.99900000,0.99830000,0.99840000,169425891.00000000,1676293199999,169207155.49880000,55304,67242432.00000000,67156855.95660000,0
1676293200000,0.99830000,0.99880000,0.99820000,0.99870000,130302396.00000000,1676296799999,130107387.67280000,60820,71878967.00000000,71775102.72910000,0
1676296800000,0.99880000,0.99900000,0.99840000,0.99860000,141398095.00000000,1676300399999,141228542.52590000,48255,52681173.00000000,52620810.68190000,0
1676300400000,0.99860000,0.99870000,0.99840000,0.99860000,110313166.00000000,1676303999999,110155535.93500000,50268,49801841.00000000,49732249.18890000,0
1676304000000,0.99870000,0.99890000,0.99850000,0.99870000,112562732.00000000,1676307599999,112415996.78990000,54338,54518474.00000000,54450095.64820000,0
1676307600000,0.99880000,0.99900000,0.99850000,0.99870000,93838635.00000000,1676311199999,93722665.21920000,49913,43008831.00000000,42957246.07950000,0
1676311200000,0.99870000,0.99900000,0.99870000,0.99890000,90933345.00000000,1676314799999,90829518.27720000,41098,51726799.00000000,51668793.85290000,0
1676314800000,0.99880000,0.99890000,0.99870000,0.99880000,72026391.00000000,1676318399999,71941549.91960000,27911,32577275.00000000,32540234.63280000,0
1676318400000,0.99870000,0.99900000,0.99870000,0.99900000,46617275.00000000,1676321999999,46564440.99180000,25219,25755143.00000000,25726588.97350000,0
1676322000000,0.99900000,0.99900000,0.99870000,0.99890000,39692140.00000000,1676325599999,39648485.78730000,24280,21276331.00000000,21253720.33050000,0
1676325600000,0.99890000,0.99920000,0.99890000,0.99910000,56438580.00000000,1676329199999,56383671.83330000,21735,33437467.00000000,33405724.98070000,0
1676329200000,0.99920000,0.99920000,0.99880000,0.99890000,52579570.00000000,1676332799999,52524794.39410000,28234,22574747.00000000,22552297.96070000,0
1676332800000,0.99890000,0.99910000,0.99890000,0.99900000,49740489.00000000,1676336399999,49689103.13530000,23625,23945371.00000000,23921489.64010000,0
1676336400000,0.99900000,0.99900000,0.99880000,0.99900000,39272162.00000000,1676339999999,39229987.47220000,20029,15144613.00000000,15129092.64900000,0
1676340000000,0.99890000,0.99910000,0.99890000,0.99890000,41564443.00000000,1676343599999,41521454.36940000,18616,24864652.00000000,24839790.33190000,0
1676343600000,0.99900000,0.99900000,0.99880000,0.99880000,53312070.00000000,1676347199999,53254660.35100000,20491,16697747.00000000,16680824.55580000,0
1676347200000,0.99880000,0.99900000,0.99880000,0.99890000,50830459.00000000,1676350799999,50773784.49750000,17083,24334877.00000000,24308289.13910000,0
1676350800000,0.99890000,0.99900000,0.99880000,0.99880000,54281726.00000000,1676354399999,54220646.13090000,19324,24732919.00000000,24705937.23380000,0
1676354400000,0.99890000,0.99890000,0.99880000,0.99880000,31507560.00000000,1676357999999,31470847.80270000,20613,10968747.00000000,10956681.37830000,0
1676358000000,0.99890000,0.99890000,0.99880000,0.99880000,32553607.00000000,1676361599999,32516104.85700000,23137,15621854.00000000,15604669.96060000,0
1676361600000,0.99890000,0.99890000,0.99870000,0.99870000,58545945.00000000,1676365199999,58476346.62610000,27184,17537860.00000000,17517717.99620000,0
1676365200000,0.99880000,0.99890000,0.99870000,0.99880000,59653190.00000000,1676368799999,59579522.47560000,34165,26964196.00000000,26932227.10480000,0
1676368800000,0.99890000,0.99890000,0.99870000,0.99880000,36731854.00000000,1676372399999,36688941.83600000,33014,16684950.00000000,16666193.30510000,0
1676372400000,0.99880000,0.99940000,0.99880000,0.99920000,117814934.00000000,1676375999999,117704837.95290000,31762,85546475.00000000,85467559.99210000,0
1676376000000,0.99920000,0.99950000,0.99920000,0.99930000,80478062.00000000,1676379599999,80424328.07200000,32514,39169035.00000000,39144478.16390000,0
1676379600000,0.99930000,0.99940000,0.99920000,0.99930000,154259334.00000000,1676383199999,154153846.10620000,60901,46002881.00000000,45973404.75450000,0
1676383200000,0.99930000,0.99960000,0.99930000,0.99940000,135260335.00000000,1676386799999,135178967.08190000,56938,88118280.00000000,88067971.30170000,0
1676386800000,0.99940000,0.99950000,0.99930000,0.99940000,129343639.00000000,1676390399999,129265040.86190000,68352,53124528.00000000,53094329.77690000,0
1676390400000,0.99930000,0.99940000,0.99840000,0.99930000,179596021.00000000,1676393999999,179439752.81640000,44792,71402091.00000000,71334469.02710000,0
1676394000000,0.99930000,0.99970000,0.99920000,0.99960000,71877776.00000000,1676397599999,71840467.44460000,29788,43876791.00000000,43855080.72540000,0
1676397600000,0.99950000,0.99960000,0.99930000,0.99950000,75114175.00000000,1676401199999,75076176.48310000,28100,35203873.00000000,35186026.68080000,0
1676401200000,0.99950000,0.99970000,0.99940000,0.99940000,47153949.00000000,1676404799999,47133982.74770000,27366,24855668.00000000,24845794.60900000,0
1676404800000,0.99940000,0.99960000,0.99940000,0.99950000,54760722.00000000,1676408399999,54734327.65330000,24571,22137722.00000000,22128029.10740000,0
1676408400000,0.99950000,0.99980000,0.99950000,0.99960000,50263205.00000000,1676411999999,50244542.05520000,25594,30139192.00000000,30128459.78720000,0
1676412000000,0.99960000,0.99970000,0.99960000,0.99960000,47083073.00000000,1676415599999,47066812.02550000,17328,25722547.00000000,25714830.23590000,0
1676415600000,0.99960000,0.99980000,0.99960000,0.99960000,47983071.00000000,1676419199999,47967700.92380000,19544,17371747.00000000,17366615.26930000,0
1676419200000,0.99970000,0.99970000,0.99950000,0.99960000,47135307.00000000,1676422799999,47117050.70130000,22593,20049371.00000000,20042135.76490000,0
1676422800000,0.99960000,0.99970000,0.99950000,0.99950000,42399691.00000000,1676426399999,42382714.17200000,21636,9340635.00000000,9337335.54840000,0
1676426400000,0.99950000,0.99970000,0.99950000,0.99960000,44061053.00000000,1676429999999,44043112.06410000,17366,28359685.00000000,28348497.37650000,0
1676430000000,0.99960000,0.99970000,0.99950000,0.99960000,42385950.00000000,1676433599999,42369729.53440000,21304,11494702.00000000,11490839.24810000,0
1676433600000,0.99960000,0.99970000,0.99950000,0.99960000,42894375.00000000,1676437199999,42876576.28520000,20518,13834564.00000000,13829286.29130000,0
1676437200000,0.99960000,0.99960000,0.99940000,0.99960000,38361028.00000000,1676440799999,38341918.29460000,17557,17631473.00000000,17622962.92480000,0
1676440800000,0.99960000,0.99960000,0.99950000,0.99950000,18592528.00000000,1676444399999,18584020.19780000,18387,7884618.00000000,7881464.15280000,0
1676444400000,0.99960000,0.99960000,0.99940000,0.99960000,51458187.00000000,1676447999999,51433827.59030000,18068,19396532.00000000,19388286.83930000,0
1676448000000,0.99960000,0.99960000,0.99950000,0.99950000,39799871.00000000,1676451599999,39782395.76060000,22680,24246961.00000000,24237262.21560000,0
1676451600000,0.99960000,0.99970000,0.99950000,0.99960000,49417676.00000000,1676455199999,49398103.87270000,24154,26317539.00000000,26307714.40070000,0
1676455200000,0.99970000,0.99970000,0.99960000,0.99970000,31090995.00000000,1676458799999,31079741.36860000,18904,11827666.00000000,11824117.70020000,0
1676458800000,0.99970000,0.99970000,0.99950000,0.99960000,62710742.00000000,1676462399999,62685109.49710000,34396,21356596.00000000,21349011.94080000,0
1676462400000,0.99970000,0.99970000,0.99960000,0.99970000,73870720.00000000,1676465999999,73846341.96270000,40967,51702507.00000000,51686996.24790000,0
1676466000000,0.99970000,0.99980000,0.99960000,0.99970000,56340329.00000000,1676469599999,56323483.63930000,33123,17498189.00000000,17493923.13640000,0
1676469600000,0.99970000,0.99980000,0.99960000,0.99970000,57490226.00000000,1676473199999,57473333.24120000,30872,35856620.00000000,35846685.63870000,0
1676473200000,0.99970000,0.99980000,0.99960000,0.99970000,112019697.00000000,1676476799999,111987028.54500000,32983,33446103.00000000,33437724.26360000,0
1676476800000,0.99970000,0.99980000,0.99970000,0.99980000,46271870.00000000,1676480399999,46260574.21060000,33276,25857716.00000000,25852544.45680000,0
1676480400000,0.99970000,0.99980000,0.99960000,0.99980000,53784641.00000000,1676483999999,53769537.91560000,25589,18657417.00000000,18652892.76700000,0
1676484000000,0.99980000,0.99980000,0.99970000,0.99970000,27399855.00000000,1676487599999,27393334.31890000,27918,16992754.00000000,16989355.44920000,0
1676487600000,0.99980000,0.99990000,0.99970000,0.99980000,56970010.00000000,1676491199999,56958094.57720000,43374,39292935.00000000,39285460.50530000,0
1676491200000,0.99990000,0.99990000,0.99970000,0.99980000,50993017.00000000,1676494799999,50984978.78520000,45032,22757899.00000000,22755545.39170000,0
1676494800000,0.99990000,0.99990000,0.99980000,0.99990000,45441089.00000000,1676498399999,45435004.68980000,36083,30039076.00000000,30036072.09240000,0
1676498400000,0.99990000,0.99990000,0.99980000,0.99980000,38931003.00000000,1676501999999,38924424.40000000,28609,12076006.00000000,12074798.39940000,0
1676502000000,0.99990000,0.99990000,0.99970000,0.99980000,46885751.00000000,1676505599999,46877282.14340000,25727,11997906.00000000,11996529.16020000,0
1676505600000,0.99980000,0.99990000,0.99970000,0.99990000,63067730.00000000,1676509199999,63056084.17730000,43725,30696204.00000000,30691653.81300000,0
1676509200000,0.99980000,0.99990000,0.99970000,0.99990000,39062548.00000000,1676512799999,39055725.84800000,23151,10371553.00000000,10370469.27480000,0
1676512800000,0.99990000,0.99990000,0.99970000,0.99990000,56981007.00000000,1676516399999,56969567.32120000,28803,28228741.00000000,28223689.18360000,0
1676516400000,0.99980000,0.99990000,0.99980000,0.99980000,40922338.00000000,1676519999999,40915567.81220000,24397,14142798.00000000,14141383.72020000,0
1676520000000,0.99980000,0.99990000,0.99980000,0.99980000,61583994.00000000,1676523599999,61574441.27960000,29878,27640784.00000000,27638019.92160000,0
1676523600000,0.99980000,0.99990000,0.99980000,0.99990000,53824191.00000000,1676527199999,53815622.01970000,22580,21958579.00000000,21956383.14210000,0
1676527200000,0.99990000,0.99990000,0.99960000,0.99970000,63774714.00000000,1676530799999,63758946.68280000,31948,19493908.00000000,19489872.37750000,0
1676530800000,0.99970000,0.99980000,0.99960000,0.99980000,50453378.00000000,1676534399999,50439736.78810000,38296,27323616.00000000,27317278.95060000,0
1676534400000,0.99980000,0.99990000,0.99970000,0.99980000,65235644.00000000,1676537999999,65223909.04130000,37600,36637472.00000000,36631696.91740000,0
1676538000000,0.99980000,0.99990000,0.99970000,0.99980000,38116112.00000000,1676541599999,38109600.68830000,31328,13687749.00000000,13686199.67390000,0
1676541600000,0.99970000,0.99980000,0.99970000,0.99980000,42786702.00000000,1676545199999,42776756.62750000,33214,28906381.00000000,28900599.72380000,0
1676545200000,0.99980000,0.99990000,0.99970000,0.99980000,65951420.00000000,1676548799999,65937716.91610000,34139,34271511.00000000,34264995.53010000,0
1676548800000,0.99980000,0.99990000,0.99970000,0.99980000,47615275.00000000,1676552399999,47608622.16730000,34234,32670517.00000000,32666949.02120000,0
1676552400000,0.99990000,0.99990000,0.99980000,0.99990000,49956289.00000000,1676555999999,49948928.23410000,37793,26304919.00000000,26302288.50810000,0
1676556000000,0.99990000,0.99990000,0.99970000,0.99970000,91034346.00000000,1676559599999,91018769.21720000,43181,27711355.00000000,27708458.59350000,0
1676559600000,0.99980000,0.99990000,0.99970000,0.99970000,143857496.00000000,1676563199999,143827514.11710000,67307,90425712.00000000,90408990.32820000,0
1676563200000,0.99980000,0.99990000,0.99970000,0.99990000,101146847.00000000,1676566799999,101127970.10670000,77063,54664256.00000000,54656502.07450000,0
1676566800000,0.99980000,0.99990000,0.99980000,0.99990000,32738540.00000000,1676570399999,32733387.35640000,45430,13950644.00000000,13949248.93560000,0
1676570400000,0.99990000,0.99990000,0.99980000,0.99980000,58434701.00000000,1676573999999,58427355.13090000,40108,43410711.00000000,43406369.92890000,0
1676574000000,0.99990000,0.99990000,0.99980000,0.99980000,33191527.00000000,1676577599999,33186686.66180000,48502,17979672.00000000,17977874.03280000,0
1676577600000,0.99980000,1.00000000,0.99980000,1.00000000,47136145.00000000,1676581199999,47129907.45670000,44147,31571963.00000000,31568812.27640000,0
1676581200000,0.99990000,1.00000000,0.99980000,0.99990000,52565571.00000000,1676584799999,52559598.91830000,35289,32221476.00000000,32218571.88270000,0
1676584800000,0.99990000,1.00000000,0.99980000,0.99990000,54670322.00000000,1676588399999,54663252.79430000,47568,22875755.00000000,22873826.86280000,0
1676588400000,0.99990000,1.00000000,0.99980000,0.99980000,61796885.00000000,1676591999999,61789067.54070000,43144,26105079.00000000,26102984.92510000,0
1676592000000,0.99980000,0.99990000,0.99980000,0.99990000,55436215.00000000,1676595599999,55427551.37150000,38997,24236145.00000000,24233721.38550000,0
1676595600000,0.99980000,0.99990000,0.99980000,0.99980000,21769828.00000000,1676599199999,21766320.67500000,22389,8466406.00000000,8465559.35940000,0
1676599200000,0.99990000,0.99990000,0.99980000,0.99990000,31769724.00000000,1676602799999,31765793.73240000,22859,24236772.00000000,24234348.32280000,0
1676602800000,0.99990000,0.99990000,0.99980000,0.99980000,24601241.00000000,1676606399999,24598089.76280000,23043,17690110.00000000,17688340.98900000,0
1676606400000,0.99980000,0.99990000,0.99980000,0.99990000,31068934.00000000,1676609999999,31063867.95240000,23809,11477392.00000000,11476244.26080000,0
1676610000000,0.99990000,0.99990000,0.99980000,0.99980000,20616217.00000000,1676613599999,20612829.63470000,24349,7358781.00000000,7358045.12190000,0
1676613600000,0.99980000,0.99990000,0.99980000,0.99980000,34162867.00000000,1676617199999,34157375.41860000,23047,13409920.00000000,13408579.00800000,0
1676617200000,0.99990000,0.99990000,0.99980000,0.99980000,24372665.00000000,1676620799999,24368786.55850000,24174,9960915.00000000,9959918.90850000,0
1676620800000,0.99990000,0.99990000,0.99980000,0.99990000,29738489.00000000,1676624399999,29734298.47820000,25914,17571760.00000000,17570002.82400000,0
1676624400000,0.99980000,0.99990000,0.99980000,0.99990000,45678050.00000000,1676627999999,45672233.59190000,26504,33192019.00000000,33188699.79810000,0
1676628000000,0.99980000,0.99990000,0.99980000,0.99980000,57531652.00000000,1676631599999,57523876.06470000,41059,37303951.00000000,37300220.60490000,0
1676631600000,0.99980000,0.99990000,0.99980000,0.99980000,35251615.00000000,1676635199999,35246593.85480000,27412,20291778.00000000,20289748.82220000,0
1676635200000,0.99980000,0.99990000,0.99980000,0.99980000,58476398.00000000,1676638799999,58468705.43850000,27603,40027181.00000000,40023178.28190000,0
1676638800000,0.99980000,1.00000000,0.99980000,0.99980000,45831929.00000000,1676642399999,45827641.64240000,23582,27446199.00000000,27443992.28530000,0
1676642400000,0.99990000,1.00000000,0.99980000,0.99990000,32036000.00000000,1676645999999,32033962.76640000,36018,15941789.00000000,15941437.29450000,0
1676646000000,0.99990000,1.00000000,0.99990000,1.00000000,35316813.00000000,1676649599999,35314429.74910000,35604,11484304.00000000,11484304.00000000,0
1676649600000,1.00000000,1.00000000,0.99980000,0.99990000,56206492.00000000,1676653199999,56201809.48390000,44731,30046843.00000000,30045154.61540000,0
1676653200000,0.99990000,1.00000000,0.99990000,0.99990000,36089456.00000000,1676656799999,36087975.68470000,37947,21286303.00000000,21286303.00000000,0
1676656800000,1.00000000,1.00000000,0.99990000,1.00000000,23043436.00000000,1676660399999,23042648.12020000,28473,15164638.00000000,15164638.00000000,0
1676660400000,1.00000000,1.00000000,0.99990000,1.00000000,25943404.00000000,1676663999999,25942175.18560000,27180,13655260.00000000,13655260.00000000,0
1676664000000,1.00000000,1.00000000,0.99990000,1.00000000,43840090.00000000,1676667599999,43838025.15240000,31410,23191614.00000000,23191614.00000000,0
1676667600000,0.99990000,1.00000000,0.99990000,1.00000000,32838917.00000000,1676671199999,32837141.86680000,24119,15087585.00000000,15087585.00000000,0
1676671200000,0.99990000,1.00000000,0.99980000,0.99980000,47900556.00000000,1676674799999,47895528.75550000,36233,21567157.00000000,21565310.78800000,0
1676674800000,0.99980000,1.00000000,0.99980000,0.99980000,19065075.00000000,1676678399999,19062849.28120000,20546,7793531.00000000,7792896.15230000,0
1676678400000,0.99980000,0.99990000,0.99980000,0.99980000,16953823.00000000,1676681999999,16951102.53530000,26768,6702999.00000000,6702328.70010000,0
1676682000000,0.99990000,0.99990000,0.99980000,0.99980000,37984628.00000000,1676685599999,37979526.06860000,19315,24949942.00000000,24947447.00580000,0
1676685600000,0.99980000,0.99990000,0.99980000,0.99990000,15274504.00000000,1676689199999,15272066.19520000,18353,6170960.00000000,6170342.90400000,0
1676689200000,0.99990000,0.99990000,0.99980000,0.99990000,11577215.00000000,1676692799999,11575323.76480000,16473,4242078.00000000,4241653.79220000,0
1676692800000,0.99990000,0.99990000,0.99980000,0.99980000,11975144.00000000,1676696399999,11973227.57000000,16681,4785988.00000000,4785509.40120000,0
1676696400000,0.99980000,0.99990000,0.99980000,0.99980000,11769810.00000000,1676699999999,11768072.85160000,16326,6168136.00000000,6167519.18640000,0
1676700000000,0.99980000,0.99990000,0.99980000,0.99980000,15238023.00000000,1676703599999,15235668.93480000,22128,6935394.00000000,6934700.46060000,0
1676703600000,0.99980000,0.99990000,0.99970000,0.99970000,55064659.00000000,1676707199999,55054014.22080000,25719,12600828.00000000,12598853.22930000,0
1676707200000,0.99980000,0.99990000,0.99970000,0.99980000,40818882.00000000,1676710799999,40810300.86600000,29363,18439778.00000000,18436240.05030000,0
1676710800000,0.99990000,0.99990000,0.99970000,0.99970000,51418973.00000000,1676714399999,51408321.99920000,25737,22079607.00000000,22075410.13440000,0
1676714400000,0.99980000,0.99980000,0.99970000,0.99980000,15714410.00000000,1676717999999,15710536.14020000,25753,8404632.00000000,8402951.07360000,0
1676718000000,0.99980000,0.99980000,0.99970000,0.99980000,17121927.00000000,1676721599999,17117855.83080000,22612,10654089.00000000,10651958.18220000,0
1676721600000,0.99970000,0.99980000,0.99970000,0.99980000,24110395.00000000,1676725199999,24104854.78440000,26067,16929029.00000000,16925643.19420000,0
1676725200000,0.99980000,0.99990000,0.99970000,0.99980000,42743048.00000000,1676728799999,42733710.80380000,28319,14887581.00000000,14884671.47380000,0
1676728800000,0.99970000,0.99980000,0.99970000,0.99970000,30538550.00000000,1676732399999,30530575.48160000,28155,11870466.00000000,11868091.90680000,0
1676732400000,0.99970000,0.99980000,0.99970000,0.99980000,26478797.00000000,1676735999999,26472421.22620000,26903,15678653.00000000,15675517.26940000,0
1676736000000,0.99970000,0.99980000,0.99970000,0.99980000,18489136.00000000,1676739599999,18484646.57130000,28649,10573121.00000000,10571006.37580000,0
1676739600000,0.99970000,0.99980000,0.99970000,0.99970000,14864655.00000000,1676743199999,14861085.04740000,28187,8894439.00000000,8892660.11220000,0
1676743200000,0.99970000,0.99990000,0.99970000,0.99980000,24056427.00000000,1676746799999,24051920.99770000,30818,15878344.00000000,15875716.08000000,0
1676746800000,0.99980000,0.99990000,0.99970000,0.99980000,22514206.00000000,1676750399999,22509123.29860000,30090,7392715.00000000,7391384.88330000,0
1676750400000,0.99980000,0.99990000,0.99970000,0.99980000,18907009.00000000,1676753999999,18903585.79630000,32232,8512881.00000000,8511801.17100000,0
1676754000000,0.99980000,0.99990000,0.99980000,0.99990000,16120646.00000000,1676757599999,16118445.35560000,19842,10234848.00000000,10233824.51520000,0
1676757600000,0.99990000,0.99990000,0.99980000,0.99980000,20981061.00000000,1676761199999,20978154.52700000,21822,12897392.00000000,12896102.26080000,0
1676761200000,0.99990000,0.99990000,0.99980000,0.99980000,19891481.00000000,1676764799999,19888824.50420000,18439,13218004.00000000,13216682.19960000,0
1676764800000,0.99990000,0.99990000,0.99980000,0.99980000,18410922.00000000,1676768399999,18408224.23950000,26193,9844239.00000000,9843254.57610000,0
1676768400000,0.99990000,0.99990000,0.99980000,0.99990000,12977272.00000000,1676771999999,12975387.03740000,17385,7104918.00000000,7104207.50820000,0
1676772000000,0.99990000,0.99990000,0.99980000,0.99980000,10011663.00000000,1676775599999,10010162.97370000,12293,5023063.00000000,5022560.69370000,0
1676775600000,0.99990000,0.99990000,0.99980000,0.99990000,12278375.00000000,1676779199999,12276398.76230000,14318,4794373.00000000,4793893.56270000,0
1676779200000,0.99990000,0.99990000,0.99980000,0.99980000,9985432.00000000,1676782799999,9983879.16110000,13635,4442475.00000000,4442030.75250000,0
1676782800000,0.99980000,0.99990000,0.99980000,0.99990000,13070261.00000000,1676786399999,13068208.09320000,18953,5611454.00000000,5610892.85460000,0
1676786400000,0.99980000,0.99990000,0.99980000,0.99990000,15476368.00000000,1676789999999,15474087.98560000,21381,8152592.00000000,8151776.74080000,0
1676790000000,0.99980000,0.99990000,0.99980000,0.99980000,17780629.00000000,1676793599999,17777938.35340000,23026,8654792.00000000,8653926.52080000,0
1676793600000,0.99990000,0.99990000,0.99980000,0.99980000,17693127.00000000,1676797199999,17690400.91240000,27260,8125378.00000000,8124565.46220000,0
1676797200000,0.99990000,0.99990000,0.99980000,0.99990000,24180376.00000000,1676800799999,24176700.60410000,30433,11606793.00000000,11605632.32070000,0
1676800800000,0.99980000,0.99990000,0.99980000,0.99980000,19414954.00000000,1676804399999,19412001.78370000,33044,9307745.00000000,9306814.22550000,0
1676804400000,0.99980000,0.99990000,0.99980000,0.99990000,17751262.00000000,1676807999999,17748612.70570000,27966,9009581.00000000,9008680.04190000,0
1676808000000,0.99990000,0.99990000,0.99980000,0.99990000,17772677.00000000,1676811599999,17769923.90150000,29831,8014369.00000000,8013567.56310000,0
1676811600000,0.99990000,0.99990000,0.99980000,0.99990000,24456070.00000000,1676815199999,24452066.40620000,30767,8876202.00000000,8875314.37980000,0
1676815200000,0.99980000,0.99990000,0.99980000,0.99990000,24439366.00000000,1676818799999,24435636.64650000,33855,11585197.00000000,11584038.48030000,0
1676818800000,0.99990000,0.99990000,0.99980000,0.99980000,30065848.00000000,1676822399999,30060933.10400000,34113,10982736.00000000,10981637.72640000,0
1676822400000,0.99990000,0.99990000,0.99970000,0.99980000,72706461.00000000,1676825999999,72693457.91900000,61069,23639536.00000000,23636422.19940000,0
1676826000000,0.99980000,0.99990000,0.99970000,0.99980000,58440688.00000000,1676829599999,58428585.85470000,50271,16785953.00000000,16783065.90900000,0
1676829600000,0.99970000,0.99980000,0.99970000,0.99970000,25050512.00000000,1676833199999,25044159.23240000,33310,11623860.00000000,11621535.22800000,0
1676833200000,0.99970000,0.99990000,0.99970000,0.99970000,33109684.00000000,1676836799999,33102422.09720000,28952,16119777.00000000,16116608.67970000,0
1676836800000,0.99970000,0.99980000,0.99960000,0.99970000,47589189.00000000,1676840399999,47576237.94070000,43664,15643104.00000000,15639773.17730000,0
1676840400000,0.99970000,0.99980000,0.99970000,0.99980000,21172446.00000000,1676843999999,21167284.90830000,36562,11906421.00000000,11904039.71580000,0
1676844000000,0.99970000,0.99980000,0.99970000,0.99970000,17815646.00000000,1676847599999,17811305.85750000,27015,10045513.00000000,10043503.89740000,0
1676847600000,0.99970000,0.99980000,0.99970000,0.99980000,23970114.00000000,1676851199999,23964500.49600000,34449,15775302.00000000,15772146.93960000,0
1676851200000,0.99980000,0.99980000,0.99970000,0.99980000,25894477.00000000,1676854799999,25888265.23810000,35385,15565812.00000000,15562698.83760000,0
1676854800000,0.99970000,0.99990000,0.99970000,0.99980000,43597170.00000000,1676858399999,43586212.19280000,42065,19647954.00000000,19644028.68130000,0
1676858400000,0.99970000,0.99980000,0.99970000,0.99980000,31098607.00000000,1676861999999,31091033.20440000,27855,17557865.00000000,17554353.42700000,0
1676862000000,0.99970000,0.99980000,0.99970000,0.99980000,28314990.00000000,1676865599999,28308165.38030000,25869,16698773.00000000,16695433.24540000,0
1676865600000,0.99980000,0.99980000,0.99970000,0.99980000,35310214.00000000,1676869199999,35302070.65510000,27934,24497193.00000000,24492293.56140000,0
1676869200000,0.99980000,0.99990000,0.99970000,0.99990000,35441489.00000000,1676872799999,35434766.77380000,28713,24122215.00000000,24118119.59610000,0
1676872800000,0.99990000,0.99990000,0.99980000,0.99990000,45087862.00000000,1676876399999,45080272.48550000,28900,14280579.00000000,14279150.94210000,0
1676876400000,0.99990000,0.99990000,0.99980000,0.99990000,29595808.00000000,1676879999999,29591300.25930000,30410,14114209.00000000,14112797.57910000,0
1676880000000,0.99990000,0.99990000,0.99980000,0.99990000,41552141.00000000,1676883599999,41545708.81240000,38649,18782406.00000000,18780527.75940000,0
1676883600000,0.99990000,0.99990000,0.99980000,0.99980000,47936552.00000000,1676887199999,47929875.92660000,46286,29112370.00000000,29109458.76300000,0
1676887200000,0.99990000,0.99990000,0.99980000,0.99980000,52812202.00000000,1676890799999,52804041.13400000,46037,24015744.00000000,24013342.42560000,0
1676890800000,0.99990000,0.99990000,0.99980000,0.99980000,39744906.00000000,1676894399999,39738748.07180000,36344,17910530.00000000,17908738.94700000,0
1676894400000,0.99990000,0.99990000,0.99980000,0.99980000,40509039.00000000,1676897999999,40503325.33950000,39148,23881473.00000000,23879084.85270000,0
1676898000000,0.99980000,0.99990000,0.99980000,0.99990000,38023227.00000000,1676901599999,38017820.09270000,45767,21977381.00000000,21975183.26190000,0
1676901600000,0.99990000,0.99990000,0.99980000,0.99990000,54498535.00000000,1676905199999,54490958.36840000,50982,33230754.00000000,33227430.92460000,0
1676905200000,0.99980000,0.99990000,0.99980000,0.99980000,28677251.00000000,1676908799999,28672882.12360000,33592,13665738.00000000,13664371.42620000,0
1676908800000,0.99990000,0.99990000,0.99980000,0.99980000,46987041.00000000,1676912399999,46979591.70290000,56181,19481111.00000000,19479162.88890000,0
1676912400000,0.99990000,0.99990000,0.99980000,0.99990000,26816761.00000000,1676915999999,26812626.78570000,40194,12291379.00000000,12290149.86210000,0
1676916000000,0.99990000,0.99990000,0.99980000,0.99990000,26834333.00000000,1676919599999,26830404.98130000,39213,14388479.00000000,14387040.15210000,0
1676919600000,0.99980000,0.99990000,0.99980000,0.99980000,33797925.00000000,1676923199999,33792873.80790000,47413,17083929.00000000,17082220.60710000,0
1676923200000,0.99990000,0.99990000,0.99980000,0.99990000,19739931.00000000,1676926799999,19737150.64760000,31204,11676338.00000000,11675170.36620000,0
1676926800000,0.99980000,0.99990000,0.99980000,0.99980000,22642824.00000000,1676930399999,22639828.22560000,27414,15327904.00000000,15326371.20960000,0
1676930400000,0.99990000,0.99990000,0.99980000,0.99990000,34013979.00000000,1676933999999,34009249.95770000,24593,20737535.00000000,20735461.24650000,0
1676934000000,0.99980000,0.99990000,0.99980000,0.99990000,17529440.00000000,1676937599999,17527049.23950000,25596,11151275.00000000,11150159.87250000,0
1676937600000,0.99990000,0.99990000,0.99980000,0.99990000,27513342.00000000,1676941199999,27509454.37360000,33067,16150420.00000000,16148804.95800000,0
1676941200000,0.99990000,1.00000000,0.99980000,1.00000000,65748496.00000000,1676944799999,65742727.55920000,31976,35656912.00000000,35654352.87880000,0
1676944800000,1.00000000,1.00000000,0.99990000,0.99990000,31134334.00000000,1676948399999,31132453.90800000,36908,12333414.00000000,12333414.00000000,0
1676948400000,0.99990000,1.00000000,0.99990000,1.00000000,35681129.00000000,1676951999999,35678592.82820000,32383,10319411.00000000,10319411.00000000,0
1676952000000,0.99990000,1.00000000,0.99990000,0.99990000,27242868.00000000,1676955599999,27240868.11380000,27163,7244006.00000000,7244006.00000000,0
1676955600000,0.99990000,1.00000000,0.99980000,0.99990000,27670309.00000000,1676959199999,27668362.61670000,27096,9199315.00000000,9199266.91310000,0
1676959200000,0.99990000,0.99990000,0.99980000,0.99990000,32986544.00000000,1676962799999,32982063.70980000,33196,21170186.00000000,21168068.98140000,0
1676962800000,0.99990000,0.99990000,0.99980000,0.99990000,28634862.00000000,1676966399999,28630476.02990000,31437,13410023.00000000,13408681.99770000,0
1676966400000,0.99990000,0.99990000,0.99980000,0.99990000,61257464.00000000,1676969999999,61247646.89320000,62716,24343860.00000000,24341425.61400000,0
1676970000000,0.99980000,0.99990000,0.99980000,0.99980000,41985323.00000000,1676973599999,41978593.85760000,51541,16679222.00000000,16677554.07780000,0
1676973600000,0.99980000,0.99990000,0.99980000,0.99980000,25029814.00000000,1676977199999,25025887.77080000,40413,10797336.00000000,10796256.26640000,0
1676977200000,0.99990000,0.99990000,0.99980000,0.99980000,28271078.00000000,1676980799999,28266740.67320000,37931,13168888.00000000,13167571.11120000,0
1676980800000,0.99980000,0.99990000,0.99980000,0.99980000,24732605.00000000,1676984399999,24728748.68720000,34309,10902082.00000000,10900991.79180000,0
1676984400000,0.99980000,0.99990000,0.99980000,0.99980000,33081885.00000000,1676987999999,33076394.47680000,37936,11258538.00000000,11257412.14620000,0
1676988000000,0.99980000,0.99990000,0.99980000,0.99980000,45718793.00000000,1676991599999,45712326.12910000,53687,26768877.00000000,26766200.11230000,0
1676991600000,0.99990000,0.99990000,0.99980000,0.99980000,55006961.00000000,1676995199999,54999068.29700000,45564,31086892.00000000,31083783.31080000,0
1676995200000,0.99990000,0.99990000,0.99980000,0.99990000,32548036.00000000,1676998799999,32543442.36100000,38748,19159682.00000000,19157766.03180000,0
1676998800000,0.99980000,0.99990000,0.99980000,0.99990000,24457386.00000000,1677002399999,24454122.34400000,29670,16278212.00000000,16276584.17880000,0
1677002400000,0.99990000,0.99990000,0.99980000,0.99980000,31271022.00000000,1677005999999,31267020.18830000,33954,22523927.00000000,22521674.60730000,0
1677006000000,0.99980000,0.99990000,0.99980000,0.99980000,36059513.00000000,1677009599999,36054225.60950000,37072,19245121.00000000,19243196.48790000,0
1677009600000,0.99980000,0.99990000,0.99980000,0.99980000,22691385.00000000,1677013199999,22688408.03460000,27951,15613116.00000000,15611554.68840000,0
1677013200000,0.99980000,0.99990000,0.99980000,0.99980000,21807194.00000000,1677016799999,21803985.27740000,35468,11527162.00000000,11526009.28380000,0
1677016800000,0.99980000,0.99990000,0.99980000,0.99980000,19706340.00000000,1677020399999,19703561.94300000,26185,11632110.00000000,11630946.78900000,0
1677020400000,0.99980000,0.99990000,0.99980000,0.99980000,13514260.00000000,1677023999999,13512229.55880000,19919,6724108.00000000,6723435.58920000,0
1677024000000,0.99990000,0.99990000,0.99980000,0.99990000,25918890.00000000,1677027599999,25915318.14670000,32544,16119247.00000000,16117635.07530000,0
1677027600000,0.99980000,0.99990000,0.99980000,0.99990000,25296784.00000000,1677031199999,25293375.12100000,29958,16504778.00000000,16503127.52220000,0
1677031200000,0.99980000,0.99990000,0.99980000,0.99980000,27514601.00000000,1677034799999,27510433.10220000,35576,13350224.00000000,13348888.97760000,0
1677034800000,0.99990000,0.99990000,0.99980000,0.99990000,22885052.00000000,1677038399999,22881548.57360000,24143,10735840.00000000,10734766.41600000,0
1677038400000,0.99980000,0.99990000,0.99980000,0.99980000,22257406.00000000,1677041999999,22253993.56090000,26067,10390421.00000000,10389381.95790000,0
1677042000000,0.99980000,0.99990000,0.99980000,0.99990000,17022201.00000000,1677045599999,17019672.17260000,22498,8756128.00000000,8755252.38720000,0
1677045600000,0.99990000,0.99990000,0.99980000,0.99990000,24061935.00000000,1677049199999,24058385.74560000,27482,12631326.00000000,12630062.86740000,0
1677049200000,0.99980000,0.99990000,0.99980000,0.99980000,29997119.00000000,1677052799999,29993233.84220000,24291,21142660.00000000,21140545.73400000,0
1677052800000,0.99980000,0.99990000,0.99980000,0.99980000,43868242.00000000,1677056399999,43861147.68290000,39508,16793313.00000000,16791633.66870000,0
1677056400000,0.99980000,0.99990000,0.99980000,0.99990000,24753285.00000000,1677059999999,24749441.72140000,31458,11073784.00000000,11072676.62160000,0
1677060000000,0.99990000,0.99990000,0.99980000,0.99980000,30443919.00000000,1677063599999,30439392.37450000,31383,15621583.00000000,15620020.84170000,0
1677063600000,0.99980000,0.99990000,0.99980000,0.99990000,38712211.00000000,1677067199999,38706952.59780000,27776,24840400.00000000,24837915.96000000,0
1677067200000,0.99990000,0.99990000,0.99980000,0.99980000,70043597.00000000,1677070799999,70034573.96010000,31049,49856795.00000000,49851809.32050000,0
1677070800000,0.99990000,0.99990000,0.99980000,0.99980000,73999783.00000000,1677074399999,73989696.46860000,30841,47134252.00000000,47129538.57480000,0
1677074400000,0.99990000,1.00000000,0.99980000,0.99990000,87038344.00000000,1677077999999,87029064.36660000,41291,57356698.00000000,57351510.37730000,0
1677078000000,0.99990000,1.00000000,0.99990000,0.99990000,66951752.00000000,1677081599999,66946237.14910000,53532,11803243.00000000,11803243.00000000,0
1677081600000,0.99990000,1.00000000,0.99980000,0.99980000,57340671.00000000,1677085199999,57335069.43400000,39907,16226873.00000000,16225887.90880000,0
1677085200000,0.99980000,0.99990000,0.99980000,0.99990000,44897930.00000000,1677088799999,44892136.41050000,26500,31859965.00000000,31856779.00350000,0
1677088800000,0.99990000,0.99990000,0.99980000,0.99990000,26855259.00000000,1677092399999,26850900.95320000,27913,10130050.00000000,10129036.99500000,0
1677092400000,0.99990000,0.99990000,0.99980000,0.99980000,36424781.00000000,1677095999999,36420082.04380000,34266,25860000.00000000,25857414.00000000,0
1677096000000,0.99990000,1.00000000,0.99980000,1.00000000,24377460.00000000,1677099599999,24374302.70100000,19773,14903214.00000000,14901764.76230000,0
1677099600000,0.99990000,1.00000000,0.99990000,0.99990000,21238668.00000000,1677103199999,21237359.51970000,18987,8153865.00000000,8153865.00000000,0
1677103200000,0.99990000,1.00000000,0.99990000,0.99990000,23323945.00000000,1677106799999,23322335.20720000,21263,7226017.00000000,7226017.00000000,0
1677106800000,0.99990000,1.00000000,0.99990000,1.00000000,20274844.00000000,1677110399999,20274038.00370000,21101,12214881.00000000,12214881.00000000,0
1677110400000,1.00000000,1.00000000,0.99990000,1.00000000,25345406.00000000,1677113999999,25344009.29420000,22627,11378348.00000000,11378348.00000000,0
1677114000000,1.00000000,1.00000000,0.99990000,0.99990000,17759459.00000000,1677117599999,17758540.86140000,17216,8578073.00000000,8578073.00000000,0
1677117600000,0.99990000,1.00000000,0.99990000,1.00000000,31947118.00000000,1677121199999,31944949.72400000,32935,10264358.00000000,10264358.00000000,0
1677121200000,0.99990000,1.00000000,0.99990000,0.99990000,36693593.00000000,1677124799999,36691787.70740000,27253,18640667.00000000,18640667.00000000,0
1677124800000,0.99990000,1.00000000,0.99990000,1.00000000,18325654.00000000,1677128399999,18324375.09250000,19246,5536579.00000000,5536579.00000000,0
1677128400000,0.99990000,1.00000000,0.99990000,1.00000000,26591609.00000000,1677131999999,26590465.80450000,23045,15159654.00000000,15159654.00000000,0
1677132000000,0.99990000,1.00000000,0.99990000,1.00000000,44755486.00000000,1677135599999,44752244.66650000,26245,12342151.00000000,12342151.00000000,0
1677135600000,0.99990000,1.00000000,0.99980000,0.99980000,34854254.00000000,1677139199999,34851570.72590000,27015,12199140.00000000,12198872.94120000,0
1677139200000,0.99990000,0.99990000,0.99980000,0.99990000,28347506.00000000,1677142799999,28343733.03340000,24196,18965346.00000000,18963449.46540000,0
1677142800000,0.99990000,0.99990000,0.99980000,0.99980000,27044451.00000000,1677146399999,27040599.59460000,27264,15574848.00000000,15573290.51520000,0
1677146400000,0.99980000,0.99990000,0.99980000,0.99980000,25512769.00000000,1677149999999,25509144.96750000,24653,14785213.00000000,14783734.47870000,0
1677150000000,0.99980000,0.99990000,0.99980000,0.99980000,67630841.00000000,1677153599999,67619497.09920000,45548,21822674.00000000,21820491.73260000,0
1677153600000,0.99990000,0.99990000,0.99980000,0.99980000,40519973.00000000,1677157199999,40513554.87640000,37979,16858710.00000000,16857024.12900000,0
1677157200000,0.99980000,0.99990000,0.99980000,0.99990000,53240482.00000000,1677160799999,53232868.43880000,40644,30345352.00000000,30342317.46480000,0
1677160800000,0.99990000,0.99990000,0.99980000,0.99980000,37395537.00000000,1677164399999,37390143.81120000,35671,20859186.00000000,20857100.08140000,0
1677164400000,0.99980000,0.99990000,0.99980000,0.99980000,50761655.00000000,1677167999999,50754876.67570000,36396,33740067.00000000,33736692.99330000,0
1677168000000,0.99980000,0.99990000,0.99980000,0.99980000,24517754.00000000,1677171599999,24513971.92460000,24594,11214754.00000000,11213632.52460000,0
1677171600000,0.99990000,0.99990000,0.99980000,0.99990000,42849363.00000000,1677175199999,42843809.59180000,23989,30164644.00000000,30161627.53560000,0
1677175200000,0.99980000,0.99990000,0.99980000,0.99980000,14788797.00000000,1677178799999,14786482.46080000,25158,6432202.00000000,6431558.77980000,0
1677178800000,0.99980000,0.99990000,0.99980000,0.99990000,16336385.00000000,1677182399999,16333760.87180000,22358,6431488.00000000,6430844.85120000,0
1677182400000,0.99990000,0.99990000,0.99980000,0.99980000,14752469.00000000,1677185999999,14750462.72670000,19991,9442205.00000000,9441260.77950000,0
1677186000000,0.99980000,0.99990000,0.99980000,0.99980000,14651689.00000000,1677189599999,14649786.97840000,16488,10283162.00000000,10282133.68380000,0
1677189600000,0.99980000,0.99990000,0.99980000,0.99980000,16534254.00000000,1677193199999,16531886.07880000,16105,9389296.00000000,9388357.07040000,0
1677193200000,0.99990000,0.99990000,0.99980000,0.99980000,14328252.00000000,1677196799999,14326192.94400000,16558,8065944.00000000,8065137.40560000,0
1677196800000,0.99990000,0.99990000,0.99980000,0.99980000,14636699.00000000,1677200399999,14634527.61120000,21583,7559510.00000000,7558754.04900000,0
1677200400000,0.99980000,0.99990000,0.99980000,0.99980000,15554892.00000000,1677203999999,15552913.80910000,18505,11327875.00000000,11326742.21250000,0
1677204000000,0.99980000,0.99990000,0.99980000,0.99990000,11348103.00000000,1677207599999,11346258.85560000,17724,4254762.00000000,4254336.52380000,0
1677207600000,0.99980000,0.99990000,0.99980000,0.99990000,18966100.00000000,1677211199999,18963307.02100000,16036,10002410.00000000,10001409.75900000,0
1677211200000,0.99990000,0.99990000,0.99980000,0.99980000,14369739.00000000,1677214799999,14367634.84880000,16011,7697966.00000000,7697196.20340000,0
1677214800000,0.99990000,0.99990000,0.99980000,0.99980000,22605807.00000000,1677218399999,22602361.51090000,22078,10756723.00000000,10755647.32770000,0
1677218400000,0.99980000,0.99990000,0.99980000,0.99990000,28871301.00000000,1677221999999,28866242.21960000,25796,7154798.00000000,7154082.52020000,0
1677222000000,0.99980000,0.99990000,0.99980000,0.99980000,32080165.00000000,1677225599999,32075105.17510000,30639,13562081.00000000,13560724.79190000,0
1677225600000,0.99990000,0.99990000,0.99980000,0.99990000,26780230.00000000,1677229199999,26775720.69860000,29335,8467446.00000000,8466599.25540000,0
1677229200000,0.99990000,0.99990000,0.99980000,0.99980000,27411527.00000000,1677232799999,27407169.94260000,37609,11252480.00000000,11251354.75200000,0
1677232800000,0.99980000,0.99990000,0.99970000,0.99970000,59637409.00000000,1677236399999,59623756.74180000,40195,13952697.00000000,13949955.46650000,0
1677236400000,0.99970000,0.99990000,0.99970000,0.99980000,81933725.00000000,1677239999999,81916624.59990000,30704,72664150.00000000,72649710.74120000,0
1677240000000,0.99980000,0.99990000,0.99980000,0.99980000,52669282.00000000,1677243599999,52662680.00160000,37328,39318580.00000000,39314648.14200000,0
1677243600000,0.99980000,0.99990000,0.99980000,0.99980000,62132271.00000000,1677247199999,62123860.75870000,36206,40162129.00000000,40158112.78710000,0
1677247200000,0.99980000,0.99990000,0.99980000,0.99990000,34800949.00000000,1677250799999,34796106.62630000,36647,21178161.00000000,21176043.18390000,0
1677250800000,0.99990000,1.00000000,0.99980000,0.99990000,49047683.00000000,1677254399999,49042665.94320000,43932,33148761.00000000,33145923.03350000,0
1677254400000,0.99990000,1.00000000,0.99990000,0.99990000,64157399.00000000,1677257999999,64152879.51680000,66891,18962567.00000000,18962567.00000000,0
1677258000000,1.00000000,1.00000000,0.99990000,1.00000000,29950379.00000000,1677261599999,29948498.81420000,34369,11148521.00000000,11148521.00000000,0
1677261600000,1.00000000,1.00000000,0.99990000,1.00000000,28445910.00000000,1677265199999,28444411.33870000,25752,13459297.00000000,13459297.00000000,0
1677265200000,0.99990000,1.00000000,0.99990000,0.99990000,33362654.00000000,1677268799999,33361341.49950000,30254,20237649.00000000,20237649.00000000,0
1677268800000,0.99990000,1.00010000,0.99990000,1.00000000,65103793.00000000,1677272399999,65104035.16930000,30063,31114307.00000000,31114742.33710000,0
1677272400000,1.00000000,1.00010000,0.99990000,1.00000000,22624108.00000000,1677275999999,22623990.39600000,23408,4662871.00000000,4663090.75280000,0
1677276000000,1.00000000,1.00000000,0.99990000,0.99990000,22011714.00000000,1677279599999,22011064.06680000,27414,15512382.00000000,15512382.00000000,0
1677279600000,0.99990000,1.00010000,0.99990000,1.00000000,41674493.00000000,1677283199999,41674890.96670000,23025,7969459.00000000,7969953.18080000,0
1677283200000,1.00000000,1.00000000,0.99990000,1.00000000,20926035.00000000,1677286799999,20925235.10650000,24788,12927100.00000000,12927100.00000000,0
1677286800000,1.00000000,1.00000000,0.99990000,1.00000000,12112562.00000000,1677290399999,12111940.80990000,19899,5900661.00000000,5900661.00000000,0
1677290400000,1.00000000,1.00000000,0.99990000,0.99990000,16542135.00000000,1677293999999,16541008.41900000,27441,5276325.00000000,5276325.00000000,0
1677294000000,1.00000000,1.00000000,0.99990000,0.99990000,11522497.00000000,1677297599999,11521779.74820000,16686,4349979.00000000,4349979.00000000,0
1677297600000,1.00000000,1.00000000,0.99980000,0.99980000,30573539.00000000,1677301199999,30570342.22350000,18140,7317649.00000000,7317083.59870000,0
1677301200000,0.99990000,0.99990000,0.99980000,0.99990000,13773388.00000000,1677304799999,13771245.72800000,21859,6124056.00000000,6123443.59440000,0
1677304800000,0.99990000,0.99990000,0.99980000,0.99990000,19610233.00000000,1677308399999,19607619.87780000,21773,13089244.00000000,13087935.07560000,0
1677308400000,0.99990000,0.99990000,0.99980000,0.99990000,15385168.00000000,1677311999999,15383106.10100000,17214,10151346.00000000,10150330.86540000,0
1677312000000,0.99980000,0.99990000,0.99980000,0.99980000,25963600.00000000,1677315599999,25960356.66530000,19314,19493853.00000000,19491903.61470000,0
1677315600000,0.99990000,1.00000000,0.99980000,0.99990000,30534300.00000000,1677319199999,30530777.80670000,20218,22382991.00000000,22380803.24360000,0
1677319200000,0.99990000,1.00000000,0.99990000,0.99990000,16222222.00000000,1677322799999,16221241.13170000,27730,6413539.00000000,6413539.00000000,0
1677322800000,0.99990000,1.00000000,0.99990000,0.99990000,13019080.00000000,1677326399999,13018350.09120000,20743,5719992.00000000,5719992.00000000,0
1677326400000,1.00000000,1.00000000,0.99990000,0.99990000,16823012.00000000,1677329999999,16821958.29100000,27526,6285922.00000000,6285922.00000000,0
1677330000000,0.99990000,1.00000000,0.99990000,0.99990000,14044716.00000000,1677333599999,14043859.80410000,26850,5482757.00000000,5482757.00000000,0
1677333600000,1.00000000,1.00000000,0.99990000,1.00000000,12255216.00000000,1677337199999,12254435.56020000,21536,4450818.00000000,4450818.00000000,0
1677337200000,0.99990000,1.00000000,0.99990000,0.99990000,39679613.00000000,1677340799999,39676082.64730000,19861,4376086.00000000,4376086.00000000,0
1677340800000,0.99990000,1.00000000,0.99990000,0.99990000,13250137.00000000,1677344399999,13249502.10000000,21219,6901137.00000000,6901137.00000000,0
1677344400000,1.00000000,1.00000000,0.99990000,0.99990000,8596136.00000000,1677347999999,8595667.93690000,16180,3915505.00000000,3915505.00000000,0
1677348000000,0.99990000,1.00000000,0.99990000,0.99990000,25824262.00000000,1677351599999,25822113.11280000,23616,4335390.00000000,4335390.00000000,0
1677351600000,0.99990000,1.00000000,0.99990000,0.99990000,15359729.00000000,1677355199999,15358652.11970000,24131,4590926.00000000,4590926.00000000,0
1677355200000,0.99990000,1.00000000,0.99990000,0.99990000,17925565.00000000,1677358799999,17924234.17150000,31896,4617280.00000000,4617280.00000000,0
1677358800000,1.00000000,1.00000000,0.99990000,0.99990000,15589581.00000000,1677362399999,15588811.85760000,21435,7898157.00000000,7898157.00000000,0
1677362400000,1.00000000,1.00000000,0.99990000,0.99990000,11766442.00000000,1677365999999,11765795.85970000,20861,5305039.00000000,5305039.00000000,0
1677366000000,1.00000000,1.00000000,0.99980000,0.99980000,27943888.00000000,1677369599999,27940027.13010000,18903,15905073.00000000,15903498.94520000,0
1677369600000,0.99980000,1.00000000,0.99980000,0.99990000,31400252.00000000,1677373199999,31397744.53050000,16020,27904830.00000000,27902744.60840000,0
1677373200000,0.99990000,1.00000000,0.99990000,0.99990000,11737465.00000000,1677376799999,11736667.43560000,12268,3761821.00000000,3761821.00000000,0
1677376800000,0.99990000,1.00000000,0.99990000,0.99990000,8241955.00000000,1677380399999,8241539.14240000,16343,4083379.00000000,4083379.00000000,0
1677380400000,1.00000000,1.00000000,0.99980000,0.99990000,30349063.00000000,1677383999999,30345603.03690000,17777,5825662.00000000,5825114.92390000,0
1677384000000,0.99980000,0.99990000,0.99980000,0.99980000,7371179.00000000,1677387599999,7370135.35730000,15263,4305931.00000000,4305500.40690000,0
1677387600000,0.99990000,0.99990000,0.99980000,0.99990000,4922096.00000000,1677391199999,4921367.63660000,10149,2560558.00000000,2560301.94420000,0
1677391200000,0.99990000,0.99990000,0.99980000,0.99980000,6792741.00000000,1677394799999,6791666.11290000,13632,2836611.00000000,2836327.33890000,0
1677394800000,0.99990000,0.99990000,0.99980000,0.99990000,7079549.00000000,1677398399999,7078443.46310000,16387,3103729.00000000,3103418.62710000,0
1677398400000,0.99980000,0.99990000,0.99980000,0.99980000,11807971.00000000,1677401999999,11806322.99580000,17827,7135900.00000000,7135186.41000000,0
1677402000000,0.99980000,0.99990000,0.99980000,0.99980000,10712244.00000000,1677405599999,10710673.18400000,16224,5716328.00000000,5715756.36720000,0
1677405600000,0.99990000,0.99990000,0.99980000,0.99980000,12093528.00000000,1677409199999,12091870.19050000,18821,7608961.00000000,7608200.10390000,0
1677409200000,0.99980000,0.99990000,0.99980000,0.99980000,9649051.00000000,1677412799999,9647574.95450000,14797,4537647.00000000,4537193.23530000,0
1677412800000,0.99990000,0.99990000,0.99980000,0.99980000,16453552.00000000,1677416399999,16451273.51890000,17064,10122293.00000000,10121280.77070000,0
1677416400000,0.99980000,0.99990000,0.99980000,0.99990000,8331488.00000000,1677419999999,8330227.86270000,14661,4061603.00000000,4061196.83970000,0
1677420000000,0.99990000,0.99990000,0.99980000,0.99990000,21856394.00000000,1677423599999,21853745.43850000,15913,17227173.00000000,17225450.28270000,0
1677423600000,0.99980000,0.99990000,0.99980000,0.99990000,30957388.00000000,1677427199999,30953955.61300000,11961,27590906.00000000,27588146.90940000,0
1677427200000,0.99980000,1.00000000,0.99980000,0.99990000,26568721.00000000,1677430799999,26565796.76300000,16637,22714516.00000000,22712280.39090000,0
1677430800000,0.99990000,1.00000000,0.99990000,1.00000000,9649842.00000000,1677434399999,9649319.16070000,16026,4421449.00000000,4421449.00000000,0
1677434400000,0.99990000,1.00000000,0.99990000,1.00000000,14982617.00000000,1677437999999,14981778.38030000,22598,6596420.00000000,6596420.00000000,0
1677438000000,0.99990000,1.00000000,0.99990000,1.00000000,11484781.00000000,1677441599999,11484128.81210000,21653,4962902.00000000,4962902.00000000,0
1677441600000,0.99990000,1.00000000,0.99990000,0.99990000,12671117.00000000,1677445199999,12670518.83550000,21663,6689472.00000000,6689472.00000000,0
1677445200000,1.00000000,1.00000000,0.99990000,0.99990000,10394842.00000000,1677448799999,10394248.98340000,16977,4464676.00000000,4464676.00000000,0
1677448800000,1.00000000,1.00000000,0.99990000,1.00000000,9856490.00000000,1677452399999,9855814.24500000,16674,3098940.00000000,3098940.00000000,0
1677452400000,0.99990000,1.00000000,0.99990000,0.99990000,21593541.00000000,1677455999999,21592496.72090000,11972,11150750.00000000,11150750.00000000,0
1677456000000,0.99990000,1.00000000,0.99990000,0.99990000,14804503.00000000,1677459599999,14803870.32530000,12808,8477756.00000000,8477756.00000000,0
1677459600000,0.99990000,1.00000000,0.99990000,0.99990000,15695110.00000000,1677463199999,15694377.74950000,9301,8372605.00000000,8372605.00000000,0
1677463200000,1.00000000,1.00000000,0.99990000,0.99990000,29240832.00000000,1677466799999,29238283.77750000,10301,3758607.00000000,3758607.00000000,0
1677466800000,1.00000000,1.00000000,0.99990000,0.99990000,12529358.00000000,1677470399999,12528451.06450000,17781,3460003.00000000,3460003.00000000,0
1677470400000,0.99990000,1.00000000,0.99990000,0.99990000,12568191.00000000,1677473999999,12567421.99810000,15690,4878172.00000000,4878172.00000000,0
1677474000000,1.00000000,1.00000000,0.99990000,0.99990000,12808059.00000000,1677477599999,12807201.00950000,14157,4228154.00000000,4228154.00000000,0
1677477600000,0.99990000,1.00000000,0.99990000,0.99990000,17161197.00000000,1677481199999,17160068.03190000,16354,5871516.00000000,5871516.00000000,0
1677481200000,0.99990000,1.00000000,0.99990000,0.99990000,17708606.00000000,1677484799999,17707606.16930000,20087,7710299.00000000,7710299.00000000,0
1677484800000,1.00000000,1.00000000,0.99990000,0.99990000,19002994.00000000,1677488399999,19001834.51750000,23210,7408169.00000000,7408169.00000000,0
1677488400000,0.99990000,1.00000000,0.99990000,0.99990000,18462577.00000000,1677491999999,18461420.70360000,15602,6899613.00000000,6899613.00000000,0
1677492000000,1.00000000,1.00000000,0.99990000,0.99990000,12771027.00000000,1677495599999,12770139.63380000,14422,3897365.00000000,3897365.00000000,0
1677495600000,1.00000000,1.00000000,0.99990000,0.99990000,20563139.00000000,1677499199999,20561868.59330000,16802,7859072.00000000,7859072.00000000,0
1677499200000,1.00000000,1.00000000,0.99990000,0.99990000,20253178.00000000,1677502799999,20252095.15690000,19402,9424747.00000000,9424747.00000000,0
1677502800000,0.99990000,1.00000000,0.99990000,0.99990000,29809577.00000000,1677506399999,29808387.93440000,33272,17918921.00000000,17918921.00000000,0
1677506400000,1.00000000,1.00000000,0.99990000,1.00000000,21779743.00000000,1677509999999,21778555.73670000,30848,9907110.00000000,9907110.00000000,0
1677510000000,0.99990000,1.00000000,0.99990000,0.99990000,32619885.00000000,1677513599999,32618326.48140000,32432,17034699.00000000,17034699.00000000,0
1677513600000,0.99990000,1.00000000,0.99980000,0.99980000,72386724.00000000,1677517199999,72380796.04110000,35592,14250423.00000000,14250330.52910000,0
1677517200000,0.99980000,1.00000000,0.99980000,0.99990000,88045011.00000000,1677520799999,88034346.30560000,23473,65670480.00000000,65664118.06300000,0
1677520800000,1.00000000,1.00000000,0.99990000,0.99990000,22444013.00000000,1677524399999,22442418.77100000,30913,6501723.00000000,6501723.00000000,0
1677524400000,1.00000000,1.00000000,0.99990000,0.99990000,15374301.00000000,1677527999999,15373234.55620000,17917,4709863.00000000,4709863.00000000,0
1677528000000,1.00000000,1.00000000,0.99990000,0.99990000,19815336.00000000,1677531599999,19814281.03230000,18293,9265659.00000000,9265659.00000000,0
1677531600000,0.99990000,1.00000000,0.99990000,0.99990000,8948030.00000000,1677535199999,8947459.63140000,12478,3244344.00000000,3244344.00000000,0
1677535200000,1.00000000,1.00000000,0.99990000,0.99990000,13190018.00000000,1677538799999,13189298.99780000,12033,5999996.00000000,5999996.00000000,0
1677538800000,1.00000000,1.00000000,0.99990000,1.00000000,13631890.00000000,1677542399999,13630961.24850000,13237,4344375.00000000,4344375.00000000,0
1677542400000,0.99990000,1.00000000,0.99990000,0.99990000,20863434.00000000,1677545999999,20862621.48870000,15896,12738321.00000000,12738321.00000000,0
1677546000000,1.00000000,1.00000000,0.99990000,0.99990000,22116615.00000000,1677549599999,22115556.20220000,13108,11528637.00000000,11528637.00000000,0
1677549600000,1.00000000,1.00000000,0.99990000,1.00000000,39555481.00000000,1677553199999,39553413.66730000,24507,18882154.00000000,18882154.00000000,0
1677553200000,1.00000000,1.00000000,0.99990000,0.99990000,46980176.00000000,1677556799999,46976893.01360000,29160,14150312.00000000,14150312.00000000,0
1677556800000,1.00000000,1.00000000,0.99990000,0.99990000,22941669.00000000,1677560399999,22940491.24860000,30302,11164155.00000000,11164155.00000000,0
1677560400000,0.99990000,1.00000000,0.99990000,0.99990000,20886856.00000000,1677563999999,20886004.22880000,18387,12369144.00000000,12369144.00000000,0
1677564000000,1.00000000,1.00000000,0.99990000,0.99990000,16254305.00000000,1677567599999,16253323.86200000,15764,6442925.00000000,6442925.00000000,0
1677567600000,1.00000000,1.00000000,0.99990000,0.99990000,23528907.00000000,1677571199999,23527430.08180000,21145,8759725.00000000,8759725.00000000,0
1677571200000,1.00000000,1.00000000,0.99990000,1.00000000,30203708.00000000,1677574799999,30201566.60260000,22544,8789734.00000000,8789734.00000000,0
1677574800000,0.99990000,1.00000000,0.99990000,0.99990000,19953807.00000000,1677578399999,19952545.81970000,20317,7342004.00000000,7342004.00000000,0
1677578400000,1.00000000,1.00000000,0.99990000,0.99990000,21885298.00000000,1677581999999,21884063.28400000,19287,9538138.00000000,9538138.00000000,0
1677582000000,0.99990000,1.00000000,0.99990000,0.99990000,22375622.00000000,1677585599999,22374398.27070000,19510,10138329.00000000,10138329.00000000,0
1677585600000,0.99990000,1.00000000,0.99990000,0.99990000,22878887.00000000,1677589199999,22877483.31390000,24468,8842026.00000000,8842026.00000000,0
1677589200000,0.99990000,1.00000000,0.99990000,0.99990000,25575239.00000000,1677592799999,25573721.04930000,23417,10395732.00000000,10395732.00000000,0
1677592800000,0.99990000,1.00000000,0.99990000,1.00000000,19902498.00000000,1677596399999,19901344.14360000,25880,8363934.00000000,8363934.00000000,0
1677596400000,0.99990000,1.00000000,0.99990000,0.99990000,31239229.00000000,1677599999999,31237618.04710000,25130,15129700.00000000,15129700.00000000,0
1677600000000,0.99990000,1.00000000,0.99990000,0.99990000,21782812.00000000,1677603599999,21781534.68720000,27791,9009684.00000000,9009684.00000000,0
1677603600000,1.00000000,1.00000000,0.99990000,0.99990000,15883353.00000000,1677607199999,15882587.85150000,19537,8231868.00000000,8231868.00000000,0
1677607200000,0.99990000,1.00000000,0.99990000,0.99990000,19649183.00000000,1677610799999,19647715.90750000,19571,4978258.00000000,4978258.00000000,0
1677610800000,0.99990000,1.00000000,0.99990000,0.99990000,16164789.00000000,1677614399999,16163685.05790000,23374,5125368.00000000,5125368.00000000,0
1677614400000,1.00000000,1.00000000,0.99990000,0.99990000,16039813.00000000,1677617999999,16038673.57920000,17666,4645605.00000000,4645605.00000000,0
1677618000000,0.99990000,1.00000000,0.99980000,0.99980000,32634544.00000000,1677621599999,32631211.84760000,30209,6908812.00000000,6908531.98800000,0
1677621600000,0.99980000,0.99990000,0.99980000,0.99980000,14944727.00000000,1677625199999,14942341.56620000,17642,6035116.00000000,6034512.48840000,0
1677625200000,0.99980000,0.99990000,0.99980000,0.99980000,15197296.00000000,1677628799999,15195201.64670000,11431,9451059.00000000,9450113.89410000,0
