1669852800000,0.99990000,1.00000000,0.99990000,0.99990000,22481610.00000000,1669856399999,22480639.40390000,17191,12775649.00000000,12775649.00000000,0
1669856400000,0.99990000,1.00000000,0.99990000,0.99990000,18269287.00000000,1669859999999,18268702.46540000,15811,12423941.00000000,12423941.00000000,0
1669860000000,1.00000000,1.00000000,0.99990000,0.99990000,25213546.00000000,1669863599999,25212698.24890000,17725,16736035.00000000,16736035.00000000,0
1669863600000,1.00000000,1.00000000,0.99990000,0.99990000,23865792.00000000,1669867199999,23864828.25590000,15572,14228351.00000000,14228351.00000000,0
1669867200000,0.99990000,1.00010000,0.99990000,0.99990000,65412663.00000000,1669870799999,65411439.01240000,17191,26731017.00000000,26731477.45820000,0
1669870800000,0.99990000,1.00000000,0.99990000,0.99990000,15607758.00000000,1669874399999,15606616.66960000,13943,4194454.00000000,4194454.00000000,0
1669874400000,0.99990000,1.00000000,0.99990000,0.99990000,34627697.00000000,1669877999999,34626362.33880000,14519,21281085.00000000,21281085.00000000,0
1669878000000,0.99990000,1.00010000,0.99990000,1.00000000,55651112.00000000,1669881599999,55650503.18940000,14760,46805790.00000000,46806042.53150000,0
1669881600000,1.00000000,1.00010000,1.00000000,1.00000000,19530319.00000000,1669885199999,19531065.10500000,17517,7461050.00000000,7461796.10500000,0
1669885200000,1.00010000,1.00010000,1.00000000,1.00000000,69027656.00000000,1669888799999,69028678.09730000,15917,10220973.00000000,10221995.09730000,0
1669888800000,1.00000000,1.00010000,1.00000000,1.00000000,26948620.00000000,1669892399999,26949391.93020000,15956,7719302.00000000,7720073.93020000,0
1669892400000,1.00000000,1.00010000,0.99990000,0.99990000,65284384.00000000,1669895999999,65285145.17540000,17741,9692462.00000000,9693423.11030000,0
1669896000000,1.00000000,1.00000000,0.99990000,0.99990000,38626125.00000000,1669899599999,38624167.79280000,25601,19054053.00000000,19054053.00000000,0
1669899600000,0.99990000,1.00000000,0.99990000,0.99990000,61099960.00000000,1669903199999,61097087.79190000,26369,32377879.00000000,32377879.00000000,0
1669903200000,0.99990000,1.00000000,0.99990000,0.99990000,47059727.00000000,1669906799999,47056889.73600000,37482,18687087.00000000,18687087.00000000,0
1669906800000,1.00000000,1.00000000,0.99990000,0.99990000,54461256.00000000,1669910399999,54459575.03340000,27361,37651590.00000000,37651590.00000000,0
1669910400000,0.99990000,1.00000000,0.99990000,0.99990000,28898072.00000000,1669913999999,28896817.24300000,24659,16350502.00000000,16350502.00000000,0
1669914000000,1.00000000,1.00000000,0.99990000,0.99990000,23100838.00000000,1669917599999,23099708.36940000,19407,11804532.00000000,11804532.00000000,0
1669917600000,1.00000000,1.00000000,0.99990000,0.99990000,15138795.00000000,1669921199999,15137965.26910000,15119,6841486.00000000,6841486.00000000,0
1669921200000,0.99990000,1.00000000,0.99990000,0.99990000,10994043.00000000,1669924799999,10993426.54550000,12802,4829498.00000000,4829498.00000000,0
1669924800000,0.99990000,1.00000000,0.99990000,0.99990000,12092725.00000000,1669928399999,12091827.82790000,11650,3121004.00000000,3121004.00000000,0
1669928400000,0.99990000,1.00000000,0.99990000,0.99990000,13887419.00000000,1669931999999,13886786.45960000,19100,7562015.00000000,7562015.00000000,0
1669932000000,0.99990000,1.00000000,0.99990000,0.99990000,14813439.00000000,1669935599999,14812435.46990000,16229,4778138.00000000,4778138.00000000,0
1669935600000,0.99990000,1.00000000,0.99990000,0.99990000,16107503.00000000,1669939199999,16106633.41250000,17864,7411628.00000000,7411628.00000000,0
1669939200000,0.99990000,1.00000000,0.99990000,0.99990000,16492251.00000000,1669942799999,16491551.72490000,17257,9499500.00000000,9499500.00000000,0
1669942800000,0.99990000,1.00000000,0.99990000,0.99990000,18781155.00000000,1669946399999,18780123.07450000,18737,8461900.00000000,8461900.00000000,0
1669946400000,0.99990000,1.00000000,0.99990000,0.99990000,18761843.00000000,1669949999999,18760655.31470000,19484,6884990.00000000,6884990.00000000,0
1669950000000,0.99990000,1.00000000,0.99990000,0.99990000,22633247.00000000,1669953599999,22632193.94020000,14870,12102649.00000000,12102649.00000000,0
1669953600000,0.99990000,1.00000000,0.99990000,0.99990000,28578536.00000000,1669957199999,28576378.56890000,16503,7004225.00000000,7004225.00000000,0
1669957200000,0.99990000,1.00000000,0.99990000,0.99990000,37979172.00000000,1669960799999,37977930.48940000,14402,25564066.00000000,25564066.00000000,0
1669960800000,0.99990000,1.00000000,0.99990000,0.99990000,23311662.00000000,1669964399999,23310150.30370000,14056,8194699.00000000,8194699.00000000,0
1669964400000,0.99990000,1.00000000,0.99990000,0.99990000,103013942.00000000,1669967999999,103004973.14590000,19519,13325401.00000000,13325401.00000000,0
1669968000000,1.00000000,1.00000000,0.99990000,0.99990000,37830928.00000000,1669971599999,37828477.32980000,20407,13324226.00000000,13324226.00000000,0
1669971600000,0.99990000,1.00000000,0.99980000,0.99980000,38863703.00000000,1669975199999,38858680.52590000,17301,15538390.00000000,15536863.56120000,0
1669975200000,0.99980000,0.99990000,0.99980000,0.99980000,53843064.00000000,1669978799999,53835852.32390000,22824,35569367.00000000,35565810.06330000,0
1669978800000,0.99990000,1.00000000,0.99980000,0.99990000,43516612.00000000,1669982399999,43512176.58900000,18390,33900912.00000000,33898133.07050000,0
1669982400000,1.00000000,1.00000000,0.99990000,0.99990000,47457569.00000000,1669985999999,47454085.87200000,22536,12626289.00000000,12626289.00000000,0
1669986000000,0.99990000,1.00000000,0.99980000,0.99980000,59252481.00000000,1669989599999,59247050.95800000,28746,20630494.00000000,20629533.74890000,0
1669989600000,0.99990000,0.99990000,0.99980000,0.99980000,67559741.00000000,1669993199999,67551556.58410000,22073,53275323.00000000,53269995.46770000,0
1669993200000,0.99980000,1.00000000,0.99980000,0.99990000,44339053.00000000,1669996799999,44334887.85980000,27522,30148174.00000000,30145805.35240000,0
1669996800000,0.99990000,1.00000000,0.99990000,0.99990000,20844297.00000000,1670000399999,20843006.05530000,22996,7934850.00000000,7934850.00000000,0
1670000400000,0.99990000,1.00000000,0.99990000,0.99990000,15363470.00000000,1670003999999,15362693.18040000,19639,7595274.00000000,7595274.00000000,0
1670004000000,0.99990000,1.00000000,0.99990000,0.99990000,23107639.00000000,1670007599999,23105769.83980000,18860,4416037.00000000,4416037.00000000,0
1670007600000,0.99990000,1.00000000,0.99990000,0.99990000,12677545.00000000,1670011199999,12676711.47860000,14800,4342331.00000000,4342331.00000000,0
1670011200000,0.99990000,1.00000000,0.99990000,0.99990000,19875047.00000000,1670014799999,19873772.90800000,20408,7134127.00000000,7134127.00000000,0
1670014800000,0.99990000,1.00000000,0.99990000,0.99990000,14821390.00000000,1670018399999,14820355.23600000,16512,4473750.00000000,4473750.00000000,0
1670018400000,0.99990000,1.00000000,0.99990000,0.99990000,11346123.00000000,1670021999999,11345377.70780000,13633,3893201.00000000,3893201.00000000,0
1670022000000,0.99990000,1.00000000,0.99990000,0.99990000,25905366.00000000,1670025599999,25903730.78410000,16959,9553207.00000000,9553207.00000000,0
1670025600000,0.99990000,1.00000000,0.99990000,0.99990000,20178845.00000000,1670029199999,20177765.80810000,18518,9386926.00000000,9386926.00000000,0
1670029200000,1.00000000,1.00000000,0.99990000,0.99990000,17310025.00000000,1670032799999,17308974.10480000,14256,6801073.00000000,6801073.00000000,0
1670032800000,0.99990000,1.00000000,0.99990000,0.99990000,27150938.00000000,1670036399999,27149912.20970000,16281,16893035.00000000,16893035.00000000,0
1670036400000,0.99990000,1.00000000,0.99990000,1.00000000,12318522.00000000,1670039999999,12317830.61060000,11975,5404628.00000000,5404628.00000000,0
1670040000000,0.99990000,1.00000000,0.99990000,0.99990000,17765351.00000000,1670043599999,17764335.25400000,10506,7607891.00000000,7607891.00000000,0
1670043600000,0.99990000,1.00000000,0.99990000,1.00000000,20770832.00000000,1670047199999,20769427.54340000,14993,6726266.00000000,6726266.00000000,0
1670047200000,0.99990000,1.00000000,0.99990000,1.00000000,20057693.00000000,1670050799999,20056378.47340000,15299,6912427.00000000,6912427.00000000,0
1670050800000,0.99990000,1.00000000,0.99990000,0.99990000,19241617.00000000,1670054399999,19240338.67680000,15850,6458385.00000000,6458385.00000000,0
1670054400000,0.99990000,1.00000000,0.99990000,0.99990000,24555451.00000000,1670057999999,24553921.39890000,18493,9259440.00000000,9259440.00000000,0
1670058000000,0.99990000,1.00000000,0.99990000,0.99990000,27414519.00000000,1670061599999,27412802.57850000,22132,10250304.00000000,10250304.00000000,0
1670061600000,1.00000000,1.00000000,0.99990000,1.00000000,15167561.00000000,1670065199999,15166603.46380000,18439,5592199.00000000,5592199.00000000,0
1670065200000,1.00000000,1.00000000,0.99990000,0.99990000,23021084.00000000,1670068799999,23019321.51340000,16787,5396218.00000000,5396218.00000000,0
1670068800000,0.99990000,1.00000000,0.99990000,1.00000000,16037807.00000000,1670072399999,16036771.18740000,15734,5679681.00000000,5679681.00000000,0
1670072400000,1.00000000,1.00000000,0.99990000,0.99990000,7270860.00000000,1670075999999,7270448.22010000,11543,3153061.00000000,3153061.00000000,0
1670076000000,1.00000000,1.00000000,0.99990000,1.00000000,10155523.00000000,1670079599999,10154944.31850000,13966,4368708.00000000,4368708.00000000,0
1670079600000,1.00000000,1.00000000,0.99990000,1.00000000,7682068.00000000,1670083199999,7681604.35930000,13606,3045661.00000000,3045661.00000000,0
1670083200000,1.00000000,1.00000000,0.99990000,0.99990000,11163434.00000000,1670086799999,11162768.87620000,14386,4512196.00000000,4512196.00000000,0
1670086800000,1.00000000,1.00000000,0.99990000,0.99990000,8892875.00000000,1670090399999,8892353.59440000,13117,3678819.00000000,3678819.00000000,0
1670090400000,0.99990000,1.00000000,0.99990000,1.00000000,10060735.00000000,1670093999999,10060145.63330000,18167,4167068.00000000,4167068.00000000,0
1670094000000,1.00000000,1.00000000,0.99990000,1.00000000,7794062.00000000,1670097599999,7793649.23640000,12862,3666426.00000000,3666426.00000000,0
1670097600000,1.00000000,1.00000000,0.99990000,1.00000000,7301123.00000000,1670101199999,7300640.98290000,10946,2480952.00000000,2480952.00000000,0
1670101200000,1.00000000,1.00000000,0.99990000,0.99990000,9064720.00000000,1670104799999,9064155.82630000,10127,3422983.00000000,3422983.00000000,0
1670104800000,1.00000000,1.00000000,0.99990000,0.99990000,9845724.00000000,1670108399999,9845126.00580000,15882,3865782.00000000,3865782.00000000,0
1670108400000,0.99990000,1.00000000,0.99990000,1.00000000,8569332.00000000,1670111999999,8568856.45840000,10693,3813916.00000000,3813916.00000000,0
1670112000000,1.00000000,1.00000000,0.99990000,0.99990000,7846392.00000000,1670115599999,7845815.14700000,10632,2077862.00000000,2077862.00000000,0
1670115600000,0.99990000,1.00000000,0.99990000,1.00000000,9564856.00000000,1670119199999,9564383.04170000,12105,4835273.00000000,4835273.00000000,0
1670119200000,1.00000000,1.00000000,0.99990000,1.00000000,8026320.00000000,1670122799999,8025824.63850000,8729,3072705.00000000,3072705.00000000,0
1670122800000,1.00000000,1.00000000,0.99990000,1.00000000,9633727.00000000,1670126399999,9633224.94370000,9380,4613164.00000000,4613164.00000000,0
1670126400000,1.00000000,1.00000000,0.99990000,0.99990000,9669908.00000000,1670129999999,9669255.48080000,11339,3144716.00000000,3144716.00000000,0
1670130000000,1.00000000,1.00000000,0.99990000,0.99990000,16615695.00000000,1670133599999,16614559.81300000,14789,5263825.00000000,5263825.00000000,0
1670133600000,0.99990000,1.00000000,0.99990000,1.00000000,23791887.00000000,1670137199999,23789885.45530000,11689,3776440.00000000,3776440.00000000,0
1670137200000,0.99990000,1.00000000,0.99990000,1.00000000,19431223.00000000,1670140799999,19430150.12090000,16619,8702432.00000000,8702432.00000000,0
1670140800000,1.00000000,1.00000000,0.99980000,0.99980000,35753448.00000000,1670144399999,35749592.53960000,16625,11955646.00000000,11954604.81460000,0
1670144400000,0.99980000,0.99990000,0.99980000,0.99980000,15589178.00000000,1670147999999,15586851.91450000,19960,7917501.00000000,7916709.24990000,0
1670148000000,0.99980000,0.99990000,0.99980000,0.99990000,22821235.00000000,1670151599999,22818188.97480000,15457,15182218.00000000,15180699.77820000,0
1670151600000,0.99990000,0.99990000,0.99980000,0.99980000,16113965.00000000,1670155199999,16111456.50840000,14048,7143014.00000000,7142299.69860000,0
1670155200000,0.99980000,0.99990000,0.99980000,0.99980000,26203240.00000000,1670158799999,26199317.85380000,16975,13185018.00000000,13183699.49820000,0
1670158800000,0.99990000,0.99990000,0.99980000,0.99990000,12606605.00000000,1670162399999,12604717.16890000,14798,6334899.00000000,6334265.51010000,0
1670162400000,0.99980000,0.99990000,0.99980000,0.99980000,12945557.00000000,1670165999999,12943581.92750000,12336,6140389.00000000,6139774.96110000,0
1670166000000,0.99980000,0.99990000,0.99980000,0.99980000,18763515.00000000,1670169599999,18760860.68180000,12489,10983848.00000000,10982749.61520000,0
1670169600000,0.99980000,0.99990000,0.99980000,0.99980000,9383449.00000000,1670173199999,9382048.66330000,11637,4763531.00000000,4763054.64690000,0
1670173200000,0.99980000,0.99990000,0.99980000,0.99990000,8149630.00000000,1670176799999,8148494.05800000,12955,4939840.00000000,4939346.01600000,0
1670176800000,0.99990000,0.99990000,0.99980000,0.99980000,15294142.00000000,1670180399999,15292122.08880000,15288,10389172.00000000,10388133.08280000,0
1670180400000,0.99980000,0.99990000,0.99980000,0.99990000,13038318.00000000,1670183999999,13036611.22980000,14266,9008934.00000000,9008033.10660000,0
1670184000000,0.99990000,0.99990000,0.99980000,0.99990000,7065992.00000000,1670187599999,7064878.97030000,11713,3001687.00000000,3001386.83130000,0
1670187600000,0.99990000,0.99990000,0.99980000,0.99980000,5935526.00000000,1670191199999,5934518.75840000,7929,1798636.00000000,1798456.13640000,0
1670191200000,0.99990000,0.99990000,0.99980000,0.99980000,5127632.00000000,1670194799999,5126891.02500000,7018,2845514.00000000,2845229.44860000,0
1670194800000,0.99990000,0.99990000,0.99980000,0.99980000,10615369.00000000,1670198399999,10613904.16530000,8219,6582391.00000000,6581732.76090000,0
1670198400000,0.99980000,0.99990000,0.99980000,0.99980000,15667012.00000000,1670201999999,15664586.64980000,12597,7080522.00000000,7079813.94780000,0
1670202000000,0.99990000,0.99990000,0.99980000,0.99990000,20611239.00000000,1670205599999,20607860.95760000,17583,7442054.00000000,7441309.79460000,0
1670205600000,0.99980000,0.99990000,0.99980000,0.99980000,27288818.00000000,1670209199999,27284521.62900000,18662,11613926.00000000,11612764.60740000,0
1670209200000,0.99980000,0.99990000,0.99980000,0.99980000,21753781.00000000,1670212799999,21750583.22980000,14151,11529860.00000000,11528707.01400000,0
1670212800000,0.99980000,0.99990000,0.99980000,0.99980000,22325529.00000000,1670216399999,22322328.09990000,11155,12642057.00000000,12640792.79430000,0
1670216400000,0.99980000,0.99990000,0.99980000,0.99990000,26334420.00000000,1670219999999,26330541.68650000,14974,13885705.00000000,13884316.42950000,0
1670220000000,0.99980000,0.99990000,0.99980000,0.99980000,20188325.00000000,1670223599999,20185326.00470000,11581,10386697.00000000,10385658.33030000,0
1670223600000,0.99980000,0.99990000,0.99980000,0.99990000,19888249.00000000,1670227199999,19884896.94300000,12217,6255928.00000000,6255302.40720000,0
1670227200000,0.99980000,0.99990000,0.99980000,0.99980000,25142191.00000000,1670230799999,25138242.35050000,21044,10797887.00000000,10796807.21130000,0
1670230800000,0.99990000,0.99990000,0.99980000,0.99980000,21265769.00000000,1670234399999,21262444.27340000,15962,9284272.00000000,9283343.57280000,0
1670234400000,0.99980000,0.99990000,0.99980000,0.99980000,22380316.00000000,1670237999999,22377201.29980000,14337,13613630.00000000,13612268.63700000,0
1670238000000,0.99980000,0.99990000,0.99980000,0.99980000,20612241.00000000,1670241599999,20609116.09660000,12140,9975448.00000000,9974450.45520000,0
1670241600000,0.99980000,0.99990000,0.99980000,0.99980000,46100460.00000000,1670245199999,46094635.19550000,14147,33952875.00000000,33949479.71250000,0
1670245200000,0.99980000,0.99990000,0.99980000,0.99980000,25676005.00000000,1670248799999,25672282.88390000,16870,14130849.00000000,14129435.91510000,0
1670248800000,0.99980000,1.00000000,0.99980000,0.99990000,90108467.00000000,1670252399999,90098360.98100000,23276,61940567.00000000,61934834.09260000,0
1670252400000,0.99990000,1.00000000,0.99990000,0.99990000,55567896.00000000,1670255999999,55565485.19990000,25797,31459895.00000000,31459895.00000000,0
1670256000000,1.00000000,1.00000000,0.99990000,0.99990000,28177553.00000000,1670259599999,28175331.81800000,20257,5965733.00000000,5965733.00000000,0
1670259600000,0.99990000,1.00000000,0.99990000,0.99990000,35112729.00000000,1670263199999,35111180.60190000,17668,19628748.00000000,19628748.00000000,0
1670263200000,1.00000000,1.00000000,0.99990000,1.00000000,22016526.00000000,1670266799999,22014938.47350000,14889,6141261.00000000,6141261.00000000,0
1670266800000,0.99990000,1.00000000,0.99990000,0.99990000,31394492.00000000,1670270399999,31393448.72080000,21935,20961700.00000000,20961700.00000000,0
1670270400000,1.00000000,1.00000000,0.99990000,0.99990000,13798982.00000000,1670273999999,13798054.98870000,11509,4528869.00000000,4528869.00000000,0
1670274000000,1.00000000,1.00000000,0.99990000,0.99990000,9346099.00000000,1670277599999,9345461.10790000,9111,2967178.00000000,2967178.00000000,0
1670277600000,0.99990000,1.00000000,0.99990000,1.00000000,8784505.00000000,1670281199999,8784061.39840000,9025,4348489.00000000,4348489.00000000,0
1670281200000,1.00000000,1.00000000,0.99990000,1.00000000,11377465.00000000,1670284799999,11376766.89580000,9480,4396423.00000000,4396423.00000000,0
1670284800000,0.99990000,1.00000000,0.99990000,0.99990000,18117950.00000000,1670288399999,18116969.58230000,16435,8313773.00000000,8313773.00000000,0
1670288400000,0.99990000,1.00000000,0.99990000,0.99990000,10090530.00000000,1670291999999,10090069.59630000,12482,5486493.00000000,5486493.00000000,0
1670292000000,0.99990000,1.00000000,0.99990000,0.99990000,11159330.00000000,1670295599999,11158796.14330000,10509,5820763.00000000,5820763.00000000,0
1670295600000,0.99990000,1.00000000,0.99990000,0.99990000,13596176.00000000,1670299199999,13595698.46560000,10036,8820832.00000000,8820832.00000000,0
1670299200000,0.99990000,1.00000000,0.99990000,0.99990000,49902360.00000000,1670302799999,49897738.14190000,10420,3683779.00000000,3683779.00000000,0
1670302800000,0.99990000,1.00000000,0.99980000,0.99980000,73781649.00000000,1670306399999,73774111.27290000,10031,14034229.00000000,14033214.97540000,0
1670306400000,0.99980000,0.99990000,0.99980000,0.99980000,22332967.00000000,1670309999999,22330186.34800000,10988,16859414.00000000,16857728.05860000,0
1670310000000,0.99980000,0.99990000,0.99980000,0.99980000,30254398.00000000,1670313599999,30250336.90120000,10361,19897808.00000000,19895818.21920000,0
1670313600000,0.99980000,0.99990000,0.99980000,0.99980000,29064417.00000000,1670317199999,29060677.55990000,13934,20734433.00000000,20732359.55670000,0
1670317200000,0.99980000,0.99990000,0.99980000,0.99980000,36903755.00000000,1670320799999,36897918.84820000,13945,15445992.00000000,15444447.40080000,0
1670320800000,0.99980000,0.99990000,0.99980000,0.99980000,47736865.00000000,1670324399999,47729601.29030000,10589,22836633.00000000,22834349.33670000,0
1670324400000,0.99980000,0.99990000,0.99980000,0.99980000,15504285.00000000,1670327999999,15501984.36290000,11778,8002199.00000000,8001398.78010000,0
1670328000000,0.99980000,1.00000000,0.99980000,0.99990000,122276401.00000000,1670331599999,122264610.16400000,20748,102132344.00000000,102123043.99460000,0
1670331600000,0.99990000,1.00000000,0.99990000,0.99990000,26979670.00000000,1670335199999,26977769.62430000,17028,7975913.00000000,7975913.00000000,0
1670335200000,1.00000000,1.00000000,0.99990000,0.99990000,21607964.00000000,1670338799999,21606587.26470000,16871,7840611.00000000,7840611.00000000,0
1670338800000,1.00000000,1.00000000,0.99990000,0.99990000,24390854.00000000,1670342399999,24389397.12460000,14965,9822100.00000000,9822100.00000000,0
1670342400000,0.99990000,1.00000000,0.99990000,0.99990000,16157844.00000000,1670345999999,16156922.29360000,11875,6940780.00000000,6940780.00000000,0
1670346000000,0.99990000,1.00000000,0.99990000,0.99990000,18315321.00000000,1670349599999,18314543.49880000,12049,10540309.00000000,10540309.00000000,0
1670349600000,0.99990000,1.00000000,0.99990000,0.99990000,16471766.00000000,1670353199999,16470734.95660000,12840,6161332.00000000,6161332.00000000,0
1670353200000,0.99990000,1.00000000,0.99990000,1.00000000,12368922.00000000,1670356799999,12368488.95060000,10038,8038428.00000000,8038428.00000000,0
1670356800000,0.99990000,1.00000000,0.99990000,0.99990000,16943956.00000000,1670360399999,16943512.60940000,11364,12510050.00000000,12510050.00000000,0
1670360400000,0.99990000,1.00000000,0.99990000,0.99990000,6756355.00000000,1670363999999,6756063.19480000,9438,3838303.00000000,3838303.00000000,0
1670364000000,1.00000000,1.00000000,0.99990000,0.99990000,8497433.00000000,1670367599999,8497136.72850000,7037,5534718.00000000,5534718.00000000,0
1670367600000,0.99990000,1.00000000,0.99990000,0.99990000,15217964.00000000,1670371199999,15217576.97210000,9781,11347685.00000000,11347685.00000000,0
1670371200000,0.99990000,1.00000000,0.99990000,0.99990000,10636148.00000000,1670374799999,10635665.12740000,9894,5807422.00000000,5807422.00000000,0
1670374800000,0.99990000,1.00000000,0.99990000,0.99990000,10976255.00000000,1670378399999,10975607.11110000,8263,4497366.00000000,4497366.00000000,0
1670378400000,0.99990000,1.00000000,0.99990000,0.99990000,28139565.00000000,1670381999999,28139069.32630000,9052,23182828.00000000,23182828.00000000,0
1670382000000,0.99990000,1.00000000,0.99990000,0.99990000,11899264.00000000,1670385599999,11898750.75170000,8660,6766781.00000000,6766781.00000000,0
1670385600000,0.99990000,1.00000000,0.99990000,0.99990000,8193938.00000000,1670389199999,8193409.03650000,7988,2904303.00000000,2904303.00000000,0
1670389200000,0.99990000,1.00000000,0.99990000,0.99990000,15001259.00000000,1670392799999,15000429.41600000,9238,6705419.00000000,6705419.00000000,0
1670392800000,0.99990000,1.00000000,0.99990000,0.99990000,23821706.00000000,1670396399999,23820400.35940000,12446,10765300.00000000,10765300.00000000,0
1670396400000,0.99990000,1.00000000,0.99990000,0.99990000,29456944.00000000,1670399999999,29455200.08790000,24792,12017823.00000000,12017823.00000000,0
1670400000000,1.00000000,1.00000000,0.99990000,0.99990000,19089776.00000000,1670403599999,19088769.78550000,18005,9027631.00000000,9027631.00000000,0
1670403600000,0.99990000,1.00000000,0.99990000,0.99990000,17208125.00000000,1670407199999,17207000.96110000,14495,5967736.00000000,5967736.00000000,0
1670407200000,0.99990000,1.00000000,0.99990000,0.99990000,21241642.00000000,1670410799999,21240617.95670000,12466,11001209.00000000,11001209.00000000,0
1670410800000,0.99990000,1.00000000,0.99990000,0.99990000,20789491.00000000,1670414399999,20788088.53140000,15388,6764805.00000000,6764805.00000000,0
1670414400000,0.99990000,1.00000000,0.99990000,0.99990000,29395720.00000000,1670417999999,29394127.52390000,15999,13470959.00000000,13470959.00000000,0
1670418000000,0.99990000,1.00000000,0.99990000,0.99990000,29273663.00000000,1670421599999,29271910.02810000,14169,11743944.00000000,11743944.00000000,0
1670421600000,0.99990000,1.00000000,0.99990000,0.99990000,29072956.00000000,1670425199999,29071309.56150000,13790,12608571.00000000,12608571.00000000,0
1670425200000,0.99990000,1.00000000,0.99990000,0.99990000,32909148.00000000,1670428799999,32907830.54770000,13791,19734625.00000000,19734625.00000000,0
1670428800000,1.00000000,1.00000000,0.99990000,0.99990000,70757654.00000000,1670432399999,70755960.44160000,14513,53822070.00000000,53822070.00000000,0
1670432400000,0.99990000,1.00010000,0.99990000,1.00000000,88714554.00000000,1670435999999,88715889.74180000,12452,67680592.00000000,67682263.51350000,0
1670436000000,1.00000000,1.00010000,1.00000000,1.00000000,11185188.00000000,1670439599999,11185616.82920000,11076,4288292.00000000,4288720.82920000,0
1670439600000,1.00000000,1.00010000,1.00000000,1.00010000,7304517.00000000,1670443199999,7304745.26300000,8406,2282630.00000000,2282858.26300000,0
1670443200000,1.00000000,1.00010000,1.00000000,1.00000000,12574495.00000000,1670446799999,12574722.58160000,8721,2275816.00000000,2276043.58160000,0
1670446800000,1.00000000,1.00010000,1.00000000,1.00000000,15749081.00000000,1670450399999,15749231.93860000,10500,1509386.00000000,1509536.93860000,0
1670450400000,1.00000000,1.00010000,1.00000000,1.00000000,13556356.00000000,1670453999999,13556608.04460000,10454,2520446.00000000,2520698.04460000,0
1670454000000,1.00000000,1.00010000,1.00000000,1.00000000,13417450.00000000,1670457599999,13417768.60020000,9422,3186002.00000000,3186320.60020000,0
1670457600000,1.00000000,1.00010000,1.00000000,1.00000000,16823999.00000000,1670461199999,16824665.53220000,11177,6665322.00000000,6665988.53220000,0
1670461200000,1.00000000,1.00010000,1.00000000,1.00000000,12875210.00000000,1670464799999,12875774.13750000,8076,5641375.00000000,5641939.13750000,0
1670464800000,1.00000000,1.00010000,1.00000000,1.00000000,10279826.00000000,1670468399999,10280226.00810000,7818,4000081.00000000,4000481.00810000,0
1670468400000,1.00000000,1.00010000,1.00000000,1.00000000,12726845.00000000,1670471999999,12727243.69460000,7464,3986946.00000000,3987344.69460000,0
1670472000000,1.00000000,1.00010000,0.99990000,0.99990000,31680432.00000000,1670475599999,31680648.30790000,8043,4471765.00000000,4472135.91120000,0
1670475600000,0.99990000,1.00000000,0.99990000,0.99990000,11101274.00000000,1670479199999,11100567.19360000,8468,4033210.00000000,4033210.00000000,0
1670479200000,0.99990000,1.00000000,0.99990000,0.99990000,26384827.00000000,1670482799999,26383498.88950000,14413,13103722.00000000,13103722.00000000,0
1670482800000,0.99990000,1.00000000,0.99990000,0.99990000,18078757.00000000,1670486399999,18077609.86040000,12920,6607361.00000000,6607361.00000000,0
1670486400000,0.99990000,1.00000000,0.99990000,0.99990000,33068729.00000000,1670489999999,33066072.61390000,10791,6504868.00000000,6504868.00000000,0
1670490000000,0.99990000,1.00000000,0.99990000,0.99990000,15880924.00000000,1670493599999,15879915.32060000,16874,5794130.00000000,5794130.00000000,0
1670493600000,0.99990000,1.00000000,0.99990000,0.99990000,11237400.00000000,1670497199999,11236714.35450000,12637,4380945.00000000,4380945.00000000,0
1670497200000,0.99990000,1.00000000,0.99990000,0.99990000,16812027.00000000,1670500799999,16811225.62410000,15282,8798268.00000000,8798268.00000000,0
1670500800000,0.99990000,1.00000000,0.99990000,0.99990000,13894288.00000000,1670504399999,13893395.24090000,13439,4966697.00000000,4966697.00000000,0
1670504400000,0.99990000,1.00000000,0.99990000,0.99990000,16236729.00000000,1670507999999,16235550.39290000,12384,4450658.00000000,4450658.00000000,0
1670508000000,0.99990000,1.00000000,0.99990000,1.00000000,17954230.00000000,1670511599999,17953000.28360000,13122,5657066.00000000,5657066.00000000,0
1670511600000,0.99990000,1.00000000,0.99990000,0.99990000,25580733.00000000,1670515199999,25578891.06860000,14935,7161419.00000000,7161419.00000000,0
1670515200000,0.99990000,1.00000000,0.99990000,0.99990000,34232142.00000000,1670518799999,34230473.86710000,12914,17550813.00000000,17550813.00000000,0
1670518800000,0.99990000,1.00000000,0.99990000,0.99990000,26347918.00000000,1670522399999,26346355.71810000,13687,10725099.00000000,10725099.00000000,0
1670522400000,0.99990000,1.00000000,0.99990000,0.99990000,25327081.00000000,1670525999999,25325362.40630000,20550,8141144.00000000,8141144.00000000,0
1670526000000,0.99990000,1.00000000,0.99980000,0.99980000,45612361.00000000,1670529599999,45607871.57280000,17539,10783300.00000000,10782630.67250000,0
1670529600000,0.99980000,0.99990000,0.99980000,0.99980000,12650188.00000000,1670533199999,12648341.69640000,14109,6837340.00000000,6836656.26600000,0
1670533200000,0.99980000,0.99990000,0.99980000,0.99980000,12253417.00000000,1670536799999,12251722.32480000,10148,7560082.00000000,7559325.99180000,0
1670536800000,0.99980000,0.99990000,0.99980000,0.99980000,16802368.00000000,1670540399999,16800091.22350000,12827,10836971.00000000,10835887.30290000,0
1670540400000,0.99980000,0.99990000,0.99980000,0.99990000,18525621.00000000,1670543999999,18523282.24540000,11314,13663696.00000000,13662329.63040000,0
1670544000000,0.99990000,1.00000000,0.99980000,1.00000000,30493913.00000000,1670547599999,30491084.58330000,15152,26326475.00000000,26324346.24840000,0
1670547600000,0.99990000,1.00000000,0.99990000,0.99990000,12615680.00000000,1670551199999,12615043.37850000,10073,6249465.00000000,6249465.00000000,0
1670551200000,0.99990000,1.00000000,0.99990000,0.99990000,14166438.00000000,1670554799999,14165814.00970000,10263,7926535.00000000,7926535.00000000,0
1670554800000,0.99990000,1.00000000,0.99990000,0.99990000,12425870.00000000,1670558399999,12425386.94740000,10042,7595344.00000000,7595344.00000000,0
1670558400000,0.99990000,1.00000000,0.99990000,1.00000000,15062850.00000000,1670561999999,15062260.19110000,14716,9164761.00000000,9164761.00000000,0
1670562000000,0.99990000,1.00000000,0.99990000,0.99990000,15224167.00000000,1670565599999,15223430.21170000,17862,7856284.00000000,7856284.00000000,0
1670565600000,0.99990000,1.00000000,0.99990000,0.99990000,16232947.00000000,1670569199999,16232242.09940000,11968,9183941.00000000,9183941.00000000,0
1670569200000,0.99990000,1.00000000,0.99990000,0.99990000,27220691.00000000,1670572799999,27219532.84020000,12827,15639093.00000000,15639093.00000000,0
1670572800000,0.99990000,1.00000000,0.99990000,0.99990000,16843977.00000000,1670576399999,16843235.77040000,15659,9431681.00000000,9431681.00000000,0
1670576400000,1.00000000,1.00000000,0.99990000,0.99990000,21466327.00000000,1670579999999,21465531.25260000,18191,13508853.00000000,13508853.00000000,0
1670580000000,1.00000000,1.00000000,0.99990000,0.99990000,20728235.00000000,1670583599999,20727285.38430000,15381,11232078.00000000,11232078.00000000,0
1670583600000,0.99990000,1.00000000,0.99990000,0.99990000,19008624.00000000,1670587199999,19007790.74530000,14409,10676077.00000000,10676077.00000000,0
1670587200000,1.00000000,1.00000000,0.99990000,0.99990000,14109334.00000000,1670590799999,14108517.65940000,15557,5945928.00000000,5945928.00000000,0
1670590800000,0.99990000,1.00000000,0.99990000,0.99990000,21076706.00000000,1670594399999,21075282.80600000,18655,6844766.00000000,6844766.00000000,0
1670594400000,1.00000000,1.00000000,0.99990000,0.99990000,29931011.00000000,1670597999999,29929510.89290000,14792,14929940.00000000,14929940.00000000,0
1670598000000,0.99990000,1.00000000,0.99990000,0.99990000,31894789.00000000,1670601599999,31893698.00620000,13056,20984851.00000000,20984851.00000000,0
1670601600000,0.99990000,1.00000000,0.99990000,0.99990000,19563035.00000000,1670605199999,19562142.89520000,14119,10641987.00000000,10641987.00000000,0
1670605200000,1.00000000,1.00000000,0.99990000,0.99990000,13329958.00000000,1670608799999,13329377.81150000,10701,7528073.00000000,7528073.00000000,0
1670608800000,0.99990000,1.00000000,0.99990000,0.99990000,14332671.00000000,1670612399999,14331806.42500000,12781,5686921.00000000,5686921.00000000,0
1670612400000,1.00000000,1.00000000,0.99990000,0.99990000,10300469.00000000,1670615999999,10299821.70900000,11383,3827559.00000000,3827559.00000000,0
1670616000000,0.99990000,1.00000000,0.99990000,0.99990000,8934667.00000000,1670619599999,8934196.47920000,11023,4229459.00000000,4229459.00000000,0
1670619600000,0.99990000,1.00000000,0.99990000,0.99990000,26800577.00000000,1670623199999,26799189.62940000,11808,12926871.00000000,12926871.00000000,0
1670623200000,1.00000000,1.00000000,0.99990000,0.99990000,6975005.00000000,1670626799999,6974678.02300000,9588,3705235.00000000,3705235.00000000,0
1670626800000,0.99990000,1.00000000,0.99990000,1.00000000,9144668.00000000,1670630399999,9144361.36710000,8041,6078339.00000000,6078339.00000000,0
1670630400000,1.00000000,1.00000000,0.99990000,1.00000000,9482774.00000000,1670633999999,9482557.45920000,7950,7317366.00000000,7317366.00000000,0
1670634000000,1.00000000,1.00000000,0.99990000,0.99990000,6403098.00000000,1670637599999,6402826.10930000,6843,3684191.00000000,3684191.00000000,0
1670637600000,1.00000000,1.00000000,0.99990000,1.00000000,6286363.00000000,1670641199999,6286015.92070000,7293,2815570.00000000,2815570.00000000,0
1670641200000,0.99990000,1.00000000,0.99990000,1.00000000,15352891.00000000,1670644799999,15351713.25440000,8501,3575435.00000000,3575435.00000000,0
1670644800000,0.99990000,1.00000000,0.99990000,0.99990000,7197984.00000000,1670648399999,7197770.75920000,7419,5065576.00000000,5065576.00000000,0
1670648400000,1.00000000,1.00000000,0.99990000,0.99990000,11482783.00000000,1670651999999,11482018.27110000,7911,3835494.00000000,3835494.00000000,0
1670652000000,1.00000000,1.00000000,0.99990000,1.00000000,9436410.00000000,1670655599999,9436007.79680000,7854,5414378.00000000,5414378.00000000,0
1670655600000,0.99990000,1.00000000,0.99990000,0.99990000,16304272.00000000,1670659199999,16303407.84730000,12403,7662745.00000000,7662745.00000000,0
1670659200000,0.99990000,1.00000000,0.99990000,0.99990000,15261369.00000000,1670662799999,15260729.38490000,12623,8865218.00000000,8865218.00000000,0
1670662800000,0.99990000,1.00000000,0.99990000,1.00000000,14727090.00000000,1670666399999,14726441.79170000,11843,8245007.00000000,8245007.00000000,0
1670666400000,1.00000000,1.00000000,0.99990000,0.99990000,16134350.00000000,1670669999999,16133741.37120000,13623,10048062.00000000,10048062.00000000,0
1670670000000,0.99990000,1.00000000,0.99990000,0.99990000,15709824.00000000,1670673599999,15709167.02430000,13513,9140067.00000000,9140067.00000000,0
1670673600000,1.00000000,1.00000000,0.99990000,1.00000000,14133821.00000000,1670677199999,14133254.15170000,13028,8465338.00000000,8465338.00000000,0
1670677200000,0.99990000,1.00000000,0.99990000,0.99990000,12604912.00000000,1670680799999,12604494.19060000,10658,8426818.00000000,8426818.00000000,0
1670680800000,0.99990000,1.00000000,0.99990000,0.99990000,8715130.00000000,1670684399999,8714716.30480000,9062,4578178.00000000,4578178.00000000,0
1670684400000,0.99990000,1.00000000,0.99990000,1.00000000,10647820.00000000,1670687999999,10647267.21560000,11822,5119976.00000000,5119976.00000000,0
1670688000000,1.00000000,1.00000000,0.99990000,1.00000000,19543891.00000000,1670691599999,19543188.46410000,15953,12518532.00000000,12518532.00000000,0
1670691600000,1.00000000,1.00000000,0.99990000,1.00000000,27138909.00000000,1670695199999,27137463.79130000,36096,12686822.00000000,12686822.00000000,0
1670695200000,1.00000000,1.00000000,0.99990000,0.99990000,21023401.00000000,1670698799999,21022354.20000000,28139,10555401.00000000,10555401.00000000,0
1670698800000,1.00000000,1.00000000,0.99990000,1.00000000,13526720.00000000,1670702399999,13526228.10710000,19323,8607791.00000000,8607791.00000000,0
1670702400000,1.00000000,1.00000000,0.99990000,1.00000000,16782235.00000000,1670705999999,16781448.07470000,27890,8912982.00000000,8912982.00000000,0
1670706000000,0.99990000,1.00000000,0.99990000,1.00000000,10843703.00000000,1670709599999,10843115.38320000,15922,4967535.00000000,4967535.00000000,0
1670709600000,1.00000000,1.00000000,0.99990000,1.00000000,12456348.00000000,1670713199999,12455873.87580000,13347,7715106.00000000,7715106.00000000,0
1670713200000,1.00000000,1.00000000,0.99990000,0.99990000,8524300.00000000,1670716799999,8523989.64160000,11070,5420716.00000000,5420716.00000000,0
1670716800000,1.00000000,1.00000000,0.99990000,1.00000000,10660146.00000000,1670720399999,10659773.18660000,9135,6932012.00000000,6932012.00000000,0
1670720400000,0.99990000,1.00000000,0.99990000,0.99990000,7509996.00000000,1670723999999,7509617.82620000,8642,3728258.00000000,3728258.00000000,0
1670724000000,1.00000000,1.00000000,0.99990000,1.00000000,23526270.00000000,1670727599999,23524299.07120000,8037,3816982.00000000,3816982.00000000,0
1670727600000,0.99990000,1.00000000,0.99990000,1.00000000,8802707.00000000,1670731199999,8802467.13820000,6958,6404089.00000000,6404089.00000000,0
1670731200000,1.00000000,1.00000000,0.99990000,0.99990000,10446851.00000000,1670734799999,10446494.46060000,7611,6881457.00000000,6881457.00000000,0
1670734800000,0.99990000,1.00000000,0.99990000,1.00000000,8450553.00000000,1670738399999,8450187.46690000,8054,4795222.00000000,4795222.00000000,0
1670738400000,0.99990000,1.00000000,0.99990000,1.00000000,11166542.00000000,1670741999999,11166117.51450000,12385,6921687.00000000,6921687.00000000,0
1670742000000,0.99990000,1.00000000,0.99990000,0.99990000,12481412.00000000,1670745599999,12480755.43170000,11365,5915729.00000000,5915729.00000000,0
1670745600000,0.99990000,1.00000000,0.99990000,0.99990000,11686316.00000000,1670749199999,11685848.90430000,8769,7015359.00000000,7015359.00000000,0
1670749200000,0.99990000,1.00000000,0.99990000,1.00000000,12270676.00000000,1670752799999,12270286.22490000,7805,8372925.00000000,8372925.00000000,0
1670752800000,0.99990000,1.00000000,0.99990000,0.99990000,8125682.00000000,1670756399999,8125402.76660000,7603,5333348.00000000,5333348.00000000,0
1670756400000,1.00000000,1.00000000,0.99990000,1.00000000,7767272.00000000,1670759999999,7766971.64850000,8849,4763757.00000000,4763757.00000000,0
1670760000000,0.99990000,1.00000000,0.99990000,0.99990000,10370062.00000000,1670763599999,10369629.67370000,10268,6046799.00000000,6046799.00000000,0
1670763600000,1.00000000,1.00000000,0.99990000,1.00000000,12415972.00000000,1670767199999,12415217.41050000,12737,4870077.00000000,4870077.00000000,0
1670767200000,1.00000000,1.00000000,0.99990000,0.99990000,6945116.00000000,1670770799999,6944698.82590000,9356,2773375.00000000,2773375.00000000,0
1670770800000,1.00000000,1.00000000,0.99990000,1.00000000,11643444.00000000,1670774399999,11642912.95060000,17229,6332950.00000000,6332950.00000000,0
1670774400000,0.99990000,1.00000000,0.99990000,1.00000000,12813881.00000000,1670777999999,12813298.71030000,19614,6990984.00000000,6990984.00000000,0
1670778000000,1.00000000,1.00000000,0.99990000,1.00000000,8624062.00000000,1670781599999,8623682.63280000,11955,4830390.00000000,4830390.00000000,0
1670781600000,0.99990000,1.00000000,0.99990000,0.99990000,9932642.00000000,1670785199999,9932273.83800000,13793,6251022.00000000,6251022.00000000,0
1670785200000,0.99990000,1.00000000,0.99990000,0.99990000,9679472.00000000,1670788799999,9678942.59900000,12209,4385462.00000000,4385462.00000000,0
1670788800000,1.00000000,1.00000000,0.99990000,0.99990000,9068300.00000000,1670792399999,9067723.49530000,12215,3303253.00000000,3303253.00000000,0
1670792400000,1.00000000,1.00000000,0.99990000,1.00000000,10402942.00000000,1670795999999,10402149.93110000,10095,2482253.00000000,2482253.00000000,0
1670796000000,1.00000000,1.00000000,0.99990000,1.00000000,7922242.00000000,1670799599999,7921740.86740000,11647,2910916.00000000,2910916.00000000,0
1670799600000,1.00000000,1.00000000,0.99990000,1.00000000,18037641.00000000,1670803199999,18037013.12020000,20468,11758843.00000000,11758843.00000000,0
1670803200000,1.00000000,1.00000000,0.99990000,0.99990000,30305706.00000000,1670806799999,30304851.08490000,27526,21756555.00000000,21756555.00000000,0
1670806800000,0.99990000,1.00000000,0.99990000,0.99990000,16416820.00000000,1670810399999,16415903.11190000,14615,7247939.00000000,7247939.00000000,0
1670810400000,1.00000000,1.00000000,0.99990000,0.99990000,25725775.00000000,1670813999999,25724114.52410000,21413,9121016.00000000,9121016.00000000,0
1670814000000,0.99990000,1.00000000,0.99990000,0.99990000,20385654.00000000,1670817599999,20384431.25820000,16550,8158236.00000000,8158236.00000000,0
1670817600000,0.99990000,1.00000000,0.99990000,0.99990000,21242168.00000000,1670821199999,21240879.36260000,13331,8355794.00000000,8355794.00000000,0
1670821200000,0.99990000,1.00000000,0.99990000,0.99990000,22891459.00000000,1670824799999,22890216.76470000,12039,10469106.00000000,10469106.00000000,0
1670824800000,0.99990000,1.00000000,0.99990000,0.99990000,18518172.00000000,1670828399999,18517039.49520000,11242,7193124.00000000,7193124.00000000,0
1670828400000,0.99990000,1.00000000,0.99990000,0.99990000,18044360.00000000,1670831999999,18043327.52550000,12755,7719615.00000000,7719615.00000000,0
1670832000000,0.99990000,1.00000000,0.99990000,0.99990000,23099165.00000000,1670835599999,23097601.83720000,19109,7467537.00000000,7467537.00000000,0
1670835600000,1.00000000,1.00000000,0.99990000,0.99990000,31880475.00000000,1670839199999,31879157.71270000,15777,18707602.00000000,18707602.00000000,0
1670839200000,1.00000000,1.00000000,0.99990000,0.99990000,23416724.00000000,1670842799999,23415234.99690000,15604,8526693.00000000,8526693.00000000,0
1670842800000,0.99990000,1.00000000,0.99990000,0.99990000,21020056.00000000,1670846399999,21018751.31870000,13600,7973243.00000000,7973243.00000000,0
1670846400000,0.99990000,1.00000000,0.99990000,0.99990000,60282957.00000000,1670849999999,60279594.30200000,22831,26655977.00000000,26655977.00000000,0
1670850000000,0.99990000,1.00000000,0.99980000,0.99980000,119624440.00000000,1670853599999,119608122.83670000,22803,23592526.00000000,23590555.62060000,0
1670853600000,0.99980000,0.99990000,0.99970000,0.99980000,141349781.00000000,1670857199999,141321993.99640000,23366,68634310.00000000,68622480.68040000,0
1670857200000,0.99980000,0.99990000,0.99980000,0.99980000,81464188.00000000,1670860799999,81452674.92090000,23097,47797585.00000000,47792805.24150000,0
1670860800000,0.99980000,0.99990000,0.99980000,0.99980000,99914098.00000000,1670864399999,99900173.71090000,16869,60585305.00000000,60579246.46950000,0
1670864400000,0.99980000,0.99990000,0.99980000,0.99980000,31112315.00000000,1670867999999,31107125.27900000,13415,10327420.00000000,10326387.25800000,0
1670868000000,0.99980000,0.99990000,0.99980000,0.99990000,24643764.00000000,1670871599999,24639992.87050000,13155,11576233.00000000,11575075.37670000,0
1670871600000,0.99980000,0.99990000,0.99980000,0.99980000,33864723.00000000,1670875199999,33859106.54420000,11593,11564888.00000000,11563731.51120000,0
1670875200000,0.99980000,0.99990000,0.99980000,0.99980000,51862757.00000000,1670878799999,51855771.52570000,17957,33870771.00000000,33867383.92290000,0
1670878800000,0.99990000,0.99990000,0.99980000,0.99980000,32116679.00000000,1670882399999,32112358.09590000,15169,21024317.00000000,21022214.56830000,0
1670882400000,0.99980000,0.99990000,0.99980000,0.99990000,16265903.00000000,1670885999999,16263463.54010000,10490,8137207.00000000,8136393.27930000,0
1670886000000,0.99990000,0.99990000,0.99980000,0.99980000,20700599.00000000,1670889599999,20697238.54090000,9411,7796607.00000000,7795827.33930000,0
1670889600000,0.99980000,0.99990000,0.99980000,0.99990000,17358494.00000000,1670893199999,17355914.81540000,15136,8925142.00000000,8924249.48580000,0
1670893200000,0.99990000,0.99990000,0.99980000,0.99980000,38561372.00000000,1670896799999,38554977.26070000,10368,13175351.00000000,13174033.46490000,0
1670896800000,0.99990000,0.99990000,0.99980000,0.99980000,34342841.00000000,1670900399999,34337230.53810000,19017,12581063.00000000,12579804.89370000,0
1670900400000,0.99980000,0.99990000,0.99980000,0.99980000,53685413.00000000,1670903999999,53676421.89460000,14048,17459772.00000000,17458026.02280000,0
1670904000000,0.99990000,0.99990000,0.99970000,0.99980000,126044476.00000000,1670907599999,126014521.54090000,19971,55010074.00000000,54999091.92050000,0
1670907600000,0.99980000,0.99980000,0.99950000,0.99950000,153701785.00000000,1670911199999,153653959.23920000,17591,36546876.00000000,36538233.34140000,0
1670911200000,0.99950000,0.99960000,0.99890000,0.99950000,256867190.00000000,1670914799999,256689671.89000000,28721,93317787.00000000,93252140.34040000,0
1670914800000,0.99950000,0.99960000,0.99920000,0.99950000,277373772.00000000,1670918399999,277201155.26800000,35957,134611307.00000000,134531744.01760000,0
1670918400000,0.99960000,0.99960000,0.99940000,0.99950000,158196728.00000000,1670921999999,158118540.09340000,27341,77713745.00000000,77677993.64930000,0
1670922000000,0.99950000,0.99960000,0.99940000,0.99950000,115497795.00000000,1670925599999,115440881.35540000,29983,35253755.00000000,35238137.21960000,0
1670925600000,0.99960000,0.99980000,0.99950000,0.99970000,131035022.00000000,1670929199999,130983585.21770000,26926,77810510.00000000,77781982.05720000,0
1670929200000,0.99970000,0.99980000,0.99940000,0.99960000,153115490.00000000,1670932799999,153052265.20390000,24531,39218567.00000000,39202177.75040000,0
1670932800000,0.99960000,0.99960000,0.99940000,0.99950000,123862040.00000000,1670936399999,123801818.62630000,28415,32343588.00000000,32329773.84820000,0
1670936400000,0.99950000,0.99970000,0.99940000,0.99970000,104316708.00000000,1670939999999,104268688.19730000,55121,48531146.00000000,48510971.45380000,0
1670940000000,0.99960000,0.99980000,0.99960000,0.99980000,106944315.00000000,1670943599999,106909367.24130000,30798,42181517.00000000,42170632.21090000,0
1670943600000,0.99970000,1.00000000,0.99970000,1.00000000,239537719.00000000,1670947199999,239500677.13750000,27627,116157140.00000000,116141442.82240000,0
1670947200000,0.99990000,1.00000000,0.99980000,0.99990000,97684441.00000000,1670950799999,97678818.41900000,17914,57602523.00000000,57601062.09630000,0
1670950800000,0.99990000,1.00010000,0.99990000,1.00010000,76078396.00000000,1670954399999,76076454.35480000,19567,52972666.00000000,52972698.60700000,0
1670954400000,1.00000000,1.00010000,1.00000000,1.00010000,38116171.00000000,1670957999999,38116977.66610000,19407,8066661.00000000,8067467.66610000,0
1670958000000,1.00010000,1.00010000,1.00000000,1.00000000,28727043.00000000,1670961599999,28727421.87710000,9965,3788771.00000000,3789149.87710000,0
1670961600000,1.00000000,1.00010000,0.99990000,1.00000000,31799541.00000000,1670965199999,31799047.76640000,19334,15851768.00000000,15852019.23400000,0
1670965200000,1.00000000,1.00000000,0.99990000,0.99990000,29660685.00000000,1670968799999,29659424.85830000,13321,17059268.00000000,17059268.00000000,0
1670968800000,0.99990000,1.00000000,0.99990000,0.99990000,21536389.00000000,1670972399999,21535041.44640000,14946,8060853.00000000,8060853.00000000,0
1670972400000,1.00000000,1.00000000,0.99990000,1.00000000,13525330.00000000,1670975999999,13524622.02940000,10486,6445624.00000000,6445624.00000000,0
1670976000000,0.99990000,1.00000000,0.99990000,0.99990000,26098711.00000000,1670979599999,26097892.79130000,11342,17916624.00000000,17916624.00000000,0
1670979600000,0.99990000,1.00000000,0.99990000,1.00000000,18493600.00000000,1670983199999,18492738.88760000,9025,9882476.00000000,9882476.00000000,0
1670983200000,0.99990000,1.00000000,0.99990000,1.00000000,29077262.00000000,1670986799999,29076024.96610000,10901,16706923.00000000,16706923.00000000,0
1670986800000,1.00000000,1.00000000,0.99990000,0.99990000,33817657.00000000,1670990399999,33816443.12170000,12062,21678874.00000000,21678874.00000000,0
1670990400000,0.99990000,1.00010000,0.99990000,1.00010000,76994595.00000000,1670993999999,76994243.74250000,12225,69567371.00000000,69567644.26350000,0
1670994000000,1.00000000,1.00010000,1.00000000,1.00010000,26113929.00000000,1670997599999,26115082.94070000,14738,11539407.00000000,11540560.94070000,0
1670997600000,1.00000000,1.00010000,1.00000000,1.00010000,29083540.00000000,1671001199999,29084689.36760000,15743,11493676.00000000,11494825.36760000,0
1671001200000,1.00000000,1.00010000,1.00000000,1.00010000,31472301.00000000,1671004799999,31473170.39570000,15924,8693957.00000000,8694826.39570000,0
1671004800000,1.00000000,1.00010000,1.00000000,1.00000000,35459643.00000000,1671008399999,35461013.18320000,15910,13701832.00000000,13703202.18320000,0
1671008400000,1.00000000,1.00010000,1.00000000,1.00000000,24580596.00000000,1671011999999,24581569.90080000,15050,9739008.00000000,9739981.90080000,0
1671012000000,1.00000000,1.00010000,1.00000000,1.00000000,35545994.00000000,1671015599999,35546643.01440000,12566,6490144.00000000,6490793.01440000,0
1671015600000,1.00000000,1.00010000,1.00000000,1.00000000,21936261.00000000,1671019199999,21936900.68910000,16232,6396891.00000000,6397530.68910000,0
1671019200000,1.00000000,1.00010000,0.99990000,0.99990000,86044283.00000000,1671022799999,86045244.36550000,16403,39710820.00000000,39712572.25300000,0
1671022800000,1.00000000,1.00000000,0.99990000,0.99990000,39092057.00000000,1671026399999,39090350.43020000,19730,22026359.00000000,22026359.00000000,0
1671026400000,1.00000000,1.00000000,0.99990000,0.99990000,43461253.00000000,1671029999999,43459547.09350000,28356,26402188.00000000,26402188.00000000,0
1671030000000,1.00000000,1.00000000,0.99990000,1.00000000,24390561.00000000,1671033599999,24389439.67530000,19974,13177314.00000000,13177314.00000000,0
1671033600000,1.00000000,1.00000000,0.99990000,0.99990000,34609622.00000000,1671037199999,34607430.90620000,21542,12698684.00000000,12698684.00000000,0
1671037200000,0.99990000,1.00000000,0.99990000,0.99990000,37009313.00000000,1671040799999,37007183.07260000,15260,15710039.00000000,15710039.00000000,0
1671040800000,0.99990000,1.00000000,0.99990000,0.99990000,38205904.00000000,1671044399999,38203318.63830000,22433,12352287.00000000,12352287.00000000,0
1671044400000,1.00000000,1.00000000,0.99990000,0.99990000,40805717.00000000,1671047999999,40803625.09290000,35677,19886646.00000000,19886646.00000000,0
1671048000000,1.00000000,1.00000000,0.99990000,1.00000000,22293865.00000000,1671051599999,22292301.18980000,18610,6655763.00000000,6655763.00000000,0
1671051600000,1.00000000,1.00000000,0.99990000,0.99990000,13915141.00000000,1671055199999,13914159.47110000,15354,4099852.00000000,4099852.00000000,0
1671055200000,1.00000000,1.00000000,0.99980000,0.99990000,41216076.00000000,1671058799999,41211685.91560000,15189,6589207.00000000,6588603.60150000,0
1671058800000,0.99980000,0.99990000,0.99980000,0.99980000,13816430.00000000,1671062399999,13814560.62720000,11875,8939132.00000000,8938238.08680000,0
1671062400000,0.99980000,0.99990000,0.99980000,0.99980000,9131833.00000000,1671065999999,9130550.97530000,10875,5443419.00000000,5442874.65810000,0
1671066000000,0.99990000,0.99990000,0.99980000,0.99980000,15234674.00000000,1671069599999,15232428.48550000,14116,8014203.00000000,8013401.57970000,0
1671069600000,0.99980000,0.99990000,0.99980000,0.99980000,21646774.00000000,1671073199999,21643833.20350000,12856,13885583.00000000,13884194.44170000,0
1671073200000,0.99990000,0.99990000,0.99980000,0.99980000,8507246.00000000,1671076799999,8505975.16460000,9844,4306138.00000000,4305707.38620000,0
1671076800000,0.99990000,0.99990000,0.99980000,0.99990000,14109398.00000000,1671080399999,14107188.17510000,10874,6120547.00000000,6119934.94530000,0
1671080400000,0.99980000,0.99990000,0.99980000,0.99990000,12005744.00000000,1671083999999,12004012.03540000,8943,6691842.00000000,6691172.81580000,0
1671084000000,0.99990000,0.99990000,0.99980000,0.99990000,14998602.00000000,1671087599999,14996309.87980000,9876,7076002.00000000,7075294.39980000,0
1671087600000,0.99990000,0.99990000,0.99980000,0.99990000,34128135.00000000,1671091199999,34121917.88830000,11707,6085153.00000000,6084544.48470000,0
1671091200000,0.99990000,0.99990000,0.99980000,0.99980000,15943584.00000000,1671094799999,15941271.57860000,12547,8762954.00000000,8762077.70460000,0
1671094800000,0.99990000,0.99990000,0.99980000,0.99990000,19170582.00000000,1671098399999,19168183.05150000,10404,14351679.00000000,14350243.83210000,0
1671098400000,0.99980000,0.99990000,0.99980000,0.99990000,33325952.00000000,1671101999999,33321504.61880000,12490,22178092.00000000,22175874.19080000,0
1671102000000,0.99980000,0.99990000,0.99980000,0.99980000,25793483.00000000,1671105599999,25789799.84980000,13470,14755464.00000000,14753988.45360000,0
1671105600000,0.99980000,0.99990000,0.99980000,0.99980000,15044955.00000000,1671109199999,15042314.28540000,13499,3682764.00000000,3682395.72360000,0
1671109200000,0.99990000,0.99990000,0.99980000,0.99990000,27957533.00000000,1671112799999,27952981.17070000,16605,10396773.00000000,10395733.32270000,0
1671112800000,0.99990000,0.99990000,0.99980000,0.99980000,59726848.00000000,1671116399999,59719589.80820000,13632,46871778.00000000,46867090.82220000,0
1671116400000,0.99980000,1.00000000,0.99980000,0.99990000,81605935.00000000,1671119999999,81597238.78380000,12640,74724131.00000000,74716788.19590000,0
1671120000000,1.00000000,1.00000000,0.99990000,1.00000000,24749855.00000000,1671123599999,24748447.19200000,11718,10671775.00000000,10671775.00000000,0
1671123600000,1.00000000,1.00000000,0.99990000,1.00000000,17857102.00000000,1671127199999,17856296.20440000,9416,9799146.00000000,9799146.00000000,0
1671127200000,1.00000000,1.00000000,0.99990000,0.99990000,17243152.00000000,1671130799999,17242403.82830000,10708,9761435.00000000,9761435.00000000,0
1671130800000,0.99990000,1.00000000,0.99990000,1.00000000,12546271.00000000,1671134399999,12545692.89360000,9153,6765207.00000000,6765207.00000000,0
1671134400000,1.00000000,1.00000000,0.99990000,1.00000000,16104088.00000000,1671137999999,16103208.68200000,11343,7310908.00000000,7310908.00000000,0
1671138000000,1.00000000,1.00000000,0.99990000,1.00000000,13819068.00000000,1671141599999,13818206.38700000,10371,5202938.00000000,5202938.00000000,0
1671141600000,1.00000000,1.00000000,0.99990000,1.00000000,8896703.00000000,1671145199999,8896309.31660000,9266,4959869.00000000,4959869.00000000,0
1671145200000,0.99990000,1.00000000,0.99990000,0.99990000,11969659.00000000,1671148799999,11969328.31050000,7889,8662764.00000000,8662764.00000000,0
1671148800000,0.99990000,1.00000000,0.99990000,0.99990000,17657837.00000000,1671152399999,17657330.81130000,7531,12595950.00000000,12595950.00000000,0
1671152400000,0.99990000,1.00000000,0.99990000,1.00000000,18416580.00000000,1671155999999,18416295.18190000,5303,15568399.00000000,15568399.00000000,0
1671156000000,0.99990000,1.00000000,0.99990000,1.00000000,10379856.00000000,1671159599999,10379417.05750000,5737,5990431.00000000,5990431.00000000,0
1671159600000,0.99990000,1.00000000,0.99990000,0.99990000,7116473.00000000,1671163199999,7116129.12350000,5739,3677708.00000000,3677708.00000000,0
1671163200000,1.00000000,1.00000000,0.99990000,0.99990000,8715847.00000000,1671166799999,8715432.69590000,5169,4572806.00000000,4572806.00000000,0
1671166800000,0.99990000,1.00000000,0.99990000,0.99990000,44666969.00000000,1671170399999,44663267.61780000,6914,7653147.00000000,7653147.00000000,0
1671170400000,1.00000000,1.00000000,0.99990000,1.00000000,11733327.00000000,1671173999999,11732826.04960000,8726,6723823.00000000,6723823.00000000,0
1671174000000,0.99990000,1.00000000,0.99990000,1.00000000,21562733.00000000,1671177599999,21561764.53740000,9708,11878107.00000000,11878107.00000000,0
1671177600000,0.99990000,1.00000000,0.99990000,0.99990000,25330950.00000000,1671181199999,25329999.80590000,12546,15829009.00000000,15829009.00000000,0
1671181200000,0.99990000,1.00000000,0.99990000,0.99990000,52267742.00000000,1671184799999,52264767.72370000,30013,22524979.00000000,22524979.00000000,0
1671184800000,1.00000000,1.00000000,0.99990000,0.99990000,45924513.00000000,1671188399999,45922238.42270000,17235,23178740.00000000,23178740.00000000,0
1671188400000,0.99990000,1.00000000,0.99990000,1.00000000,29384014.00000000,1671191999999,29382555.16750000,12902,14795689.00000000,14795689.00000000,0
1671192000000,0.99990000,1.00000000,0.99990000,1.00000000,22761474.00000000,1671195599999,22759950.74460000,12222,7528920.00000000,7528920.00000000,0
1671195600000,0.99990000,1.00000000,0.99990000,1.00000000,21431049.00000000,1671199199999,21429728.72660000,13069,8228315.00000000,8228315.00000000,0
1671199200000,0.99990000,1.00000000,0.99990000,0.99990000,63537180.00000000,1671202799999,63533493.33120000,18964,26670492.00000000,26670492.00000000,0
1671202800000,0.99990000,1.00000000,0.99990000,0.99990000,32405528.00000000,1671206399999,32403851.51620000,14010,15640690.00000000,15640690.00000000,0
1671206400000,1.00000000,1.00000000,0.99990000,0.99990000,42245858.00000000,1671209999999,42243665.11010000,19569,20316959.00000000,20316959.00000000,0
1671210000000,0.99990000,1.00000000,0.99990000,0.99990000,28486204.00000000,1671213599999,28484773.27200000,12145,14178924.00000000,14178924.00000000,0
1671213600000,1.00000000,1.00000000,0.99990000,1.00000000,26292258.00000000,1671217199999,26291713.96190000,9641,20851877.00000000,20851877.00000000,0
1671217200000,0.99990000,1.00000000,0.99990000,0.99990000,15099064.00000000,1671220799999,15098312.94750000,14704,7588539.00000000,7588539.00000000,0
1671220800000,0.99990000,1.00000000,0.99990000,1.00000000,12453639.00000000,1671224399999,12452929.23010000,9244,5355940.00000000,5355940.00000000,0
1671224400000,1.00000000,1.00000000,0.99990000,0.99990000,19940464.00000000,1671227999999,19939344.35250000,7865,8743989.00000000,8743989.00000000,0
1671228000000,0.99990000,1.00000000,0.99990000,1.00000000,34622149.00000000,1671231599999,34619989.18840000,31719,13024033.00000000,13024033.00000000,0
1671231600000,1.00000000,1.00000000,0.99990000,0.99990000,49487221.00000000,1671235199999,49484384.63190000,37262,21123540.00000000,21123540.00000000,0
1671235200000,0.99990000,1.00000000,0.99980000,0.99990000,68751409.00000000,1671238799999,68744593.92460000,19216,9195858.00000000,9195532.65460000,0
1671238800000,0.99990000,0.99990000,0.99980000,0.99990000,23478158.00000000,1671242399999,23474877.12890000,15332,14147605.00000000,14146190.23950000,0
1671242400000,0.99990000,0.99990000,0.99980000,0.99980000,33676038.00000000,1671245999999,33670898.12520000,20329,15953328.00000000,15951732.66720000,0
1671246000000,0.99980000,0.99990000,0.99980000,0.99980000,27149426.00000000,1671249599999,27144682.69440000,12763,6865796.00000000,6865109.42040000,0
1671249600000,0.99980000,0.99990000,0.99980000,0.99980000,17051768.00000000,1671253199999,17048855.24210000,11255,4975957.00000000,4975459.40430000,0
1671253200000,0.99980000,0.99990000,0.99980000,0.99980000,15279831.00000000,1671256799999,15277352.03440000,10498,5770006.00000000,5769428.99940000,0
1671256800000,0.99980000,0.99990000,0.99970000,0.99980000,36407604.00000000,1671260399999,36400185.27730000,12619,7643512.00000000,7642234.39770000,0
1671260400000,0.99980000,0.99980000,0.99970000,0.99970000,28228042.00000000,1671263999999,28221044.51100000,10828,14709236.00000000,14706294.15280000,0
1671264000000,0.99970000,0.99980000,0.99970000,0.99980000,23752972.00000000,1671267599999,23747085.42810000,10620,12393197.00000000,12390718.36060000,0
1671267600000,0.99970000,0.99980000,0.99960000,0.99970000,62874231.00000000,1671271199999,62855720.02990000,13379,17852110.00000000,17847305.20920000,0
1671271200000,0.99960000,0.99980000,0.99960000,0.99970000,45693080.00000000,1671274799999,45678417.08210000,11728,29774304.00000000,29765446.89300000,0
1671274800000,0.99970000,0.99990000,0.99970000,0.99980000,104632381.00000000,1671278399999,104612754.65410000,9889,89975071.00000000,89959427.52230000,0
1671278400000,0.99980000,1.00000000,0.99980000,0.99990000,55017461.00000000,1671281999999,55012419.24740000,12399,33882040.00000000,33879163.42000000,0
1671282000000,0.99990000,1.00000000,0.99990000,0.99990000,27201774.00000000,1671285599999,27199474.46240000,12905,4206398.00000000,4206398.00000000,0
1671285600000,1.00000000,1.00000000,0.99980000,1.00000000,53901571.00000000,1671289199999,53895680.87780000,12576,28026034.00000000,28023363.58210000,0
1671289200000,1.00000000,1.00000000,0.99990000,1.00000000,24159423.00000000,1671292799999,24157914.51910000,14165,9074614.00000000,9074614.00000000,0
1671292800000,0.99990000,1.00000000,0.99990000,0.99990000,15337634.00000000,1671296399999,15336500.10610000,19119,3998695.00000000,3998695.00000000,0
1671296400000,0.99990000,1.00000000,0.99990000,1.00000000,18541400.00000000,1671299999999,18540208.16430000,24113,6623043.00000000,6623043.00000000,0
1671300000000,0.99990000,1.00000000,0.99990000,0.99990000,9373814.00000000,1671303599999,9373136.49700000,13105,2598784.00000000,2598784.00000000,0
1671303600000,1.00000000,1.00000000,0.99980000,0.99980000,17432192.00000000,1671307199999,17430075.68990000,11016,5773313.00000000,5772744.26450000,0
1671307200000,0.99990000,0.99990000,0.99980000,0.99980000,15138783.00000000,1671310799999,15136942.47240000,9674,11872290.00000000,11871102.77100000,0
1671310800000,0.99990000,0.99990000,0.99980000,0.99990000,6377761.00000000,1671314399999,6376847.66750000,7494,3622197.00000000,3621834.78030000,0
1671314400000,0.99990000,0.99990000,0.99980000,0.99990000,9028730.00000000,1671317999999,9027222.88010000,8489,2986261.00000000,2985962.37390000,0
1671318000000,0.99980000,1.00000000,0.99980000,0.99990000,23701101.00000000,1671321599999,23698480.07930000,9825,21098280.00000000,21096173.84640000,0
1671321600000,0.99990000,1.00000000,0.99990000,0.99990000,6531847.00000000,1671325199999,6531474.73740000,9152,2809221.00000000,2809221.00000000,0
1671325200000,1.00000000,1.00000000,0.99990000,0.99990000,4466771.00000000,1671328799999,4466530.29190000,6225,2059690.00000000,2059690.00000000,0
1671328800000,0.99990000,1.00000000,0.99990000,1.00000000,3445597.00000000,1671332399999,3445368.34080000,5681,1159005.00000000,1159005.00000000,0
1671332400000,0.99990000,1.00000000,0.99990000,0.99990000,10238231.00000000,1671335999999,10237577.00410000,6383,3698272.00000000,3698272.00000000,0
1671336000000,0.99990000,1.00000000,0.99990000,0.99990000,9242806.00000000,1671339599999,9242174.12970000,9189,2924103.00000000,2924103.00000000,0
1671339600000,0.99990000,1.00000000,0.99990000,1.00000000,5994835.00000000,1671343199999,5994457.94230000,6971,2224258.00000000,2224258.00000000,0
1671343200000,0.99990000,1.00000000,0.99990000,0.99990000,9798213.00000000,1671346799999,9797662.51610000,7788,4293374.00000000,4293374.00000000,0
1671346800000,1.00000000,1.00000000,0.99990000,1.00000000,7076482.00000000,1671350399999,7076120.90780000,7687,3465560.00000000,3465560.00000000,0
1671350400000,0.99990000,1.00000000,0.99990000,1.00000000,9724229.00000000,1671353999999,9723797.01460000,10010,5404375.00000000,5404375.00000000,0
1671354000000,1.00000000,1.00000000,0.99990000,0.99990000,12239731.00000000,1671357599999,12238890.68390000,14629,3836570.00000000,3836570.00000000,0
1671357600000,0.99990000,1.00000000,0.99990000,0.99990000,12010118.00000000,1671361199999,12009096.21680000,11064,1792286.00000000,1792286.00000000,0
1671361200000,0.99990000,1.00000000,0.99990000,0.99990000,26682400.00000000,1671364799999,26679943.63630000,10928,2118763.00000000,2118763.00000000,0
1671364800000,1.00000000,1.00000000,0.99990000,0.99990000,9496620.00000000,1671368399999,9495916.48280000,11576,2461448.00000000,2461448.00000000,0
1671368400000,0.99990000,1.00000000,0.99980000,0.99990000,16139723.00000000,1671371999999,16137946.30680000,12546,6621069.00000000,6620524.98560000,0
1671372000000,0.99990000,0.99990000,0.99980000,0.99980000,12684429.00000000,1671375599999,12682766.87200000,12028,8747578.00000000,8746703.24220000,0
1671375600000,0.99980000,0.99990000,0.99980000,0.99990000,11831758.00000000,1671379199999,11830307.12260000,11887,9154742.00000000,9153826.52580000,0
1671379200000,0.99990000,0.99990000,0.99980000,0.99990000,8456209.00000000,1671382799999,8454970.46590000,11240,4527077.00000000,4526624.29230000,0
1671382800000,0.99990000,0.99990000,0.99980000,0.99980000,8102826.00000000,1671386399999,8101481.14170000,10819,2757069.00000000,2756793.29310000,0
1671386400000,0.99980000,0.99990000,0.99980000,0.99990000,12093994.00000000,1671389999999,12092428.74990000,15236,8535487.00000000,8534633.45130000,0
1671390000000,0.99990000,0.99990000,0.99980000,0.99980000,9543499.00000000,1671393599999,9542233.30330000,6880,6430031.00000000,6429387.99690000,0
1671393600000,0.99990000,0.99990000,0.99980000,0.99980000,3899629.00000000,1671397199999,3899058.62460000,7168,2095504.00000000,2095294.44960000,0
1671397200000,0.99980000,0.99990000,0.99980000,0.99990000,5927505.00000000,1671400799999,5926670.63610000,5807,3511371.00000000,3511019.86290000,0
1671400800000,0.99990000,0.99990000,0.99980000,0.99990000,8436782.00000000,1671404399999,8435723.88480000,6585,6292412.00000000,6291782.75880000,0
1671404400000,0.99980000,0.99990000,0.99980000,0.99980000,4861020.00000000,1671407999999,4860292.67230000,5972,2448763.00000000,2448518.12370000,0
1671408000000,0.99980000,0.99990000,0.99980000,0.99980000,14530160.00000000,1671411599999,14528093.97840000,7417,8400104.00000000,8399263.98960000,0
1671411600000,0.99990000,0.99990000,0.99980000,0.99990000,8813290.00000000,1671415199999,8811764.84270000,4443,2375007.00000000,2374769.49930000,0
1671415200000,0.99990000,0.99990000,0.99980000,0.99980000,20469235.00000000,1671418799999,20465452.89140000,5241,3117384.00000000,3117072.26160000,0
1671418800000,0.99980000,0.99990000,0.99980000,0.99980000,14676943.00000000,1671422399999,14674507.59360000,9233,4999822.00000000,4999322.01780000,0
1671422400000,0.99980000,0.99990000,0.99980000,0.99990000,11259540.00000000,1671425999999,11257692.50720000,7008,4044152.00000000,4043747.58480000,0
1671426000000,0.99980000,0.99990000,0.99980000,0.99980000,11307392.00000000,1671429599999,11305559.79170000,7271,4292701.00000000,4292271.72990000,0
1671429600000,0.99980000,0.99990000,0.99980000,0.99990000,9546330.00000000,1671433199999,9544667.56780000,7246,2468338.00000000,2468091.16620000,0
1671433200000,0.99990000,0.99990000,0.99980000,0.99980000,17008736.00000000,1671436799999,17006260.21510000,8941,9259623.00000000,9258697.03770000,0
1671436800000,0.99990000,0.99990000,0.99980000,0.99980000,15998933.00000000,1671440399999,15996384.40320000,9624,6511898.00000000,6511246.81020000,0
1671440400000,0.99980000,0.99990000,0.99980000,0.99990000,17341048.00000000,1671443999999,17338392.44230000,12279,8126519.00000000,8125706.34810000,0
1671444000000,0.99990000,0.99990000,0.99980000,0.99990000,37401731.00000000,1671447599999,37396840.14430000,11381,25894905.00000000,25892315.50950000,0
1671447600000,0.99980000,0.99990000,0.99980000,0.99980000,19556672.00000000,1671451199999,19553913.45490000,12419,11527893.00000000,11526740.21070000,0
1671451200000,0.99980000,0.99990000,0.99980000,0.99980000,62924258.00000000,1671454799999,62917430.11890000,10735,57569705.00000000,57563948.02950000,0
1671454800000,0.99990000,1.00000000,0.99980000,0.99990000,76231001.00000000,1671458399999,76223796.87220000,12504,22484347.00000000,22482796.97690000,0
1671458400000,1.00000000,1.00000000,0.99990000,1.00000000,31051646.00000000,1671461999999,31048995.35960000,14170,4545242.00000000,4545242.00000000,0
1671462000000,1.00000000,1.00000000,0.99990000,1.00000000,30557611.00000000,1671465599999,30556608.05090000,11276,20528120.00000000,20528120.00000000,0
1671465600000,1.00000000,1.00000000,0.99990000,1.00000000,18297102.00000000,1671469199999,18296309.16180000,11884,10368720.00000000,10368720.00000000,0
1671469200000,1.00000000,1.00000000,0.99990000,0.99990000,16930474.00000000,1671472799999,16929673.56070000,12993,8926081.00000000,8926081.00000000,0
1671472800000,1.00000000,1.00000000,0.99990000,0.99990000,25074149.00000000,1671476399999,25073559.30640000,12490,19177213.00000000,19177213.00000000,0
1671476400000,1.00000000,1.00000000,0.99990000,1.00000000,61315865.00000000,1671479999999,61315198.39840000,10449,54649849.00000000,54649849.00000000,0
1671480000000,1.00000000,1.00000000,0.99990000,0.99990000,20840028.00000000,1671483599999,20839542.55100000,10461,15985538.00000000,15985538.00000000,0
1671483600000,1.00000000,1.00000000,0.99990000,1.00000000,12273523.00000000,1671487199999,12273040.34280000,7150,7446951.00000000,7446951.00000000,0
1671487200000,0.99990000,1.00000000,0.99990000,1.00000000,43104346.00000000,1671490799999,43103405.61260000,15431,33700472.00000000,33700472.00000000,0
1671490800000,0.99990000,1.00000000,0.99990000,1.00000000,8808993.00000000,1671494399999,8808473.22660000,9823,3611259.00000000,3611259.00000000,0
1671494400000,0.99990000,1.00000000,0.99990000,0.99990000,20049219.00000000,1671497999999,20048716.66510000,9289,15025870.00000000,15025870.00000000,0
1671498000000,1.00000000,1.00000000,0.99990000,0.99990000,13869660.00000000,1671501599999,13869108.02930000,8233,8349953.00000000,8349953.00000000,0
1671501600000,1.00000000,1.00000000,0.99990000,0.99990000,13384118.00000000,1671505199999,13383392.99150000,9851,6134033.00000000,6134033.00000000,0
1671505200000,0.99990000,1.00000000,0.99990000,0.99990000,7963632.00000000,1671508799999,7963065.04720000,7758,2294104.00000000,2294104.00000000,0
1671508800000,1.00000000,1.00000000,0.99990000,0.99990000,16213994.00000000,1671512399999,16212811.70140000,10588,4391008.00000000,4391008.00000000,0
1671512400000,0.99990000,1.00000000,0.99980000,0.99980000,89489178.00000000,1671515999999,89480742.55270000,9807,22290775.00000000,22289242.71330000,0
1671516000000,0.99990000,0.99990000,0.99980000,0.99980000,28328047.00000000,1671519599999,28324188.12370000,12482,18067331.00000000,18065524.26690000,0
1671519600000,0.99980000,0.99990000,0.99980000,0.99980000,18751353.00000000,1671523199999,18748488.08780000,11954,8853584.00000000,8852698.64160000,0
1671523200000,0.99990000,0.99990000,0.99980000,0.99980000,25099477.00000000,1671526799999,25096242.20940000,10721,17851048.00000000,17849262.89520000,0
1671526800000,0.99990000,0.99990000,0.99980000,0.99980000,29939061.00000000,1671530399999,29935429.80630000,13952,23566185.00000000,23563828.38150000,0
1671530400000,0.99980000,0.99990000,0.99980000,0.99990000,23966762.00000000,1671533999999,23963873.58230000,12865,19049347.00000000,19047442.06530000,0
1671534000000,0.99990000,0.99990000,0.99980000,0.99980000,29138924.00000000,1671537599999,29135110.42660000,10809,20142114.00000000,20140099.78860000,0
1671537600000,0.99980000,0.99990000,0.99980000,0.99980000,60423605.00000000,1671541199999,60414422.08720000,11965,29018082.00000000,29015180.19180000,0
1671541200000,0.99980000,1.00000000,0.99980000,0.99990000,31253589.00000000,1671544799999,31251207.48560000,11849,21180186.00000000,21178849.64270000,0
1671544800000,1.00000000,1.00000000,0.99990000,0.99990000,22719211.00000000,1671548399999,22717878.65790000,14283,9395790.00000000,9395790.00000000,0
1671548400000,0.99990000,1.00000000,0.99990000,0.99990000,21672149.00000000,1671551999999,21671103.73280000,16453,11219477.00000000,11219477.00000000,0
1671552000000,0.99990000,1.00000000,0.99990000,0.99990000,28202216.00000000,1671555599999,28199979.82670000,16059,5840483.00000000,5840483.00000000,0
1671555600000,1.00000000,1.00000000,0.99990000,1.00000000,16464836.00000000,1671559199999,16464278.75370000,11181,10892373.00000000,10892373.00000000,0
1671559200000,0.99990000,1.00000000,0.99990000,0.99990000,7554148.00000000,1671562799999,7553713.92900000,8899,3213438.00000000,3213438.00000000,0
1671562800000,0.99990000,1.00000000,0.99990000,0.99990000,14889519.00000000,1671566399999,14888600.19040000,8410,5701423.00000000,5701423.00000000,0
1671566400000,0.99990000,1.00000000,0.99990000,0.99990000,10039030.00000000,1671569999999,10038379.54490000,8879,3534479.00000000,3534479.00000000,0
1671570000000,0.99990000,1.00000000,0.99990000,0.99990000,21784653.00000000,1671573599999,21784018.85680000,8000,15443221.00000000,15443221.00000000,0
1671573600000,0.99990000,1.00000000,0.99990000,0.99990000,8315642.00000000,1671577199999,8315071.26960000,7193,2608338.00000000,2608338.00000000,0
1671577200000,0.99990000,1.00000000,0.99990000,0.99990000,5506760.00000000,1671580799999,5506342.77700000,6651,1334530.00000000,1334530.00000000,0
1671580800000,0.99990000,1.00000000,0.99990000,0.99990000,10342586.00000000,1671584399999,10342223.00750000,8242,6712661.00000000,6712661.00000000,0
1671584400000,0.99990000,1.00000000,0.99990000,0.99990000,6754113.00000000,1671587999999,6753789.97940000,5867,3523907.00000000,3523907.00000000,0
1671588000000,0.99990000,1.00000000,0.99990000,0.99990000,6468450.00000000,1671591599999,6468096.79280000,6480,2936378.00000000,2936378.00000000,0
1671591600000,1.00000000,1.00000000,0.99990000,1.00000000,39321502.00000000,1671595199999,39317870.02410000,7671,3001743.00000000,3001743.00000000,0
1671595200000,0.99990000,1.00000000,0.99990000,0.99990000,37617992.00000000,1671598799999,37615014.78700000,9002,7845862.00000000,7845862.00000000,0
1671598800000,0.99990000,1.00000000,0.99990000,0.99990000,26774111.00000000,1671602399999,26771744.14190000,8218,3105530.00000000,3105530.00000000,0
1671602400000,0.99990000,1.00000000,0.99990000,0.99990000,14493986.00000000,1671605999999,14492765.10660000,12424,2285052.00000000,2285052.00000000,0
1671606000000,0.99990000,1.00000000,0.99980000,0.99980000,33950106.00000000,1671609599999,33947105.31770000,10097,4519679.00000000,4519622.87940000,0
1671609600000,0.99980000,0.99990000,0.99980000,0.99980000,25405335.00000000,1671613199999,25402128.86570000,11226,18749327.00000000,18747452.06730000,0
1671613200000,0.99980000,0.99990000,0.99980000,0.99980000,21583066.00000000,1671616799999,21580419.40290000,8657,16700161.00000000,16698490.98390000,0
1671616800000,0.99990000,0.99990000,0.99980000,0.99980000,45016147.00000000,1671620399999,45009747.92080000,8869,26041502.00000000,26038897.84980000,0
1671620400000,0.99980000,1.00000000,0.99980000,0.99990000,31938712.00000000,1671623999999,31935130.61620000,9025,27496419.00000000,27493681.27100000,0
1671624000000,1.00000000,1.00000000,0.99990000,0.99990000,8788765.00000000,1671627599999,8788174.10100000,10077,2879775.00000000,2879775.00000000,0
1671627600000,1.00000000,1.00000000,0.99990000,0.99990000,32688465.00000000,1671631199999,32686356.76710000,11344,11606136.00000000,11606136.00000000,0
1671631200000,0.99990000,1.00000000,0.99990000,0.99990000,39571896.00000000,1671634799999,39569686.39910000,17575,17475887.00000000,17475887.00000000,0
1671634800000,0.99990000,1.00000000,0.99990000,0.99990000,23741466.00000000,1671638399999,23739983.60480000,11463,8917514.00000000,8917514.00000000,0
1671638400000,0.99990000,1.00000000,0.99990000,0.99990000,23955819.00000000,1671641999999,23954530.37490000,11831,11069568.00000000,11069568.00000000,0
1671642000000,0.99990000,1.00000000,0.99990000,0.99990000,30153856.00000000,1671645599999,30152291.35410000,9919,14507397.00000000,14507397.00000000,0
1671645600000,0.99990000,1.00000000,0.99990000,0.99990000,19221870.00000000,1671649199999,19221427.39380000,8491,14795808.00000000,14795808.00000000,0
1671649200000,1.00000000,1.00000000,0.99990000,0.99990000,10518826.00000000,1671652799999,10518447.33620000,7409,6732188.00000000,6732188.00000000,0
1671652800000,0.99990000,1.00000000,0.99990000,0.99990000,12469159.00000000,1671656399999,12468528.45570000,8708,6163716.00000000,6163716.00000000,0
1671656400000,1.00000000,1.00000000,0.99990000,0.99990000,19046831.00000000,1671659999999,19046167.93900000,6857,12416221.00000000,12416221.00000000,0
1671660000000,1.00000000,1.00000000,0.99990000,1.00000000,6899557.00000000,1671663599999,6899073.42570000,6424,2063814.00000000,2063814.00000000,0
1671663600000,0.99990000,1.00000000,0.99990000,1.00000000,7005536.00000000,1671667199999,7005166.82120000,5840,3313748.00000000,3313748.00000000,0
1671667200000,1.00000000,1.00000000,0.99990000,1.00000000,4572013.00000000,1671670799999,4571728.83740000,6738,1730387.00000000,1730387.00000000,0
1671670800000,1.00000000,1.00000000,0.99990000,0.99990000,9856715.00000000,1671674399999,9856392.73690000,5667,6634084.00000000,6634084.00000000,0
1671674400000,1.00000000,1.00000000,0.99990000,1.00000000,7320160.00000000,1671677999999,7319761.32070000,4874,3333367.00000000,3333367.00000000,0
1671678000000,1.00000000,1.00000000,0.99990000,1.00000000,10521058.00000000,1671681599999,10520721.47510000,4802,7155809.00000000,7155809.00000000,0
1671681600000,0.99990000,1.00000000,0.99990000,1.00000000,8603756.00000000,1671685199999,8603361.54420000,5627,4659198.00000000,4659198.00000000,0
1671685200000,1.00000000,1.00000000,0.99990000,0.99990000,8867426.00000000,1671688799999,8866921.09050000,8063,3818331.00000000,3818331.00000000,0
1671688800000,0.99990000,1.00000000,0.99990000,0.99990000,10856718.00000000,1671692399999,10856143.43340000,9829,5111052.00000000,5111052.00000000,0
1671692400000,1.00000000,1.00000000,0.99990000,1.00000000,11890611.00000000,1671695999999,11889932.72700000,9940,5107881.00000000,5107881.00000000,0
1671696000000,1.00000000,1.00000000,0.99990000,0.99990000,11882803.00000000,1671699599999,11882317.20660000,9466,7024869.00000000,7024869.00000000,0
1671699600000,1.00000000,1.00000000,0.99990000,0.99990000,14895081.00000000,1671703199999,14894457.86560000,8482,8663737.00000000,8663737.00000000,0
1671703200000,0.99990000,1.00000000,0.99990000,1.00000000,26572461.00000000,1671706799999,26571698.79380000,8230,18950399.00000000,18950399.00000000,0
1671706800000,0.99990000,1.00000000,0.99990000,0.99990000,21052016.00000000,1671710399999,21050983.25740000,9073,10724590.00000000,10724590.00000000,0
1671710400000,1.00000000,1.00000000,0.99990000,1.00000000,25690350.00000000,1671713999999,25689556.41600000,11522,17754510.00000000,17754510.00000000,0
1671714000000,0.99990000,1.00000000,0.99990000,0.99990000,24065848.00000000,1671717599999,24065111.19440000,10671,16697792.00000000,16697792.00000000,0
1671717600000,0.99990000,1.00010000,0.99990000,1.00000000,53562930.00000000,1671721199999,53562649.35620000,15623,39220627.00000000,39221150.88940000,0
1671721200000,1.00000000,1.00010000,1.00000000,1.00000000,20379063.00000000,1671724799999,20379795.34880000,13878,7323488.00000000,7324220.34880000,0
1671724800000,1.00000000,1.00010000,1.00000000,1.00010000,19863377.00000000,1671728399999,19864217.24490000,10394,8402449.00000000,8403289.24490000,0
1671728400000,1.00000000,1.00010000,1.00000000,1.00010000,18817269.00000000,1671731999999,18817857.61820000,9894,5886182.00000000,5886770.61820000,0
1671732000000,1.00010000,1.00010000,1.00000000,1.00000000,19422484.00000000,1671735599999,19423789.50910000,10228,13055091.00000000,13056396.50910000,0
1671735600000,1.00000000,1.00010000,1.00000000,1.00000000,18971658.00000000,1671739199999,18972536.37490000,9765,8783749.00000000,8784627.37490000,0
1671739200000,1.00000000,1.00010000,1.00000000,1.00010000,17072142.00000000,1671742799999,17073059.81390000,12690,9178139.00000000,9179056.81390000,0
1671742800000,1.00000000,1.00010000,1.00000000,1.00000000,8633128.00000000,1671746399999,8633450.20280000,7371,3222028.00000000,3222350.20280000,0
1671746400000,1.00000000,1.00010000,1.00000000,1.00010000,7196528.00000000,1671749999999,7196862.72740000,6732,3347274.00000000,3347608.72740000,0
1671750000000,1.00000000,1.00010000,1.00000000,1.00010000,7396876.00000000,1671753599999,7397337.41040000,6086,4614104.00000000,4614565.41040000,0
1671753600000,1.00010000,1.00010000,1.00000000,1.00000000,14443586.00000000,1671757199999,14444655.26790000,7594,10692679.00000000,10693748.26790000,0
1671757200000,1.00010000,1.00010000,1.00000000,1.00000000,7163361.00000000,1671760799999,7163752.42360000,5472,3914236.00000000,3914627.42360000,0
1671760800000,1.00000000,1.00010000,1.00000000,1.00000000,9253595.00000000,1671764399999,9254113.75200000,7174,5187520.00000000,5188038.75200000,0
1671764400000,1.00000000,1.00010000,1.00000000,1.00010000,9911578.00000000,1671767999999,9912187.68670000,6650,6096867.00000000,6097476.68670000,0
1671768000000,1.00000000,1.00010000,1.00000000,1.00000000,16872512.00000000,1671771599999,16873809.31740000,5960,12973174.00000000,12974471.31740000,0
1671771600000,1.00000000,1.00010000,1.00000000,1.00000000,8939754.00000000,1671775199999,8940074.99330000,7070,3209933.00000000,3210253.99330000,0
1671775200000,1.00000000,1.00010000,1.00000000,1.00010000,11126778.00000000,1671778799999,11127076.19470000,6595,2981947.00000000,2982245.19470000,0
1671778800000,1.00000000,1.00010000,1.00000000,1.00000000,19527614.00000000,1671782399999,19528263.82290000,7132,6498229.00000000,6498878.82290000,0
1671782400000,1.00000000,1.00010000,1.00000000,1.00000000,19012866.00000000,1671785999999,19013514.51670000,8750,6485167.00000000,6485815.51670000,0
1671786000000,1.00000000,1.00010000,1.00000000,1.00010000,20259240.00000000,1671789599999,20260253.80460000,7387,10138046.00000000,10139059.80460000,0
1671789600000,1.00000000,1.00010000,1.00000000,1.00000000,13807501.00000000,1671793199999,13808067.67830000,8795,5666783.00000000,5667349.67830000,0
1671793200000,1.00010000,1.00010000,1.00000000,1.00000000,22186070.00000000,1671796799999,22187387.24790000,6666,13172479.00000000,13173796.24790000,0
1671796800000,1.00010000,1.00010000,1.00000000,1.00000000,21657265.00000000,1671800399999,21658628.40620000,7349,13634062.00000000,13635425.40620000,0
1671800400000,1.00010000,1.00010000,1.00000000,1.00000000,30423100.00000000,1671803999999,30424533.70140000,11787,14337014.00000000,14338447.70140000,0
1671804000000,1.00010000,1.00010000,1.00000000,1.00000000,44061656.00000000,1671807599999,44064962.71570000,11548,33067157.00000000,33070463.71570000,0
1671807600000,1.00000000,1.00010000,1.00000000,1.00000000,53578948.00000000,1671811199999,53582674.04460000,11060,37260446.00000000,37264172.04460000,0
1671811200000,1.00010000,1.00010000,1.00000000,1.00010000,31627854.00000000,1671814799999,31630083.78020000,8404,22297802.00000000,22300031.78020000,0
1671814800000,1.00010000,1.00010000,1.00000000,1.00000000,20127430.00000000,1671818399999,20128457.96010000,6518,10279601.00000000,10280628.96010000,0
1671818400000,1.00000000,1.00010000,1.00000000,1.00010000,15939095.00000000,1671821999999,15940186.04520000,7035,10910452.00000000,10911543.04520000,0
1671822000000,1.00000000,1.00010000,1.00000000,1.00000000,15771148.00000000,1671825599999,15772345.09760000,5870,11970976.00000000,11972173.09760000,0
1671825600000,1.00010000,1.00010000,1.00000000,1.00000000,31070800.00000000,1671829199999,31072545.84030000,9121,17458403.00000000,17460148.84030000,0
1671829200000,1.00010000,1.00020000,1.00000000,1.00010000,55806186.00000000,1671832799999,55811999.43490000,12311,28933546.00000000,28937338.85220000,0
1671832800000,1.00020000,1.00020000,1.00000000,1.00000000,30501433.00000000,1671836399999,30504363.46230000,11528,9124919.00000000,9125914.93060000,0
1671836400000,1.00010000,1.00010000,1.00000000,1.00000000,4874111.00000000,1671839999999,4874280.36030000,7998,1693603.00000000,1693772.36030000,0
1671840000000,1.00000000,1.00010000,1.00000000,1.00010000,3188763.00000000,1671843599999,3188913.66450000,8112,1506645.00000000,1506795.66450000,0
1671843600000,1.00010000,1.00010000,1.00000000,1.00010000,4107478.00000000,1671847199999,4107702.31190000,8340,2243119.00000000,2243343.31190000,0
1671847200000,1.00000000,1.00010000,1.00000000,1.00010000,6701563.00000000,1671850799999,6701795.44210000,9686,2324421.00000000,2324653.44210000,0
1671850800000,1.00000000,1.00010000,1.00000000,1.00000000,5914201.00000000,1671854399999,5914455.07770000,7115,2540777.00000000,2541031.07770000,0
1671854400000,1.00000000,1.00010000,1.00000000,1.00000000,4968188.00000000,1671857999999,4968484.36010000,6000,2963601.00000000,2963897.36010000,0
1671858000000,1.00010000,1.00010000,1.00000000,1.00010000,5650617.00000000,1671861599999,5650901.51920000,7884,2845192.00000000,2845476.51920000,0
1671861600000,1.00010000,1.00010000,1.00000000,1.00010000,3304175.00000000,1671865199999,3304315.72780000,6927,1407278.00000000,1407418.72780000,0
1671865200000,1.00010000,1.00010000,1.00000000,1.00010000,5763347.00000000,1671868799999,5763682.22420000,8387,3352242.00000000,3352577.22420000,0
1671868800000,1.00000000,1.00010000,1.00000000,1.00010000,4720963.00000000,1671872399999,4721130.21970000,9193,1672197.00000000,1672364.21970000,0
1671872400000,1.00010000,1.00010000,1.00000000,1.00000000,21938626.00000000,1671875999999,21940234.42960000,8456,16084296.00000000,16085904.42960000,0
1671876000000,1.00000000,1.00010000,1.00000000,1.00000000,6539434.00000000,1671879599999,6539657.12320000,9042,2231232.00000000,2231455.12320000,0
1671879600000,1.00010000,1.00010000,1.00000000,1.00010000,5529072.00000000,1671883199999,5529285.59740000,7397,2135974.00000000,2136187.59740000,0
1671883200000,1.00000000,1.00010000,1.00000000,1.00000000,4727989.00000000,1671886799999,4728154.23590000,7906,1652359.00000000,1652524.23590000,0
1671886800000,1.00010000,1.00010000,1.00000000,1.00000000,10741001.00000000,1671890399999,10741254.04710000,8216,2530471.00000000,2530724.04710000,0
1671890400000,1.00000000,1.00010000,1.00000000,1.00000000,11355467.00000000,1671893999999,11356240.66450000,8917,7736645.00000000,7737418.66450000,0
1671894000000,1.00000000,1.00010000,1.00000000,1.00010000,12419325.00000000,1671897599999,12420077.82410000,13788,7528241.00000000,7528993.82410000,0
1671897600000,1.00010000,1.00010000,1.00000000,1.00000000,8586135.00000000,1671901199999,8586547.69020000,10126,4126902.00000000,4127314.69020000,0
1671901200000,1.00000000,1.00010000,1.00000000,1.00000000,5070688.00000000,1671904799999,5070951.03260000,8802,2630326.00000000,2630589.03260000,0
1671904800000,1.00010000,1.00010000,1.00000000,1.00010000,3609191.00000000,1671908399999,3609313.13980000,7353,1221398.00000000,1221520.13980000,0
1671908400000,1.00000000,1.00010000,1.00000000,1.00010000,10175933.00000000,1671911999999,10176817.21400000,6482,8842140.00000000,8843024.21400000,0
1671912000000,1.00000000,1.00010000,1.00000000,1.00010000,7936638.00000000,1671915599999,7937278.84450000,6421,6408445.00000000,6409085.84450000,0
1671915600000,1.00000000,1.00010000,1.00000000,1.00000000,3978553.00000000,1671919199999,3978724.81430000,9128,1718143.00000000,1718314.81430000,0
1671919200000,1.00000000,1.00010000,1.00000000,1.00000000,5041589.00000000,1671922799999,5041802.18750000,10677,2131875.00000000,2132088.18750000,0
1671922800000,1.00010000,1.00010000,1.00000000,1.00010000,3645284.00000000,1671926399999,3645380.39550000,6329,963955.00000000,964051.39550000,0
1671926400000,1.00000000,1.00010000,1.00000000,1.00000000,9402820.00000000,1671929999999,9403484.08270000,8466,6640827.00000000,6641491.08270000,0
1671930000000,1.00000000,1.00010000,1.00000000,1.00000000,3665718.00000000,1671933599999,3665853.47660000,5134,1354766.00000000,1354901.47660000,0
1671933600000,1.00010000,1.00010000,1.00000000,1.00010000,8236446.00000000,1671937199999,8237035.69930000,4848,5896993.00000000,5897582.69930000,0
1671937200000,1.00010000,1.00010000,1.00000000,1.00000000,2288040.00000000,1671940799999,2288112.66780000,3622,726678.00000000,726750.66780000,0
1671940800000,1.00000000,1.00010000,1.00000000,1.00000000,2618408.00000000,1671944399999,2618547.22090000,4007,1392209.00000000,1392348.22090000,0
1671944400000,1.00000000,1.00010000,1.00000000,1.00000000,14497004.00000000,1671947999999,14498320.17310000,4698,13161731.00000000,13163047.17310000,0
1671948000000,1.00000000,1.00010000,1.00000000,1.00010000,16003591.00000000,1671951599999,16004827.90860000,6029,12369086.00000000,12370322.90860000,0
1671951600000,1.00000000,1.00010000,1.00000000,1.00000000,4580188.00000000,1671955199999,4580288.95740000,6424,1009574.00000000,1009674.95740000,0
1671955200000,1.00000000,1.00010000,1.00000000,1.00000000,3873489.00000000,1671958799999,3873588.42640000,5546,994264.00000000,994363.42640000,0
1671958800000,1.00000000,1.00010000,1.00000000,1.00000000,8143181.00000000,1671962399999,8143758.29830000,5581,5772983.00000000,5773560.29830000,0
1671962400000,1.00000000,1.00010000,1.00000000,1.00000000,24736636.00000000,1671965999999,24738887.74930000,5835,22517493.00000000,22519744.74930000,0
1671966000000,1.00010000,1.00020000,1.00000000,1.00010000,69714495.00000000,1671969599999,69722513.68590000,8217,45473928.00000000,45479640.12130000,0
1671969600000,1.00010000,1.00020000,1.00010000,1.00010000,20495289.00000000,1671973199999,20498635.04520000,9566,12965163.00000000,12967756.03260000,0
1671973200000,1.00010000,1.00020000,1.00010000,1.00010000,34040630.00000000,1671976799999,34045783.92710000,10009,17498641.00000000,17502140.72820000,0
1671976800000,1.00010000,1.00020000,1.00010000,1.00010000,12573651.00000000,1671980399999,12575400.04510000,13568,4916800.00000000,4917783.36000000,0
1671980400000,1.00020000,1.00020000,1.00010000,1.00010000,11918747.00000000,1671983999999,11920805.37280000,9495,8664981.00000000,8666713.99620000,0
1671984000000,1.00020000,1.00020000,1.00010000,1.00010000,29849308.00000000,1671987599999,29855012.52610000,7320,27195953.00000000,27201392.19060000,0
1671987600000,1.00010000,1.00020000,1.00010000,1.00010000,7049625.00000000,1671991199999,7050642.45750000,5943,3124950.00000000,3125574.99000000,0
1671991200000,1.00020000,1.00020000,1.00010000,1.00010000,4098144.00000000,1671994799999,4098721.87030000,10387,1680559.00000000,1680895.11180000,0
1671994800000,1.00010000,1.00020000,1.00010000,1.00020000,6899152.00000000,1671998399999,6900064.74570000,9362,2228305.00000000,2228750.66100000,0
1671998400000,1.00010000,1.00020000,1.00010000,1.00020000,3488768.00000000,1672001999999,3489287.11680000,6312,1702400.00000000,1702740.48000000,0
1672002000000,1.00020000,1.00020000,1.00010000,1.00020000,4849928.00000000,1672005599999,4850611.30390000,7208,1983111.00000000,1983507.62220000,0
1672005600000,1.00020000,1.00020000,1.00010000,1.00010000,3999402.00000000,1672009199999,4000040.25090000,6385,2383107.00000000,2383583.62140000,0
1672009200000,1.00020000,1.00020000,1.00010000,1.00010000,29190830.00000000,1672012799999,29196227.84250000,23275,24787595.00000000,24792552.51900000,0
1672012800000,1.00020000,1.00020000,1.00010000,1.00010000,15490131.00000000,1672016399999,15492699.07030000,20270,10190572.00000000,10192610.11440000,0
1672016400000,1.00020000,1.00020000,1.00010000,1.00010000,14051627.00000000,1672019999999,14053619.26000000,21564,5870973.00000000,5872147.19460000,0
1672020000000,1.00020000,1.00020000,1.00010000,1.00010000,17201247.00000000,1672023599999,17204060.39360000,11312,10932689.00000000,10934875.53780000,0
1672023600000,1.00020000,1.00020000,1.00010000,1.00010000,7885891.00000000,1672027199999,7886968.50430000,8751,2889152.00000000,2889729.83040000,0
1672027200000,1.00010000,1.00020000,1.00010000,1.00010000,8387784.00000000,1672030799999,8388855.26100000,8385,2324826.00000000,2325290.96520000,0
1672030800000,1.00010000,1.00020000,1.00010000,1.00010000,8821835.00000000,1672034399999,8822906.52700000,10906,1893435.00000000,1893813.68700000,0
1672034400000,1.00010000,1.00020000,1.00010000,1.00010000,21992261.00000000,1672037999999,21995910.78020000,11087,14505541.00000000,14508442.10820000,0
1672038000000,1.00010000,1.00020000,1.00010000,1.00010000,26860492.00000000,1672041599999,26865174.59510000,10693,19965459.00000000,19969452.09180000,0
1672041600000,1.00010000,1.00020000,1.00010000,1.00010000,11897771.00000000,1672045199999,11899303.15290000,10985,3423758.00000000,3424442.75160000,0
1672045200000,1.00010000,1.00020000,1.00010000,1.00010000,13302562.00000000,1672048799999,13304177.40050000,13447,2851443.00000000,2852013.28860000,0
1672048800000,1.00010000,1.00020000,1.00010000,1.00010000,18926145.00000000,1672052399999,18929138.14130000,12275,11005268.00000000,11007469.05360000,0
1672052400000,1.00010000,1.00020000,1.00010000,1.00010000,8295432.00000000,1672055999999,8296518.50770000,10874,2569645.00000000,2570158.92900000,0
1672056000000,1.00020000,1.00020000,1.00010000,1.00010000,7313723.00000000,1672059599999,7314743.64610000,9356,2892738.00000000,2893316.54760000,0
1672059600000,1.00010000,1.00020000,1.00010000,1.00010000,28065174.00000000,1672063199999,28069806.87910000,9398,18263617.00000000,18267269.72340000,0
1672063200000,1.00010000,1.00020000,1.00010000,1.00010000,13595822.00000000,1672066799999,13598006.55910000,8528,8249769.00000000,8251418.95380000,0
1672066800000,1.00010000,1.00020000,1.00010000,1.00010000,8596380.00000000,1672070399999,8597575.83750000,11600,3361995.00000000,3362667.39900000,0
1672070400000,1.00010000,1.00020000,1.00010000,1.00010000,21314617.00000000,1672073999999,21318448.98900000,10461,17005273.00000000,17008674.05460000,0
1672074000000,1.00020000,1.00020000,1.00010000,1.00010000,34902849.00000000,1672077599999,34909471.76570000,8331,31324808.00000000,31331072.96160000,0
1672077600000,1.00010000,1.00020000,1.00010000,1.00010000,10019155.00000000,1672081199999,10020948.60510000,8121,7916896.00000000,7918479.37920000,0
1672081200000,1.00020000,1.00020000,1.00010000,1.00010000,7418322.00000000,1672084799999,7419389.27230000,9829,3254401.00000000,3255051.88020000,0
1672084800000,1.00010000,1.00020000,1.00010000,1.00010000,4338503.00000000,1672088399999,4339090.98680000,7213,1541365.00000000,1541673.27300000,0
1672088400000,1.00020000,1.00020000,1.00010000,1.00010000,6682120.00000000,1672091999999,6683024.65550000,10595,2364435.00000000,2364907.88700000,0
1672092000000,1.00010000,1.00020000,1.00010000,1.00010000,11990441.00000000,1672095599999,11992369.83750000,9348,7297934.00000000,7299393.58680000,0
1672095600000,1.00020000,1.00020000,1.00010000,1.00010000,6428199.00000000,1672099199999,6429130.00920000,11049,2881893.00000000,2882469.37860000,0
1672099200000,1.00010000,1.00020000,1.00010000,1.00010000,11064270.00000000,1672102799999,11066162.57450000,10662,7861475.00000000,7863047.29500000,0
1672102800000,1.00020000,1.00020000,1.00010000,1.00010000,5852438.00000000,1672106399999,5853350.98290000,8445,3277391.00000000,3278046.47820000,0
1672106400000,1.00020000,1.00020000,1.00010000,1.00010000,11763881.00000000,1672109999999,11765892.28140000,5453,8348933.00000000,8350602.78660000,0
1672110000000,1.00010000,1.00030000,1.00010000,1.00030000,47821169.00000000,1672113599999,47831944.56790000,8592,30690537.00000000,30697922.41800000,0
1672113600000,1.00030000,1.00030000,1.00020000,1.00020000,9429702.00000000,1672117199999,9432012.35460000,6354,4244142.00000000,4245415.24260000,0
1672117200000,1.00030000,1.00030000,1.00020000,1.00020000,22130438.00000000,1672120799999,22135374.03220000,8820,5099446.00000000,5100975.83380000,0
1672120800000,1.00020000,1.00030000,1.00020000,1.00020000,45928455.00000000,1672124399999,45940087.43840000,8541,24467474.00000000,24474814.24220000,0
1672124400000,1.00030000,1.00030000,1.00020000,1.00020000,30737231.00000000,1672127999999,30744189.12190000,13257,8106757.00000000,8109189.02710000,0
1672128000000,1.00020000,1.00030000,1.00020000,1.00020000,23521968.00000000,1672131599999,23527123.79040000,16201,4513968.00000000,4515322.19040000,0
1672131600000,1.00020000,1.00030000,1.00020000,1.00020000,30153023.00000000,1672135199999,30160191.16610000,18537,11375615.00000000,11379027.68450000,0
1672135200000,1.00030000,1.00030000,1.00020000,1.00020000,23050450.00000000,1672138799999,23055699.23100000,14839,6391410.00000000,6393327.42300000,0
1672138800000,1.00020000,1.00030000,1.00020000,1.00020000,11891995.00000000,1672142399999,11894692.59740000,13143,3191984.00000000,3192941.59520000,0
1672142400000,1.00020000,1.00030000,1.00020000,1.00020000,14304995.00000000,1672145999999,14308102.80430000,13425,2468053.00000000,2468793.41590000,0
1672146000000,1.00030000,1.00030000,1.00020000,1.00030000,16558531.00000000,1672149599999,16562116.97920000,9835,2742730.00000000,2743552.81900000,0
1672149600000,1.00020000,1.00030000,1.00020000,1.00020000,20642512.00000000,1672153199999,20647488.49670000,15953,8479943.00000000,8482486.98290000,0
1672153200000,1.00030000,1.00030000,1.00020000,1.00020000,14634190.00000000,1672156799999,14637667.44560000,13379,5506076.00000000,5507727.82280000,0
1672156800000,1.00020000,1.00030000,1.00020000,1.00020000,18948561.00000000,1672160399999,18953457.70060000,14128,11069884.00000000,11073204.96520000,0
1672160400000,1.00020000,1.00030000,1.00020000,1.00020000,24554775.00000000,1672163999999,24561263.86110000,16481,15779061.00000000,15783794.71830000,0
1672164000000,1.00020000,1.00030000,1.00020000,1.00020000,13548006.00000000,1672167599999,13551583.75000000,11662,8681488.00000000,8684092.44640000,0
1672167600000,1.00030000,1.00030000,1.00020000,1.00020000,9265089.00000000,1672171199999,9267479.06770000,11185,5370499.00000000,5372110.14970000,0
1672171200000,1.00030000,1.00030000,1.00020000,1.00020000,8179573.00000000,1672174799999,8181696.48520000,10508,4875706.00000000,4877168.71180000,0
1672174800000,1.00020000,1.00030000,1.00020000,1.00020000,9240088.00000000,1672178399999,9242418.10930000,10969,4820917.00000000,4822363.27510000,0
1672178400000,1.00030000,1.00030000,1.00020000,1.00020000,10976747.00000000,1672181999999,10979677.49620000,8400,7351468.00000000,7353673.44040000,0
1672182000000,1.00020000,1.00030000,1.00020000,1.00020000,4502725.00000000,1672185599999,4503853.56160000,7363,2280166.00000000,2280850.04980000,0
1672185600000,1.00020000,1.00030000,1.00020000,1.00020000,13847693.00000000,1672189199999,13851517.22820000,8970,10546896.00000000,10550060.06880000,0
1672189200000,1.00030000,1.00030000,1.00020000,1.00020000,29509801.00000000,1672192799999,29518277.75420000,9747,25747940.00000000,25755664.38200000,0
1672192800000,1.00030000,1.00030000,1.00020000,1.00020000,12477282.00000000,1672196399999,12480681.60580000,7864,9041494.00000000,9044206.44820000,0
1672196400000,1.00030000,1.00030000,1.00020000,1.00020000,17340257.00000000,1672199999999,17344802.35190000,17001,10773005.00000000,10776236.90150000,0
1672200000000,1.00030000,1.00030000,1.00020000,1.00020000,12369414.00000000,1672203599999,12372656.96980000,13244,7690870.00000000,7693177.26100000,0
1672203600000,1.00020000,1.00030000,1.00020000,1.00030000,14781053.00000000,1672207199999,14784733.04200000,19205,7238314.00000000,7240485.49420000,0
1672207200000,1.00030000,1.00030000,1.00020000,1.00020000,17035066.00000000,1672210799999,17039132.39350000,12584,6593803.00000000,6595781.14090000,0
1672210800000,1.00030000,1.00030000,1.00020000,1.00020000,26337185.00000000,1672214399999,26344266.04970000,11058,18136127.00000000,18141567.83810000,0
1672214400000,1.00030000,1.00040000,1.00020000,1.00030000,48663529.00000000,1672217999999,48677321.56240000,11820,40390684.00000000,40402805.64350000,0
1672218000000,1.00040000,1.00040000,1.00020000,1.00020000,58962614.00000000,1672221599999,58980570.59850000,13432,15691689.00000000,15696890.59320000,0
1672221600000,1.00030000,1.00040000,1.00020000,1.00030000,39717826.00000000,1672225199999,39729968.61550000,12131,33907442.00000000,33918163.80920000,0
1672225200000,1.00040000,1.00040000,1.00030000,1.00030000,23941589.00000000,1672228799999,23950023.75670000,12988,12522800.00000000,12527809.12000000,0
1672228800000,1.00030000,1.00040000,1.00030000,1.00030000,21728008.00000000,1672232399999,21735363.03020000,12218,8366278.00000000,8369624.51120000,0
1672232400000,1.00030000,1.00040000,1.00030000,1.00030000,13830093.00000000,1672235999999,13834909.40640000,10082,6673785.00000000,6676454.51400000,0
1672236000000,1.00030000,1.00040000,1.00030000,1.00030000,42212140.00000000,1672239599999,42227894.82120000,14433,30911792.00000000,30924156.71680000,0
1672239600000,1.00030000,1.00040000,1.00030000,1.00030000,55746148.00000000,1672243199999,55767522.38210000,14650,46505377.00000000,46523979.15080000,0
1672243200000,1.00030000,1.00050000,1.00030000,1.00050000,39194997.00000000,1672246799999,39211160.40800000,16986,28138647.00000000,28150566.19550000,0
1672246800000,1.00050000,1.00050000,1.00040000,1.00040000,27591531.00000000,1672250399999,27604268.49250000,19916,17008801.00000000,17017305.40050000,0
1672250400000,1.00050000,1.00050000,1.00040000,1.00050000,43562728.00000000,1672253999999,43584086.91940000,13739,39338282.00000000,39357951.14100000,0
1672254000000,1.00040000,1.00050000,1.00040000,1.00040000,10130666.00000000,1672257599999,10135294.42870000,10162,5761623.00000000,5764503.81150000,0
1672257600000,1.00050000,1.00050000,1.00040000,1.00040000,10944468.00000000,1672261199999,10949501.03590000,9512,6552487.00000000,6555763.24350000,0
1672261200000,1.00050000,1.00060000,1.00040000,1.00050000,36927838.00000000,1672264799999,36946012.45670000,14981,27092435.00000000,27106087.54010000,0
1672264800000,1.00060000,1.00060000,1.00050000,1.00050000,29630304.00000000,1672268399999,29645866.74730000,10944,7475953.00000000,7480438.57180000,0
1672268400000,1.00060000,1.00060000,1.00050000,1.00050000,12965138.00000000,1672271999999,12972480.90350000,7618,8603345.00000000,8608507.00700000,0
1672272000000,1.00060000,1.00060000,1.00050000,1.00050000,10797304.00000000,1672275599999,10803164.44020000,10852,4617882.00000000,4620652.72920000,0
1672275600000,1.00050000,1.00060000,1.00040000,1.00040000,44646011.00000000,1672279199999,44668351.86620000,8510,4724898.00000000,4727463.10150000,0
1672279200000,1.00050000,1.00050000,1.00040000,1.00040000,13104582.00000000,1672282799999,13110569.41180000,12537,7455790.00000000,7459517.89500000,0
1672282800000,1.00040000,1.00050000,1.00040000,1.00040000,15637061.00000000,1672286399999,15644570.05660000,7897,12542322.00000000,12548593.16100000,0
1672286400000,1.00050000,1.00050000,1.00040000,1.00040000,20537194.00000000,1672289999999,20547148.25730000,7714,17393797.00000000,17402493.89850000,0
1672290000000,1.00040000,1.00060000,1.00040000,1.00050000,25086299.00000000,1672293599999,25099171.06420000,7360,18525162.00000000,18534764.90070000,0
1672293600000,1.00050000,1.00060000,1.00040000,1.00050000,24732665.00000000,1672297199999,24745273.25680000,7427,7075277.00000000,7079151.91050000,0
1672297200000,1.00050000,1.00050000,1.00040000,1.00040000,60510772.00000000,1672300799999,60536908.94120000,10232,19326324.00000000,19335987.16200000,0
1672300800000,1.00050000,1.00050000,1.00040000,1.00040000,44653460.00000000,1672304399999,44673106.27750000,10835,17848935.00000000,17857859.46750000,0
1672304400000,1.00040000,1.00050000,1.00040000,1.00040000,25135986.00000000,1672307999999,25147829.08400000,14224,17886896.00000000,17895839.44800000,0
1672308000000,1.00050000,1.00050000,1.00040000,1.00040000,55720775.00000000,1672311599999,55744145.17920000,13390,10818692.00000000,10824101.34600000,0
1672311600000,1.00050000,1.00050000,1.00030000,1.00030000,46941451.00000000,1672315199999,46960295.32000000,11864,15874320.00000000,15881080.84600000,0
1672315200000,1.00040000,1.00040000,1.00030000,1.00030000,36032387.00000000,1672318799999,36046222.06250000,10185,30253464.00000000,30265565.38560000,0
1672318800000,1.00030000,1.00040000,1.00030000,1.00030000,44360541.00000000,1672322399999,44375569.65550000,11062,17204932.00000000,17211813.97280000,0
1672322400000,1.00030000,1.00040000,1.00030000,1.00030000,36809224.00000000,1672325999999,36823249.34580000,10871,29825786.00000000,29837716.31440000,0
1672326000000,1.00040000,1.00040000,1.00030000,1.00030000,32021735.00000000,1672329599999,32034148.28810000,11012,28067676.00000000,28078903.07040000,0
1672329600000,1.00040000,1.00040000,1.00030000,1.00030000,43086152.00000000,1672333199999,43102886.79200000,16411,38089464.00000000,38104699.78560000,0
1672333200000,1.00030000,1.00040000,1.00030000,1.00030000,26132867.00000000,1672336799999,26142698.53100000,13410,19916709.00000000,19924675.68360000,0
1672336800000,1.00040000,1.00050000,1.00030000,1.00040000,37029221.00000000,1672340399999,37044245.25530000,16088,22674249.00000000,22683851.72120000,0
1672340400000,1.00040000,1.00050000,1.00040000,1.00040000,13162071.00000000,1672343999999,13167795.72570000,9620,4598973.00000000,4601272.48650000,0
1672344000000,1.00040000,1.00050000,1.00040000,1.00040000,14913685.00000000,1672347599999,14920034.96330000,15690,3844893.00000000,3846815.44650000,0
1672347600000,1.00040000,1.00050000,1.00040000,1.00040000,13161188.00000000,1672351199999,13166906.90740000,8931,4544322.00000000,4546594.16100000,0
1672351200000,1.00050000,1.00050000,1.00040000,1.00040000,8891934.00000000,1672354799999,8895984.04410000,11697,4932705.00000000,4935171.35250000,0
1672354800000,1.00040000,1.00050000,1.00040000,1.00040000,8578816.00000000,1672358399999,8582614.72470000,10417,3671983.00000000,3673818.99150000,0
1672358400000,1.00040000,1.00050000,1.00040000,1.00050000,20493190.00000000,1672361999999,20502733.12350000,10462,13458475.00000000,13465204.23750000,0
1672362000000,1.00050000,1.00050000,1.00040000,1.00040000,14654530.00000000,1672365599999,14661304.30920000,8817,9124972.00000000,9129534.48600000,0
1672365600000,1.00040000,1.00050000,1.00040000,1.00050000,17478428.00000000,1672369199999,17486687.59500000,9506,12682238.00000000,12688579.11900000,0
1672369200000,1.00040000,1.00050000,1.00040000,1.00040000,14458759.00000000,1672372799999,14465448.93830000,7784,9064347.00000000,9068879.17350000,0
1672372800000,1.00040000,1.00050000,1.00040000,1.00040000,15237568.00000000,1672376399999,15244814.04060000,7830,11510134.00000000,11515889.06700000,0
1672376400000,1.00050000,1.00050000,1.00040000,1.00040000,23395691.00000000,1672379999999,23406666.63270000,9817,16173563.00000000,16181649.78150000,0
1672380000000,1.00050000,1.00050000,1.00040000,1.00050000,42711456.00000000,1672383599999,42730083.80470000,8849,15432223.00000000,15439939.11150000,0
1672383600000,1.00050000,1.00050000,1.00040000,1.00040000,19154180.00000000,1672387199999,19162596.10040000,14521,7544284.00000000,7548056.14200000,0
1672387200000,1.00040000,1.00050000,1.00040000,1.00040000,25011943.00000000,1672390799999,25023361.29610000,13646,14135189.00000000,14142256.59450000,0
1672390800000,1.00050000,1.00050000,1.00040000,1.00040000,29274571.00000000,1672394399999,29288349.10200000,10271,20682736.00000000,20693077.36800000,0
1672394400000,1.00050000,1.00050000,1.00040000,1.00040000,39044902.00000000,1672397999999,39062149.35900000,9909,16293982.00000000,16302128.99100000,0
1672398000000,1.00040000,1.00050000,1.00040000,1.00040000,9483379.00000000,1672401599999,9487534.05400000,10020,3617024.00000000,3618832.51200000,0
1672401600000,1.00050000,1.00050000,1.00040000,1.00050000,17636185.00000000,1672405199999,17644358.64480000,12850,11191708.00000000,11197303.85400000,0
1672405200000,1.00040000,1.00050000,1.00040000,1.00040000,32303680.00000000,1672408799999,32318873.72370000,16384,22722517.00000000,22733878.25850000,0
1672408800000,1.00040000,1.00050000,1.00040000,1.00040000,22074580.00000000,1672412399999,22084884.99930000,15096,14751673.00000000,14759048.83650000,0
1672412400000,1.00050000,1.00050000,1.00040000,1.00040000,19338242.00000000,1672415999999,19346773.74960000,11717,7964528.00000000,7968510.26400000,0
1672416000000,1.00050000,1.00050000,1.00040000,1.00040000,23335413.00000000,1672419599999,23346204.00000000,11426,14568348.00000000,14575632.17400000,0
1672419600000,1.00040000,1.00050000,1.00040000,1.00040000,34671323.00000000,1672423199999,34688097.73570000,10535,29062065.00000000,29076596.03250000,0
1672423200000,1.00050000,1.00050000,1.00040000,1.00040000,20663811.00000000,1672426799999,20673428.05020000,10467,13515258.00000000,13522015.62900000,0
1672426800000,1.00050000,1.00050000,1.00040000,1.00050000,6440729.00000000,1672430399999,6443587.67160000,8383,2823800.00000000,2825211.90000000,0
1672430400000,1.00050000,1.00050000,1.00040000,1.00040000,22772706.00000000,1672433999999,22783836.79780000,8278,20217154.00000000,20227262.57700000,0
1672434000000,1.00040000,1.00050000,1.00040000,1.00050000,25346121.00000000,1672437599999,25358476.81780000,8062,22173694.00000000,22184780.84700000,0
1672437600000,1.00050000,1.00050000,1.00040000,1.00040000,4495050.00000000,1672441199999,4497074.15500000,6535,2261350.00000000,2262480.67500000,0
1672441200000,1.00050000,1.00050000,1.00040000,1.00050000,7202311.00000000,1672444799999,7205654.81770000,6320,4628933.00000000,4631247.46650000,0
1672444800000,1.00040000,1.00050000,1.00040000,1.00040000,2815029.00000000,1672448399999,2816281.32490000,6726,1263133.00000000,1263764.56650000,0
1672448400000,1.00040000,1.00050000,1.00040000,1.00040000,7384442.00000000,1672451999999,7387937.29490000,5918,5415181.00000000,5417888.59050000,0
1672452000000,1.00040000,1.00050000,1.00040000,1.00050000,9815056.00000000,1672455599999,9819699.03490000,4908,7170125.00000000,7173710.06250000,0
1672455600000,1.00050000,1.00050000,1.00040000,1.00050000,7237921.00000000,1672459199999,7241017.37910000,5040,2012107.00000000,2013113.05350000,0
1672459200000,1.00050000,1.00050000,1.00040000,1.00040000,6720118.00000000,1672462799999,6723059.13330000,4701,2530861.00000000,2532126.43050000,0
1672462800000,1.00040000,1.00050000,1.00040000,1.00040000,3002667.00000000,1672466399999,3004017.12650000,4564,1490597.00000000,1491342.29850000,0
1672466400000,1.00050000,1.00050000,1.00040000,1.00050000,25088207.00000000,1672469999999,25098438.89620000,5031,1966134.00000000,1967117.06700000,0
1672470000000,1.00040000,1.00050000,1.00040000,1.00040000,5334505.00000000,1672473599999,5336910.55540000,6421,2717534.00000000,2718892.76700000,0
1672473600000,1.00040000,1.00050000,1.00040000,1.00050000,16017179.00000000,1672477199999,16024846.57640000,7728,12607048.00000000,12613351.52400000,0
1672477200000,1.00040000,1.00050000,1.00040000,1.00040000,35698365.00000000,1672480799999,35715105.15190000,8312,24608059.00000000,24620363.02950000,0
1672480800000,1.00040000,1.00050000,1.00040000,1.00050000,14017797.00000000,1672484399999,14024574.53180000,8855,11704130.00000000,11709982.06500000,0
1672484400000,1.00050000,1.00050000,1.00040000,1.00050000,5970723.00000000,1672487999999,5973356.23310000,6912,2449439.00000000,2450663.71950000,0
1672488000000,1.00040000,1.00050000,1.00040000,1.00040000,18387753.00000000,1672491599999,18396646.38590000,7503,15382847.00000000,15390538.42350000,0
1672491600000,1.00050000,1.00050000,1.00040000,1.00050000,10188468.00000000,1672495199999,10193152.54070000,8577,6091535.00000000,6094580.76750000,0
1672495200000,1.00050000,1.00050000,1.00040000,1.00050000,16514222.00000000,1672498799999,16521953.84110000,10115,11261523.00000000,11267153.76150000,0
1672498800000,1.00050000,1.00050000,1.00040000,1.00050000,4884350.00000000,1672502399999,4886518.72850000,7159,2149885.00000000,2150959.94250000,0
1672502400000,1.00050000,1.00050000,1.00040000,1.00050000,6801984.00000000,1672505999999,6804931.91700000,5833,2271234.00000000,2272369.61700000,0
1672506000000,1.00040000,1.00050000,1.00040000,1.00040000,17190306.00000000,1672509599999,17198543.33660000,8964,13612142.00000000,13618948.07100000,0
1672509600000,1.00040000,1.00050000,1.00040000,1.00050000,7319601.00000000,1672513199999,7322919.09540000,14953,3902550.00000000,3904501.27500000,0
1672513200000,1.00050000,1.00050000,1.00040000,1.00050000,6557862.00000000,1672516799999,6560755.70610000,11264,2705613.00000000,2706965.80650000,0
1672516800000,1.00050000,1.00050000,1.00040000,1.00040000,7251973.00000000,1672520399999,7255323.50900000,9436,4497198.00000000,4499446.59900000,0
1672520400000,1.00050000,1.00050000,1.00040000,1.00050000,8708059.00000000,1672523999999,8712141.86860000,7319,5996450.00000000,5999448.22500000,0
1672524000000,1.00040000,1.00050000,1.00040000,1.00050000,5515268.00000000,1672527599999,5517834.84610000,8368,3607389.00000000,3609192.69450000,0
1672527600000,1.00040000,1.00050000,1.00040000,1.00040000,6248899.00000000,1672531199999,6251872.47750000,4522,4739179.00000000,4741548.58950000,0
