1688169600000,1.00020000,1.00030000,1.00010000,1.00020000,22773454.00000000,1688173199999,22777352.23360000,3295,10594635.00000000,10596946.95750000,0
1688173200000,1.00020000,1.00040000,1.00010000,1.00030000,24681914.00000000,1688176799999,24687130.56120000,3619,17576642.00000000,17580318.07550000,0
1688176800000,1.00040000,1.00040000,1.00020000,1.00020000,10521891.00000000,1688180399999,10524835.32470000,3784,1250394.00000000,1250857.72110000,0
1688180400000,1.00020000,1.00040000,1.00020000,1.00040000,29192614.00000000,1688183999999,29201776.56830000,2331,14213802.00000000,14218840.92460000,0
1688184000000,1.00030000,1.00040000,1.00030000,1.00030000,34982707.00000000,1688187599999,34994596.07640000,2525,13942643.00000000,13948220.05720000,0
1688187600000,1.00040000,1.00040000,1.00020000,1.00020000,5732049.00000000,1688191199999,5733552.13350000,1391,2307679.00000000,2308375.80600000,0
1688191200000,1.00020000,1.00030000,1.00020000,1.00030000,19099014.00000000,1688194799999,19103713.01860000,1771,8792158.00000000,8794795.64740000,0
1688194800000,1.00020000,1.00030000,1.00020000,1.00020000,13912052.00000000,1688198399999,13915592.22770000,2727,7578173.00000000,7580446.45190000,0
1688198400000,1.00020000,1.00030000,1.00020000,1.00030000,13480159.00000000,1688201999999,13483337.95930000,2431,4829275.00000000,4830723.78250000,0
1688202000000,1.00030000,1.00030000,1.00020000,1.00020000,4656761.00000000,1688205599999,4657996.05320000,1864,3037010.00000000,3037921.10300000,0
1688205600000,1.00030000,1.00030000,1.00020000,1.00020000,12895327.00000000,1688209199999,12898374.05660000,2488,4679912.00000000,4681315.97360000,0
1688209200000,1.00030000,1.00030000,1.00010000,1.00020000,12822233.00000000,1688212799999,12824773.45380000,2008,3958506.00000000,3959354.96980000,0
1688212800000,1.00020000,1.00020000,1.00010000,1.00010000,4739974.00000000,1688216399999,4740717.36220000,2768,2693648.00000000,2694186.72960000,0
1688216400000,1.00020000,1.00020000,1.00010000,1.00020000,8926782.00000000,1688219999999,8927916.32250000,2647,2416443.00000000,2416926.28860000,0
1688220000000,1.00010000,1.00020000,1.00010000,1.00010000,7539490.00000000,1688223599999,7540697.67450000,3327,4537255.00000000,4538162.45100000,0
1688223600000,1.00020000,1.00020000,1.00010000,1.00010000,3398445.00000000,1688227199999,3398924.34210000,2437,1394976.00000000,1395254.99520000,0
1688227200000,1.00020000,1.00020000,1.00010000,1.00010000,10185186.00000000,1688230799999,10186865.34560000,1646,6608270.00000000,6609591.65400000,0
1688230800000,1.00020000,1.00020000,1.00010000,1.00020000,3617875.00000000,1688234399999,3618374.60690000,3092,1378194.00000000,1378469.63880000,0
1688234400000,1.00020000,1.00020000,1.00010000,1.00020000,4167379.00000000,1688237999999,4167951.29280000,2520,1555549.00000000,1555860.10980000,0
1688238000000,1.00010000,1.00020000,1.00010000,1.00020000,4548050.00000000,1688241599999,4548640.58030000,1592,1357753.00000000,1358024.55060000,0
1688241600000,1.00020000,1.00020000,1.00010000,1.00020000,2308626.00000000,1688245199999,2308951.63140000,1339,947688.00000000,947877.53760000,0
1688245200000,1.00010000,1.00020000,1.00010000,1.00020000,4257526.00000000,1688248799999,4258058.07760000,1742,1063250.00000000,1063462.65000000,0
1688248800000,1.00020000,1.00020000,1.00000000,1.00000000,12640751.00000000,1688252399999,12641977.24390000,1542,4114471.00000000,4114909.22990000,0
1688252400000,1.00010000,1.00020000,1.00000000,1.00020000,5475174.00000000,1688255999999,5475793.20930000,1638,2966941.00000000,2967348.46990000,0
1688256000000,1.00020000,1.00020000,1.00010000,1.00010000,4961981.00000000,1688259599999,4962602.54910000,3201,1253510.00000000,1253760.70200000,0
1688259600000,1.00010000,1.00020000,1.00000000,1.00000000,4605587.00000000,1688263199999,4606040.40230000,2426,1252609.00000000,1252800.75790000,0
1688263200000,1.00000000,1.00010000,1.00000000,1.00010000,3674277.00000000,1688266799999,3674457.08040000,1953,1800804.00000000,1800984.08040000,0
1688266800000,1.00000000,1.00010000,1.00000000,1.00000000,2910425.00000000,1688270399999,2910490.87290000,1711,658729.00000000,658794.87290000,0
1688270400000,1.00000000,1.00010000,1.00000000,1.00010000,1961844.00000000,1688273999999,1961977.07980000,1622,1330798.00000000,1330931.07980000,0
1688274000000,1.00010000,1.00010000,1.00000000,1.00000000,1654324.00000000,1688277599999,1654443.09600000,1298,1190960.00000000,1191079.09600000,0
1688277600000,1.00000000,1.00010000,1.00000000,1.00000000,3364779.00000000,1688281199999,3364941.80090000,1395,1628009.00000000,1628171.80090000,0
1688281200000,1.00010000,1.00010000,1.00000000,1.00000000,2986345.00000000,1688284799999,2986492.13050000,1123,1471305.00000000,1471452.13050000,0
1688284800000,1.00010000,1.00010000,1.00000000,1.00000000,7067616.00000000,1688288399999,7067733.02120000,1253,1170212.00000000,1170329.02120000,0
1688288400000,1.00000000,1.00010000,1.00000000,1.00010000,2639216.00000000,1688291999999,2639422.80540000,1235,2068054.00000000,2068260.80540000,0
1688292000000,1.00010000,1.00010000,1.00000000,1.00010000,1540995.00000000,1688295599999,1541061.81650000,1247,668165.00000000,668231.81650000,0
1688295600000,1.00010000,1.00010000,1.00000000,1.00000000,3511560.00000000,1688299199999,3511735.34210000,1234,1753421.00000000,1753596.34210000,0
1688299200000,1.00000000,1.00010000,1.00000000,1.00010000,3204257.00000000,1688302799999,3204397.75130000,1516,1407513.00000000,1407653.75130000,0
1688302800000,1.00010000,1.00010000,0.99990000,1.00000000,30410763.00000000,1688306399999,30410597.89240000,1998,16210271.00000000,16210319.05150000,0
1688306400000,1.00000000,1.00010000,1.00000000,1.00010000,8567140.00000000,1688309999999,8567524.67850000,2222,3846785.00000000,3847169.67850000,0
1688310000000,1.00010000,1.00010000,1.00000000,1.00000000,10195010.00000000,1688313599999,10195480.35520000,3776,4703552.00000000,4704022.35520000,0
1688313600000,1.00000000,1.00010000,0.99990000,1.00000000,11725319.00000000,1688317199999,11725355.39910000,2559,1452537.00000000,1452600.75410000,0
1688317200000,1.00000000,1.00000000,0.99990000,1.00000000,4035281.00000000,1688320799999,4035053.48230000,1817,1760104.00000000,1760104.00000000,0
1688320800000,0.99990000,1.00000000,0.99990000,1.00000000,5799593.00000000,1688324399999,5799356.11160000,1963,3430709.00000000,3430709.00000000,0
1688324400000,1.00000000,1.00000000,0.99990000,0.99990000,1857434.00000000,1688327999999,1857339.16870000,988,909121.00000000,909121.00000000,0
1688328000000,1.00000000,1.00000000,0.99990000,1.00000000,1806437.00000000,1688331599999,1806327.27350000,1408,709172.00000000,709172.00000000,0
1688331600000,1.00000000,1.00000000,0.99990000,0.99990000,8697021.00000000,1688335199999,8696798.69470000,1189,6473968.00000000,6473968.00000000,0
1688335200000,1.00000000,1.00010000,0.99990000,1.00010000,15039377.00000000,1688338799999,15039853.63340000,4190,12396287.00000000,12396826.93630000,0
1688338800000,1.00000000,1.00010000,1.00000000,1.00010000,5061874.00000000,1688342399999,5062090.95140000,2074,2169514.00000000,2169730.95140000,0
1688342400000,1.00000000,1.00010000,1.00000000,1.00000000,4699615.00000000,1688345999999,4699720.05480000,2756,1050548.00000000,1050653.05480000,0
1688346000000,1.00000000,1.00010000,1.00000000,1.00000000,6277823.00000000,1688349599999,6278111.83730000,2059,2888373.00000000,2888661.83730000,0
1688349600000,1.00010000,1.00010000,1.00000000,1.00000000,14584760.00000000,1688353199999,14585279.95610000,3632,5199561.00000000,5200080.95610000,0
1688353200000,1.00010000,1.00010000,1.00000000,1.00000000,18001122.00000000,1688356799999,18001462.64550000,4245,3406455.00000000,3406795.64550000,0
1688356800000,1.00010000,1.00010000,1.00000000,1.00010000,9476768.00000000,1688360399999,9477190.70310000,2429,4227031.00000000,4227453.70310000,0
1688360400000,1.00000000,1.00010000,1.00000000,1.00000000,7221471.00000000,1688363999999,7221832.98870000,1985,3619887.00000000,3620248.98870000,0
1688364000000,1.00010000,1.00010000,1.00000000,1.00000000,10092457.00000000,1688367599999,10093058.67620000,3281,6016762.00000000,6017363.67620000,0
1688367600000,1.00010000,1.00010000,1.00000000,1.00000000,20088981.00000000,1688371199999,20090711.64180000,5173,17306418.00000000,17308148.64180000,0
1688371200000,1.00010000,1.00010000,1.00000000,1.00000000,16894435.00000000,1688374799999,16895289.28890000,3170,8542889.00000000,8543743.28890000,0
1688374800000,1.00010000,1.00010000,1.00000000,1.00000000,4795315.00000000,1688378399999,4795386.47940000,2074,714794.00000000,714865.47940000,0
1688378400000,1.00010000,1.00010000,1.00000000,1.00000000,12603221.00000000,1688381999999,12603783.99430000,2794,5629943.00000000,5630505.99430000,0
1688382000000,1.00000000,1.00010000,1.00000000,1.00000000,5646421.00000000,1688385599999,5646618.29250000,1924,1972925.00000000,1973122.29250000,0
1688385600000,1.00000000,1.00010000,1.00000000,1.00000000,11316696.00000000,1688389199999,11317109.23040000,2360,4132304.00000000,4132717.23040000,0
1688389200000,1.00010000,1.00010000,1.00000000,1.00000000,14178429.00000000,1688392799999,14178830.13250000,3776,4011325.00000000,4011726.13250000,0
1688392800000,1.00010000,1.00010000,1.00000000,1.00000000,12618972.00000000,1688396399999,12619448.76400000,2956,4767640.00000000,4768116.76400000,0
1688396400000,1.00010000,1.00010000,1.00000000,1.00000000,37427058.00000000,1688399999999,37428766.20100000,6378,17082010.00000000,17083718.20100000,0
1688400000000,1.00010000,1.00010000,1.00000000,1.00000000,16982928.00000000,1688403599999,16983264.10650000,6108,3361065.00000000,3361401.10650000,0
1688403600000,1.00000000,1.00010000,0.99990000,0.99990000,18594576.00000000,1688407199999,18594618.24710000,5048,4134864.00000000,4135080.03680000,0
1688407200000,1.00000000,1.00000000,0.99990000,1.00000000,11462057.00000000,1688410799999,11461413.43940000,4592,5026451.00000000,5026451.00000000,0
1688410800000,1.00000000,1.00000000,0.99990000,0.99990000,12450272.00000000,1688414399999,12449393.70110000,5296,3667283.00000000,3667283.00000000,0
1688414400000,0.99990000,1.00000000,0.99990000,0.99990000,10373532.00000000,1688417999999,10372897.85820000,3509,4032114.00000000,4032114.00000000,0
1688418000000,1.00000000,1.00000000,0.99990000,0.99990000,16230658.00000000,1688421599999,16230085.09590000,3198,10501617.00000000,10501617.00000000,0
1688421600000,0.99990000,1.00000000,0.99990000,0.99990000,6766958.00000000,1688425199999,6766408.09960000,1517,1267954.00000000,1267954.00000000,0
1688425200000,0.99990000,1.00000000,0.99990000,0.99990000,7028959.00000000,1688428799999,7028486.53390000,1807,2304298.00000000,2304298.00000000,0
1688428800000,1.00000000,1.00000000,0.99980000,0.99980000,11615170.00000000,1688432399999,11614144.80470000,1991,2344358.00000000,2344313.51400000,0
1688432400000,0.99990000,0.99990000,0.99980000,0.99980000,7272297.00000000,1688435999999,7271181.33740000,2474,3387968.00000000,3387629.20320000,0
1688436000000,0.99980000,0.99990000,0.99980000,0.99980000,8716355.00000000,1688439599999,8714929.51940000,1460,3177904.00000000,3177586.20960000,0
1688439600000,0.99990000,0.99990000,0.99980000,0.99990000,10480072.00000000,1688443199999,10478359.43970000,2600,3834541.00000000,3834157.54590000,0
1688443200000,0.99990000,0.99990000,0.99980000,0.99980000,6712896.00000000,1688446799999,6711746.58310000,2289,1931623.00000000,1931429.83770000,0
1688446800000,0.99990000,0.99990000,0.99980000,0.99980000,9897856.00000000,1688450399999,9896318.14190000,3464,4417131.00000000,4416689.28690000,0
1688450400000,0.99990000,0.99990000,0.99980000,0.99980000,7302613.00000000,1688453999999,7301614.37390000,3120,4618965.00000000,4618503.10350000,0
1688454000000,0.99990000,0.99990000,0.99980000,0.99980000,5631441.00000000,1688457599999,5630560.31210000,1691,2456003.00000000,2455757.39970000,0
1688457600000,0.99980000,0.99990000,0.99980000,0.99980000,6246559.00000000,1688461199999,6245506.65190000,2839,1969637.00000000,1969440.03630000,0
1688461200000,0.99990000,0.99990000,0.99980000,0.99980000,10088541.00000000,1688464799999,10086916.37830000,2362,3930865.00000000,3930471.91350000,0
1688464800000,0.99980000,0.99990000,0.99980000,0.99980000,12353103.00000000,1688468399999,12351221.34020000,1610,5889608.00000000,5889019.03920000,0
1688468400000,0.99990000,0.99990000,0.99980000,0.99980000,5561313.00000000,1688471999999,5560340.50140000,1673,1397640.00000000,1397500.23600000,0
1688472000000,0.99980000,0.99990000,0.99970000,0.99970000,15946027.00000000,1688475599999,15943253.32290000,2585,5935531.00000000,5934764.90870000,0
1688475600000,0.99980000,0.99990000,0.99970000,0.99970000,25904253.00000000,1688479199999,25898830.96760000,2948,14603182.00000000,14600289.43630000,0
1688479200000,0.99980000,0.99980000,0.99970000,0.99970000,8889852.00000000,1688482799999,8887574.79340000,2599,3897490.00000000,3896710.50200000,0
1688482800000,0.99970000,0.99980000,0.99970000,0.99970000,7002714.00000000,1688486399999,7000919.70180000,3464,3065160.00000000,3064546.96800000,0
1688486400000,0.99980000,0.99980000,0.99970000,0.99970000,9398242.00000000,1688489999999,9396040.97460000,4613,6184472.00000000,6183235.10560000,0
1688490000000,0.99980000,0.99980000,0.99970000,0.99980000,9227663.00000000,1688493599999,9225529.93580000,3917,6352347.00000000,6351076.53060000,0
1688493600000,0.99970000,0.99980000,0.99970000,0.99970000,5831273.00000000,1688497199999,5829811.50140000,3006,2878833.00000000,2878257.23340000,0
1688497200000,0.99980000,0.99980000,0.99970000,0.99970000,10342119.00000000,1688500799999,10339536.18890000,3607,5198246.00000000,5197206.35080000,0
1688500800000,0.99970000,0.99980000,0.99970000,0.99970000,8260859.00000000,1688504399999,8258725.88300000,1510,3451407.00000000,3450716.71860000,0
1688504400000,0.99980000,0.99990000,0.99970000,0.99980000,8375195.00000000,1688507999999,8373255.32270000,1956,5560550.00000000,5559441.17700000,0
1688508000000,0.99990000,0.99990000,0.99980000,0.99990000,9874586.00000000,1688511599999,9873076.48950000,2075,4654067.00000000,4653601.59330000,0
1688511600000,0.99990000,0.99990000,0.99980000,0.99980000,5460433.00000000,1688515199999,5459614.96810000,1980,2740547.00000000,2740272.94530000,0
1688515200000,0.99990000,0.99990000,0.99980000,0.99990000,3014621.00000000,1688518799999,3014190.21000000,2225,1721342.00000000,1721169.86580000,0
1688518800000,0.99980000,0.99990000,0.99980000,0.99990000,5943171.00000000,1688522399999,5942276.55620000,1591,2941904.00000000,2941609.80960000,0
1688522400000,0.99980000,0.99990000,0.99980000,0.99990000,5149767.00000000,1688525999999,5149047.37690000,1506,3103303.00000000,3102992.66970000,0
1688526000000,0.99990000,0.99990000,0.99980000,0.99980000,5521093.00000000,1688529599999,5520348.28330000,902,3595019.00000000,3594659.49810000,0
1688529600000,0.99990000,0.99990000,0.99980000,0.99980000,6706151.00000000,1688533199999,6705277.21970000,1199,4674499.00000000,4674031.55010000,0
1688533200000,0.99980000,1.00000000,0.99980000,0.99990000,12857597.00000000,1688536799999,12856727.99990000,2338,7423092.00000000,7422775.67970000,0
1688536800000,0.99990000,1.00000000,0.99990000,1.00000000,12070825.00000000,1688540399999,12070293.60580000,2377,6756883.00000000,6756883.00000000,0
1688540400000,1.00000000,1.00000000,0.99990000,0.99990000,14072059.00000000,1688543999999,14071268.05000000,1708,6162559.00000000,6162559.00000000,0
1688544000000,1.00000000,1.00000000,0.99990000,1.00000000,18790940.00000000,1688547599999,18790574.78170000,3047,15138757.00000000,15138757.00000000,0
1688547600000,1.00000000,1.00000000,0.99990000,1.00000000,11756743.00000000,1688551199999,11756118.53590000,2349,5512102.00000000,5512102.00000000,0
1688551200000,0.99990000,1.00000000,0.99990000,1.00000000,11625807.00000000,1688554799999,11625200.75990000,4780,5563406.00000000,5563406.00000000,0
1688554800000,1.00000000,1.00000000,0.99990000,1.00000000,8567486.00000000,1688558399999,8566906.36360000,3717,2771122.00000000,2771122.00000000,0
1688558400000,0.99990000,1.00000000,0.99990000,0.99990000,8746768.00000000,1688561999999,8746394.10130000,3260,5007781.00000000,5007781.00000000,0
1688562000000,0.99990000,1.00000000,0.99990000,0.99990000,24393953.00000000,1688565599999,24392680.84220000,3667,11672375.00000000,11672375.00000000,0
1688565600000,1.00000000,1.00000000,0.99990000,1.00000000,11927247.00000000,1688569199999,11926902.04630000,4497,8477710.00000000,8477710.00000000,0
1688569200000,1.00000000,1.00000000,0.99990000,1.00000000,37743715.00000000,1688572799999,37740811.21490000,6072,9837755.00000000,9837641.81090000,0
1688572800000,0.99990000,1.00000000,0.99980000,0.99990000,19008988.00000000,1688576399999,19007703.77670000,2747,11508146.00000000,11507633.43770000,0
1688576400000,1.00000000,1.00000000,0.99990000,0.99990000,8743439.00000000,1688579999999,8743017.96910000,2111,4533130.00000000,4533130.00000000,0
1688580000000,0.99990000,1.00000000,0.99990000,0.99990000,9871254.00000000,1688583599999,9870538.01170000,1919,2711371.00000000,2711371.00000000,0
1688583600000,0.99990000,1.00000000,0.99980000,0.99990000,17359297.00000000,1688587199999,17357110.08260000,1767,6721115.00000000,6720443.33790000,0
1688587200000,0.99990000,0.99990000,0.99980000,0.99980000,10049110.00000000,1688590799999,10048038.36460000,1468,9381866.00000000,9380927.81340000,0
1688590800000,0.99980000,0.99990000,0.99980000,0.99990000,3482163.00000000,1688594399999,3481631.82830000,1426,1652609.00000000,1652443.73910000,0
1688594400000,0.99990000,1.00000000,0.99980000,0.99990000,14959897.00000000,1688597999999,14957886.15230000,2213,8165458.00000000,8164701.30760000,0
1688598000000,1.00000000,1.00000000,0.99990000,1.00000000,5402547.00000000,1688601599999,5402121.18200000,1868,1144367.00000000,1144367.00000000,0
1688601600000,1.00000000,1.00000000,0.99990000,1.00000000,3563178.00000000,1688605199999,3563039.73410000,2084,2180519.00000000,2180519.00000000,0
1688605200000,1.00000000,1.00000000,0.99990000,1.00000000,4784121.00000000,1688608799999,4783791.44590000,2100,1488580.00000000,1488580.00000000,0
1688608800000,1.00000000,1.00000000,0.99990000,0.99990000,7818737.00000000,1688612399999,7818593.70960000,1656,6385833.00000000,6385833.00000000,0
1688612400000,0.99990000,1.00000000,0.99990000,1.00000000,6560044.00000000,1688615999999,6559858.97900000,998,4709834.00000000,4709834.00000000,0
1688616000000,0.99990000,1.00000000,0.99990000,1.00000000,16720299.00000000,1688619599999,16719103.65740000,1201,4766873.00000000,4766873.00000000,0
1688619600000,0.99990000,1.00000000,0.99980000,0.99990000,34208507.00000000,1688623199999,34205454.96660000,2890,4260061.00000000,4260011.37980000,0
1688623200000,0.99990000,0.99990000,0.99970000,0.99990000,38274670.00000000,1688626799999,38268151.97520000,2813,16529980.00000000,16527812.67760000,0
1688626800000,0.99980000,0.99990000,0.99980000,0.99990000,6044927.00000000,1688630399999,6044172.97360000,1587,4549590.00000000,4549135.04100000,0
1688630400000,0.99980000,1.00000000,0.99980000,1.00000000,21145148.00000000,1688633999999,21143006.03340000,4354,19221924.00000000,19220110.05090000,0
1688634000000,1.00000000,1.00000000,0.99990000,1.00000000,12163477.00000000,1688637599999,12163075.38120000,7718,8147289.00000000,8147289.00000000,0
1688637600000,0.99990000,1.00000000,0.99990000,1.00000000,7049704.00000000,1688641199999,7049486.67080000,2478,4876412.00000000,4876412.00000000,0
1688641200000,1.00000000,1.00000000,0.99990000,1.00000000,12067282.00000000,1688644799999,12066523.48310000,3334,4482113.00000000,4482113.00000000,0
1688644800000,0.99990000,1.00000000,0.99990000,1.00000000,24755001.00000000,1688648399999,24752965.21190000,9544,4397120.00000000,4397120.00000000,0
1688648400000,1.00000000,1.00000000,0.99980000,1.00000000,26759309.00000000,1688651999999,26757251.13700000,6267,9952532.00000000,9952180.08430000,0
1688652000000,0.99990000,1.00000000,0.99990000,1.00000000,36029362.00000000,1688655599999,36027846.38160000,9546,20873178.00000000,20873178.00000000,0
1688655600000,1.00000000,1.00000000,0.99990000,1.00000000,13913270.00000000,1688659199999,13912645.37790000,4178,7667049.00000000,7667049.00000000,0
1688659200000,1.00000000,1.00000000,0.99990000,1.00000000,15479228.00000000,1688662799999,15478333.49970000,4153,6534225.00000000,6534225.00000000,0
1688662800000,1.00000000,1.00000000,0.99990000,1.00000000,7925664.00000000,1688666399999,7925126.01330000,2221,2545797.00000000,2545797.00000000,0
1688666400000,1.00000000,1.00000000,0.99990000,1.00000000,3814577.00000000,1688669999999,3814446.43320000,3304,2508909.00000000,2508909.00000000,0
1688670000000,1.00000000,1.00000000,0.99990000,1.00000000,8713704.00000000,1688673599999,8712990.37890000,2591,1577493.00000000,1577493.00000000,0
1688673600000,1.00000000,1.00000000,0.99990000,1.00000000,22907133.00000000,1688677199999,22906854.65900000,2106,20123723.00000000,20123723.00000000,0
1688677200000,1.00000000,1.00000000,0.99990000,1.00000000,14551133.00000000,1688680799999,14550490.48080000,2749,8125941.00000000,8125941.00000000,0
1688680800000,1.00000000,1.00000000,0.99990000,1.00000000,15327172.00000000,1688684399999,15326796.25240000,4084,11569696.00000000,11569696.00000000,0
1688684400000,1.00000000,1.00020000,0.99990000,1.00000000,49875287.00000000,1688687999999,49878781.86630000,7915,23721863.00000000,23723333.07030000,0
1688688000000,1.00000000,1.00010000,0.99990000,0.99990000,19109880.00000000,1688691599999,19108544.96090000,6176,4035681.00000000,4035682.71780000,0
1688691600000,0.99990000,1.00000000,0.99990000,1.00000000,15910627.00000000,1688695199999,15909278.19820000,4439,2422609.00000000,2422609.00000000,0
1688695200000,0.99990000,1.00000000,0.99990000,0.99990000,15069612.00000000,1688698799999,15069164.41230000,3584,10593735.00000000,10593735.00000000,0
1688698800000,1.00000000,1.00000000,0.99990000,0.99990000,11963472.00000000,1688702399999,11963103.67880000,1874,8280260.00000000,8280260.00000000,0
1688702400000,0.99990000,1.00000000,0.99990000,0.99990000,5497395.00000000,1688705999999,5497098.37920000,2717,2531187.00000000,2531187.00000000,0
1688706000000,0.99990000,1.00000000,0.99990000,0.99990000,7387424.00000000,1688709599999,7387113.87900000,3129,4286214.00000000,4286214.00000000,0
1688709600000,1.00000000,1.00000000,0.99990000,0.99990000,7200393.00000000,1688713199999,7200024.90630000,2223,3519456.00000000,3519456.00000000,0
1688713200000,0.99990000,1.00000000,0.99990000,0.99990000,15244289.00000000,1688716799999,15243527.96500000,2597,7633939.00000000,7633939.00000000,0
1688716800000,1.00000000,1.00000000,0.99990000,0.99990000,10421997.00000000,1688720399999,10421683.32310000,2259,7285228.00000000,7285228.00000000,0
1688720400000,1.00000000,1.00000000,0.99990000,0.99990000,26390076.00000000,1688723999999,26388633.07950000,2469,11960871.00000000,11960871.00000000,0
1688724000000,0.99990000,1.00000000,0.99990000,0.99990000,10701257.00000000,1688727599999,10700962.41040000,1868,7755361.00000000,7755361.00000000,0
1688727600000,1.00000000,1.00000000,0.99990000,0.99990000,6422691.00000000,1688731199999,6422417.54730000,1662,3688164.00000000,3688164.00000000,0
1688731200000,0.99990000,1.00000000,0.99990000,0.99990000,11432809.00000000,1688734799999,11432347.43310000,4374,6817140.00000000,6817140.00000000,0
1688734800000,1.00000000,1.00000000,0.99990000,0.99990000,11070687.00000000,1688738399999,11070470.98300000,3701,8910517.00000000,8910517.00000000,0
1688738400000,1.00000000,1.00000000,0.99990000,0.99990000,18763788.00000000,1688741999999,18762463.67180000,3290,5520506.00000000,5520506.00000000,0
1688742000000,0.99990000,1.00000000,0.99990000,0.99990000,14762790.00000000,1688745599999,14762279.61450000,2350,9658935.00000000,9658935.00000000,0
1688745600000,0.99990000,1.00000000,0.99990000,0.99990000,6184495.00000000,1688749199999,6184092.77230000,1867,2162218.00000000,2162218.00000000,0
1688749200000,1.00000000,1.00000000,0.99990000,0.99990000,9505735.00000000,1688752799999,9505104.50730000,1915,3200808.00000000,3200808.00000000,0
1688752800000,0.99990000,1.00000000,0.99990000,0.99990000,9031762.00000000,1688756399999,9031294.40720000,2146,4355834.00000000,4355834.00000000,0
1688756400000,1.00000000,1.00000000,0.99990000,0.99990000,5225485.00000000,1688759999999,5225186.00190000,1775,2235504.00000000,2235504.00000000,0
1688760000000,1.00000000,1.00000000,0.99990000,0.99990000,3603422.00000000,1688763599999,3603179.95300000,1549,1182952.00000000,1182952.00000000,0
1688763600000,0.99990000,1.00000000,0.99990000,0.99990000,10511501.00000000,1688767199999,10510799.97500000,1795,3501251.00000000,3501251.00000000,0
1688767200000,0.99990000,1.00000000,0.99990000,0.99990000,29667210.00000000,1688770799999,29665755.44290000,2116,15121639.00000000,15121639.00000000,0
1688770800000,0.99990000,1.00000000,0.99990000,0.99990000,3828306.00000000,1688774399999,3827966.99840000,1692,438290.00000000,438290.00000000,0
1688774400000,0.99990000,1.00000000,0.99990000,1.00000000,8736470.00000000,1688777999999,8736161.99720000,2311,5656442.00000000,5656442.00000000,0
1688778000000,1.00000000,1.00000000,0.99990000,1.00000000,4705998.00000000,1688781599999,4705837.48080000,1428,3100806.00000000,3100806.00000000,0
1688781600000,1.00000000,1.00000000,0.99990000,1.00000000,3665358.00000000,1688785199999,3665203.39500000,1034,2119308.00000000,2119308.00000000,0
1688785200000,0.99990000,1.00000000,0.99990000,0.99990000,4992177.00000000,1688788799999,4991904.57520000,1308,2267929.00000000,2267929.00000000,0
1688788800000,0.99990000,1.00000000,0.99990000,0.99990000,4134437.00000000,1688792399999,4134270.13220000,1522,2465759.00000000,2465759.00000000,0
1688792400000,0.99990000,1.00000000,0.99990000,0.99990000,7815509.00000000,1688795999999,7815070.57910000,1587,3431300.00000000,3431300.00000000,0
1688796000000,1.00000000,1.00000000,0.99990000,0.99990000,2510263.00000000,1688799599999,2510114.21600000,1216,1022423.00000000,1022423.00000000,0
1688799600000,1.00000000,1.00000000,0.99990000,1.00000000,3303671.00000000,1688803199999,3303591.95680000,1113,2513239.00000000,2513239.00000000,0
1688803200000,1.00000000,1.00000000,0.99990000,1.00000000,4255067.00000000,1688806799999,4254950.38840000,1849,3088951.00000000,3088951.00000000,0
1688806800000,0.99990000,1.00000000,0.99990000,0.99990000,2619769.00000000,1688810399999,2619624.34500000,1824,1173219.00000000,1173219.00000000,0
1688810400000,0.99990000,1.00000000,0.99990000,0.99990000,2823926.00000000,1688813999999,2823748.73870000,1366,1051313.00000000,1051313.00000000,0
1688814000000,0.99990000,1.00000000,0.99990000,1.00000000,3866729.00000000,1688817599999,3866522.74470000,1561,1804176.00000000,1804176.00000000,0
1688817600000,1.00000000,1.00000000,0.99990000,0.99990000,10423170.00000000,1688821199999,10422734.97730000,1415,6072943.00000000,6072943.00000000,0
1688821200000,1.00000000,1.00000000,0.99990000,0.99990000,4478606.00000000,1688824799999,4478348.77280000,1381,1906334.00000000,1906334.00000000,0
1688824800000,1.00000000,1.00000000,0.99990000,1.00000000,2206183.00000000,1688828399999,2206019.85690000,2397,574752.00000000,574752.00000000,0
1688828400000,1.00000000,1.00000000,0.99990000,0.99990000,3830349.00000000,1688831999999,3830045.10300000,1512,791379.00000000,791379.00000000,0
1688832000000,1.00000000,1.00000000,0.99990000,1.00000000,2254103.00000000,1688835599999,2253998.56230000,1466,1209726.00000000,1209726.00000000,0
1688835600000,0.99990000,1.00000000,0.99990000,1.00000000,7805554.00000000,1688839199999,7804815.32400000,1131,418794.00000000,418794.00000000,0
1688839200000,0.99990000,1.00000000,0.99990000,0.99990000,3113723.00000000,1688842799999,3113556.22510000,1054,1445974.00000000,1445974.00000000,0
1688842800000,0.99990000,1.00000000,0.99990000,0.99990000,3501346.00000000,1688846399999,3501094.12560000,2280,982602.00000000,982602.00000000,0
1688846400000,1.00000000,1.00000000,0.99990000,0.99990000,7254573.00000000,1688849999999,7253927.02460000,1456,794819.00000000,794819.00000000,0
1688850000000,0.99990000,1.00000000,0.99990000,1.00000000,7831083.00000000,1688853599999,7830356.07640000,1353,561847.00000000,561847.00000000,0
1688853600000,0.99990000,1.00000000,0.99990000,0.99990000,4519183.00000000,1688857199999,4518828.48400000,1755,974023.00000000,974023.00000000,0
1688857200000,1.00000000,1.00000000,0.99980000,0.99980000,5743227.00000000,1688860799999,5742681.05890000,1854,2191345.00000000,2191199.88880000,0
1688860800000,0.99980000,0.99990000,0.99980000,0.99980000,7910851.00000000,1688864399999,7909572.15890000,1988,3033291.00000000,3032987.67090000,0
1688864400000,0.99980000,0.99990000,0.99980000,0.99990000,5770352.00000000,1688867999999,5769520.96420000,1641,3230346.00000000,3230022.96540000,0
1688868000000,0.99990000,0.99990000,0.99980000,0.99980000,1780186.00000000,1688871599999,1779944.99500000,1107,1150322.00000000,1150206.96780000,0
1688871600000,0.99980000,0.99990000,0.99980000,0.99990000,2849996.00000000,1688875199999,2849588.58890000,890,1625881.00000000,1625718.41190000,0
1688875200000,0.99990000,0.99990000,0.99980000,0.99980000,5074779.00000000,1688878799999,5073977.55120000,991,2135070.00000000,2134856.49300000,0
1688878800000,0.99980000,0.99990000,0.99980000,0.99980000,3997614.00000000,1688882399999,3996979.89670000,1048,1654195.00000000,1654029.58050000,0
1688882400000,0.99980000,0.99990000,0.99980000,0.99990000,5046354.00000000,1688885999999,5045446.88040000,1188,1021512.00000000,1021409.84880000,0
1688886000000,0.99980000,0.99990000,0.99980000,0.99980000,1787059.00000000,1688889599999,1786793.70070000,1344,921125.00000000,921032.88750000,0
1688889600000,0.99980000,0.99990000,0.99980000,0.99990000,4483875.00000000,1688893199999,4483352.25290000,1224,3740279.00000000,3739904.97210000,0
1688893200000,0.99980000,0.99990000,0.99980000,0.99990000,2352385.00000000,1688896799999,2352027.61310000,1320,1130901.00000000,1130787.90990000,0
1688896800000,0.99980000,0.99990000,0.99980000,0.99990000,2317644.00000000,1688900399999,2317287.18030000,1353,1067091.00000000,1066984.29090000,0
1688900400000,0.99990000,0.99990000,0.99980000,0.99990000,6809511.00000000,1688903999999,6808251.43800000,1151,1023402.00000000,1023299.65980000,0
1688904000000,0.99990000,0.99990000,0.99980000,0.99990000,6431650.00000000,1688907599999,6430744.31580000,1776,3806458.00000000,3806077.35420000,0
1688907600000,0.99990000,0.99990000,0.99980000,0.99980000,7786143.00000000,1688911199999,7785269.71300000,1546,6839416.00000000,6838732.05840000,0
1688911200000,0.99980000,0.99990000,0.99980000,0.99980000,4932997.00000000,1688914799999,4932223.40450000,2527,2130039.00000000,2129825.99610000,0
1688914800000,0.99980000,0.99990000,0.99980000,0.99980000,6325823.00000000,1688918399999,6324907.94820000,1595,3501128.00000000,3500777.88720000,0
1688918400000,0.99980000,0.99990000,0.99980000,0.99990000,1307599.00000000,1688921999999,1307390.34100000,1693,528608.00000000,528555.13920000,0
1688922000000,0.99990000,0.99990000,0.99980000,0.99990000,3931675.00000000,1688925599999,3931180.86480000,1169,2921998.00000000,2921705.80020000,0
1688925600000,0.99990000,0.99990000,0.99980000,0.99990000,1583770.00000000,1688929199999,1583546.48860000,963,932426.00000000,932332.75740000,0
1688929200000,0.99980000,0.99990000,0.99980000,0.99990000,1819486.00000000,1688932799999,1819218.60760000,1128,965048.00000000,964951.49520000,0
1688932800000,0.99990000,0.99990000,0.99980000,0.99980000,3083079.00000000,1688936399999,3082536.65930000,1384,742751.00000000,742676.72490000,0
1688936400000,0.99980000,0.99990000,0.99980000,0.99990000,2042080.00000000,1688939999999,2041738.55620000,1535,669722.00000000,669655.02780000,0
1688940000000,0.99980000,0.99990000,0.99980000,0.99990000,10569439.00000000,1688943599999,10567749.57290000,2100,4244607.00000000,4244182.53930000,0
1688943600000,0.99990000,0.99990000,0.99980000,0.99990000,4731388.00000000,1688947199999,4730658.44910000,1292,2167267.00000000,2167050.27330000,0
1688947200000,0.99990000,0.99990000,0.99980000,0.99980000,13781477.00000000,1688950799999,13779334.57190000,5609,6138673.00000000,6138059.13270000,0
1688950800000,0.99990000,0.99990000,0.99980000,0.99980000,12122574.00000000,1688954399999,12120751.14530000,4088,6016601.00000000,6015999.33990000,0
1688954400000,0.99980000,0.99990000,0.99980000,0.99980000,10102478.00000000,1688957999999,10101199.59810000,3438,7420937.00000000,7420194.90630000,0
1688958000000,0.99990000,0.99990000,0.99980000,0.99990000,5981285.00000000,1688961599999,5980429.64640000,2197,3409034.00000000,3408693.09660000,0
1688961600000,0.99990000,0.99990000,0.99980000,0.99980000,6374914.00000000,1688965199999,6373915.22820000,2369,2762110.00000000,2761833.78900000,0
1688965200000,0.99990000,0.99990000,0.99980000,0.99990000,10995166.00000000,1688968799999,10993751.43460000,3865,7844678.00000000,7843893.53220000,0
1688968800000,0.99980000,1.00000000,0.99980000,0.99990000,21145452.00000000,1688972399999,21143241.08420000,3140,17431434.00000000,17429837.25230000,0
1688972400000,1.00000000,1.00000000,0.99990000,0.99990000,11225514.00000000,1688975999999,11225128.61810000,1433,7371695.00000000,7371695.00000000,0
1688976000000,0.99990000,1.00000000,0.99990000,0.99990000,18483343.00000000,1688979599999,18481995.52920000,2785,5008635.00000000,5008635.00000000,0
1688979600000,1.00000000,1.00000000,0.99990000,0.99990000,33040490.00000000,1688983199999,33040050.76240000,4480,28648114.00000000,28648114.00000000,0
1688983200000,1.00000000,1.00010000,0.99990000,1.00000000,15447856.00000000,1688986799999,15447791.51730000,2091,12667253.00000000,12667318.01510000,0
1688986800000,1.00000000,1.00010000,1.00000000,1.00000000,8941878.00000000,1688990399999,8942406.41710000,1781,5284171.00000000,5284699.41710000,0
1688990400000,1.00010000,1.00010000,1.00000000,1.00000000,9225975.00000000,1688993999999,9226539.23770000,3021,5642377.00000000,5642941.23770000,0
1688994000000,1.00000000,1.00010000,1.00000000,1.00010000,12414551.00000000,1688997599999,12415185.68870000,3214,6346887.00000000,6347521.68870000,0
1688997600000,1.00000000,1.00010000,1.00000000,1.00000000,16966441.00000000,1689001199999,16967271.80430000,4073,8308043.00000000,8308873.80430000,0
1689001200000,1.00000000,1.00010000,1.00000000,1.00000000,14494545.00000000,1689004799999,14495136.95980000,3363,5919598.00000000,5920189.95980000,0
1689004800000,1.00000000,1.00010000,1.00000000,1.00010000,12705865.00000000,1689008399999,12706123.89020000,3502,2588902.00000000,2589160.89020000,0
1689008400000,1.00000000,1.00010000,0.99990000,1.00000000,15721621.00000000,1689011999999,15721510.24660000,2732,2673877.00000000,2673939.22730000,0
1689012000000,0.99990000,1.00000000,0.99990000,0.99990000,12838247.00000000,1689015599999,12837377.95360000,2623,4147783.00000000,4147783.00000000,0
1689015600000,1.00000000,1.00000000,0.99990000,1.00000000,12848236.00000000,1689019199999,12847716.53540000,4790,7653590.00000000,7653590.00000000,0
1689019200000,0.99990000,1.00000000,0.99990000,0.99990000,19141695.00000000,1689022799999,19140943.66200000,4178,11628315.00000000,11628315.00000000,0
1689022800000,0.99990000,1.00010000,0.99990000,1.00000000,26303149.00000000,1689026399999,26303057.62850000,4939,8511917.00000000,8512154.12970000,0
1689026400000,1.00000000,1.00010000,0.99990000,0.99990000,30714795.00000000,1689029999999,30713663.29710000,5677,8249458.00000000,8249511.99080000,0
1689030000000,1.00000000,1.00000000,0.99980000,0.99990000,18816152.00000000,1689033599999,18814537.39360000,3274,6918331.00000000,6917982.15170000,0
1689033600000,0.99990000,1.00000000,0.99980000,0.99980000,16104459.00000000,1689037199999,16102722.47250000,3872,7590538.00000000,7589807.22300000,0
1689037200000,0.99980000,1.00000000,0.99980000,0.99990000,8272998.00000000,1689040799999,8272399.98800000,2382,5483724.00000000,5483501.56710000,0
1689040800000,0.99990000,1.00000000,0.99990000,0.99990000,7050067.00000000,1689044399999,7049628.68880000,1793,2666955.00000000,2666955.00000000,0
1689044400000,1.00000000,1.00000000,0.99990000,0.99990000,7358223.00000000,1689047999999,7357911.34580000,1463,4241681.00000000,4241681.00000000,0
1689048000000,1.00000000,1.00000000,0.99990000,0.99990000,8936080.00000000,1689051599999,8935878.36350000,2067,6919715.00000000,6919715.00000000,0
1689051600000,1.00000000,1.00000000,0.99990000,0.99990000,9006315.00000000,1689055199999,9005744.34180000,1656,3299733.00000000,3299733.00000000,0
1689055200000,1.00000000,1.00000000,0.99990000,1.00000000,12511221.00000000,1689058799999,12510810.77330000,2618,8408954.00000000,8408954.00000000,0
1689058800000,1.00000000,1.00000000,0.99990000,1.00000000,13668194.00000000,1689062399999,13667249.61210000,1625,4224315.00000000,4224315.00000000,0
1689062400000,0.99990000,1.00000000,0.99990000,1.00000000,9427646.00000000,1689065999999,9427235.66160000,1806,5324262.00000000,5324262.00000000,0
1689066000000,1.00000000,1.00000000,0.99990000,0.99990000,10813406.00000000,1689069599999,10812645.09050000,2580,3204311.00000000,3204311.00000000,0
1689069600000,1.00000000,1.00000000,0.99990000,0.99990000,7016776.00000000,1689073199999,7016392.45030000,2264,3181279.00000000,3181279.00000000,0
1689073200000,1.00000000,1.00000000,0.99990000,0.99990000,18615721.00000000,1689076799999,18615050.08510000,1657,11906572.00000000,11906572.00000000,0
1689076800000,0.99990000,1.00000000,0.99990000,0.99990000,25754563.00000000,1689080399999,25754153.92020000,2308,21663765.00000000,21663765.00000000,0
1689080400000,1.00000000,1.00010000,0.99990000,1.00000000,20859002.00000000,1689083999999,20858233.28130000,2819,12945870.00000000,12945871.38300000,0
1689084000000,1.00010000,1.00010000,0.99990000,1.00000000,14500956.00000000,1689087599999,14501201.03140000,3551,6875477.00000000,6875751.11270000,0
1689087600000,1.00000000,1.00010000,0.99990000,1.00000000,14330951.00000000,1689091199999,14331101.14230000,3877,6976798.00000000,6977054.76790000,0
1689091200000,1.00010000,1.00010000,0.99990000,0.99990000,9940023.00000000,1689094799999,9939725.82850000,2560,2529676.00000000,2529710.17850000,0
1689094800000,0.99990000,1.00000000,0.99990000,1.00000000,9137519.00000000,1689098399999,9136989.41760000,3033,3841695.00000000,3841695.00000000,0
1689098400000,1.00000000,1.00000000,0.99990000,0.99990000,14961424.00000000,1689101999999,14960680.12110000,3527,7522635.00000000,7522635.00000000,0
1689102000000,0.99990000,1.00000000,0.99990000,0.99990000,7601571.00000000,1689105599999,7601215.03900000,2180,4041961.00000000,4041961.00000000,0
1689105600000,0.99990000,1.00000000,0.99990000,0.99990000,8646928.00000000,1689109199999,8646661.95570000,1768,5986485.00000000,5986485.00000000,0
1689109200000,1.00000000,1.00000000,0.99990000,0.99990000,7821513.00000000,1689112799999,7821220.91300000,1768,4900643.00000000,4900643.00000000,0
1689112800000,1.00000000,1.00000000,0.99990000,0.99990000,17600601.00000000,1689116399999,17599429.80330000,1799,5888634.00000000,5888634.00000000,0
1689116400000,1.00000000,1.00000000,0.99990000,0.99990000,11197601.00000000,1689119999999,11197054.16380000,1660,5729239.00000000,5729239.00000000,0
1689120000000,0.99990000,1.00000000,0.99990000,0.99990000,12252110.00000000,1689123599999,12251034.92210000,2096,1501331.00000000,1501331.00000000,0
1689123600000,0.99990000,1.00000000,0.99990000,0.99990000,7115148.00000000,1689127199999,7114995.25720000,2113,5587720.00000000,5587720.00000000,0
1689127200000,0.99990000,1.00000000,0.99990000,0.99990000,12461468.00000000,1689130799999,12461266.72810000,1864,10448749.00000000,10448749.00000000,0
1689130800000,0.99990000,1.00000000,0.99990000,0.99990000,15208788.00000000,1689134399999,15208502.43820000,1737,12353170.00000000,12353170.00000000,0
1689134400000,1.00000000,1.00010000,0.99990000,1.00000000,8645629.00000000,1689137999999,8645601.62800000,1452,6819875.00000000,6819951.36900000,0
1689138000000,1.00010000,1.00010000,1.00000000,1.00000000,11637056.00000000,1689141599999,11637562.48800000,2186,5064880.00000000,5065386.48800000,0
1689141600000,1.00000000,1.00010000,1.00000000,1.00000000,7832866.00000000,1689145199999,7833235.47030000,2064,3694703.00000000,3695072.47030000,0
1689145200000,1.00010000,1.00010000,0.99990000,0.99990000,20352366.00000000,1689148799999,20352541.55330000,2215,4731210.00000000,4731553.64150000,0
1689148800000,1.00000000,1.00000000,0.99990000,1.00000000,21746052.00000000,1689152399999,21744660.38470000,2204,7829899.00000000,7829899.00000000,0
1689152400000,1.00000000,1.00000000,0.99990000,1.00000000,4895420.00000000,1689155999999,4895275.42770000,1872,3449697.00000000,3449697.00000000,0
1689156000000,1.00000000,1.00000000,0.99990000,0.99990000,7082416.00000000,1689159599999,7082154.61880000,1517,4468604.00000000,4468604.00000000,0
1689159600000,0.99990000,1.00000000,0.99990000,1.00000000,6572007.00000000,1689163199999,6571836.57640000,1864,4867771.00000000,4867771.00000000,0
1689163200000,1.00000000,1.00010000,0.99990000,1.00010000,38246839.00000000,1689166799999,38246420.92820000,7114,26606894.00000000,26606971.88710000,0
1689166800000,1.00000000,1.00010000,0.99990000,1.00000000,19869614.00000000,1689170399999,19869424.79650000,6265,8167937.00000000,8168025.66430000,0
1689170400000,1.00000000,1.00010000,0.99990000,0.99990000,15302501.00000000,1689173999999,15302896.86050000,5193,7540843.00000000,7541307.81210000,0
1689174000000,0.99990000,1.00000000,0.99990000,1.00000000,9500929.00000000,1689177599999,9500695.71250000,4425,7168054.00000000,7168054.00000000,0
1689177600000,0.99990000,1.00010000,0.99990000,1.00010000,35176186.00000000,1689181199999,35176305.69100000,8797,27196017.00000000,27196751.87050000,0
1689181200000,1.00010000,1.00010000,1.00000000,1.00000000,24527041.00000000,1689184799999,24528159.68610000,2697,11186861.00000000,11187979.68610000,0
1689184800000,1.00000000,1.00010000,1.00000000,1.00000000,5825905.00000000,1689188399999,5826156.39230000,1767,2513923.00000000,2514174.39230000,0
1689188400000,1.00010000,1.00010000,1.00000000,1.00000000,9012634.00000000,1689191999999,9012975.47980000,3765,3414798.00000000,3415139.47980000,0
1689192000000,1.00010000,1.00010000,1.00000000,1.00010000,4948705.00000000,1689195599999,4948801.78460000,2254,967846.00000000,967942.78460000,0
1689195600000,1.00010000,1.00010000,1.00000000,1.00000000,6070659.00000000,1689199199999,6071034.75400000,1732,3757540.00000000,3757915.75400000,0
1689199200000,1.00000000,1.00010000,1.00000000,1.00000000,7234082.00000000,1689202799999,7234306.69380000,1763,2246938.00000000,2247162.69380000,0
1689202800000,1.00000000,1.00010000,1.00000000,1.00000000,2465951.00000000,1689206399999,2466054.92980000,1575,1039298.00000000,1039401.92980000,0
1689206400000,1.00000000,1.00010000,1.00000000,1.00010000,3081107.00000000,1689209999999,3081309.70400000,1691,2027040.00000000,2027242.70400000,0
1689210000000,1.00010000,1.00010000,1.00000000,1.00010000,11271546.00000000,1689213599999,11272300.66330000,2134,7546633.00000000,7547387.66330000,0
1689213600000,1.00000000,1.00010000,1.00000000,1.00000000,4864963.00000000,1689217199999,4865089.24840000,1365,1262484.00000000,1262610.24840000,0
1689217200000,1.00000000,1.00010000,1.00000000,1.00000000,7956040.00000000,1689220799999,7956527.16390000,1525,4871639.00000000,4872126.16390000,0
1689220800000,1.00010000,1.00010000,1.00000000,1.00000000,2665208.00000000,1689224399999,2665361.57850000,1664,1535785.00000000,1535938.57850000,0
1689224400000,1.00010000,1.00010000,1.00000000,1.00010000,6950345.00000000,1689227999999,6950976.82350000,1581,6318235.00000000,6318866.82350000,0
1689228000000,1.00010000,1.00020000,1.00000000,1.00000000,42450299.00000000,1689231599999,42454361.88880000,3288,18099835.00000000,18101774.62800000,0
1689231600000,1.00010000,1.00010000,1.00000000,1.00010000,9083412.00000000,1689235199999,9084019.76720000,1861,6077672.00000000,6078279.76720000,0
1689235200000,1.00000000,1.00020000,1.00000000,1.00010000,17449729.00000000,1689238799999,17451393.22250000,1892,14730225.00000000,14731703.68710000,0
1689238800000,1.00010000,1.00020000,1.00010000,1.00010000,6779987.00000000,1689242399999,6780943.81180000,3745,2788131.00000000,2788688.62620000,0
1689242400000,1.00010000,1.00020000,1.00010000,1.00010000,7568563.00000000,1689245999999,7569559.80630000,4241,2399500.00000000,2399979.90000000,0
1689246000000,1.00010000,1.00020000,1.00000000,1.00000000,7707692.00000000,1689249599999,7708505.40180000,3438,2669147.00000000,2669567.81210000,0
1689249600000,1.00010000,1.00010000,1.00000000,1.00000000,8326519.00000000,1689253199999,8326870.48410000,2772,3514841.00000000,3515192.48410000,0
1689253200000,1.00010000,1.00010000,1.00000000,1.00000000,8897277.00000000,1689256799999,8897786.22180000,2509,5092218.00000000,5092727.22180000,0
1689256800000,1.00000000,1.00010000,1.00000000,1.00000000,12340258.00000000,1689260399999,12340919.62710000,3386,6616271.00000000,6616932.62710000,0
1689260400000,1.00010000,1.00010000,0.99990000,0.99990000,62546889.00000000,1689263999999,62547456.34570000,12600,16868609.00000000,16869827.11940000,0
1689264000000,0.99990000,1.00000000,0.99970000,0.99970000,98445729.00000000,1689267599999,98436166.95660000,14143,33652030.00000000,33650176.24260000,0
1689267600000,0.99970000,0.99990000,0.99970000,0.99980000,83770767.00000000,1689271199999,83754281.64170000,16646,37889166.00000000,37882399.16340000,0
1689271200000,0.99990000,0.99990000,0.99970000,0.99980000,86623448.00000000,1689274799999,86605946.71050000,15700,33700298.00000000,33694478.30650000,0
1689274800000,0.99970000,0.99980000,0.99960000,0.99970000,37623587.00000000,1689278399999,37612478.16850000,11929,13196502.00000000,13193091.13100000,0
1689278400000,0.99970000,0.99970000,0.99950000,0.99960000,43998938.00000000,1689281999999,43982114.08130000,5900,15757460.00000000,15752401.46140000,0
1689282000000,0.99960000,0.99970000,0.99950000,0.99960000,34447278.00000000,1689285599999,34433440.36350000,6438,20249578.00000000,20241890.11330000,0
1689285600000,0.99970000,0.99970000,0.99960000,0.99960000,26148621.00000000,1689289199999,26138692.44500000,4411,5308934.00000000,5307341.31980000,0
1689289200000,0.99960000,0.99970000,0.99960000,0.99960000,18800504.00000000,1689292799999,18793609.53320000,5813,6257348.00000000,6255470.79560000,0
1689292800000,0.99960000,0.99970000,0.99950000,0.99960000,36657933.00000000,1689296399999,36643739.80020000,11549,12435945.00000000,12431581.84000000,0
1689296400000,0.99960000,0.99970000,0.99950000,0.99950000,35925685.00000000,1689299999999,35910624.95240000,11096,10410455.00000000,10406438.80720000,0
1689300000000,0.99960000,0.99970000,0.99950000,0.99960000,30554180.00000000,1689303599999,30542272.83940000,7198,18097027.00000000,18090403.55210000,0
1689303600000,0.99960000,0.99970000,0.99950000,0.99960000,26057717.00000000,1689307199999,26046570.32900000,5203,5689939.00000000,5687750.29360000,0
1689307200000,0.99960000,0.99960000,0.99950000,0.99960000,14591707.00000000,1689310799999,14584807.50310000,4419,3963566.00000000,3961980.57360000,0
1689310800000,0.99960000,0.99960000,0.99950000,0.99950000,13033998.00000000,1689314399999,13028118.31450000,3701,6373135.00000000,6370585.74600000,0
1689314400000,0.99960000,0.99960000,0.99950000,0.99950000,14779198.00000000,1689317999999,14772993.22720000,4080,11848262.00000000,11843522.69520000,0
1689318000000,0.99960000,0.99970000,0.99950000,0.99960000,35331919.00000000,1689321599999,35318533.74340000,7136,26850430.00000000,26840554.80870000,0
1689321600000,0.99960000,0.99970000,0.99960000,0.99970000,20203837.00000000,1689325199999,20196737.94890000,3728,9824837.00000000,9821889.54890000,0
1689325200000,0.99960000,0.99970000,0.99960000,0.99960000,24652033.00000000,1689328799999,24642684.44730000,3838,5122605.00000000,5121068.21850000,0
1689328800000,0.99970000,0.99970000,0.99960000,0.99970000,11772476.00000000,1689332399999,11768655.82650000,3623,8888169.00000000,8885502.54930000,0
1689332400000,0.99960000,0.99980000,0.99960000,0.99970000,25940501.00000000,1689335999999,25932519.85130000,3883,23381750.00000000,23374745.83260000,0
1689336000000,0.99980000,0.99980000,0.99970000,0.99970000,9214203.00000000,1689339599999,9212014.97800000,4114,5762389.00000000,5761236.52220000,0
1689339600000,0.99980000,0.99980000,0.99970000,0.99970000,14363563.00000000,1689343199999,14359667.87650000,3989,4139454.00000000,4138626.10920000,0
1689343200000,0.99980000,0.99980000,0.99970000,0.99970000,10606006.00000000,1689346799999,10603262.01780000,5350,4378196.00000000,4377320.36080000,0
1689346800000,0.99970000,0.99980000,0.99970000,0.99970000,8621641.00000000,1689350399999,8619512.91160000,4480,4584039.00000000,4583122.19220000,0
1689350400000,0.99970000,0.99990000,0.99970000,0.99970000,42205821.00000000,1689353999999,42196158.93290000,8191,25189266.00000000,25184258.48310000,0
1689354000000,0.99980000,0.99980000,0.99950000,0.99950000,33318584.00000000,1689357599999,33307022.10110000,9913,6085636.00000000,6083584.40020000,0
1689357600000,0.99960000,0.99970000,0.99950000,0.99950000,60768742.00000000,1689361199999,60744290.67320000,12614,30191276.00000000,30179777.25300000,0
1689361200000,0.99950000,0.99960000,0.99950000,0.99950000,23130755.00000000,1689364799999,23120337.53040000,7381,11479079.00000000,11474487.36840000,0
1689364800000,0.99960000,0.99960000,0.99950000,0.99950000,10185957.00000000,1689368399999,10181285.14120000,4881,4211197.00000000,4209512.52120000,0
1689368400000,0.99950000,0.99960000,0.99950000,0.99950000,14811839.00000000,1689371999999,14804759.69640000,4718,3266159.00000000,3264852.53640000,0
1689372000000,0.99960000,0.99960000,0.99950000,0.99950000,7901877.00000000,1689375599999,7898070.21320000,4461,1441517.00000000,1440940.39320000,0
1689375600000,0.99950000,0.99960000,0.99940000,0.99940000,34461149.00000000,1689379199999,34443388.42750000,4441,7220999.00000000,7217472.52990000,0
1689379200000,0.99950000,0.99960000,0.99940000,0.99950000,25997085.00000000,1689382799999,25984034.16930000,5886,12533805.00000000,12527604.06330000,0
1689382800000,0.99960000,0.99960000,0.99940000,0.99940000,17734040.00000000,1689386399999,17723758.69630000,4612,1416262.00000000,1415578.17930000,0
1689386400000,0.99940000,0.99950000,0.99930000,0.99940000,40502298.00000000,1689389999999,40477927.17760000,4496,17975419.00000000,17964930.73200000,0
1689390000000,0.99950000,0.99970000,0.99940000,0.99960000,30769579.00000000,1689393599999,30756532.15960000,3329,20997506.00000000,20988569.55940000,0
1689393600000,0.99960000,0.99970000,0.99960000,0.99960000,9164735.00000000,1689397199999,9161143.84010000,1482,2448457.00000000,2447552.35130000,0
1689397200000,0.99970000,0.99970000,0.99960000,0.99960000,5393431.00000000,1689400799999,5391718.10180000,1237,4444742.00000000,4443408.57740000,0
1689400800000,0.99970000,0.99970000,0.99960000,0.99970000,2841820.00000000,1689404399999,2840794.24810000,1329,1109761.00000000,1109428.07170000,0
1689404400000,0.99970000,0.99970000,0.99960000,0.99960000,2989148.00000000,1689407999999,2988161.09720000,3366,2087564.00000000,2086937.73080000,0
1689408000000,0.99960000,0.99970000,0.99960000,0.99960000,6805811.00000000,1689411599999,6803429.71970000,3411,3410441.00000000,3409417.86770000,0
1689411600000,0.99960000,0.99970000,0.99960000,0.99960000,5608855.00000000,1689415199999,5606833.84400000,4249,2223860.00000000,2223192.84200000,0
1689415200000,0.99960000,0.99980000,0.99960000,0.99960000,14075206.00000000,1689418799999,14070932.96140000,3705,8589988.00000000,8587424.66840000,0
1689418800000,0.99970000,0.99970000,0.99960000,0.99960000,6845224.00000000,1689422399999,6842584.75800000,2391,988476.00000000,988179.45720000,0
1689422400000,0.99970000,0.99970000,0.99960000,0.99960000,5549692.00000000,1689425999999,5547828.26860000,2380,3561454.00000000,3560385.56380000,0
1689426000000,0.99960000,0.99970000,0.99960000,0.99960000,2990782.00000000,1689429599999,2989660.46670000,3297,747795.00000000,747570.66150000,0
1689429600000,0.99970000,0.99970000,0.99960000,0.99970000,3304835.00000000,1689433199999,3303656.10700000,3075,1430410.00000000,1429980.87700000,0
1689433200000,0.99970000,0.99980000,0.99960000,0.99960000,10647555.00000000,1689436799999,10644192.45090000,2266,4656350.00000000,4654954.86420000,0
1689436800000,0.99970000,0.99980000,0.99960000,0.99970000,12977576.00000000,1689440399999,12973576.63780000,3002,6841806.00000000,6839825.85630000,0
1689440400000,0.99970000,0.99990000,0.99960000,0.99970000,21998446.00000000,1689443999999,21993482.21320000,2548,15802525.00000000,15799127.30020000,0
1689444000000,0.99980000,0.99980000,0.99970000,0.99980000,1911247.00000000,1689447599999,1910760.54870000,2073,869228.00000000,869054.15440000,0
1689447600000,0.99970000,0.99980000,0.99970000,0.99970000,3219242.00000000,1689451199999,3218376.65770000,2160,1004303.00000000,1004102.13940000,0
1689451200000,0.99970000,0.99980000,0.99970000,0.99970000,2572076.00000000,1689454799999,2571380.35810000,2310,759809.00000000,759657.03820000,0
1689454800000,0.99970000,0.99980000,0.99970000,0.99980000,3387152.00000000,1689458399999,3386177.01940000,3014,411650.00000000,411567.67000000,0
1689458400000,0.99980000,0.99980000,0.99970000,0.99980000,1975198.00000000,1689461999999,1974652.04860000,1827,466080.00000000,465986.78400000,0
1689462000000,0.99970000,0.99980000,0.99970000,0.99970000,2322583.00000000,1689465599999,2321947.40660000,1359,611815.00000000,611692.63700000,0
1689465600000,0.99970000,0.99980000,0.99970000,0.99970000,2336891.00000000,1689469199999,2336254.79730000,2081,648646.00000000,648516.27080000,0
1689469200000,0.99980000,0.99990000,0.99970000,0.99980000,37381352.00000000,1689472799999,37374261.87700000,3864,21145709.00000000,21142439.47480000,0
1689472800000,0.99980000,0.99990000,0.99970000,0.99980000,16950760.00000000,1689476399999,16946918.54380000,4791,1388314.00000000,1388049.54950000,0
1689476400000,0.99980000,0.99980000,0.99960000,0.99960000,15877910.00000000,1689479999999,15872854.31260000,2878,2397411.00000000,2396805.36630000,0
1689480000000,0.99970000,0.99970000,0.99950000,0.99950000,27266261.00000000,1689483599999,27255010.00710000,4266,7924821.00000000,7921751.28840000,0
1689483600000,0.99960000,0.99970000,0.99950000,0.99960000,7846550.00000000,1689487199999,7843610.11470000,2476,6559948.00000000,6557538.37260000,0
1689487200000,0.99960000,0.99970000,0.99960000,0.99960000,3307630.00000000,1689490799999,3306475.48350000,1638,1685355.00000000,1684849.39350000,0
1689490800000,0.99960000,0.99970000,0.99960000,0.99960000,5091867.00000000,1689494399999,5090176.47970000,1841,3462265.00000000,3461226.32050000,0
1689494400000,0.99960000,0.99980000,0.99960000,0.99960000,5577028.00000000,1689497999999,5575262.99400000,2250,1382330.00000000,1381917.73520000,0
1689498000000,0.99960000,0.99970000,0.99960000,0.99960000,3363064.00000000,1689501599999,3361966.12590000,1919,2473515.00000000,2472772.94550000,0
1689501600000,0.99960000,0.99970000,0.99960000,0.99970000,10288877.00000000,1689505199999,10284885.60420000,2658,1241550.00000000,1241177.53500000,0
1689505200000,0.99960000,0.99970000,0.99960000,0.99970000,5502589.00000000,1689508799999,5500504.28920000,1982,1163248.00000000,1162899.02560000,0
1689508800000,0.99960000,0.99970000,0.99960000,0.99960000,3343837.00000000,1689512399999,3342634.19680000,1875,1347316.00000000,1346911.80520000,0
1689512400000,0.99960000,0.99970000,0.99960000,0.99970000,8241613.00000000,1689515999999,8238950.40040000,1873,6340456.00000000,6338553.86320000,0
1689516000000,0.99970000,0.99970000,0.99960000,0.99960000,5027683.00000000,1689519599999,5025897.87740000,3175,2259506.00000000,2258828.14820000,0
1689519600000,0.99960000,0.99970000,0.99950000,0.99960000,15057658.00000000,1689523199999,15051637.10240000,2074,1755847.00000000,1755186.23080000,0
1689523200000,0.99960000,0.99960000,0.99950000,0.99950000,2855285.00000000,1689526799999,2853949.39120000,1942,920337.00000000,919968.86520000,0
1689526800000,0.99950000,0.99960000,0.99950000,0.99960000,1439921.00000000,1689530399999,1439258.50820000,1521,574687.00000000,574457.12520000,0
1689530400000,0.99950000,0.99960000,0.99950000,0.99950000,5235839.00000000,1689533999999,5233529.04840000,2951,3079679.00000000,3078447.12840000,0
1689534000000,0.99950000,0.99960000,0.99950000,0.99950000,2532458.00000000,1689537599999,2531291.82460000,2221,1000536.00000000,1000135.78560000,0
1689537600000,0.99950000,0.99970000,0.99950000,0.99960000,6468747.00000000,1689541199999,6466093.38020000,2168,5313868.00000000,5311761.33020000,0
1689541200000,0.99960000,0.99970000,0.99950000,0.99950000,5249102.00000000,1689544799999,5246908.94590000,1240,471042.00000000,470875.78520000,0
1689544800000,0.99950000,0.99960000,0.99950000,0.99950000,4695509.00000000,1689548399999,4693420.85470000,1465,2596092.00000000,2595053.56320000,0
1689548400000,0.99960000,0.99960000,0.99950000,0.99950000,6207015.00000000,1689551999999,6204035.64620000,3831,1241537.00000000,1241040.38520000,0
1689552000000,0.99950000,0.99960000,0.99950000,0.99950000,7646524.00000000,1689555599999,7643054.53200000,3315,3537940.00000000,3536524.82400000,0
1689555600000,0.99950000,0.99970000,0.99950000,0.99960000,14505551.00000000,1689559199999,14499690.31820000,2480,11639839.00000000,11635321.27400000,0
1689559200000,0.99970000,0.99970000,0.99960000,0.99960000,7109569.00000000,1689562799999,7107173.41650000,1710,4482441.00000000,4481096.26770000,0
1689562800000,0.99970000,0.99970000,0.99960000,0.99970000,5151353.00000000,1689566399999,5149556.66440000,1550,2642056.00000000,2641263.38320000,0
1689566400000,0.99970000,0.99970000,0.99960000,0.99970000,8625374.00000000,1689569999999,8622257.33380000,1959,3334834.00000000,3333833.54980000,0
1689570000000,0.99970000,0.99970000,0.99960000,0.99960000,7945173.00000000,1689573599999,7942299.69380000,2353,3047630.00000000,3046715.71100000,0
1689573600000,0.99960000,0.99970000,0.99960000,0.99960000,8320014.00000000,1689577199999,8317043.58580000,1587,3575914.00000000,3574841.22580000,0
1689577200000,0.99970000,0.99970000,0.99960000,0.99960000,16635116.00000000,1689580799999,16629711.19310000,2054,12492395.00000000,12488647.28150000,0
1689580800000,0.99960000,0.99980000,0.99960000,0.99970000,23385993.00000000,1689584399999,23379131.94440000,2616,20170880.00000000,20165201.25720000,0
1689584400000,0.99970000,0.99980000,0.99970000,0.99970000,8100012.00000000,1689587999999,8097893.69070000,3626,3116943.00000000,3116319.61140000,0
1689588000000,0.99980000,0.99980000,0.99970000,0.99970000,17002287.00000000,1689591599999,16998134.83070000,3870,9485168.00000000,9483270.96640000,0
1689591600000,0.99980000,0.99980000,0.99970000,0.99970000,9342146.00000000,1689595199999,9339731.01960000,1967,3876634.00000000,3875858.67320000,0
1689595200000,0.99970000,0.99990000,0.99970000,0.99980000,31011440.00000000,1689598799999,31005673.60290000,3382,22853083.00000000,22849146.89570000,0
1689598800000,0.99990000,0.99990000,0.99980000,0.99980000,11005239.00000000,1689602399999,11003663.30530000,3043,6253531.00000000,6252905.64690000,0
1689602400000,0.99990000,0.99990000,0.99980000,0.99980000,14025970.00000000,1689605999999,14024073.11790000,2467,9083119.00000000,9082210.68810000,0
1689606000000,0.99980000,0.99990000,0.99980000,0.99980000,6904612.00000000,1689609599999,6903430.36840000,3366,1992908.00000000,1992708.70920000,0
1689609600000,0.99980000,0.99990000,0.99980000,0.99980000,19292433.00000000,1689613199999,19289572.69250000,4202,9981791.00000000,9980792.82090000,0
1689613200000,0.99980000,0.99990000,0.99980000,0.99980000,10838952.00000000,1689616799999,10837256.47550000,4960,4722659.00000000,4722186.73410000,0
1689616800000,0.99980000,0.99990000,0.99980000,0.99980000,12172933.00000000,1689620399999,12170943.84620000,4996,4454328.00000000,4453882.56720000,0
1689620400000,0.99990000,0.99990000,0.99980000,0.99990000,8951080.00000000,1689623999999,8949600.47190000,2268,3106879.00000000,3106568.31210000,0
1689624000000,0.99990000,0.99990000,0.99980000,0.99980000,4910802.00000000,1689627599999,4909919.62080000,1972,997812.00000000,997712.21880000,0
1689627600000,0.99990000,0.99990000,0.99970000,0.99970000,27120528.00000000,1689631199999,27114866.55430000,5179,7849984.00000000,7848435.52130000,0
1689631200000,0.99980000,0.99980000,0.99970000,0.99970000,10773741.00000000,1689634799999,10771337.75250000,3453,8288748.00000000,8287090.25040000,0
1689634800000,0.99980000,0.99990000,0.99970000,0.99990000,8961662.00000000,1689638399999,8959622.15130000,2424,6435543.00000000,6434259.14520000,0
1689638400000,0.99980000,0.99990000,0.99980000,0.99980000,15858538.00000000,1689641999999,15856701.65830000,1968,13353659.00000000,13352323.63410000,0
1689642000000,0.99990000,0.99990000,0.99980000,0.99990000,5769991.00000000,1689645599999,5768951.11160000,1802,1141098.00000000,1140983.89020000,0
1689645600000,0.99980000,0.99990000,0.99980000,0.99980000,4054624.00000000,1689649199999,4053875.81060000,1633,627354.00000000,627291.26460000,0
1689649200000,0.99980000,0.99990000,0.99980000,0.99980000,7062224.00000000,1689652799999,7061017.35770000,1503,2058025.00000000,2057819.19750000,0
1689652800000,0.99980000,0.99990000,0.99980000,0.99980000,6037660.00000000,1689656399999,6036701.79170000,1571,2493237.00000000,2492987.67630000,0
1689656400000,0.99990000,0.99990000,0.99980000,0.99980000,12075762.00000000,1689659999999,12073709.01750000,1561,3621699.00000000,3621336.83010000,0
1689660000000,0.99980000,0.99990000,0.99980000,0.99980000,21011437.00000000,1689663599999,21008952.08190000,2775,16827671.00000000,16825988.23290000,0
1689663600000,0.99990000,1.00000000,0.99980000,0.99990000,15345994.00000000,1689667199999,15343908.74410000,2600,5585726.00000000,5585184.33730000,0
1689667200000,0.99980000,0.99990000,0.99980000,0.99980000,8472850.00000000,1689670799999,8471558.86360000,3512,4034336.00000000,4033932.56640000,0
1689670800000,0.99990000,0.99990000,0.99980000,0.99980000,5498669.00000000,1689674399999,5497809.02500000,1850,2397588.00000000,2397348.24120000,0
1689674400000,0.99980000,0.99990000,0.99980000,0.99980000,5526426.00000000,1689677999999,5525471.71250000,1885,1509977.00000000,1509826.00230000,0
1689678000000,0.99980000,1.00000000,0.99980000,1.00000000,21762006.00000000,1689681599999,21760065.44000000,4895,12987714.00000000,12986708.91330000,0
1689681600000,0.99990000,1.00000000,0.99980000,0.99990000,15622914.00000000,1689685199999,15621530.59850000,4847,6430310.00000000,6429980.89120000,0
1689685200000,0.99990000,1.00000000,0.99990000,0.99990000,17200195.00000000,1689688799999,17199465.93550000,3756,9909550.00000000,9909550.00000000,0
1689688800000,0.99990000,1.00000000,0.99980000,0.99980000,28571254.00000000,1689692399999,28568617.34780000,3868,5660226.00000000,5659923.79590000,0
1689692400000,0.99990000,1.00000000,0.99980000,0.99990000,16559375.00000000,1689695999999,16557914.26720000,3780,11683795.00000000,11683017.79700000,0
1689696000000,1.00000000,1.00000000,0.99990000,0.99990000,14849543.00000000,1689699599999,14848858.64760000,3979,8006019.00000000,8006019.00000000,0
1689699600000,0.99990000,1.00000000,0.99990000,0.99990000,8597206.00000000,1689703199999,8596715.94890000,1797,3696695.00000000,3696695.00000000,0
1689703200000,0.99990000,1.00000000,0.99990000,1.00000000,7516075.00000000,1689706799999,7515610.68940000,2422,2872969.00000000,2872969.00000000,0
1689706800000,1.00000000,1.00000000,0.99990000,0.99990000,6439641.00000000,1689710399999,6439108.03750000,3781,1110016.00000000,1110016.00000000,0
1689710400000,0.99990000,1.00000000,0.99990000,0.99990000,12597373.00000000,1689713999999,12596395.50630000,3210,2822436.00000000,2822436.00000000,0
1689714000000,0.99990000,1.00000000,0.99980000,0.99980000,5170145.00000000,1689717599999,5169619.39220000,2376,956155.00000000,956134.17750000,0
1689717600000,0.99980000,0.99990000,0.99980000,0.99980000,13156402.00000000,1689721199999,13154751.13340000,3184,9804138.00000000,9803157.58620000,0
1689721200000,0.99980000,0.99990000,0.99980000,0.99980000,6633901.00000000,1689724799999,6632742.17030000,2337,1679505.00000000,1679337.04950000,0
1689724800000,0.99990000,0.99990000,0.99980000,0.99990000,6482233.00000000,1689728399999,6481454.77580000,2819,5182224.00000000,5181705.77760000,0
1689728400000,0.99990000,0.99990000,0.99980000,0.99980000,4485384.00000000,1689731999999,4484720.74430000,2560,2338211.00000000,2337977.17890000,0
1689732000000,0.99990000,0.99990000,0.99980000,0.99980000,5410827.00000000,1689735599999,5410115.65320000,2769,3708186.00000000,3707815.18140000,0
1689735600000,0.99990000,0.99990000,0.99980000,0.99990000,5758308.00000000,1689739199999,5757404.35760000,3076,2480192.00000000,2479943.98080000,0
1689739200000,0.99990000,0.99990000,0.99980000,0.99980000,5364868.00000000,1689742799999,5363972.88930000,2796,1778629.00000000,1778451.13710000,0
1689742800000,0.99980000,0.99990000,0.99980000,0.99980000,3104559.00000000,1689746399999,3104100.39660000,2991,1623084.00000000,1622921.69160000,0
1689746400000,0.99980000,0.99990000,0.99980000,0.99980000,3977354.00000000,1689749999999,3976760.71190000,2229,2021827.00000000,2021624.81730000,0
1689750000000,0.99990000,0.99990000,0.99980000,0.99980000,3251207.00000000,1689753599999,3250716.95210000,1556,1601935.00000000,1601774.80650000,0
1689753600000,0.99980000,0.99990000,0.99980000,0.99990000,5928989.00000000,1689757199999,5928204.81330000,2225,4016111.00000000,4015709.38890000,0
1689757200000,0.99980000,0.99990000,0.99980000,0.99980000,18871436.00000000,1689760799999,18868864.94410000,2770,12032313.00000000,12031109.76870000,0
1689760800000,0.99990000,0.99990000,0.99980000,0.99990000,12123393.00000000,1689764399999,12121580.18780000,1901,6118664.00000000,6118052.13360000,0
1689764400000,0.99980000,1.00010000,0.99980000,1.00000000,44761050.00000000,1689767999999,44758667.12850000,1815,37927473.00000000,37925814.74650000,0
1689768000000,1.00000000,1.00010000,0.99990000,1.00010000,19330090.00000000,1689771599999,19330321.59630000,2622,7578948.00000000,7579192.67390000,0
1689771600000,1.00000000,1.00010000,1.00000000,1.00000000,15800308.00000000,1689775199999,15801022.88040000,4681,7148804.00000000,7149518.88040000,0
1689775200000,1.00010000,1.00010000,1.00000000,1.00000000,14239996.00000000,1689778799999,14240645.96500000,4062,6499650.00000000,6500299.96500000,0
1689778800000,1.00000000,1.00010000,1.00000000,1.00000000,6394554.00000000,1689782399999,6394921.48140000,2209,3674814.00000000,3675181.48140000,0
1689782400000,1.00000000,1.00010000,1.00000000,1.00000000,17901945.00000000,1689785999999,17903145.61630000,3193,12006163.00000000,12007363.61630000,0
1689786000000,1.00000000,1.00010000,1.00000000,1.00000000,6411551.00000000,1689789599999,6411743.58590000,4250,1925859.00000000,1926051.58590000,0
1689789600000,1.00000000,1.00010000,1.00000000,1.00000000,9699504.00000000,1689793199999,9700001.63680000,5032,4976368.00000000,4976865.63680000,0
1689793200000,1.00000000,1.00010000,1.00000000,1.00000000,9483792.00000000,1689796799999,9484052.89740000,4201,2608974.00000000,2609234.89740000,0
1689796800000,1.00010000,1.00010000,1.00000000,1.00000000,5679999.00000000,1689800399999,5680101.85890000,4713,1028589.00000000,1028691.85890000,0
1689800400000,1.00000000,1.00010000,1.00000000,1.00000000,6440553.00000000,1689803999999,6440712.16260000,4482,1591626.00000000,1591785.16260000,0
1689804000000,1.00010000,1.00010000,0.99990000,1.00000000,10889557.00000000,1689807599999,10889311.79190000,2081,1882876.00000000,1882887.46990000,0
1689807600000,1.00000000,1.00000000,0.99990000,0.99990000,5209560.00000000,1689811199999,5209371.71640000,1296,3326724.00000000,3326724.00000000,0
1689811200000,0.99990000,1.00000000,0.99990000,0.99990000,13767572.00000000,1689814799999,13767104.35420000,1993,9091114.00000000,9091114.00000000,0
1689814800000,0.99990000,1.00000000,0.99990000,0.99990000,6612310.00000000,1689818399999,6611896.26840000,1871,2474994.00000000,2474994.00000000,0
1689818400000,0.99990000,1.00000000,0.99990000,1.00000000,3844020.00000000,1689821999999,3843819.36630000,2527,1837683.00000000,1837683.00000000,0
1689822000000,1.00000000,1.00000000,0.99990000,0.99990000,7232028.00000000,1689825599999,7231751.57470000,2356,4467775.00000000,4467775.00000000,0
1689825600000,0.99990000,1.00000000,0.99990000,1.00000000,9574888.00000000,1689829199999,9574521.41010000,3150,5908989.00000000,5908989.00000000,0
1689829200000,1.00000000,1.00000000,0.99990000,1.00000000,4689879.00000000,1689832799999,4689624.67640000,2091,2146643.00000000,2146643.00000000,0
1689832800000,1.00000000,1.00000000,0.99990000,1.00000000,8787526.00000000,1689836399999,8787169.48580000,2923,5222384.00000000,5222384.00000000,0
1689836400000,0.99990000,1.00000000,0.99990000,0.99990000,11046236.00000000,1689839999999,11045826.13510000,3064,6947587.00000000,6947587.00000000,0
1689840000000,1.00000000,1.00000000,0.99990000,1.00000000,8212680.00000000,1689843599999,8212228.83410000,2445,3701021.00000000,3701021.00000000,0
1689843600000,1.00000000,1.00010000,0.99990000,1.00000000,21124413.00000000,1689847199999,21124321.05150000,3109,17897767.00000000,17897861.06120000,0
1689847200000,1.00000000,1.00010000,1.00000000,1.00010000,8483081.00000000,1689850799999,8483343.89580000,4664,2628958.00000000,2629220.89580000,0
1689850800000,1.00000000,1.00010000,1.00000000,1.00010000,16425256.00000000,1689854399999,16426331.49260000,3060,10754926.00000000,10756001.49260000,0
1689854400000,1.00010000,1.00010000,1.00000000,1.00000000,5459847.00000000,1689857999999,5460086.59370000,3081,2395937.00000000,2396176.59370000,0
1689858000000,1.00000000,1.00010000,1.00000000,1.00000000,5686066.00000000,1689861599999,5686420.22890000,2403,3542289.00000000,3542643.22890000,0
1689861600000,1.00000000,1.00010000,1.00000000,1.00000000,11613258.00000000,1689865199999,11613451.78920000,6814,1937892.00000000,1938085.78920000,0
1689865200000,1.00000000,1.00010000,1.00000000,1.00000000,11382813.00000000,1689868799999,11383119.50730000,3941,3065073.00000000,3065379.50730000,0
1689868800000,1.00010000,1.00010000,1.00000000,1.00000000,8367020.00000000,1689872399999,8367630.57980000,3715,6105798.00000000,6106408.57980000,0
1689872400000,1.00000000,1.00010000,1.00000000,1.00010000,6195588.00000000,1689875999999,6195831.70910000,2017,2437091.00000000,2437334.70910000,0
1689876000000,1.00010000,1.00010000,1.00000000,1.00010000,4901966.00000000,1689879599999,4902183.73560000,3003,2177356.00000000,2177573.73560000,0
1689879600000,1.00010000,1.00010000,1.00000000,1.00000000,9339518.00000000,1689883199999,9340333.08970000,4143,8150897.00000000,8151712.08970000,0
1689883200000,1.00010000,1.00010000,1.00000000,1.00010000,6341627.00000000,1689886799999,6342101.64340000,3085,4746434.00000000,4746908.64340000,0
1689886800000,1.00010000,1.00010000,1.00000000,1.00000000,3793998.00000000,1689890399999,3794138.96410000,2131,1409641.00000000,1409781.96410000,0
1689890400000,1.00000000,1.00010000,1.00000000,1.00010000,2455923.00000000,1689893999999,2456060.72960000,1756,1377296.00000000,1377433.72960000,0
1689894000000,1.00000000,1.00010000,1.00000000,1.00000000,6716724.00000000,1689897599999,6717302.31700000,1476,5783170.00000000,5783748.31700000,0
1689897600000,1.00000000,1.00010000,1.00000000,1.00010000,4809780.00000000,1689901199999,4809869.67620000,1976,896762.00000000,896851.67620000,0
1689901200000,1.00000000,1.00010000,1.00000000,1.00010000,4894503.00000000,1689904799999,4894744.76000000,2036,2417600.00000000,2417841.76000000,0
1689904800000,1.00010000,1.00010000,1.00000000,1.00000000,7987104.00000000,1689908399999,7987555.07080000,1385,4510708.00000000,4511159.07080000,0
1689908400000,1.00000000,1.00010000,1.00000000,1.00000000,6502060.00000000,1689911999999,6502409.72570000,1619,3497257.00000000,3497606.72570000,0
1689912000000,1.00000000,1.00010000,1.00000000,1.00010000,3435341.00000000,1689915599999,3435487.72560000,1785,1467256.00000000,1467402.72560000,0
1689915600000,1.00010000,1.00010000,1.00000000,1.00000000,5909484.00000000,1689919199999,5909851.68880000,2490,3676888.00000000,3677255.68880000,0
1689919200000,1.00000000,1.00010000,1.00000000,1.00000000,7191033.00000000,1689922799999,7191512.32940000,1810,4793294.00000000,4793773.32940000,0
1689922800000,1.00000000,1.00010000,1.00000000,1.00000000,8235852.00000000,1689926399999,8236132.08240000,2626,2800824.00000000,2801104.08240000,0
1689926400000,1.00000000,1.00010000,1.00000000,1.00000000,4946641.00000000,1689929999999,4946699.48850000,2163,584885.00000000,584943.48850000,0
1689930000000,1.00000000,1.00010000,1.00000000,1.00000000,5784731.00000000,1689933599999,5785002.51790000,2815,2715179.00000000,2715450.51790000,0
1689933600000,1.00000000,1.00010000,1.00000000,1.00000000,5607277.00000000,1689937199999,5607523.98620000,2176,2469862.00000000,2470108.98620000,0
1689937200000,1.00000000,1.00010000,1.00000000,1.00000000,3891549.00000000,1689940799999,3891711.13950000,2047,1621395.00000000,1621557.13950000,0
1689940800000,1.00010000,1.00010000,1.00000000,1.00010000,7262589.00000000,1689944399999,7262986.62350000,2298,3976235.00000000,3976632.62350000,0
1689944400000,1.00000000,1.00010000,1.00000000,1.00000000,13398005.00000000,1689947999999,13399007.27110000,2590,10022711.00000000,10023713.27110000,0
1689948000000,1.00000000,1.00010000,1.00000000,1.00000000,5471240.00000000,1689951599999,5471558.04820000,2309,3180482.00000000,3180800.04820000,0
1689951600000,1.00010000,1.00010000,1.00000000,1.00000000,9048944.00000000,1689955199999,9049508.88640000,2047,5648864.00000000,5649428.88640000,0
1689955200000,1.00000000,1.00010000,1.00000000,1.00010000,3218868.00000000,1689958799999,3219081.92670000,2382,2139267.00000000,2139480.92670000,0
1689958800000,1.00010000,1.00010000,1.00000000,1.00000000,3656708.00000000,1689962399999,3656971.41470000,2311,2634147.00000000,2634410.41470000,0
1689962400000,1.00000000,1.00010000,1.00000000,1.00000000,3732184.00000000,1689965999999,3732410.57880000,2950,2265788.00000000,2266014.57880000,0
1689966000000,1.00000000,1.00010000,1.00000000,1.00000000,2814688.00000000,1689969599999,2814794.26820000,2044,1062682.00000000,1062788.26820000,0
1689969600000,1.00010000,1.00010000,1.00000000,1.00000000,2792647.00000000,1689973199999,2792785.20970000,1448,1382097.00000000,1382235.20970000,0
1689973200000,1.00000000,1.00010000,1.00000000,1.00000000,3461817.00000000,1689976799999,3461872.52830000,1720,555283.00000000,555338.52830000,0
1689976800000,1.00010000,1.00010000,1.00000000,1.00010000,1487495.00000000,1689980399999,1487555.50270000,1562,605027.00000000,605087.50270000,0
1689980400000,1.00000000,1.00010000,1.00000000,1.00000000,3056608.00000000,1689983999999,3056721.65160000,1892,1136516.00000000,1136629.65160000,0
1689984000000,1.00000000,1.00010000,1.00000000,1.00000000,7621211.00000000,1689987599999,7621372.08860000,2246,1610886.00000000,1611047.08860000,0
1689987600000,1.00000000,1.00010000,1.00000000,1.00000000,8809778.00000000,1689991199999,8810095.39400000,4129,3173940.00000000,3174257.39400000,0
1689991200000,1.00000000,1.00010000,1.00000000,1.00000000,4409859.00000000,1689994799999,4409940.36180000,2473,813618.00000000,813699.36180000,0
1689994800000,1.00000000,1.00010000,1.00000000,1.00010000,7665614.00000000,1689998399999,7665860.94410000,2518,2469441.00000000,2469687.94410000,0
1689998400000,1.00010000,1.00010000,1.00000000,1.00000000,3100655.00000000,1690001999999,3100733.49590000,1698,784959.00000000,785037.49590000,0
1690002000000,1.00010000,1.00010000,1.00000000,1.00000000,4251051.00000000,1690005599999,4251119.48340000,1634,684834.00000000,684902.48340000,0
1690005600000,1.00000000,1.00010000,1.00000000,1.00000000,2322054.00000000,1690009199999,2322104.73540000,1223,507354.00000000,507404.73540000,0
1690009200000,1.00000000,1.00010000,1.00000000,1.00010000,15407274.00000000,1690012799999,15407699.33380000,1235,4253338.00000000,4253763.33380000,0
1690012800000,1.00000000,1.00010000,0.99990000,0.99990000,15525226.00000000,1690016399999,15525263.27460000,1879,620895.00000000,620939.28110000,0
1690016400000,1.00000000,1.00000000,0.99990000,0.99990000,16487821.00000000,1690019999999,16486835.80830000,1428,6590642.00000000,6590642.00000000,0
1690020000000,1.00000000,1.00000000,0.99990000,1.00000000,3052550.00000000,1690023599999,3052364.09030000,2541,1193453.00000000,1193453.00000000,0
1690023600000,1.00000000,1.00000000,0.99990000,0.99990000,2650071.00000000,1690027199999,2649931.96260000,1411,1259697.00000000,1259697.00000000,0
1690027200000,1.00000000,1.00000000,0.99990000,1.00000000,7189425.00000000,1690030799999,7189177.50150000,1978,4714440.00000000,4714440.00000000,0
1690030800000,0.99990000,1.00000000,0.99990000,1.00000000,4780327.00000000,1690034399999,4780075.09580000,1093,2261285.00000000,2261285.00000000,0
1690034400000,0.99990000,1.00000000,0.99990000,0.99990000,2342587.00000000,1690037999999,2342497.10790000,1307,1443666.00000000,1443666.00000000,0
1690038000000,0.99990000,1.00000000,0.99990000,1.00000000,3543116.00000000,1690041599999,3542991.27220000,1855,2295838.00000000,2295838.00000000,0
1690041600000,1.00000000,1.00000000,0.99990000,0.99990000,1979952.00000000,1690045199999,1979786.04940000,2859,320446.00000000,320446.00000000,0
1690045200000,0.99990000,1.00000000,0.99990000,0.99990000,2711777.00000000,1690048799999,2711581.56350000,2483,757412.00000000,757412.00000000,0
1690048800000,0.99990000,1.00000000,0.99990000,1.00000000,3530611.00000000,1690052399999,3530342.95070000,2588,850118.00000000,850118.00000000,0
1690052400000,1.00000000,1.00000000,0.99990000,0.99990000,4679712.00000000,1690055999999,4679622.83430000,1059,3788055.00000000,3788055.00000000,0
1690056000000,0.99990000,1.00000000,0.99990000,1.00000000,3434907.00000000,1690059599999,3434714.40530000,1410,1508960.00000000,1508960.00000000,0
1690059600000,0.99990000,1.00000000,0.99990000,0.99990000,2390052.00000000,1690063199999,2389922.95020000,1164,1099554.00000000,1099554.00000000,0
1690063200000,1.00000000,1.00000000,0.99990000,0.99990000,2262905.00000000,1690066799999,2262700.90680000,1538,221973.00000000,221973.00000000,0
1690066800000,0.99990000,1.00000000,0.99990000,1.00000000,7583275.00000000,1690070399999,7582705.07100000,4206,1883985.00000000,1883985.00000000,0
1690070400000,1.00000000,1.00000000,0.99990000,0.99990000,11059629.00000000,1690073999999,11058644.65780000,4153,1216207.00000000,1216207.00000000,0
1690074000000,0.99990000,1.00000000,0.99980000,0.99990000,14394454.00000000,1690077599999,14393259.96050000,2824,7058175.00000000,7057743.55400000,0
1690077600000,0.99990000,1.00000000,0.99990000,0.99990000,5372652.00000000,1690081199999,5372252.54130000,1161,1378065.00000000,1378065.00000000,0
1690081200000,1.00000000,1.00000000,0.99980000,0.99990000,9421491.00000000,1690084799999,9420517.45750000,1194,5036942.00000000,5036460.79150000,0
1690084800000,0.99990000,1.00000000,0.99980000,0.99990000,3990191.00000000,1690088399999,3989776.34840000,1181,2262582.00000000,2262368.25220000,0
1690088400000,0.99990000,1.00000000,0.99980000,0.99990000,7110590.00000000,1690091999999,7110292.55400000,2441,5283822.00000000,5283718.25880000,0
1690092000000,0.99990000,1.00000000,0.99990000,1.00000000,2967514.00000000,1690095599999,2967296.45350000,2086,792049.00000000,792049.00000000,0
1690095600000,0.99990000,1.00000000,0.99990000,1.00000000,2542529.00000000,1690099199999,2542334.92020000,1749,601731.00000000,601731.00000000,0
1690099200000,0.99990000,1.00000000,0.99990000,0.99990000,2303692.00000000,1690102799999,2303532.61380000,2315,709830.00000000,709830.00000000,0
1690102800000,0.99990000,1.00000000,0.99990000,0.99990000,2648996.00000000,1690106399999,2648818.89480000,2034,877944.00000000,877944.00000000,0
1690106400000,0.99990000,1.00000000,0.99990000,0.99990000,1315320.00000000,1690109999999,1315236.03550000,1245,475675.00000000,475675.00000000,0
1690110000000,0.99990000,1.00000000,0.99990000,0.99990000,4540886.00000000,1690113599999,4540771.14520000,1124,3392338.00000000,3392338.00000000,0
1690113600000,0.99990000,1.00000000,0.99990000,1.00000000,2873024.00000000,1690117199999,2872857.54720000,1081,1208496.00000000,1208496.00000000,0
1690117200000,1.00000000,1.00000000,0.99990000,0.99990000,1474871.00000000,1690120799999,1474829.54880000,1253,1060359.00000000,1060359.00000000,0
1690120800000,1.00000000,1.00000000,0.99990000,1.00000000,5751741.00000000,1690124399999,5751633.00840000,1148,4671825.00000000,4671825.00000000,0
1690124400000,1.00000000,1.00000000,0.99990000,1.00000000,2921595.00000000,1690127999999,2921442.70610000,993,1398656.00000000,1398656.00000000,0
1690128000000,1.00000000,1.00000000,0.99990000,1.00000000,4176527.00000000,1690131599999,4176497.34320000,2084,3879959.00000000,3879959.00000000,0
1690131600000,1.00000000,1.00000000,0.99990000,1.00000000,5240140.00000000,1690135199999,5239955.37220000,2323,3393862.00000000,3393862.00000000,0
1690135200000,1.00000000,1.00000000,0.99990000,1.00000000,7897415.00000000,1690138799999,7897375.07310000,4076,7498146.00000000,7498146.00000000,0
1690138800000,1.00000000,1.00010000,0.99990000,1.00010000,7118677.00000000,1690142399999,7118742.63160000,3161,5541446.00000000,5541544.95600000,0
1690142400000,1.00000000,1.00010000,1.00000000,1.00010000,2977914.00000000,1690145999999,2978025.39280000,1273,1113928.00000000,1114039.39280000,0
1690146000000,1.00010000,1.00010000,1.00000000,1.00000000,4714757.00000000,1690149599999,4714869.76350000,3373,1127635.00000000,1127747.76350000,0
1690149600000,1.00000000,1.00010000,1.00000000,1.00010000,3032807.00000000,1690153199999,3032884.70600000,1157,777060.00000000,777137.70600000,0
1690153200000,1.00010000,1.00010000,1.00000000,1.00000000,1934555.00000000,1690156799999,1934625.62960000,1119,706296.00000000,706366.62960000,0
1690156800000,1.00000000,1.00010000,1.00000000,1.00000000,2553157.00000000,1690160399999,2553273.40070000,974,1164007.00000000,1164123.40070000,0
1690160400000,1.00010000,1.00010000,1.00000000,1.00000000,7554037.00000000,1690163999999,7554405.97040000,1545,3689704.00000000,3690072.97040000,0
1690164000000,1.00000000,1.00010000,1.00000000,1.00000000,6983450.00000000,1690167599999,6983802.46270000,2701,3524627.00000000,3524979.46270000,0
1690167600000,1.00000000,1.00010000,1.00000000,1.00010000,9287692.00000000,1690171199999,9287785.01480000,3331,930148.00000000,930241.01480000,0
1690171200000,1.00000000,1.00010000,0.99990000,0.99990000,7148806.00000000,1690174799999,7148882.80150000,4743,2256462.00000000,2256606.44730000,0
1690174800000,1.00000000,1.00000000,0.99990000,0.99990000,5989628.00000000,1690178399999,5989208.98920000,2110,1799520.00000000,1799520.00000000,0
1690178400000,1.00000000,1.00000000,0.99990000,0.99990000,13291497.00000000,1690181999999,13290522.76670000,2183,3549164.00000000,3549164.00000000,0
1690182000000,1.00000000,1.00000000,0.99990000,0.99990000,9822951.00000000,1690185599999,9822782.06010000,5089,8133552.00000000,8133552.00000000,0
1690185600000,0.99990000,1.00000000,0.99990000,1.00000000,14296299.00000000,1690189199999,14296008.54770000,4615,11391776.00000000,11391776.00000000,0
1690189200000,1.00000000,1.00010000,0.99990000,1.00000000,12446041.00000000,1690192799999,12446283.28570000,5194,5026342.00000000,5026600.85590000,0
1690192800000,1.00010000,1.00010000,1.00000000,1.00010000,14358689.00000000,1690196399999,14359184.63120000,4126,4956312.00000000,4956807.63120000,0
1690196400000,1.00000000,1.00010000,1.00000000,1.00010000,7551315.00000000,1690199999999,7551559.88870000,2939,2448887.00000000,2449131.88870000,0
1690200000000,1.00000000,1.00010000,1.00000000,1.00000000,12228288.00000000,1690203599999,12228694.07210000,4488,5627588.00000000,5627994.07210000,0
1690203600000,1.00010000,1.00010000,1.00000000,1.00000000,9307690.00000000,1690207199999,9308152.28170000,3587,4622817.00000000,4623279.28170000,0
1690207200000,1.00010000,1.00020000,1.00000000,1.00010000,33803072.00000000,1690210799999,33806485.76410000,6523,24989945.00000000,24992618.42580000,0
1690210800000,1.00010000,1.00030000,1.00000000,1.00020000,34508304.00000000,1690214399999,34514143.62950000,4751,21301429.00000000,21305519.18190000,0
1690214400000,1.00020000,1.00030000,1.00010000,1.00010000,22554580.00000000,1690217999999,22558212.30120000,4161,10901823.00000000,10904007.13680000,0
1690218000000,1.00020000,1.00020000,1.00010000,1.00010000,5945437.00000000,1690221599999,5946426.49470000,2731,3949510.00000000,3950299.90200000,0
1690221600000,1.00010000,1.00020000,1.00010000,1.00020000,11225401.00000000,1690225199999,11227313.13290000,2900,7895928.00000000,7897507.18560000,0
1690225200000,1.00020000,1.00020000,1.00010000,1.00010000,4435863.00000000,1690228799999,4436473.72870000,2084,1671424.00000000,1671758.28480000,0
1690228800000,1.00020000,1.00020000,1.00010000,1.00010000,6278235.00000000,1690232399999,6279087.20800000,1881,2243845.00000000,2244293.76900000,0
1690232400000,1.00020000,1.00020000,1.00010000,1.00020000,3893418.00000000,1690235999999,3893941.56590000,1746,1342241.00000000,1342509.44820000,0
1690236000000,1.00020000,1.00020000,1.00010000,1.00010000,5457706.00000000,1690239599999,5458344.32260000,1781,925520.00000000,925705.10400000,0
1690239600000,1.00020000,1.00020000,1.00000000,1.00010000,5798394.00000000,1690243199999,5798598.89320000,1353,830795.00000000,830878.55710000,0
1690243200000,1.00010000,1.00010000,1.00000000,1.00000000,9088409.00000000,1690246799999,9088565.44080000,1557,1564408.00000000,1564564.44080000,0
1690246800000,1.00010000,1.00010000,1.00000000,1.00010000,10169021.00000000,1690250399999,10169703.07090000,1624,6820709.00000000,6821391.07090000,0
1690250400000,1.00000000,1.00010000,1.00000000,1.00010000,10819899.00000000,1690253999999,10820801.51360000,2997,9025136.00000000,9026038.51360000,0
1690254000000,1.00010000,1.00010000,1.00000000,1.00010000,5735963.00000000,1690257599999,5736381.30090000,2249,4183009.00000000,4183427.30090000,0
1690257600000,1.00000000,1.00020000,1.00000000,1.00010000,7789201.00000000,1690261199999,7790128.79860000,2139,4127035.00000000,4127624.23230000,0
1690261200000,1.00020000,1.00020000,1.00010000,1.00020000,4283975.00000000,1690264799999,4284661.29180000,1280,2578943.00000000,2579458.78860000,0
1690264800000,1.00010000,1.00020000,1.00010000,1.00010000,4258107.00000000,1690268399999,4258726.45000000,1949,1936393.00000000,1936780.27860000,0
1690268400000,1.00020000,1.00020000,1.00010000,1.00010000,2586633.00000000,1690271999999,2586968.29590000,2189,766326.00000000,766479.26520000,0
1690272000000,1.00010000,1.00020000,1.00010000,1.00010000,5019001.00000000,1690275599999,5019779.44110000,1215,2765410.00000000,2765963.08200000,0
1690275600000,1.00020000,1.00020000,1.00010000,1.00010000,4170849.00000000,1690279199999,4171472.96090000,1533,2068760.00000000,2069173.75200000,0
1690279200000,1.00020000,1.00020000,1.00010000,1.00010000,7220214.00000000,1690282799999,7221576.69230000,1398,6406709.00000000,6407990.34180000,0
1690282800000,1.00010000,1.00020000,1.00010000,1.00010000,6952419.00000000,1690286399999,6953331.53270000,1936,2172908.00000000,2173342.58160000,0
1690286400000,1.00010000,1.00020000,1.00010000,1.00010000,4655194.00000000,1690289999999,4655955.94810000,1769,2964287.00000000,2964879.85740000,0
1690290000000,1.00010000,1.00020000,1.00010000,1.00010000,7387160.00000000,1690293599999,7388428.00090000,4276,5292849.00000000,5293907.56980000,0
1690293600000,1.00010000,1.00030000,1.00010000,1.00010000,30242530.00000000,1690297199999,30247843.26280000,3650,18008321.00000000,18011923.48570000,0
1690297200000,1.00010000,1.00020000,1.00010000,1.00010000,9338530.00000000,1690300799999,9339876.22250000,1642,4123695.00000000,4124519.73900000,0
1690300800000,1.00010000,1.00020000,1.00010000,1.00020000,6315740.00000000,1690304399999,6316512.38890000,2864,1408149.00000000,1408430.62980000,0
1690304400000,1.00010000,1.00020000,1.00010000,1.00010000,7910016.00000000,1690307999999,7911030.91340000,2268,2239118.00000000,2239565.82360000,0
1690308000000,1.00010000,1.00020000,1.00010000,1.00010000,7788787.00000000,1690311599999,7789787.27600000,2124,2213973.00000000,2214415.79460000,0
1690311600000,1.00010000,1.00020000,1.00000000,1.00000000,13586735.00000000,1690315199999,13588180.36050000,1631,1923481.00000000,1923815.74050000,0
1690315200000,1.00000000,1.00010000,1.00000000,1.00000000,5797691.00000000,1690318799999,5798043.67220000,1623,3526722.00000000,3527074.67220000,0
1690318800000,1.00000000,1.00010000,1.00000000,1.00000000,7863024.00000000,1690322399999,7863574.39930000,1514,5503993.00000000,5504543.39930000,0
1690322400000,1.00000000,1.00020000,1.00000000,1.00020000,5755416.00000000,1690325999999,5755862.13780000,1014,3797558.00000000,3797962.05330000,0
1690326000000,1.00010000,1.00020000,1.00010000,1.00010000,4001590.00000000,1690329599999,4002175.51710000,884,1853581.00000000,1853951.71620000,0
1690329600000,1.00020000,1.00020000,1.00010000,1.00010000,5409399.00000000,1690333199999,5410344.59500000,1520,4046551.00000000,4047360.31020000,0
1690333200000,1.00020000,1.00020000,1.00010000,1.00020000,6984840.00000000,1690336799999,6985879.70130000,1637,3412173.00000000,3412855.43460000,0
1690336800000,1.00010000,1.00020000,1.00010000,1.00020000,9696235.00000000,1690340399999,9698024.60780000,1216,8199843.00000000,8201482.96860000,0
1690340400000,1.00020000,1.00020000,1.00010000,1.00020000,6649074.00000000,1690343999999,6650097.76080000,1760,3588534.00000000,3589251.70680000,0
1690344000000,1.00010000,1.00020000,1.00010000,1.00010000,6830822.00000000,1690347599999,6831960.83150000,1512,4557493.00000000,4558404.49860000,0
1690347600000,1.00010000,1.00020000,1.00010000,1.00010000,4857411.00000000,1690351199999,4858195.77980000,1154,2990387.00000000,2990985.07740000,0
1690351200000,1.00020000,1.00020000,1.00010000,1.00010000,5537742.00000000,1690354799999,5538677.97350000,1142,3821993.00000000,3822757.39860000,0
1690354800000,1.00020000,1.00020000,1.00010000,1.00010000,3988370.00000000,1690358399999,3988884.84740000,1063,1160104.00000000,1160336.02080000,0
1690358400000,1.00010000,1.00030000,1.00010000,1.00030000,10646651.00000000,1690361999999,10648667.82320000,1186,8020811.00000000,8022455.48100000,0
1690362000000,1.00020000,1.00030000,1.00020000,1.00030000,16628238.00000000,1690365599999,16632668.19590000,1874,11045483.00000000,11048796.64490000,0
1690365600000,1.00020000,1.00030000,1.00020000,1.00030000,6294842.00000000,1690369199999,6296265.81310000,1642,1648447.00000000,1648941.53410000,0
1690369200000,1.00030000,1.00030000,1.00020000,1.00020000,18480240.00000000,1690372799999,18485344.78410000,1892,14087361.00000000,14091587.20830000,0
1690372800000,1.00020000,1.00030000,1.00020000,1.00020000,6799726.00000000,1690376399999,6801441.94910000,2073,3560039.00000000,3561107.01170000,0
1690376400000,1.00030000,1.00030000,1.00020000,1.00020000,10246030.00000000,1690379999999,10248238.66520000,4495,1594592.00000000,1595070.37760000,0
1690380000000,1.00020000,1.00030000,1.00020000,1.00030000,15696202.00000000,1690383599999,15699693.76570000,6264,3525253.00000000,3526310.57590000,0
1690383600000,1.00030000,1.00030000,1.00010000,1.00020000,10693949.00000000,1690387199999,10695694.15300000,2426,4785645.00000000,4786605.71500000,0
1690387200000,1.00010000,1.00020000,1.00010000,1.00010000,11309332.00000000,1690390799999,11311364.23830000,2128,9013051.00000000,9014853.61020000,0
1690390800000,1.00010000,1.00020000,1.00010000,1.00020000,4130630.00000000,1690394399999,4131184.76670000,1794,1417037.00000000,1417320.40740000,0
1690394400000,1.00020000,1.00020000,1.00010000,1.00020000,14146021.00000000,1690397999999,14147859.75500000,6606,4241529.00000000,4242377.30580000,0
1690398000000,1.00020000,1.00020000,1.00000000,1.00010000,29217149.00000000,1690401599999,29219398.33730000,3394,10114335.00000000,10115417.75430000,0
1690401600000,1.00010000,1.00010000,1.00000000,1.00000000,15828125.00000000,1690405199999,15828521.29940000,3130,3962994.00000000,3963390.29940000,0
1690405200000,1.00000000,1.00010000,1.00000000,1.00000000,9039378.00000000,1690408799999,9039606.16550000,2476,2281655.00000000,2281883.16550000,0
1690408800000,1.00000000,1.00010000,1.00000000,1.00010000,5245241.00000000,1690412399999,5245451.10510000,2035,2101051.00000000,2101261.10510000,0
1690412400000,1.00000000,1.00010000,1.00000000,1.00010000,3942083.00000000,1690415999999,3942210.47070000,2609,1274707.00000000,1274834.47070000,0
1690416000000,1.00000000,1.00010000,1.00000000,1.00000000,3367501.00000000,1690419599999,3367605.93530000,2499,1049353.00000000,1049457.93530000,0
1690419600000,1.00000000,1.00010000,1.00000000,1.00000000,16066568.00000000,1690423199999,16068063.86120000,1355,14958612.00000000,14960107.86120000,0
1690423200000,1.00010000,1.00020000,1.00000000,1.00020000,12636192.00000000,1690426799999,12637513.42830000,1588,11016979.00000000,11018184.79140000,0
1690426800000,1.00020000,1.00020000,1.00010000,1.00020000,7865154.00000000,1690430399999,7866128.90880000,1588,1883934.00000000,1884310.78680000,0
1690430400000,1.00020000,1.00020000,1.00010000,1.00010000,3685395.00000000,1690433999999,3685989.52070000,1583,2259812.00000000,2260263.96240000,0
1690434000000,1.00020000,1.00020000,1.00010000,1.00010000,4024484.00000000,1690437599999,4025142.69620000,1478,2562478.00000000,2562990.49560000,0
1690437600000,1.00010000,1.00020000,1.00010000,1.00010000,4509569.00000000,1690441199999,4510139.93510000,2486,1199782.00000000,1200021.95640000,0
1690441200000,1.00010000,1.00020000,1.00010000,1.00010000,12089710.00000000,1690444799999,12091161.94480000,1686,2429738.00000000,2430223.94760000,0
1690444800000,1.00010000,1.00020000,1.00010000,1.00020000,19800361.00000000,1690448399999,19803745.89110000,2398,14048550.00000000,14051359.71000000,0
1690448400000,1.00010000,1.00020000,1.00010000,1.00020000,7121621.00000000,1690451999999,7122732.83940000,2493,3996773.00000000,3997572.35460000,0
1690452000000,1.00010000,1.00020000,1.00010000,1.00010000,13691480.00000000,1690455599999,13693167.04190000,2805,3178939.00000000,3179574.78780000,0
1690455600000,1.00010000,1.00020000,1.00010000,1.00020000,4383275.00000000,1690459199999,4383852.08710000,1904,1387596.00000000,1387873.51920000,0
1690459200000,1.00010000,1.00020000,1.00010000,1.00010000,4822506.00000000,1690462799999,4823291.19800000,2688,3029474.00000000,3030079.89480000,0
1690462800000,1.00010000,1.00020000,1.00010000,1.00020000,5663025.00000000,1690466399999,5663916.67700000,3150,3253745.00000000,3254395.74900000,0
1690466400000,1.00020000,1.00020000,1.00010000,1.00020000,5709580.00000000,1690469999999,5710351.08630000,2294,2001283.00000000,2001683.25660000,0
1690470000000,1.00010000,1.00020000,1.00010000,1.00020000,4906890.00000000,1690473599999,4907506.32350000,2042,1256345.00000000,1256596.26900000,0
1690473600000,1.00010000,1.00020000,1.00010000,1.00020000,6026646.00000000,1690477199999,6027517.82780000,2351,2691632.00000000,2692170.32640000,0
1690477200000,1.00020000,1.00020000,1.00010000,1.00020000,6570481.00000000,1690480799999,6571606.09260000,2715,4680445.00000000,4681381.08900000,0
1690480800000,1.00010000,1.00020000,1.00010000,1.00010000,5182659.00000000,1690484399999,5183437.21940000,3273,2599535.00000000,2600054.90700000,0
1690484400000,1.00010000,1.00020000,1.00010000,1.00020000,4308283.00000000,1690487999999,4308882.37710000,2380,1685488.00000000,1685825.09760000,0
1690488000000,1.00020000,1.00020000,1.00010000,1.00020000,4754938.00000000,1690491599999,4755700.52070000,2274,2870269.00000000,2870843.05380000,0
1690491600000,1.00020000,1.00030000,1.00010000,1.00020000,6133591.00000000,1690495199999,6134744.54470000,2447,4565997.00000000,4566926.76020000,0
1690495200000,1.00020000,1.00030000,1.00020000,1.00030000,10790749.00000000,1690498799999,10793820.45390000,1048,9133041.00000000,9135780.91230000,0
1690498800000,1.00020000,1.00040000,1.00010000,1.00020000,19076890.00000000,1690502399999,19081780.88500000,2216,5342850.00000000,5344174.67360000,0
1690502400000,1.00020000,1.00020000,1.00010000,1.00020000,4578131.00000000,1690505999999,4578873.91170000,2418,2850986.00000000,2851556.19720000,0
1690506000000,1.00020000,1.00030000,1.00010000,1.00020000,10357824.00000000,1690509599999,10359983.36270000,1324,8083641.00000000,8085483.83670000,0
1690509600000,1.00030000,1.00030000,1.00020000,1.00020000,6152216.00000000,1690513199999,6153654.95630000,1330,2085131.00000000,2085756.53930000,0
1690513200000,1.00020000,1.00040000,1.00020000,1.00030000,27288770.00000000,1690516799999,27296743.29310000,2059,21633539.00000000,21640043.22470000,0
1690516800000,1.00030000,1.00040000,1.00020000,1.00040000,19545650.00000000,1690520399999,19551529.66860000,1875,10412528.00000000,10415726.84240000,0
1690520400000,1.00030000,1.00040000,1.00020000,1.00030000,14475820.00000000,1690523999999,14480316.03310000,3021,7938229.00000000,7940769.48180000,0
1690524000000,1.00030000,1.00050000,1.00020000,1.00030000,24278397.00000000,1690527599999,24286940.40530000,2032,13523733.00000000,13528752.25950000,0
1690527600000,1.00030000,1.00040000,1.00030000,1.00030000,4284446.00000000,1690531199999,4285953.19470000,1449,2218609.00000000,2219496.44360000,0
1690531200000,1.00030000,1.00040000,1.00020000,1.00030000,14858842.00000000,1690534799999,14863401.97700000,2413,4546812.00000000,4548297.26990000,0
1690534800000,1.00030000,1.00040000,1.00020000,1.00030000,14289682.00000000,1690538399999,14294453.32380000,2193,8378720.00000000,8381726.34550000,0
1690538400000,1.00030000,1.00040000,1.00030000,1.00030000,3743517.00000000,1690541999999,3744839.38800000,1366,1993329.00000000,1994126.33160000,0
1690542000000,1.00030000,1.00040000,1.00030000,1.00030000,9498793.00000000,1690545599999,9501774.98740000,1558,1323495.00000000,1324024.39800000,0
1690545600000,1.00030000,1.00040000,1.00020000,1.00030000,14731037.00000000,1690549199999,14735935.88250000,2664,10074449.00000000,10077969.35360000,0
1690549200000,1.00030000,1.00040000,1.00030000,1.00030000,5582330.00000000,1690552799999,5584134.41750000,3080,1297185.00000000,1297703.87400000,0
1690552800000,1.00030000,1.00040000,1.00030000,1.00030000,7444667.00000000,1690556399999,7447376.88890000,3026,4764888.00000000,4766793.95520000,0
1690556400000,1.00030000,1.00040000,1.00020000,1.00020000,19344240.00000000,1690559999999,19350056.04860000,2130,5798086.00000000,5799965.69380000,0
1690560000000,1.00020000,1.00030000,1.00010000,1.00010000,11442422.00000000,1690563599999,11444768.99410000,1371,1304650.00000000,1305012.80940000,0
1690563600000,1.00010000,1.00020000,1.00010000,1.00010000,12326690.00000000,1690567199999,12328534.95130000,1577,6122823.00000000,6124047.56460000,0
1690567200000,1.00010000,1.00020000,1.00000000,1.00010000,19065022.00000000,1690570799999,19067080.11090000,1092,4144279.00000000,4144995.29210000,0
1690570800000,1.00010000,1.00020000,1.00010000,1.00010000,6527378.00000000,1690574399999,6528501.94410000,1413,4712063.00000000,4713005.41260000,0
1690574400000,1.00010000,1.00020000,1.00010000,1.00010000,5490404.00000000,1690577999999,5491007.65980000,1706,546194.00000000,546303.23880000,0
1690578000000,1.00010000,1.00020000,1.00010000,1.00010000,2986689.00000000,1690581599999,2987032.46770000,1444,447988.00000000,448077.59760000,0
1690581600000,1.00010000,1.00020000,1.00000000,1.00010000,15517550.00000000,1690585199999,15518983.50860000,946,7902074.00000000,7902883.52160000,0
1690585200000,1.00000000,1.00020000,1.00000000,1.00010000,10795035.00000000,1690588799999,10796059.15060000,1378,7754005.00000000,7754795.43930000,0
1690588800000,1.00010000,1.00020000,1.00010000,1.00010000,3201146.00000000,1690592399999,3201606.05710000,1814,1399425.00000000,1399704.88500000,0
1690592400000,1.00010000,1.00020000,1.00010000,1.00010000,3921059.00000000,1690595999999,3921591.13920000,1223,1400333.00000000,1400613.06660000,0
1690596000000,1.00010000,1.00020000,1.00000000,1.00000000,19540132.00000000,1690599599999,19542070.10980000,1536,2281039.00000000,2281345.06600000,0
1690599600000,1.00010000,1.00010000,1.00000000,1.00000000,1944847.00000000,1690603199999,1944890.89520000,730,438952.00000000,438995.89520000,0
1690603200000,1.00010000,1.00010000,1.00000000,1.00000000,1915192.00000000,1690606799999,1915265.95200000,756,739520.00000000,739593.95200000,0
1690606800000,1.00000000,1.00010000,1.00000000,1.00010000,2939927.00000000,1690610399999,2940009.67570000,700,826757.00000000,826839.67570000,0
1690610400000,1.00000000,1.00010000,1.00000000,1.00000000,4640291.00000000,1690613999999,4640543.03920000,881,2520392.00000000,2520644.03920000,0
1690614000000,1.00010000,1.00010000,1.00000000,1.00000000,4493101.00000000,1690617599999,4493188.81010000,1063,878101.00000000,878188.81010000,0
1690617600000,1.00010000,1.00010000,1.00000000,1.00000000,4219969.00000000,1690621199999,4220082.50760000,1032,1135076.00000000,1135189.50760000,0
1690621200000,1.00010000,1.00010000,1.00000000,1.00010000,19677592.00000000,1690624799999,19677765.11990000,1448,1731199.00000000,1731372.11990000,0
1690624800000,1.00000000,1.00010000,0.99990000,1.00010000,9584996.00000000,1690628399999,9585070.58350000,952,7565107.00000000,7565187.04650000,0
1690628400000,1.00010000,1.00010000,1.00000000,1.00000000,3161211.00000000,1690631999999,3161381.06150000,930,1700615.00000000,1700785.06150000,0
1690632000000,1.00000000,1.00010000,1.00000000,1.00000000,3528203.00000000,1690635599999,3528406.02900000,1065,2030290.00000000,2030493.02900000,0
1690635600000,1.00000000,1.00010000,1.00000000,1.00000000,1910568.00000000,1690639199999,1910614.30920000,892,463092.00000000,463138.30920000,0
1690639200000,1.00010000,1.00010000,1.00000000,1.00010000,4257078.00000000,1690642799999,4257385.79270000,1202,3077927.00000000,3078234.79270000,0
1690642800000,1.00010000,1.00010000,1.00000000,1.00000000,4264875.00000000,1690646399999,4264924.72940000,1428,497294.00000000,497343.72940000,0
1690646400000,1.00000000,1.00010000,1.00000000,1.00010000,1943344.00000000,1690649999999,1943419.40860000,1393,754086.00000000,754161.40860000,0
1690650000000,1.00000000,1.00010000,1.00000000,1.00010000,2443333.00000000,1690653599999,2443460.30560000,1340,1273056.00000000,1273183.30560000,0
1690653600000,1.00010000,1.00010000,1.00000000,1.00000000,1476095.00000000,1690657199999,1476146.49980000,865,514998.00000000,515049.49980000,0
1690657200000,1.00000000,1.00010000,1.00000000,1.00010000,3394886.00000000,1690660799999,3395080.13620000,921,1941362.00000000,1941556.13620000,0
1690660800000,1.00000000,1.00010000,1.00000000,1.00010000,2422371.00000000,1690664399999,2422497.17360000,886,1261736.00000000,1261862.17360000,0
1690664400000,1.00010000,1.00010000,1.00000000,1.00010000,1116459.00000000,1690667999999,1116492.88250000,1264,338825.00000000,338858.88250000,0
1690668000000,1.00000000,1.00010000,1.00000000,1.00000000,2090713.00000000,1690671599999,2090782.79960000,2244,697996.00000000,698065.79960000,0
1690671600000,1.00000000,1.00010000,1.00000000,1.00000000,2380541.00000000,1690675199999,2380636.10900000,1799,951090.00000000,951185.10900000,0
1690675200000,1.00000000,1.00010000,1.00000000,1.00000000,2522975.00000000,1690678799999,2523054.95420000,2640,799542.00000000,799621.95420000,0
1690678800000,1.00000000,1.00010000,1.00000000,1.00000000,3026578.00000000,1690682399999,3026650.87590000,1433,728759.00000000,728831.87590000,0
1690682400000,1.00000000,1.00010000,1.00000000,1.00010000,4242486.00000000,1690685999999,4242749.90810000,1157,2639081.00000000,2639344.90810000,0
1690686000000,1.00010000,1.00010000,1.00000000,1.00010000,1828738.00000000,1690689599999,1828786.11490000,1036,481149.00000000,481197.11490000,0
1690689600000,1.00000000,1.00010000,1.00000000,1.00000000,2857716.00000000,1690693199999,2857830.42000000,985,1144200.00000000,1144314.42000000,0
1690693200000,1.00000000,1.00010000,1.00000000,1.00010000,1023351.00000000,1690696799999,1023388.40510000,1038,374051.00000000,374088.40510000,0
1690696800000,1.00000000,1.00010000,1.00000000,1.00000000,1373884.00000000,1690700399999,1373918.30090000,1017,343009.00000000,343043.30090000,0
1690700400000,1.00000000,1.00010000,1.00000000,1.00010000,5708999.00000000,1690703999999,5709406.08560000,1290,4070856.00000000,4071263.08560000,0
1690704000000,1.00000000,1.00010000,1.00000000,1.00000000,4626983.00000000,1690707599999,4627292.99140000,1119,3099914.00000000,3100223.99140000,0
1690707600000,1.00000000,1.00010000,1.00000000,1.00000000,7272365.00000000,1690711199999,7272935.36090000,1191,5703609.00000000,5704179.36090000,0
1690711200000,1.00010000,1.00010000,1.00000000,1.00000000,2348505.00000000,1690714799999,2348590.25860000,1126,852586.00000000,852671.25860000,0
1690714800000,1.00000000,1.00010000,1.00000000,1.00000000,2412927.00000000,1690718399999,2413021.88210000,1019,948821.00000000,948915.88210000,0
1690718400000,1.00010000,1.00010000,1.00000000,1.00010000,1620551.00000000,1690721999999,1620648.31640000,1082,973164.00000000,973261.31640000,0
1690722000000,1.00010000,1.00010000,1.00000000,1.00010000,2263944.00000000,1690725599999,2264039.27530000,994,952753.00000000,952848.27530000,0
1690725600000,1.00000000,1.00010000,1.00000000,1.00000000,1935820.00000000,1690729199999,1935936.18210000,1205,1161821.00000000,1161937.18210000,0
1690729200000,1.00010000,1.00010000,1.00000000,1.00000000,6588773.00000000,1690732799999,6589297.12820000,1726,5241282.00000000,5241806.12820000,0
1690732800000,1.00010000,1.00010000,1.00000000,1.00010000,7150805.00000000,1690736399999,7151010.99690000,1197,2059969.00000000,2060174.99690000,0
1690736400000,1.00010000,1.00010000,1.00000000,1.00000000,2087386.00000000,1690739999999,2087481.97090000,930,959709.00000000,959804.97090000,0
1690740000000,1.00000000,1.00010000,1.00000000,1.00000000,1085065.00000000,1690743599999,1085113.71140000,743,487114.00000000,487162.71140000,0
1690743600000,1.00010000,1.00010000,1.00000000,1.00000000,6892350.00000000,1690747199999,6892450.74470000,2621,1007447.00000000,1007547.74470000,0
1690747200000,1.00000000,1.00010000,1.00000000,1.00000000,17774899.00000000,1690750799999,17775923.69790000,5650,10246979.00000000,10248003.69790000,0
1690750800000,1.00010000,1.00010000,1.00000000,1.00010000,2406703.00000000,1690754399999,2406761.57940000,1743,585794.00000000,585852.57940000,0
1690754400000,1.00000000,1.00010000,1.00000000,1.00000000,3747986.00000000,1690757999999,3748134.18240000,1784,1481824.00000000,1481972.18240000,0
1690758000000,1.00010000,1.00010000,1.00000000,1.00010000,2438082.00000000,1690761599999,2438206.63610000,1391,1246361.00000000,1246485.63610000,0
1690761600000,1.00010000,1.00010000,1.00000000,1.00010000,11310671.00000000,1690765199999,11311391.71050000,2749,7207105.00000000,7207825.71050000,0
1690765200000,1.00000000,1.00010000,1.00000000,1.00010000,10471262.00000000,1690768799999,10471987.49220000,1772,7254922.00000000,7255647.49220000,0
1690768800000,1.00010000,1.00010000,1.00000000,1.00000000,6223124.00000000,1690772399999,6223429.27670000,1196,3052767.00000000,3053072.27670000,0
1690772400000,1.00010000,1.00010000,1.00000000,1.00000000,6999354.00000000,1690775999999,6999694.42590000,856,3404259.00000000,3404599.42590000,0
1690776000000,1.00010000,1.00010000,1.00000000,1.00000000,6203841.00000000,1690779599999,6204185.28310000,1366,3442831.00000000,3443175.28310000,0
1690779600000,1.00010000,1.00010000,1.00000000,1.00000000,5496781.00000000,1690783199999,5497060.39890000,1241,2793989.00000000,2794268.39890000,0
1690783200000,1.00010000,1.00010000,1.00000000,1.00000000,10618286.00000000,1690786799999,10618657.12930000,1753,3711293.00000000,3711664.12930000,0
1690786800000,1.00010000,1.00010000,1.00000000,1.00000000,9588777.00000000,1690790399999,9589396.54410000,1302,6195441.00000000,6196060.54410000,0
1690790400000,1.00010000,1.00010000,1.00000000,1.00000000,6537388.00000000,1690793999999,6537831.90380000,2522,4439038.00000000,4439481.90380000,0
1690794000000,1.00010000,1.00020000,1.00000000,1.00010000,29898463.00000000,1690797599999,29902079.87930000,2002,23402792.00000000,23405840.51950000,0
1690797600000,1.00020000,1.00020000,1.00010000,1.00020000,10529874.00000000,1690801199999,10531548.61710000,1368,6216297.00000000,6217540.25940000,0
1690801200000,1.00020000,1.00020000,1.00010000,1.00010000,8729144.00000000,1690804799999,8730462.14030000,1295,4452259.00000000,4453149.45180000,0
1690804800000,1.00010000,1.00020000,1.00010000,1.00010000,5812690.00000000,1690808399999,5813534.16950000,1543,2629005.00000000,2629530.80100000,0
1690808400000,1.00020000,1.00020000,1.00010000,1.00010000,11492758.00000000,1690811999999,11494690.10940000,2582,7828336.00000000,7829901.66720000,0
1690812000000,1.00020000,1.00020000,1.00010000,1.00020000,7436114.00000000,1690815599999,7437182.49600000,2764,3248846.00000000,3249495.76920000,0
1690815600000,1.00020000,1.00020000,1.00010000,1.00010000,8554385.00000000,1690819199999,8555521.97410000,3056,2815356.00000000,2815919.07120000,0
1690819200000,1.00010000,1.00020000,1.00010000,1.00020000,10896307.00000000,1690822799999,10897999.26730000,2397,6026366.00000000,6027571.27320000,0
1690822800000,1.00020000,1.00020000,1.00010000,1.00010000,14999022.00000000,1690826399999,15001366.60670000,2169,8447045.00000000,8448734.40900000,0
1690826400000,1.00020000,1.00020000,1.00000000,1.00010000,36399796.00000000,1690829999999,36401168.10930000,3145,4646528.00000000,4647124.49300000,0
1690830000000,1.00010000,1.00010000,1.00000000,1.00000000,9759628.00000000,1690833599999,9760385.82060000,3748,7578206.00000000,7578963.82060000,0
1690833600000,1.00010000,1.00010000,1.00000000,1.00010000,15415487.00000000,1690837199999,15416703.41230000,5411,12164123.00000000,12165339.41230000,0
1690837200000,1.00010000,1.00020000,1.00000000,1.00010000,13036881.00000000,1690840799999,13038168.31920000,2182,9426323.00000000,9427356.34030000,0
1690840800000,1.00010000,1.00020000,1.00010000,1.00020000,9951718.00000000,1690844399999,9953187.48050000,1238,4743087.00000000,4744035.61740000,0
1690844400000,1.00010000,1.00020000,1.00010000,1.00010000,3988539.00000000,1690847999999,3989111.49510000,932,1736412.00000000,1736759.28240000,0
