1680307200000,0.99980000,0.99980000,0.99970000,0.99980000,3555613.00000000,1680310799999,3554672.31580000,1833,1259997.00000000,1259745.00060000,0
1680310800000,0.99970000,0.99980000,0.99970000,0.99980000,5334326.00000000,1680314399999,5333023.03510000,2572,2973329.00000000,2972734.33420000,0
1680314400000,0.99980000,0.99980000,0.99970000,0.99970000,6591494.00000000,1680317999999,6589795.74800000,3621,2791962.00000000,2791403.60760000,0
1680318000000,0.99980000,0.99980000,0.99970000,0.99980000,2902891.00000000,1680321599999,2902067.64460000,1411,475119.00000000,475023.97620000,0
1680321600000,0.99980000,0.99980000,0.99970000,0.99980000,3227447.00000000,1680325199999,3226654.78990000,1260,1760240.00000000,1759887.95200000,0
1680325200000,0.99980000,0.99980000,0.99970000,0.99980000,2735231.00000000,1680328799999,2734448.52540000,1327,380947.00000000,380870.81060000,0
1680328800000,0.99970000,0.99980000,0.99960000,0.99960000,7989566.00000000,1680332399999,7986932.86330000,4034,1152607.00000000,1152289.59530000,0
1680332400000,0.99960000,0.99970000,0.99960000,0.99970000,6931300.00000000,1680335999999,6928951.81790000,2546,4243379.00000000,4242105.98630000,0
1680336000000,0.99960000,0.99970000,0.99960000,0.99960000,5918692.00000000,1680339599999,5916504.39760000,2932,1798744.00000000,1798204.37680000,0
1680339600000,0.99960000,0.99970000,0.99960000,0.99960000,3054069.00000000,1680343199999,3052925.31000000,1953,779376.00000000,779142.18720000,0
1680343200000,0.99970000,0.99970000,0.99960000,0.99970000,2325818.00000000,1680346799999,2324970.89810000,1435,832253.00000000,832003.32410000,0
1680346800000,0.99960000,0.99970000,0.99950000,0.99950000,5961421.00000000,1680350399999,5959160.32930000,2149,1904373.00000000,1903768.12590000,0
1680350400000,0.99960000,0.99960000,0.99950000,0.99960000,3702689.00000000,1680353999999,3701100.15380000,1830,2624983.00000000,2623933.00680000,0
1680354000000,0.99950000,0.99960000,0.99950000,0.99950000,2171428.00000000,1680357599999,2170414.46210000,1968,721761.00000000,721472.29560000,0
1680357600000,0.99960000,0.99960000,0.99950000,0.99950000,3109347.00000000,1680361199999,3107921.86800000,2305,1295415.00000000,1294896.83400000,0
1680361200000,0.99960000,0.99970000,0.99950000,0.99970000,12058496.00000000,1680364799999,12053517.15410000,2865,9549607.00000000,9545823.57280000,0
1680364800000,0.99970000,0.99970000,0.99950000,0.99960000,8256935.00000000,1680368399999,8253892.19170000,3114,2832149.00000000,2831282.56360000,0
1680368400000,0.99960000,0.99970000,0.99950000,0.99970000,5082011.00000000,1680371999999,5080056.12460000,2670,3885531.00000000,3884098.67880000,0
1680372000000,0.99970000,0.99970000,0.99960000,0.99960000,3290505.00000000,1680375599999,3289283.61210000,2420,948141.00000000,947856.55770000,0
1680375600000,0.99960000,0.99970000,0.99960000,0.99970000,1284736.00000000,1680379199999,1284285.95170000,1859,638461.00000000,638269.46170000,0
1680379200000,0.99960000,0.99970000,0.99960000,0.99960000,2826767.00000000,1680382799999,2825789.60810000,2527,1533149.00000000,1532689.05530000,0
1680382800000,0.99970000,0.99970000,0.99960000,0.99970000,1158428.00000000,1680386399999,1158030.70190000,1641,660731.00000000,660532.78070000,0
1680386400000,0.99970000,0.99970000,0.99960000,0.99960000,1289485.00000000,1680389999999,1289038.16260000,2000,689566.00000000,689359.13020000,0
1680390000000,0.99960000,0.99970000,0.99960000,0.99970000,3012263.00000000,1680393599999,3011298.35290000,1374,2402581.00000000,2401860.22570000,0
1680393600000,0.99960000,0.99970000,0.99960000,0.99960000,2274527.00000000,1680397199999,2273660.68040000,2646,434912.00000000,434781.52640000,0
1680397200000,0.99960000,0.99970000,0.99960000,0.99960000,2349715.00000000,1680400799999,2348833.49050000,1559,583765.00000000,583589.87050000,0
1680400800000,0.99960000,0.99970000,0.99960000,0.99970000,2162903.00000000,1680404399999,2162142.32750000,1808,1044887.00000000,1044573.53390000,0
1680404400000,0.99960000,0.99970000,0.99960000,0.99970000,3823467.00000000,1680407999999,3822073.68500000,2507,1360718.00000000,1360309.78460000,0
1680408000000,0.99960000,0.99970000,0.99960000,0.99960000,2185482.00000000,1680411599999,2184643.27810000,2085,354709.00000000,354602.58730000,0
1680411600000,0.99970000,0.99970000,0.99960000,0.99970000,1294431.00000000,1680415199999,1294013.70850000,1205,1004809.00000000,1004507.55730000,0
1680415200000,0.99960000,0.99970000,0.99930000,0.99940000,24462678.00000000,1680418799999,24449707.33020000,12056,4286394.00000000,4283986.73020000,0
1680418800000,0.99950000,0.99950000,0.99940000,0.99950000,4316215.00000000,1680422399999,4313824.87320000,2258,1996022.00000000,1995023.98900000,0
1680422400000,0.99950000,0.99950000,0.99940000,0.99950000,2873651.00000000,1680425999999,2872107.67740000,1891,1808680.00000000,1807775.66000000,0
1680426000000,0.99940000,0.99960000,0.99940000,0.99950000,4311184.00000000,1680429599999,4309034.54600000,2583,3831992.00000000,3830111.82800000,0
1680429600000,0.99950000,0.99960000,0.99950000,0.99960000,3082053.00000000,1680433199999,3080561.42460000,1223,494511.00000000,494313.19560000,0
1680433200000,0.99950000,0.99960000,0.99950000,0.99950000,3747830.00000000,1680436799999,3746066.62740000,1604,1105424.00000000,1104981.83040000,0
1680436800000,0.99960000,0.99960000,0.99950000,0.99960000,2651397.00000000,1680440399999,2650234.97120000,1787,1636697.00000000,1636042.32120000,0
1680440400000,0.99960000,0.99960000,0.99950000,0.99960000,9580097.00000000,1680443999999,9575908.40420000,3047,6014527.00000000,6012121.18920000,0
1680444000000,0.99960000,0.99970000,0.99950000,0.99950000,14607794.00000000,1680447599999,14602026.73120000,1902,7867712.00000000,7864700.78870000,0
1680447600000,0.99960000,0.99960000,0.99940000,0.99950000,8205809.00000000,1680451199999,8201557.30040000,3962,2494426.00000000,2493204.71150000,0
1680451200000,0.99950000,0.99960000,0.99940000,0.99940000,4992544.00000000,1680454799999,4989854.70960000,3032,1921189.00000000,1920231.19410000,0
1680454800000,0.99940000,0.99960000,0.99940000,0.99960000,3856219.00000000,1680458399999,3854241.77140000,1976,2120085.00000000,2119043.41900000,0
1680458400000,0.99960000,0.99960000,0.99950000,0.99950000,1398299.00000000,1680461999999,1397650.56430000,1108,507138.00000000,506935.14480000,0
1680462000000,0.99950000,0.99960000,0.99920000,0.99940000,8147510.00000000,1680465599999,8142939.67940000,3041,3433209.00000000,3431318.58720000,0
1680465600000,0.99940000,0.99950000,0.99930000,0.99940000,2063286.00000000,1680469199999,2062034.23560000,1459,1221520.00000000,1220817.81260000,0
1680469200000,0.99950000,0.99960000,0.99930000,0.99940000,6631157.00000000,1680472799999,6627562.13130000,1501,2281424.00000000,2280240.23400000,0
1680472800000,0.99940000,0.99960000,0.99930000,0.99950000,4874924.00000000,1680476399999,4872230.13910000,2354,3899486.00000000,3897450.48400000,0
1680476400000,0.99950000,0.99960000,0.99950000,0.99950000,4544723.00000000,1680479999999,4542717.70130000,1457,2670628.00000000,2669559.74880000,0
1680480000000,0.99950000,0.99960000,0.99940000,0.99960000,4634354.00000000,1680483599999,4631980.69420000,1986,1670392.00000000,1669589.11910000,0
1680483600000,0.99950000,0.99960000,0.99950000,0.99950000,14927605.00000000,1680487199999,14920964.47370000,5145,8232762.00000000,8229468.89520000,0
1680487200000,0.99960000,0.99970000,0.99940000,0.99950000,16402845.00000000,1680490799999,16395519.68550000,2398,6740148.00000000,6737323.35570000,0
1680490800000,0.99950000,0.99960000,0.99950000,0.99950000,4765549.00000000,1680494399999,4763251.41340000,1323,851879.00000000,851538.24840000,0
1680494400000,0.99950000,0.99960000,0.99950000,0.99950000,8666195.00000000,1680497999999,8662392.56270000,1494,5306602.00000000,5304479.35920000,0
1680498000000,0.99960000,0.99970000,0.99950000,0.99960000,12697085.00000000,1680501599999,12691773.23780000,2211,5194094.00000000,5192114.35340000,0
1680501600000,0.99960000,0.99970000,0.99960000,0.99970000,11836069.00000000,1680505199999,11832185.30230000,1501,8507299.00000000,8504746.81030000,0
1680505200000,0.99960000,0.99980000,0.99960000,0.99960000,14786489.00000000,1680508799999,14781867.19730000,2310,8028607.00000000,8026282.77450000,0
1680508800000,0.99960000,0.99980000,0.99960000,0.99970000,24040876.00000000,1680512399999,24035206.70220000,5374,18178410.00000000,18174526.12530000,0
1680512400000,0.99980000,0.99990000,0.99970000,0.99970000,20584305.00000000,1680515999999,20579809.48260000,2689,15448404.00000000,15445325.11220000,0
1680516000000,0.99970000,0.99990000,0.99970000,0.99980000,21859064.00000000,1680519599999,21855078.97660000,3163,10417655.00000000,10416035.18730000,0
1680519600000,0.99980000,0.99990000,0.99970000,0.99970000,19388756.00000000,1680523199999,19385721.45750000,2507,10208360.00000000,10207196.14200000,0
1680523200000,0.99980000,0.99980000,0.99960000,0.99970000,30122217.00000000,1680526799999,30113721.07600000,4032,7985242.00000000,7983434.59610000,0
1680526800000,0.99980000,0.99980000,0.99950000,0.99960000,25556809.00000000,1680530399999,25547086.37540000,4844,9586850.00000000,9583367.23460000,0
1680530400000,0.99960000,0.99970000,0.99950000,0.99950000,14524541.00000000,1680533999999,14518133.17680000,5036,6075353.00000000,6072943.08170000,0
1680534000000,0.99960000,0.99970000,0.99950000,0.99960000,16556932.00000000,1680537599999,16550126.80850000,4047,8154930.00000000,8151853.53560000,0
1680537600000,0.99970000,0.99970000,0.99950000,0.99950000,9635304.00000000,1680541199999,9631164.02310000,2375,4604627.00000000,4602822.56170000,0
1680541200000,0.99950000,0.99980000,0.99950000,0.99970000,12107690.00000000,1680544799999,12103478.46710000,4010,7743144.00000000,7740694.00110000,0
1680544800000,0.99970000,0.99990000,0.99960000,0.99990000,18367050.00000000,1680548399999,18362054.52860000,5524,8643954.00000000,8642109.60180000,0
1680548400000,0.99980000,0.99990000,0.99980000,0.99980000,6956208.00000000,1680551999999,6955017.63560000,3443,2008772.00000000,2008571.12280000,0
1680552000000,0.99980000,0.99990000,0.99960000,0.99970000,18577056.00000000,1680555599999,18571575.20940000,6639,8319517.00000000,8317302.38980000,0
1680555600000,0.99970000,0.99980000,0.99960000,0.99970000,12238726.00000000,1680559199999,12235206.78070000,5648,6228833.00000000,6227314.15210000,0
1680559200000,0.99970000,0.99980000,0.99960000,0.99960000,10989894.00000000,1680562799999,10986918.15570000,4644,4830422.00000000,4829347.37390000,0
1680562800000,0.99970000,0.99980000,0.99960000,0.99970000,8028577.00000000,1680566399999,8026413.53440000,2555,5033830.00000000,5032619.69290000,0
1680566400000,0.99980000,0.99980000,0.99970000,0.99970000,6935080.00000000,1680569999999,6933174.59320000,3597,1751172.00000000,1750821.76560000,0
1680570000000,0.99970000,0.99980000,0.99970000,0.99970000,5034074.00000000,1680573599999,5032834.85700000,1668,2710792.00000000,2710249.84160000,0
1680573600000,0.99970000,0.99980000,0.99960000,0.99960000,12010529.00000000,1680577199999,12006641.81600000,5097,1964721.00000000,1964307.58770000,0
1680577200000,0.99960000,0.99970000,0.99930000,0.99940000,34499719.00000000,1680580799999,34481070.33440000,14378,9462703.00000000,9458005.67690000,0
1680580800000,0.99950000,0.99960000,0.99940000,0.99950000,3873916.00000000,1680584399999,3872066.59710000,1360,1693202.00000000,1692443.00490000,0
1680584400000,0.99960000,0.99960000,0.99950000,0.99950000,3658370.00000000,1680587999999,3656612.57590000,1203,717609.00000000,717321.95640000,0
1680588000000,0.99950000,0.99960000,0.99950000,0.99950000,12765463.00000000,1680591599999,12759715.24470000,2226,6349762.00000000,6347222.09520000,0
1680591600000,0.99960000,0.99960000,0.99950000,0.99950000,6292195.00000000,1680595199999,6289387.64940000,2279,3387469.00000000,3386114.01240000,0
1680595200000,0.99960000,0.99970000,0.99950000,0.99960000,17087818.00000000,1680598799999,17080884.70730000,3015,11843378.00000000,11838700.56990000,0
1680598800000,0.99970000,0.99980000,0.99960000,0.99970000,13554736.00000000,1680602399999,13550489.07170000,2202,8482659.00000000,8480254.63790000,0
1680602400000,0.99980000,0.99980000,0.99970000,0.99970000,8070780.00000000,1680605999999,8068601.37880000,2865,2426128.00000000,2425642.77440000,0
1680606000000,0.99970000,0.99980000,0.99960000,0.99960000,26686408.00000000,1680609599999,26678436.28170000,7094,9397136.00000000,9394809.19510000,0
1680609600000,0.99970000,0.99970000,0.99950000,0.99960000,20359891.00000000,1680613199999,20352125.40620000,4278,6072925.00000000,6070887.20590000,0
1680613200000,0.99960000,0.99970000,0.99950000,0.99950000,11348209.00000000,1680616799999,11343210.48850000,6225,5152879.00000000,5150843.11400000,0
1680616800000,0.99960000,0.99960000,0.99950000,0.99950000,9686006.00000000,1680620399999,9681528.62540000,4223,3656284.00000000,3654821.48640000,0
1680620400000,0.99950000,0.99960000,0.99950000,0.99950000,11286353.00000000,1680623999999,11281173.55200000,4347,4637285.00000000,4635430.08600000,0
1680624000000,0.99960000,0.99970000,0.99950000,0.99970000,13030876.00000000,1680627599999,13025339.25370000,4234,9742284.00000000,9738390.47980000,0
1680627600000,0.99960000,0.99970000,0.99950000,0.99960000,11819198.00000000,1680631199999,11814393.49110000,2954,2702855.00000000,2701934.34810000,0
1680631200000,0.99970000,0.99970000,0.99960000,0.99960000,3953606.00000000,1680634799999,3952117.99490000,2126,934373.00000000,934092.68810000,0
1680634800000,0.99960000,0.99970000,0.99960000,0.99960000,6438519.00000000,1680638399999,6436372.82340000,3841,4292310.00000000,4291022.30700000,0
1680638400000,0.99970000,0.99970000,0.99950000,0.99970000,8307560.00000000,1680641999999,8304147.74440000,5053,4384163.00000000,4382542.00360000,0
1680642000000,0.99960000,0.99970000,0.99950000,0.99950000,9156283.00000000,1680645599999,9152694.18770000,3263,5474855.00000000,5472868.36490000,0
1680645600000,0.99950000,0.99970000,0.99950000,0.99960000,5230596.00000000,1680649199999,5228570.55320000,3297,2849594.00000000,2848561.69710000,0
1680649200000,0.99970000,0.99970000,0.99950000,0.99960000,5798768.00000000,1680652799999,5796432.43300000,3543,1863042.00000000,1862336.81800000,0
1680652800000,0.99960000,0.99970000,0.99950000,0.99970000,8994959.00000000,1680656399999,8991668.19650000,5123,6697169.00000000,6694869.56050000,0
1680656400000,0.99970000,0.99980000,0.99960000,0.99970000,10180911.00000000,1680659999999,10178055.36140000,2846,7750442.00000000,7748423.36470000,0
1680660000000,0.99970000,0.99980000,0.99960000,0.99970000,11183015.00000000,1680663599999,11179739.10910000,3624,2905727.00000000,2904982.32390000,0
1680663600000,0.99970000,0.99980000,0.99960000,0.99970000,5637853.00000000,1680667199999,5635907.86470000,2228,1503898.00000000,1503493.46410000,0
1680667200000,0.99970000,0.99970000,0.99960000,0.99960000,2836625.00000000,1680670799999,2835730.11830000,1905,2397683.00000000,2396963.69510000,0
1680670800000,0.99970000,0.99970000,0.99960000,0.99960000,6127097.00000000,1680674399999,6125033.10940000,2445,3869482.00000000,3868321.15540000,0
1680674400000,0.99960000,0.99970000,0.99960000,0.99960000,5354285.00000000,1680677999999,5352416.32650000,1996,2730405.00000000,2729585.87850000,0
1680678000000,0.99960000,0.99970000,0.99960000,0.99970000,6966908.00000000,1680681599999,6964339.59520000,2350,2183584.00000000,2182928.92480000,0
1680681600000,0.99960000,0.99970000,0.99960000,0.99960000,5858157.00000000,1680685199999,5856110.82010000,2211,2970829.00000000,2969937.75130000,0
1680685200000,0.99960000,0.99970000,0.99960000,0.99970000,6042026.00000000,1680688799999,6039766.43750000,1660,1572479.00000000,1572007.25630000,0
1680688800000,0.99970000,0.99970000,0.99960000,0.99970000,7248056.00000000,1680692399999,7245578.07200000,1682,4212944.00000000,4211680.11680000,0
1680692400000,0.99970000,0.99970000,0.99960000,0.99970000,4550440.00000000,1680695999999,4548915.13080000,2028,2953068.00000000,2952182.07960000,0
1680696000000,0.99970000,0.99970000,0.99960000,0.99970000,10374860.00000000,1680699599999,10371370.89060000,5080,6608346.00000000,6606363.49620000,0
1680699600000,0.99970000,0.99970000,0.99960000,0.99960000,10589882.00000000,1680703199999,10586197.66140000,4789,5516142.00000000,5514487.15740000,0
1680703200000,0.99970000,0.99970000,0.99960000,0.99970000,9238055.00000000,1680706799999,9234739.46500000,5085,3796870.00000000,3795730.93900000,0
1680706800000,0.99960000,0.99970000,0.99960000,0.99970000,9935696.00000000,1680710399999,9932367.28900000,5169,6455674.00000000,6453737.29780000,0
1680710400000,0.99960000,0.99970000,0.99960000,0.99970000,8088518.00000000,1680713999999,8085663.24500000,3478,3806522.00000000,3805380.04340000,0
1680714000000,0.99970000,0.99970000,0.99960000,0.99970000,10298668.00000000,1680717599999,10295210.22470000,3084,6616919.00000000,6614933.92430000,0
1680717600000,0.99970000,0.99980000,0.99960000,0.99980000,16096328.00000000,1680721199999,16091751.73040000,2562,11748924.00000000,11746046.79450000,0
1680721200000,0.99980000,0.99990000,0.99970000,0.99970000,16792329.00000000,1680724799999,16788534.61910000,5216,9326290.00000000,9324492.43500000,0
1680724800000,0.99970000,0.99980000,0.99970000,0.99980000,7989759.00000000,1680728399999,7987764.77700000,2653,4027047.00000000,4026241.59060000,0
1680728400000,0.99980000,0.99980000,0.99970000,0.99970000,2768992.00000000,1680731999999,2768291.04130000,1501,1297389.00000000,1297129.52220000,0
1680732000000,0.99970000,0.99980000,0.99970000,0.99980000,2550894.00000000,1680735599999,2550251.71130000,1763,1229795.00000000,1229549.04100000,0
1680735600000,0.99980000,0.99980000,0.99970000,0.99970000,3353894.00000000,1680739199999,3353035.02640000,1539,1471946.00000000,1471651.61080000,0
1680739200000,0.99980000,0.99980000,0.99960000,0.99960000,9762492.00000000,1680742799999,9759715.11750000,2931,2862256.00000000,2861562.87140000,0
1680742800000,0.99970000,0.99970000,0.99960000,0.99960000,7128765.00000000,1680746399999,7126253.43180000,3199,3399378.00000000,3398358.18660000,0
1680746400000,0.99960000,0.99970000,0.99960000,0.99960000,3220914.00000000,1680749999999,3219758.04430000,1627,1324099.00000000,1323701.77030000,0
1680750000000,0.99970000,0.99980000,0.99960000,0.99960000,13028764.00000000,1680753599999,13024692.10720000,4072,9506640.00000000,9503796.04250000,0
1680753600000,0.99970000,0.99970000,0.99960000,0.99960000,5311319.00000000,1680757199999,5309393.37320000,1460,1989008.00000000,1988411.29760000,0
1680757200000,0.99970000,0.99970000,0.99960000,0.99960000,5591718.00000000,1680760799999,5589707.16700000,1748,2258542.00000000,2257864.43740000,0
1680760800000,0.99970000,0.99970000,0.99960000,0.99960000,4094567.00000000,1680764399999,4093030.54150000,1934,1013683.00000000,1013378.89510000,0
1680764400000,0.99960000,0.99970000,0.99950000,0.99950000,19186007.00000000,1680767999999,19177716.89950000,4187,4562859.00000000,4561203.94830000,0
1680768000000,0.99960000,0.99960000,0.99950000,0.99950000,7998304.00000000,1680771599999,7994770.15960000,3581,4653116.00000000,4651254.75360000,0
1680771600000,0.99950000,0.99960000,0.99950000,0.99950000,11919951.00000000,1680775199999,11914869.80270000,3131,8787782.00000000,8784266.88720000,0
1680775200000,0.99950000,0.99970000,0.99950000,0.99950000,11454410.00000000,1680778799999,11449287.39130000,4618,4951606.00000000,4949625.58330000,0
1680778800000,0.99960000,0.99960000,0.99950000,0.99950000,7932674.00000000,1680782399999,7929238.60750000,2635,5309445.00000000,5307321.22200000,0
1680782400000,0.99960000,0.99970000,0.99950000,0.99960000,9338376.00000000,1680785999999,9334771.27650000,3997,4681159.00000000,4679520.03170000,0
1680786000000,0.99960000,0.99970000,0.99960000,0.99960000,8373241.00000000,1680789599999,8370259.32640000,4780,3676228.00000000,3675125.13160000,0
1680789600000,0.99970000,0.99970000,0.99950000,0.99950000,11851447.00000000,1680793199999,11846866.42320000,3118,5573714.00000000,5571824.58320000,0
1680793200000,0.99960000,0.99960000,0.99950000,0.99950000,6986270.00000000,1680796799999,6983153.67430000,3423,3768093.00000000,3766585.76280000,0
1680796800000,0.99950000,0.99960000,0.99950000,0.99950000,12984093.00000000,1680800399999,12978046.77360000,2421,4458201.00000000,4456417.71960000,0
1680800400000,0.99960000,0.99960000,0.99950000,0.99950000,6725677.00000000,1680803999999,6722370.21460000,1708,560531.00000000,560306.78760000,0
1680804000000,0.99950000,0.99960000,0.99940000,0.99950000,8974536.00000000,1680807599999,8970180.57510000,2842,1773161.00000000,1772439.43880000,0
1680807600000,0.99940000,0.99960000,0.99940000,0.99950000,4429867.00000000,1680811199999,4427764.07360000,1992,1860522.00000000,1859741.71960000,0
1680811200000,0.99960000,0.99960000,0.99940000,0.99950000,11018632.00000000,1680814799999,11013306.35120000,2604,4859770.00000000,4857590.58690000,0
1680814800000,0.99950000,0.99960000,0.99950000,0.99960000,3804753.00000000,1680818399999,3802950.67270000,2599,1000492.00000000,1000091.80320000,0
1680818400000,0.99960000,0.99960000,0.99950000,0.99950000,3220881.00000000,1680821999999,3219423.12440000,1749,1525649.00000000,1525038.74040000,0
1680822000000,0.99950000,0.99960000,0.99930000,0.99940000,7037825.00000000,1680825599999,7033929.33700000,2013,2495533.00000000,2494159.06470000,0
1680825600000,0.99940000,0.99950000,0.99940000,0.99950000,5712507.00000000,1680829199999,5709436.28570000,3021,3567899.00000000,3566115.05050000,0
1680829200000,0.99950000,0.99950000,0.99940000,0.99950000,3045565.00000000,1680832799999,3043880.20780000,1686,1425468.00000000,1424755.26600000,0
1680832800000,0.99950000,0.99950000,0.99940000,0.99940000,8643402.00000000,1680836399999,8638679.56460000,2315,4636058.00000000,4633739.97100000,0
1680836400000,0.99940000,0.99960000,0.99940000,0.99950000,3865008.00000000,1680839999999,3862960.11850000,1581,2091964.00000000,2090931.92540000,0
1680840000000,0.99950000,0.99960000,0.99950000,0.99950000,5446103.00000000,1680843599999,5443634.15810000,1462,2542096.00000000,2541079.16160000,0
1680843600000,0.99960000,0.99960000,0.99950000,0.99950000,5313279.00000000,1680847199999,5310717.51170000,2116,951512.00000000,951131.39520000,0
1680847200000,0.99950000,0.99960000,0.99950000,0.99960000,7017244.00000000,1680850799999,7013957.29690000,2540,2219189.00000000,2218301.32440000,0
1680850800000,0.99950000,0.99960000,0.99940000,0.99940000,9346662.00000000,1680854399999,9341523.27600000,3228,913858.00000000,913420.06530000,0
1680854400000,0.99940000,0.99950000,0.99940000,0.99950000,5082292.00000000,1680857999999,5079435.44100000,2507,1928162.00000000,1927197.91900000,0
1680858000000,0.99950000,0.99950000,0.99940000,0.99940000,3331236.00000000,1680861599999,3329376.84980000,1933,1395914.00000000,1395216.04300000,0
1680861600000,0.99940000,0.99950000,0.99940000,0.99940000,3492167.00000000,1680865199999,3490265.05730000,1520,1933575.00000000,1932608.21250000,0
1680865200000,0.99950000,0.99950000,0.99940000,0.99940000,3740664.00000000,1680868799999,3738551.25340000,1918,1316518.00000000,1315859.74100000,0
1680868800000,0.99940000,0.99950000,0.99940000,0.99940000,5850934.00000000,1680872399999,5847684.91030000,3140,2614707.00000000,2613399.64650000,0
1680872400000,0.99940000,0.99950000,0.99930000,0.99930000,12454805.00000000,1680875999999,12447345.99400000,2416,4338320.00000000,4335802.86380000,0
1680876000000,0.99930000,0.99950000,0.99930000,0.99930000,16187319.00000000,1680879599999,16176796.99810000,2308,6629575.00000000,6625601.10030000,0
1680879600000,0.99940000,0.99940000,0.99930000,0.99930000,4146154.00000000,1680883199999,4143481.16810000,1639,2294759.00000000,2293382.14460000,0
1680883200000,0.99930000,0.99940000,0.99930000,0.99930000,4064263.00000000,1680886799999,4061499.26290000,2003,812470.00000000,811982.51800000,0
1680886800000,0.99940000,0.99960000,0.99930000,0.99940000,12656198.00000000,1680890399999,12649303.80790000,2502,9392473.00000000,9387521.80470000,0
1680890400000,0.99940000,0.99950000,0.99940000,0.99940000,2363226.00000000,1680893999999,2361876.54480000,1451,684804.00000000,684461.59800000,0
1680894000000,0.99950000,0.99950000,0.99940000,0.99940000,2634243.00000000,1680897599999,2632700.47850000,1861,380243.00000000,380052.87850000,0
1680897600000,0.99940000,0.99950000,0.99930000,0.99930000,9860047.00000000,1680901199999,9854109.00600000,2272,3510354.00000000,3508319.56470000,0
1680901200000,0.99930000,0.99940000,0.99930000,0.99930000,3698807.00000000,1680904799999,3696287.10690000,1275,692718.00000000,692302.36920000,0
1680904800000,0.99940000,0.99940000,0.99920000,0.99930000,5933083.00000000,1680908399999,5928955.24390000,1987,3071677.00000000,3069626.16330000,0
1680908400000,0.99940000,0.99940000,0.99920000,0.99930000,4513470.00000000,1680911999999,4510200.25480000,2139,2190890.00000000,2189364.92810000,0
1680912000000,0.99920000,0.99930000,0.99920000,0.99930000,5104481.00000000,1680915599999,5100668.28150000,1902,2708663.00000000,2706766.93590000,0
1680915600000,0.99920000,0.99930000,0.99920000,0.99930000,2267575.00000000,1680919199999,2265881.56970000,1801,1206297.00000000,1205452.59210000,0
1680919200000,0.99930000,0.99940000,0.99920000,0.99940000,8521135.00000000,1680922799999,8515119.22280000,1782,7844985.00000000,7839504.29740000,0
1680922800000,0.99930000,0.99950000,0.99930000,0.99940000,7053128.00000000,1680926399999,7048819.44530000,2215,2855837.00000000,2854124.24870000,0
1680926400000,0.99940000,0.99940000,0.99930000,0.99940000,1497907.00000000,1680929999999,1496910.70340000,1206,522383.00000000,522069.57020000,0
1680930000000,0.99940000,0.99980000,0.99930000,0.99970000,22689707.00000000,1680933599999,22680029.18510000,2863,20023808.00000000,20015137.38850000,0
1680933600000,0.99980000,0.99990000,0.99950000,0.99960000,12873704.00000000,1680937199999,12870133.52550000,3037,4672546.00000000,4671475.21440000,0
1680937200000,0.99950000,0.99960000,0.99950000,0.99950000,3071888.00000000,1680940799999,3070537.18560000,1465,1851296.00000000,1850555.48160000,0
1680940800000,0.99960000,0.99960000,0.99950000,0.99950000,2648558.00000000,1680944399999,2647278.63230000,1556,449113.00000000,448933.35480000,0
1680944400000,0.99950000,0.99960000,0.99950000,0.99960000,4172332.00000000,1680947999999,4170520.36550000,1553,2745315.00000000,2744216.87400000,0
1680948000000,0.99950000,0.99970000,0.99950000,0.99960000,12157119.00000000,1680951599999,12152518.75030000,1991,8491147.00000000,8488132.93840000,0
1680951600000,0.99960000,0.99970000,0.99950000,0.99950000,11819825.00000000,1680955199999,11814849.83550000,1660,2766732.00000000,2765661.99790000,0
1680955200000,0.99960000,0.99960000,0.99940000,0.99950000,5845742.00000000,1680958799999,5842774.25820000,1587,1631253.00000000,1630462.31570000,0
1680958800000,0.99940000,0.99950000,0.99940000,0.99950000,2748051.00000000,1680962399999,2746475.40860000,1805,732392.00000000,732025.80400000,0
1680962400000,0.99940000,0.99950000,0.99940000,0.99940000,4235160.00000000,1680965999999,4232931.61220000,2011,3127082.00000000,3125518.45900000,0
1680966000000,0.99940000,0.99950000,0.99940000,0.99940000,2977877.00000000,1680969599999,2976193.66740000,1859,1033936.00000000,1033419.03200000,0
1680969600000,0.99940000,0.99950000,0.99940000,0.99940000,2159748.00000000,1680973199999,2158520.91470000,1910,687635.00000000,687291.18250000,0
1680973200000,0.99940000,0.99950000,0.99940000,0.99940000,3657323.00000000,1680976799999,3655221.07210000,2541,924659.00000000,924196.67050000,0
1680976800000,0.99940000,0.99950000,0.99940000,0.99940000,4047216.00000000,1680980399999,4044999.84940000,2155,2121790.00000000,2120729.10500000,0
1680980400000,0.99940000,0.99950000,0.99940000,0.99950000,2501765.00000000,1680983999999,2500385.00820000,1873,1210672.00000000,1210066.66400000,0
1680984000000,0.99950000,0.99950000,0.99940000,0.99950000,1463573.00000000,1680987599999,1462777.93020000,1512,830740.00000000,830324.63000000,0
1680987600000,0.99940000,0.99950000,0.99940000,0.99940000,968148.00000000,1680991199999,967646.09790000,1717,789867.00000000,789472.06650000,0
1680991200000,0.99950000,0.99950000,0.99940000,0.99940000,2812035.00000000,1680994799999,2810451.90210000,1943,1041231.00000000,1040710.38450000,0
1680994800000,0.99940000,0.99950000,0.99940000,0.99940000,1282741.00000000,1680998399999,1282034.09150000,1281,627361.00000000,627047.31950000,0
1680998400000,0.99940000,0.99950000,0.99940000,0.99950000,1594455.00000000,1681001999999,1593562.59670000,1421,642697.00000000,642375.65150000,0
1681002000000,0.99940000,0.99950000,0.99940000,0.99950000,848214.00000000,1681005599999,847734.89940000,970,298278.00000000,298128.86100000,0
1681005600000,0.99950000,0.99950000,0.99930000,0.99940000,4085970.00000000,1681009199999,4083494.45750000,2485,1889872.00000000,1888748.22940000,0
1681009200000,0.99940000,0.99950000,0.99930000,0.99950000,2843837.00000000,1681012799999,2842172.53050000,1721,777162.00000000,776740.44850000,0
1681012800000,0.99950000,0.99950000,0.99930000,0.99940000,2799139.00000000,1681016399999,2797419.29050000,1398,1698928.00000000,1697913.18630000,0
1681016400000,0.99940000,0.99950000,0.99930000,0.99930000,3958550.00000000,1681019999999,3956382.48560000,1785,2278906.00000000,2277763.63160000,0
1681020000000,0.99930000,0.99940000,0.99930000,0.99940000,7857214.00000000,1681023599999,7851990.25480000,2687,2763046.00000000,2761388.17240000,0
1681023600000,0.99930000,0.99940000,0.99930000,0.99930000,1877757.00000000,1681027199999,1876495.12980000,1312,525597.00000000,525281.64180000,0
1681027200000,0.99930000,0.99940000,0.99930000,0.99930000,2562331.00000000,1681030799999,2560728.25970000,1443,1908914.00000000,1907768.65160000,0
1681030800000,0.99940000,0.99950000,0.99930000,0.99940000,3080021.00000000,1681034399999,3078168.16080000,1740,1235456.00000000,1234731.14210000,0
1681034400000,0.99950000,0.99950000,0.99930000,0.99930000,2392774.00000000,1681037999999,2391223.97010000,1310,956230.00000000,955656.83080000,0
1681038000000,0.99930000,0.99940000,0.99930000,0.99930000,2843938.00000000,1681041599999,2842093.85290000,1396,1466095.00000000,1465215.34300000,0
1681041600000,0.99940000,0.99950000,0.99930000,0.99940000,3030179.00000000,1681045199999,3028371.13240000,2422,930604.00000000,930104.76090000,0
1681045200000,0.99940000,0.99940000,0.99930000,0.99940000,2155168.00000000,1681048799999,2153741.66900000,1515,822866.00000000,822372.28040000,0
1681048800000,0.99940000,0.99940000,0.99930000,0.99940000,4793278.00000000,1681052399999,4790080.60560000,2192,1579002.00000000,1578054.59880000,0
1681052400000,0.99940000,0.99940000,0.99930000,0.99940000,2018773.00000000,1681055999999,2017523.42660000,1873,1635677.00000000,1634695.59380000,0
1681056000000,0.99940000,0.99940000,0.99930000,0.99940000,2040836.00000000,1681059599999,2039499.28970000,1241,918749.00000000,918197.75060000,0
1681059600000,0.99940000,0.99940000,0.99930000,0.99940000,1632272.00000000,1681063199999,1631221.19380000,1217,917842.00000000,917291.29480000,0
1681063200000,0.99940000,0.99940000,0.99930000,0.99940000,2395672.00000000,1681066799999,2394199.62900000,1939,2045994.00000000,2044766.40360000,0
1681066800000,0.99940000,0.99950000,0.99930000,0.99940000,4572874.00000000,1681070399999,4570066.75720000,2542,2299546.00000000,2298182.17500000,0
1681070400000,0.99940000,0.99940000,0.99930000,0.99940000,1694885.00000000,1681073999999,1693757.58850000,1212,590080.00000000,589725.95200000,0
1681074000000,0.99930000,0.99950000,0.99930000,0.99940000,2970980.00000000,1681077599999,2969211.17050000,2003,1619879.00000000,1618960.12130000,0
1681077600000,0.99940000,0.99950000,0.99930000,0.99940000,2555894.00000000,1681081199999,2554305.72090000,2012,1511555.00000000,1510651.57610000,0
1681081200000,0.99940000,0.99950000,0.99930000,0.99930000,3383758.00000000,1681084799999,3381701.48930000,2087,1923976.00000000,1922831.33960000,0
1681084800000,0.99940000,0.99940000,0.99930000,0.99930000,4638931.00000000,1681088399999,4635943.69480000,1801,2599465.00000000,2597905.32100000,0
1681088400000,0.99940000,0.99950000,0.99930000,0.99930000,5128354.00000000,1681091999999,5125006.27620000,2170,1175371.00000000,1174735.01150000,0
1681092000000,0.99930000,0.99940000,0.99910000,0.99910000,15234291.00000000,1681095599999,15222897.42420000,5943,3199940.00000000,3197728.12730000,0
1681095600000,0.99910000,0.99930000,0.99910000,0.99930000,32379212.00000000,1681099199999,32351586.90860000,12314,13017380.00000000,13007012.65120000,0
1681099200000,0.99930000,0.99940000,0.99920000,0.99930000,8459693.00000000,1681102799999,8453706.48850000,2313,4190135.00000000,4187248.38600000,0
1681102800000,0.99930000,0.99940000,0.99920000,0.99920000,10718012.00000000,1681106399999,10710571.97890000,1837,3187074.00000000,3184973.26890000,0
1681106400000,0.99920000,0.99930000,0.99920000,0.99920000,3953201.00000000,1681109999999,3950116.65320000,1121,782140.00000000,781592.50200000,0
1681110000000,0.99930000,0.99930000,0.99920000,0.99930000,6555772.00000000,1681113599999,6550846.00890000,1711,3186265.00000000,3184034.61450000,0
1681113600000,0.99920000,0.99930000,0.99920000,0.99920000,6860824.00000000,1681117199999,6855670.70510000,1665,3353643.00000000,3351295.44990000,0
1681117200000,0.99920000,0.99930000,0.99920000,0.99920000,9460468.00000000,1681120799999,9453519.02280000,2010,6193972.00000000,6189636.21960000,0
1681120800000,0.99920000,0.99940000,0.99920000,0.99920000,14035848.00000000,1681124399999,14026092.13900000,2022,7463510.00000000,7458481.46500000,0
1681124400000,0.99930000,0.99940000,0.99920000,0.99930000,9266183.00000000,1681127999999,9259827.70350000,2030,4092931.00000000,4090237.98710000,0
1681128000000,0.99930000,0.99940000,0.99930000,0.99930000,5794377.00000000,1681131599999,5790624.34760000,2180,3034115.00000000,3032294.53100000,0
1681131600000,0.99940000,0.99940000,0.99930000,0.99930000,16343141.00000000,1681135199999,16332884.04220000,4061,11832409.00000000,11825309.55460000,0
1681135200000,0.99940000,0.99950000,0.99930000,0.99940000,17807984.00000000,1681138799999,17797923.31370000,2900,8178159.00000000,8173879.65000000,0
1681138800000,0.99940000,0.99950000,0.99930000,0.99930000,16802643.00000000,1681142399999,16792466.49250000,3888,4268850.00000000,4266517.95280000,0
1681142400000,0.99930000,0.99940000,0.99920000,0.99930000,21522501.00000000,1681145999999,21507580.31530000,4557,8757417.00000000,8751541.13560000,0
1681146000000,0.99930000,0.99950000,0.99930000,0.99940000,21416060.00000000,1681149599999,21403044.85070000,5683,11793647.00000000,11786801.09540000,0
1681149600000,0.99950000,0.99950000,0.99930000,0.99930000,12073260.00000000,1681153199999,12065581.85460000,3054,3404818.00000000,3402903.26110000,0
1681153200000,0.99930000,0.99940000,0.99920000,0.99930000,11956890.00000000,1681156799999,11948564.19370000,3476,4685031.00000000,4681954.21740000,0
1681156800000,0.99920000,0.99930000,0.99920000,0.99930000,8310187.00000000,1681160399999,8303771.11250000,3766,2322621.00000000,2320995.16530000,0
1681160400000,0.99920000,0.99930000,0.99910000,0.99920000,13527305.00000000,1681163999999,13516684.70390000,4219,5440736.00000000,5436647.11360000,0
1681164000000,0.99920000,0.99930000,0.99920000,0.99920000,12694893.00000000,1681167599999,12685501.56070000,5187,7644751.00000000,7639399.67430000,0
1681167600000,0.99930000,0.99930000,0.99910000,0.99920000,10347825.00000000,1681171199999,10339687.90470000,3575,3147276.00000000,3144962.68720000,0
1681171200000,0.99920000,0.99920000,0.99910000,0.99920000,12030014.00000000,1681174799999,12019858.62760000,5189,6716402.00000000,6711028.87840000,0
1681174800000,0.99920000,0.99920000,0.99910000,0.99910000,28401368.00000000,1681178399999,28376406.65980000,11245,5998910.00000000,5994110.87200000,0
1681178400000,0.99910000,0.99920000,0.99900000,0.99910000,32618775.00000000,1681181999999,32589372.67290000,12635,14666577.00000000,14653922.14920000,0
1681182000000,0.99910000,0.99930000,0.99910000,0.99910000,30312312.00000000,1681185599999,30288075.88660000,4468,14482815.00000000,14471582.38570000,0
1681185600000,0.99910000,0.99920000,0.99900000,0.99910000,18742916.00000000,1681189199999,18726533.99190000,4459,9171794.00000000,9164108.44260000,0
1681189200000,0.99920000,0.99920000,0.99910000,0.99910000,15753541.00000000,1681192799999,15740076.76240000,4045,7139493.00000000,7133781.40560000,0
1681192800000,0.99910000,0.99920000,0.99910000,0.99910000,13950591.00000000,1681196399999,13938502.67810000,2999,4672100.00000000,4668362.32000000,0
1681196400000,0.99920000,0.99920000,0.99900000,0.99900000,28915518.00000000,1681199999999,28889580.93230000,5122,13737133.00000000,13725266.95710000,0
1681200000000,0.99910000,0.99930000,0.99900000,0.99920000,32214682.00000000,1681203599999,32187968.38940000,3547,23083843.00000000,23065015.73740000,0
1681203600000,0.99920000,0.99940000,0.99910000,0.99930000,26075431.00000000,1681207199999,26056689.06870000,5025,11571350.00000000,11563135.02400000,0
1681207200000,0.99940000,0.99940000,0.99920000,0.99920000,10355579.00000000,1681210799999,10347929.00950000,3471,4585787.00000000,4582585.64320000,0
1681210800000,0.99920000,0.99930000,0.99920000,0.99920000,9429693.00000000,1681214399999,9422701.08770000,2487,5518421.00000000,5514558.10530000,0
1681214400000,0.99920000,0.99930000,0.99900000,0.99900000,35064958.00000000,1681217999999,35035909.90150000,8673,10295827.00000000,10287464.43010000,0
1681218000000,0.99900000,0.99910000,0.99900000,0.99900000,29234440.00000000,1681221599999,29206502.80500000,9738,12972450.00000000,12960774.79500000,0
1681221600000,0.99910000,0.99910000,0.99890000,0.99900000,33639925.00000000,1681225199999,33606600.10080000,8640,10352398.00000000,10342495.88480000,0
1681225200000,0.99910000,0.99910000,0.99890000,0.99890000,14640517.00000000,1681228799999,14626255.62350000,4505,6035578.00000000,6029971.58160000,0
1681228800000,0.99900000,0.99900000,0.99890000,0.99890000,12575536.00000000,1681232399999,12562222.51920000,4281,5196088.00000000,5190891.91200000,0
1681232400000,0.99890000,0.99920000,0.99890000,0.99910000,12363596.00000000,1681235999999,12351950.50770000,3469,7848980.00000000,7841777.94250000,0
1681236000000,0.99910000,0.99920000,0.99900000,0.99900000,8750748.00000000,1681239599999,8742780.10730000,2913,4214946.00000000,4211217.41520000,0
1681239600000,0.99900000,0.99910000,0.99890000,0.99900000,12621428.00000000,1681243199999,12608768.52810000,5000,4954250.00000000,4949483.21270000,0
1681243200000,0.99900000,0.99920000,0.99900000,0.99900000,17554957.00000000,1681246799999,17538472.19700000,4474,8128571.00000000,8121246.61200000,0
1681246800000,0.99910000,0.99910000,0.99890000,0.99900000,6237454.00000000,1681250399999,6231322.36190000,2349,1914589.00000000,1912780.39000000,0
1681250400000,0.99900000,0.99910000,0.99890000,0.99890000,9253473.00000000,1681253999999,9243952.51490000,2434,2056539.00000000,2054548.58500000,0
1681254000000,0.99900000,0.99900000,0.99890000,0.99890000,6913736.00000000,1681257599999,6906465.85370000,2347,3349633.00000000,3346283.36700000,0
1681257600000,0.99890000,0.99900000,0.99890000,0.99890000,5800322.00000000,1681261199999,5794137.08060000,2873,1954348.00000000,1952393.65200000,0
1681261200000,0.99890000,0.99900000,0.99890000,0.99900000,6054411.00000000,1681264799999,6048154.58240000,2948,4034345.00000000,4030310.65500000,0
1681264800000,0.99890000,0.99900000,0.99880000,0.99890000,19585110.00000000,1681268399999,19563675.27400000,5856,5356111.00000000,5350456.45380000,0
1681268400000,0.99890000,0.99900000,0.99880000,0.99900000,15152707.00000000,1681271999999,15135859.35530000,3191,10323140.00000000,10311872.29810000,0
1681272000000,0.99900000,0.99900000,0.99890000,0.99890000,6534793.00000000,1681275599999,6527941.01720000,2238,3362895.00000000,3359532.10500000,0
1681275600000,0.99900000,0.99900000,0.99890000,0.99900000,7044214.00000000,1681279199999,7036727.12480000,2521,2617602.00000000,2614984.39800000,0
1681279200000,0.99890000,0.99910000,0.99890000,0.99910000,19138854.00000000,1681282799999,19119379.05820000,2722,11120749.00000000,11109747.59360000,0
1681282800000,0.99900000,0.99910000,0.99900000,0.99910000,8905377.00000000,1681286399999,8897065.03940000,3189,5934164.00000000,5928823.25240000,0
1681286400000,0.99910000,0.99920000,0.99900000,0.99910000,12862849.00000000,1681289999999,12851278.15170000,3223,6843111.00000000,6837022.69930000,0
1681290000000,0.99910000,0.99920000,0.99900000,0.99910000,18786399.00000000,1681293599999,18769237.75370000,2704,3350001.00000000,3346993.01120000,0
1681293600000,0.99910000,0.99910000,0.99890000,0.99900000,18595410.00000000,1681297199999,18576431.21200000,3065,8137864.00000000,8129912.27140000,0
1681297200000,0.99900000,0.99900000,0.99890000,0.99900000,14381080.00000000,1681300799999,14366451.19790000,3536,11903859.00000000,11891955.14100000,0
1681300800000,0.99900000,0.99920000,0.99890000,0.99900000,40524246.00000000,1681304399999,40485878.02970000,7975,25219233.00000000,25196076.05260000,0
1681304400000,0.99910000,0.99920000,0.99900000,0.99910000,22949871.00000000,1681307999999,22928786.26180000,5639,9682906.00000000,9674347.14170000,0
1681308000000,0.99900000,0.99920000,0.99900000,0.99910000,44455777.00000000,1681311599999,44416401.02440000,7230,21210909.00000000,21192851.09450000,0
1681311600000,0.99900000,0.99920000,0.99900000,0.99920000,22031055.00000000,1681315199999,22011394.42990000,4617,14525927.00000000,14513257.02910000,0
1681315200000,0.99920000,0.99930000,0.99910000,0.99910000,16783777.00000000,1681318799999,16769774.19360000,2714,9448707.00000000,9441148.03680000,0
1681318800000,0.99920000,0.99930000,0.99910000,0.99920000,13740816.00000000,1681322399999,13729246.74390000,2735,6062370.00000000,6057525.34560000,0
1681322400000,0.99910000,0.99920000,0.99900000,0.99920000,14439769.00000000,1681325999999,14427041.75540000,4904,4798441.00000000,4794420.91480000,0
1681326000000,0.99910000,0.99920000,0.99910000,0.99920000,8422196.00000000,1681329599999,8415065.05680000,3301,4490332.00000000,4486739.73440000,0
1681329600000,0.99920000,0.99920000,0.99910000,0.99920000,4787378.00000000,1681333199999,4783469.62400000,2144,4002642.00000000,3999439.88640000,0
1681333200000,0.99910000,0.99930000,0.99910000,0.99920000,5965521.00000000,1681336799999,5960696.76200000,2159,4288877.00000000,4285458.21740000,0
1681336800000,0.99920000,0.99930000,0.99910000,0.99920000,7883542.00000000,1681340399999,7877202.60060000,3098,4529896.00000000,4526315.14380000,0
1681340400000,0.99920000,0.99930000,0.99920000,0.99930000,5702916.00000000,1681343999999,5698621.53130000,2544,2678641.00000000,2676765.95130000,0
1681344000000,0.99920000,0.99930000,0.99910000,0.99910000,13629240.00000000,1681347599999,13617794.89130000,3120,4875849.00000000,4872205.32800000,0
1681347600000,0.99920000,0.99920000,0.99910000,0.99910000,9855608.00000000,1681351199999,9846963.14130000,2223,2251885.00000000,2250083.49200000,0
1681351200000,0.99910000,0.99920000,0.99910000,0.99910000,5918648.00000000,1681354799999,5913533.13370000,1918,2119169.00000000,2117473.66480000,0
1681354800000,0.99910000,0.99920000,0.99900000,0.99900000,14129469.00000000,1681358399999,14117047.27020000,3220,3996360.00000000,3993085.23430000,0
1681358400000,0.99910000,0.99910000,0.99900000,0.99910000,3974122.00000000,1681361999999,3970371.35640000,1770,2234784.00000000,2232772.69440000,0
1681362000000,0.99910000,0.99920000,0.99900000,0.99920000,9634485.00000000,1681365599999,9626028.85520000,2790,4839530.00000000,4835403.19410000,0
1681365600000,0.99910000,0.99920000,0.99900000,0.99900000,7746350.00000000,1681369199999,7739402.27710000,3049,2966999.00000000,2964475.41590000,0
1681369200000,0.99900000,0.99910000,0.99890000,0.99890000,28117735.00000000,1681372799999,28090151.20790000,11039,6450475.00000000,6444599.43980000,0
1681372800000,0.99890000,0.99910000,0.99880000,0.99900000,44327200.00000000,1681376399999,44281491.29850000,10388,20129277.00000000,20109284.00450000,0
1681376400000,0.99910000,0.99910000,0.99890000,0.99890000,24443747.00000000,1681379999999,24418826.43850000,6329,15074416.00000000,15059514.45420000,0
1681380000000,0.99900000,0.99910000,0.99890000,0.99910000,20789255.00000000,1681383599999,20768227.09040000,6908,9624464.00000000,9614905.55300000,0
1681383600000,0.99910000,0.99910000,0.99890000,0.99900000,19865040.00000000,1681387199999,19845247.10150000,3319,10351652.00000000,10341453.09230000,0
1681387200000,0.99910000,0.99910000,0.99890000,0.99890000,15666706.00000000,1681390799999,15650595.11610000,5018,11173346.00000000,11162172.69540000,0
1681390800000,0.99900000,0.99900000,0.99890000,0.99890000,17410673.00000000,1681394399999,17392272.45670000,5366,7511970.00000000,7504458.03000000,0
1681394400000,0.99890000,0.99900000,0.99890000,0.99890000,16775901.00000000,1681397999999,16758091.75400000,4260,6442451.00000000,6436008.54900000,0
1681398000000,0.99890000,0.99900000,0.99870000,0.99900000,31195884.00000000,1681401599999,31161382.46300000,5087,7780757.00000000,7772277.48260000,0
1681401600000,0.99900000,0.99900000,0.99890000,0.99900000,14642964.00000000,1681405199999,14627683.88310000,4013,8271435.00000000,8263163.56500000,0
1681405200000,0.99890000,0.99900000,0.99890000,0.99890000,5526207.00000000,1681408799999,5520369.90200000,3260,2417297.00000000,2414879.70300000,0
1681408800000,0.99890000,0.99910000,0.99890000,0.99900000,16659807.00000000,1681412399999,16642688.85420000,4329,10945120.00000000,10934180.31850000,0
1681412400000,0.99900000,0.99910000,0.99900000,0.99900000,11452880.00000000,1681415999999,11441570.93290000,4266,1438129.00000000,1436834.68390000,0
1681416000000,0.99900000,0.99910000,0.99900000,0.99900000,12378864.00000000,1681419599999,12366943.42230000,4992,4582863.00000000,4578738.42330000,0
1681419600000,0.99900000,0.99920000,0.99890000,0.99900000,16649708.00000000,1681423199999,16633704.60220000,3498,7609224.00000000,7602185.77760000,0
1681423200000,0.99900000,0.99910000,0.99890000,0.99890000,12054641.00000000,1681426799999,12042515.65960000,3274,1219080.00000000,1217918.51730000,0
1681426800000,0.99900000,0.99900000,0.99890000,0.99900000,3461341.00000000,1681430399999,3457721.45530000,2310,1879304.00000000,1877424.69600000,0
1681430400000,0.99900000,0.99910000,0.99890000,0.99900000,34893163.00000000,1681433999999,34857492.54970000,7314,21859631.00000000,21837926.76470000,0
1681434000000,0.99910000,0.99910000,0.99870000,0.99900000,28198666.00000000,1681437599999,28168619.29880000,7852,7909572.00000000,7901168.48390000,0
1681437600000,0.99890000,0.99900000,0.99880000,0.99890000,12465415.00000000,1681441199999,12452099.16970000,5375,5114472.00000000,5109291.27610000,0
1681441200000,0.99890000,0.99900000,0.99880000,0.99890000,13809118.00000000,1681444799999,13793907.46720000,4248,9007166.00000000,8997443.34620000,0
1681444800000,0.99890000,0.99900000,0.99890000,0.99890000,8833810.00000000,1681448399999,8824259.26250000,3733,1664535.00000000,1662870.46500000,0
1681448400000,0.99900000,0.99900000,0.99880000,0.99890000,7486479.00000000,1681451999999,7478353.42340000,4335,2963564.00000000,2960460.27980000,0
1681452000000,0.99900000,0.99900000,0.99890000,0.99890000,16755774.00000000,1681455599999,16738368.09070000,5310,10254421.00000000,10244166.57900000,0
1681455600000,0.99900000,0.99900000,0.99890000,0.99890000,9838684.00000000,1681459199999,9828295.97060000,4752,4345230.00000000,4340884.77000000,0
1681459200000,0.99900000,0.99920000,0.99880000,0.99900000,41514469.00000000,1681462799999,41472237.23710000,4329,22484904.00000000,22463105.82340000,0
1681462800000,0.99910000,0.99910000,0.99890000,0.99900000,18742231.00000000,1681466399999,18723521.72070000,3110,5736160.00000000,5730717.00430000,0
1681466400000,0.99900000,0.99920000,0.99900000,0.99900000,21730936.00000000,1681469999999,21711180.23080000,3737,15076774.00000000,15063365.86210000,0
1681470000000,0.99910000,0.99920000,0.99900000,0.99910000,9513111.00000000,1681473599999,9504147.09410000,3692,5332937.00000000,5328142.00050000,0
1681473600000,0.99910000,0.99920000,0.99900000,0.99900000,13335514.00000000,1681477199999,13322819.84990000,6847,4392117.00000000,4388206.16120000,0
1681477200000,0.99900000,0.99920000,0.99900000,0.99910000,19581866.00000000,1681480799999,19564735.83520000,5002,15235672.00000000,15222605.93010000,0
1681480800000,0.99910000,0.99920000,0.99910000,0.99910000,16066723.00000000,1681484399999,16052705.86260000,5765,4429133.00000000,4425589.69360000,0
1681484400000,0.99910000,0.99920000,0.99900000,0.99910000,29902052.00000000,1681487999999,29874959.94790000,7223,14294892.00000000,14282360.95990000,0
1681488000000,0.99910000,0.99920000,0.99900000,0.99910000,22250095.00000000,1681491599999,22230684.69180000,4852,10837830.00000000,10828727.66870000,0
1681491600000,0.99920000,0.99930000,0.99910000,0.99920000,20907597.00000000,1681495199999,20890582.41840000,4884,12639789.00000000,12629919.24590000,0
1681495200000,0.99930000,0.99930000,0.99920000,0.99920000,11056857.00000000,1681498799999,11048822.11280000,3562,8105984.00000000,8100309.81120000,0
1681498800000,0.99930000,0.99940000,0.99920000,0.99920000,10933702.00000000,1681502399999,10925677.79970000,3387,4540572.00000000,4537400.95760000,0
1681502400000,0.99930000,0.99940000,0.99920000,0.99920000,18964764.00000000,1681505999999,18951026.96950000,3564,9224164.00000000,9217781.94090000,0
1681506000000,0.99920000,0.99930000,0.99910000,0.99920000,4216902.00000000,1681509599999,4213332.06430000,2446,1208277.00000000,1207315.23020000,0
1681509600000,0.99920000,0.99920000,0.99900000,0.99900000,5635442.00000000,1681513199999,5630279.23710000,2231,2632119.00000000,2629841.76370000,0
1681513200000,0.99910000,0.99910000,0.99900000,0.99900000,3835518.00000000,1681516799999,3831845.22000000,2807,1627380.00000000,1625915.35800000,0
1681516800000,0.99900000,0.99920000,0.99900000,0.99910000,13534564.00000000,1681520399999,13522499.18350000,5044,10661241.00000000,10651819.15840000,0
1681520400000,0.99910000,0.99930000,0.99910000,0.99910000,10110072.00000000,1681523999999,10101564.40350000,4942,4588040.00000000,4584369.61180000,0
1681524000000,0.99910000,0.99920000,0.99910000,0.99910000,2912471.00000000,1681527599999,2910002.41220000,2482,1526361.00000000,1525139.91120000,0
1681527600000,0.99920000,0.99930000,0.99910000,0.99920000,7420396.00000000,1681531199999,7414299.72800000,2722,3731878.00000000,3728899.87810000,0
1681531200000,0.99920000,0.99920000,0.99910000,0.99920000,4371387.00000000,1681534799999,4367610.31660000,2015,1575649.00000000,1574388.48080000,0
1681534800000,0.99920000,0.99920000,0.99910000,0.99910000,2403076.00000000,1681538399999,2401105.07490000,1688,1918433.00000000,1916898.25360000,0
1681538400000,0.99910000,0.99920000,0.99910000,0.99910000,3544133.00000000,1681541999999,3540985.14960000,1739,418693.00000000,418358.04560000,0
1681542000000,0.99920000,0.99920000,0.99910000,0.99920000,12135458.00000000,1681545599999,12125613.83300000,2254,10777452.00000000,10768830.03840000,0
1681545600000,0.99920000,0.99930000,0.99910000,0.99920000,6429012.00000000,1681549199999,6423891.09150000,1765,1667153.00000000,1665842.18390000,0
1681549200000,0.99930000,0.99930000,0.99910000,0.99910000,12755602.00000000,1681552799999,12744987.07110000,2304,3313453.00000000,3310814.24780000,0
1681552800000,0.99920000,0.99920000,0.99910000,0.99920000,6189331.00000000,1681556399999,6183947.27950000,1806,1866774.00000000,1865280.58080000,0
1681556400000,0.99910000,0.99920000,0.99900000,0.99900000,8632106.00000000,1681559999999,8624423.04410000,1969,1351378.00000000,1350265.10920000,0
1681560000000,0.99900000,0.99910000,0.99900000,0.99900000,4753624.00000000,1681563599999,4749135.29850000,1810,2649225.00000000,2646840.69750000,0
1681563600000,0.99910000,0.99910000,0.99900000,0.99910000,3475545.00000000,1681567199999,3472178.18760000,2397,1087326.00000000,1086347.40660000,0
1681567200000,0.99900000,0.99910000,0.99900000,0.99900000,10197488.00000000,1681570799999,10187790.19620000,2115,4996842.00000000,4992344.84220000,0
1681570800000,0.99900000,0.99910000,0.99900000,0.99900000,3730341.00000000,1681574399999,3726797.20230000,2272,1865433.00000000,1863754.11030000,0
1681574400000,0.99900000,0.99920000,0.99900000,0.99910000,7175375.00000000,1681577999999,7168621.60750000,2395,2596939.00000000,2594601.90250000,0
1681578000000,0.99900000,0.99920000,0.99900000,0.99900000,8398976.00000000,1681581599999,8391042.02140000,2709,3410546.00000000,3407510.36190000,0
1681581600000,0.99900000,0.99910000,0.99900000,0.99900000,1297007.00000000,1681585199999,1295766.94480000,1456,569518.00000000,569005.43380000,0
1681585200000,0.99910000,0.99910000,0.99900000,0.99910000,5828158.00000000,1681588799999,5822742.22650000,2242,4123845.00000000,4120133.53950000,0
1681588800000,0.99910000,0.99920000,0.99900000,0.99900000,5556743.00000000,1681592399999,5551625.38020000,1465,2925830.00000000,2923196.76550000,0
1681592400000,0.99900000,0.99920000,0.99900000,0.99910000,2768981.00000000,1681595999999,2766456.91470000,2112,1727832.00000000,1726308.08340000,0
1681596000000,0.99920000,0.99920000,0.99910000,0.99910000,6487016.00000000,1681599599999,6481512.83990000,2008,3351543.00000000,3348861.76560000,0
1681599600000,0.99920000,0.99930000,0.99910000,0.99920000,8507878.00000000,1681603199999,8501077.69000000,1974,5500907.00000000,5496518.58500000,0
1681603200000,0.99920000,0.99930000,0.99910000,0.99920000,5271745.00000000,1681606799999,5267513.39740000,2412,1401083.00000000,1399989.29530000,0
1681606800000,0.99920000,0.99920000,0.99910000,0.99910000,4993736.00000000,1681610399999,4989359.21220000,3725,1175746.00000000,1174805.40320000,0
1681610400000,0.99910000,0.99920000,0.99910000,0.99920000,2816236.00000000,1681613999999,2813826.90540000,2323,1255178.00000000,1254173.85760000,0
1681614000000,0.99920000,0.99920000,0.99910000,0.99910000,2156603.00000000,1681617599999,2154761.18360000,1910,991263.00000000,990469.98960000,0
1681617600000,0.99920000,0.99920000,0.99910000,0.99920000,4771901.00000000,1681621199999,4767717.79010000,2191,1115010.00000000,1114117.99200000,0
1681621200000,0.99910000,0.99920000,0.99910000,0.99920000,3994051.00000000,1681624799999,3990738.69800000,1288,2823439.00000000,2821180.24880000,0
1681624800000,0.99920000,0.99920000,0.99910000,0.99910000,3997188.00000000,1681628399999,3993798.27960000,1314,2077488.00000000,2075826.00960000,0
1681628400000,0.99910000,0.99920000,0.99910000,0.99920000,3593295.00000000,1681631999999,3590325.11110000,1453,2640766.00000000,2638653.38720000,0
1681632000000,0.99920000,0.99930000,0.99910000,0.99920000,5725902.00000000,1681635599999,5721158.97470000,2541,3587071.00000000,3584208.23250000,0
1681635600000,0.99930000,0.99930000,0.99920000,0.99930000,3098655.00000000,1681639199999,3096216.69500000,2688,406190.00000000,405905.66700000,0
1681639200000,0.99920000,0.99930000,0.99910000,0.99920000,5758742.00000000,1681642799999,5753844.35620000,2473,1722028.00000000,1720660.11680000,0
1681642800000,0.99920000,0.99920000,0.99910000,0.99910000,3070771.00000000,1681646399999,3068073.66880000,2098,663627.00000000,663096.09840000,0
1681646400000,0.99910000,0.99920000,0.99910000,0.99910000,2883630.00000000,1681649999999,2881191.09990000,2688,1563669.00000000,1562418.06480000,0
1681650000000,0.99910000,0.99930000,0.99910000,0.99920000,13062474.00000000,1681653599999,13051995.22300000,3367,4125262.00000000,4122009.79850000,0
1681653600000,0.99920000,0.99920000,0.99910000,0.99920000,3861788.00000000,1681657199999,3858492.08890000,2405,1796981.00000000,1795543.41520000,0
1681657200000,0.99920000,0.99930000,0.99910000,0.99910000,10182127.00000000,1681660799999,10173663.66570000,2278,3913167.00000000,3910037.92920000,0
1681660800000,0.99920000,0.99920000,0.99910000,0.99920000,8516028.00000000,1681664399999,8508825.89770000,2522,4623229.00000000,4619530.41680000,0
1681664400000,0.99910000,0.99920000,0.99910000,0.99910000,6662285.00000000,1681667999999,6656538.17410000,2321,2492306.00000000,2490312.15520000,0
1681668000000,0.99920000,0.99920000,0.99900000,0.99920000,12740113.00000000,1681671599999,12729292.39050000,2871,9784344.00000000,9776213.81990000,0
1681671600000,0.99920000,0.99940000,0.99910000,0.99930000,15373231.00000000,1681675199999,15361863.25690000,3989,8456534.00000000,8450346.83850000,0
1681675200000,0.99920000,0.99930000,0.99910000,0.99930000,19210292.00000000,1681678799999,19194122.85950000,5288,7662240.00000000,7656167.23580000,0
1681678800000,0.99930000,0.99930000,0.99920000,0.99930000,4522952.00000000,1681682399999,4519647.26950000,4139,3136311.00000000,3134115.58230000,0
1681682400000,0.99930000,0.99930000,0.99920000,0.99930000,4304756.00000000,1681685999999,4301508.14940000,3526,1959542.00000000,1958170.32060000,0
1681686000000,0.99930000,0.99930000,0.99920000,0.99930000,2428019.00000000,1681689599999,2426175.79110000,2253,992063.00000000,991368.55590000,0
1681689600000,0.99920000,0.99930000,0.99900000,0.99910000,16698257.00000000,1681693199999,16683773.79340000,6976,5056791.00000000,5052551.70280000,0
1681693200000,0.99910000,0.99940000,0.99910000,0.99930000,15318595.00000000,1681696799999,15306932.18440000,4692,10666940.00000000,10659123.12550000,0
1681696800000,0.99940000,0.99940000,0.99920000,0.99930000,18259402.00000000,1681700399999,18246698.17800000,3752,8326029.00000000,8320421.21860000,0
1681700400000,0.99930000,0.99940000,0.99920000,0.99920000,13111544.00000000,1681703999999,13102330.16890000,2484,5207508.00000000,5203954.40950000,0
1681704000000,0.99930000,0.99930000,0.99920000,0.99920000,6941342.00000000,1681707599999,6936140.08010000,3013,3511537.00000000,3509078.92410000,0
1681707600000,0.99930000,0.99930000,0.99920000,0.99920000,5704278.00000000,1681711199999,5700015.44070000,2874,3008631.00000000,3006524.95830000,0
1681711200000,0.99930000,0.99930000,0.99920000,0.99920000,20320912.00000000,1681714799999,20305620.80350000,4181,9655331.00000000,9648572.26830000,0
1681714800000,0.99930000,0.99930000,0.99920000,0.99920000,14379028.00000000,1681718399999,14368196.20880000,3738,6714312.00000000,6709611.98160000,0
1681718400000,0.99920000,0.99940000,0.99920000,0.99930000,8882333.00000000,1681721999999,8876100.19140000,3300,3732337.00000000,3729910.95150000,0
1681722000000,0.99930000,0.99940000,0.99930000,0.99930000,9379237.00000000,1681725599999,9372870.15220000,3328,1986181.00000000,1984989.29140000,0
1681725600000,0.99930000,0.99950000,0.99920000,0.99940000,36378131.00000000,1681729199999,36353361.49480000,5539,15907988.00000000,15897941.35070000,0
1681729200000,0.99940000,0.99950000,0.99910000,0.99930000,42617617.00000000,1681732799999,42587206.46660000,5356,17531117.00000000,17518717.01820000,0
1681732800000,0.99930000,0.99940000,0.99930000,0.99940000,15515037.00000000,1681736399999,15505025.91070000,5106,8494366.00000000,8489269.38040000,0
1681736400000,0.99930000,0.99940000,0.99920000,0.99930000,21980219.00000000,1681739999999,21965320.50700000,5587,11185187.00000000,11177870.04680000,0
1681740000000,0.99930000,0.99950000,0.99930000,0.99930000,39083920.00000000,1681743599999,39059833.54500000,4968,19370233.00000000,19358653.83300000,0
1681743600000,0.99940000,0.99950000,0.99930000,0.99930000,24108279.00000000,1681747199999,24093214.66080000,5745,12054305.00000000,12047199.29720000,0
1681747200000,0.99940000,0.99950000,0.99930000,0.99940000,19473479.00000000,1681750799999,19462088.15900000,4748,7114048.00000000,7110169.03340000,0
1681750800000,0.99950000,0.99950000,0.99930000,0.99930000,12695860.00000000,1681754399999,12687835.53980000,3128,7158437.00000000,7154191.80270000,0
1681754400000,0.99930000,0.99950000,0.99930000,0.99940000,11814769.00000000,1681757999999,11807397.92690000,3082,4695727.00000000,4692934.67400000,0
1681758000000,0.99950000,0.99950000,0.99930000,0.99940000,13000743.00000000,1681761599999,12993059.99600000,3862,7459553.00000000,7455381.36150000,0
1681761600000,0.99950000,0.99950000,0.99940000,0.99950000,7030854.00000000,1681765199999,7026974.84440000,2893,3393568.00000000,3391871.21600000,0
1681765200000,0.99940000,0.99950000,0.99940000,0.99940000,8272832.00000000,1681768799999,8268277.10410000,3723,4088033.00000000,4085988.98350000,0
1681768800000,0.99940000,0.99950000,0.99930000,0.99930000,6244452.00000000,1681772399999,6240703.22780000,2686,607455.00000000,607131.50500000,0
1681772400000,0.99940000,0.99940000,0.99930000,0.99940000,3812258.00000000,1681775999999,3809703.16870000,2449,1137493.00000000,1136810.50420000,0
1681776000000,0.99940000,0.99960000,0.99930000,0.99940000,12441246.00000000,1681779599999,12434057.20470000,3671,8019405.00000000,8014888.04700000,0
1681779600000,0.99950000,0.99960000,0.99940000,0.99940000,14102723.00000000,1681783199999,14095084.41020000,4696,4705602.00000000,4703256.56950000,0
1681783200000,0.99950000,0.99960000,0.99940000,0.99950000,14174847.00000000,1681786799999,14168100.91610000,4199,8660020.00000000,8656102.73840000,0
1681786800000,0.99950000,0.99960000,0.99940000,0.99950000,6664867.00000000,1681790399999,6661135.97490000,2477,1377025.00000000,1376338.38750000,0
1681790400000,0.99940000,0.99950000,0.99940000,0.99940000,6245202.00000000,1681793999999,6241631.45220000,2827,1765734.00000000,1764851.13300000,0
1681794000000,0.99950000,0.99950000,0.99940000,0.99940000,8279115.00000000,1681797599999,8274604.24730000,2867,4567163.00000000,4564879.41850000,0
1681797600000,0.99950000,0.99960000,0.99940000,0.99960000,19243866.00000000,1681801199999,19234296.59200000,4415,12321434.00000000,12315619.00460000,0
1681801200000,0.99960000,0.99970000,0.99950000,0.99950000,20733328.00000000,1681804799999,20724446.51930000,3562,9826152.00000000,9822229.46080000,0
1681804800000,0.99960000,0.99960000,0.99950000,0.99960000,16717874.00000000,1681808399999,16710137.86420000,3053,6228012.00000000,6225520.79520000,0
1681808400000,0.99950000,0.99960000,0.99950000,0.99950000,31839315.00000000,1681811999999,31824571.67650000,7000,11763340.00000000,11758634.66400000,0
1681812000000,0.99950000,0.99970000,0.99940000,0.99950000,34877133.00000000,1681815599999,34860585.24560000,4442,17817126.00000000,17809021.12470000,0
1681815600000,0.99960000,0.99960000,0.99950000,0.99950000,22129610.00000000,1681819199999,22119394.89920000,4120,8497042.00000000,8493643.18320000,0
1681819200000,0.99960000,0.99970000,0.99940000,0.99960000,40684657.00000000,1681822799999,40666854.51670000,4639,14132016.00000000,14126565.63970000,0
1681822800000,0.99960000,0.99970000,0.99960000,0.99960000,8071876.00000000,1681826399999,8068919.32720000,3154,2720776.00000000,2719959.76720000,0
1681826400000,0.99960000,0.99970000,0.99960000,0.99970000,13583484.00000000,1681829999999,13578440.58770000,3531,3899813.00000000,3898643.05610000,0
1681830000000,0.99960000,0.99970000,0.99950000,0.99950000,15206348.00000000,1681833599999,15199662.25420000,3841,6480557.00000000,6477984.42480000,0
1681833600000,0.99960000,0.99970000,0.99950000,0.99960000,16981679.00000000,1681837199999,16974370.63710000,3512,9915880.00000000,9911922.79890000,0
1681837200000,0.99960000,0.99970000,0.99930000,0.99940000,25175238.00000000,1681840799999,25162921.02920000,3331,7987334.00000000,7983160.26430000,0
1681840800000,0.99940000,0.99970000,0.99940000,0.99960000,26085172.00000000,1681844399999,26072589.74570000,3381,14109024.00000000,14102667.82520000,0
1681844400000,0.99960000,0.99980000,0.99950000,0.99970000,15227849.00000000,1681847999999,15222449.70430000,2097,10809310.00000000,10805654.22650000,0
1681848000000,0.99980000,0.99980000,0.99960000,0.99970000,11413762.00000000,1681851599999,11410672.19980000,2344,4988527.00000000,4987396.82240000,0
1681851600000,0.99970000,0.99980000,0.99960000,0.99970000,14319401.00000000,1681855199999,14315355.86700000,1935,5714167.00000000,5712728.76940000,0
1681855200000,0.99980000,0.99980000,0.99960000,0.99970000,6326970.00000000,1681858799999,6325214.31070000,1463,2625988.00000000,2625342.63030000,0
1681858800000,0.99980000,0.99980000,0.99960000,0.99960000,7420302.00000000,1681862399999,7417917.38680000,2070,1530673.00000000,1530345.89190000,0
1681862400000,0.99970000,0.99970000,0.99950000,0.99950000,9553394.00000000,1681865999999,9549227.85590000,2320,4364251.00000000,4362506.83620000,0
1681866000000,0.99960000,0.99970000,0.99950000,0.99970000,11714745.00000000,1681869599999,11710790.88810000,1907,10311141.00000000,10307748.37540000,0
1681869600000,0.99970000,0.99970000,0.99960000,0.99960000,5324178.00000000,1681873199999,5322176.18670000,1782,1278579.00000000,1278195.42630000,0
1681873200000,0.99960000,0.99970000,0.99950000,0.99950000,17691535.00000000,1681876799999,17684529.35110000,1932,1069225.00000000,1068878.99270000,0
1681876800000,0.99950000,0.99960000,0.99950000,0.99960000,11779530.00000000,1681880399999,11774312.97830000,1755,6727433.00000000,6724742.02680000,0
1681880400000,0.99960000,0.99970000,0.99950000,0.99960000,13973636.00000000,1681883999999,13968259.61130000,2056,7172298.00000000,7169765.40620000,0
1681884000000,0.99950000,0.99960000,0.99950000,0.99950000,11237528.00000000,1681887599999,11232414.78790000,3900,5055519.00000000,5053496.79240000,0
1681887600000,0.99950000,0.99960000,0.99950000,0.99950000,8368577.00000000,1681891199999,8364767.79240000,1679,3750809.00000000,3749308.67640000,0
1681891200000,0.99960000,0.99960000,0.99940000,0.99940000,41979014.00000000,1681894799999,41957960.96470000,13377,14620081.00000000,14613451.54220000,0
1681894800000,0.99940000,0.99960000,0.99940000,0.99950000,25405256.00000000,1681898399999,25392245.20110000,6155,14963559.00000000,14956308.28650000,0
1681898400000,0.99950000,0.99970000,0.99950000,0.99970000,17195385.00000000,1681901999999,17188679.15490000,3574,8921232.00000000,8917878.48910000,0
1681902000000,0.99960000,0.99980000,0.99960000,0.99960000,17773596.00000000,1681905599999,17768173.02070000,2895,7498072.00000000,7495855.83340000,0
1681905600000,0.99970000,0.99980000,0.99960000,0.99980000,8633264.00000000,1681909199999,8630616.59150000,3498,6083073.00000000,6081308.30930000,0
1681909200000,0.99980000,0.99990000,0.99960000,0.99970000,21069293.00000000,1681912799999,21063481.46110000,2790,6485741.00000000,6484277.42450000,0
1681912800000,0.99970000,0.99970000,0.99950000,0.99950000,10472508.00000000,1681916399999,10468143.70260000,4964,3057102.00000000,3056001.63700000,0
1681916400000,0.99950000,0.99960000,0.99940000,0.99950000,10206732.00000000,1681919999999,10201179.55460000,3761,2557086.00000000,2555842.62020000,0
1681920000000,0.99940000,0.99960000,0.99940000,0.99950000,8699566.00000000,1681923599999,8694943.81850000,2891,5016022.00000000,5013572.89400000,0
1681923600000,0.99950000,0.99960000,0.99940000,0.99950000,8379197.00000000,1681927199999,8375027.83720000,4255,2560676.00000000,2559526.09070000,0
1681927200000,0.99950000,0.99950000,0.99940000,0.99940000,3248373.00000000,1681930799999,3246489.03080000,1295,650546.00000000,650220.72700000,0
1681930800000,0.99940000,0.99950000,0.99940000,0.99940000,5511496.00000000,1681934399999,5508328.53280000,1429,1394304.00000000,1393606.84800000,0
1681934400000,0.99950000,0.99960000,0.99940000,0.99960000,9649513.00000000,1681937999999,9645109.04930000,2612,6842841.00000000,6839840.71070000,0
1681938000000,0.99960000,0.99970000,0.99950000,0.99960000,17377360.00000000,1681941599999,17369974.07290000,5825,8630732.00000000,8627312.52750000,0
1681941600000,0.99960000,0.99970000,0.99950000,0.99950000,11404409.00000000,1681945199999,11399724.01000000,2774,3259987.00000000,3258778.59740000,0
1681945200000,0.99950000,0.99960000,0.99950000,0.99950000,8008886.00000000,1681948799999,8005082.97030000,5566,2014133.00000000,2013327.34680000,0
1681948800000,0.99950000,0.99970000,0.99950000,0.99960000,11975202.00000000,1681952399999,11970303.31200000,3036,9087176.00000000,9083582.51130000,0
1681952400000,0.99960000,0.99970000,0.99960000,0.99970000,11186584.00000000,1681955999999,11182744.43360000,2526,6350672.00000000,6348766.79840000,0
1681956000000,0.99970000,0.99970000,0.99940000,0.99960000,22519946.00000000,1681959599999,22510073.11280000,8200,5445095.00000000,5442882.16510000,0
1681959600000,0.99960000,0.99960000,0.99930000,0.99950000,28335060.00000000,1681963199999,28319292.85950000,11311,9078495.00000000,9073886.20210000,0
1681963200000,0.99950000,0.99960000,0.99940000,0.99960000,8531022.00000000,1681966799999,8526866.92520000,2119,6126879.00000000,6123994.10240000,0
1681966800000,0.99950000,0.99960000,0.99950000,0.99950000,11505902.00000000,1681970399999,11500985.75010000,2348,8367011.00000000,8363664.19560000,0
1681970400000,0.99950000,0.99960000,0.99950000,0.99950000,8813106.00000000,1681973999999,8809114.39160000,2374,4149446.00000000,4147786.22160000,0
1681974000000,0.99950000,0.99960000,0.99950000,0.99950000,9072978.00000000,1681977599999,9069109.39520000,2349,6678842.00000000,6676170.46320000,0
1681977600000,0.99950000,0.99970000,0.99950000,0.99960000,6379180.00000000,1681981199999,6376892.16230000,2490,4367731.00000000,4366266.62760000,0
1681981200000,0.99960000,0.99980000,0.99960000,0.99970000,9481315.00000000,1681984799999,9478451.50050000,2035,6922872.00000000,6920862.33640000,0
1681984800000,0.99970000,0.99980000,0.99970000,0.99980000,14291926.00000000,1681988399999,14287993.73540000,2035,3553132.00000000,3552421.37360000,0
1681988400000,0.99970000,0.99980000,0.99960000,0.99960000,9333789.00000000,1681991999999,9330937.48000000,3592,4325665.00000000,4324469.37030000,0
1681992000000,0.99970000,0.99980000,0.99960000,0.99980000,18042448.00000000,1681995599999,18037170.04360000,5346,13182569.00000000,13178998.43990000,0
1681995600000,0.99970000,0.99980000,0.99970000,0.99970000,11245142.00000000,1681999199999,11242067.13060000,3580,2986732.00000000,2986134.65360000,0
1681999200000,0.99970000,0.99980000,0.99970000,0.99970000,7855568.00000000,1682002799999,7853487.99990000,2646,2766703.00000000,2766149.65940000,0
1682002800000,0.99980000,0.99980000,0.99970000,0.99970000,13125129.00000000,1682006399999,13121552.01250000,4566,3605512.00000000,3604790.89760000,0
1682006400000,0.99980000,0.99990000,0.99970000,0.99970000,32705661.00000000,1682009999999,32698491.91660000,8239,16207991.00000000,16204782.65770000,0
1682010000000,0.99970000,0.99980000,0.99970000,0.99970000,10759084.00000000,1682013599999,10756464.55610000,6238,6082813.00000000,6081596.43740000,0
1682013600000,0.99970000,0.99990000,0.99970000,0.99990000,11244393.00000000,1682017199999,11241872.60560000,5314,6100713.00000000,6099570.27250000,0
1682017200000,0.99980000,0.99990000,0.99960000,0.99990000,26727356.00000000,1682020799999,26721707.17110000,7928,15896095.00000000,15893425.61300000,0
1682020800000,0.99990000,0.99990000,0.99970000,0.99990000,13002311.00000000,1682024399999,12999541.08220000,4635,5505964.00000000,5504908.75780000,0
1682024400000,0.99980000,0.99990000,0.99980000,0.99990000,6223627.00000000,1682027999999,6222591.72940000,2934,2094548.00000000,2094338.54520000,0
1682028000000,0.99990000,1.00000000,0.99980000,0.99990000,9401272.00000000,1682031599999,9400086.31530000,3495,5020604.00000000,5020118.70580000,0
1682031600000,0.99980000,0.99990000,0.99980000,0.99990000,9130918.00000000,1682035199999,9129523.69090000,2792,4318745.00000000,4318313.12550000,0
1682035200000,0.99990000,1.00020000,0.99980000,0.99990000,23335635.00000000,1682038799999,23335057.00960000,6167,17433744.00000000,17433508.09940000,0
1682038800000,1.00000000,1.00000000,0.99980000,0.99980000,8516976.00000000,1682042399999,8516009.66810000,2583,2148227.00000000,2148035.32590000,0
1682042400000,0.99990000,0.99990000,0.99980000,0.99980000,4219807.00000000,1682045999999,4219193.53790000,2603,2304993.00000000,2304762.50070000,0
1682046000000,0.99990000,0.99990000,0.99980000,0.99980000,7387002.00000000,1682049599999,7385940.23460000,3032,4156350.00000000,4155934.36500000,0
1682049600000,0.99990000,1.00000000,0.99980000,0.99980000,5616573.00000000,1682053199999,5615864.79600000,2817,2773902.00000000,2773625.13960000,0
1682053200000,0.99990000,0.99990000,0.99980000,0.99980000,5757151.00000000,1682056799999,5756271.65810000,3238,2720883.00000000,2720610.91170000,0
1682056800000,0.99980000,1.00000000,0.99980000,0.99990000,21620138.00000000,1682060399999,21617886.85100000,6336,8238778.00000000,8238019.11380000,0
1682060400000,0.99990000,1.00000000,0.99980000,1.00000000,14638643.00000000,1682063999999,14637457.89370000,5096,6483123.00000000,6482761.21650000,0
1682064000000,0.99990000,1.00000000,0.99980000,0.99990000,10697657.00000000,1682067599999,10696540.68310000,4129,6040745.00000000,6040214.48690000,0
1682067600000,0.99990000,1.00000000,0.99980000,0.99990000,10821739.00000000,1682071199999,10821134.86340000,2440,5073032.00000000,5073003.46270000,0
1682071200000,0.99990000,1.00010000,0.99990000,1.00000000,13132087.00000000,1682074799999,13131746.81260000,3999,7590199.00000000,7590203.15630000,0
1682074800000,1.00000000,1.00020000,0.99990000,1.00000000,16496148.00000000,1682078399999,16497190.45360000,4076,11323970.00000000,11324890.17450000,0
1682078400000,1.00000000,1.00020000,1.00000000,1.00000000,15143417.00000000,1682081999999,15144685.70440000,5095,6867158.00000000,6867884.28990000,0
1682082000000,1.00010000,1.00020000,1.00000000,1.00010000,18298236.00000000,1682085599999,18300475.63510000,4950,13253145.00000000,13254931.96590000,0
1682085600000,1.00010000,1.00030000,1.00010000,1.00020000,22589020.00000000,1682089199999,22593829.42670000,4777,7708334.00000000,7710290.81680000,0
1682089200000,1.00030000,1.00030000,1.00010000,1.00020000,19777301.00000000,1682092799999,19781101.10280000,5340,10737592.00000000,10739899.68620000,0
1682092800000,1.00020000,1.00040000,1.00010000,1.00010000,18786545.00000000,1682096399999,18791587.90140000,6175,9846571.00000000,9849490.52980000,0
1682096400000,1.00020000,1.00030000,1.00010000,1.00010000,7993159.00000000,1682099999999,7994427.80710000,5674,3309454.00000000,3310154.51170000,0
1682100000000,1.00020000,1.00030000,1.00010000,1.00020000,7968372.00000000,1682103599999,7970086.06800000,4182,5276436.00000000,5277673.85610000,0
1682103600000,1.00020000,1.00030000,0.99990000,1.00000000,29278047.00000000,1682107199999,29279869.47940000,9644,14134530.00000000,14135637.22470000,0
1682107200000,1.00000000,1.00020000,1.00000000,1.00000000,6233257.00000000,1682110799999,6233525.25890000,4681,2473393.00000000,2473643.08260000,0
1682110800000,1.00000000,1.00020000,1.00000000,1.00000000,6938133.00000000,1682114399999,6938673.07750000,3441,2369337.00000000,2369695.23940000,0
1682114400000,1.00000000,1.00020000,1.00000000,1.00000000,8308505.00000000,1682117999999,8309136.83700000,4073,3629868.00000000,3630359.10490000,0
1682118000000,1.00000000,1.00020000,1.00000000,1.00010000,5525740.00000000,1682121599999,5526097.95340000,3107,2953411.00000000,2953747.36600000,0
1682121600000,1.00010000,1.00030000,1.00010000,1.00010000,6689944.00000000,1682125199999,6690963.41420000,3598,3310426.00000000,3311088.25710000,0
1682125200000,1.00020000,1.00020000,1.00010000,1.00010000,10307805.00000000,1682128799999,10309221.52180000,3330,3857413.00000000,3858184.48260000,0
1682128800000,1.00020000,1.00020000,1.00000000,1.00000000,32082231.00000000,1682132399999,32083112.28740000,2110,3074282.00000000,3074700.16030000,0
1682132400000,1.00010000,1.00010000,1.00000000,1.00000000,1774298.00000000,1682135999999,1774397.71200000,1371,997120.00000000,997219.71200000,0
1682136000000,1.00000000,1.00010000,1.00000000,1.00010000,4113196.00000000,1682139599999,4113330.56250000,1364,1345625.00000000,1345759.56250000,0
1682139600000,1.00000000,1.00010000,0.99990000,1.00000000,5315260.00000000,1682143199999,5315246.55570000,1428,1341060.00000000,1341094.45670000,0
1682143200000,1.00000000,1.00000000,0.99990000,1.00000000,6621743.00000000,1682146799999,6621501.88940000,1310,4210637.00000000,4210637.00000000,0
1682146800000,1.00000000,1.00000000,0.99990000,1.00000000,1699608.00000000,1682150399999,1699510.28580000,1225,722466.00000000,722466.00000000,0
1682150400000,1.00000000,1.00000000,0.99990000,0.99990000,2524331.00000000,1682153999999,2524223.94370000,1816,1453768.00000000,1453768.00000000,0
1682154000000,1.00000000,1.00000000,0.99990000,0.99990000,1676945.00000000,1682157599999,1676871.88210000,1045,945766.00000000,945766.00000000,0
1682157600000,0.99990000,1.00000000,0.99990000,0.99990000,2827811.00000000,1682161199999,2827692.95110000,1523,1647322.00000000,1647322.00000000,0
1682161200000,0.99990000,1.00000000,0.99990000,0.99990000,3860511.00000000,1682164799999,3860388.01430000,1216,2630654.00000000,2630654.00000000,0
1682164800000,0.99990000,1.00000000,0.99990000,1.00000000,3236361.00000000,1682168399999,3236324.84570000,1209,2874818.00000000,2874818.00000000,0
1682168400000,1.00000000,1.00010000,0.99990000,1.00000000,3499047.00000000,1682171999999,3499034.13490000,2935,846656.00000000,846688.77490000,0
1682172000000,1.00000000,1.00010000,0.99990000,1.00000000,5340414.00000000,1682175599999,5340400.18630000,2771,2046342.00000000,2046374.53280000,0
1682175600000,1.00000000,1.00000000,0.99990000,0.99990000,3471657.00000000,1682179199999,3471473.10670000,2835,1632724.00000000,1632724.00000000,0
1682179200000,1.00000000,1.00000000,0.99990000,0.99990000,4455737.00000000,1682182799999,4455552.51730000,2954,2610910.00000000,2610910.00000000,0
1682182800000,1.00000000,1.00000000,0.99980000,0.99990000,11078892.00000000,1682186399999,11077890.05730000,3927,2663548.00000000,2663392.19260000,0
1682186400000,0.99990000,1.00000000,0.99990000,1.00000000,3229704.00000000,1682189999999,3229533.34490000,2524,1523153.00000000,1523153.00000000,0
1682190000000,1.00000000,1.00000000,0.99990000,1.00000000,1044852.00000000,1682193599999,1044793.94680000,1695,464320.00000000,464320.00000000,0
1682193600000,0.99990000,1.00000000,0.99990000,1.00000000,1217650.00000000,1682197199999,1217586.03760000,1557,578026.00000000,578026.00000000,0
1682197200000,0.99990000,1.00000000,0.99990000,1.00000000,1351971.00000000,1682200799999,1351876.34700000,1856,405441.00000000,405441.00000000,0
1682200800000,1.00000000,1.00020000,0.99990000,1.00010000,14308035.00000000,1682204399999,14308479.55570000,3839,10581893.00000000,10582233.69250000,0
1682204400000,1.00000000,1.00020000,1.00000000,1.00010000,4886468.00000000,1682207999999,4886621.84540000,2798,1395527.00000000,1395666.79280000,0
1682208000000,1.00000000,1.00010000,0.99990000,0.99990000,6278033.00000000,1682211599999,6277651.29290000,3688,1135592.00000000,1135611.69490000,0
1682211600000,1.00000000,1.00010000,0.99990000,1.00000000,14465879.00000000,1682215199999,14465984.58250000,2992,8134528.00000000,8134779.79940000,0
1682215200000,0.99990000,1.00000000,0.99980000,0.99990000,12541331.00000000,1682218799999,12540122.85880000,3063,4970224.00000000,4969778.49250000,0
1682218800000,1.00000000,1.00000000,0.99980000,0.99990000,3085609.00000000,1682222399999,3085295.33230000,2334,364867.00000000,364856.86610000,0
1682222400000,0.99990000,0.99990000,0.99980000,0.99980000,2239850.00000000,1682225999999,2239455.99340000,1561,539634.00000000,539580.03660000,0
1682226000000,0.99980000,1.00000000,0.99980000,0.99990000,5664202.00000000,1682229599999,5663587.98900000,1957,4539597.00000000,4539151.50380000,0
1682229600000,1.00000000,1.00000000,0.99980000,0.99990000,3376126.00000000,1682233199999,3375596.81240000,1517,512964.00000000,512913.01340000,0
1682233200000,0.99980000,0.99990000,0.99980000,0.99980000,1245150.00000000,1682236799999,1244982.97040000,1660,820004.00000000,819921.99960000,0
1682236800000,0.99980000,0.99990000,0.99980000,0.99980000,3394378.00000000,1682240399999,3393951.53000000,1749,2524056.00000000,2523803.59440000,0
1682240400000,0.99990000,1.00000000,0.99980000,0.99990000,2273289.00000000,1682243999999,2272986.45060000,1594,1265630.00000000,1265513.89630000,0
1682244000000,0.99980000,0.99990000,0.99980000,0.99990000,5224103.00000000,1682247599999,5223232.98860000,2720,1748092.00000000,1747917.19080000,0
1682247600000,0.99980000,0.99990000,0.99980000,0.99980000,3400814.00000000,1682251199999,3400175.38620000,2894,415490.00000000,415448.45100000,0
1682251200000,0.99990000,0.99990000,0.99970000,0.99980000,5711455.00000000,1682254799999,5710355.58110000,2615,2332447.00000000,2332034.40070000,0
1682254800000,0.99980000,0.99990000,0.99980000,0.99980000,1906719.00000000,1682258399999,1906377.08470000,2349,394285.00000000,394245.57150000,0
1682258400000,0.99990000,0.99990000,0.99970000,0.99980000,11590683.00000000,1682261999999,11588425.44660000,3142,5300876.00000000,5299878.91860000,0
1682262000000,0.99980000,0.99990000,0.99980000,0.99990000,5241797.00000000,1682265599999,5240926.43170000,4416,1777911.00000000,1777733.20890000,0
1682265600000,0.99990000,0.99990000,0.99980000,0.99980000,5350208.00000000,1682269199999,5349284.11420000,3946,1461558.00000000,1461411.84420000,0
1682269200000,0.99980000,0.99990000,0.99970000,0.99970000,3244300.00000000,1682272799999,3243664.19170000,1984,505794.00000000,505733.67500000,0
1682272800000,0.99970000,0.99990000,0.99970000,0.99980000,6123009.00000000,1682276399999,6121649.03030000,4134,2604016.00000000,2603501.87820000,0
1682276400000,0.99980000,0.99980000,0.99970000,0.99970000,2027062.00000000,1682279999999,2026576.61170000,2987,1227303.00000000,1227057.53940000,0
1682280000000,0.99980000,1.00000000,0.99970000,1.00000000,7065345.00000000,1682283599999,7064396.49380000,3037,6522205.00000000,6521362.17180000,0
1682283600000,1.00000000,1.00000000,0.99980000,0.99990000,5244447.00000000,1682287199999,5244015.91190000,2319,2213187.00000000,2213068.68550000,0
1682287200000,0.99990000,1.00000000,0.99980000,0.99990000,4519710.00000000,1682290799999,4519416.97770000,2642,3095845.00000000,3095695.59800000,0
1682290800000,0.99990000,1.00000000,0.99990000,1.00000000,2028212.00000000,1682294399999,2028064.23230000,1396,550535.00000000,550535.00000000,0
1682294400000,0.99990000,1.00000000,0.99990000,0.99990000,3981755.00000000,1682297999999,3981530.07000000,3642,1732455.00000000,1732455.00000000,0
1682298000000,1.00000000,1.00000000,0.99990000,0.99990000,6352650.00000000,1682301599999,6352349.24500000,3813,3345100.00000000,3345100.00000000,0
1682301600000,1.00000000,1.00000000,0.99990000,0.99990000,4953240.00000000,1682305199999,4952841.42050000,2297,967445.00000000,967445.00000000,0
1682305200000,1.00000000,1.00000000,0.99990000,0.99990000,4944694.00000000,1682308799999,4944351.94560000,1926,1524150.00000000,1524150.00000000,0
1682308800000,1.00000000,1.00000000,0.99980000,0.99990000,7009759.00000000,1682312399999,7009099.31320000,1643,2045056.00000000,2044935.76770000,0
1682312400000,0.99980000,0.99990000,0.99980000,0.99980000,6072948.00000000,1682315999999,6072140.29190000,2527,4068815.00000000,4068408.11850000,0
1682316000000,0.99990000,1.00000000,0.99980000,0.99990000,7051062.00000000,1682319599999,7050364.44060000,2855,3710763.00000000,3710473.72390000,0
1682319600000,1.00000000,1.00000000,0.99990000,1.00000000,13490531.00000000,1682323199999,13489948.66560000,4009,7667187.00000000,7667187.00000000,0
1682323200000,1.00000000,1.00010000,0.99990000,0.99990000,8350754.00000000,1682326799999,8350411.52960000,3200,3840554.00000000,3840554.00570000,0
1682326800000,0.99990000,1.00000000,0.99990000,1.00000000,9057316.00000000,1682330399999,9056917.58160000,2573,5073132.00000000,5073132.00000000,0
1682330400000,1.00000000,1.00000000,0.99990000,0.99990000,7724218.00000000,1682333999999,7723821.66730000,2857,3760891.00000000,3760891.00000000,0
1682334000000,1.00000000,1.00000000,0.99990000,0.99990000,5088040.00000000,1682337599999,5087857.25740000,2309,3260614.00000000,3260614.00000000,0
1682337600000,1.00000000,1.00000000,0.99990000,0.99990000,5117551.00000000,1682341199999,5117325.99270000,2485,2867478.00000000,2867478.00000000,0
1682341200000,0.99990000,1.00010000,0.99990000,0.99990000,18277895.00000000,1682344799999,18277620.93760000,3978,9520058.00000000,9520058.61500000,0
1682344800000,1.00000000,1.00000000,0.99990000,0.99990000,9802621.00000000,1682348399999,9802055.49610000,4004,4147582.00000000,4147582.00000000,0
1682348400000,1.00000000,1.00000000,0.99970000,0.99970000,26042967.00000000,1682351999999,26037763.61810000,5032,6901676.00000000,6900535.49690000,0
1682352000000,0.99970000,0.99980000,0.99970000,0.99980000,15369988.00000000,1682355599999,15366219.90710000,4371,8429035.00000000,8427349.19300000,0
1682355600000,0.99980000,1.00000000,0.99970000,0.99990000,9527793.00000000,1682359199999,9526689.02820000,4203,6360693.00000000,6360129.76520000,0
1682359200000,0.99990000,1.00000000,0.99980000,0.99990000,7338825.00000000,1682362799999,7338141.99630000,3149,2499830.00000000,2499758.42120000,0
1682362800000,0.99990000,0.99990000,0.99980000,0.99990000,4171627.00000000,1682366399999,4170941.45050000,2718,1487759.00000000,1487610.22410000,0
1682366400000,0.99990000,1.00000000,0.99980000,1.00000000,6535993.00000000,1682369999999,6535252.05430000,2419,4987270.00000000,4986786.75640000,0
1682370000000,0.99990000,1.00000000,0.99990000,0.99990000,5351232.00000000,1682373599999,5350868.68580000,1685,1718090.00000000,1718090.00000000,0
1682373600000,0.99990000,1.00000000,0.99990000,0.99990000,4846394.00000000,1682377199999,4846159.54880000,1553,2501882.00000000,2501882.00000000,0
1682377200000,0.99990000,1.00000000,0.99990000,1.00000000,2439830.00000000,1682380799999,2439640.02160000,1423,540046.00000000,540046.00000000,0
1682380800000,0.99990000,1.00000000,0.99990000,0.99990000,3974126.00000000,1682384399999,3973775.39590000,1953,468085.00000000,468085.00000000,0
1682384400000,0.99990000,1.00000000,0.99990000,0.99990000,5494695.00000000,1682387999999,5494380.98840000,1941,2354579.00000000,2354579.00000000,0
1682388000000,0.99990000,1.00000000,0.99980000,0.99990000,9626362.00000000,1682391599999,9625537.74480000,2148,2222197.00000000,2222169.76590000,0
1682391600000,0.99990000,1.00000000,0.99980000,0.99990000,8262380.00000000,1682395199999,8261545.71340000,2116,5312145.00000000,5311686.80970000,0
1682395200000,1.00000000,1.00000000,0.99980000,0.99980000,6036755.00000000,1682398799999,6036158.33210000,1324,875679.00000000,875668.10070000,0
1682398800000,0.99990000,0.99990000,0.99980000,0.99980000,4074511.00000000,1682402399999,4073833.89070000,1968,1377929.00000000,1377791.20710000,0
1682402400000,0.99990000,1.00000000,0.99980000,0.99990000,7571758.00000000,1682405999999,7570963.53540000,1690,4637617.00000000,4637188.63430000,0
1682406000000,1.00000000,1.00000000,0.99980000,0.99980000,7140407.00000000,1682409599999,7139749.33730000,2594,1434854.00000000,1434806.43270000,0
1682409600000,0.99980000,1.00000000,0.99980000,0.99990000,20251007.00000000,1682413199999,20249276.09160000,3308,15027435.00000000,15026693.95940000,0
1682413200000,1.00000000,1.00010000,0.99990000,0.99990000,7858501.00000000,1682416799999,7858239.42690000,1545,4090940.00000000,4090940.21180000,0
1682416800000,0.99990000,1.00000000,0.99990000,0.99990000,4408755.00000000,1682420399999,4408400.75760000,1862,866331.00000000,866331.00000000,0
1682420400000,0.99990000,1.00000000,0.99990000,0.99990000,6468184.00000000,1682423999999,6467717.58860000,2657,1804070.00000000,1804070.00000000,0
1682424000000,0.99990000,1.00000000,0.99990000,1.00000000,7514991.00000000,1682427599999,7514694.96120000,2382,4554603.00000000,4554603.00000000,0
1682427600000,1.00000000,1.00000000,0.99990000,0.99990000,11219640.00000000,1682431199999,11219138.61890000,3041,6205829.00000000,6205829.00000000,0
1682431200000,1.00000000,1.00010000,0.99990000,0.99990000,11393610.00000000,1682434799999,11393316.30470000,3367,7247973.00000000,7248006.80000000,0
1682434800000,0.99990000,1.00000000,0.99990000,0.99990000,5816715.00000000,1682438399999,5816487.64780000,4016,3543193.00000000,3543193.00000000,0
1682438400000,1.00000000,1.00000000,0.99990000,0.99990000,6596335.00000000,1682441999999,6596016.49800000,3580,3411315.00000000,3411315.00000000,0
1682442000000,1.00000000,1.00000000,0.99990000,0.99990000,10403587.00000000,1682445599999,10403184.17560000,4199,6375343.00000000,6375343.00000000,0
1682445600000,0.99990000,1.00000000,0.99980000,0.99990000,10662285.00000000,1682449199999,10661328.97540000,4370,4211809.00000000,4211579.04500000,0
1682449200000,0.99990000,1.00000000,0.99980000,0.99990000,6079079.00000000,1682452799999,6078118.96370000,2998,2194150.00000000,2193931.38550000,0
1682452800000,0.99990000,1.00000000,0.99980000,0.99990000,10436182.00000000,1682456399999,10435285.90570000,5763,5336028.00000000,5335716.82760000,0
1682456400000,0.99980000,1.00000000,0.99980000,0.99990000,13090507.00000000,1682459999999,13089166.97100000,4232,5757133.00000000,5756678.53330000,0
1682460000000,0.99990000,0.99990000,0.99970000,0.99980000,14857738.00000000,1682463599999,14854859.30910000,3111,5402890.00000000,5401938.80460000,0
1682463600000,0.99980000,1.00010000,0.99980000,1.00000000,25949762.00000000,1682467199999,25947942.81560000,2182,19153092.00000000,19152104.05830000,0
1682467200000,1.00000000,1.00010000,0.99990000,0.99990000,13529397.00000000,1682470799999,13529211.87340000,4641,3990274.00000000,3990462.79880000,0
1682470800000,0.99990000,1.00000000,0.99990000,0.99990000,7553915.00000000,1682474399999,7553383.60290000,2718,2239944.00000000,2239944.00000000,0
1682474400000,0.99990000,1.00000000,0.99980000,0.99990000,19413256.00000000,1682477999999,19410928.25370000,1402,3577905.00000000,3577550.80300000,0
1682478000000,0.99980000,0.99990000,0.99970000,0.99980000,20651049.00000000,1682481599999,20647497.39490000,2021,7192792.00000000,7192031.85490000,0
1682481600000,0.99980000,0.99980000,0.99970000,0.99980000,6803803.00000000,1682485199999,6801948.18680000,1436,1863277.00000000,1862904.34460000,0
1682485200000,0.99970000,0.99990000,0.99970000,0.99990000,12410196.00000000,1682488799999,12408097.81670000,1197,10855977.00000000,10854214.48210000,0
1682488800000,0.99980000,0.99990000,0.99980000,0.99990000,5848401.00000000,1682492399999,5847419.45200000,2258,1881322.00000000,1881133.86780000,0
1682492400000,0.99980000,0.99990000,0.99970000,0.99990000,8808601.00000000,1682495999999,8806916.86010000,2218,3273979.00000000,3273406.30570000,0
1682496000000,0.99980000,0.99990000,0.99980000,0.99980000,6612617.00000000,1682499599999,6611670.49120000,3183,3760146.00000000,3759769.98540000,0
1682499600000,0.99980000,0.99990000,0.99970000,0.99970000,19876157.00000000,1682503199999,19872261.97520000,4569,2894088.00000000,2893625.58540000,0
1682503200000,0.99980000,0.99990000,0.99970000,0.99980000,25668439.00000000,1682506799999,25663118.76520000,4537,15963887.00000000,15960919.67490000,0
1682506800000,0.99980000,0.99980000,0.99970000,0.99980000,6819895.00000000,1682510399999,6818100.21720000,2698,2511857.00000000,2511354.62860000,0
1682510400000,0.99980000,0.99980000,0.99950000,0.99980000,38379035.00000000,1682513999999,38367599.85530000,7458,15753896.00000000,15749522.86930000,0
1682514000000,0.99980000,0.99990000,0.99970000,0.99980000,20746929.00000000,1682517599999,20742830.49170000,6986,15826419.00000000,15823553.18480000,0
1682517600000,0.99980000,0.99990000,0.99980000,0.99980000,10963617.00000000,1682521199999,10962099.79380000,3474,6755172.00000000,6754496.48280000,0
1682521200000,0.99990000,1.00000000,0.99980000,0.99990000,11425458.00000000,1682524799999,11424016.13280000,4217,7283554.00000000,7282836.21780000,0
1682524800000,0.99990000,1.00000000,0.99990000,0.99990000,6948867.00000000,1682528399999,6948603.03130000,3672,4309180.00000000,4309180.00000000,0
1682528400000,1.00000000,1.00000000,0.99980000,0.99990000,13877583.00000000,1682531999999,13875875.75520000,3620,7042087.00000000,7041485.12870000,0
1682532000000,0.99980000,1.00000000,0.99980000,1.00000000,4159399.00000000,1682535599999,4159097.89280000,1737,2039582.00000000,2039492.87640000,0
1682535600000,1.00000000,1.00000000,0.99980000,0.99980000,23679904.00000000,1682539199999,23676748.38100000,12484,7006654.00000000,7006418.25680000,0
1682539200000,0.99980000,0.99990000,0.99950000,0.99970000,43807199.00000000,1682542799999,43796042.89320000,14137,20830624.00000000,20825460.49220000,0
1682542800000,0.99970000,0.99980000,0.99960000,0.99970000,14030692.00000000,1682546399999,14026701.71360000,6277,5514634.00000000,5513224.47770000,0
1682546400000,0.99970000,0.99980000,0.99960000,0.99970000,7522910.00000000,1682549999999,7520370.75040000,3201,3316080.00000000,3315113.49800000,0
1682550000000,0.99960000,0.99970000,0.99960000,0.99970000,6137583.00000000,1682553599999,6135465.10460000,2048,3371378.00000000,3370366.58660000,0
1682553600000,0.99960000,0.99990000,0.99960000,0.99990000,20935019.00000000,1682557199999,20930215.99860000,6890,14785112.00000000,14781807.55020000,0
1682557200000,0.99990000,0.99990000,0.99980000,0.99980000,11108963.00000000,1682560799999,11107222.62230000,4685,4814149.00000000,4813667.58510000,0
1682560800000,0.99980000,0.99990000,0.99970000,0.99990000,13050624.00000000,1682564399999,13048104.94540000,3267,4034666.00000000,4033966.68250000,0
1682564400000,0.99980000,0.99990000,0.99950000,0.99950000,29822938.00000000,1682567999999,29813152.40890000,6004,10887624.00000000,10884235.11490000,0
1682568000000,0.99950000,0.99970000,0.99950000,0.99970000,30076303.00000000,1682571599999,30064287.10880000,7879,13216383.00000000,13211427.30770000,0
1682571600000,0.99960000,0.99970000,0.99960000,0.99960000,3902352.00000000,1682575199999,3901072.78080000,2701,2817216.00000000,2816370.83520000,0
1682575200000,0.99970000,0.99970000,0.99950000,0.99960000,19591946.00000000,1682578799999,19584291.95890000,4124,4417699.00000000,4416174.45630000,0
1682578800000,0.99960000,0.99970000,0.99950000,0.99960000,6328239.00000000,1682582399999,6325942.48640000,2499,3610852.00000000,3609647.27860000,0
1682582400000,0.99960000,0.99980000,0.99960000,0.99970000,25184684.00000000,1682585999999,25176831.55060000,3819,20115433.00000000,20109416.76300000,0
1682586000000,0.99970000,0.99980000,0.99960000,0.99970000,6712980.00000000,1682589599999,6710936.74630000,2272,4715185.00000000,4713876.16150000,0
1682589600000,0.99970000,0.99980000,0.99960000,0.99970000,6399399.00000000,1682593199999,6397356.37340000,2000,1251839.00000000,1251484.94440000,0
1682593200000,0.99970000,0.99970000,0.99960000,0.99970000,5921537.00000000,1682596799999,5919500.21540000,1859,3318302.00000000,3317306.50940000,0
1682596800000,0.99970000,0.99970000,0.99960000,0.99960000,6209921.00000000,1682600399999,6207587.03140000,3699,1499998.00000000,1499548.00060000,0
1682600400000,0.99960000,0.99970000,0.99960000,0.99960000,7643806.00000000,1682603999999,7641176.03310000,3428,4275555.00000000,4274272.33350000,0
1682604000000,0.99970000,0.99970000,0.99960000,0.99960000,11678808.00000000,1682607599999,11674905.47420000,3010,7689974.00000000,7687667.00780000,0
1682607600000,0.99970000,0.99980000,0.99960000,0.99980000,12322409.00000000,1682611199999,12319024.52380000,5315,7667598.00000000,7665647.52520000,0
1682611200000,0.99970000,0.99980000,0.99970000,0.99970000,3682727.00000000,1682614799999,3681773.90820000,2840,1517263.00000000,1516959.54740000,0
1682614800000,0.99970000,0.99990000,0.99970000,0.99980000,10818302.00000000,1682618399999,10815997.45700000,5203,7521013.00000000,7519516.04000000,0
1682618400000,0.99980000,0.99990000,0.99970000,0.99970000,23231920.00000000,1682621999999,23226520.58020000,6490,9321657.00000000,9319841.70360000,0
1682622000000,0.99980000,0.99980000,0.99960000,0.99960000,10576583.00000000,1682625599999,10573459.60710000,4624,2690588.00000000,2689980.14660000,0
1682625600000,0.99970000,0.99970000,0.99950000,0.99950000,7785761.00000000,1682629199999,7782686.17180000,2726,4138156.00000000,4136598.94020000,0
1682629200000,0.99950000,0.99970000,0.99950000,0.99970000,2652287.00000000,1682632799999,2651169.49950000,2253,2040709.00000000,2039894.75740000,0
1682632800000,0.99960000,0.99970000,0.99960000,0.99960000,4812266.00000000,1682636399999,4810576.06670000,2059,2349731.00000000,2349026.08070000,0
1682636400000,0.99970000,0.99970000,0.99960000,0.99960000,1479145.00000000,1682639999999,1478645.75180000,1219,924098.00000000,923820.77060000,0
1682640000000,0.99960000,0.99970000,0.99960000,0.99960000,4363124.00000000,1682643599999,4361503.84680000,2275,1250964.00000000,1250588.71080000,0
1682643600000,0.99960000,0.99970000,0.99960000,0.99960000,7549215.00000000,1682647199999,7546521.52260000,3000,3262086.00000000,3261107.37420000,0
1682647200000,0.99960000,0.99970000,0.99960000,0.99960000,3710281.00000000,1682650799999,3708844.99210000,1269,481045.00000000,480900.68650000,0
1682650800000,0.99970000,0.99970000,0.99960000,0.99970000,3295794.00000000,1682654399999,3294561.89120000,1372,862088.00000000,861829.37360000,0
1682654400000,0.99960000,0.99970000,0.99950000,0.99970000,11724536.00000000,1682657999999,11719678.12590000,3452,5551764.00000000,5549654.33670000,0
1682658000000,0.99970000,0.99970000,0.99950000,0.99950000,10606640.00000000,1682661599999,10602101.97690000,3916,6033101.00000000,6030697.59210000,0
1682661600000,0.99960000,0.99970000,0.99950000,0.99950000,9433059.00000000,1682665199999,9428874.98510000,2406,3950442.00000000,3948886.32750000,0
1682665200000,0.99960000,0.99970000,0.99950000,0.99960000,10275272.00000000,1682668799999,10270886.93100000,2456,5857325.00000000,5854987.30940000,0
1682668800000,0.99960000,0.99970000,0.99950000,0.99950000,8574927.00000000,1682672399999,8571508.99050000,3814,1959919.00000000,1959277.47060000,0
1682672400000,0.99960000,0.99970000,0.99950000,0.99950000,11055235.00000000,1682675999999,11050556.62410000,2473,3885455.00000000,3883926.04140000,0
1682676000000,0.99950000,0.99960000,0.99950000,0.99950000,5892671.00000000,1682679599999,5889918.02830000,2289,1933638.00000000,1932864.54480000,0
1682679600000,0.99950000,0.99960000,0.99950000,0.99950000,7128435.00000000,1682683199999,7125109.72810000,2592,2389456.00000000,2388500.21760000,0
1682683200000,0.99950000,0.99960000,0.99950000,0.99950000,16246504.00000000,1682686799999,16239260.06810000,4318,8793201.00000000,8789683.71960000,0
1682686800000,0.99950000,0.99960000,0.99950000,0.99950000,17940405.00000000,1682690399999,17932370.73790000,4936,9359404.00000000,9355660.23840000,0
1682690400000,0.99950000,0.99970000,0.99950000,0.99960000,19847243.00000000,1682693999999,19838707.49290000,5394,12819389.00000000,12814278.57340000,0
1682694000000,0.99970000,0.99990000,0.99950000,0.99960000,45003443.00000000,1682697599999,44988353.19120000,5453,19729476.00000000,19723253.07210000,0
1682697600000,0.99960000,0.99970000,0.99950000,0.99960000,11307479.00000000,1682701199999,11302506.97830000,3254,3795961.00000000,3794450.08290000,0
1682701200000,0.99960000,0.99960000,0.99950000,0.99950000,6090347.00000000,1682704799999,6087561.16990000,2437,2593434.00000000,2592396.62640000,0
1682704800000,0.99950000,0.99960000,0.99950000,0.99950000,7072025.00000000,1682708399999,7068655.61650000,2810,1666290.00000000,1665623.48400000,0
1682708400000,0.99950000,0.99960000,0.99950000,0.99950000,7747766.00000000,1682711999999,7744069.56610000,3507,1774491.00000000,1773781.20360000,0
1682712000000,0.99950000,0.99960000,0.99940000,0.99940000,7481945.00000000,1682715599999,7477947.03180000,1776,3196370.00000000,3194772.31760000,0
1682715600000,0.99940000,0.99950000,0.99920000,0.99930000,23450103.00000000,1682719199999,23434204.57460000,2126,5365571.00000000,5361947.00480000,0
1682719200000,0.99930000,0.99940000,0.99920000,0.99930000,6542976.00000000,1682722799999,6538447.27430000,1792,2092098.00000000,2090685.30130000,0
1682722800000,0.99930000,0.99940000,0.99920000,0.99920000,4526591.00000000,1682726399999,4523260.77800000,1598,2624220.00000000,2622388.87090000,0
1682726400000,0.99920000,0.99940000,0.99920000,0.99930000,8808400.00000000,1682729999999,8802142.97290000,2085,3966008.00000000,3963243.15470000,0
1682730000000,0.99930000,0.99930000,0.99920000,0.99930000,1762512.00000000,1682733599999,1761254.39630000,1215,1524059.00000000,1522992.15870000,0
1682733600000,0.99930000,0.99940000,0.99920000,0.99920000,3755584.00000000,1682737199999,3752851.42770000,1821,1749558.00000000,1748334.58700000,0
1682737200000,0.99930000,0.99930000,0.99920000,0.99920000,1484389.00000000,1682740799999,1483278.86490000,1366,773761.00000000,773219.36730000,0
1682740800000,0.99920000,0.99940000,0.99920000,0.99930000,6789816.00000000,1682744399999,6785020.96340000,2082,3970261.00000000,3967486.20090000,0
1682744400000,0.99930000,0.99940000,0.99930000,0.99930000,5769727.00000000,1682747999999,5765830.41460000,3165,1422235.00000000,1421381.65900000,0
1682748000000,0.99930000,0.99940000,0.99930000,0.99930000,5028596.00000000,1682751599999,5025124.12920000,2329,481464.00000000,481175.12160000,0
1682751600000,0.99930000,0.99940000,0.99930000,0.99930000,4601117.00000000,1682755199999,4597941.33890000,2336,451208.00000000,450937.27520000,0
1682755200000,0.99930000,0.99940000,0.99920000,0.99920000,7041766.00000000,1682758799999,7036795.25810000,2029,2001241.00000000,1999857.52350000,0
1682758800000,0.99930000,0.99930000,0.99920000,0.99930000,1641205.00000000,1682762399999,1639999.17510000,1524,1071391.00000000,1070641.02630000,0
1682762400000,0.99920000,0.99930000,0.99920000,0.99920000,2011746.00000000,1682765999999,2010186.26580000,1330,496626.00000000,496278.36180000,0
1682766000000,0.99920000,0.99930000,0.99920000,0.99930000,3286796.00000000,1682769599999,3284288.00620000,1196,1214430.00000000,1213579.89900000,0
1682769600000,0.99920000,0.99930000,0.99920000,0.99920000,2329229.00000000,1682773199999,2327462.17130000,1356,965545.00000000,964869.11850000,0
1682773200000,0.99930000,0.99930000,0.99920000,0.99920000,5987306.00000000,1682776799999,5982746.10120000,2332,2299460.00000000,2297850.37800000,0
1682776800000,0.99930000,0.99940000,0.99920000,0.99920000,19398871.00000000,1682780399999,19384629.67170000,2597,10110877.00000000,10103783.57640000,0
1682780400000,0.99920000,0.99940000,0.99920000,0.99920000,18182112.00000000,1682783999999,18169223.18410000,2344,11318242.00000000,11310436.93330000,0
1682784000000,0.99920000,0.99930000,0.99920000,0.99930000,3884826.00000000,1682787599999,3881985.72140000,1568,2675822.00000000,2673948.92460000,0
1682787600000,0.99930000,0.99930000,0.99920000,0.99930000,3442874.00000000,1682791199999,3440203.24740000,2220,835466.00000000,834881.17380000,0
1682791200000,0.99920000,0.99930000,0.99920000,0.99930000,1970355.00000000,1682794799999,1968916.30270000,1579,1375867.00000000,1374903.89310000,0
1682794800000,0.99930000,0.99930000,0.99920000,0.99930000,2741262.00000000,1682798399999,2739277.08600000,2076,2080956.00000000,2079499.33080000,0
1682798400000,0.99930000,0.99940000,0.99920000,0.99930000,4515993.00000000,1682801999999,4512766.16830000,1475,3741689.00000000,3739076.55600000,0
1682802000000,0.99930000,0.99940000,0.99930000,0.99930000,2222152.00000000,1682805599999,2220767.33160000,1079,1708380.00000000,1707354.97200000,0
1682805600000,0.99930000,0.99940000,0.99930000,0.99930000,2030863.00000000,1682809199999,2029582.53180000,1286,1411359.00000000,1410512.18460000,0
1682809200000,0.99930000,0.99950000,0.99930000,0.99950000,3363083.00000000,1682812799999,3361029.18080000,1507,2300243.00000000,2298865.01830000,0
1682812800000,0.99940000,0.99950000,0.99930000,0.99950000,4813967.00000000,1682816399999,4811029.32390000,1574,1355970.00000000,1355176.76560000,0
1682816400000,0.99940000,0.99950000,0.99930000,0.99930000,2400158.00000000,1682819999999,2398607.06540000,1353,538769.00000000,538450.56200000,0
1682820000000,0.99930000,0.99940000,0.99930000,0.99940000,1535864.00000000,1682823599999,1534839.79060000,1099,508954.00000000,508648.62760000,0
1682823600000,0.99930000,0.99940000,0.99930000,0.99940000,1566491.00000000,1682827199999,1565475.00000000,884,805437.00000000,804953.73780000,0
1682827200000,0.99940000,0.99940000,0.99930000,0.99930000,3921060.00000000,1682830799999,3918665.80710000,775,3505491.00000000,3503387.70540000,0
1682830800000,0.99930000,0.99940000,0.99930000,0.99930000,1261262.00000000,1682834399999,1260464.14430000,1355,850277.00000000,849766.83380000,0
1682834400000,0.99930000,0.99940000,0.99930000,0.99940000,2318708.00000000,1682837999999,2317133.91580000,1200,490114.00000000,489819.93160000,0
1682838000000,0.99940000,0.99940000,0.99930000,0.99930000,1048242.00000000,1682841599999,1047558.60650000,1029,503759.00000000,503456.74460000,0
1682841600000,0.99940000,0.99940000,0.99930000,0.99930000,1727551.00000000,1682845199999,1726453.08810000,1578,1113738.00000000,1113069.75720000,0
1682845200000,0.99930000,0.99940000,0.99930000,0.99940000,806942.00000000,1682848799999,806422.45160000,1083,453110.00000000,452838.13400000,0
1682848800000,0.99940000,0.99950000,0.99930000,0.99940000,11111495.00000000,1682852399999,11104785.47810000,2418,5256474.00000000,5253322.16030000,0
1682852400000,0.99940000,0.99940000,0.99930000,0.99930000,3118972.00000000,1682855999999,3117017.73930000,1360,2290197.00000000,2288822.88180000,0
1682856000000,0.99930000,0.99940000,0.99930000,0.99940000,1353749.00000000,1682859599999,1352876.54520000,1955,751695.00000000,751243.98300000,0
1682859600000,0.99930000,0.99950000,0.99930000,0.99940000,6020277.00000000,1682863199999,6016631.36950000,2003,3780601.00000000,3778336.74840000,0
1682863200000,0.99940000,0.99950000,0.99930000,0.99940000,2761317.00000000,1682866799999,2759692.20570000,1647,2086258.00000000,2085070.89280000,0
1682866800000,0.99940000,0.99960000,0.99940000,0.99960000,18866718.00000000,1682870399999,18857904.05850000,5498,13190669.00000000,13184700.65800000,0
1682870400000,0.99960000,0.99960000,0.99940000,0.99960000,38939365.00000000,1682873999999,38920412.85050000,3587,7987228.00000000,7983778.05370000,0
1682874000000,0.99950000,0.99960000,0.99950000,0.99950000,10649871.00000000,1682877599999,10644774.41640000,1739,2283519.00000000,2282605.59240000,0
1682877600000,0.99950000,0.99960000,0.99950000,0.99960000,4467703.00000000,1682881199999,4465586.64480000,2037,1174963.00000000,1174493.01480000,0
1682881200000,0.99950000,0.99960000,0.99940000,0.99940000,8446340.00000000,1682884799999,8441775.29920000,4207,998895.00000000,998415.07640000,0
1682884800000,0.99940000,0.99950000,0.99940000,0.99940000,6797464.00000000,1682888399999,6793529.48120000,4027,1439596.00000000,1438876.20200000,0
1682888400000,0.99940000,0.99950000,0.99940000,0.99950000,6192616.00000000,1682891999999,6189307.31760000,1828,4068872.00000000,4066837.56400000,0
1682892000000,0.99950000,0.99950000,0.99940000,0.99940000,3931417.00000000,1682895599999,3929373.49020000,1431,3153404.00000000,3151827.29800000,0
1682895600000,0.99950000,0.99960000,0.99940000,0.99950000,7369366.00000000,1682899199999,7365702.62980000,2512,1982055.00000000,1981133.71760000,0
