1701388800000,0.99990000,0.99990000,0.99980000,0.99980000,9496901.00000000,1701392399999,9495492.19200000,4699,4905722.00000000,4905231.42780000,0
1701392400000,0.99980000,0.99990000,0.99980000,0.99980000,12751874.00000000,1701395999999,12750004.38630000,6711,6807611.00000000,6806930.23890000,0
1701396000000,0.99980000,0.99990000,0.99980000,0.99980000,19561605.00000000,1701399599999,19558820.79290000,4646,11281139.00000000,11280010.88610000,0
1701399600000,0.99990000,0.99990000,0.99980000,0.99980000,9374431.00000000,1701403199999,9373090.50600000,5670,5343922.00000000,5343387.60780000,0
1701403200000,0.99980000,0.99990000,0.99980000,0.99980000,9893201.00000000,1701406799999,9891692.48490000,6295,4701251.00000000,4700780.87490000,0
1701406800000,0.99980000,0.99990000,0.99980000,0.99980000,12322016.00000000,1701410399999,12320064.75590000,5226,5131591.00000000,5131077.84090000,0
1701410400000,0.99980000,0.99990000,0.99980000,0.99980000,15679933.00000000,1701413999999,15677469.95350000,8251,6729401.00000000,6728728.05990000,0
1701414000000,0.99980000,0.99990000,0.99970000,0.99980000,45209921.00000000,1701417599999,45201995.07710000,7930,17111111.00000000,17108901.40020000,0
1701417600000,0.99980000,0.99990000,0.99970000,0.99970000,25456637.00000000,1701421199999,25452328.88360000,8570,8403811.00000000,8402951.33010000,0
1701421200000,0.99980000,0.99980000,0.99960000,0.99960000,38951462.00000000,1701424799999,38938275.79390000,11638,13217856.00000000,13213923.22780000,0
1701424800000,0.99970000,0.99970000,0.99950000,0.99960000,27349863.00000000,1701428399999,27339245.95340000,4114,12317945.00000000,12313349.79450000,0
1701428400000,0.99970000,0.99980000,0.99960000,0.99960000,26208269.00000000,1701431999999,26200046.36640000,4670,16214536.00000000,16209777.44760000,0
1701432000000,0.99960000,0.99980000,0.99960000,0.99970000,15907388.00000000,1701435599999,15903205.58140000,4713,11423093.00000000,11420332.76030000,0
1701435600000,0.99970000,0.99980000,0.99970000,0.99970000,12669871.00000000,1701439199999,12666870.41140000,4264,8003727.00000000,8002126.25460000,0
1701439200000,0.99980000,0.99990000,0.99970000,0.99970000,20528037.00000000,1701442799999,20523194.75120000,6109,9257533.00000000,9255706.09340000,0
1701442800000,0.99970000,0.99990000,0.99970000,0.99970000,25472678.00000000,1701446399999,25467379.15550000,6511,16788604.00000000,16785463.04730000,0
1701446400000,0.99980000,0.99980000,0.99970000,0.99970000,18314843.00000000,1701449999999,18310436.86260000,8619,10883155.00000000,10880978.36900000,0
1701450000000,0.99980000,0.99990000,0.99970000,0.99970000,14615341.00000000,1701453599999,14611860.27730000,5567,6461923.00000000,6460655.33210000,0
1701453600000,0.99980000,0.99980000,0.99970000,0.99970000,9537762.00000000,1701457199999,9535124.04360000,5158,2233722.00000000,2233275.25560000,0
1701457200000,0.99970000,0.99980000,0.99960000,0.99960000,23933614.00000000,1701460799999,23926012.83410000,6060,4865883.00000000,4864455.04340000,0
1701460800000,0.99970000,0.99970000,0.99960000,0.99960000,5240652.00000000,1701464399999,5238735.88300000,3833,1801438.00000000,1800897.56860000,0
1701464400000,0.99960000,0.99970000,0.99960000,0.99960000,4098781.00000000,1701467999999,4097248.02060000,3745,1065330.00000000,1065010.40100000,0
1701468000000,0.99960000,0.99970000,0.99960000,0.99960000,8491779.00000000,1701471599999,8488747.47540000,4288,3651870.00000000,3650774.43900000,0
1701471600000,0.99970000,0.99970000,0.99950000,0.99950000,12603646.00000000,1701475199999,12598746.44290000,5451,1663191.00000000,1662675.74800000,0
1701475200000,0.99960000,0.99960000,0.99950000,0.99960000,6487208.00000000,1701478799999,6484321.21490000,3593,3568189.00000000,3566761.72440000,0
1701478800000,0.99950000,0.99960000,0.99950000,0.99950000,4903911.00000000,1701482399999,4901816.51990000,3512,3574754.00000000,3573324.09840000,0
1701482400000,0.99960000,0.99960000,0.99950000,0.99960000,2762502.00000000,1701485999999,2761293.47570000,2615,1727267.00000000,1726576.09320000,0
1701486000000,0.99960000,0.99960000,0.99950000,0.99950000,7354865.00000000,1701489599999,7351659.23760000,2661,4716701.00000000,4714814.31960000,0
1701489600000,0.99960000,0.99960000,0.99950000,0.99950000,2285958.00000000,1701493199999,2284943.59670000,2009,1285757.00000000,1285242.69720000,0
1701493200000,0.99960000,0.99970000,0.99950000,0.99970000,10075914.00000000,1701496799999,10072040.75950000,3499,5813966.00000000,5811819.35620000,0
1701496800000,0.99970000,0.99970000,0.99960000,0.99960000,7676856.00000000,1701500399999,7673952.92200000,3304,1676644.00000000,1676141.00680000,0
1701500400000,0.99960000,0.99970000,0.99950000,0.99960000,12438852.00000000,1701503999999,12433643.54540000,2779,3308514.00000000,3307277.60010000,0
1701504000000,0.99960000,0.99960000,0.99950000,0.99950000,5581188.00000000,1701507599999,5578809.27700000,2569,4118710.00000000,4117062.51600000,0
1701507600000,0.99950000,0.99960000,0.99940000,0.99950000,23742141.00000000,1701511199999,23730381.25610000,3297,5582444.00000000,5579793.87890000,0
1701511200000,0.99960000,0.99960000,0.99950000,0.99960000,2170023.00000000,1701514799999,2169058.99540000,2626,1210069.00000000,1209584.97240000,0
1701514800000,0.99950000,0.99960000,0.99950000,0.99950000,2085396.00000000,1701518399999,2084490.17100000,2689,1368690.00000000,1368142.52400000,0
1701518400000,0.99950000,0.99960000,0.99950000,0.99950000,4139880.00000000,1701521999999,4138040.63930000,3891,2305793.00000000,2304870.68280000,0
1701522000000,0.99960000,0.99960000,0.99950000,0.99950000,5989999.00000000,1701525599999,5987318.89990000,3436,3148994.00000000,3147734.40240000,0
1701525600000,0.99960000,0.99960000,0.99950000,0.99960000,4552917.00000000,1701529199999,4550908.59450000,3503,2680530.00000000,2679457.78800000,0
1701529200000,0.99950000,0.99960000,0.99950000,0.99950000,3554229.00000000,1701532799999,3552591.90480000,3638,1400193.00000000,1399632.92280000,0
1701532800000,0.99960000,0.99960000,0.99950000,0.99950000,2890818.00000000,1701536399999,2889493.79950000,3655,1212085.00000000,1211600.16600000,0
1701536400000,0.99960000,0.99960000,0.99950000,0.99950000,3304697.00000000,1701539999999,3303159.02170000,2781,1143702.00000000,1143244.51920000,0
1701540000000,0.99960000,0.99970000,0.99950000,0.99960000,11510686.00000000,1701543599999,11505892.11770000,7238,9174705.00000000,9171045.76620000,0
1701543600000,0.99960000,0.99970000,0.99950000,0.99970000,21031269.00000000,1701547199999,21023622.38750000,8871,11980229.00000000,11976271.32210000,0
1701547200000,0.99970000,0.99970000,0.99960000,0.99960000,5769942.00000000,1701550799999,5767836.53260000,3873,2025094.00000000,2024486.47180000,0
1701550800000,0.99960000,0.99970000,0.99950000,0.99950000,11642128.00000000,1701554399999,11637264.54790000,5470,6003395.00000000,6001018.69770000,0
1701554400000,0.99950000,0.99960000,0.99950000,0.99950000,4467208.00000000,1701557999999,4465139.86460000,3115,1654686.00000000,1654024.12560000,0
1701558000000,0.99950000,0.99960000,0.99950000,0.99960000,3628841.00000000,1701561599999,3627180.20870000,2668,1536292.00000000,1535677.48320000,0
1701561600000,0.99950000,0.99960000,0.99950000,0.99960000,5166826.00000000,1701565199999,5164452.39610000,3655,2098091.00000000,2097251.76360000,0
1701565200000,0.99960000,0.99960000,0.99950000,0.99950000,4787131.00000000,1701568799999,4784973.00810000,2649,2355736.00000000,2354793.70560000,0
1701568800000,0.99950000,0.99960000,0.99950000,0.99950000,4021284.00000000,1701572399999,4019453.85260000,3006,1804946.00000000,1804224.02160000,0
1701572400000,0.99950000,0.99960000,0.99950000,0.99950000,4699943.00000000,1701575999999,4697683.70390000,3328,906754.00000000,906391.29840000,0
1701576000000,0.99960000,0.99960000,0.99950000,0.99950000,4863730.00000000,1701579599999,4861621.08700000,2339,3229520.00000000,3228228.19200000,0
1701579600000,0.99950000,0.99960000,0.99950000,0.99960000,6537572.00000000,1701583199999,6534417.67160000,2647,1144576.00000000,1144118.16960000,0
1701583200000,0.99950000,0.99960000,0.99940000,0.99960000,9165439.00000000,1701586799999,9160719.64830000,3458,5551353.00000000,5548580.30490000,0
1701586800000,0.99960000,0.99970000,0.99950000,0.99960000,12453300.00000000,1701590399999,12448261.38850000,2407,11237674.00000000,11233222.09440000,0
1701590400000,0.99970000,0.99970000,0.99960000,0.99960000,3095174.00000000,1701593999999,3094025.39230000,4074,894619.00000000,894350.61430000,0
1701594000000,0.99960000,0.99970000,0.99950000,0.99960000,17498858.00000000,1701597599999,17492025.02510000,3325,9669192.00000000,9665572.78370000,0
1701597600000,0.99970000,0.99970000,0.99960000,0.99970000,2237048.00000000,1701601199999,2236263.41520000,2308,1102344.00000000,1102013.29680000,0
1701601200000,0.99960000,0.99970000,0.99960000,0.99960000,4113164.00000000,1701604799999,4111646.86820000,2876,1281338.00000000,1280953.59860000,0
1701604800000,0.99970000,0.99970000,0.99960000,0.99960000,3118161.00000000,1701608399999,3117020.60530000,3013,1068697.00000000,1068376.39090000,0
1701608400000,0.99960000,0.99970000,0.99960000,0.99970000,6940521.00000000,1701611999999,6938107.21580000,3397,3624242.00000000,3623154.72740000,0
1701612000000,0.99970000,0.99970000,0.99960000,0.99970000,5943670.00000000,1701615599999,5941588.78100000,3476,2962490.00000000,2961601.25300000,0
1701615600000,0.99960000,0.99970000,0.99960000,0.99960000,6187009.00000000,1701619199999,6184856.32570000,3846,3221293.00000000,3220326.61210000,0
1701619200000,0.99960000,0.99970000,0.99960000,0.99970000,10499225.00000000,1701622799999,10495727.69310000,3660,7023831.00000000,7021723.85070000,0
1701622800000,0.99960000,0.99970000,0.99960000,0.99960000,10736348.00000000,1701626399999,10732609.12990000,3041,5556691.00000000,5555023.99270000,0
1701626400000,0.99960000,0.99970000,0.99960000,0.99960000,2807876.00000000,1701629999999,2806933.55950000,2572,1807099.00000000,1806556.87030000,0
1701630000000,0.99960000,0.99970000,0.99960000,0.99960000,4151635.00000000,1701633599999,4150183.06770000,2832,2087217.00000000,2086590.83490000,0
1701633600000,0.99970000,0.99970000,0.99960000,0.99960000,4635408.00000000,1701637199999,4633721.07850000,3201,1672417.00000000,1671915.27490000,0
1701637200000,0.99960000,0.99970000,0.99960000,0.99970000,5488320.00000000,1701640799999,5486527.86930000,2669,4031973.00000000,4030763.40810000,0
1701640800000,0.99970000,0.99980000,0.99960000,0.99970000,18342387.00000000,1701644399999,18336461.13480000,8163,13814794.00000000,13810653.21010000,0
1701644400000,0.99970000,0.99970000,0.99960000,0.99970000,8830843.00000000,1701647999999,8827537.86290000,6252,2272001.00000000,2271319.39970000,0
1701648000000,0.99970000,0.99970000,0.99960000,0.99960000,18961854.00000000,1701651599999,18955347.27790000,6834,10780195.00000000,10776960.94150000,0
1701651600000,0.99970000,0.99970000,0.99960000,0.99960000,18087102.00000000,1701655199999,18080675.68460000,6786,8085254.00000000,8082828.42380000,0
1701655200000,0.99960000,0.99970000,0.99960000,0.99960000,9761350.00000000,1701658799999,9757843.06070000,5256,3976007.00000000,3974814.19790000,0
1701658800000,0.99960000,0.99970000,0.99960000,0.99960000,10068625.00000000,1701662399999,10065055.21110000,3590,4576611.00000000,4575238.01670000,0
1701662400000,0.99970000,0.99970000,0.99960000,0.99960000,16345864.00000000,1701665999999,16340612.08480000,5648,12864304.00000000,12860444.70880000,0
1701666000000,0.99970000,0.99980000,0.99960000,0.99970000,20407211.00000000,1701669599999,20401511.61560000,7243,14368533.00000000,14364743.97900000,0
1701669600000,0.99970000,0.99990000,0.99970000,0.99970000,44851683.00000000,1701673199999,44841958.43360000,10567,18739964.00000000,18736426.33410000,0
1701673200000,0.99970000,0.99980000,0.99960000,0.99970000,15222149.00000000,1701676799999,15217931.33610000,5747,6522467.00000000,6520902.43870000,0
1701676800000,0.99970000,0.99980000,0.99960000,0.99960000,18115280.00000000,1701680399999,18109268.22900000,6691,7187212.00000000,7185091.28620000,0
1701680400000,0.99970000,0.99990000,0.99960000,0.99970000,32624096.00000000,1701683999999,32615153.64600000,7375,21245524.00000000,21239931.80470000,0
1701684000000,0.99970000,0.99980000,0.99960000,0.99960000,22329175.00000000,1701687599999,22323446.36340000,5705,9903233.00000000,9901240.72840000,0
1701687600000,0.99960000,0.99970000,0.99950000,0.99950000,42038576.00000000,1701691199999,42021757.19610000,14954,16076321.00000000,16070677.00490000,0
1701691200000,0.99950000,0.99970000,0.99890000,0.99950000,66816678.00000000,1701694799999,66781798.05380000,16411,31845555.00000000,31829312.04090000,0
1701694800000,0.99950000,0.99980000,0.99950000,0.99970000,40668783.00000000,1701698399999,40655501.73600000,10761,26189382.00000000,26181438.38420000,0
1701698400000,0.99980000,0.99990000,0.99960000,0.99980000,41260584.00000000,1701701999999,41250727.91230000,9392,25464577.00000000,25459367.39360000,0
1701702000000,0.99980000,1.00000000,0.99980000,0.99980000,38485167.00000000,1701705599999,38480292.64540000,12726,22954299.00000000,22952025.62430000,0
1701705600000,0.99980000,1.00000000,0.99980000,0.99990000,27215013.00000000,1701709199999,27213523.69720000,8519,20120723.00000000,20120042.00960000,0
1701709200000,1.00000000,1.00000000,0.99990000,0.99990000,11382608.00000000,1701712799999,11382198.96920000,4349,7292300.00000000,7292300.00000000,0
1701712800000,1.00000000,1.00000000,0.99990000,0.99990000,11535347.00000000,1701716399999,11534975.60570000,5194,7821404.00000000,7821404.00000000,0
1701716400000,1.00000000,1.00000000,0.99990000,1.00000000,13368350.00000000,1701719999999,13367872.18010000,3948,8590151.00000000,8590151.00000000,0
1701720000000,0.99990000,1.00000000,0.99990000,0.99990000,11279788.00000000,1701723599999,11279328.04600000,4550,6680248.00000000,6680248.00000000,0
1701723600000,1.00000000,1.00000000,0.99990000,0.99990000,6994062.00000000,1701727199999,6993672.88290000,4081,3102891.00000000,3102891.00000000,0
1701727200000,1.00000000,1.00010000,0.99990000,0.99990000,20858406.00000000,1701730799999,20857683.54440000,8659,9385790.00000000,9385865.11810000,0
1701730800000,0.99990000,1.00000000,0.99990000,1.00000000,15192576.00000000,1701734399999,15191742.76250000,7617,6860201.00000000,6860201.00000000,0
1701734400000,1.00000000,1.00020000,0.99990000,0.99990000,42918644.00000000,1701737999999,42919847.40710000,13289,25944941.00000000,25945965.73820000,0
1701738000000,1.00000000,1.00000000,0.99980000,0.99990000,32721560.00000000,1701741599999,32718946.59330000,12712,17098421.00000000,17097398.05880000,0
1701741600000,1.00000000,1.00000000,0.99980000,0.99990000,18954082.00000000,1701745199999,18952419.80920000,9011,11126427.00000000,11125706.21020000,0
1701745200000,1.00000000,1.00000000,0.99980000,0.99990000,19713158.00000000,1701748799999,19711335.09620000,7398,13856482.00000000,13855561.75220000,0
1701748800000,1.00000000,1.00000000,0.99990000,0.99990000,9976643.00000000,1701752399999,9976265.44420000,3676,6201085.00000000,6201085.00000000,0
1701752400000,1.00000000,1.00000000,0.99990000,0.99990000,5749452.00000000,1701755999999,5749067.64450000,3428,1905897.00000000,1905897.00000000,0
1701756000000,0.99990000,1.00000000,0.99990000,0.99990000,9433201.00000000,1701759599999,9432635.99320000,4060,3783133.00000000,3783133.00000000,0
1701759600000,0.99990000,1.00000000,0.99980000,0.99990000,26844658.00000000,1701763199999,26842290.23720000,9287,9767701.00000000,9767090.30460000,0
1701763200000,0.99980000,0.99990000,0.99980000,0.99980000,19634899.00000000,1701766799999,19631791.99240000,9596,8199722.00000000,8198902.02780000,0
1701766800000,0.99980000,0.99990000,0.99970000,0.99980000,14872758.00000000,1701770399999,14870063.31940000,4267,7273263.00000000,7272096.38280000,0
1701770400000,0.99990000,1.00000000,0.99980000,0.99990000,22577323.00000000,1701773999999,22574742.22620000,4362,17328991.00000000,17327374.69280000,0
1701774000000,0.99990000,1.00000000,0.99980000,0.99980000,20773004.00000000,1701777599999,20771043.03860000,5748,10636736.00000000,10635964.97600000,0
1701777600000,0.99980000,0.99990000,0.99980000,0.99990000,18071931.00000000,1701781199999,18069803.38620000,5879,14867724.00000000,14866237.22760000,0
1701781200000,0.99990000,1.00000000,0.99980000,1.00000000,16252498.00000000,1701784799999,16251544.03110000,5722,10112478.00000000,10112146.65710000,0
1701784800000,0.99990000,1.00000000,0.99990000,0.99990000,20719111.00000000,1701788399999,20718390.66060000,6249,13515717.00000000,13515717.00000000,0
1701788400000,1.00000000,1.00000000,0.99990000,0.99990000,19449317.00000000,1701791999999,19448471.58320000,8154,10995149.00000000,10995149.00000000,0
1701792000000,1.00000000,1.00000000,0.99990000,0.99990000,16900347.00000000,1701795599999,16899564.11460000,7827,9071493.00000000,9071493.00000000,0
1701795600000,0.99990000,1.00010000,0.99990000,1.00000000,44036259.00000000,1701799199999,44035202.53390000,18829,23567426.00000000,23567874.73120000,0
1701799200000,1.00010000,1.00010000,0.99990000,1.00000000,27155392.00000000,1701802799999,27155317.89080000,14815,13626295.00000000,13626563.47190000,0
1701802800000,0.99990000,1.00020000,0.99990000,1.00000000,34599920.00000000,1701806399999,34601502.17880000,11374,21537346.00000000,21538512.05740000,0
1701806400000,1.00000000,1.00010000,0.99990000,0.99990000,31472181.00000000,1701809999999,31472173.72270000,9231,12098505.00000000,12098774.07450000,0
1701810000000,1.00000000,1.00000000,0.99980000,0.99980000,25738306.00000000,1701813599999,25736596.84590000,10037,8681764.00000000,8681760.50120000,0
1701813600000,0.99990000,1.00000000,0.99980000,0.99990000,28339178.00000000,1701817199999,28335549.20690000,8742,17192434.00000000,17190860.39830000,0
1701817200000,1.00000000,1.00000000,0.99970000,0.99990000,29239182.00000000,1701820799999,29234745.11520000,12756,6645864.00000000,6644900.21380000,0
1701820800000,0.99980000,0.99990000,0.99970000,0.99990000,18112924.00000000,1701824399999,18109663.39910000,9460,9936086.00000000,9934608.66480000,0
1701824400000,0.99980000,0.99990000,0.99970000,0.99970000,15666730.00000000,1701827999999,15663673.41520000,11374,4399940.00000000,4399316.37250000,0
1701828000000,0.99970000,0.99980000,0.99970000,0.99980000,10814737.00000000,1701831599999,10812109.97850000,6540,6173996.00000000,6172761.20080000,0
1701831600000,0.99980000,0.99980000,0.99970000,0.99980000,10266779.00000000,1701835199999,10264294.46740000,5425,5955011.00000000,5953819.99780000,0
1701835200000,0.99980000,0.99980000,0.99970000,0.99980000,6421300.00000000,1701838799999,6419804.97280000,4733,4313628.00000000,4312765.27440000,0
1701838800000,0.99980000,1.00000000,0.99970000,0.99990000,29148995.00000000,1701842399999,29145197.03320000,6861,21972125.00000000,21969624.65200000,0
1701842400000,1.00000000,1.00010000,0.99980000,0.99980000,31467844.00000000,1701845999999,31465788.89570000,6767,17159239.00000000,17158533.22370000,0
1701846000000,0.99990000,1.00000000,0.99980000,0.99990000,16243326.00000000,1701849599999,16242176.50660000,5954,7418540.00000000,7418299.19030000,0
1701849600000,1.00000000,1.00000000,0.99990000,1.00000000,18108130.00000000,1701853199999,18107505.20180000,6438,11860148.00000000,11860148.00000000,0
1701853200000,1.00000000,1.00000000,0.99990000,0.99990000,14001435.00000000,1701856799999,14000633.57840000,6277,5987219.00000000,5987219.00000000,0
1701856800000,1.00000000,1.00010000,0.99990000,1.00000000,20767508.00000000,1701860399999,20767199.01140000,8007,10904124.00000000,10904175.87650000,0
1701860400000,1.00000000,1.00000000,0.99990000,1.00000000,13556103.00000000,1701863999999,13555119.10710000,8453,3717174.00000000,3717174.00000000,0
1701864000000,0.99990000,1.00000000,0.99980000,1.00000000,27695183.00000000,1701867599999,27693037.70410000,9519,12501303.00000000,12500714.17480000,0
1701867600000,0.99990000,1.00000000,0.99990000,1.00000000,13491101.00000000,1701871199999,13490482.55300000,6695,7306631.00000000,7306631.00000000,0
1701871200000,0.99990000,1.00000000,0.99990000,1.00000000,23075875.00000000,1701874799999,23074949.72830000,7352,13823158.00000000,13823158.00000000,0
1701874800000,1.00000000,1.00020000,0.99990000,1.00000000,36142562.00000000,1701878399999,36142516.31410000,7671,20153140.00000000,20153324.34000000,0
1701878400000,1.00000000,1.00010000,0.99990000,1.00010000,26762098.00000000,1701881999999,26762321.61690000,8746,19985168.00000000,19985626.97010000,0
1701882000000,1.00000000,1.00020000,1.00000000,1.00010000,21865841.00000000,1701885599999,21868394.57740000,8665,11049518.00000000,11051056.31410000,0
1701885600000,1.00000000,1.00010000,0.99990000,0.99990000,14999017.00000000,1701889199999,14999273.69050000,6496,2727347.00000000,2727608.95020000,0
1701889200000,1.00000000,1.00010000,0.99990000,1.00000000,12832471.00000000,1701892799999,12832212.04950000,6899,8768556.00000000,8768572.98570000,0
1701892800000,0.99990000,1.00010000,0.99990000,1.00000000,18782611.00000000,1701896399999,18782106.66250000,6710,11052675.00000000,11052698.14470000,0
1701896400000,1.00000000,1.00010000,0.99990000,0.99990000,9691603.00000000,1701899999999,9690961.20680000,5527,2746454.00000000,2746454.67610000,0
1701900000000,0.99990000,1.00000000,0.99990000,0.99990000,8937001.00000000,1701903599999,8936353.19610000,6168,2458962.00000000,2458962.00000000,0
1701903600000,1.00000000,1.00000000,0.99990000,0.99990000,10602268.00000000,1701907199999,10601927.28930000,4135,7195161.00000000,7195161.00000000,0
1701907200000,0.99990000,1.00000000,0.99990000,1.00000000,5509342.00000000,1701910799999,5509100.59880000,4630,3095330.00000000,3095330.00000000,0
1701910800000,0.99990000,1.00000000,0.99990000,1.00000000,3746237.00000000,1701914399999,3745995.44720000,3873,1330709.00000000,1330709.00000000,0
1701914400000,0.99990000,1.00000000,0.99990000,1.00000000,3277523.00000000,1701917999999,3277331.28940000,3434,1360417.00000000,1360417.00000000,0
1701918000000,0.99990000,1.00000000,0.99990000,1.00000000,9422992.00000000,1701921599999,9422665.82420000,5182,6161234.00000000,6161234.00000000,0
1701921600000,0.99990000,1.00010000,0.99990000,1.00010000,22726473.00000000,1701925199999,22726150.50950000,6566,19158397.00000000,19158403.46090000,0
1701925200000,1.00010000,1.00010000,0.99990000,1.00000000,14156986.00000000,1701928799999,14157205.07450000,5166,8137218.00000000,8137464.04790000,0
1701928800000,1.00010000,1.00010000,1.00000000,1.00000000,13135552.00000000,1701932399999,13136125.73110000,5415,5737311.00000000,5737884.73110000,0
1701932400000,1.00010000,1.00010000,0.99990000,1.00000000,12795920.00000000,1701935999999,12796175.31180000,4512,3241244.00000000,3241534.05090000,0
1701936000000,1.00000000,1.00000000,0.99990000,0.99990000,18523955.00000000,1701939599999,18523027.54910000,6151,9249446.00000000,9249446.00000000,0
1701939600000,1.00000000,1.00000000,0.99980000,0.99990000,41441530.00000000,1701943199999,41437522.08900000,13589,14517310.00000000,14516286.77200000,0
1701943200000,0.99990000,1.00000000,0.99980000,0.99990000,8974964.00000000,1701946799999,8973887.25260000,4480,6210177.00000000,6209571.83760000,0
1701946800000,0.99990000,1.00000000,0.99980000,0.99980000,13547599.00000000,1701950399999,13546024.81330000,5005,7904604.00000000,7903814.20610000,0
1701950400000,0.99990000,0.99990000,0.99980000,0.99980000,12860028.00000000,1701953999999,12858445.90990000,5045,9899155.00000000,9898165.08450000,0
1701954000000,0.99990000,0.99990000,0.99980000,0.99980000,25669349.00000000,1701957599999,25665700.53650000,7348,14854063.00000000,14852577.59370000,0
1701957600000,0.99990000,1.00000000,0.99980000,0.99990000,21491156.00000000,1701961199999,21489210.67130000,7664,11850982.00000000,11850106.08860000,0
1701961200000,1.00000000,1.00000000,0.99990000,1.00000000,27874477.00000000,1701964799999,27873374.24930000,9442,16846970.00000000,16846970.00000000,0
1701964800000,0.99990000,1.00000000,0.99990000,1.00000000,34359399.00000000,1701968399999,34357901.98850000,9928,19389284.00000000,19389284.00000000,0
1701968400000,1.00000000,1.00000000,0.99980000,0.99980000,40945474.00000000,1701971999999,40940862.70940000,13451,7170431.00000000,7170277.41120000,0
1701972000000,0.99980000,0.99990000,0.99970000,0.99990000,30261173.00000000,1701975599999,30256330.56900000,6078,16733450.00000000,16731361.52800000,0
1701975600000,0.99980000,0.99990000,0.99980000,0.99990000,19949270.00000000,1701979199999,19946226.93030000,5708,9467843.00000000,9466896.21570000,0
1701979200000,0.99990000,1.00000000,0.99980000,0.99990000,23541519.00000000,1701982799999,23538999.18180000,6934,14067264.00000000,14066005.01340000,0
1701982800000,0.99990000,1.00000000,0.99970000,0.99980000,36644944.00000000,1701986399999,36639488.47260000,10496,7047187.00000000,7046246.86330000,0
1701986400000,0.99970000,0.99980000,0.99960000,0.99960000,35230405.00000000,1701989999999,35219807.66180000,7299,12013480.00000000,12010078.60790000,0
1701990000000,0.99960000,0.99980000,0.99960000,0.99980000,14764608.00000000,1701993599999,14761113.79240000,4268,12232656.00000000,12229939.16670000,0
1701993600000,0.99980000,0.99980000,0.99970000,0.99970000,11444343.00000000,1701997199999,11441342.85500000,4307,4331579.00000000,4330712.68420000,0
1701997200000,0.99970000,0.99980000,0.99970000,0.99970000,10104210.00000000,1702000799999,10101739.51510000,4546,5607781.00000000,5606659.44380000,0
1702000800000,0.99970000,0.99980000,0.99970000,0.99970000,12810257.00000000,1702004399999,12807121.08260000,5087,7071597.00000000,7070182.68060000,0
1702004400000,0.99970000,0.99980000,0.99970000,0.99970000,16745590.00000000,1702007999999,16741700.64730000,5924,11343243.00000000,11340974.35140000,0
1702008000000,0.99980000,0.99990000,0.99970000,0.99980000,23378480.00000000,1702011599999,23375103.41540000,5079,17844085.00000000,17841825.99970000,0
1702011600000,0.99980000,0.99990000,0.99980000,0.99980000,11477204.00000000,1702015199999,11475545.56500000,4252,6370058.00000000,6369420.99420000,0
1702015200000,0.99980000,0.99990000,0.99980000,0.99980000,10520412.00000000,1702018799999,10518798.02370000,3822,4901061.00000000,4900570.89390000,0
1702018800000,0.99990000,1.00020000,0.99980000,1.00000000,58574546.00000000,1702022399999,58573213.50590000,8843,32099133.00000000,32098697.89800000,0
1702022400000,0.99990000,1.00000000,0.99980000,0.99990000,32374236.00000000,1702025999999,32370394.22880000,5671,17474969.00000000,17473318.93190000,0
1702026000000,0.99990000,1.00000000,0.99980000,0.99980000,18058130.00000000,1702029599999,18056248.21680000,4750,5567877.00000000,5567506.40020000,0
1702029600000,0.99980000,0.99990000,0.99980000,0.99980000,12160345.00000000,1702033199999,12158648.33080000,4509,7353998.00000000,7353262.60020000,0
1702033200000,0.99980000,1.00000000,0.99980000,0.99990000,21111551.00000000,1702036799999,21109571.29990000,7135,13225473.00000000,13224544.98930000,0
1702036800000,0.99990000,1.00000000,0.99980000,0.99980000,19737227.00000000,1702040399999,19735489.03560000,8744,8238552.00000000,8238112.15680000,0
1702040400000,0.99980000,1.00000000,0.99980000,0.99990000,26159012.00000000,1702043999999,26156073.29870000,8041,16833142.00000000,16831663.37570000,0
1702044000000,0.99990000,1.00000000,0.99980000,0.99990000,35435141.00000000,1702047599999,35432443.70730000,7511,19842252.00000000,19841270.16000000,0
1702047600000,1.00000000,1.00020000,0.99990000,0.99990000,39159455.00000000,1702051199999,39159017.63490000,8095,20230817.00000000,20230947.58460000,0
1702051200000,0.99990000,1.00000000,0.99990000,0.99990000,17946670.00000000,1702054799999,17945753.43180000,7696,8780988.00000000,8780988.00000000,0
1702054800000,0.99990000,1.00000000,0.99980000,0.99990000,27972666.00000000,1702058399999,27970423.08980000,10737,13711435.00000000,13710759.26380000,0
1702058400000,0.99990000,1.00000000,0.99980000,0.99990000,20130198.00000000,1702061999999,20127897.09000000,5500,10845259.00000000,10844188.94760000,0
1702062000000,0.99990000,1.00000000,0.99980000,0.99980000,20939141.00000000,1702065599999,20936419.99810000,7051,3549178.00000000,3548843.80590000,0
1702065600000,0.99990000,0.99990000,0.99970000,0.99970000,40276758.00000000,1702069199999,40269327.31580000,8845,14304848.00000000,14303015.13760000,0
1702069200000,0.99980000,0.99990000,0.99960000,0.99980000,41860283.00000000,1702072799999,41847890.60480000,9924,14253580.00000000,14249859.52410000,0
1702072800000,0.99990000,0.99990000,0.99970000,0.99970000,21293935.00000000,1702076399999,21289025.80040000,6827,4698355.00000000,4697497.36370000,0
1702076400000,0.99970000,0.99980000,0.99970000,0.99970000,11634144.00000000,1702079999999,11631122.47870000,5385,4687219.00000000,4686281.55620000,0
1702080000000,0.99980000,0.99980000,0.99970000,0.99970000,11297117.00000000,1702083599999,11294470.98070000,6320,7431158.00000000,7429671.76840000,0
1702083600000,0.99970000,0.99980000,0.99970000,0.99980000,15238288.00000000,1702087199999,15234209.98740000,7142,4934738.00000000,4933751.05240000,0
1702087200000,0.99980000,0.99980000,0.99960000,0.99980000,21287189.00000000,1702090799999,21281093.29450000,4854,12671007.00000000,12667516.78060000,0
1702090800000,0.99970000,0.99980000,0.99970000,0.99980000,6441208.00000000,1702094399999,6439610.70160000,3947,3350640.00000000,3349969.87200000,0
1702094400000,0.99970000,0.99980000,0.99970000,0.99970000,5565985.00000000,1702097999999,5564628.82880000,2828,3136243.00000000,3135615.75140000,0
1702098000000,0.99970000,0.99980000,0.99970000,0.99980000,9399669.00000000,1702101599999,9397251.64290000,4078,4025436.00000000,4024630.91280000,0
1702101600000,0.99970000,0.99980000,0.99970000,0.99980000,13332972.00000000,1702105199999,13329680.91320000,4456,7088048.00000000,7086630.39040000,0
1702105200000,0.99980000,0.99980000,0.99970000,0.99970000,8675256.00000000,1702108799999,8673164.31660000,3801,5108934.00000000,5107912.21320000,0
1702108800000,0.99970000,0.99980000,0.99970000,0.99970000,14298673.00000000,1702112399999,14294976.97120000,9118,5935731.00000000,5934543.85380000,0
1702112400000,0.99970000,0.99980000,0.99960000,0.99970000,19888800.00000000,1702115999999,19883320.90700000,8345,5322751.00000000,5321675.75180000,0
1702116000000,0.99970000,0.99980000,0.99960000,0.99980000,19144921.00000000,1702119599999,19138772.81560000,6012,13227625.00000000,13223716.90960000,0
1702119600000,0.99980000,0.99980000,0.99970000,0.99970000,8330736.00000000,1702123199999,8328609.11280000,5074,3723336.00000000,3722591.33280000,0
1702123200000,0.99970000,0.99980000,0.99970000,0.99970000,9571139.00000000,1702126799999,9568656.30290000,6326,3886446.00000000,3885668.71080000,0
1702126800000,0.99970000,0.99980000,0.99960000,0.99970000,13261379.00000000,1702130399999,13257642.67820000,6133,3686355.00000000,3685520.70690000,0
1702130400000,0.99970000,0.99970000,0.99960000,0.99970000,13055095.00000000,1702133999999,13050660.97690000,7126,7880149.00000000,7877784.95530000,0
1702134000000,0.99970000,0.99980000,0.99960000,0.99980000,16260885.00000000,1702137599999,16256090.29550000,6499,10147220.00000000,10144401.19000000,0
1702137600000,0.99980000,0.99980000,0.99970000,0.99980000,17775969.00000000,1702141199999,17771568.25440000,7483,9320451.00000000,9318586.90980000,0
1702141200000,0.99980000,0.99980000,0.99960000,0.99970000,23399309.00000000,1702144799999,23392170.11560000,7600,7478960.00000000,7476984.77710000,0
1702144800000,0.99960000,0.99970000,0.99960000,0.99970000,9432981.00000000,1702148399999,9429820.28080000,4980,6124732.00000000,6122894.58040000,0
1702148400000,0.99970000,0.99980000,0.99960000,0.99970000,7080648.00000000,1702151999999,7078288.34160000,3608,3716329.00000000,3715214.16620000,0
1702152000000,0.99970000,0.99980000,0.99960000,0.99970000,10729616.00000000,1702155599999,10726049.49850000,4185,6903592.00000000,6901538.34290000,0
1702155600000,0.99970000,0.99980000,0.99970000,0.99970000,5662339.00000000,1702159199999,5660859.65460000,3262,2193563.00000000,2193124.28740000,0
1702159200000,0.99970000,0.99980000,0.99970000,0.99970000,5562298.00000000,1702162799999,5560897.58110000,3803,2682705.00000000,2682168.45900000,0
1702162800000,0.99970000,0.99980000,0.99960000,0.99960000,18417767.00000000,1702166399999,18411872.16910000,7021,6643528.00000000,6641610.03430000,0
1702166400000,0.99970000,0.99990000,0.99960000,0.99990000,27588785.00000000,1702169999999,27582415.13990000,10367,23641189.00000000,23636009.28210000,0
1702170000000,0.99990000,0.99990000,0.99980000,0.99990000,6598263.00000000,1702173599999,6597323.52430000,4133,3801769.00000000,3801388.82310000,0
1702173600000,0.99990000,0.99990000,0.99980000,0.99980000,4355127.00000000,1702177199999,4354473.39660000,3818,2174220.00000000,2174002.57800000,0
1702177200000,0.99990000,0.99990000,0.99980000,0.99980000,4852461.00000000,1702180799999,4851885.52750000,4501,3950197.00000000,3949801.98030000,0
1702180800000,0.99980000,0.99990000,0.99980000,0.99990000,5706383.00000000,1702184399999,5705677.09110000,4987,4353677.00000000,4353241.63230000,0
1702184400000,0.99990000,1.00000000,0.99980000,0.99980000,7903755.00000000,1702187999999,7902882.78220000,4244,5139471.00000000,5138961.43620000,0
1702188000000,0.99980000,0.99990000,0.99980000,0.99990000,4134686.00000000,1702191599999,4134087.56310000,4017,2285003.00000000,2284774.49970000,0
1702191600000,0.99990000,1.00000000,0.99980000,1.00000000,9142214.00000000,1702195199999,9141200.07300000,4598,3812312.00000000,3812061.63030000,0
1702195200000,1.00000000,1.00000000,0.99980000,0.99990000,10207639.00000000,1702198799999,10206481.97950000,4574,3908485.00000000,3908238.53640000,0
1702198800000,0.99990000,0.99990000,0.99980000,0.99980000,13139750.00000000,1702202399999,13138068.65490000,5996,9466049.00000000,9465102.39510000,0
1702202400000,0.99980000,0.99990000,0.99980000,0.99990000,7007649.00000000,1702205999999,7006473.86010000,3911,2263899.00000000,2263672.61010000,0
1702206000000,0.99990000,0.99990000,0.99980000,0.99980000,3119987.00000000,1702209599999,3119518.76830000,2988,1557657.00000000,1557501.23430000,0
1702209600000,0.99990000,0.99990000,0.99980000,0.99980000,6064780.00000000,1702213199999,6064077.31120000,3953,5102672.00000000,5102161.73280000,0
1702213200000,0.99990000,1.00000000,0.99980000,1.00000000,11764995.00000000,1702216799999,11763743.93740000,3577,9574044.00000000,9573132.10390000,0
1702216800000,1.00000000,1.00020000,0.99990000,0.99990000,32121371.00000000,1702220399999,32121511.90040000,4278,20255206.00000000,20255347.24990000,0
1702220400000,0.99990000,1.00020000,0.99990000,1.00000000,32282670.00000000,1702223999999,32283147.17460000,6100,22393298.00000000,22393702.49240000,0
1702224000000,1.00000000,1.00010000,0.99990000,0.99990000,10263709.00000000,1702227599999,10263495.25740000,4444,7352699.00000000,7352701.34470000,0
1702227600000,1.00000000,1.00010000,0.99990000,0.99990000,8172036.00000000,1702231199999,8171837.79620000,4632,5147162.00000000,5147163.40240000,0
1702231200000,1.00000000,1.00010000,0.99990000,0.99990000,8686314.00000000,1702234799999,8686296.52090000,4617,5304075.00000000,5304128.01980000,0
1702234800000,1.00000000,1.00000000,0.99990000,1.00000000,10914838.00000000,1702238399999,10914677.52990000,4553,9310137.00000000,9310137.00000000,0
1702238400000,0.99990000,1.00010000,0.99990000,1.00010000,8896801.00000000,1702241999999,8896882.16650000,5278,6917489.00000000,6917696.25110000,0
1702242000000,1.00010000,1.00010000,1.00000000,1.00000000,9056461.00000000,1702245599999,9056952.27980000,5330,4912798.00000000,4913289.27980000,0
1702245600000,1.00010000,1.00010000,1.00000000,1.00000000,9753178.00000000,1702249199999,9753456.92650000,4502,2789265.00000000,2789543.92650000,0
1702249200000,1.00000000,1.00000000,0.99990000,0.99990000,5805426.00000000,1702252799999,5805045.56230000,3839,1966980.00000000,1966980.00000000,0
1702252800000,1.00000000,1.00000000,0.99980000,0.99980000,17926202.00000000,1702256399999,17924344.87450000,6578,6342037.00000000,6341567.02810000,0
1702256400000,0.99980000,1.00010000,0.99980000,1.00000000,31185030.00000000,1702259999999,31182101.06110000,13889,20415069.00000000,20414021.93270000,0
1702260000000,1.00000000,1.00010000,0.99970000,0.99980000,55850486.00000000,1702263599999,55843223.88990000,24096,17287803.00000000,17286463.94100000,0
1702263600000,0.99980000,0.99990000,0.99970000,0.99980000,34980252.00000000,1702267199999,34972879.47600000,13109,17060220.00000000,17056996.13030000,0
1702267200000,0.99990000,0.99990000,0.99980000,0.99980000,20244407.00000000,1702270799999,20241773.30950000,7094,14151909.00000000,14150493.80910000,0
1702270800000,0.99990000,1.00000000,0.99980000,0.99990000,32366496.00000000,1702274399999,32362775.82920000,11029,20657340.00000000,20655486.17900000,0
1702274400000,1.00000000,1.00000000,0.99990000,1.00000000,25840485.00000000,1702277999999,25839195.46760000,11489,12945161.00000000,12945161.00000000,0
1702278000000,1.00000000,1.00020000,0.99990000,1.00000000,39705586.00000000,1702281599999,39708014.89880000,14806,29007811.00000000,29010075.88380000,0
1702281600000,1.00000000,1.00020000,1.00000000,1.00010000,23073411.00000000,1702285199999,23074963.18500000,9567,14094014.00000000,14095506.46160000,0
1702285200000,1.00010000,1.00020000,1.00000000,1.00010000,28543851.00000000,1702288799999,28547574.92220000,8713,15051353.00000000,15053768.45580000,0
1702288800000,1.00010000,1.00020000,1.00000000,1.00000000,9936606.00000000,1702292399999,9937135.16610000,5584,3350258.00000000,3350613.88980000,0
1702292400000,1.00000000,1.00010000,0.99990000,0.99990000,29134491.00000000,1702295999999,29134605.37290000,7073,7486740.00000000,7487160.48710000,0
1702296000000,0.99990000,1.00030000,0.99990000,1.00000000,45571382.00000000,1702299599999,45573427.32950000,11866,28277533.00000000,28279021.05520000,0
1702299600000,1.00000000,1.00020000,0.99990000,1.00010000,34654621.00000000,1702303199999,34655940.45750000,13138,18575701.00000000,18576936.06120000,0
1702303200000,1.00020000,1.00050000,1.00010000,1.00040000,62477342.00000000,1702306799999,62495930.80220000,17199,40420476.00000000,40432693.40270000,0
1702306800000,1.00040000,1.00050000,1.00020000,1.00040000,57971892.00000000,1702310399999,57990930.19370000,14503,29570838.00000000,29581331.34820000,0
1702310400000,1.00050000,1.00060000,1.00030000,1.00040000,44629330.00000000,1702313999999,44649195.50380000,14636,24117788.00000000,24129199.72600000,0
1702314000000,1.00040000,1.00060000,1.00030000,1.00040000,37139149.00000000,1702317599999,37155354.35710000,9985,21419509.00000000,21429398.96590000,0
1702317600000,1.00050000,1.00090000,1.00040000,1.00080000,72998608.00000000,1702321199999,73048035.77960000,18914,41420798.00000000,41449549.38960000,0
1702321200000,1.00090000,1.00100000,1.00060000,1.00080000,33763774.00000000,1702324799999,33790523.87790000,12184,18182627.00000000,18197638.73680000,0
1702324800000,1.00090000,1.00090000,1.00070000,1.00080000,17268421.00000000,1702328399999,17282776.20830000,8103,6434541.00000000,6440243.10930000,0
1702328400000,1.00080000,1.00090000,1.00060000,1.00060000,16469705.00000000,1702331999999,16481866.00680000,8796,6300455.00000000,6305387.12160000,0
1702332000000,1.00070000,1.00070000,1.00050000,1.00050000,11028642.00000000,1702335599999,11034949.21050000,5956,5453670.00000000,5457000.75450000,0
1702335600000,1.00050000,1.00060000,1.00040000,1.00040000,13078606.00000000,1702339199999,13084641.23150000,6338,4026924.00000000,4028966.95080000,0
1702339200000,1.00050000,1.00060000,1.00040000,1.00040000,13947834.00000000,1702342799999,13954539.97790000,8359,8892326.00000000,8896829.49300000,0
1702342800000,1.00050000,1.00050000,1.00040000,1.00040000,10826267.00000000,1702346399999,10831287.82650000,9544,6903197.00000000,6906648.59850000,0
1702346400000,1.00050000,1.00050000,1.00010000,1.00020000,57261168.00000000,1702349999999,57277879.75030000,13954,24240827.00000000,24248317.36590000,0
1702350000000,1.00020000,1.00030000,1.00020000,1.00020000,23623515.00000000,1702353599999,23629333.22310000,8472,10935201.00000000,10938481.56030000,0
1702353600000,1.00030000,1.00060000,1.00020000,1.00050000,31177232.00000000,1702357199999,31189063.01190000,5630,22909758.00000000,22918857.04170000,0
1702357200000,1.00040000,1.00050000,1.00040000,1.00040000,8563016.00000000,1702360799999,8566803.41720000,4638,3622108.00000000,3623919.05400000,0
1702360800000,1.00050000,1.00050000,1.00030000,1.00030000,19283709.00000000,1702364399999,19290975.98050000,10583,6206816.00000000,6209407.62520000,0
1702364400000,1.00040000,1.00040000,1.00020000,1.00030000,26179817.00000000,1702367999999,26187516.26780000,13878,12746221.00000000,12750398.74550000,0
1702368000000,1.00030000,1.00030000,1.00020000,1.00020000,14579558.00000000,1702371599999,14583353.42360000,9869,8795120.00000000,8797758.53600000,0
1702371600000,1.00030000,1.00030000,1.00020000,1.00020000,11393059.00000000,1702375199999,11395855.67310000,6453,5180613.00000000,5182167.18390000,0
1702375200000,1.00030000,1.00030000,1.00020000,1.00020000,19458852.00000000,1702378799999,19463748.68810000,6588,10049177.00000000,10052191.75310000,0
1702378800000,1.00030000,1.00030000,1.00000000,1.00020000,42386049.00000000,1702382399999,42392638.52530000,12029,20771510.00000000,20775436.96560000,0
1702382400000,1.00020000,1.00030000,1.00020000,1.00020000,16240099.00000000,1702385999999,16244021.75290000,8869,6747331.00000000,6749355.19930000,0
1702386000000,1.00030000,1.00030000,1.00020000,1.00020000,25656578.00000000,1702389599999,25662599.56960000,11097,8902540.00000000,8905210.76200000,0
1702389600000,1.00030000,1.00030000,1.00020000,1.00020000,25374660.00000000,1702393199999,25381273.89150000,14504,15389595.00000000,15394211.87850000,0
1702393200000,1.00030000,1.00050000,1.00020000,1.00040000,31789611.00000000,1702396799999,31802771.13110000,12933,21909403.00000000,21918961.78660000,0
1702396800000,1.00040000,1.00090000,1.00040000,1.00070000,35916785.00000000,1702400399999,35939931.81880000,15185,21098174.00000000,21112131.08590000,0
1702400400000,1.00070000,1.00080000,1.00060000,1.00070000,30425610.00000000,1702403999999,30446747.90840000,10464,12511875.00000000,12521053.45970000,0
1702404000000,1.00070000,1.00090000,1.00060000,1.00070000,34089589.00000000,1702407599999,34116254.35460000,10737,20636556.00000000,20653177.88630000,0
1702407600000,1.00080000,1.00080000,1.00070000,1.00070000,12748576.00000000,1702411199999,12757912.42530000,7064,4124221.00000000,4127520.37680000,0
1702411200000,1.00080000,1.00080000,1.00060000,1.00070000,13464804.00000000,1702414799999,13474468.76910000,6561,5214309.00000000,5218279.24420000,0
1702414800000,1.00070000,1.00080000,1.00050000,1.00050000,19385979.00000000,1702418399999,19399389.48480000,7355,5425459.00000000,5429445.98720000,0
1702418400000,1.00050000,1.00070000,1.00030000,1.00040000,25124850.00000000,1702421999999,25136642.28700000,8528,10737757.00000000,10743008.64720000,0
1702422000000,1.00040000,1.00050000,1.00040000,1.00050000,10231355.00000000,1702425599999,10236095.92860000,7138,6483866.00000000,6487107.93300000,0
1702425600000,1.00050000,1.00060000,1.00040000,1.00060000,8226169.00000000,1702429199999,8230417.10290000,6917,3309122.00000000,3310941.95700000,0
1702429200000,1.00050000,1.00060000,1.00040000,1.00040000,12788592.00000000,1702432799999,12794930.20210000,7936,4912537.00000000,4915275.88480000,0
1702432800000,1.00040000,1.00050000,1.00030000,1.00040000,18132197.00000000,1702436399999,18138429.42770000,10129,6072567.00000000,6075006.50640000,0
1702436400000,1.00040000,1.00040000,1.00020000,1.00030000,14630104.00000000,1702439999999,14634612.25810000,6269,6951160.00000000,6953615.52250000,0
1702440000000,1.00030000,1.00060000,1.00020000,1.00040000,28457077.00000000,1702443599999,28468389.49560000,7289,21135011.00000000,21143764.68660000,0
1702443600000,1.00050000,1.00060000,1.00040000,1.00040000,18215690.00000000,1702447199999,18224581.81060000,5003,10733853.00000000,10739310.20640000,0
1702447200000,1.00050000,1.00060000,1.00040000,1.00040000,25123900.00000000,1702450799999,25137456.53150000,7531,13015604.00000000,13023158.60220000,0
1702450800000,1.00050000,1.00080000,1.00040000,1.00070000,31797212.00000000,1702454399999,31815546.87760000,6956,21598009.00000000,21610511.67640000,0
1702454400000,1.00070000,1.00080000,1.00060000,1.00070000,16465582.00000000,1702457999999,16476516.08880000,3860,10459310.00000000,10466631.52200000,0
1702458000000,1.00060000,1.00080000,1.00060000,1.00060000,14665091.00000000,1702461599999,14674796.11860000,3313,7022512.00000000,7027430.49890000,0
1702461600000,1.00070000,1.00070000,1.00050000,1.00070000,15555489.00000000,1702465199999,15565416.99690000,4369,8963069.00000000,8969068.11990000,0
1702465200000,1.00070000,1.00080000,1.00060000,1.00070000,19404423.00000000,1702468799999,19418003.77360000,5350,10065531.00000000,10072692.25710000,0
1702468800000,1.00060000,1.00070000,1.00050000,1.00060000,31767328.00000000,1702472399999,31785323.05240000,6488,14955270.00000000,14964249.15690000,0
1702472400000,1.00050000,1.00070000,1.00050000,1.00060000,24183783.00000000,1702475999999,24197699.48060000,7286,17435598.00000000,17446080.08920000,0
1702476000000,1.00060000,1.00090000,1.00050000,1.00070000,32556980.00000000,1702479599999,32578540.87000000,8841,23636070.00000000,23652455.42750000,0
1702479600000,1.00070000,1.00090000,1.00060000,1.00080000,44565275.00000000,1702483199999,44598684.99300000,13956,24065805.00000000,24084730.24400000,0
1702483200000,1.00070000,1.00080000,1.00050000,1.00070000,47193474.00000000,1702486799999,47224965.20440000,14100,19068499.00000000,19081912.29740000,0
1702486800000,1.00060000,1.00070000,1.00050000,1.00060000,24987592.00000000,1702490399999,25001950.21640000,7187,10804667.00000000,10811205.58960000,0
1702490400000,1.00050000,1.00060000,1.00040000,1.00050000,16636946.00000000,1702493999999,16645392.30290000,6029,4962672.00000000,4965464.99540000,0
1702494000000,1.00050000,1.00050000,1.00010000,1.00020000,79302050.00000000,1702497599999,79320379.78930000,20105,22169871.00000000,22175577.43910000,0
1702497600000,1.00010000,1.00020000,1.00000000,1.00000000,39768102.00000000,1702501199999,39771817.90300000,11959,15808493.00000000,15810457.46380000,0
1702501200000,1.00010000,1.00010000,0.99990000,1.00010000,21743860.00000000,1702504799999,21743606.55270000,6806,13066566.00000000,13066634.58340000,0
1702504800000,1.00000000,1.00010000,0.99980000,0.99980000,17886154.00000000,1702508399999,17885232.22030000,7599,7128746.00000000,7128506.88080000,0
1702508400000,0.99980000,1.00000000,0.99970000,0.99990000,25440860.00000000,1702511999999,25436766.26630000,7395,12288244.00000000,12286694.12840000,0
1702512000000,0.99980000,0.99990000,0.99980000,0.99980000,10554071.00000000,1702515599999,10552451.69960000,6910,4915138.00000000,4914646.48620000,0
1702515600000,0.99980000,0.99990000,0.99970000,0.99980000,27903994.00000000,1702519199999,27899027.45630000,11396,11329868.00000000,11328269.83080000,0
1702519200000,0.99990000,0.99990000,0.99970000,0.99980000,17265571.00000000,1702522799999,17262416.84390000,7821,6111760.00000000,6110840.90730000,0
1702522800000,0.99990000,0.99990000,0.99970000,0.99980000,32573854.00000000,1702526399999,32567790.80830000,9308,10077138.00000000,10075587.27280000,0
1702526400000,0.99990000,0.99990000,0.99970000,0.99990000,14231740.00000000,1702529999999,14229073.62410000,5557,7180057.00000000,7178912.86340000,0
1702530000000,0.99990000,1.00000000,0.99980000,0.99990000,16090768.00000000,1702533599999,16089047.70790000,5297,9215731.00000000,9215141.81720000,0
1702533600000,0.99990000,1.00000000,0.99980000,0.99980000,12900550.00000000,1702537199999,12898642.60580000,4819,5120126.00000000,5119620.88110000,0
1702537200000,0.99980000,0.99990000,0.99980000,0.99990000,15318190.00000000,1702540799999,15315807.36510000,5182,6810031.00000000,6809349.99690000,0
1702540800000,0.99980000,0.99990000,0.99970000,0.99980000,24767271.00000000,1702544399999,24762447.51990000,6749,8093714.00000000,8092402.09920000,0
1702544400000,0.99980000,0.99990000,0.99970000,0.99980000,12594231.00000000,1702547999999,12592051.34430000,5349,8963949.00000000,8962640.88310000,0
1702548000000,0.99980000,1.00000000,0.99980000,0.99980000,29164311.00000000,1702551599999,29161090.41140000,6087,17164041.00000000,17162459.83460000,0
1702551600000,0.99990000,1.00000000,0.99980000,1.00000000,30947600.00000000,1702555199999,30944257.59980000,7078,18824501.00000000,18822890.85320000,0
1702555200000,1.00000000,1.00000000,0.99990000,1.00000000,23059740.00000000,1702558799999,23058586.12670000,5946,11521007.00000000,11521007.00000000,0
1702558800000,0.99990000,1.00030000,0.99990000,0.99990000,61585778.00000000,1702562399999,61587481.99810000,17302,22399806.00000000,22401158.43790000,0
1702562400000,0.99990000,1.00010000,0.99990000,0.99990000,16596365.00000000,1702565999999,16596050.60410000,10134,9682793.00000000,9682821.01750000,0
1702566000000,0.99990000,1.00000000,0.99980000,0.99990000,24512949.00000000,1702569599999,24510630.82120000,11329,10531011.00000000,10530298.64690000,0
1702569600000,0.99990000,1.00000000,0.99990000,0.99990000,20649667.00000000,1702573199999,20649211.52470000,7122,16014583.00000000,16014583.00000000,0
1702573200000,1.00000000,1.00010000,0.99980000,0.99990000,20391132.00000000,1702576799999,20389565.67210000,13698,6051336.00000000,6051310.78330000,0
1702576800000,0.99990000,0.99990000,0.99980000,0.99990000,8487514.00000000,1702580399999,8486127.45230000,6157,3109551.00000000,3109240.04490000,0
1702580400000,0.99990000,0.99990000,0.99980000,0.99980000,9217810.00000000,1702583999999,9216317.05440000,5402,3506164.00000000,3505813.38360000,0
1702584000000,0.99980000,0.99990000,0.99970000,0.99970000,12177555.00000000,1702587599999,12175158.49910000,6826,2580776.00000000,2580329.34260000,0
1702587600000,0.99980000,0.99990000,0.99970000,0.99980000,16394243.00000000,1702591199999,16390974.11080000,6393,6759475.00000000,6758369.32670000,0
1702591200000,0.99980000,0.99990000,0.99970000,0.99990000,10211055.00000000,1702594799999,10209184.36860000,4732,5432387.00000000,5431637.68620000,0
1702594800000,0.99990000,0.99990000,0.99980000,0.99990000,16530740.00000000,1702598399999,16528479.57560000,5364,10457236.00000000,10456190.27640000,0
1702598400000,0.99990000,0.99990000,0.99980000,0.99980000,12267084.00000000,1702601999999,12265048.06150000,5243,4174783.00000000,4174365.52170000,0
1702602000000,0.99990000,1.00000000,0.99980000,0.99990000,24443456.00000000,1702605599999,24440600.58490000,5835,17631150.00000000,17629584.99090000,0
1702605600000,1.00000000,1.00000000,0.99980000,0.99990000,15647748.00000000,1702609199999,15646125.69260000,5332,6268580.00000000,6268071.16560000,0
1702609200000,0.99990000,1.00000000,0.99990000,0.99990000,19039612.00000000,1702612799999,19038892.50360000,5079,11844648.00000000,11844648.00000000,0
1702612800000,1.00000000,1.00000000,0.99980000,0.99980000,12723404.00000000,1702616399999,12722225.27950000,4507,2913712.00000000,2913634.62880000,0
1702616400000,0.99980000,0.99990000,0.99980000,0.99980000,8423712.00000000,1702619999999,8422265.88230000,4454,2386247.00000000,2386008.37530000,0
1702620000000,0.99980000,0.99990000,0.99980000,0.99980000,18594630.00000000,1702623599999,18591481.73460000,6378,5706606.00000000,5706035.33940000,0
1702623600000,0.99990000,0.99990000,0.99980000,0.99980000,17176717.00000000,1702627199999,17174057.81580000,7986,7761592.00000000,7760815.84080000,0
1702627200000,0.99980000,0.99990000,0.99960000,0.99970000,68211763.00000000,1702630799999,68192878.09580000,9669,24472383.00000000,24466393.17460000,0
1702630800000,0.99970000,1.00000000,0.99970000,0.99990000,35723194.00000000,1702634399999,35719159.76410000,8201,25401740.00000000,25399216.85110000,0
1702634400000,0.99990000,1.00010000,0.99990000,0.99990000,36172457.00000000,1702637999999,36172873.50180000,7237,16783721.00000000,16784420.53320000,0
1702638000000,1.00000000,1.00010000,0.99990000,1.00000000,15023076.00000000,1702641599999,15023237.47390000,4850,4741516.00000000,4741680.42960000,0
1702641600000,1.00000000,1.00020000,1.00000000,1.00000000,24562167.00000000,1702645199999,24563591.35930000,6732,10222694.00000000,10223721.98900000,0
1702645200000,1.00000000,1.00020000,1.00000000,1.00010000,20779117.00000000,1702648799999,20780370.78360000,7177,10845485.00000000,10846570.32420000,0
1702648800000,1.00010000,1.00040000,1.00000000,1.00010000,83513963.00000000,1702652399999,83530431.43030000,8161,46266641.00000000,46276577.60920000,0
1702652400000,1.00010000,1.00030000,1.00010000,1.00020000,28803684.00000000,1702655999999,28809796.53670000,7658,12670486.00000000,12673512.20980000,0
1702656000000,1.00030000,1.00050000,1.00020000,1.00030000,27112331.00000000,1702659599999,27120349.46710000,10129,16678911.00000000,16684161.46230000,0
1702659600000,1.00030000,1.00070000,1.00030000,1.00050000,25561582.00000000,1702663199999,25571584.11010000,9265,17360029.00000000,17367375.55710000,0
1702663200000,1.00060000,1.00070000,1.00030000,1.00030000,19826199.00000000,1702666799999,19834574.62290000,7771,10663384.00000000,10668289.10410000,0
1702666800000,1.00030000,1.00040000,1.00020000,1.00020000,11461195.00000000,1702670399999,11464541.81350000,4654,4065701.00000000,4067039.34360000,0
1702670400000,1.00020000,1.00030000,1.00000000,1.00000000,16257168.00000000,1702673999999,16260209.86950000,6178,3408962.00000000,3409899.02160000,0
1702674000000,1.00000000,1.00010000,0.99990000,1.00000000,12832333.00000000,1702677599999,12832515.66340000,5216,4352159.00000000,4352342.45410000,0
1702677600000,1.00000000,1.00010000,0.99990000,0.99990000,12061661.00000000,1702681199999,12061014.89470000,5556,4520856.00000000,4520875.85330000,0
1702681200000,0.99990000,1.00010000,0.99990000,1.00000000,16324642.00000000,1702684799999,16324118.35380000,6783,9809719.00000000,9809799.92480000,0
1702684800000,1.00010000,1.00020000,1.00000000,1.00020000,10224542.00000000,1702688399999,10225313.24440000,8134,6659807.00000000,6660551.55490000,0
1702688400000,1.00010000,1.00050000,1.00010000,1.00040000,14930852.00000000,1702691999999,14935250.52170000,6711,10169273.00000000,10172215.63700000,0
1702692000000,1.00040000,1.00040000,1.00020000,1.00030000,12670448.00000000,1702695599999,12674733.50670000,3605,6278903.00000000,6281271.16910000,0
1702695600000,1.00030000,1.00040000,1.00030000,1.00030000,7013135.00000000,1702699199999,7015664.46640000,3345,4255259.00000000,4256961.10360000,0
1702699200000,1.00040000,1.00050000,1.00030000,1.00040000,8098026.00000000,1702702799999,8101173.85600000,3424,4209256.00000000,4210958.62060000,0
1702702800000,1.00040000,1.00070000,1.00030000,1.00050000,13310791.00000000,1702706399999,13317197.37990000,3634,10620989.00000000,10626086.35400000,0
1702706400000,1.00050000,1.00070000,1.00040000,1.00050000,19531296.00000000,1702709999999,19542224.22110000,3172,11808785.00000000,11815722.37340000,0
1702710000000,1.00050000,1.00070000,1.00050000,1.00070000,7511308.00000000,1702713599999,7515867.97440000,2780,5342748.00000000,5346144.72730000,0
1702713600000,1.00070000,1.00080000,1.00050000,1.00070000,13875653.00000000,1702717199999,13884890.26410000,3463,9939170.00000000,9945952.62690000,0
1702717200000,1.00060000,1.00070000,1.00060000,1.00070000,4233835.00000000,1702720799999,4236568.10220000,3443,1928012.00000000,1929361.60840000,0
1702720800000,1.00060000,1.00070000,1.00060000,1.00060000,7585865.00000000,1702724399999,7590696.06740000,3169,2795484.00000000,2797440.83880000,0
1702724400000,1.00070000,1.00080000,1.00060000,1.00080000,8617452.00000000,1702727999999,8623273.35670000,4735,6024408.00000000,6028644.00570000,0
1702728000000,1.00080000,1.00090000,1.00070000,1.00080000,10165112.00000000,1702731599999,10173065.95910000,4448,4430632.00000000,4434223.71980000,0
1702731600000,1.00080000,1.00090000,1.00060000,1.00080000,13162231.00000000,1702735199999,13172329.44330000,5606,7856156.00000000,7862345.80780000,0
1702735200000,1.00090000,1.00090000,1.00070000,1.00070000,5097078.00000000,1702738799999,5101006.75940000,4616,1733776.00000000,1735186.68350000,0
1702738800000,1.00070000,1.00110000,1.00070000,1.00080000,19555498.00000000,1702742399999,19572601.94090000,5862,11793248.00000000,11803591.34160000,0
1702742400000,1.00090000,1.00090000,1.00060000,1.00080000,8568191.00000000,1702745999999,8574555.24340000,5508,4243533.00000000,4246793.70490000,0
1702746000000,1.00070000,1.00080000,1.00060000,1.00070000,6971559.00000000,1702749599999,6976292.17150000,3766,2413068.00000000,2414816.94780000,0
1702749600000,1.00070000,1.00070000,1.00050000,1.00050000,9511828.00000000,1702753199999,9517559.79270000,6008,4378794.00000000,4381538.64540000,0
1702753200000,1.00050000,1.00070000,1.00040000,1.00070000,11355301.00000000,1702756799999,11361178.34320000,4619,6296733.00000000,6300137.93030000,0
1702756800000,1.00060000,1.00070000,1.00060000,1.00070000,3914796.00000000,1702760399999,3917381.36900000,3174,2364914.00000000,2366569.43980000,0
1702760400000,1.00070000,1.00080000,1.00060000,1.00070000,4152202.00000000,1702763999999,4155223.44220000,3437,1637865.00000000,1639133.46790000,0
1702764000000,1.00080000,1.00080000,1.00050000,1.00070000,12861498.00000000,1702767599999,12869425.67840000,4227,7534250.00000000,7539031.46630000,0
1702767600000,1.00080000,1.00080000,1.00070000,1.00080000,4025152.00000000,1702771199999,4028209.42940000,3972,2398230.00000000,2400148.58400000,0
1702771200000,1.00080000,1.00080000,1.00070000,1.00070000,3209521.00000000,1702774799999,3211912.54460000,3058,1448799.00000000,1449958.03920000,0
1702774800000,1.00080000,1.00100000,1.00070000,1.00080000,13593038.00000000,1702778399999,13604633.96570000,5448,7860069.00000000,7866885.85360000,0
1702778400000,1.00090000,1.00100000,1.00080000,1.00080000,9627717.00000000,1702781999999,9636166.67720000,3084,3691496.00000000,3694838.55290000,0
1702782000000,1.00090000,1.00100000,1.00080000,1.00100000,12265313.00000000,1702785599999,12276427.00120000,2395,8453181.00000000,8460900.10730000,0
1702785600000,1.00100000,1.00100000,1.00090000,1.00090000,4369122.00000000,1702789199999,4373307.82760000,2504,2536178.00000000,2538714.17800000,0
1702789200000,1.00100000,1.00100000,1.00080000,1.00080000,5158789.00000000,1702792799999,5163547.30400000,3660,1433003.00000000,1434417.33530000,0
1702792800000,1.00080000,1.00100000,1.00080000,1.00090000,5879893.00000000,1702796399999,5885194.54260000,4264,3184539.00000000,3187463.21760000,0
1702796400000,1.00090000,1.00100000,1.00080000,1.00090000,5001603.00000000,1702799999999,5006073.09180000,3530,2430248.00000000,2432494.13310000,0
1702800000000,1.00100000,1.00120000,1.00090000,1.00100000,7533661.00000000,1702803599999,7541385.86290000,2992,5463605.00000000,5469349.81890000,0
1702803600000,1.00100000,1.00130000,1.00090000,1.00100000,13952579.00000000,1702807199999,13968041.85470000,4686,7230605.00000000,7238694.74840000,0
1702807200000,1.00110000,1.00110000,1.00100000,1.00100000,5641032.00000000,1702810799999,5646977.90160000,3506,3048696.00000000,3052049.56560000,0
1702810800000,1.00100000,1.00110000,1.00090000,1.00090000,5526893.00000000,1702814399999,5532580.17230000,4046,2573718.00000000,2576466.66810000,0
1702814400000,1.00100000,1.00110000,1.00090000,1.00100000,4320336.00000000,1702817999999,4324502.66110000,4051,2311376.00000000,2313692.94940000,0
1702818000000,1.00100000,1.00100000,1.00080000,1.00080000,5110413.00000000,1702821599999,5115015.83760000,4660,2016087.00000000,2017975.93510000,0
1702821600000,1.00080000,1.00100000,1.00080000,1.00090000,8548512.00000000,1702825199999,8556152.76030000,4959,2854237.00000000,2856866.21920000,0
1702825200000,1.00100000,1.00100000,1.00090000,1.00090000,13188554.00000000,1702828799999,13201208.76030000,5439,7850617.00000000,7858467.61700000,0
1702828800000,1.00100000,1.00100000,1.00080000,1.00100000,5764485.00000000,1702832399999,5769804.64010000,5124,3871121.00000000,3874816.10680000,0
1702832400000,1.00100000,1.00140000,1.00090000,1.00120000,10282176.00000000,1702835999999,10294435.72990000,6291,4979312.00000000,4985122.05000000,0
1702836000000,1.00120000,1.00210000,1.00090000,1.00110000,26337956.00000000,1702839599999,26370820.18000000,8398,15953857.00000000,15973130.72140000,0
1702839600000,1.00120000,1.00140000,1.00100000,1.00120000,10519351.00000000,1702843199999,10531884.45020000,3861,5281646.00000000,5288049.42000000,0
1702843200000,1.00110000,1.00120000,1.00110000,1.00110000,7540819.00000000,1702846799999,7549685.83060000,3040,5719297.00000000,5726160.15640000,0
1702846800000,1.00120000,1.00140000,1.00110000,1.00130000,4965353.00000000,1702850399999,4971685.89050000,3263,2621900.00000000,2625330.15310000,0
1702850400000,1.00140000,1.00140000,1.00090000,1.00110000,15192984.00000000,1702853999999,15208512.35300000,4645,9246316.00000000,9255909.97830000,0
1702854000000,1.00100000,1.00110000,1.00080000,1.00090000,14358361.00000000,1702857599999,14372330.00860000,4982,9260218.00000000,9269560.36360000,0
1702857600000,1.00100000,1.00100000,1.00080000,1.00080000,10769171.00000000,1702861199999,10779038.09720000,4360,5123777.00000000,5128705.77140000,0
1702861200000,1.00080000,1.00100000,1.00080000,1.00090000,15027975.00000000,1702864799999,15041032.13570000,6643,7580149.00000000,7586980.42670000,0
1702864800000,1.00090000,1.00110000,1.00070000,1.00070000,20560018.00000000,1702868399999,20577891.59480000,6745,8133483.00000000,8140697.52610000,0
1702868400000,1.00080000,1.00090000,1.00070000,1.00080000,9672814.00000000,1702871999999,9680945.63810000,4131,6016120.00000000,6021347.52600000,0
1702872000000,1.00090000,1.00090000,1.00070000,1.00070000,9895411.00000000,1702875599999,9903501.95410000,3854,3740219.00000000,3743441.14990000,0
1702875600000,1.00080000,1.00100000,1.00060000,1.00080000,23632033.00000000,1702879199999,23650354.02740000,6749,13273091.00000000,13283537.84740000,0
1702879200000,1.00090000,1.00100000,1.00080000,1.00090000,13768130.00000000,1702882799999,13780346.53470000,5524,6434634.00000000,6440504.31030000,0
1702882800000,1.00090000,1.00110000,1.00080000,1.00090000,28750862.00000000,1702886399999,28778521.96270000,8425,13950169.00000000,13964303.21170000,0
1702886400000,1.00100000,1.00100000,1.00080000,1.00090000,17636579.00000000,1702889999999,17653334.47680000,5965,11389639.00000000,11400796.90380000,0
1702890000000,1.00090000,1.00100000,1.00090000,1.00090000,12355529.00000000,1702893599999,12367434.65540000,6666,7856793.00000000,7864649.79300000,0
1702893600000,1.00090000,1.00110000,1.00080000,1.00080000,26433759.00000000,1702897199999,26458100.99290000,8952,10867727.00000000,10878110.49100000,0
1702897200000,1.00080000,1.00100000,1.00080000,1.00090000,15787128.00000000,1702900799999,15801904.35180000,6408,10437192.00000000,10447163.27490000,0
1702900800000,1.00100000,1.00120000,1.00080000,1.00100000,32587784.00000000,1702904399999,32620113.28470000,6436,17721042.00000000,17739140.02430000,0
1702904400000,1.00110000,1.00120000,1.00100000,1.00100000,21419010.00000000,1702907999999,21443023.46130000,6445,13333197.00000000,13348594.08430000,0
1702908000000,1.00110000,1.00140000,1.00100000,1.00110000,38921354.00000000,1702911599999,38965628.98350000,7715,27255457.00000000,27287157.03230000,0
1702911600000,1.00120000,1.00120000,1.00070000,1.00070000,33264725.00000000,1702915199999,33294640.03010000,8102,11614247.00000000,11624666.14140000,0
1702915200000,1.00080000,1.00090000,1.00070000,1.00070000,19056562.00000000,1702918799999,19071014.40280000,6001,9065807.00000000,9073063.18890000,0
1702918800000,1.00070000,1.00080000,1.00050000,1.00060000,20448246.00000000,1702922399999,20461483.18520000,6398,8872403.00000000,8878317.31730000,0
1702922400000,1.00060000,1.00070000,1.00050000,1.00060000,13307441.00000000,1702925999999,13315094.22750000,4266,7149226.00000000,7153549.54600000,0
1702926000000,1.00060000,1.00070000,1.00030000,1.00040000,18280368.00000000,1702929599999,18288761.72920000,6058,6921783.00000000,6924873.81560000,0
1702929600000,1.00050000,1.00050000,1.00030000,1.00040000,15212496.00000000,1702933199999,15218691.96870000,9241,9366648.00000000,9370620.13280000,0
1702933200000,1.00050000,1.00050000,1.00030000,1.00030000,18637971.00000000,1702936799999,18645471.41680000,7383,6304352.00000000,6307256.62760000,0
1702936800000,1.00030000,1.00040000,1.00030000,1.00030000,7317470.00000000,1702940399999,7320004.89010000,5582,3396491.00000000,3397849.59640000,0
1702940400000,1.00030000,1.00040000,1.00020000,1.00020000,11620218.00000000,1702943999999,11623609.30840000,4917,3382285.00000000,3383441.44970000,0
1702944000000,1.00020000,1.00060000,1.00020000,1.00040000,25969887.00000000,1702947599999,25980758.42360000,7162,15467929.00000000,15474421.98990000,0
1702947600000,1.00040000,1.00060000,1.00040000,1.00050000,11604841.00000000,1702951199999,11610311.15330000,5985,7425925.00000000,7429711.48100000,0
1702951200000,1.00050000,1.00060000,1.00020000,1.00020000,38812453.00000000,1702954799999,38828736.27490000,8228,15142257.00000000,15149231.78690000,0
1702954800000,1.00030000,1.00040000,1.00020000,1.00030000,16761836.00000000,1702958399999,16766865.80470000,3863,10498040.00000000,10501396.12020000,0
1702958400000,1.00030000,1.00040000,1.00020000,1.00030000,19403728.00000000,1702961999999,19409798.63270000,6760,4894479.00000000,4896226.81250000,0
1702962000000,1.00030000,1.00040000,1.00030000,1.00030000,8331153.00000000,1702965599999,8333900.24740000,4608,2479015.00000000,2480006.60600000,0
1702965600000,1.00030000,1.00040000,1.00030000,1.00030000,17024666.00000000,1702969199999,17030293.85580000,6886,5204560.00000000,5206641.82400000,0
1702969200000,1.00040000,1.00070000,1.00030000,1.00050000,26530998.00000000,1702972799999,26543512.33850000,4936,17250414.00000000,17258504.00030000,0
1702972800000,1.00050000,1.00050000,1.00030000,1.00030000,16907692.00000000,1702976399999,16913495.89730000,4364,2416990.00000000,2417990.29660000,0
1702976400000,1.00040000,1.00050000,1.00020000,1.00040000,36245444.00000000,1702979999999,36259845.98590000,5236,22943659.00000000,22953148.60630000,0
1702980000000,1.00050000,1.00050000,1.00030000,1.00040000,15843213.00000000,1702983599999,15849239.99970000,5525,7687397.00000000,7690564.01280000,0
1702983600000,1.00040000,1.00060000,1.00030000,1.00040000,25461710.00000000,1702987199999,25472639.70680000,4981,15737353.00000000,15744473.41730000,0
1702987200000,1.00050000,1.00060000,1.00040000,1.00050000,13711558.00000000,1702990799999,13718499.70500000,4533,7953542.00000000,7957693.21400000,0
1702990800000,1.00060000,1.00060000,1.00040000,1.00040000,25063678.00000000,1702994399999,25076902.11090000,6312,10268175.00000000,10274059.12870000,0
1702994400000,1.00040000,1.00060000,1.00030000,1.00050000,28115922.00000000,1702997999999,28128026.09370000,8796,16085550.00000000,16093033.20380000,0
1702998000000,1.00060000,1.00060000,1.00030000,1.00040000,39714151.00000000,1703001599999,39731780.72720000,8525,14898981.00000000,14906177.84810000,0
1703001600000,1.00040000,1.00060000,1.00040000,1.00060000,28340524.00000000,1703005199999,28354649.07580000,7612,17833478.00000000,17842716.44160000,0
1703005200000,1.00050000,1.00060000,1.00030000,1.00050000,32954662.00000000,1703008799999,32970213.52190000,9368,18658232.00000000,18667588.41120000,0
1703008800000,1.00050000,1.00060000,1.00050000,1.00050000,18056748.00000000,1703012399999,18066830.97500000,5429,10555684.00000000,10562016.44300000,0
1703012400000,1.00050000,1.00060000,1.00050000,1.00060000,8310305.00000000,1703015999999,8314962.27640000,5010,5021239.00000000,5024251.74340000,0
1703016000000,1.00060000,1.00070000,1.00050000,1.00060000,12242430.00000000,1703019599999,12249888.26700000,8551,7654769.00000000,7659701.68610000,0
1703019600000,1.00060000,1.00070000,1.00040000,1.00040000,11031904.00000000,1703023199999,11037505.62510000,4757,2227823.00000000,2229025.37240000,0
1703023200000,1.00050000,1.00050000,1.00040000,1.00050000,10493437.00000000,1703026799999,10498236.42540000,4984,6020506.00000000,6023516.25300000,0
1703026800000,1.00050000,1.00050000,1.00020000,1.00020000,18430209.00000000,1703030399999,18436903.71070000,6005,5920054.00000000,5922351.20800000,0
1703030400000,1.00020000,1.00040000,1.00020000,1.00030000,6740049.00000000,1703033999999,6742295.71700000,4418,4336961.00000000,4338520.41720000,0
1703034000000,1.00030000,1.00040000,1.00030000,1.00030000,6893068.00000000,1703037599999,6895310.01170000,4302,1740913.00000000,1741609.36520000,0
1703037600000,1.00030000,1.00040000,1.00020000,1.00020000,13001358.00000000,1703041199999,13005162.87510000,5803,6541884.00000000,6543966.91000000,0
1703041200000,1.00030000,1.00060000,1.00020000,1.00050000,25853089.00000000,1703044799999,25864446.52170000,4182,17077860.00000000,17085417.68210000,0
1703044800000,1.00040000,1.00050000,1.00030000,1.00030000,11916506.00000000,1703048399999,11921255.18280000,4404,3933001.00000000,3934794.16830000,0
1703048400000,1.00040000,1.00060000,1.00030000,1.00040000,25049430.00000000,1703051999999,25060384.23490000,5817,17723244.00000000,17731139.22450000,0
1703052000000,1.00050000,1.00060000,1.00030000,1.00050000,17377801.00000000,1703055599999,17385599.74410000,5215,10812386.00000000,10817496.26950000,0
1703055600000,1.00060000,1.00060000,1.00050000,1.00050000,15672781.00000000,1703059199999,15681000.94580000,5529,3835553.00000000,3837854.33180000,0
1703059200000,1.00060000,1.00060000,1.00030000,1.00030000,15476344.00000000,1703062799999,15482779.98320000,4482,4673507.00000000,4675561.79430000,0
1703062800000,1.00030000,1.00040000,1.00010000,1.00020000,23851484.00000000,1703066399999,23857708.90270000,6273,10878074.00000000,10881054.02550000,0
1703066400000,1.00020000,1.00030000,1.00010000,1.00030000,18304983.00000000,1703069999999,18309210.44090000,5721,7618818.00000000,7620931.05640000,0
1703070000000,1.00020000,1.00030000,1.00010000,1.00020000,19673230.00000000,1703073599999,19677311.16770000,4501,8224651.00000000,8226484.23810000,0
1703073600000,1.00020000,1.00030000,1.00000000,1.00020000,32566179.00000000,1703077199999,32570303.67160000,5275,16438141.00000000,16440352.52130000,0
1703077200000,1.00020000,1.00020000,1.00000000,1.00020000,24343703.00000000,1703080799999,24347189.68260000,10040,12325564.00000000,12327852.41250000,0
1703080800000,1.00020000,1.00030000,1.00000000,1.00000000,26433838.00000000,1703084399999,26437432.19650000,11387,9620790.00000000,9622654.66560000,0
1703084400000,1.00000000,1.00010000,0.99990000,1.00000000,36661037.00000000,1703087999999,36662024.07570000,13521,19057030.00000000,19058097.66560000,0
1703088000000,1.00010000,1.00010000,0.99980000,0.99990000,59185354.00000000,1703091599999,59181647.31440000,11082,24437756.00000000,24436921.47210000,0
1703091600000,0.99990000,1.00000000,0.99970000,0.99970000,20949469.00000000,1703095199999,20947061.81300000,7438,9432547.00000000,9431921.44870000,0
1703095200000,0.99980000,0.99990000,0.99970000,0.99980000,19352989.00000000,1703098799999,19349421.12490000,7032,6754935.00000000,6753925.93870000,0
1703098800000,0.99980000,0.99990000,0.99970000,0.99990000,17549760.00000000,1703102399999,17546394.14470000,6640,6496037.00000000,6495037.18930000,0
1703102400000,0.99990000,1.00010000,0.99980000,1.00010000,21035478.00000000,1703105999999,21034070.79860000,9027,12055953.00000000,12055598.88400000,0
1703106000000,1.00000000,1.00020000,1.00000000,1.00020000,15829749.00000000,1703109599999,15831439.94400000,7099,7885809.00000000,7886855.30290000,0
1703109600000,1.00020000,1.00020000,1.00000000,1.00000000,11462197.00000000,1703113199999,11463032.42650000,5685,3136944.00000000,3137350.80770000,0
1703113200000,1.00000000,1.00010000,0.99990000,0.99990000,6719122.00000000,1703116799999,6719127.33420000,4247,1807590.00000000,1807741.03910000,0
1703116800000,1.00000000,1.00000000,0.99990000,0.99990000,7153063.00000000,1703120399999,7152751.64850000,4072,4039548.00000000,4039548.00000000,0
1703120400000,0.99990000,1.00010000,0.99990000,1.00010000,8822145.00000000,1703123999999,8821912.48900000,4334,6006093.00000000,6006111.49520000,0
1703124000000,1.00000000,1.00010000,0.99990000,0.99990000,14318383.00000000,1703127599999,14318612.56120000,5450,5179769.00000000,5180107.85980000,0
1703127600000,1.00000000,1.00000000,0.99990000,0.99990000,8453305.00000000,1703131199999,8452897.94150000,4843,4382720.00000000,4382720.00000000,0
1703131200000,1.00000000,1.00000000,0.99990000,0.99990000,7662712.00000000,1703134799999,7662336.32010000,5571,3905913.00000000,3905913.00000000,0
1703134800000,1.00000000,1.00020000,0.99990000,1.00010000,37122606.00000000,1703138399999,37123292.29110000,7810,19481100.00000000,19481763.64610000,0
1703138400000,1.00000000,1.00010000,1.00000000,1.00010000,12727215.00000000,1703141999999,12727934.09630000,8222,7190963.00000000,7191682.09630000,0
1703142000000,1.00010000,1.00030000,1.00000000,1.00020000,14417327.00000000,1703145599999,14419632.32530000,4327,10680779.00000000,10682700.05850000,0
1703145600000,1.00030000,1.00030000,0.99990000,1.00000000,24319485.00000000,1703149199999,24320787.37190000,6498,6101903.00000000,6102254.77390000,0
1703149200000,1.00010000,1.00010000,1.00000000,1.00010000,14917517.00000000,1703152799999,14918249.21910000,4984,7322191.00000000,7322923.21910000,0
1703152800000,1.00010000,1.00010000,1.00000000,1.00010000,12304813.00000000,1703156399999,12305301.94420000,5484,4889442.00000000,4889930.94420000,0
1703156400000,1.00010000,1.00010000,0.99980000,0.99980000,36856344.00000000,1703159999999,36853422.94790000,10515,17597265.00000000,17596070.94210000,0
1703160000000,0.99990000,1.00000000,0.99980000,0.99980000,27331454.00000000,1703163599999,27327920.99870000,7379,14483418.00000000,14482028.77810000,0
1703163600000,0.99990000,1.00000000,0.99980000,1.00000000,19972178.00000000,1703167199999,19970801.79780000,5629,13402316.00000000,13401767.58170000,0
1703167200000,1.00000000,1.00000000,0.99990000,1.00000000,16352672.00000000,1703170799999,16351724.58040000,7783,6878476.00000000,6878476.00000000,0
1703170800000,1.00000000,1.00010000,0.99990000,0.99990000,27237013.00000000,1703174399999,27236180.97880000,6888,16059291.00000000,16059305.61340000,0
1703174400000,1.00000000,1.00000000,0.99990000,0.99990000,19946277.00000000,1703177999999,19945360.93540000,6314,10785631.00000000,10785631.00000000,0
1703178000000,0.99990000,1.00000000,0.99990000,1.00000000,15074972.00000000,1703181599999,15074180.23260000,7606,7157298.00000000,7157298.00000000,0
1703181600000,0.99990000,1.00020000,0.99990000,1.00010000,28597301.00000000,1703185199999,28597864.31640000,8536,18362714.00000000,18363404.83070000,0
1703185200000,1.00010000,1.00020000,1.00010000,1.00020000,7872889.00000000,1703188799999,7873935.58190000,8174,2592930.00000000,2593448.58600000,0
1703188800000,1.00010000,1.00020000,1.00010000,1.00010000,13650718.00000000,1703192399999,13652772.25720000,5494,6891854.00000000,6893232.37080000,0
1703192400000,1.00010000,1.00020000,0.99990000,0.99990000,15962832.00000000,1703195999999,15962876.97210000,6108,5298990.00000000,5299166.23710000,0
1703196000000,1.00000000,1.00000000,0.99980000,0.99980000,11195843.00000000,1703199599999,11194573.10870000,4148,3655777.00000000,3655513.44710000,0
1703199600000,0.99990000,0.99990000,0.99980000,0.99990000,7415962.00000000,1703203199999,7414819.47400000,3804,3406664.00000000,3406323.33360000,0
1703203200000,0.99990000,0.99990000,0.99980000,0.99980000,9977455.00000000,1703206799999,9975993.78220000,5229,5342732.00000000,5342197.72680000,0
1703206800000,0.99990000,0.99990000,0.99980000,0.99980000,15423748.00000000,1703210399999,15421149.09640000,6661,4858460.00000000,4857974.15400000,0
1703210400000,0.99980000,0.99990000,0.99970000,0.99980000,28473672.00000000,1703213999999,28468371.50690000,8688,14491724.00000000,14489552.31470000,0
1703214000000,0.99990000,0.99990000,0.99970000,0.99970000,21270331.00000000,1703217599999,21265950.26600000,6556,5068830.00000000,5067944.28370000,0
1703217600000,0.99980000,0.99980000,0.99970000,0.99970000,9979782.00000000,1703221199999,9977401.25050000,3581,6131851.00000000,6130624.62980000,0
1703221200000,0.99980000,0.99990000,0.99970000,0.99980000,21432897.00000000,1703224799999,21427943.22370000,6334,9833029.00000000,9831089.09150000,0
1703224800000,0.99980000,0.99990000,0.99970000,0.99970000,23522575.00000000,1703228399999,23516726.40860000,9031,10647024.00000000,10644895.23220000,0
1703228400000,0.99980000,1.00000000,0.99970000,0.99980000,27624478.00000000,1703231999999,27620476.08100000,9556,15206307.00000000,15204566.47500000,0
1703232000000,0.99980000,1.00010000,0.99980000,0.99990000,28449410.00000000,1703235599999,28447707.19770000,8562,14294005.00000000,14293576.56650000,0
1703235600000,1.00000000,1.00010000,0.99980000,0.99990000,36166042.00000000,1703239199999,36163805.40010000,10605,22264624.00000000,22263759.62930000,0
1703239200000,0.99990000,1.00010000,0.99990000,1.00000000,19867895.00000000,1703242799999,19867309.76820000,6845,11911762.00000000,11911794.67720000,0
1703242800000,1.00000000,1.00020000,0.99990000,1.00000000,36229577.00000000,1703246399999,36231661.70350000,7290,22195779.00000000,22197452.95380000,0
1703246400000,1.00010000,1.00010000,0.99980000,0.99980000,21565394.00000000,1703249999999,21564072.73320000,7038,9028834.00000000,9028523.53390000,0
1703250000000,0.99980000,0.99990000,0.99980000,0.99980000,25628229.00000000,1703253599999,25623994.23820000,7351,8908840.00000000,8907949.11600000,0
1703253600000,0.99990000,0.99990000,0.99970000,0.99970000,29671748.00000000,1703257199999,29665727.28850000,9261,13734414.00000000,13732126.28180000,0
1703257200000,0.99970000,0.99980000,0.99970000,0.99970000,16655862.00000000,1703260799999,16651952.71320000,5969,10874718.00000000,10872543.05640000,0
1703260800000,0.99970000,0.99980000,0.99970000,0.99970000,11140012.00000000,1703264399999,11137226.68780000,6297,5566914.00000000,5565800.61720000,0
1703264400000,0.99980000,0.99980000,0.99960000,0.99960000,29634107.00000000,1703267999999,29625587.20840000,8990,12247701.00000000,12244644.87550000,0
1703268000000,0.99970000,0.99970000,0.99950000,0.99950000,20418171.00000000,1703271599999,20410004.74300000,9085,7606814.00000000,7604029.74970000,0
1703271600000,0.99950000,0.99970000,0.99950000,0.99950000,28431794.00000000,1703275199999,28419625.58350000,8790,11514752.00000000,11510185.93010000,0
1703275200000,0.99960000,0.99960000,0.99920000,0.99930000,26979163.00000000,1703278799999,26962295.70140000,6468,9465446.00000000,9459447.82810000,0
1703278800000,0.99930000,0.99940000,0.99910000,0.99930000,14865844.00000000,1703282399999,14855478.78040000,5975,5346468.00000000,5343034.33190000,0
1703282400000,0.99930000,0.99950000,0.99910000,0.99920000,17003451.00000000,1703285999999,16992249.47690000,5789,5451941.00000000,5448477.46670000,0
1703286000000,0.99920000,0.99940000,0.99910000,0.99930000,15502991.00000000,1703289599999,15491436.04970000,6886,7469535.00000000,7464037.65200000,0
1703289600000,0.99940000,0.99940000,0.99910000,0.99920000,17701362.00000000,1703293199999,17688183.26300000,8464,8613890.00000000,8607774.07860000,0
1703293200000,0.99920000,0.99930000,0.99900000,0.99910000,21085824.00000000,1703296799999,21068335.68750000,8288,8437259.00000000,8430518.91480000,0
1703296800000,0.99910000,0.99920000,0.99900000,0.99900000,22861973.00000000,1703300399999,22840540.64210000,5861,11868955.00000000,11858323.08240000,0
1703300400000,0.99910000,0.99940000,0.99900000,0.99910000,22009019.00000000,1703303999999,21991310.99760000,5862,12022980.00000000,12013702.07000000,0
1703304000000,0.99910000,0.99950000,0.99890000,0.99930000,34920649.00000000,1703307599999,34891593.03650000,6664,21249453.00000000,21232709.08210000,0
1703307600000,0.99930000,0.99950000,0.99930000,0.99940000,5944831.00000000,1703311199999,5941232.18610000,3000,3443872.00000000,3441948.03360000,0
1703311200000,0.99950000,0.99950000,0.99940000,0.99940000,6780368.00000000,1703314799999,6776603.63580000,3633,3038566.00000000,3037046.71700000,0
1703314800000,0.99950000,0.99950000,0.99930000,0.99940000,7927433.00000000,1703318399999,7922801.86490000,3427,1514013.00000000,1513232.92200000,0
1703318400000,0.99930000,0.99950000,0.99930000,0.99950000,14671879.00000000,1703321999999,14662999.90000000,4610,8372363.00000000,8367600.57550000,0
1703322000000,0.99940000,0.99950000,0.99940000,0.99950000,4290770.00000000,1703325599999,4288501.90610000,2757,3063681.00000000,3062149.15950000,0
1703325600000,0.99950000,0.99960000,0.99940000,0.99940000,7956988.00000000,1703329199999,7952781.69320000,3717,3050625.00000000,3049105.24700000,0
1703329200000,0.99950000,0.99950000,0.99940000,0.99940000,8288944.00000000,1703332799999,8284569.81090000,3928,5991773.00000000,5988777.11350000,0
1703332800000,0.99950000,0.99960000,0.99940000,0.99950000,5138037.00000000,1703336399999,5135358.15640000,4392,3437669.00000000,3435971.33070000,0
1703336400000,0.99950000,0.99960000,0.99950000,0.99960000,5028979.00000000,1703339999999,5026626.56300000,3523,1620525.00000000,1619876.79000000,0
1703340000000,0.99950000,0.99960000,0.99940000,0.99950000,9078275.00000000,1703343599999,9073367.11640000,4136,3191941.00000000,3190353.90390000,0
1703343600000,0.99950000,0.99960000,0.99940000,0.99950000,7133253.00000000,1703347199999,7129675.31720000,3910,4374512.00000000,4372479.28190000,0
1703347200000,0.99950000,0.99970000,0.99950000,0.99960000,13333868.00000000,1703350799999,13328186.52940000,5263,7001929.00000000,6999174.19290000,0
1703350800000,0.99950000,0.99970000,0.99950000,0.99950000,12603445.00000000,1703354399999,12598446.95770000,5519,4534155.00000000,4532453.11320000,0
1703354400000,0.99950000,0.99970000,0.99950000,0.99960000,7611873.00000000,1703357999999,7609108.96440000,4810,5344897.00000000,5343074.15010000,0
1703358000000,0.99960000,0.99980000,0.99960000,0.99960000,7524003.00000000,1703361599999,7521543.66910000,5022,2539292.00000000,2538534.91010000,0
1703361600000,0.99960000,0.99970000,0.99960000,0.99960000,4745392.00000000,1703365199999,4743601.60940000,5054,1077662.00000000,1077338.70140000,0
1703365200000,0.99960000,0.99970000,0.99950000,0.99950000,5317249.00000000,1703368799999,5314833.62560000,4088,1605714.00000000,1605082.03500000,0
1703368800000,0.99960000,0.99970000,0.99950000,0.99950000,13217843.00000000,1703372399999,13212351.37690000,4993,6800635.00000000,6798005.39240000,0
1703372400000,0.99950000,0.99970000,0.99950000,0.99970000,8804627.00000000,1703375999999,8801186.79210000,6020,5415539.00000000,5413607.65070000,0
1703376000000,0.99960000,0.99990000,0.99950000,0.99960000,28827291.00000000,1703379599999,28819030.13320000,7545,18889158.00000000,18884048.31900000,0
1703379600000,0.99960000,0.99980000,0.99960000,0.99970000,15354844.00000000,1703383199999,15349888.57360000,5985,6741219.00000000,6739244.02010000,0
1703383200000,0.99960000,0.99970000,0.99960000,0.99970000,13072793.00000000,1703386799999,13068152.54140000,6133,5886586.00000000,5884820.02420000,0
1703386800000,0.99960000,0.99970000,0.99950000,0.99950000,17021437.00000000,1703390399999,17014806.52520000,5505,6527791.00000000,6525461.61820000,0
1703390400000,0.99960000,0.99970000,0.99950000,0.99960000,12103342.00000000,1703393999999,12098602.52510000,5599,5723215.00000000,5721109.81160000,0
1703394000000,0.99960000,0.99960000,0.99940000,0.99960000,18653048.00000000,1703397599999,18644279.17680000,7261,7184023.00000000,7181047.64830000,0
1703397600000,0.99950000,0.99970000,0.99950000,0.99960000,24026355.00000000,1703401199999,24017051.32790000,6978,13491987.00000000,13487075.53980000,0
1703401200000,0.99960000,0.99970000,0.99950000,0.99970000,14131707.00000000,1703404799999,14126266.44150000,4521,8498242.00000000,8495293.74660000,0
1703404800000,0.99970000,0.99970000,0.99950000,0.99970000,13606838.00000000,1703408399999,13601535.10840000,5580,5629506.00000000,5627478.40630000,0
1703408400000,0.99960000,0.99970000,0.99950000,0.99960000,18082969.00000000,1703411999999,18075159.41510000,5390,6094808.00000000,6092493.62900000,0
1703412000000,0.99960000,0.99970000,0.99950000,0.99960000,20161308.00000000,1703415599999,20152771.20950000,7042,12170609.00000000,12165786.88350000,0
1703415600000,0.99950000,0.99960000,0.99950000,0.99950000,7170271.00000000,1703419199999,7167012.91490000,3824,3270504.00000000,3269195.79840000,0
1703419200000,0.99950000,0.99960000,0.99950000,0.99950000,9748096.00000000,1703422799999,9743701.36870000,4665,4794167.00000000,4792249.33320000,0
1703422800000,0.99960000,0.99960000,0.99950000,0.99950000,9632260.00000000,1703426399999,9627759.26780000,5248,3153978.00000000,3152716.40880000,0
1703426400000,0.99950000,0.99960000,0.99940000,0.99940000,14258755.00000000,1703429999999,14251952.12480000,8213,4774140.00000000,4772176.28990000,0
1703430000000,0.99950000,0.99950000,0.99940000,0.99950000,11462733.00000000,1703433599999,11456360.51130000,4729,5051511.00000000,5048985.24450000,0
1703433600000,0.99950000,0.99950000,0.99940000,0.99950000,9646226.00000000,1703437199999,9640840.89390000,5741,4026295.00000000,4024281.85250000,0
1703437200000,0.99940000,0.99960000,0.99940000,0.99950000,12591455.00000000,1703440799999,12584954.67800000,4906,8385899.00000000,8381785.34490000,0
1703440800000,0.99960000,0.99960000,0.99940000,0.99950000,12253559.00000000,1703444399999,12247244.79660000,4701,5516306.00000000,5513632.16160000,0
1703444400000,0.99950000,0.99950000,0.99940000,0.99950000,13290920.00000000,1703447999999,13283860.12720000,3388,9146792.00000000,9142218.60400000,0
1703448000000,0.99950000,0.99950000,0.99940000,0.99950000,12670234.00000000,1703451599999,12663338.40470000,7140,7065451.00000000,7061918.27450000,0
1703451600000,0.99950000,0.99950000,0.99940000,0.99940000,9631017.00000000,1703455199999,9625723.37010000,5677,4849803.00000000,4847378.09850000,0
1703455200000,0.99950000,0.99960000,0.99930000,0.99940000,36274473.00000000,1703458799999,36254480.12270000,12358,13618185.00000000,13611334.91330000,0
1703458800000,0.99940000,0.99960000,0.99940000,0.99950000,13499899.00000000,1703462399999,13492781.91590000,4580,9702277.00000000,9697433.85930000,0
1703462400000,0.99950000,0.99970000,0.99940000,0.99960000,32190081.00000000,1703465999999,32175779.96400000,9755,19760946.00000000,19752803.63940000,0
1703466000000,0.99960000,0.99970000,0.99960000,0.99960000,8987255.00000000,1703469599999,8984224.98510000,4453,5648871.00000000,5647176.33870000,0
1703469600000,0.99970000,0.99970000,0.99960000,0.99960000,7267023.00000000,1703473199999,7264515.90300000,4408,3997122.00000000,3995922.86340000,0
1703473200000,0.99960000,0.99980000,0.99960000,0.99970000,11462690.00000000,1703476799999,11459453.25410000,3958,8655730.00000000,8653500.68430000,0
1703476800000,0.99980000,0.99990000,0.99970000,0.99980000,26790205.00000000,1703480399999,26784977.16140000,4640,15791343.00000000,15788458.56490000,0
1703480400000,0.99980000,0.99990000,0.99980000,0.99980000,8622946.00000000,1703483999999,8621667.43220000,3549,4460214.00000000,4459767.97860000,0
1703484000000,0.99990000,0.99990000,0.99970000,0.99970000,10342975.00000000,1703487599999,10340728.02910000,4684,6474881.00000000,6473595.94030000,0
1703487600000,0.99980000,0.99990000,0.99970000,0.99980000,10666616.00000000,1703491199999,10664982.65900000,4380,7026084.00000000,7025189.61390000,0
1703491200000,0.99980000,0.99990000,0.99980000,0.99980000,11829593.00000000,1703494799999,11828040.62900000,5224,8135476.00000000,8134662.45240000,0
1703494800000,0.99980000,0.99990000,0.99980000,0.99980000,10831836.00000000,1703498399999,10830114.88530000,4705,4452525.00000000,4452079.74750000,0
1703498400000,0.99980000,0.99990000,0.99980000,0.99980000,14029092.00000000,1703501999999,14026995.46410000,4651,7092825.00000000,7092115.71750000,0
1703502000000,0.99990000,0.99990000,0.99980000,0.99980000,27314017.00000000,1703505599999,27310180.14020000,7396,16259436.00000000,16257810.05640000,0
1703505600000,0.99980000,0.99990000,0.99970000,0.99980000,21112389.00000000,1703509199999,21108580.98680000,7653,7851435.00000000,7850395.47990000,0
1703509200000,0.99980000,0.99990000,0.99980000,0.99980000,13307054.00000000,1703512799999,13305203.46990000,5964,8108807.00000000,8107996.11930000,0
1703512800000,0.99990000,1.00000000,0.99980000,0.99990000,20212165.00000000,1703516399999,20209811.96770000,5217,14086627.00000000,14085397.90690000,0
1703516400000,1.00000000,1.00000000,0.99980000,0.99980000,17299087.00000000,1703519999999,17296872.34270000,4941,7507689.00000000,7507032.96680000,0
1703520000000,0.99980000,0.99990000,0.99980000,0.99980000,22438899.00000000,1703523599999,22435564.12450000,7286,11529043.00000000,11527890.09570000,0
1703523600000,0.99990000,1.00000000,0.99980000,0.99990000,15808936.00000000,1703527199999,15807973.75350000,7000,12160916.00000000,12160399.19110000,0
1703527200000,1.00000000,1.00000000,0.99980000,0.99980000,14932479.00000000,1703530799999,14931415.06530000,5150,6458778.00000000,6458610.87890000,0
1703530800000,0.99990000,1.00000000,0.99980000,0.99990000,11675147.00000000,1703534399999,11673868.70920000,3293,8583258.00000000,8582537.42540000,0
1703534400000,0.99990000,1.00000000,0.99980000,0.99980000,14773370.00000000,1703537999999,14771859.17630000,5458,4887772.00000000,4887585.39810000,0
1703538000000,0.99990000,0.99990000,0.99980000,0.99980000,16469577.00000000,1703541599999,16466719.15630000,8682,4595783.00000000,4595299.91510000,0
1703541600000,0.99990000,0.99990000,0.99980000,0.99980000,9367780.00000000,1703545199999,9366438.08670000,4363,5316427.00000000,5315895.35730000,0
1703545200000,0.99980000,0.99990000,0.99980000,0.99980000,9316232.00000000,1703548799999,9314669.79260000,5441,3010390.00000000,3010088.96100000,0
1703548800000,0.99990000,0.99990000,0.99970000,0.99980000,11484138.00000000,1703552399999,11482055.36790000,6837,4723282.00000000,4722593.52520000,0
1703552400000,0.99980000,0.99990000,0.99970000,0.99980000,15537501.00000000,1703555999999,15534778.60630000,5227,9421534.00000000,9420082.17660000,0
1703556000000,0.99980000,0.99990000,0.99980000,0.99980000,13019839.00000000,1703559599999,13018053.92420000,3778,8188920.00000000,8188101.10800000,0
1703559600000,0.99990000,0.99990000,0.99980000,0.99980000,7302434.00000000,1703563199999,7301342.53050000,5369,3690173.00000000,3689803.98270000,0
1703563200000,0.99990000,1.00000000,0.99980000,1.00000000,16680272.00000000,1703566799999,16678318.79870000,4173,12576064.00000000,12574891.17970000,0
1703566800000,1.00000000,1.00000000,0.99980000,0.99980000,21334164.00000000,1703570399999,21331335.57880000,11267,5397063.00000000,5396687.91430000,0
1703570400000,0.99980000,1.00000000,0.99980000,0.99990000,25643267.00000000,1703573999999,25640557.34020000,12379,17493192.00000000,17491857.38710000,0
1703574000000,0.99990000,1.00010000,0.99990000,0.99990000,21972868.00000000,1703577599999,21972348.20730000,10022,13177732.00000000,13177783.36250000,0
1703577600000,1.00000000,1.00010000,0.99990000,1.00000000,16874454.00000000,1703581199999,16874151.72850000,7785,9240277.00000000,9240413.66310000,0
1703581200000,1.00010000,1.00010000,1.00000000,1.00000000,27900995.00000000,1703584799999,27902463.71550000,6505,14687155.00000000,14688623.71550000,0
1703584800000,1.00010000,1.00020000,1.00000000,1.00020000,25218336.00000000,1703588399999,25220704.94980000,9101,11648943.00000000,11650420.23730000,0
1703588400000,1.00020000,1.00030000,1.00000000,1.00020000,20710959.00000000,1703591999999,20714436.74570000,6343,10263193.00000000,10265391.91630000,0
1703592000000,1.00030000,1.00030000,1.00000000,1.00000000,18835689.00000000,1703595599999,18837420.85670000,7882,10193715.00000000,10194819.04700000,0
1703595600000,1.00010000,1.00010000,1.00000000,1.00000000,10947368.00000000,1703599199999,10947985.65440000,6556,6176544.00000000,6177161.65440000,0
1703599200000,1.00010000,1.00020000,1.00000000,1.00010000,16555131.00000000,1703602799999,16556792.05050000,7897,9628736.00000000,9630031.05630000,0
1703602800000,1.00010000,1.00030000,1.00010000,1.00010000,31191112.00000000,1703606399999,31197299.16070000,9886,15437096.00000000,15440535.66080000,0
1703606400000,1.00020000,1.00040000,1.00010000,1.00030000,34065541.00000000,1703609999999,34074372.75230000,10906,20566774.00000000,20572524.05790000,0
1703610000000,1.00030000,1.00040000,1.00000000,1.00040000,47212503.00000000,1703613599999,47224162.78650000,16440,23355818.00000000,23362206.48410000,0
1703613600000,1.00030000,1.00060000,1.00030000,1.00050000,26319978.00000000,1703617199999,26330011.48690000,11165,17234954.00000000,17242107.04680000,0
1703617200000,1.00050000,1.00060000,1.00030000,1.00030000,20844160.00000000,1703620799999,20852982.32040000,6681,6869750.00000000,6873138.75450000,0
1703620800000,1.00030000,1.00040000,1.00020000,1.00020000,13675201.00000000,1703624399999,13679663.79140000,6913,5544125.00000000,5546283.14050000,0
1703624400000,1.00030000,1.00030000,1.00010000,1.00020000,15821818.00000000,1703627999999,15824994.26850000,6811,7322190.00000000,7323970.53920000,0
1703628000000,1.00010000,1.00020000,1.00010000,1.00010000,9006486.00000000,1703631599999,9007868.42030000,6880,4817717.00000000,4818680.54340000,0
1703631600000,1.00010000,1.00020000,1.00000000,1.00010000,8888458.00000000,1703635199999,8889545.81980000,5999,3607624.00000000,3608234.35260000,0
1703635200000,1.00010000,1.00020000,1.00000000,1.00010000,14382288.00000000,1703638799999,14383880.58860000,6529,7756746.00000000,7757807.63770000,0
1703638800000,1.00010000,1.00020000,1.00010000,1.00020000,8097245.00000000,1703642399999,8098285.82250000,6375,2310980.00000000,2311442.19600000,0
1703642400000,1.00010000,1.00030000,1.00000000,1.00000000,18821580.00000000,1703645999999,18824380.19090000,9158,9468754.00000000,9470653.02330000,0
1703646000000,1.00000000,1.00010000,1.00000000,1.00010000,13468423.00000000,1703649599999,13469187.26460000,5669,7642646.00000000,7643410.26460000,0
1703649600000,1.00000000,1.00010000,0.99990000,1.00010000,17276872.00000000,1703653199999,17277268.12920000,7083,7963189.00000000,7963614.65970000,0
1703653200000,1.00010000,1.00010000,1.00000000,1.00010000,8125180.00000000,1703656799999,8125581.67590000,5277,4016759.00000000,4017160.67590000,0
1703656800000,1.00000000,1.00010000,1.00000000,1.00000000,13846712.00000000,1703660399999,13847206.54660000,5581,4945466.00000000,4945960.54660000,0
1703660400000,1.00000000,1.00010000,1.00000000,1.00010000,22121234.00000000,1703663999999,22122612.97770000,4874,13789777.00000000,13791155.97770000,0
1703664000000,1.00000000,1.00020000,1.00000000,1.00010000,25177849.00000000,1703667599999,25179825.75100000,8971,12797637.00000000,12799145.05010000,0
1703667600000,1.00010000,1.00020000,0.99990000,1.00000000,22510566.00000000,1703671199999,22511343.50350000,6049,7307313.00000000,7307952.83850000,0
1703671200000,0.99990000,1.00010000,0.99990000,1.00000000,31225087.00000000,1703674799999,31225176.44840000,8781,15455946.00000000,15456469.83280000,0
1703674800000,0.99990000,1.00010000,0.99990000,1.00000000,52176079.00000000,1703678399999,52176387.33410000,11780,29455887.00000000,29456729.57200000,0
1703678400000,1.00000000,1.00060000,1.00000000,1.00010000,62682459.00000000,1703681999999,62692654.49710000,9832,29257838.00000000,29262705.53270000,0
1703682000000,1.00000000,1.00010000,0.99990000,1.00000000,47870730.00000000,1703685599999,47871051.89010000,9664,19773405.00000000,19774363.55040000,0
1703685600000,0.99990000,1.00000000,0.99980000,0.99990000,24168643.00000000,1703689199999,24166970.08310000,8439,10615394.00000000,10615176.20570000,0
1703689200000,0.99990000,1.00000000,0.99980000,0.99980000,40069742.00000000,1703692799999,40064505.06060000,10372,19749540.00000000,19747595.84910000,0
1703692800000,0.99990000,0.99990000,0.99970000,0.99970000,48127944.00000000,1703696399999,48118366.13200000,13205,18513959.00000000,18510892.01520000,0
1703696400000,0.99970000,0.99980000,0.99960000,0.99960000,34355354.00000000,1703699999999,34345529.57710000,9066,17220294.00000000,17215943.85050000,0
1703700000000,0.99970000,0.99980000,0.99950000,0.99970000,35529755.00000000,1703703599999,35517700.50630000,10144,19837240.00000000,19831080.10190000,0
1703703600000,0.99970000,0.99980000,0.99950000,0.99960000,20176872.00000000,1703707199999,20169670.65820000,5686,7975082.00000000,7972399.78720000,0
1703707200000,0.99960000,0.99970000,0.99950000,0.99960000,18740393.00000000,1703710799999,18733557.23300000,7055,7916530.00000000,7914071.11450000,0
1703710800000,0.99950000,0.99970000,0.99930000,0.99960000,27282548.00000000,1703714399999,27268959.69480000,6247,12038752.00000000,12032857.19170000,0
1703714400000,0.99970000,0.99970000,0.99930000,0.99950000,37656970.00000000,1703717999999,37636372.15830000,11029,13289621.00000000,13282312.08410000,0
1703718000000,0.99950000,0.99990000,0.99920000,0.99930000,49853284.00000000,1703721599999,49830350.67870000,10313,28166882.00000000,28154813.79140000,0
1703721600000,0.99930000,0.99960000,0.99920000,0.99930000,62443788.00000000,1703725199999,62404406.23540000,14787,27581179.00000000,27564635.92630000,0
1703725200000,0.99930000,0.99950000,0.99910000,0.99920000,43984869.00000000,1703728799999,43954338.93040000,10412,20454891.00000000,20440861.09600000,0
1703728800000,0.99930000,0.99940000,0.99920000,0.99920000,22621128.00000000,1703732399999,22604554.86410000,7864,9822831.00000000,9815999.38910000,0
1703732400000,0.99930000,0.99940000,0.99920000,0.99940000,24923248.00000000,1703735999999,24905177.12550000,7390,14838435.00000000,14828126.94260000,0
1703736000000,0.99930000,0.99950000,0.99930000,0.99940000,13988112.00000000,1703739599999,13979262.35490000,7195,7158902.00000000,7154628.48260000,0
1703739600000,0.99940000,0.99990000,0.99920000,0.99960000,50437115.00000000,1703743199999,50412239.44740000,9819,29461161.00000000,29447279.52260000,0
1703743200000,0.99950000,0.99970000,0.99950000,0.99970000,22704514.00000000,1703746799999,22696088.75740000,5931,12041891.00000000,12037826.12380000,0
1703746800000,0.99970000,0.99970000,0.99960000,0.99960000,19827380.00000000,1703750399999,19820151.45650000,6282,7024085.00000000,7021977.77450000,0
1703750400000,0.99970000,0.99970000,0.99950000,0.99960000,24028599.00000000,1703753999999,24019227.54070000,5806,9540492.00000000,9537182.00610000,0
1703754000000,0.99970000,0.99970000,0.99950000,0.99960000,23563720.00000000,1703757599999,23553747.71610000,6584,5785318.00000000,5783299.28830000,0
1703757600000,0.99950000,0.99970000,0.99950000,0.99960000,24796341.00000000,1703761199999,24786809.66410000,6983,14469859.00000000,14464847.51480000,0
1703761200000,0.99960000,0.99970000,0.99930000,0.99940000,30061872.00000000,1703764799999,30046696.45390000,8935,13104216.00000000,13097792.86920000,0
1703764800000,0.99950000,0.99960000,0.99940000,0.99960000,21792214.00000000,1703768399999,21781459.52140000,8454,11982470.00000000,11976819.50320000,0
1703768400000,0.99950000,0.99980000,0.99950000,0.99980000,41952158.00000000,1703771999999,41937782.11040000,13557,26577773.00000000,26569488.78330000,0
1703772000000,0.99970000,1.00000000,0.99970000,0.99990000,45424581.00000000,1703775599999,45417530.76410000,12250,26496550.00000000,26493495.88240000,0
1703775600000,0.99990000,0.99990000,0.99970000,0.99980000,21325583.00000000,1703779199999,21321308.71400000,7753,8493424.00000000,8492165.66950000,0
1703779200000,0.99970000,0.99990000,0.99970000,0.99990000,19695786.00000000,1703782799999,19692536.98140000,8138,12086325.00000000,12084645.48920000,0
1703782800000,0.99990000,0.99990000,0.99970000,0.99970000,18299418.00000000,1703786399999,18295810.90250000,10396,5210401.00000000,5209672.61390000,0
1703786400000,0.99980000,0.99980000,0.99970000,0.99970000,11923045.00000000,1703789999999,11920043.99870000,6872,5759122.00000000,5757970.17560000,0
1703790000000,0.99970000,0.99990000,0.99970000,0.99980000,13042861.00000000,1703793599999,13040725.33930000,5816,9217987.00000000,9216634.33190000,0
1703793600000,0.99990000,0.99990000,0.99970000,0.99980000,15009469.00000000,1703797199999,15006096.49230000,7670,2503160.00000000,2502815.17750000,0
1703797200000,0.99970000,0.99980000,0.99960000,0.99960000,11123590.00000000,1703800799999,11120259.40430000,5836,3321436.00000000,3320724.11770000,0
1703800800000,0.99970000,0.99970000,0.99950000,0.99960000,21000053.00000000,1703804399999,20991985.81570000,5203,9738602.00000000,9735110.84130000,0
1703804400000,0.99960000,0.99970000,0.99950000,0.99960000,12032048.00000000,1703807999999,12027480.62960000,4227,4682316.00000000,4680704.57530000,0
1703808000000,0.99970000,0.99970000,0.99950000,0.99950000,16628796.00000000,1703811599999,16621491.91560000,6037,8094570.00000000,8091439.16280000,0
1703811600000,0.99950000,0.99960000,0.99940000,0.99950000,28338539.00000000,1703815199999,28324788.39370000,10288,13087038.00000000,13081226.91100000,0
1703815200000,0.99950000,0.99970000,0.99950000,0.99960000,20893303.00000000,1703818799999,20885024.49200000,6707,12532687.00000000,12528213.52790000,0
1703818800000,0.99970000,0.99970000,0.99960000,0.99960000,14399922.00000000,1703822399999,14394771.63890000,8317,6096077.00000000,6094248.17690000,0
1703822400000,0.99960000,0.99970000,0.99960000,0.99960000,8418512.00000000,1703825999999,8415536.29860000,4370,3917034.00000000,3915858.88980000,0
1703826000000,0.99970000,0.99970000,0.99960000,0.99960000,10744714.00000000,1703829599999,10741067.69940000,5669,6515850.00000000,6513895.24500000,0
1703829600000,0.99970000,0.99970000,0.99960000,0.99960000,17933544.00000000,1703833199999,17927611.90790000,6157,12413255.00000000,12409531.02350000,0
1703833200000,0.99960000,0.99970000,0.99940000,0.99940000,35916237.00000000,1703836799999,35901932.01070000,10606,8389757.00000000,8387107.09420000,0
1703836800000,0.99950000,0.99960000,0.99930000,0.99940000,44254602.00000000,1703840399999,44229887.16780000,7653,19306415.00000000,19296165.15840000,0
1703840400000,0.99950000,0.99960000,0.99930000,0.99950000,27568370.00000000,1703843999999,27553835.16280000,6226,14351029.00000000,14343888.83440000,0
1703844000000,0.99960000,0.99960000,0.99930000,0.99940000,27116564.00000000,1703847599999,27101648.86030000,7146,8842941.00000000,8838300.22810000,0
1703847600000,0.99940000,0.99950000,0.99930000,0.99930000,17565531.00000000,1703851199999,17554524.33680000,5808,7792052.00000000,7787440.79480000,0
1703851200000,0.99930000,0.99950000,0.99930000,0.99940000,22761179.00000000,1703854799999,22747379.46630000,8598,12804678.00000000,12797202.93570000,0
1703854800000,0.99950000,0.99950000,0.99930000,0.99940000,25667476.00000000,1703858399999,25652620.21010000,4983,12618661.00000000,12611769.32120000,0
1703858400000,0.99950000,0.99950000,0.99930000,0.99940000,28171088.00000000,1703861999999,28154582.60620000,8349,12699023.00000000,12691966.98890000,0
1703862000000,0.99940000,0.99950000,0.99930000,0.99940000,36410954.00000000,1703865599999,36388870.55250000,10079,16977531.00000000,16967764.95510000,0
1703865600000,0.99940000,0.99970000,0.99940000,0.99960000,31415606.00000000,1703869199999,31401359.76690000,11864,20560502.00000000,20551873.56250000,0
1703869200000,0.99960000,0.99990000,0.99950000,0.99980000,70652794.00000000,1703872799999,70633442.94440000,16882,48439641.00000000,48427279.49450000,0
1703872800000,0.99990000,0.99990000,0.99970000,0.99980000,21918831.00000000,1703876399999,21915688.55920000,10723,16404228.00000000,16402216.58640000,0
1703876400000,0.99990000,1.00000000,0.99980000,0.99990000,14456930.00000000,1703879999999,14456332.38130000,4615,9591047.00000000,9590940.07800000,0
1703880000000,0.99990000,1.00020000,0.99990000,1.00000000,26058429.00000000,1703883599999,26059806.05340000,7910,17377015.00000000,17378309.62630000,0
1703883600000,1.00000000,1.00020000,1.00000000,1.00000000,13543764.00000000,1703887199999,13544726.76580000,6074,6288808.00000000,6289475.63090000,0
1703887200000,1.00010000,1.00010000,0.99970000,0.99980000,18246837.00000000,1703890799999,18243908.51440000,7328,8147475.00000000,8146279.33180000,0
1703890800000,0.99980000,0.99990000,0.99980000,0.99980000,5391241.00000000,1703894399999,5390404.12440000,3492,2413726.00000000,2413484.62740000,0
1703894400000,0.99990000,0.99990000,0.99980000,0.99990000,9230889.00000000,1703897999999,9229613.89000000,5105,5710678.00000000,5710106.93220000,0
1703898000000,0.99980000,1.00000000,0.99980000,0.99990000,8766235.00000000,1703901599999,8765474.88960000,4520,7049318.00000000,7048764.17030000,0
1703901600000,1.00000000,1.00000000,0.99990000,0.99990000,9327831.00000000,1703905199999,9327517.53220000,5697,6193153.00000000,6193153.00000000,0
1703905200000,0.99990000,1.00000000,0.99990000,0.99990000,6219768.00000000,1703908799999,6219348.91670000,4077,2028935.00000000,2028935.00000000,0
1703908800000,1.00000000,1.00000000,0.99990000,1.00000000,9563071.00000000,1703912399999,9562660.23130000,3738,5455384.00000000,5455384.00000000,0
1703912400000,0.99990000,1.00010000,0.99990000,1.00010000,13912441.00000000,1703915999999,13912397.36830000,4748,9190951.00000000,9191004.92790000,0
1703916000000,1.00010000,1.00010000,0.99980000,0.99990000,31054883.00000000,1703919599999,31051711.54400000,7157,11232218.00000000,11231481.73700000,0
1703919600000,0.99990000,1.00000000,0.99980000,0.99990000,6922835.00000000,1703923199999,6922281.35870000,4669,5610190.00000000,5609780.47060000,0
1703923200000,1.00000000,1.00000000,0.99990000,0.99990000,8703660.00000000,1703926799999,8703241.84520000,5773,4522112.00000000,4522112.00000000,0
1703926800000,0.99990000,1.00000000,0.99990000,1.00000000,16065516.00000000,1703930399999,16064944.73920000,7116,10352908.00000000,10352908.00000000,0
1703930400000,1.00000000,1.00010000,0.99990000,0.99990000,16205520.00000000,1703933999999,16204984.98610000,4488,5570201.00000000,5570211.77440000,0
1703934000000,0.99990000,1.00000000,0.99980000,1.00000000,24457384.00000000,1703937599999,24455968.23450000,4561,10424902.00000000,10424897.07600000,0
1703937600000,0.99990000,1.00010000,0.99990000,1.00010000,18614746.00000000,1703941199999,18614838.07910000,7423,16509980.00000000,16510256.57720000,0
1703941200000,1.00010000,1.00010000,1.00000000,1.00010000,8077133.00000000,1703944799999,8077514.39650000,4647,3813965.00000000,3814346.39650000,0
1703944800000,1.00010000,1.00020000,1.00000000,1.00000000,14425917.00000000,1703948399999,14426956.75050000,4295,6268088.00000000,6268730.11040000,0
1703948400000,1.00000000,1.00020000,0.99990000,1.00020000,9204579.00000000,1703951999999,9205202.48400000,4623,5975237.00000000,5975834.51310000,0
1703952000000,1.00020000,1.00020000,1.00000000,1.00010000,24508891.00000000,1703955599999,24511262.47920000,7580,12969419.00000000,12970946.96390000,0
1703955600000,1.00010000,1.00020000,1.00000000,1.00010000,9793587.00000000,1703959199999,9794625.01500000,5848,5571106.00000000,5571805.36380000,0
1703959200000,1.00020000,1.00020000,1.00010000,1.00010000,6756093.00000000,1703962799999,6757054.64430000,5751,2860350.00000000,2860922.07000000,0
1703962800000,1.00020000,1.00020000,1.00000000,1.00000000,6320254.00000000,1703966399999,6321045.77780000,3243,2206711.00000000,2207128.51130000,0
1703966400000,1.00000000,1.00010000,1.00000000,1.00010000,5614663.00000000,1703969999999,5614912.89190000,2702,2498919.00000000,2499168.89190000,0
1703970000000,1.00010000,1.00010000,1.00000000,1.00000000,4657769.00000000,1703973599999,4657976.93790000,3226,2079379.00000000,2079586.93790000,0
1703973600000,1.00000000,1.00010000,1.00000000,1.00000000,4441154.00000000,1703977199999,4441251.58500000,3041,975850.00000000,975947.58500000,0
1703977200000,1.00000000,1.00010000,0.99990000,1.00000000,7635879.00000000,1703980799999,7636050.85890000,3883,2758559.00000000,2758807.31230000,0
1703980800000,1.00000000,1.00010000,0.99990000,1.00010000,12714698.00000000,1703984399999,12714985.88980000,5798,9667917.00000000,9668349.45820000,0
1703984400000,1.00010000,1.00010000,1.00000000,1.00000000,3500192.00000000,1703987999999,3500371.44400000,4734,1794440.00000000,1794619.44400000,0
1703988000000,1.00000000,1.00010000,1.00000000,1.00010000,7522768.00000000,1703991599999,7522998.43470000,4731,2304347.00000000,2304577.43470000,0
1703991600000,1.00010000,1.00010000,1.00000000,1.00010000,5750906.00000000,1703995199999,5751184.63500000,3314,2786350.00000000,2786628.63500000,0
1703995200000,1.00010000,1.00010000,1.00000000,1.00010000,9372051.00000000,1703998799999,9372748.31580000,5402,6973158.00000000,6973855.31580000,0
1703998800000,1.00010000,1.00020000,1.00000000,1.00020000,9330845.00000000,1704002399999,9332196.38070000,4407,5793871.00000000,5794885.15760000,0
1704002400000,1.00010000,1.00020000,1.00010000,1.00020000,3477833.00000000,1704005999999,3478417.90500000,2724,2371217.00000000,2371691.24340000,0
1704006000000,1.00020000,1.00040000,1.00010000,1.00020000,18393287.00000000,1704009599999,18398469.32660000,5954,9720672.00000000,9723596.88650000,0
1704009600000,1.00030000,1.00030000,1.00020000,1.00030000,5244859.00000000,1704013199999,5246269.39620000,2969,3614244.00000000,3615328.27320000,0
1704013200000,1.00030000,1.00050000,1.00020000,1.00030000,22872673.00000000,1704016799999,22880844.62840000,7642,14003925.00000000,14009110.83630000,0
1704016800000,1.00040000,1.00050000,1.00010000,1.00020000,17730977.00000000,1704020399999,17736229.34970000,5608,5877443.00000000,5879223.71860000,0
1704020400000,1.00020000,1.00040000,1.00010000,1.00030000,14019782.00000000,1704023999999,14023384.11970000,5761,8659782.00000000,8662203.07040000,0
1704024000000,1.00030000,1.00040000,1.00030000,1.00030000,6303967.00000000,1704027599999,6306126.14970000,6386,2679596.00000000,2680667.83840000,0
1704027600000,1.00030000,1.00040000,1.00030000,1.00030000,7930425.00000000,1704031199999,7933101.43110000,4884,2973036.00000000,2974225.21440000,0
1704031200000,1.00030000,1.00040000,1.00030000,1.00040000,4984677.00000000,1704034799999,4986392.04190000,4080,2196388.00000000,2197266.55520000,0
1704034800000,1.00030000,1.00040000,1.00020000,1.00030000,14890245.00000000,1704038399999,14895023.36170000,6869,8326964.00000000,8329938.91930000,0
1704038400000,1.00030000,1.00060000,1.00030000,1.00040000,14441984.00000000,1704041999999,14448189.73980000,6476,6177056.00000000,6179752.59420000,0
1704042000000,1.00030000,1.00040000,1.00030000,1.00030000,6271631.00000000,1704045599999,6273873.67350000,5569,3611842.00000000,3613286.73680000,0
1704045600000,1.00040000,1.00050000,1.00030000,1.00040000,8914003.00000000,1704049199999,8917537.63910000,5166,5953360.00000000,5955880.95440000,0
1704049200000,1.00040000,1.00050000,1.00040000,1.00040000,5932057.00000000,1704052799999,5934695.04550000,3259,2652227.00000000,2653553.11350000,0
1704052800000,1.00050000,1.00050000,1.00040000,1.00040000,6928056.00000000,1704056399999,6931132.78850000,4386,3055661.00000000,3057188.83050000,0
1704056400000,1.00040000,1.00050000,1.00040000,1.00040000,7868545.00000000,1704059999999,7872161.23600000,4664,4688180.00000000,4690524.09000000,0
1704060000000,1.00050000,1.00060000,1.00010000,1.00020000,23042784.00000000,1704063599999,23050891.16810000,9444,10801742.00000000,10805715.53920000,0
1704063600000,1.00030000,1.00040000,1.00020000,1.00030000,14611411.00000000,1704067199999,14615376.28580000,5212,6487029.00000000,6489063.40220000,0
