1646092800000,0.99970000,0.99980000,0.99970000,0.99970000,10137068.00000000,1646096399999,10134519.14970000,4628,4922701.00000000,4921716.45980000,0
1646096400000,0.99980000,0.99980000,0.99960000,0.99980000,12179686.00000000,1646099999999,12176009.59870000,4916,7161124.00000000,7159062.92880000,0
1646100000000,0.99970000,0.99990000,0.99970000,0.99970000,14021595.00000000,1646103599999,14018400.11270000,3743,5336759.00000000,5335758.26240000,0
1646103600000,0.99970000,0.99980000,0.99970000,0.99970000,3932530.00000000,1646107199999,3931555.96020000,1318,2057192.00000000,2056780.56160000,0
1646107200000,0.99970000,0.99980000,0.99970000,0.99970000,3785974.00000000,1646110799999,3784895.79440000,1917,575866.00000000,575750.82680000,0
1646110800000,0.99980000,0.99990000,0.99960000,0.99990000,15162103.00000000,1646114399999,15158106.49760000,4036,11470404.00000000,11467411.89520000,0
1646114400000,0.99980000,0.99990000,0.99970000,0.99970000,7059855.00000000,1646117999999,7058256.37790000,2492,1188206.00000000,1187990.02420000,0
1646118000000,0.99980000,0.99980000,0.99970000,0.99980000,8232734.00000000,1646121599999,8230598.39990000,1750,3342201.00000000,3341532.55980000,0
1646121600000,0.99980000,0.99980000,0.99970000,0.99970000,7373999.00000000,1646125199999,7372118.51510000,2519,3317148.00000000,3316484.57040000,0
1646125200000,0.99970000,0.99980000,0.99970000,0.99970000,8044847.00000000,1646128799999,8042686.96230000,3378,2534164.00000000,2533657.16720000,0
1646128800000,0.99970000,0.99980000,0.99970000,0.99970000,5757525.00000000,1646132399999,5755935.59080000,3554,1378483.00000000,1378207.30340000,0
1646132400000,0.99970000,0.99980000,0.99970000,0.99970000,5697586.00000000,1646135999999,5695995.06280000,3122,1183386.00000000,1183149.32280000,0
1646136000000,0.99980000,0.99980000,0.99960000,0.99980000,21417688.00000000,1646139599999,21411419.03660000,8267,9970062.00000000,9967281.32560000,0
1646139600000,0.99970000,0.99980000,0.99960000,0.99960000,13385766.00000000,1646143199999,13381437.57520000,7844,6343578.00000000,6341728.91340000,0
1646143200000,0.99960000,0.99970000,0.99960000,0.99970000,12376379.00000000,1646146799999,12371912.47510000,5861,4840267.00000000,4838814.91990000,0
1646146800000,0.99960000,0.99970000,0.99950000,0.99960000,12917446.00000000,1646150399999,12911971.52180000,6777,5376777.00000000,5374700.36340000,0
1646150400000,0.99960000,0.99960000,0.99950000,0.99960000,8988714.00000000,1646153999999,8984868.15870000,4453,6485157.00000000,6482562.93720000,0
1646154000000,0.99960000,0.99960000,0.99950000,0.99950000,6163294.00000000,1646157599999,6160687.72930000,3711,4753763.00000000,4751861.49480000,0
1646157600000,0.99950000,0.99990000,0.99950000,0.99960000,39353456.00000000,1646161199999,39342272.60940000,12906,12898434.00000000,12894652.27140000,0
1646161200000,0.99960000,0.99970000,0.99950000,0.99950000,9379811.00000000,1646164799999,9376153.13830000,5224,2128732.00000000,2128027.22470000,0
1646164800000,0.99950000,0.99960000,0.99950000,0.99960000,2648532.00000000,1646168399999,2647302.47040000,1568,947364.00000000,946985.05440000,0
1646168400000,0.99960000,0.99960000,0.99950000,0.99960000,10679715.00000000,1646171999999,10675079.67370000,3466,7045312.00000000,7042493.87520000,0
1646172000000,0.99960000,0.99970000,0.99950000,0.99960000,7929019.00000000,1646175599999,7926015.12810000,4159,5328003.00000000,5326049.59830000,0
1646175600000,0.99970000,0.99970000,0.99960000,0.99970000,3618235.00000000,1646179199999,3616873.98940000,2337,862834.00000000,862575.14980000,0
1646179200000,0.99960000,0.99970000,0.99960000,0.99960000,3755661.00000000,1646182799999,3754286.57070000,2884,1278351.00000000,1277967.49470000,0
1646182800000,0.99970000,0.99970000,0.99960000,0.99960000,2247361.00000000,1646186399999,2246619.98840000,1715,1579328.00000000,1578854.20160000,0
1646186400000,0.99970000,0.99980000,0.99960000,0.99980000,8640238.00000000,1646189999999,8637672.24720000,3134,7457293.00000000,7455150.99760000,0
1646190000000,0.99970000,0.99980000,0.99970000,0.99980000,7128268.00000000,1646193599999,7126300.94530000,4745,1714257.00000000,1713914.14860000,0
1646193600000,0.99980000,0.99980000,0.99960000,0.99960000,10199040.00000000,1646197199999,10195957.74060000,5049,2117370.00000000,2116884.46180000,0
1646197200000,0.99960000,0.99970000,0.99950000,0.99970000,13073592.00000000,1646200799999,13068428.43790000,4506,7183150.00000000,7180359.33890000,0
1646200800000,0.99960000,0.99970000,0.99950000,0.99950000,9122402.00000000,1646204399999,9118670.42260000,2125,5388285.00000000,5386142.11270000,0
1646204400000,0.99950000,0.99970000,0.99950000,0.99960000,6409643.00000000,1646207999999,6406958.45550000,2111,5018178.00000000,5016170.97410000,0
1646208000000,0.99960000,0.99980000,0.99960000,0.99970000,9944947.00000000,1646211599999,9941703.71210000,4393,3606652.00000000,3605571.96090000,0
1646211600000,0.99970000,0.99980000,0.99960000,0.99960000,8842818.00000000,1646215199999,8839836.47270000,4827,2502236.00000000,2501489.43740000,0
1646215200000,0.99960000,0.99970000,0.99960000,0.99970000,13265691.00000000,1646218799999,13261072.06400000,4512,6873404.00000000,6871341.97880000,0
1646218800000,0.99960000,0.99980000,0.99960000,0.99960000,18676294.00000000,1646222399999,18670349.57860000,6741,8599648.00000000,8597090.56270000,0
1646222400000,0.99960000,0.99970000,0.99950000,0.99960000,8015404.00000000,1646225999999,8012280.92380000,2142,1753279.00000000,1752689.39680000,0
1646226000000,0.99960000,0.99980000,0.99950000,0.99960000,21495511.00000000,1646229599999,21488282.94330000,8995,10699886.00000000,10696048.70270000,0
1646229600000,0.99970000,0.99970000,0.99960000,0.99960000,10783810.00000000,1646233199999,10779989.72360000,2536,4932476.00000000,4930996.25720000,0
1646233200000,0.99970000,0.99980000,0.99960000,0.99970000,24137229.00000000,1646236799999,24129674.80690000,6567,12975706.00000000,12971860.60590000,0
1646236800000,0.99960000,0.99970000,0.99960000,0.99960000,6674333.00000000,1646240399999,6671962.43600000,1987,2991692.00000000,2990794.49240000,0
1646240400000,0.99970000,0.99970000,0.99960000,0.99960000,3438535.00000000,1646243999999,3437386.40160000,1869,2268156.00000000,2267475.55320000,0
1646244000000,0.99970000,0.99970000,0.99960000,0.99970000,4147945.00000000,1646247599999,4146547.33400000,1885,2615120.00000000,2614335.46400000,0
1646247600000,0.99960000,0.99970000,0.99960000,0.99970000,6793344.00000000,1646251199999,6791169.91770000,2399,5432553.00000000,5430923.23410000,0
1646251200000,0.99970000,0.99970000,0.99960000,0.99960000,3291369.00000000,1646254799999,3290269.14550000,1756,2166931.00000000,2166280.92070000,0
1646254800000,0.99970000,0.99970000,0.99960000,0.99970000,2696858.00000000,1646258399999,2695874.61330000,1264,953565.00000000,953278.93050000,0
1646258400000,0.99960000,0.99970000,0.99960000,0.99960000,2448053.00000000,1646261999999,2447125.69470000,1692,519159.00000000,519003.25230000,0
1646262000000,0.99960000,0.99970000,0.99960000,0.99970000,2420314.00000000,1646265599999,2419419.28820000,1213,734138.00000000,733917.75860000,0
1646265600000,0.99960000,0.99970000,0.99960000,0.99960000,3596381.00000000,1646269199999,3595102.32830000,1867,1598807.00000000,1598327.35790000,0
1646269200000,0.99970000,0.99970000,0.99960000,0.99970000,2740302.00000000,1646272799999,2739306.35010000,1360,1004709.00000000,1004407.58730000,0
1646272800000,0.99960000,0.99970000,0.99960000,0.99960000,1937580.00000000,1646276399999,1936935.05850000,1097,1300905.00000000,1300514.72850000,0
1646276400000,0.99970000,0.99970000,0.99960000,0.99960000,3532966.00000000,1646279999999,3531717.38200000,1588,1645684.00000000,1645190.29480000,0
1646280000000,0.99970000,0.99970000,0.99960000,0.99970000,9687529.00000000,1646283599999,9684301.18680000,2207,6471984.00000000,6470042.40480000,0
1646283600000,0.99960000,0.99980000,0.99960000,0.99970000,5067470.00000000,1646287199999,5065933.56980000,2114,4427590.00000000,4426296.15360000,0
1646287200000,0.99970000,0.99980000,0.99970000,0.99970000,3640008.00000000,1646290799999,3639060.53320000,2063,1445356.00000000,1445066.92880000,0
1646290800000,0.99970000,0.99980000,0.99970000,0.99970000,4265235.00000000,1646294399999,4264181.77250000,1752,2263430.00000000,2262977.31400000,0
1646294400000,0.99970000,0.99980000,0.99970000,0.99980000,3000499.00000000,1646297999999,2999680.07220000,1690,812219.00000000,812056.55620000,0
1646298000000,0.99970000,0.99980000,0.99970000,0.99980000,3642254.00000000,1646301599999,3641340.27760000,1407,1789538.00000000,1789180.09240000,0
1646301600000,0.99970000,0.99980000,0.99970000,0.99980000,6431221.00000000,1646305199999,6429592.24430000,1287,3006106.00000000,3005504.77880000,0
1646305200000,0.99980000,0.99980000,0.99970000,0.99970000,2952932.00000000,1646308799999,2952189.92760000,1094,1438072.00000000,1437784.38560000,0
1646308800000,0.99980000,0.99980000,0.99970000,0.99970000,7112089.00000000,1646312399999,7110106.69080000,2125,1513175.00000000,1512872.36500000,0
1646312400000,0.99970000,0.99980000,0.99970000,0.99980000,6398282.00000000,1646315999999,6396555.41210000,1625,1928967.00000000,1928581.20660000,0
1646316000000,0.99980000,0.99980000,0.99970000,0.99970000,6776223.00000000,1646319599999,6774490.29400000,1641,3001609.00000000,3001008.67820000,0
1646319600000,0.99970000,0.99980000,0.99970000,0.99980000,8637334.00000000,1646323199999,8635264.84990000,3093,5220501.00000000,5219456.89980000,0
1646323200000,0.99980000,0.99980000,0.99970000,0.99980000,12086019.00000000,1646326799999,12083131.76570000,6046,7385714.00000000,7384236.85720000,0
1646326800000,0.99980000,0.99980000,0.99970000,0.99980000,5334665.00000000,1646330399999,5333474.00830000,4543,4094078.00000000,4093259.18440000,0
1646330400000,0.99970000,0.99990000,0.99970000,0.99990000,5980497.00000000,1646333999999,5979304.75440000,2703,5321095.00000000,5320075.87120000,0
1646334000000,0.99980000,0.99990000,0.99980000,0.99990000,2240654.00000000,1646337599999,2240340.84880000,1134,1349796.00000000,1349661.02040000,0
1646337600000,0.99980000,0.99990000,0.99980000,0.99990000,4619301.00000000,1646341199999,4618515.22650000,1282,1380867.00000000,1380728.91330000,0
1646341200000,0.99980000,1.00000000,0.99980000,1.00000000,13536321.00000000,1646344799999,13534883.16320000,5756,10490128.00000000,10489295.10470000,0
1646344800000,1.00000000,1.00010000,0.99990000,1.00010000,4435279.00000000,1646348399999,4435372.66280000,1381,2802747.00000000,2802868.96710000,0
1646348400000,1.00000000,1.00010000,1.00000000,1.00000000,3562533.00000000,1646351999999,3562704.05030000,1925,1710503.00000000,1710674.05030000,0
1646352000000,1.00000000,1.00010000,1.00000000,1.00000000,8101157.00000000,1646355599999,8101303.24750000,4189,1462475.00000000,1462621.24750000,0
1646355600000,1.00000000,1.00010000,0.99980000,0.99980000,12491364.00000000,1646359199999,12490335.89920000,6073,5693859.00000000,5693417.79230000,0
1646359200000,0.99990000,0.99990000,0.99980000,0.99980000,2814568.00000000,1646362799999,2814202.28770000,2237,1972013.00000000,1971815.79870000,0
1646362800000,0.99990000,0.99990000,0.99980000,0.99990000,4527397.00000000,1646366399999,4526854.37440000,5055,3628538.00000000,3628175.14620000,0
1646366400000,0.99990000,0.99990000,0.99980000,0.99990000,5618327.00000000,1646369999999,5617661.93170000,5838,4585971.00000000,4585512.40290000,0
1646370000000,0.99990000,0.99990000,0.99970000,0.99980000,24098159.00000000,1646373599999,24093429.98720000,4563,11627891.00000000,11625790.48320000,0
1646373600000,0.99990000,0.99990000,0.99980000,0.99990000,3411083.00000000,1646377199999,3410657.81600000,2495,2570326.00000000,2570068.96740000,0
1646377200000,0.99990000,1.00000000,0.99980000,0.99990000,8010957.00000000,1646380799999,8010161.95070000,1679,1673012.00000000,1672866.88060000,0
1646380800000,0.99990000,1.00000000,0.99990000,0.99990000,3370930.00000000,1646384399999,3370729.16110000,1829,1362541.00000000,1362541.00000000,0
1646384400000,1.00000000,1.00000000,0.99990000,1.00000000,3873431.00000000,1646387999999,3873173.74690000,2182,1300900.00000000,1300900.00000000,0
1646388000000,0.99990000,1.00000000,0.99970000,0.99970000,13064312.00000000,1646391599999,13062733.27660000,3832,4847567.00000000,4847201.98190000,0
1646391600000,0.99980000,0.99980000,0.99970000,0.99970000,8528302.00000000,1646395199999,8526393.32760000,4366,6498182.00000000,6496882.36360000,0
1646395200000,0.99980000,0.99990000,0.99970000,0.99980000,5710777.00000000,1646398799999,5709706.52910000,2389,4539941.00000000,4539126.17350000,0
1646398800000,0.99990000,0.99990000,0.99980000,0.99990000,6053773.00000000,1646402399999,6053009.97920000,2097,4477338.00000000,4476890.26620000,0
1646402400000,0.99990000,0.99990000,0.99980000,0.99990000,5016923.00000000,1646405999999,5016176.53360000,2757,2569182.00000000,2568925.08180000,0
1646406000000,0.99990000,0.99990000,0.99980000,0.99990000,6566332.00000000,1646409599999,6565420.82830000,4800,4020947.00000000,4020544.90530000,0
1646409600000,0.99990000,0.99990000,0.99980000,0.99990000,5815252.00000000,1646413199999,5814456.38570000,4245,3674361.00000000,3673993.56390000,0
1646413200000,0.99980000,0.99990000,0.99980000,0.99990000,3523250.00000000,1646416799999,3522802.01610000,3163,2566661.00000000,2566404.33390000,0
1646416800000,0.99990000,0.99990000,0.99980000,0.99990000,5510622.00000000,1646420399999,5509781.34830000,3027,2614727.00000000,2614465.52730000,0
1646420400000,0.99980000,1.00000000,0.99980000,1.00000000,7340031.00000000,1646423999999,7339325.44090000,4864,4988106.00000000,4987712.23920000,0
1646424000000,0.99990000,1.00000000,0.99990000,0.99990000,7653832.00000000,1646427599999,7653248.89330000,3708,1822765.00000000,1822765.00000000,0
1646427600000,0.99990000,1.00000000,0.99990000,0.99990000,3957876.00000000,1646431199999,3957607.11310000,3430,1269007.00000000,1269007.00000000,0
1646431200000,0.99990000,1.00000000,0.99980000,0.99980000,6135895.00000000,1646434799999,6135324.53070000,4039,3297073.00000000,3296839.42500000,0
1646434800000,0.99990000,0.99990000,0.99980000,0.99980000,4002052.00000000,1646438399999,4001401.35530000,1113,1497657.00000000,1497507.23430000,0
1646438400000,0.99980000,0.99990000,0.99980000,0.99980000,3870628.00000000,1646441999999,3869968.45370000,3100,1145793.00000000,1145678.42070000,0
1646442000000,0.99980000,0.99990000,0.99980000,0.99980000,2512705.00000000,1646445599999,2512273.78490000,2002,713259.00000000,713187.67410000,0
1646445600000,0.99980000,0.99990000,0.99980000,0.99980000,2870754.00000000,1646449199999,2870346.07410000,1271,1662249.00000000,1662082.77510000,0
1646449200000,0.99980000,0.99990000,0.99980000,0.99980000,2461859.00000000,1646452799999,2461493.01760000,1463,1263894.00000000,1263767.61060000,0
1646452800000,0.99980000,0.99990000,0.99980000,0.99990000,2165643.00000000,1646456399999,2165297.82860000,1297,879572.00000000,879484.04280000,0
1646456400000,0.99990000,0.99990000,0.99980000,0.99990000,3494770.00000000,1646459999999,3494127.28280000,1060,562368.00000000,562311.76320000,0
1646460000000,0.99990000,0.99990000,0.99980000,0.99980000,4904751.00000000,1646463599999,4903868.58530000,1151,985355.00000000,985256.46450000,0
1646463600000,0.99980000,0.99990000,0.99980000,0.99990000,2749829.00000000,1646467199999,2749306.62260000,1702,275884.00000000,275856.41160000,0
1646467200000,0.99980000,0.99990000,0.99980000,0.99980000,3448441.00000000,1646470799999,3447867.40790000,1808,1160961.00000000,1160844.90390000,0
1646470800000,0.99990000,0.99990000,0.99980000,0.99990000,1977823.00000000,1646474399999,1977533.68240000,1444,1062470.00000000,1062363.75300000,0
1646474400000,0.99980000,0.99990000,0.99980000,0.99980000,2614497.00000000,1646477999999,2614079.28670000,1647,1051861.00000000,1051755.81390000,0
1646478000000,0.99990000,0.99990000,0.99980000,0.99980000,2708863.00000000,1646481599999,2708427.75460000,1257,1065272.00000000,1065165.47280000,0
1646481600000,0.99990000,0.99990000,0.99980000,0.99980000,2535590.00000000,1646485199999,2535191.83520000,1588,1089532.00000000,1089423.04680000,0
1646485200000,0.99980000,0.99990000,0.99980000,0.99980000,7340953.00000000,1646488799999,7339972.93860000,1489,4881292.00000000,4880803.87080000,0
1646488800000,0.99990000,0.99990000,0.99980000,0.99990000,2940568.00000000,1646492399999,2940178.61280000,1710,1987264.00000000,1987065.27360000,0
1646492400000,0.99990000,0.99990000,0.99980000,0.99980000,3165448.00000000,1646495999999,3165033.86780000,1697,2189574.00000000,2189355.04260000,0
1646496000000,0.99980000,0.99990000,0.99980000,0.99990000,4348596.00000000,1646499599999,4347858.65050000,1811,1323697.00000000,1323564.63030000,0
1646499600000,0.99990000,0.99990000,0.99980000,0.99990000,3541382.00000000,1646503199999,3540877.55610000,1688,2038325.00000000,2038121.16750000,0
1646503200000,0.99980000,0.99990000,0.99980000,0.99980000,1377553.00000000,1646506799999,1377332.64270000,995,551533.00000000,551477.84670000,0
1646506800000,0.99980000,0.99990000,0.99980000,0.99980000,1422897.00000000,1646510399999,1422642.85180000,1279,304312.00000000,304281.56880000,0
1646510400000,0.99980000,0.99990000,0.99980000,0.99990000,2154232.00000000,1646513999999,2153887.49560000,1541,863420.00000000,863333.65800000,0
1646514000000,0.99990000,0.99990000,0.99980000,0.99980000,1858373.00000000,1646517599999,1858118.06700000,993,1167416.00000000,1167299.25840000,0
1646517600000,0.99990000,0.99990000,0.99980000,0.99980000,1439521.00000000,1646521199999,1439307.06770000,972,739719.00000000,739645.02810000,0
1646521200000,0.99980000,0.99990000,0.99980000,0.99980000,1578979.00000000,1646524799999,1578777.73940000,873,1145352.00000000,1145237.46480000,0
1646524800000,0.99990000,0.99990000,0.99980000,0.99990000,1535811.00000000,1646528399999,1535583.89050000,1006,800527.00000000,800446.94730000,0
1646528400000,0.99990000,0.99990000,0.99980000,0.99980000,2489396.00000000,1646531999999,2488978.42970000,949,803089.00000000,803008.69110000,0
1646532000000,0.99990000,0.99990000,0.99980000,0.99990000,1442614.00000000,1646535599999,1442376.38130000,756,509041.00000000,508990.09590000,0
1646535600000,0.99980000,0.99990000,0.99980000,0.99990000,2256133.00000000,1646539199999,2255739.14010000,870,573667.00000000,573609.63330000,0
1646539200000,0.99990000,0.99990000,0.99980000,0.99990000,4067290.00000000,1646542799999,4066739.67060000,1349,2631286.00000000,2631022.87140000,0
1646542800000,0.99980000,0.99990000,0.99980000,0.99980000,1730117.00000000,1646546399999,1729815.42780000,1063,444512.00000000,444467.54880000,0
1646546400000,0.99990000,0.99990000,0.99980000,0.99980000,1977640.00000000,1646549999999,1977334.55750000,1101,900855.00000000,900764.91450000,0
1646550000000,0.99990000,0.99990000,0.99980000,0.99980000,1661737.00000000,1646553599999,1661460.04340000,987,553908.00000000,553852.60920000,0
1646553600000,0.99990000,0.99990000,0.99980000,0.99990000,1180832.00000000,1646557199999,1180678.19970000,985,823661.00000000,823578.63390000,0
1646557200000,0.99990000,0.99990000,0.99980000,0.99980000,7557968.00000000,1646560799999,7556816.34940000,2067,3599430.00000000,3599070.05700000,0
1646560800000,0.99990000,0.99990000,0.99980000,0.99980000,7630325.00000000,1646564399999,7629264.87380000,2220,4659388.00000000,4658922.06120000,0
1646564400000,0.99990000,0.99990000,0.99980000,0.99980000,8253774.00000000,1646567999999,8252797.82870000,2032,6745835.00000000,6745160.41650000,0
1646568000000,0.99990000,0.99990000,0.99980000,0.99980000,3939006.00000000,1646571599999,3938420.14300000,1745,2019442.00000000,2019240.05580000,0
1646571600000,0.99980000,0.99990000,0.99980000,0.99980000,8407763.00000000,1646575199999,8406229.47010000,1892,1480227.00000000,1480078.97730000,0
1646575200000,0.99980000,0.99990000,0.99980000,0.99990000,2530129.00000000,1646578799999,2529780.52550000,2117,1575513.00000000,1575355.44870000,0
1646578800000,0.99990000,0.99990000,0.99980000,0.99980000,3357964.00000000,1646582399999,3357540.13970000,1924,2477325.00000000,2477077.26750000,0
1646582400000,0.99980000,0.99990000,0.99980000,0.99990000,2745709.00000000,1646585999999,2745315.69980000,1570,1558416.00000000,1558260.15840000,0
1646586000000,0.99980000,0.99990000,0.99980000,0.99990000,2232104.00000000,1646589599999,2231771.07100000,1676,1134918.00000000,1134804.50820000,0
1646589600000,0.99990000,0.99990000,0.99980000,0.99980000,4789658.00000000,1646593199999,4788880.40870000,1161,1803403.00000000,1803222.65970000,0
1646593200000,0.99980000,0.99990000,0.99980000,0.99980000,4005356.00000000,1646596799999,4004845.13990000,1494,2902111.00000000,2901820.78890000,0
1646596800000,0.99980000,0.99990000,0.99980000,0.99980000,1962627.00000000,1646600399999,1962332.56150000,1477,980869.00000000,980770.91310000,0
1646600400000,0.99990000,0.99990000,0.99980000,0.99990000,2518147.00000000,1646603999999,2517731.74620000,1654,883756.00000000,883667.62440000,0
1646604000000,0.99990000,0.99990000,0.99980000,0.99990000,2763695.00000000,1646607599999,2763289.53480000,1397,1472738.00000000,1472590.72620000,0
1646607600000,0.99990000,0.99990000,0.99980000,0.99990000,4088002.00000000,1646611199999,4087384.59760000,2261,2001980.00000000,2001779.80200000,0
1646611200000,0.99980000,0.99990000,0.99980000,0.99990000,9588732.00000000,1646614799999,9587455.66770000,3383,6414141.00000000,6413499.58590000,0
1646614800000,0.99990000,0.99990000,0.99980000,0.99990000,7018162.00000000,1646618399999,7017148.98920000,2908,3906216.00000000,3905825.37840000,0
1646618400000,0.99990000,0.99990000,0.99980000,0.99990000,11340926.00000000,1646621999999,11339337.80690000,4570,6799921.00000000,6799241.00790000,0
1646622000000,0.99990000,1.00000000,0.99980000,0.99990000,6272676.00000000,1646625599999,6272079.27640000,3725,4670808.00000000,4670411.21640000,0
1646625600000,0.99990000,1.00000000,0.99990000,1.00000000,4489574.00000000,1646629199999,4489267.20240000,2463,1421598.00000000,1421598.00000000,0
1646629200000,0.99990000,1.00000000,0.99990000,0.99990000,2737301.00000000,1646632799999,2737094.12400000,1501,668541.00000000,668541.00000000,0
1646632800000,0.99990000,1.00000000,0.99990000,0.99990000,5171113.00000000,1646636399999,5170723.86830000,2796,1279796.00000000,1279796.00000000,0
1646636400000,0.99990000,1.00000000,0.99990000,1.00000000,5388579.00000000,1646639999999,5388179.81200000,2824,1396699.00000000,1396699.00000000,0
1646640000000,0.99990000,1.00000000,0.99990000,0.99990000,7921723.00000000,1646643599999,7921179.09000000,2376,2482623.00000000,2482623.00000000,0
1646643600000,0.99990000,1.00000000,0.99990000,1.00000000,6873974.00000000,1646647199999,6873443.22360000,1381,1566210.00000000,1566210.00000000,0
1646647200000,0.99990000,1.00000000,0.99990000,1.00000000,5059197.00000000,1646650799999,5058834.21210000,1598,1431318.00000000,1431318.00000000,0
1646650800000,0.99990000,1.00000000,0.99980000,0.99990000,7285396.00000000,1646654399999,7284645.65600000,2071,1637617.00000000,1637537.15640000,0
1646654400000,0.99990000,0.99990000,0.99980000,0.99990000,7686989.00000000,1646657999999,7685621.33780000,2351,1697356.00000000,1697186.26440000,0
1646658000000,0.99990000,0.99990000,0.99980000,0.99990000,5734038.00000000,1646661599999,5733135.30010000,2069,2441077.00000000,2440832.89230000,0
1646661600000,0.99980000,0.99990000,0.99980000,0.99990000,8334193.00000000,1646665199999,8333034.18540000,2235,5080240.00000000,5079731.97600000,0
1646665200000,0.99980000,0.99990000,0.99980000,0.99980000,6928376.00000000,1646668799999,6927512.46480000,2944,5221400.00000000,5220877.86000000,0
1646668800000,0.99990000,0.99990000,0.99980000,0.99990000,6938617.00000000,1646672399999,6937697.31330000,3650,4680367.00000000,4679898.96330000,0
1646672400000,0.99990000,0.99990000,0.99980000,0.99980000,9099634.00000000,1646675999999,9098453.46120000,4166,6393880.00000000,6393240.61200000,0
1646676000000,0.99990000,0.99990000,0.99980000,0.99990000,14445121.00000000,1646679599999,14443000.57600000,8318,7686002.00000000,7685233.39980000,0
1646679600000,0.99990000,0.99990000,0.99980000,0.99980000,13299218.00000000,1646683199999,13297119.15360000,6099,5609972.00000000,5609411.00280000,0
1646683200000,0.99980000,0.99990000,0.99980000,0.99990000,8580429.00000000,1646686799999,8579245.79460000,4223,5328804.00000000,5328271.11960000,0
1646686800000,0.99990000,0.99990000,0.99980000,0.99990000,6707156.00000000,1646690399999,6706289.78560000,3734,4752168.00000000,4751692.78320000,0
1646690400000,0.99980000,0.99990000,0.99980000,0.99980000,5314777.00000000,1646693999999,5314019.13930000,2533,3050947.00000000,3050641.90530000,0
1646694000000,0.99990000,0.99990000,0.99980000,0.99990000,6665728.00000000,1646697599999,6664890.93350000,1771,4960791.00000000,4960294.92090000,0
1646697600000,0.99980000,0.99990000,0.99980000,0.99990000,4017192.00000000,1646701199999,4016654.82780000,2692,2662662.00000000,2662395.73380000,0
1646701200000,0.99990000,0.99990000,0.99980000,0.99990000,4911665.00000000,1646704799999,4911073.29790000,3604,3906309.00000000,3905918.36910000,0
1646704800000,0.99990000,0.99990000,0.99980000,0.99990000,5340108.00000000,1646708399999,5339363.72610000,3003,3237477.00000000,3237153.25230000,0
1646708400000,0.99990000,0.99990000,0.99980000,0.99980000,10413246.00000000,1646711999999,10411522.85920000,3212,3595084.00000000,3594724.49160000,0
1646712000000,0.99990000,0.99990000,0.99980000,0.99980000,6757272.00000000,1646715599999,6756193.85730000,3044,2733117.00000000,2732843.68830000,0
1646715600000,0.99990000,0.99990000,0.99980000,0.99990000,13214761.00000000,1646719199999,13212685.06310000,4365,5670153.00000000,5669585.98470000,0
1646719200000,0.99990000,0.99990000,0.99980000,0.99990000,6383238.00000000,1646722799999,6382314.42400000,3722,3530716.00000000,3530362.92840000,0
1646722800000,0.99990000,0.99990000,0.99980000,0.99980000,5416498.00000000,1646726399999,5415712.24920000,2977,2975488.00000000,2975190.45120000,0
1646726400000,0.99980000,0.99990000,0.99980000,0.99990000,11865873.00000000,1646729999999,11864021.51320000,4117,5216878.00000000,5216356.31220000,0
1646730000000,0.99990000,0.99990000,0.99980000,0.99990000,6435560.00000000,1646733599999,6434641.55580000,3860,3686678.00000000,3686309.33220000,0
1646733600000,0.99990000,0.99990000,0.99980000,0.99990000,4001215.00000000,1646737199999,4000695.20680000,3056,2804498.00000000,2804217.55020000,0
1646737200000,0.99990000,0.99990000,0.99980000,0.99980000,4927512.00000000,1646740799999,4926834.34070000,2574,3078431.00000000,3078123.15690000,0
1646740800000,0.99980000,0.99990000,0.99980000,0.99990000,7987157.00000000,1646744399999,7986025.26870000,4984,4657001.00000000,4656535.29990000,0
1646744400000,0.99990000,0.99990000,0.99980000,0.99980000,6018201.00000000,1646747999999,6017462.02770000,4786,4646679.00000000,4646214.33210000,0
1646748000000,0.99990000,1.00000000,0.99980000,0.99990000,7931112.00000000,1646751599999,7930199.14580000,3835,4740535.00000000,4740100.85360000,0
1646751600000,0.99990000,1.00000000,0.99990000,0.99990000,4437207.00000000,1646755199999,4437024.21770000,2073,2609384.00000000,2609384.00000000,0
1646755200000,1.00000000,1.00000000,0.99990000,0.99990000,5624944.00000000,1646758799999,5624499.49150000,2127,1179859.00000000,1179859.00000000,0
1646758800000,0.99990000,1.00000000,0.99990000,0.99990000,8778561.00000000,1646762399999,8777939.40600000,4868,2562621.00000000,2562621.00000000,0
1646762400000,0.99990000,1.00000000,0.99990000,1.00000000,6295753.00000000,1646765999999,6295330.28940000,3057,2068647.00000000,2068647.00000000,0
1646766000000,0.99990000,1.00000000,0.99990000,0.99990000,3635214.00000000,1646769599999,3634924.43860000,2037,739600.00000000,739600.00000000,0
1646769600000,0.99990000,1.00000000,0.99990000,0.99990000,4859161.00000000,1646773199999,4858773.54060000,2306,984567.00000000,984567.00000000,0
1646773200000,0.99990000,1.00000000,0.99990000,1.00000000,2783739.00000000,1646776799999,2783539.88930000,2401,792632.00000000,792632.00000000,0
1646776800000,0.99990000,1.00000000,0.99990000,0.99990000,3188606.00000000,1646780399999,3188361.83170000,2048,746923.00000000,746923.00000000,0
1646780400000,0.99990000,1.00000000,0.99990000,0.99990000,3733677.00000000,1646783999999,3733381.04660000,2269,774143.00000000,774143.00000000,0
1646784000000,0.99990000,1.00000000,0.99990000,0.99990000,2791334.00000000,1646787599999,2791142.48630000,2295,876197.00000000,876197.00000000,0
1646787600000,0.99990000,1.00000000,0.99980000,0.99980000,7900888.00000000,1646791199999,7900102.94660000,3393,2133058.00000000,2132948.06930000,0
1646791200000,0.99980000,0.99990000,0.99980000,0.99980000,6403146.00000000,1646794799999,6402304.04500000,3054,4386742.00000000,4386303.32580000,0
1646794800000,0.99990000,0.99990000,0.99980000,0.99990000,14444854.00000000,1646798399999,14442766.26120000,3117,8012320.00000000,8011518.76800000,0
1646798400000,0.99990000,0.99990000,0.99980000,0.99990000,11095625.00000000,1646801999999,11093701.80910000,4587,2959341.00000000,2959045.06590000,0
1646802000000,0.99980000,0.99990000,0.99980000,0.99990000,6507813.00000000,1646805599999,6507062.84730000,2462,5514099.00000000,5513547.59010000,0
1646805600000,0.99990000,0.99990000,0.99980000,0.99980000,6217159.00000000,1646809199999,6216237.89650000,2073,3223283.00000000,3222960.67170000,0
1646809200000,0.99990000,0.99990000,0.99980000,0.99990000,4003153.00000000,1646812799999,4002559.98540000,1656,2076160.00000000,2075952.38400000,0
1646812800000,0.99990000,0.99990000,0.99980000,0.99990000,12107452.00000000,1646816399999,12105287.70940000,1970,2571998.00000000,2571740.80020000,0
1646816400000,0.99980000,0.99990000,0.99970000,0.99980000,14891989.00000000,1646819999999,14888992.87940000,2783,2860972.00000000,2860470.50650000,0
1646820000000,0.99980000,0.99980000,0.99970000,0.99970000,6830897.00000000,1646823599999,6829372.27600000,3312,5245451.00000000,5244401.90980000,0
1646823600000,0.99970000,0.99980000,0.99970000,0.99980000,6872629.00000000,1646827199999,6870995.74310000,2623,4285318.00000000,4284460.93640000,0
1646827200000,0.99980000,0.99980000,0.99970000,0.99980000,6035143.00000000,1646830799999,6033787.18850000,2467,4547314.00000000,4546404.53720000,0
1646830800000,0.99970000,0.99980000,0.99970000,0.99980000,6378745.00000000,1646834399999,6377183.94650000,2260,3525700.00000000,3524994.86000000,0
1646834400000,0.99970000,0.99980000,0.99970000,0.99980000,7300731.00000000,1646837999999,7299006.24140000,2709,4654607.00000000,4653676.07860000,0
1646838000000,0.99970000,0.99980000,0.99970000,0.99970000,7873772.00000000,1646841599999,7871846.33750000,3090,4364691.00000000,4363818.06180000,0
1646841600000,0.99970000,0.99980000,0.99970000,0.99970000,6230595.00000000,1646845199999,6228885.83410000,3191,1600126.00000000,1599805.97480000,0
1646845200000,0.99970000,0.99980000,0.99970000,0.99970000,4519907.00000000,1646848799999,4518850.34070000,2256,2993128.00000000,2992529.37440000,0
1646848800000,0.99970000,0.99980000,0.99970000,0.99970000,5804687.00000000,1646852399999,5803208.32780000,3264,2627339.00000000,2626813.53220000,0
1646852400000,0.99970000,0.99980000,0.99970000,0.99970000,4372159.00000000,1646855999999,4371017.05930000,2294,1697070.00000000,1696730.58600000,0
1646856000000,0.99980000,0.99980000,0.99970000,0.99970000,5937035.00000000,1646859599999,5935704.41350000,1821,4505240.00000000,4504338.95200000,0
1646859600000,0.99980000,0.99980000,0.99970000,0.99980000,4380382.00000000,1646863199999,4379139.81610000,2451,719307.00000000,719163.13860000,0
1646863200000,0.99970000,0.99980000,0.99970000,0.99970000,2244171.00000000,1646866799999,2243574.91900000,1762,771703.00000000,771548.65940000,0
1646866800000,0.99970000,0.99980000,0.99970000,0.99970000,6083319.00000000,1646870399999,6081826.61500000,1690,3326107.00000000,3325441.77860000,0
1646870400000,0.99970000,0.99980000,0.99970000,0.99970000,2160913.00000000,1646873999999,2160348.15400000,1422,834279.00000000,834112.14420000,0
1646874000000,0.99970000,0.99980000,0.99970000,0.99970000,4567599.00000000,1646877599999,4566383.23980000,2789,1545195.00000000,1544885.96100000,0
1646877600000,0.99980000,0.99980000,0.99970000,0.99970000,5562219.00000000,1646881199999,5560724.06090000,2931,1737266.00000000,1736918.54680000,0
1646881200000,0.99970000,0.99980000,0.99970000,0.99980000,5430641.00000000,1646884799999,5429097.46480000,3171,856571.00000000,856399.68580000,0
1646884800000,0.99970000,0.99980000,0.99970000,0.99970000,6271236.00000000,1646888399999,6269449.98230000,4458,953531.00000000,953340.29380000,0
1646888400000,0.99970000,0.99980000,0.99960000,0.99960000,6356454.00000000,1646891999999,6354359.94500000,3328,3531834.00000000,3530774.60030000,0
1646892000000,0.99970000,0.99970000,0.99960000,0.99970000,4621742.00000000,1646895599999,4620096.95520000,2723,2036520.00000000,2035909.04400000,0
1646895600000,0.99970000,0.99970000,0.99960000,0.99960000,11282674.00000000,1646899199999,11278388.26860000,2528,2273382.00000000,2272699.98540000,0
1646899200000,0.99970000,0.99970000,0.99950000,0.99960000,8307835.00000000,1646902799999,8304601.38100000,5387,6187130.00000000,6184797.91690000,0
1646902800000,0.99960000,0.99960000,0.99950000,0.99960000,14108305.00000000,1646906399999,14102023.62720000,5786,7727797.00000000,7724705.88120000,0
1646906400000,0.99960000,0.99960000,0.99950000,0.99960000,10412008.00000000,1646909999999,10407688.05690000,5056,8860609.00000000,8857064.75640000,0
1646910000000,0.99960000,0.99960000,0.99950000,0.99960000,13321136.00000000,1646913599999,13315589.92320000,3851,11144912.00000000,11140454.03520000,0
1646913600000,0.99960000,0.99960000,0.99950000,0.99960000,5641689.00000000,1646917199999,5639292.41460000,4406,4242591.00000000,4240893.96360000,0
1646917200000,0.99960000,0.99960000,0.99950000,0.99960000,10839429.00000000,1646920799999,10834573.15790000,5816,5638724.00000000,5636468.51040000,0
1646920800000,0.99960000,0.99960000,0.99950000,0.99960000,12741203.00000000,1646924399999,12735887.13040000,5665,10547319.00000000,10543100.07240000,0
1646924400000,0.99960000,0.99960000,0.99950000,0.99960000,14245275.00000000,1646927999999,14238982.74280000,7705,8303803.00000000,8300481.47880000,0
1646928000000,0.99960000,0.99960000,0.99950000,0.99950000,11739700.00000000,1646931599999,11734401.40070000,5368,5712507.00000000,5710221.99720000,0
1646931600000,0.99950000,0.99960000,0.99950000,0.99960000,6553280.00000000,1646935199999,6550550.90390000,3219,5475439.00000000,5473248.82440000,0
1646935200000,0.99960000,0.99960000,0.99950000,0.99960000,3714205.00000000,1646938799999,3712620.18440000,3067,2722869.00000000,2721779.85240000,0
1646938800000,0.99960000,0.99960000,0.99950000,0.99950000,6377324.00000000,1646942399999,6374603.28910000,3039,4679511.00000000,4677639.19560000,0
1646942400000,0.99950000,0.99960000,0.99950000,0.99960000,3784474.00000000,1646945999999,3782873.59470000,2590,2918317.00000000,2917149.67320000,0
1646946000000,0.99960000,0.99960000,0.99950000,0.99960000,3501605.00000000,1646949599999,3500062.91970000,3114,2087222.00000000,2086387.11120000,0
1646949600000,0.99950000,0.99960000,0.99950000,0.99950000,4060675.00000000,1646953199999,4058988.75150000,2977,3440890.00000000,3439513.64400000,0
1646953200000,0.99960000,0.99960000,0.99950000,0.99960000,4673020.00000000,1646956799999,4671095.35840000,3521,4118684.00000000,4117036.52640000,0
1646956800000,0.99950000,0.99970000,0.99950000,0.99970000,2583352.00000000,1646960399999,2582419.70140000,1720,1315238.00000000,1314819.75470000,0
1646960400000,0.99970000,0.99970000,0.99960000,0.99970000,2435805.00000000,1646963999999,2434903.92460000,1693,732466.00000000,732246.26020000,0
1646964000000,0.99970000,0.99970000,0.99960000,0.99970000,3774885.00000000,1646967599999,3773495.79720000,2034,1207512.00000000,1207149.74640000,0
1646967600000,0.99960000,0.99970000,0.99960000,0.99960000,4446849.00000000,1646971199999,4445368.98870000,1693,2987283.00000000,2986386.81510000,0
1646971200000,0.99960000,0.99970000,0.99960000,0.99960000,2612224.00000000,1646974799999,2611234.50460000,1694,553942.00000000,553775.81740000,0
1646974800000,0.99960000,0.99970000,0.99960000,0.99960000,3687929.00000000,1646978399999,3686558.40620000,2685,1045778.00000000,1045464.26660000,0
1646978400000,0.99960000,0.99970000,0.99960000,0.99960000,13900241.00000000,1646981999999,13894779.17330000,4214,982697.00000000,982402.19090000,0
1646982000000,0.99960000,0.99970000,0.99960000,0.99960000,3685850.00000000,1646985599999,3684476.02590000,2808,1003659.00000000,1003357.90230000,0
1646985600000,0.99970000,0.99970000,0.99960000,0.99970000,3940533.00000000,1646989199999,3939142.43120000,1888,1856444.00000000,1855887.06680000,0
1646989200000,0.99960000,0.99970000,0.99960000,0.99960000,3531752.00000000,1646992799999,3530464.45390000,1904,1251547.00000000,1251171.53590000,0
1646992800000,0.99970000,0.99970000,0.99960000,0.99970000,2712521.00000000,1646996399999,2711571.14890000,1376,1351573.00000000,1351167.52810000,0
1646996400000,0.99960000,0.99970000,0.99960000,0.99960000,9064177.00000000,1646999999999,9061118.34280000,2805,5670136.00000000,5668434.95920000,0
1647000000000,0.99960000,0.99970000,0.99960000,0.99960000,6759992.00000000,1647003599999,6757533.58290000,4598,2455797.00000000,2455060.26090000,0
1647003600000,0.99960000,0.99970000,0.99960000,0.99960000,7205140.00000000,1647007199999,7202423.01070000,5299,1650667.00000000,1650171.79990000,0
1647007200000,0.99960000,0.99970000,0.99960000,0.99970000,13281246.00000000,1647010799999,13276836.04630000,3653,9025447.00000000,9022739.36590000,0
1647010800000,0.99960000,0.99990000,0.99960000,0.99980000,29287762.00000000,1647014399999,29279491.01390000,4179,23835439.00000000,23828784.93670000,0
1647014400000,0.99990000,1.00020000,0.99980000,1.00010000,65400747.00000000,1647017999999,65405486.65850000,10743,38654884.00000000,38658742.21070000,0
1647018000000,1.00010000,1.00020000,0.99990000,0.99990000,38336348.00000000,1647021599999,38339114.77170000,7314,9234570.00000000,9235457.93540000,0
1647021600000,1.00000000,1.00000000,0.99990000,1.00000000,6149928.00000000,1647025199999,6149516.89880000,1784,2038916.00000000,2038916.00000000,0
1647025200000,0.99990000,1.00000000,0.99990000,0.99990000,3797143.00000000,1647028799999,3796993.96800000,1464,2306823.00000000,2306823.00000000,0
1647028800000,1.00000000,1.00000000,0.99990000,0.99990000,8607869.00000000,1647032399999,8607612.76720000,1989,6045541.00000000,6045541.00000000,0
1647032400000,1.00000000,1.00000000,0.99990000,1.00000000,8481651.00000000,1647035999999,8480949.18840000,2204,1463535.00000000,1463535.00000000,0
1647036000000,1.00000000,1.00000000,0.99990000,0.99990000,7612773.00000000,1647039599999,7612514.25530000,1992,5025326.00000000,5025326.00000000,0
1647039600000,0.99990000,1.00000000,0.99990000,0.99990000,4772058.00000000,1647043199999,4771916.52120000,1619,3357270.00000000,3357270.00000000,0
1647043200000,1.00000000,1.00000000,0.99990000,0.99990000,7846852.00000000,1647046799999,7846439.84820000,2104,3725334.00000000,3725334.00000000,0
1647046800000,0.99990000,1.00000000,0.99990000,0.99990000,7681091.00000000,1647050399999,7680481.04180000,2861,1581509.00000000,1581509.00000000,0
1647050400000,1.00000000,1.00000000,0.99990000,1.00000000,16152501.00000000,1647053999999,16151271.79650000,3250,3860466.00000000,3860466.00000000,0
1647054000000,1.00000000,1.00000000,0.99990000,0.99990000,13893134.00000000,1647057599999,13892801.51240000,2469,10568258.00000000,10568258.00000000,0
1647057600000,1.00000000,1.00000000,0.99990000,0.99990000,5606731.00000000,1647061199999,5606309.63640000,2935,1393095.00000000,1393095.00000000,0
1647061200000,0.99990000,1.00000000,0.99990000,1.00000000,4867425.00000000,1647064799999,4867276.31970000,1580,3380622.00000000,3380622.00000000,0
1647064800000,1.00000000,1.00000000,0.99990000,1.00000000,9958196.00000000,1647068399999,9958003.65540000,1860,8034750.00000000,8034750.00000000,0
1647068400000,1.00000000,1.00000000,0.99990000,1.00000000,3325231.00000000,1647071999999,3325059.68740000,2034,1612105.00000000,1612105.00000000,0
1647072000000,1.00000000,1.00030000,0.99990000,1.00000000,35234408.00000000,1647075599999,35238872.17040000,6468,12179639.00000000,12180258.04550000,0
1647075600000,1.00000000,1.00010000,0.99990000,0.99990000,12333713.00000000,1647079199999,12332956.21290000,1894,1412895.00000000,1412905.55490000,0
1647079200000,1.00000000,1.00000000,0.99990000,1.00000000,8064375.00000000,1647082799999,8063969.51820000,1763,4009557.00000000,4009557.00000000,0
1647082800000,0.99990000,1.00000000,0.99990000,0.99990000,6519615.00000000,1647086399999,6519434.06890000,1717,4710304.00000000,4710304.00000000,0
1647086400000,0.99990000,1.00000000,0.99990000,1.00000000,2763767.00000000,1647089999999,2763622.06100000,1799,1314377.00000000,1314377.00000000,0
1647090000000,1.00000000,1.00000000,0.99990000,1.00000000,4726714.00000000,1647093599999,4726365.64680000,1773,1243182.00000000,1243182.00000000,0
1647093600000,1.00000000,1.00000000,0.99990000,0.99990000,7255687.00000000,1647097199999,7255231.82820000,1872,2703969.00000000,2703969.00000000,0
1647097200000,1.00000000,1.00000000,0.99990000,1.00000000,4917464.00000000,1647100799999,4917060.11460000,1877,878610.00000000,878610.00000000,0
1647100800000,0.99990000,1.00000000,0.99990000,1.00000000,5061455.00000000,1647104399999,5061372.08320000,1799,4232287.00000000,4232287.00000000,0
1647104400000,1.00000000,1.00000000,0.99990000,0.99990000,12142759.00000000,1647107999999,12141840.97450000,2674,2962504.00000000,2962504.00000000,0
1647108000000,0.99990000,1.00000000,0.99990000,1.00000000,1977179.00000000,1647111599999,1977047.90300000,1707,666209.00000000,666209.00000000,0
1647111600000,0.99990000,1.00000000,0.99990000,0.99990000,3378515.00000000,1647115199999,3378284.28010000,1760,1071316.00000000,1071316.00000000,0
1647115200000,1.00000000,1.00000000,0.99990000,1.00000000,5287960.00000000,1647118799999,5287803.99860000,1822,3727946.00000000,3727946.00000000,0
1647118800000,0.99990000,1.00000000,0.99990000,1.00000000,2181185.00000000,1647122399999,2181065.38030000,1601,984988.00000000,984988.00000000,0
1647122400000,1.00000000,1.00000000,0.99990000,1.00000000,1284226.00000000,1647125999999,1284144.34560000,1330,467682.00000000,467682.00000000,0
1647126000000,0.99990000,1.00000000,0.99990000,1.00000000,3197489.00000000,1647129599999,3197354.32380000,1770,1850727.00000000,1850727.00000000,0
1647129600000,1.00000000,1.00000000,0.99990000,1.00000000,4151526.00000000,1647133199999,4151351.62240000,1594,2407750.00000000,2407750.00000000,0
1647133200000,1.00000000,1.00000000,0.99990000,0.99990000,8118572.00000000,1647136799999,8118433.11890000,2214,6729761.00000000,6729761.00000000,0
1647136800000,0.99990000,1.00000000,0.99990000,1.00000000,2494462.00000000,1647140399999,2494327.48940000,2189,1149356.00000000,1149356.00000000,0
1647140400000,0.99990000,1.00000000,0.99990000,1.00000000,3167760.00000000,1647143999999,3167566.02800000,2129,1228040.00000000,1228040.00000000,0
1647144000000,1.00000000,1.00000000,0.99990000,0.99990000,3587799.00000000,1647147599999,3587663.91780000,1425,2236977.00000000,2236977.00000000,0
1647147600000,1.00000000,1.00000000,0.99990000,1.00000000,2611105.00000000,1647151199999,2610975.84820000,1316,1319587.00000000,1319587.00000000,0
1647151200000,1.00000000,1.00000000,0.99990000,0.99990000,3061448.00000000,1647154799999,3061344.73890000,1157,2028837.00000000,2028837.00000000,0
1647154800000,0.99990000,1.00000000,0.99990000,0.99990000,2375223.00000000,1647158399999,2375070.61430000,1372,851366.00000000,851366.00000000,0
1647158400000,0.99990000,1.00000000,0.99990000,0.99990000,1695593.00000000,1647161999999,1695473.41470000,1330,499740.00000000,499740.00000000,0
1647162000000,0.99990000,1.00000000,0.99990000,0.99990000,7938050.00000000,1647165599999,7937387.79420000,1936,1315992.00000000,1315992.00000000,0
1647165600000,1.00000000,1.00000000,0.99990000,1.00000000,2718045.00000000,1647169199999,2717842.46260000,1826,692671.00000000,692671.00000000,0
1647169200000,0.99990000,1.00000000,0.99990000,0.99990000,6527537.00000000,1647172799999,6527095.24170000,1913,2109954.00000000,2109954.00000000,0
1647172800000,0.99990000,1.00000000,0.99990000,0.99990000,8255046.00000000,1647176399999,8254499.44170000,4568,2789463.00000000,2789463.00000000,0
1647176400000,0.99990000,1.00000000,0.99990000,0.99990000,17223925.00000000,1647179999999,17222889.37590000,6722,6867684.00000000,6867684.00000000,0
1647180000000,0.99990000,1.00000000,0.99980000,0.99990000,8200869.00000000,1647183599999,8200154.09570000,5172,1139586.00000000,1139583.41310000,0
1647183600000,0.99980000,0.99990000,0.99980000,0.99980000,5473221.00000000,1647187199999,5472253.40610000,1817,1270503.00000000,1270375.94970000,0
1647187200000,0.99980000,0.99990000,0.99970000,0.99980000,21016777.00000000,1647190799999,21012628.56810000,5531,15167846.00000000,15164892.56870000,0
1647190800000,0.99980000,0.99980000,0.99970000,0.99980000,5294236.00000000,1647194399999,5293100.86450000,3345,4531353.00000000,4530446.72940000,0
1647194400000,0.99980000,0.99980000,0.99970000,0.99970000,3453102.00000000,1647197999999,3452337.58170000,2772,2715123.00000000,2714579.97540000,0
1647198000000,0.99970000,0.99980000,0.99970000,0.99980000,4209829.00000000,1647201599999,4208884.95760000,3339,3189063.00000000,3188425.18740000,0
1647201600000,0.99980000,0.99980000,0.99970000,0.99980000,4516547.00000000,1647205199999,4515559.98960000,4407,3679537.00000000,3678801.09260000,0
1647205200000,0.99980000,0.99990000,0.99970000,0.99980000,4689318.00000000,1647208799999,4688561.62330000,2791,4090281.00000000,4089667.83240000,0
1647208800000,0.99990000,0.99990000,0.99980000,0.99980000,5138980.00000000,1647212399999,5138129.21820000,1994,1770142.00000000,1769964.98580000,0
1647212400000,0.99980000,0.99990000,0.99980000,0.99980000,4349571.00000000,1647215999999,4348795.16560000,2532,940798.00000000,940703.92020000,0
1647216000000,0.99980000,0.99990000,0.99980000,0.99980000,2086198.00000000,1647219599999,2085844.20630000,2203,634459.00000000,634395.55410000,0
1647219600000,0.99980000,0.99990000,0.99980000,0.99990000,2125353.00000000,1647223199999,2125021.72470000,1393,937953.00000000,937859.20470000,0
1647223200000,0.99980000,0.99990000,0.99980000,0.99990000,6125649.00000000,1647226799999,6124699.77190000,1817,2759017.00000000,2758741.09830000,0
1647226800000,0.99990000,0.99990000,0.99980000,0.99990000,6871084.00000000,1647230399999,6870201.10670000,1960,4913235.00000000,4912743.67650000,0
1647230400000,0.99990000,0.99990000,0.99980000,0.99990000,10977864.00000000,1647233999999,10976478.99650000,1957,8105693.00000000,8104882.43070000,0
1647234000000,0.99990000,0.99990000,0.99980000,0.99990000,3698682.00000000,1647237599999,3698228.52800000,1458,2862644.00000000,2862357.73560000,0
1647237600000,0.99990000,0.99990000,0.99980000,0.99990000,4203681.00000000,1647241199999,4203088.82330000,1110,2485595.00000000,2485346.44050000,0
1647241200000,0.99980000,0.99990000,0.99980000,0.99980000,10015676.00000000,1647244799999,10014057.63810000,1391,3847733.00000000,3847348.22670000,0
1647244800000,0.99990000,0.99990000,0.99980000,0.99990000,4928470.00000000,1647248399999,4927743.73520000,1967,2594292.00000000,2594032.57080000,0
1647248400000,0.99990000,0.99990000,0.99980000,0.99990000,6600940.00000000,1647251999999,6599848.10100000,1974,2282890.00000000,2282661.71100000,0
1647252000000,0.99990000,0.99990000,0.99980000,0.99980000,3190563.00000000,1647255599999,3190103.40700000,1755,1785196.00000000,1785017.48040000,0
1647255600000,0.99990000,0.99990000,0.99980000,0.99990000,3018466.00000000,1647259199999,3018080.83580000,1973,2185290.00000000,2185071.47100000,0
1647259200000,0.99990000,0.99990000,0.99980000,0.99980000,9216860.00000000,1647262799999,9215709.27360000,2446,6926456.00000000,6925763.35440000,0
1647262800000,0.99990000,0.99990000,0.99980000,0.99990000,4768056.00000000,1647266399999,4767394.42440000,2136,2920356.00000000,2920063.96440000,0
1647266400000,0.99990000,0.99990000,0.99980000,0.99990000,4959390.00000000,1647269999999,4958664.13210000,2048,2660101.00000000,2659834.98990000,0
1647270000000,0.99980000,0.99990000,0.99980000,0.99990000,4490385.00000000,1647273599999,4489624.33010000,2077,1374071.00000000,1373933.59290000,0
1647273600000,0.99980000,0.99990000,0.99980000,0.99980000,4650709.00000000,1647277199999,4650048.11490000,1834,2692567.00000000,2692297.74330000,0
1647277200000,0.99980000,0.99990000,0.99980000,0.99990000,5378692.00000000,1647280799999,5377812.46000000,2023,1961984.00000000,1961787.80160000,0
1647280800000,0.99990000,0.99990000,0.99980000,0.99990000,14145115.00000000,1647284399999,14142499.93210000,3096,2139551.00000000,2139337.04490000,0
1647284400000,0.99980000,0.99990000,0.99980000,0.99990000,8728745.00000000,1647287999999,8727289.76920000,1980,2905182.00000000,2904891.48180000,0
1647288000000,0.99990000,0.99990000,0.99980000,0.99990000,4566382.00000000,1647291599999,4565823.51980000,1918,3547962.00000000,3547607.20380000,0
1647291600000,0.99980000,0.99990000,0.99980000,0.99980000,2883151.00000000,1647295199999,2882751.50410000,1310,1771343.00000000,1771165.86570000,0
1647295200000,0.99990000,0.99990000,0.99980000,0.99990000,3338691.00000000,1647298799999,3338244.83360000,1761,2215718.00000000,2215496.42820000,0
1647298800000,0.99990000,0.99990000,0.99980000,0.99980000,4888168.00000000,1647302399999,4887578.95470000,1705,3885883.00000000,3885494.41170000,0
1647302400000,0.99980000,0.99990000,0.99980000,0.99990000,1761824.00000000,1647305999999,1761581.91030000,1482,1102751.00000000,1102640.72490000,0
1647306000000,0.99990000,0.99990000,0.99980000,0.99990000,3295213.00000000,1647309599999,3294737.86160000,2282,1839042.00000000,1838858.09580000,0
1647309600000,0.99990000,0.99990000,0.99980000,0.99990000,5125907.00000000,1647313199999,5125151.10350000,1301,2692849.00000000,2692579.71510000,0
1647313200000,0.99990000,0.99990000,0.99980000,0.99990000,2486400.00000000,1647316799999,2485984.40700000,1534,816870.00000000,816788.31300000,0
1647316800000,0.99980000,0.99990000,0.99980000,0.99990000,9771002.00000000,1647320399999,9769182.74550000,1399,1349459.00000000,1349324.05410000,0
1647320400000,0.99980000,0.99990000,0.99980000,0.99990000,4996267.00000000,1647323999999,4995401.07830000,1605,1333317.00000000,1333183.66830000,0
1647324000000,0.99980000,0.99990000,0.99980000,0.99990000,2900659.00000000,1647327599999,2900185.39090000,1458,1065227.00000000,1065120.47730000,0
1647327600000,0.99980000,0.99990000,0.99960000,0.99980000,10155151.00000000,1647331199999,10152842.41320000,2698,1897999.00000000,1897705.42970000,0
1647331200000,0.99980000,0.99980000,0.99970000,0.99980000,8185090.00000000,1647334799999,8183315.20850000,4048,6807355.00000000,6805993.52900000,0
1647334800000,0.99980000,0.99980000,0.99970000,0.99970000,4591056.00000000,1647338399999,4589955.72450000,2205,2770413.00000000,2769858.91740000,0
1647338400000,0.99970000,0.99980000,0.99970000,0.99970000,4723372.00000000,1647341999999,4722304.41590000,2894,3494275.00000000,3493576.14500000,0
1647342000000,0.99970000,0.99980000,0.99970000,0.99970000,3931876.00000000,1647345599999,3930937.89070000,2547,2414535.00000000,2414052.09300000,0
1647345600000,0.99980000,0.99980000,0.99970000,0.99980000,3051924.00000000,1647349199999,3051204.92630000,1976,1965035.00000000,1964641.99300000,0
1647349200000,0.99980000,0.99980000,0.99970000,0.99970000,4568944.00000000,1647352799999,4567794.40660000,2470,2210898.00000000,2210455.82040000,0
1647352800000,0.99970000,0.99980000,0.99970000,0.99980000,9333659.00000000,1647356399999,9331444.94810000,3328,5860458.00000000,5859285.90840000,0
1647356400000,0.99970000,0.99980000,0.99970000,0.99980000,6429671.00000000,1647359999999,6427989.14420000,3608,2470455.00000000,2469960.90900000,0
1647360000000,0.99970000,0.99980000,0.99970000,0.99970000,7970054.00000000,1647363599999,7968109.36120000,2984,4463774.00000000,4462881.24520000,0
1647363600000,0.99970000,0.99980000,0.99970000,0.99980000,6184630.00000000,1647367199999,6183079.27710000,2345,3046661.00000000,3046051.66780000,0
1647367200000,0.99980000,0.99980000,0.99970000,0.99970000,14981935.00000000,1647370799999,14978324.58710000,2986,8841676.00000000,8839907.66480000,0
1647370800000,0.99970000,0.99980000,0.99970000,0.99970000,12242062.00000000,1647374399999,12239042.37270000,3650,6529913.00000000,6528607.01740000,0
1647374400000,0.99970000,0.99980000,0.99970000,0.99980000,7166432.00000000,1647377999999,7164848.28770000,2628,5662173.00000000,5661040.56540000,0
1647378000000,0.99970000,0.99980000,0.99970000,0.99970000,2736019.00000000,1647381599999,2735356.16980000,2341,1579755.00000000,1579439.04900000,0
1647381600000,0.99980000,0.99980000,0.99970000,0.99970000,1963406.00000000,1647385199999,1962900.90630000,2019,839281.00000000,839113.14380000,0
1647385200000,0.99970000,0.99980000,0.99970000,0.99970000,1772243.00000000,1647388799999,1771754.51640000,1870,431893.00000000,431806.62140000,0
1647388800000,0.99970000,0.99980000,0.99970000,0.99980000,14399481.00000000,1647392399999,14395856.99920000,1862,6958435.00000000,6957043.31300000,0
1647392400000,0.99970000,0.99980000,0.99970000,0.99970000,5705566.00000000,1647395999999,5703982.37310000,1652,1280429.00000000,1280172.91420000,0
1647396000000,0.99980000,0.99980000,0.99970000,0.99980000,10695234.00000000,1647399599999,10692488.84670000,3897,4634169.00000000,4633242.16620000,0
1647399600000,0.99970000,0.99980000,0.99970000,0.99980000,9034905.00000000,1647403199999,9032425.03800000,3653,2305095.00000000,2304633.98100000,0
1647403200000,0.99980000,0.99980000,0.99970000,0.99980000,10057821.00000000,1647406799999,10055576.20920000,2277,7725555.00000000,7724009.88900000,0
1647406800000,0.99970000,0.99980000,0.99970000,0.99970000,3530515.00000000,1647410399999,3529624.67970000,2102,1688342.00000000,1688004.33160000,0
1647410400000,0.99970000,0.99980000,0.99970000,0.99970000,4292603.00000000,1647413999999,4291680.47940000,1793,3652603.00000000,3651872.47940000,0
1647414000000,0.99980000,0.99980000,0.99970000,0.99970000,4777759.00000000,1647417599999,4776521.89260000,1891,1962203.00000000,1961810.55940000,0
1647417600000,0.99970000,0.99980000,0.99970000,0.99970000,6720054.00000000,1647421199999,6718389.63950000,3470,3516557.00000000,3515853.68860000,0
1647421200000,0.99970000,0.99980000,0.99970000,0.99970000,9628829.00000000,1647424799999,9626148.80700000,3767,2084557.00000000,2084140.08860000,0
1647424800000,0.99980000,0.99980000,0.99970000,0.99970000,7710506.00000000,1647428399999,7708439.42480000,4301,2465766.00000000,2465272.84680000,0
1647428400000,0.99980000,0.99980000,0.99970000,0.99970000,10057611.00000000,1647431999999,10054762.12050000,6348,1684038.00000000,1683701.19240000,0
1647432000000,0.99980000,0.99980000,0.99960000,0.99970000,11833882.00000000,1647435599999,11830379.10920000,4649,1331344.00000000,1331035.33050000,0
1647435600000,0.99960000,0.99970000,0.99960000,0.99970000,6344959.00000000,1647439199999,6342574.57600000,1982,1535596.00000000,1535135.32120000,0
1647439200000,0.99960000,0.99970000,0.99960000,0.99960000,6346600.00000000,1647442799999,6344399.65360000,3339,3382936.00000000,3381921.11920000,0
1647442800000,0.99960000,0.99970000,0.99960000,0.99970000,6308350.00000000,1647446399999,6306071.43870000,3597,2447787.00000000,2447052.66390000,0
1647446400000,0.99960000,0.99970000,0.99960000,0.99960000,11793248.00000000,1647449999999,11789105.51190000,2687,5748111.00000000,5746386.56670000,0
1647450000000,0.99970000,0.99970000,0.99960000,0.99960000,3554202.00000000,1647453599999,3552893.61280000,2481,1132936.00000000,1132596.11920000,0
1647453600000,0.99960000,0.99970000,0.99960000,0.99960000,7868413.00000000,1647457199999,7865491.35940000,4141,2257246.00000000,2256568.82620000,0
1647457200000,0.99960000,0.99970000,0.99960000,0.99960000,10990121.00000000,1647460799999,10985961.83730000,6782,2368857.00000000,2368146.34290000,0
1647460800000,0.99960000,0.99970000,0.99950000,0.99960000,15629552.00000000,1647464399999,15622987.69140000,8700,11878609.00000000,11873874.22650000,0
1647464400000,0.99960000,0.99960000,0.99950000,0.99960000,4931918.00000000,1647467999999,4929763.81830000,4482,3117773.00000000,3116525.89080000,0
1647468000000,0.99960000,0.99960000,0.99950000,0.99960000,3428900.00000000,1647471599999,3427429.03150000,3387,2434815.00000000,2433841.07400000,0
1647471600000,0.99960000,0.99960000,0.99950000,0.99950000,4941929.00000000,1647475199999,4939724.25120000,3726,2662157.00000000,2661092.13720000,0
1647475200000,0.99960000,0.99960000,0.99950000,0.99960000,5904658.00000000,1647478799999,5902155.73710000,4442,4500661.00000000,4498860.73560000,0
1647478800000,0.99960000,0.99960000,0.99950000,0.99960000,8536082.00000000,1647482399999,8532397.70480000,3772,5837458.00000000,5835123.01680000,0
1647482400000,0.99960000,0.99970000,0.99950000,0.99970000,10133322.00000000,1647485999999,10129269.04010000,2967,7879369.00000000,7876355.71780000,0
1647486000000,0.99970000,0.99970000,0.99960000,0.99960000,6066803.00000000,1647489599999,6064589.54030000,2723,2132615.00000000,2131975.21550000,0
1647489600000,0.99960000,0.99970000,0.99960000,0.99960000,9116381.00000000,1647493199999,9113217.44670000,2501,4829991.00000000,4828542.00270000,0
1647493200000,0.99970000,0.99970000,0.99960000,0.99960000,3975396.00000000,1647496799999,3973973.95690000,1951,1681153.00000000,1680648.65410000,0
1647496800000,0.99970000,0.99970000,0.99960000,0.99970000,3228517.00000000,1647500399999,3227338.07110000,2136,1124779.00000000,1124441.56630000,0
1647500400000,0.99970000,0.99970000,0.99960000,0.99970000,3724876.00000000,1647503999999,3723454.19170000,2372,681421.00000000,681216.57370000,0
1647504000000,0.99960000,0.99970000,0.99960000,0.99960000,6794195.00000000,1647507599999,6791641.64120000,2075,1643192.00000000,1642699.04240000,0
1647507600000,0.99960000,0.99970000,0.99960000,0.99960000,7879028.00000000,1647511199999,7876029.49010000,2419,1531013.00000000,1530553.69610000,0
1647511200000,0.99970000,0.99970000,0.99950000,0.99950000,13036742.00000000,1647514799999,13031746.34980000,2688,2895441.00000000,2894533.46960000,0
1647514800000,0.99960000,0.99960000,0.99950000,0.99950000,9061257.00000000,1647518399999,9057014.70250000,2614,2883310.00000000,2882156.67600000,0
1647518400000,0.99960000,0.99960000,0.99950000,0.99950000,8730154.00000000,1647521999999,8726196.42700000,3530,4075040.00000000,4073409.98400000,0
1647522000000,0.99950000,0.99960000,0.99950000,0.99960000,10067117.00000000,1647525599999,10062503.34820000,2358,4199067.00000000,4197387.37320000,0
1647525600000,0.99950000,0.99960000,0.99950000,0.99950000,6042529.00000000,1647529199999,6039793.57800000,3068,2858425.00000000,2857281.63000000,0
1647529200000,0.99960000,0.99960000,0.99950000,0.99960000,5515319.00000000,1647532799999,5512760.03830000,2913,1986978.00000000,1986183.20880000,0
1647532800000,0.99950000,0.99960000,0.99950000,0.99960000,4296583.00000000,1647536399999,4294670.82750000,2862,2361190.00000000,2360245.52400000,0
1647536400000,0.99960000,0.99960000,0.99950000,0.99950000,4508248.00000000,1647539999999,4506207.59300000,2701,2137170.00000000,2136315.13200000,0
1647540000000,0.99960000,0.99960000,0.99950000,0.99950000,3442173.00000000,1647543599999,3440607.90430000,2088,1559908.00000000,1559284.03680000,0
1647543600000,0.99960000,0.99960000,0.99950000,0.99960000,6374718.00000000,1647547199999,6371659.76420000,2250,1291232.00000000,1290715.50720000,0
1647547200000,0.99960000,0.99960000,0.99950000,0.99960000,2304533.00000000,1647550799999,2303481.78490000,2129,1010514.00000000,1010109.79440000,0
1647550800000,0.99950000,0.99960000,0.99950000,0.99950000,3771615.00000000,1647554399999,3769857.36210000,1899,1281696.00000000,1281183.32160000,0
1647554400000,0.99950000,0.99960000,0.99950000,0.99950000,2029380.00000000,1647557999999,2028432.81830000,1707,675083.00000000,674812.96680000,0
1647558000000,0.99960000,0.99960000,0.99950000,0.99950000,3911981.00000000,1647561599999,3910193.73370000,1844,1687242.00000000,1686567.10320000,0
1647561600000,0.99950000,0.99960000,0.99950000,0.99960000,4297200.00000000,1647565199999,4295182.22630000,2874,1308263.00000000,1307739.69480000,0
1647565200000,0.99950000,0.99960000,0.99950000,0.99960000,2812450.00000000,1647568799999,2811186.88610000,1547,1431111.00000000,1430538.55560000,0
1647568800000,0.99960000,0.99960000,0.99950000,0.99960000,3650211.00000000,1647572399999,3648488.17340000,1538,1022789.00000000,1022379.88440000,0
1647572400000,0.99960000,0.99960000,0.99950000,0.99960000,2805623.00000000,1647575999999,2804293.38140000,1456,731929.00000000,731636.22840000,0
1647576000000,0.99960000,0.99960000,0.99950000,0.99960000,3029552.00000000,1647579599999,3028176.52230000,1732,1392983.00000000,1392425.80680000,0
1647579600000,0.99950000,0.99960000,0.99950000,0.99960000,1804425.00000000,1647583199999,1803593.76040000,1466,709729.00000000,709445.10840000,0
1647583200000,0.99960000,0.99960000,0.99940000,0.99950000,16040154.00000000,1647586799999,16032003.19960000,1885,7548931.00000000,7545283.99090000,0
1647586800000,0.99950000,0.99950000,0.99940000,0.99940000,16784450.00000000,1647590399999,16775818.64590000,3638,14393159.00000000,14385962.42050000,0
1647590400000,0.99950000,0.99960000,0.99940000,0.99950000,6868401.00000000,1647593999999,6865274.06030000,2092,4051279.00000000,4049561.99060000,0
1647594000000,0.99950000,0.99960000,0.99950000,0.99960000,3535226.00000000,1647597599999,3533627.67670000,1673,1692897.00000000,1692219.84120000,0
1647597600000,0.99960000,0.99960000,0.99950000,0.99960000,4125164.00000000,1647601199999,4123369.51820000,1893,2681002.00000000,2679929.59920000,0
1647601200000,0.99950000,0.99960000,0.99950000,0.99960000,3809795.00000000,1647604799999,3808123.22950000,2136,2331270.00000000,2330337.49200000,0
1647604800000,0.99960000,0.99960000,0.99950000,0.99960000,9129901.00000000,1647608399999,9125549.12560000,1967,2130761.00000000,2129908.69560000,0
1647608400000,0.99950000,0.99960000,0.99950000,0.99950000,9663903.00000000,1647611999999,9659463.90090000,2675,3928524.00000000,3926952.59040000,0
1647612000000,0.99960000,0.99960000,0.99950000,0.99950000,9582862.00000000,1647615599999,9578272.68460000,3257,2021156.00000000,2020347.53760000,0
1647615600000,0.99950000,0.99960000,0.99950000,0.99950000,13364640.00000000,1647619199999,13358623.93880000,3108,6662588.00000000,6659922.96480000,0
1647619200000,0.99960000,0.99960000,0.99950000,0.99950000,21217161.00000000,1647622799999,21207174.68710000,9704,6222676.00000000,6220186.92960000,0
1647622800000,0.99950000,0.99960000,0.99930000,0.99930000,17935777.00000000,1647626399999,17925495.53820000,6186,10676309.00000000,10670298.41630000,0
1647626400000,0.99930000,0.99940000,0.99930000,0.99930000,15229839.00000000,1647629999999,15220069.55600000,3527,8914433.00000000,8909084.34020000,0
1647630000000,0.99930000,0.99940000,0.99930000,0.99930000,9732521.00000000,1647633599999,9725905.74480000,3131,1975095.00000000,1973909.94300000,0
1647633600000,0.99930000,0.99940000,0.99930000,0.99940000,8137296.00000000,1647637199999,8131964.14710000,3081,3642543.00000000,3640357.47420000,0
1647637200000,0.99940000,0.99940000,0.99930000,0.99940000,5158322.00000000,1647640799999,5155025.08580000,2553,3139112.00000000,3137228.53280000,0
1647640800000,0.99930000,0.99940000,0.99930000,0.99940000,7589740.00000000,1647644399999,7584892.71920000,2968,4655372.00000000,4652578.77680000,0
1647644400000,0.99940000,0.99940000,0.99930000,0.99940000,10679903.00000000,1647647999999,10673242.84320000,4518,8157753.00000000,8152858.34820000,0
1647648000000,0.99930000,0.99940000,0.99930000,0.99940000,11976187.00000000,1647651599999,11968369.83150000,5913,5661624.00000000,5658227.02560000,0
1647651600000,0.99940000,0.99940000,0.99930000,0.99940000,5907888.00000000,1647655199999,5903972.69980000,3061,2202214.00000000,2200892.67160000,0
1647655200000,0.99940000,0.99940000,0.99930000,0.99940000,5133485.00000000,1647658799999,5130033.97870000,1594,1424182.00000000,1423327.49080000,0
1647658800000,0.99940000,0.99940000,0.99930000,0.99940000,5951272.00000000,1647662399999,5947491.26060000,2653,3851510.00000000,3849199.09400000,0
1647662400000,0.99940000,0.99940000,0.99930000,0.99940000,4011384.00000000,1647665999999,4008930.48990000,2586,3544587.00000000,3542460.24780000,0
1647666000000,0.99940000,0.99940000,0.99930000,0.99930000,12777003.00000000,1647669599999,12768655.06840000,2493,5959705.00000000,5956129.17700000,0
1647669600000,0.99930000,0.99940000,0.99930000,0.99930000,2323210.00000000,1647673199999,2321768.10350000,2248,1843505.00000000,1842398.89700000,0
1647673200000,0.99940000,0.99950000,0.99930000,0.99950000,6029734.00000000,1647676799999,6026031.26940000,2979,5114124.00000000,5111059.60300000,0
1647676800000,0.99950000,0.99950000,0.99940000,0.99950000,2567679.00000000,1647680399999,2566291.63540000,1684,1532428.00000000,1531661.78600000,0
1647680400000,0.99940000,0.99950000,0.99940000,0.99950000,2820575.00000000,1647683999999,2819011.79390000,1886,1291389.00000000,1290743.30550000,0
1647684000000,0.99950000,0.99950000,0.99940000,0.99950000,2006126.00000000,1647687599999,2005060.47730000,1721,1381529.00000000,1380838.23550000,0
1647687600000,0.99940000,0.99950000,0.99940000,0.99950000,3306141.00000000,1647691199999,3304259.56920000,1941,1022538.00000000,1022026.73100000,0
1647691200000,0.99950000,0.99950000,0.99940000,0.99940000,15256847.00000000,1647694799999,15247871.67660000,2050,1787848.00000000,1786954.07600000,0
1647694800000,0.99940000,0.99950000,0.99940000,0.99950000,3951629.00000000,1647698399999,3949424.12220000,2354,1660996.00000000,1660165.50200000,0
1647698400000,0.99940000,0.99950000,0.99940000,0.99940000,6340943.00000000,1647701999999,6337623.03230000,2596,4845981.00000000,4843558.00950000,0
1647702000000,0.99950000,0.99950000,0.99940000,0.99950000,9706973.00000000,1647705599999,9701840.30080000,2771,6914846.00000000,6911388.57700000,0
1647705600000,0.99950000,0.99950000,0.99940000,0.99950000,12436566.00000000,1647709199999,12429473.58210000,2477,3695217.00000000,3693369.39150000,0
1647709200000,0.99950000,0.99950000,0.99940000,0.99940000,5743911.00000000,1647712799999,5740734.78840000,2741,2701350.00000000,2699999.32500000,0
1647712800000,0.99950000,0.99950000,0.99920000,0.99940000,19885071.00000000,1647716399999,19872754.29540000,6807,9814403.00000000,9808663.54880000,0
1647716400000,0.99940000,0.99940000,0.99930000,0.99940000,4127198.00000000,1647719999999,4124636.84050000,3397,3278791.00000000,3276823.72540000,0
1647720000000,0.99940000,0.99940000,0.99930000,0.99930000,5326923.00000000,1647723599999,5323658.03450000,4567,4638806.00000000,4636022.71640000,0
1647723600000,0.99930000,0.99940000,0.99930000,0.99940000,3705632.00000000,1647727199999,3703331.77660000,3378,2937190.00000000,2935427.68600000,0
1647727200000,0.99940000,0.99950000,0.99930000,0.99950000,5196222.00000000,1647730799999,5193025.03210000,4148,3821689.00000000,3819435.73690000,0
1647730800000,0.99940000,0.99950000,0.99940000,0.99940000,4190162.00000000,1647734399999,4187789.84500000,1219,1419422.00000000,1418712.28900000,0
1647734400000,0.99940000,0.99950000,0.99940000,0.99940000,9423890.00000000,1647737999999,9418406.08400000,2607,1704180.00000000,1703327.91000000,0
1647738000000,0.99940000,0.99950000,0.99920000,0.99930000,13226821.00000000,1647741599999,13218738.75040000,7171,1320488.00000000,1319723.55730000,0
1647741600000,0.99930000,0.99940000,0.99920000,0.99930000,18380721.00000000,1647745199999,18367801.98940000,6373,15991273.00000000,15980122.90360000,0
1647745200000,0.99930000,0.99940000,0.99930000,0.99940000,3535161.00000000,1647748799999,3532907.39760000,1438,2210103.00000000,2208776.93820000,0
1647748800000,0.99940000,0.99940000,0.99930000,0.99930000,3553799.00000000,1647752399999,3551481.88030000,1248,1705396.00000000,1704372.76240000,0
1647752400000,0.99940000,0.99940000,0.99930000,0.99940000,2050639.00000000,1647755999999,2049357.26080000,1348,1537081.00000000,1536158.75140000,0
1647756000000,0.99940000,0.99940000,0.99930000,0.99940000,2411990.00000000,1647759599999,2410408.79130000,1500,1071843.00000000,1071199.89420000,0
1647759600000,0.99930000,0.99940000,0.99930000,0.99940000,2546796.00000000,1647763199999,2545188.36120000,1408,1751184.00000000,1750133.28960000,0
1647763200000,0.99940000,0.99940000,0.99930000,0.99940000,1641620.00000000,1647766799999,1640540.19630000,1318,693303.00000000,692887.01820000,0
1647766800000,0.99940000,0.99950000,0.99930000,0.99950000,18098187.00000000,1647770399999,18087281.32040000,7582,5941647.00000000,5938116.94380000,0
1647770400000,0.99940000,0.99950000,0.99940000,0.99940000,2980424.00000000,1647773999999,2978773.18960000,1330,1374440.00000000,1373752.78000000,0
1647774000000,0.99940000,0.99950000,0.99940000,0.99950000,3259511.00000000,1647777599999,3257687.14830000,1256,1318549.00000000,1317889.72550000,0
1647777600000,0.99940000,0.99950000,0.99940000,0.99940000,10311407.00000000,1647781199999,10305639.05170000,2797,4188959.00000000,4186864.52050000,0
1647781200000,0.99940000,0.99950000,0.99940000,0.99940000,3551905.00000000,1647784799999,3550044.58080000,2376,2707238.00000000,2705884.38100000,0
1647784800000,0.99950000,0.99950000,0.99940000,0.99950000,6235837.00000000,1647788399999,6232300.52330000,2215,2050255.00000000,2049229.87250000,0
1647788400000,0.99950000,0.99950000,0.99930000,0.99940000,17275992.00000000,1647791999999,17265877.11880000,4670,8047062.00000000,8042488.36520000,0
1647792000000,0.99940000,0.99940000,0.99930000,0.99930000,8039199.00000000,1647795599999,8034254.48730000,6186,6829266.00000000,6825168.44040000,0
1647795600000,0.99940000,0.99940000,0.99930000,0.99940000,5400272.00000000,1647799199999,5396877.51390000,3304,3857043.00000000,3854728.77420000,0
1647799200000,0.99940000,0.99940000,0.99930000,0.99940000,3922621.00000000,1647802799999,3920182.82570000,2327,3076604.00000000,3074758.03760000,0
1647802800000,0.99940000,0.99950000,0.99930000,0.99950000,5748577.00000000,1647806399999,5745208.55040000,4390,4899670.00000000,4896891.85410000,0
1647806400000,0.99950000,0.99950000,0.99940000,0.99940000,2712244.00000000,1647809999999,2710705.87390000,1748,892203.00000000,891756.89850000,0
1647810000000,0.99950000,0.99950000,0.99940000,0.99940000,5387643.00000000,1647813599999,5384882.58820000,1593,4721740.00000000,4719379.13000000,0
1647813600000,0.99950000,0.99950000,0.99940000,0.99950000,1414541.00000000,1647817199999,1413777.93790000,1387,856625.00000000,856196.68750000,0
1647817200000,0.99950000,0.99960000,0.99940000,0.99950000,15278462.00000000,1647820799999,15270836.31800000,10826,589902.00000000,589636.16620000,0
1647820800000,0.99950000,0.99960000,0.99950000,0.99950000,3392535.00000000,1647824399999,3390977.50740000,1620,1387749.00000000,1387193.90040000,0
1647824400000,0.99960000,0.99960000,0.99950000,0.99950000,1753850.00000000,1647827999999,1753050.37870000,1163,773037.00000000,772727.78520000,0
1647828000000,0.99950000,0.99960000,0.99950000,0.99960000,4180249.00000000,1647831599999,4178259.81600000,2058,1009405.00000000,1009001.23800000,0
1647831600000,0.99960000,0.99960000,0.99940000,0.99950000,18711865.00000000,1647835199999,18702189.43050000,5911,13166002.00000000,13159432.05240000,0
1647835200000,0.99950000,0.99950000,0.99940000,0.99950000,5082178.00000000,1647838799999,5079572.75790000,3194,4440647.00000000,4438426.67650000,0
1647838800000,0.99950000,0.99950000,0.99940000,0.99950000,12148034.00000000,1647842399999,12141362.92840000,2574,6177488.00000000,6174399.25600000,0
1647842400000,0.99950000,0.99950000,0.99940000,0.99950000,6519441.00000000,1647845999999,6516083.60970000,2706,5542743.00000000,5539971.62850000,0
1647846000000,0.99950000,0.99960000,0.99940000,0.99950000,8193040.00000000,1647849599999,8189272.90080000,1839,6758520.00000000,6755491.57000000,0
1647849600000,0.99960000,0.99960000,0.99950000,0.99950000,3495702.00000000,1647853199999,3494095.25190000,1723,1411029.00000000,1410464.58840000,0
1647853200000,0.99960000,0.99960000,0.99950000,0.99960000,7615691.00000000,1647856799999,7612284.04160000,1702,4008871.00000000,4007267.45160000,0
1647856800000,0.99960000,0.99960000,0.99950000,0.99960000,5730767.00000000,1647860399999,5728256.39050000,1739,3547740.00000000,3546320.90400000,0
1647860400000,0.99950000,0.99960000,0.99950000,0.99950000,4092308.00000000,1647863999999,4090530.56030000,1704,2687143.00000000,2686068.14280000,0
1647864000000,0.99950000,0.99960000,0.99950000,0.99960000,3558370.00000000,1647867599999,3556805.99890000,2079,2151839.00000000,2150978.26440000,0
1647867600000,0.99950000,0.99970000,0.99950000,0.99960000,21770275.00000000,1647871199999,21761758.44740000,7306,8964663.00000000,8961477.89830000,0
1647871200000,0.99960000,0.99970000,0.99960000,0.99960000,10870299.00000000,1647874799999,10866206.33600000,7096,2554556.00000000,2553789.63320000,0
1647874800000,0.99960000,0.99970000,0.99960000,0.99960000,27682199.00000000,1647878399999,27672830.84250000,8322,17047221.00000000,17042106.83370000,0
1647878400000,0.99970000,0.99970000,0.99960000,0.99960000,9398337.00000000,1647881999999,9394779.33850000,4212,2016733.00000000,2016127.98010000,0
1647882000000,0.99970000,0.99970000,0.99960000,0.99970000,6204719.00000000,1647885599999,6202528.59120000,2098,2914788.00000000,2913913.56360000,0
1647885600000,0.99960000,0.99970000,0.99960000,0.99960000,3698156.00000000,1647889199999,3696909.85040000,1664,2331128.00000000,2330428.66160000,0
1647889200000,0.99970000,0.99970000,0.99960000,0.99960000,2599024.00000000,1647892799999,2598143.48350000,1448,1590931.00000000,1590453.72070000,0
1647892800000,0.99970000,0.99970000,0.99960000,0.99960000,1625579.00000000,1647896399999,1624992.41680000,1221,636484.00000000,636293.05480000,0
1647896400000,0.99960000,0.99970000,0.99960000,0.99960000,2611957.00000000,1647899999999,2610991.87230000,1178,796551.00000000,796312.03470000,0
1647900000000,0.99970000,0.99970000,0.99960000,0.99960000,3296850.00000000,1647903599999,3295641.41570000,1038,1101557.00000000,1101226.53290000,0
1647903600000,0.99970000,0.99970000,0.99960000,0.99970000,1755947.00000000,1647907199999,1755334.72770000,1154,901065.00000000,900794.68050000,0
1647907200000,0.99960000,0.99970000,0.99960000,0.99960000,5877994.00000000,1647910799999,5876123.80030000,1670,4809979.00000000,4808536.00630000,0
1647910800000,0.99960000,0.99970000,0.99960000,0.99970000,3661029.00000000,1647914399999,3659655.85510000,1691,912667.00000000,912393.19990000,0
1647914400000,0.99960000,0.99970000,0.99960000,0.99970000,6027592.00000000,1647917999999,6025355.20090000,2101,1742377.00000000,1741854.28690000,0
1647918000000,0.99960000,0.99970000,0.99960000,0.99970000,13732541.00000000,1647921599999,13727882.57440000,2556,8345908.00000000,8343404.22760000,0
1647921600000,0.99970000,0.99970000,0.99950000,0.99960000,17342971.00000000,1647925199999,17335989.63550000,5430,4674744.00000000,4672974.16350000,0
1647925200000,0.99960000,0.99960000,0.99950000,0.99960000,7098494.00000000,1647928799999,7095295.09210000,4393,3503391.00000000,3501989.64360000,0
1647928800000,0.99960000,0.99960000,0.99950000,0.99960000,9249559.00000000,1647932399999,9245710.56500000,7072,7763445.00000000,7760339.62200000,0
1647932400000,0.99960000,0.99960000,0.99950000,0.99960000,7229547.00000000,1647935999999,7226325.79830000,3436,3935718.00000000,3934143.71280000,0
1647936000000,0.99960000,0.99960000,0.99950000,0.99950000,12723927.00000000,1647939599999,12717990.17570000,1866,4251392.00000000,4249691.44320000,0
1647939600000,0.99960000,0.99960000,0.99950000,0.99950000,4671193.00000000,1647943199999,4669056.72690000,1752,1993234.00000000,1992436.70640000,0
1647943200000,0.99950000,0.99960000,0.99950000,0.99950000,5567501.00000000,1647946799999,5564864.45820000,2136,1472087.00000000,1471498.16520000,0
1647946800000,0.99960000,0.99960000,0.99950000,0.99950000,10246254.00000000,1647950399999,10241286.66890000,2428,1557959.00000000,1557335.81640000,0
1647950400000,0.99950000,0.99960000,0.99950000,0.99960000,8624239.00000000,1647953999999,8620277.80380000,2755,3509233.00000000,3507829.30680000,0
1647954000000,0.99950000,0.99960000,0.99950000,0.99960000,6880515.00000000,1647957599999,6877269.71170000,2417,1949692.00000000,1948912.12320000,0
1647957600000,0.99960000,0.99960000,0.99950000,0.99960000,6849489.00000000,1647961199999,6846299.56940000,3319,2353139.00000000,2352197.74440000,0
1647961200000,0.99960000,0.99960000,0.99930000,0.99940000,30258238.00000000,1647964799999,30240622.69530000,13389,27786119.00000000,27769981.56530000,0
1647964800000,0.99950000,0.99950000,0.99940000,0.99950000,7827616.00000000,1647968399999,7823442.45040000,5673,5230200.00000000,5227584.90000000,0
1647968400000,0.99950000,0.99960000,0.99940000,0.99950000,6451110.00000000,1647971999999,6447819.97250000,4832,5441015.00000000,5438320.70680000,0
1647972000000,0.99950000,0.99960000,0.99950000,0.99950000,4198311.00000000,1647975599999,4196508.59040000,1979,2967459.00000000,2966272.01640000,0
1647975600000,0.99960000,0.99960000,0.99950000,0.99950000,2882676.00000000,1647979199999,2881419.96270000,1735,1853007.00000000,1852265.79720000,0
1647979200000,0.99950000,0.99960000,0.99950000,0.99950000,4847523.00000000,1647982799999,4845495.68810000,1818,3964496.00000000,3962910.20160000,0
1647982800000,0.99950000,0.99960000,0.99950000,0.99960000,4615404.00000000,1647986399999,4613328.45460000,2124,2321566.00000000,2320637.37360000,0
1647986400000,0.99950000,0.99960000,0.99950000,0.99950000,2351455.00000000,1647989999999,2350355.10940000,1472,758369.00000000,758065.65240000,0
1647990000000,0.99960000,0.99960000,0.99950000,0.99950000,2558692.00000000,1647993599999,2557570.85790000,1783,1582039.00000000,1581406.18440000,0
1647993600000,0.99950000,0.99960000,0.99950000,0.99960000,5721822.00000000,1647997199999,5719186.73280000,2621,2256438.00000000,2255535.42480000,0
1647997200000,0.99960000,0.99960000,0.99950000,0.99960000,19312606.00000000,1648000799999,19303228.25890000,4199,2785619.00000000,2784504.75240000,0
1648000800000,0.99960000,0.99960000,0.99950000,0.99960000,3787319.00000000,1648004399999,3785644.13350000,2685,2187930.00000000,2187054.82800000,0
1648004400000,0.99960000,0.99960000,0.99950000,0.99950000,6662085.00000000,1648007999999,6659241.06870000,1904,4871112.00000000,4869163.55520000,0
1648008000000,0.99960000,0.99960000,0.99950000,0.99950000,8320748.00000000,1648011599999,8317030.89250000,2456,4432665.00000000,4430891.93400000,0
1648011600000,0.99960000,0.99960000,0.99950000,0.99960000,3359454.00000000,1648015199999,3357975.70570000,2071,2014327.00000000,2013521.26920000,0
1648015200000,0.99960000,0.99960000,0.99950000,0.99960000,11207734.00000000,1648018799999,11202378.73400000,2295,2486010.00000000,2485015.59600000,0
1648018800000,0.99950000,0.99960000,0.99950000,0.99960000,3782958.00000000,1648022399999,3781355.85690000,2223,2893359.00000000,2892201.65640000,0
1648022400000,0.99950000,0.99960000,0.99950000,0.99950000,8294628.00000000,1648025999999,8290929.36760000,3042,4486816.00000000,4485021.27360000,0
1648026000000,0.99950000,0.99960000,0.99950000,0.99960000,6037133.00000000,1648029599999,6034327.21620000,3035,2127827.00000000,2126975.86920000,0
1648029600000,0.99950000,0.99960000,0.99950000,0.99950000,5154306.00000000,1648033199999,5152072.45510000,3042,3436081.00000000,3434706.56760000,0
1648033200000,0.99950000,0.99960000,0.99950000,0.99960000,4159453.00000000,1648036799999,4157555.99900000,2471,1827255.00000000,1826524.09800000,0
1648036800000,0.99950000,0.99960000,0.99950000,0.99950000,5135683.00000000,1648040399999,5133424.37650000,2875,3092180.00000000,3090943.12800000,0
1648040400000,0.99950000,0.99960000,0.99950000,0.99960000,11133011.00000000,1648043999999,11128154.23230000,4159,7097378.00000000,7094539.04880000,0
1648044000000,0.99960000,0.99980000,0.99950000,0.99980000,32948869.00000000,1648047599999,32937076.75030000,12922,22295454.00000000,22287061.33890000,0
1648047600000,0.99980000,0.99980000,0.99950000,0.99960000,36388083.00000000,1648051199999,36375856.38850000,14014,15253797.00000000,15248281.23290000,0
1648051200000,0.99960000,0.99960000,0.99950000,0.99950000,16117720.00000000,1648054799999,16110318.52640000,5083,6573864.00000000,6571234.45440000,0
1648054800000,0.99950000,0.99960000,0.99950000,0.99960000,8855975.00000000,1648058399999,8851975.04410000,4361,4280316.00000000,4278603.87360000,0
1648058400000,0.99960000,0.99960000,0.99950000,0.99960000,5661990.00000000,1648061999999,5659571.83210000,4834,4128271.00000000,4126619.69160000,0
1648062000000,0.99960000,0.99960000,0.99950000,0.99960000,5452360.00000000,1648065599999,5450083.74310000,4187,4499231.00000000,4497431.30760000,0
1648065600000,0.99950000,0.99960000,0.99950000,0.99950000,5304391.00000000,1648069199999,5302177.23150000,5635,4384270.00000000,4382516.29200000,0
1648069200000,0.99960000,0.99960000,0.99950000,0.99960000,6307334.00000000,1648072799999,6304697.49650000,4587,5171635.00000000,5169566.34600000,0
1648072800000,0.99950000,0.99960000,0.99950000,0.99960000,5323866.00000000,1648076399999,5321594.50290000,3357,3904359.00000000,3902797.25640000,0
1648076400000,0.99950000,0.99960000,0.99950000,0.99960000,5543237.00000000,1648079999999,5540768.70780000,3965,3033263.00000000,3032049.69480000,0
1648080000000,0.99950000,0.99970000,0.99950000,0.99970000,7315565.00000000,1648083599999,7312846.49600000,2995,4415120.00000000,4413561.86120000,0
1648083600000,0.99960000,0.99970000,0.99960000,0.99960000,5145210.00000000,1648087199999,5143299.68260000,2237,1477666.00000000,1477222.70020000,0
1648087200000,0.99960000,0.99970000,0.99960000,0.99970000,3642710.00000000,1648090799999,3641379.88850000,2351,1269725.00000000,1269344.08250000,0
1648090800000,0.99970000,0.99970000,0.99960000,0.99970000,2552811.00000000,1648094399999,2551850.26510000,1851,603895.00000000,603713.83150000,0
1648094400000,0.99960000,0.99970000,0.99960000,0.99970000,10735161.00000000,1648097999999,10730972.30760000,4540,1053720.00000000,1053403.88400000,0
1648098000000,0.99960000,0.99970000,0.99950000,0.99960000,13422567.00000000,1648101599999,13416940.92080000,4275,1392510.00000000,1391967.98550000,0
1648101600000,0.99960000,0.99960000,0.99910000,0.99940000,39075679.00000000,1648105199999,39052304.19800000,10019,28045014.00000000,28028569.77200000,0
1648105200000,0.99950000,0.99950000,0.99940000,0.99940000,7270035.00000000,1648108799999,7265958.16320000,3307,2851842.00000000,2850416.07900000,0
1648108800000,0.99950000,0.99950000,0.99940000,0.99950000,4229756.00000000,1648112399999,4227553.50380000,4112,3353574.00000000,3351897.21300000,0
1648112400000,0.99950000,0.99950000,0.99940000,0.99950000,10186547.00000000,1648115999999,10180883.37450000,4500,4483027.00000000,4480785.48650000,0
1648116000000,0.99950000,0.99960000,0.99940000,0.99960000,11176236.00000000,1648119599999,11170686.68360000,5655,9988758.00000000,9983898.61020000,0
1648119600000,0.99950000,0.99960000,0.99950000,0.99960000,7190779.00000000,1648123199999,7187726.25010000,2648,5426396.00000000,5424225.44160000,0
1648123200000,0.99960000,0.99960000,0.99950000,0.99960000,7954473.00000000,1648126799999,7950769.82200000,3411,2740585.00000000,2739488.76600000,0
1648126800000,0.99950000,0.99960000,0.99950000,0.99950000,6653879.00000000,1648130399999,6650771.37920000,3106,2193187.00000000,2192309.72520000,0
1648130400000,0.99960000,0.99960000,0.99950000,0.99950000,7253827.00000000,1648133999999,7250615.80060000,3446,4157141.00000000,4155478.14360000,0
1648134000000,0.99950000,0.99960000,0.99950000,0.99950000,29840520.00000000,1648137599999,29826175.13960000,10585,5753996.00000000,5751694.40160000,0
1648137600000,0.99950000,0.99960000,0.99950000,0.99960000,12148939.00000000,1648141199999,12143411.22960000,7572,5466991.00000000,5464804.20360000,0
1648141200000,0.99950000,0.99960000,0.99950000,0.99960000,11043325.00000000,1648144799999,11038179.56600000,3593,3762285.00000000,3760780.08600000,0
1648144800000,0.99950000,0.99960000,0.99950000,0.99950000,5608298.00000000,1648148399999,5605883.01830000,2518,3891673.00000000,3890116.33080000,0
1648148400000,0.99960000,0.99960000,0.99950000,0.99950000,12542830.00000000,1648151999999,12537301.85380000,2876,7432688.00000000,7429714.92480000,0
1648152000000,0.99950000,0.99960000,0.99950000,0.99950000,8131889.00000000,1648155599999,8128265.18170000,4599,4421262.00000000,4419493.49520000,0
1648155600000,0.99960000,0.99960000,0.99950000,0.99950000,8668954.00000000,1648159199999,8664674.86320000,3946,553402.00000000,553180.63920000,0
1648159200000,0.99950000,0.99960000,0.99950000,0.99950000,5193934.00000000,1648162799999,5191508.43560000,3163,1714026.00000000,1713340.38960000,0
1648162800000,0.99950000,0.99960000,0.99950000,0.99950000,4897745.00000000,1648166399999,4895395.29480000,3139,991673.00000000,991276.33080000,0
1648166400000,0.99950000,0.99960000,0.99950000,0.99950000,4890918.00000000,1648169999999,4888688.12810000,4017,2155871.00000000,2155008.65160000,0
1648170000000,0.99960000,0.99960000,0.99950000,0.99950000,7814145.00000000,1648173599999,7810520.74560000,5506,2828181.00000000,2827049.72760000,0
1648173600000,0.99950000,0.99960000,0.99950000,0.99950000,16489891.00000000,1648177199999,16481736.84360000,8118,907891.00000000,907527.84360000,0
1648177200000,0.99950000,0.99960000,0.99950000,0.99960000,3345973.00000000,1648180799999,3344405.66060000,2665,1056471.00000000,1056048.41160000,0
1648180800000,0.99950000,0.99960000,0.99950000,0.99950000,8171037.00000000,1648184399999,8167015.35740000,1519,638759.00000000,638503.49640000,0
1648184400000,0.99950000,0.99960000,0.99940000,0.99940000,5113455.00000000,1648187999999,5110819.37450000,2219,1717610.00000000,1716767.01460000,0
1648188000000,0.99950000,0.99950000,0.99910000,0.99920000,27892942.00000000,1648191599999,27873965.72680000,6408,19705863.00000000,19692289.12740000,0
1648191600000,0.99930000,0.99940000,0.99920000,0.99940000,9146554.00000000,1648195199999,9140626.74300000,4539,6779535.00000000,6775285.90860000,0
1648195200000,0.99930000,0.99940000,0.99930000,0.99940000,8023249.00000000,1648198799999,8018106.47870000,3405,4737530.00000000,4734687.48200000,0
1648198800000,0.99930000,0.99950000,0.99930000,0.99940000,6919901.00000000,1648202399999,6915769.49730000,2866,5914676.00000000,5911200.09580000,0
1648202400000,0.99950000,0.99950000,0.99940000,0.99950000,5315837.00000000,1648205999999,5312935.60220000,3008,2881044.00000000,2879603.47800000,0
1648206000000,0.99950000,0.99950000,0.99940000,0.99950000,16197145.00000000,1648209599999,16188090.71090000,3525,6639979.00000000,6636659.01050000,0
1648209600000,0.99950000,0.99950000,0.99940000,0.99950000,10162764.00000000,1648213199999,10157371.27600000,3845,7049344.00000000,7045819.32800000,0
1648213200000,0.99950000,0.99950000,0.99940000,0.99940000,8924845.00000000,1648216799999,8920055.11490000,4010,5650219.00000000,5647393.89050000,0
1648216800000,0.99940000,0.99950000,0.99940000,0.99940000,8587514.00000000,1648220399999,8582754.39150000,3137,3928999.00000000,3927034.50050000,0
1648220400000,0.99940000,0.99950000,0.99940000,0.99950000,9234377.00000000,1648223999999,9229337.50330000,3010,5011295.00000000,5008789.35250000,0
1648224000000,0.99950000,0.99960000,0.99940000,0.99950000,7763347.00000000,1648227599999,7759340.44040000,5442,5510051.00000000,5507362.33850000,0
1648227600000,0.99950000,0.99960000,0.99950000,0.99960000,9876223.00000000,1648231199999,9871920.57300000,5851,6356845.00000000,6354302.26200000,0
1648231200000,0.99960000,0.99960000,0.99950000,0.99960000,6196008.00000000,1648234799999,6193351.21140000,5943,4412154.00000000,4410389.13840000,0
1648234800000,0.99960000,0.99960000,0.99950000,0.99960000,5976022.00000000,1648238399999,5973560.27550000,5914,5262865.00000000,5260759.85400000,0
1648238400000,0.99960000,0.99960000,0.99950000,0.99960000,3160981.00000000,1648241999999,3159583.50130000,2664,1829918.00000000,1829186.03280000,0
1648242000000,0.99960000,0.99960000,0.99950000,0.99960000,3674924.00000000,1648245599999,3673322.74770000,1687,2362097.00000000,2361152.16120000,0
1648245600000,0.99950000,0.99960000,0.99950000,0.99950000,5448706.00000000,1648249199999,5446436.99390000,2235,4553469.00000000,4551647.61240000,0
1648249200000,0.99960000,0.99960000,0.99950000,0.99960000,3615618.00000000,1648252799999,3614110.01400000,2919,2998230.00000000,2997030.70800000,0
1648252800000,0.99960000,0.99970000,0.99950000,0.99970000,18752687.00000000,1648256399999,18745198.00710000,6964,2552652.00000000,2551663.79520000,0
1648256400000,0.99960000,0.99970000,0.99960000,0.99960000,1996004.00000000,1648259999999,1995269.29940000,1661,637010.00000000,636818.89700000,0
1648260000000,0.99960000,0.99970000,0.99960000,0.99970000,3321189.00000000,1648263599999,3319909.56920000,1581,490448.00000000,490300.86560000,0
1648263600000,0.99960000,0.99970000,0.99960000,0.99960000,2608383.00000000,1648267199999,2607465.46050000,1192,1258137.00000000,1257759.55890000,0
1648267200000,0.99960000,0.99970000,0.99960000,0.99960000,3174786.00000000,1648270799999,3173572.03970000,2125,559541.00000000,559373.13770000,0
1648270800000,0.99960000,0.99970000,0.99960000,0.99960000,3164642.00000000,1648274399999,3163426.56460000,2596,504214.00000000,504062.73580000,0
1648274400000,0.99960000,0.99970000,0.99950000,0.99950000,5164273.00000000,1648277999999,5162231.61690000,3849,662640.00000000,662426.24040000,0
1648278000000,0.99960000,0.99960000,0.99950000,0.99960000,2879785.00000000,1648281599999,2878420.76660000,1238,756591.00000000,756288.36360000,0
1648281600000,0.99960000,0.99960000,0.99950000,0.99960000,1543588.00000000,1648285199999,1542888.11450000,930,719085.00000000,718797.36600000,0
1648285200000,0.99960000,0.99960000,0.99940000,0.99950000,8240580.00000000,1648288799999,8236335.65970000,1610,2667089.00000000,2665891.49780000,0
1648288800000,0.99950000,0.99950000,0.99940000,0.99940000,5738704.00000000,1648292399999,5735559.85180000,3342,2990742.00000000,2989246.62900000,0
1648292400000,0.99950000,0.99950000,0.99940000,0.99950000,5117994.00000000,1648295999999,5115291.99010000,3150,3687865.00000000,3686021.06750000,0
1648296000000,0.99950000,0.99950000,0.99940000,0.99940000,5735690.00000000,1648299599999,5732639.03960000,3993,3904536.00000000,3902583.73200000,0
1648299600000,0.99950000,0.99950000,0.99940000,0.99950000,4094659.00000000,1648303199999,4092523.44690000,3699,3212423.00000000,3210816.78850000,0
1648303200000,0.99940000,0.99950000,0.99940000,0.99950000,6433563.00000000,1648306799999,6430084.74040000,2529,3818782.00000000,3816872.60900000,0
1648306800000,0.99940000,0.99960000,0.99940000,0.99960000,5973006.00000000,1648310399999,5969976.12670000,3995,4262730.00000000,4260693.89840000,0
1648310400000,0.99950000,0.99960000,0.99950000,0.99960000,1687001.00000000,1648313999999,1686250.34760000,1483,928481.00000000,928109.60760000,0
1648314000000,0.99950000,0.99960000,0.99950000,0.99950000,3649938.00000000,1648317599999,3648360.61340000,1329,2475824.00000000,2474833.67040000,0
1648317600000,0.99960000,0.99960000,0.99950000,0.99950000,4636884.00000000,1648321199999,4634929.25140000,1289,3636934.00000000,3635479.22640000,0
1648321200000,0.99950000,0.99960000,0.99950000,0.99960000,1746419.00000000,1648324799999,1745623.34330000,1188,775528.00000000,775217.78880000,0
1648324800000,0.99950000,0.99960000,0.99950000,0.99950000,4176110.00000000,1648328399999,4174265.67060000,1504,2437256.00000000,2436281.09760000,0
1648328400000,0.99950000,0.99960000,0.99950000,0.99950000,2587444.00000000,1648331999999,2586227.34180000,1410,770638.00000000,770329.74480000,0
1648332000000,0.99950000,0.99960000,0.99950000,0.99950000,1208214.00000000,1648335599999,1207661.91320000,1022,520202.00000000,519993.91920000,0
1648335600000,0.99950000,0.99960000,0.99950000,0.99950000,3148304.00000000,1648339199999,3146825.07950000,969,952315.00000000,951934.07400000,0
1648339200000,0.99950000,0.99960000,0.99950000,0.99950000,3153732.00000000,1648342799999,3152284.65130000,1347,1295173.00000000,1294654.93080000,0
1648342800000,0.99960000,0.99960000,0.99950000,0.99960000,4115866.00000000,1648346399999,4113901.05790000,1007,929909.00000000,929537.03640000,0
1648346400000,0.99950000,0.99960000,0.99950000,0.99960000,1505905.00000000,1648349999999,1505231.38940000,1025,793419.00000000,793101.63240000,0
1648350000000,0.99960000,0.99960000,0.99950000,0.99960000,2605571.00000000,1648353599999,2604469.21800000,1143,2010035.00000000,2009230.98600000,0
1648353600000,0.99960000,0.99960000,0.99950000,0.99950000,9822263.00000000,1648357199999,9818001.59070000,1486,6497222.00000000,6494623.11120000,0
1648357200000,0.99960000,0.99960000,0.99950000,0.99960000,8210280.00000000,1648360799999,8206849.01880000,1386,6741588.00000000,6738891.36480000,0
1648360800000,0.99950000,0.99970000,0.99950000,0.99970000,17136492.00000000,1648364399999,17129616.89150000,4428,4993283.00000000,4991318.69020000,0
1648364400000,0.99960000,0.99970000,0.99960000,0.99960000,1841294.00000000,1648367999999,1840591.63110000,1284,341487.00000000,341384.55390000,0
1648368000000,0.99960000,0.99970000,0.99960000,0.99960000,2865215.00000000,1648371599999,2864140.37210000,1837,714581.00000000,714366.62570000,0
1648371600000,0.99960000,0.99970000,0.99960000,0.99960000,4252575.00000000,1648375199999,4250926.46090000,3500,524909.00000000,524751.52730000,0
1648375200000,0.99960000,0.99970000,0.99960000,0.99960000,4651614.00000000,1648378799999,4649916.82990000,1441,1634755.00000000,1634264.57350000,0
1648378800000,0.99970000,0.99970000,0.99960000,0.99970000,1830593.00000000,1648382399999,1829907.79720000,1055,470344.00000000,470202.89680000,0
1648382400000,0.99970000,0.99970000,0.99960000,0.99960000,7747234.00000000,1648385999999,7744441.86510000,2277,3067587.00000000,3066666.72390000,0
1648386000000,0.99960000,0.99970000,0.99960000,0.99970000,3192584.00000000,1648389599999,3191407.36470000,2846,1003983.00000000,1003681.80510000,0
1648389600000,0.99960000,0.99970000,0.99960000,0.99960000,10649138.00000000,1648393199999,10645067.78810000,2640,1894433.00000000,1893864.67010000,0
1648393200000,0.99970000,0.99970000,0.99960000,0.99960000,6060548.00000000,1648396799999,6058216.38850000,5880,926077.00000000,925799.17690000,0
1648396800000,0.99960000,0.99970000,0.99950000,0.99960000,7559934.00000000,1648400399999,7557004.45130000,7354,1736163.00000000,1735572.73620000,0
1648400400000,0.99960000,0.99960000,0.99950000,0.99960000,2542079.00000000,1648403999999,2540985.07500000,1882,1771145.00000000,1770436.54200000,0
1648404000000,0.99950000,0.99960000,0.99950000,0.99950000,2786042.00000000,1648407599999,2784774.72090000,1424,1257419.00000000,1256916.03240000,0
1648407600000,0.99950000,0.99960000,0.99950000,0.99950000,4359215.00000000,1648411199999,4357351.33260000,1514,3159401.00000000,3158137.23960000,0
1648411200000,0.99960000,0.99960000,0.99950000,0.99950000,11979852.00000000,1648414799999,11974770.05100000,3898,9079770.00000000,9076138.09200000,0
1648414800000,0.99960000,0.99970000,0.99950000,0.99960000,7167103.00000000,1648418399999,7163973.56250000,4275,4436462.00000000,4434687.59520000,0
1648418400000,0.99960000,0.99970000,0.99960000,0.99970000,12760927.00000000,1648421999999,12756509.55750000,4334,6869283.00000000,6867222.21510000,0
1648422000000,0.99960000,0.99970000,0.99960000,0.99970000,6521690.00000000,1648425599999,6519274.77550000,2138,1934515.00000000,1933934.64550000,0
1648425600000,0.99960000,0.99970000,0.99960000,0.99970000,6451967.00000000,1648429199999,6449871.89130000,2323,4856781.00000000,4855323.96570000,0
1648429200000,0.99970000,0.99970000,0.99960000,0.99960000,2708943.00000000,1648432799999,2707974.92460000,1846,1155018.00000000,1154671.49460000,0
1648432800000,0.99960000,0.99990000,0.99960000,0.99980000,18223165.00000000,1648436399999,18218501.23050000,4688,6777246.00000000,6775260.44570000,0
1648436400000,0.99980000,0.99990000,0.99960000,0.99970000,14965506.00000000,1648439999999,14961902.80770000,7435,1086857.00000000,1086649.55600000,0
1648440000000,0.99970000,0.99970000,0.99960000,0.99970000,3040035.00000000,1648443599999,3038934.08660000,1636,1151006.00000000,1150660.69820000,0
1648443600000,0.99970000,0.99970000,0.99960000,0.99970000,5556588.00000000,1648447199999,5554674.70340000,2364,3093386.00000000,3092457.98420000,0
1648447200000,0.99970000,0.99970000,0.99950000,0.99960000,24035649.00000000,1648450799999,24026113.80170000,7745,17150260.00000000,17143534.91840000,0
1648450800000,0.99960000,0.99970000,0.99950000,0.99970000,14166856.00000000,1648454399999,14161121.93220000,4663,7816407.00000000,7813633.93610000,0
1648454400000,0.99960000,0.99970000,0.99960000,0.99960000,8759627.00000000,1648457999999,8756664.36120000,2138,5412120.00000000,5410496.36400000,0
1648458000000,0.99970000,0.99970000,0.99960000,0.99970000,4894680.00000000,1648461599999,4892989.28560000,2464,2671576.00000000,2670774.52720000,0
1648461600000,0.99960000,0.99970000,0.99960000,0.99960000,4124839.00000000,1648465199999,4123341.52420000,2294,1524598.00000000,1524140.62060000,0
1648465200000,0.99970000,0.99970000,0.99960000,0.99970000,12694063.00000000,1648468799999,12689158.60320000,2306,1732284.00000000,1731764.31480000,0
1648468800000,0.99970000,0.99970000,0.99950000,0.99960000,12615340.00000000,1648472399999,12609939.52850000,3503,2603579.00000000,2602638.45930000,0
1648472400000,0.99960000,0.99960000,0.99950000,0.99960000,9743983.00000000,1648475999999,9739779.35120000,7539,6683427.00000000,6680753.62920000,0
1648476000000,0.99960000,0.99960000,0.99950000,0.99960000,14134341.00000000,1648479599999,14128163.68740000,9739,8898579.00000000,8895019.56840000,0
1648479600000,0.99960000,0.99980000,0.99950000,0.99960000,34670613.00000000,1648483199999,34658444.67770000,10417,16445747.00000000,16440665.07070000,0
1648483200000,0.99960000,0.99960000,0.99950000,0.99950000,12007755.00000000,1648486799999,12002719.13120000,10378,9680087.00000000,9676214.96520000,0
1648486800000,0.99950000,0.99960000,0.99950000,0.99960000,8281760.00000000,1648490399999,8278203.14770000,6682,5840277.00000000,5837940.88920000,0
1648490400000,0.99960000,0.99960000,0.99950000,0.99960000,12231970.00000000,1648493999999,12226612.75250000,3548,7587375.00000000,7584340.05000000,0
1648494000000,0.99960000,0.99970000,0.99940000,0.99950000,16544950.00000000,1648497599999,16537843.67790000,9577,2418282.00000000,2417326.49730000,0
1648497600000,0.99940000,0.99950000,0.99940000,0.99940000,6709641.00000000,1648501199999,6705926.31300000,3267,3110976.00000000,3109420.51200000,0
1648501200000,0.99950000,0.99950000,0.99940000,0.99950000,9252925.00000000,1648504799999,9247970.56730000,4958,5973223.00000000,5970236.38850000,0
1648504800000,0.99950000,0.99960000,0.99940000,0.99950000,7006759.00000000,1648508399999,7003185.66120000,4253,5557163.00000000,5554408.92920000,0
1648508400000,0.99960000,0.99960000,0.99950000,0.99950000,7069254.00000000,1648511999999,7066071.41470000,3603,3520417.00000000,3519008.83320000,0
1648512000000,0.99950000,0.99960000,0.99950000,0.99960000,5654037.00000000,1648515599999,5651624.31510000,4072,4143336.00000000,4141678.66560000,0
1648515600000,0.99960000,0.99960000,0.99950000,0.99960000,4130729.00000000,1648519199999,4128925.68150000,3012,2620460.00000000,2619411.81600000,0
1648519200000,0.99950000,0.99960000,0.99950000,0.99950000,4986759.00000000,1648522799999,4984658.96700000,2629,3933465.00000000,3931891.61400000,0
1648522800000,0.99960000,0.99960000,0.99950000,0.99950000,8124621.00000000,1648526399999,8120913.43920000,2717,3547497.00000000,3546078.00120000,0
1648526400000,0.99960000,0.99960000,0.99950000,0.99960000,7310776.00000000,1648529999999,7307384.65090000,3045,2640389.00000000,2639332.84440000,0
1648530000000,0.99950000,0.99960000,0.99950000,0.99960000,6030018.00000000,1648533599999,6027395.18330000,4247,3921923.00000000,3920354.23080000,0
1648533600000,0.99960000,0.99960000,0.99950000,0.99960000,5534553.00000000,1648537199999,5532093.55180000,2770,3078283.00000000,3077051.68680000,0
1648537200000,0.99950000,0.99960000,0.99950000,0.99960000,13085749.00000000,1648540799999,13080002.68890000,3569,7965634.00000000,7962447.74640000,0
1648540800000,0.99950000,0.99960000,0.99950000,0.99960000,9113612.00000000,1648544399999,9109634.36430000,3883,5791703.00000000,5789386.31880000,0
1648544400000,0.99950000,0.99960000,0.99950000,0.99950000,7606160.00000000,1648547999999,7602682.34190000,3850,3254219.00000000,3252917.31240000,0
1648548000000,0.99950000,0.99960000,0.99950000,0.99950000,4352160.00000000,1648551599999,4350262.90960000,2774,2789896.00000000,2788780.04160000,0
1648551600000,0.99960000,0.99960000,0.99950000,0.99950000,6889667.00000000,1648555199999,6886526.28890000,3209,3041224.00000000,3040007.51040000,0
1648555200000,0.99950000,0.99960000,0.99950000,0.99960000,9900907.00000000,1648558799999,9896324.59780000,3604,3680513.00000000,3679040.79480000,0
1648558800000,0.99960000,0.99960000,0.99950000,0.99960000,11315456.00000000,1648562399999,11310279.22630000,3582,4809543.00000000,4807619.18280000,0
1648562400000,0.99950000,0.99960000,0.99950000,0.99950000,5495308.00000000,1648565999999,5492848.82750000,3178,2884815.00000000,2883661.07400000,0
1648566000000,0.99950000,0.99960000,0.99950000,0.99950000,11183609.00000000,1648569599999,11178590.23780000,3403,5730423.00000000,5728130.83080000,0
1648569600000,0.99950000,0.99960000,0.99950000,0.99960000,12445044.00000000,1648573199999,12439784.02990000,5336,9625519.00000000,9621668.79240000,0
1648573200000,0.99950000,0.99960000,0.99950000,0.99960000,5607937.00000000,1648576799999,5605428.01180000,3409,2949803.00000000,2948623.07880000,0
1648576800000,0.99960000,0.99960000,0.99950000,0.99950000,6568309.00000000,1648580399999,6565289.18570000,2631,2643402.00000000,2642344.63920000,0
1648580400000,0.99960000,0.99960000,0.99950000,0.99960000,9943334.00000000,1648583999999,9938925.34300000,3077,5630100.00000000,5627847.96000000,0
1648584000000,0.99960000,0.99960000,0.99950000,0.99960000,3569237.00000000,1648587599999,3567597.76960000,2320,1453881.00000000,1453299.44760000,0
1648587600000,0.99950000,0.99960000,0.99950000,0.99960000,2829162.00000000,1648591199999,2827892.78990000,2471,1453709.00000000,1453127.51640000,0
1648591200000,0.99950000,0.99960000,0.99950000,0.99960000,9180808.00000000,1648594799999,9177014.38470000,3681,7967887.00000000,7964699.84520000,0
1648594800000,0.99960000,0.99970000,0.99950000,0.99960000,19203734.00000000,1648598399999,19196312.09400000,4849,6735823.00000000,6733464.04310000,0
1648598400000,0.99960000,0.99970000,0.99960000,0.99960000,4010778.00000000,1648601999999,4009353.12330000,2674,1794345.00000000,1793806.69650000,0
1648602000000,0.99960000,0.99970000,0.99950000,0.99960000,7351880.00000000,1648605599999,7348901.82670000,3029,2661600.00000000,2660622.34440000,0
1648605600000,0.99960000,0.99970000,0.99950000,0.99960000,11399977.00000000,1648609199999,11395408.30520000,5200,10312151.00000000,10308074.15220000,0
1648609200000,0.99960000,0.99970000,0.99960000,0.99970000,4315336.00000000,1648612799999,4313761.56910000,1932,1517035.00000000,1516579.88950000,0
1648612800000,0.99960000,0.99970000,0.99960000,0.99960000,2316707.00000000,1648616399999,2315871.24590000,1354,909287.00000000,909014.21390000,0
1648616400000,0.99960000,0.99970000,0.99960000,0.99970000,2768619.00000000,1648619999999,2767650.80510000,1827,1392527.00000000,1392109.24190000,0
1648620000000,0.99970000,0.99970000,0.99960000,0.99960000,5193190.00000000,1648623599999,5191228.85570000,1958,1161317.00000000,1160968.60490000,0
1648623600000,0.99960000,0.99970000,0.99960000,0.99960000,4529717.00000000,1648627199999,4528154.28610000,2277,2491729.00000000,2490981.48130000,0
1648627200000,0.99960000,0.99970000,0.99960000,0.99960000,3977759.00000000,1648630799999,3976296.38610000,2319,1284897.00000000,1284511.53090000,0
1648630800000,0.99960000,0.99970000,0.99960000,0.99960000,3752333.00000000,1648634399999,3750974.79170000,2102,1427249.00000000,1426820.82530000,0
1648634400000,0.99970000,0.99970000,0.99960000,0.99970000,3037353.00000000,1648637999999,3036268.55140000,2187,1304926.00000000,1304534.52220000,0
1648638000000,0.99960000,0.99970000,0.99960000,0.99960000,5183544.00000000,1648641599999,5181687.79730000,2288,2172149.00000000,2171497.35530000,0
1648641600000,0.99960000,0.99970000,0.99960000,0.99960000,5225491.00000000,1648645199999,5223706.01840000,3329,3052148.00000000,3051232.35560000,0
1648645200000,0.99970000,0.99970000,0.99960000,0.99960000,7916836.00000000,1648648799999,7913927.03650000,3637,2577709.00000000,2576935.68730000,0
1648648800000,0.99970000,0.99970000,0.99960000,0.99960000,7532008.00000000,1648652399999,7529514.22820000,4961,5190314.00000000,5188756.90580000,0
1648652400000,0.99970000,0.99980000,0.99960000,0.99970000,31381434.00000000,1648655999999,31371640.44790000,9264,15476309.00000000,15471741.77720000,0
1648656000000,0.99960000,1.00000000,0.99960000,0.99970000,65568831.00000000,1648659599999,65558789.59010000,11008,34047596.00000000,34042300.62930000,0
1648659600000,0.99970000,0.99970000,0.99960000,0.99960000,11001404.00000000,1648663199999,10997836.24130000,7972,8328029.00000000,8325530.59130000,0
1648663200000,0.99970000,0.99970000,0.99960000,0.99960000,12277435.00000000,1648666799999,12273123.81880000,5708,5997928.00000000,5996128.62160000,0
1648666800000,0.99970000,0.99980000,0.99960000,0.99970000,6501353.00000000,1648670399999,6499499.85080000,3820,4304641.00000000,4303515.94590000,0
1648670400000,0.99980000,0.99980000,0.99970000,0.99970000,3683864.00000000,1648673999999,3682883.57060000,2408,1247298.00000000,1247048.54040000,0
1648674000000,0.99970000,0.99980000,0.99970000,0.99970000,3442412.00000000,1648677599999,3441463.61960000,2599,843432.00000000,843263.31360000,0
1648677600000,0.99980000,0.99980000,0.99970000,0.99980000,2606653.00000000,1648681199999,2605997.12440000,1984,1261203.00000000,1260950.75940000,0
1648681200000,0.99970000,0.99980000,0.99970000,0.99970000,5295716.00000000,1648684799999,5294361.70000000,2222,2344148.00000000,2343679.17040000,0
1648684800000,0.99970000,0.99980000,0.99970000,0.99980000,7003854.00000000,1648688399999,7002038.98080000,2357,2861370.00000000,2860797.72600000,0
1648688400000,0.99970000,0.99980000,0.99970000,0.99970000,3851706.00000000,1648691999999,3850706.68970000,2488,1562015.00000000,1561702.59700000,0
1648692000000,0.99970000,0.99980000,0.99970000,0.99970000,4050482.00000000,1648695599999,4049464.89690000,2425,1980415.00000000,1980018.91700000,0
1648695600000,0.99970000,0.99980000,0.99970000,0.99980000,6117778.00000000,1648699199999,6116103.40300000,2470,1607364.00000000,1607042.52720000,0
1648699200000,0.99980000,0.99980000,0.99970000,0.99980000,4387800.00000000,1648702799999,4386630.07830000,2749,1464183.00000000,1463890.16340000,0
1648702800000,0.99980000,0.99980000,0.99970000,0.99980000,3271496.00000000,1648706399999,3270629.33860000,2543,1147874.00000000,1147644.42520000,0
1648706400000,0.99980000,0.99980000,0.99970000,0.99980000,3595042.00000000,1648709999999,3594135.50350000,2535,1720161.00000000,1719816.96780000,0
1648710000000,0.99970000,0.99980000,0.99960000,0.99970000,5926124.00000000,1648713599999,5924463.20350000,2885,1390752.00000000,1390453.61800000,0
1648713600000,0.99970000,0.99970000,0.99960000,0.99970000,11334778.00000000,1648717199999,11331002.02230000,6827,7579335.00000000,7577061.19950000,0
1648717200000,0.99970000,0.99970000,0.99960000,0.99970000,10228247.00000000,1648720799999,10224922.87460000,5740,7671734.00000000,7669432.47980000,0
1648720800000,0.99970000,0.99980000,0.99960000,0.99970000,7838260.00000000,1648724399999,7835833.84970000,5439,5152531.00000000,5151033.68900000,0
1648724400000,0.99970000,0.99980000,0.99950000,0.99960000,36481004.00000000,1648727999999,36467516.75050000,9092,18427732.00000000,18420568.44640000,0
1648728000000,0.99970000,0.99970000,0.99960000,0.99970000,8965079.00000000,1648731599999,8961922.13830000,5422,4291699.00000000,4290411.49030000,0
1648731600000,0.99970000,0.99970000,0.99960000,0.99960000,10641681.00000000,1648735199999,10638113.21090000,5075,6888833.00000000,6886766.35010000,0
1648735200000,0.99970000,0.99970000,0.99960000,0.99960000,25693016.00000000,1648738799999,25683761.19670000,10767,10224031.00000000,10220963.79070000,0
1648738800000,0.99960000,0.99970000,0.99960000,0.99960000,9897388.00000000,1648742399999,9894081.44690000,4824,6524021.00000000,6522063.79370000,0
1648742400000,0.99960000,0.99980000,0.99960000,0.99980000,18587235.00000000,1648745999999,18581393.49590000,7349,13531315.00000000,13527397.39410000,0
1648746000000,0.99980000,0.99980000,0.99970000,0.99970000,8165554.00000000,1648749599999,8163551.37130000,4185,4470375.00000000,4469480.92500000,0
1648749600000,0.99970000,0.99990000,0.99970000,0.99980000,8594965.00000000,1648753199999,8593096.77310000,3518,6558114.00000000,6556805.82250000,0
1648753200000,0.99980000,0.99990000,0.99980000,0.99990000,8115315.00000000,1648756799999,8113886.46840000,5864,1945314.00000000,1945119.46860000,0
1648756800000,0.99980000,0.99990000,0.99980000,0.99990000,10469316.00000000,1648760399999,10467474.91070000,6713,2527739.00000000,2527486.22610000,0
1648760400000,0.99980000,0.99990000,0.99970000,0.99970000,8427175.00000000,1648763999999,8425400.59190000,3148,4479929.00000000,4479101.13450000,0
1648764000000,0.99970000,0.99980000,0.99970000,0.99970000,4990164.00000000,1648767599999,4988860.34780000,2121,1933970.00000000,1933583.20600000,0
1648767600000,0.99970000,0.99980000,0.99970000,0.99980000,4585811.00000000,1648771199999,4584651.12890000,2771,2158722.00000000,2158290.25560000,0
