1696118400000,0.99990000,1.00000000,0.99980000,0.99990000,6050959.00000000,1696121999999,6050334.44700000,2690,5753857.00000000,5753289.78790000,0
1696122000000,0.99990000,1.00000000,0.99990000,0.99990000,1578938.00000000,1696125599999,1578844.66250000,1164,645563.00000000,645563.00000000,0
1696125600000,0.99990000,1.00000000,0.99990000,0.99990000,726168.00000000,1696129199999,726125.77960000,1338,303964.00000000,303964.00000000,0
1696129200000,1.00000000,1.00000000,0.99990000,1.00000000,597559.00000000,1696132799999,597526.44960000,1149,272055.00000000,272055.00000000,0
1696132800000,0.99990000,1.00000000,0.99990000,0.99990000,995621.00000000,1696136399999,995575.04430000,929,536064.00000000,536064.00000000,0
1696136400000,1.00000000,1.00000000,0.99990000,0.99990000,2802128.00000000,1696139999999,2802080.25090000,1394,2324637.00000000,2324637.00000000,0
1696140000000,1.00000000,1.00000000,0.99990000,0.99990000,6743266.00000000,1696143599999,6743107.14590000,1471,5154725.00000000,5154725.00000000,0
1696143600000,1.00000000,1.00000000,0.99990000,1.00000000,2614884.00000000,1696147199999,2614674.10650000,1280,515949.00000000,515949.00000000,0
1696147200000,0.99990000,1.00000000,0.99990000,0.99990000,5354071.00000000,1696150799999,5353646.07220000,1403,1104793.00000000,1104793.00000000,0
1696150800000,0.99990000,1.00000000,0.99990000,1.00000000,2069592.00000000,1696154399999,2069536.45090000,1829,1514101.00000000,1514101.00000000,0
1696154400000,1.00000000,1.00000000,0.99990000,1.00000000,4681799.00000000,1696157999999,4681688.06660000,2772,3572465.00000000,3572465.00000000,0
1696158000000,1.00000000,1.00000000,0.99990000,0.99990000,3595093.00000000,1696161599999,3594909.61150000,1998,1761208.00000000,1761208.00000000,0
1696161600000,0.99990000,1.00000000,0.99990000,1.00000000,12857327.00000000,1696165199999,12857078.54490000,2458,10372776.00000000,10372776.00000000,0
1696165200000,1.00000000,1.00000000,0.99990000,1.00000000,3010285.00000000,1696168799999,3010045.48720000,2357,615157.00000000,615157.00000000,0
1696168800000,0.99990000,1.00000000,0.99990000,1.00000000,3014008.00000000,1696172399999,3013767.49000000,2960,608908.00000000,608908.00000000,0
1696172400000,0.99990000,1.00000000,0.99990000,1.00000000,3148254.00000000,1696175999999,3148109.40610000,2189,1702315.00000000,1702315.00000000,0
1696176000000,1.00000000,1.00000000,0.99990000,0.99990000,2598044.00000000,1696179599999,2597831.62240000,1867,474268.00000000,474268.00000000,0
1696179600000,1.00000000,1.00000000,0.99990000,1.00000000,5904213.00000000,1696183199999,5903966.45960000,2561,3438809.00000000,3438809.00000000,0
1696183200000,1.00000000,1.00000000,0.99990000,1.00000000,1825414.00000000,1696186799999,1825350.31770000,1137,1188591.00000000,1188591.00000000,0
1696186800000,0.99990000,1.00000000,0.99990000,1.00000000,1240155.00000000,1696190399999,1240067.80720000,1113,368227.00000000,368227.00000000,0
1696190400000,1.00000000,1.00000000,0.99990000,0.99990000,2712156.00000000,1696193999999,2711970.18030000,2328,853959.00000000,853959.00000000,0
1696194000000,1.00000000,1.00000000,0.99990000,1.00000000,1472504.00000000,1696197599999,1472406.32720000,1625,495776.00000000,495776.00000000,0
1696197600000,0.99990000,1.00010000,0.99990000,1.00010000,33573352.00000000,1696201199999,33573970.50280000,13404,23800942.00000000,23802042.32610000,0
1696201200000,1.00010000,1.00020000,1.00000000,1.00010000,14347904.00000000,1696204799999,14349576.89530000,4798,8926339.00000000,8927575.03750000,0
1696204800000,1.00020000,1.00020000,1.00010000,1.00010000,12755741.00000000,1696208399999,12757395.22560000,4173,3786515.00000000,3787272.30300000,0
1696208400000,1.00010000,1.00020000,1.00000000,1.00000000,5210953.00000000,1696211999999,5211364.18550000,2759,1583940.00000000,1584108.34300000,0
1696212000000,1.00010000,1.00010000,0.99990000,0.99990000,15078244.00000000,1696215599999,15078236.08350000,4901,1485449.00000000,1485522.24410000,0
1696215600000,0.99990000,1.00000000,0.99990000,0.99990000,6533312.00000000,1696219199999,6532775.28880000,2412,1166200.00000000,1166200.00000000,0
1696219200000,0.99990000,1.00000000,0.99980000,0.99990000,21636254.00000000,1696222799999,21634373.56860000,5013,6399957.00000000,6399612.59170000,0
1696222800000,0.99990000,1.00000000,0.99980000,0.99980000,17123338.00000000,1696226399999,17121503.02050000,4507,5049152.00000000,5049067.74810000,0
1696226400000,0.99990000,0.99990000,0.99980000,0.99980000,11014868.00000000,1696229999999,11013265.87980000,2598,6008534.00000000,6007933.14660000,0
1696230000000,0.99980000,0.99990000,0.99980000,0.99980000,8440051.00000000,1696233599999,8438768.32410000,3085,4053343.00000000,4052937.66570000,0
1696233600000,0.99980000,0.99990000,0.99970000,0.99970000,34142667.00000000,1696237199999,34135301.01510000,5767,12631227.00000000,12628868.52860000,0
1696237200000,0.99980000,0.99980000,0.99960000,0.99970000,30568882.00000000,1696240799999,30560132.83260000,5057,14655206.00000000,14651434.52280000,0
1696240800000,0.99970000,0.99980000,0.99970000,0.99970000,13188491.00000000,1696244399999,13185008.35840000,2720,4739057.00000000,4738109.18860000,0
1696244400000,0.99970000,0.99980000,0.99960000,0.99970000,24629997.00000000,1696247999999,24622522.90980000,3542,14337007.00000000,14332807.86470000,0
1696248000000,0.99970000,0.99980000,0.99970000,0.99970000,26014825.00000000,1696251599999,26007979.51540000,5951,9589629.00000000,9587711.07420000,0
1696251600000,0.99970000,0.99970000,0.99950000,0.99960000,53501742.00000000,1696255199999,53480199.33750000,6954,21107318.00000000,21098991.23680000,0
1696255200000,0.99950000,0.99960000,0.99940000,0.99950000,47823937.00000000,1696258799999,47800047.60720000,8512,21509864.00000000,21499641.84090000,0
1696258800000,0.99960000,0.99960000,0.99950000,0.99950000,24824510.00000000,1696262399999,24813248.28620000,8834,11505412.00000000,11500809.83520000,0
1696262400000,0.99950000,0.99990000,0.99950000,0.99980000,59057902.00000000,1696265999999,59041094.09940000,8696,43235393.00000000,43222852.09470000,0
1696266000000,0.99990000,0.99990000,0.99970000,0.99970000,11312974.00000000,1696269599999,11310774.94280000,3813,2788190.00000000,2787792.00570000,0
1696269600000,0.99970000,0.99980000,0.99970000,0.99970000,14532658.00000000,1696273199999,14528943.83860000,5989,6456360.00000000,6455068.72800000,0
1696273200000,0.99970000,0.99980000,0.99960000,0.99960000,18615632.00000000,1696276799999,18609710.18260000,5414,4044052.00000000,4042909.46210000,0
1696276800000,0.99970000,0.99990000,0.99960000,0.99980000,15514058.00000000,1696280399999,15510233.17160000,3106,12110286.00000000,12107401.09770000,0
1696280400000,0.99990000,0.99990000,0.99970000,0.99970000,15003020.00000000,1696283999999,15000118.58120000,6010,2904413.00000000,2904058.88810000,0
1696284000000,0.99980000,0.99980000,0.99970000,0.99970000,7912388.00000000,1696287599999,7910391.31220000,4458,3770286.00000000,3769531.94280000,0
1696287600000,0.99980000,0.99990000,0.99970000,0.99980000,8281498.00000000,1696291199999,8279660.66210000,4247,5141237.00000000,5140220.88810000,0
1696291200000,0.99980000,1.00000000,0.99980000,0.99990000,24201531.00000000,1696294799999,24198604.30630000,5953,17726726.00000000,17724954.13780000,0
1696294800000,0.99990000,1.00000000,0.99980000,0.99980000,21263590.00000000,1696298399999,21261489.20060000,5715,7856712.00000000,7856221.05460000,0
1696298400000,0.99990000,0.99990000,0.99980000,0.99980000,11973514.00000000,1696301999999,11971896.77700000,3280,7774798.00000000,7774020.52020000,0
1696302000000,0.99990000,1.00000000,0.99980000,0.99990000,8809492.00000000,1696305599999,8808434.43610000,3199,5783988.00000000,5783419.37920000,0
1696305600000,0.99990000,1.00000000,0.99990000,0.99990000,3922532.00000000,1696309199999,3922288.65950000,1542,1489127.00000000,1489127.00000000,0
1696309200000,1.00000000,1.00000000,0.99990000,0.99990000,9896348.00000000,1696312799999,9895675.82890000,2496,3174637.00000000,3174637.00000000,0
1696312800000,1.00000000,1.00000000,0.99990000,0.99990000,8805539.00000000,1696316399999,8805154.20210000,2367,4957560.00000000,4957560.00000000,0
1696316400000,1.00000000,1.00000000,0.99990000,0.99990000,10157953.00000000,1696319999999,10157331.45280000,2879,3942481.00000000,3942481.00000000,0
1696320000000,1.00000000,1.00000000,0.99990000,0.99990000,10660970.00000000,1696323599999,10660465.56620000,4356,5616632.00000000,5616632.00000000,0
1696323600000,1.00000000,1.00000000,0.99990000,0.99990000,12033305.00000000,1696327199999,12032564.80320000,2821,4631337.00000000,4631337.00000000,0
1696327200000,0.99990000,1.00000000,0.99990000,0.99990000,11691243.00000000,1696330799999,11690604.68930000,2677,5308136.00000000,5308136.00000000,0
1696330800000,1.00000000,1.00000000,0.99990000,1.00000000,9887523.00000000,1696334399999,9887192.58170000,2837,6583340.00000000,6583340.00000000,0
1696334400000,0.99990000,1.00000000,0.99990000,0.99990000,14138798.00000000,1696337999999,14138053.87770000,3794,6697575.00000000,6697575.00000000,0
1696338000000,1.00000000,1.00000000,0.99990000,1.00000000,12495339.00000000,1696341599999,12494457.76200000,3492,3682959.00000000,3682959.00000000,0
1696341600000,0.99990000,1.00000000,0.99980000,0.99990000,19947929.00000000,1696345199999,19946250.27810000,5308,8728984.00000000,8728441.30590000,0
1696345200000,1.00000000,1.00000000,0.99980000,0.99990000,39610096.00000000,1696348799999,39606836.38350000,11340,20938506.00000000,20937181.67530000,0
1696348800000,1.00000000,1.00000000,0.99990000,0.99990000,11690664.00000000,1696352399999,11690136.76950000,7216,6418359.00000000,6418359.00000000,0
1696352400000,1.00000000,1.00000000,0.99990000,0.99990000,5505042.00000000,1696355999999,5504666.91940000,2245,1754236.00000000,1754236.00000000,0
1696356000000,1.00000000,1.00000000,0.99990000,0.99990000,8429214.00000000,1696359599999,8428961.98760000,4597,5909090.00000000,5909090.00000000,0
1696359600000,1.00000000,1.00000000,0.99990000,1.00000000,4353619.00000000,1696363199999,4353378.95620000,2585,1953181.00000000,1953181.00000000,0
1696363200000,0.99990000,1.00000000,0.99990000,0.99990000,11657912.00000000,1696366799999,11657680.38020000,5024,9341714.00000000,9341714.00000000,0
1696366800000,1.00000000,1.00000000,0.99990000,0.99990000,6046588.00000000,1696370399999,6046178.96800000,2662,1956268.00000000,1956268.00000000,0
1696370400000,1.00000000,1.00000000,0.99990000,0.99990000,5780022.00000000,1696373999999,5779820.87810000,2722,3768803.00000000,3768803.00000000,0
1696374000000,0.99990000,1.00000000,0.99990000,1.00000000,6218729.00000000,1696377599999,6218521.09000000,2700,4139629.00000000,4139629.00000000,0
1696377600000,1.00000000,1.00000000,0.99990000,0.99990000,11686988.00000000,1696381199999,11686245.80800000,4788,4265068.00000000,4265068.00000000,0
1696381200000,0.99990000,1.00000000,0.99990000,0.99990000,8692387.00000000,1696384799999,8691778.06850000,2656,2603072.00000000,2603072.00000000,0
1696384800000,0.99990000,1.00000000,0.99990000,1.00000000,6226170.00000000,1696388399999,6225635.61630000,2162,882333.00000000,882333.00000000,0
1696388400000,0.99990000,1.00000000,0.99990000,1.00000000,15358572.00000000,1696391999999,15357576.23120000,1798,5400884.00000000,5400884.00000000,0
1696392000000,1.00000000,1.00000000,0.99990000,1.00000000,2212172.00000000,1696395599999,2212090.78510000,1542,1400023.00000000,1400023.00000000,0
1696395600000,0.99990000,1.00000000,0.99990000,1.00000000,6845051.00000000,1696399199999,6844996.00070000,3914,6295058.00000000,6295058.00000000,0
1696399200000,1.00000000,1.00000000,0.99990000,1.00000000,11062884.00000000,1696402799999,11062584.86970000,3122,8071581.00000000,8071581.00000000,0
1696402800000,1.00000000,1.00000000,0.99990000,1.00000000,8149383.00000000,1696406399999,8149211.46470000,3602,6434030.00000000,6434030.00000000,0
1696406400000,1.00000000,1.00010000,0.99990000,1.00000000,7911121.00000000,1696409999999,7911128.93310000,3903,5984798.00000000,5984853.90610000,0
1696410000000,1.00000000,1.00010000,1.00000000,1.00010000,16725866.00000000,1696413599999,16726956.40220000,2633,10904022.00000000,10905112.40220000,0
1696413600000,1.00000000,1.00010000,1.00000000,1.00000000,9159071.00000000,1696417199999,9159482.20530000,3110,4112053.00000000,4112464.20530000,0
1696417200000,1.00000000,1.00010000,1.00000000,1.00000000,6770922.00000000,1696420799999,6771211.85220000,3007,2898522.00000000,2898811.85220000,0
1696420800000,1.00000000,1.00010000,1.00000000,1.00010000,11016131.00000000,1696424399999,11016931.51250000,3070,8005125.00000000,8005925.51250000,0
1696424400000,1.00000000,1.00010000,1.00000000,1.00000000,8547953.00000000,1696427999999,8548380.82790000,3332,4278279.00000000,4278706.82790000,0
1696428000000,1.00000000,1.00010000,1.00000000,1.00000000,15784860.00000000,1696431599999,15785628.24390000,4787,7682439.00000000,7683207.24390000,0
1696431600000,1.00010000,1.00010000,1.00000000,1.00000000,5930832.00000000,1696435199999,5931151.80720000,3212,3198072.00000000,3198391.80720000,0
1696435200000,1.00000000,1.00010000,1.00000000,1.00010000,6855836.00000000,1696438799999,6856300.39660000,3600,4643966.00000000,4644430.39660000,0
1696438800000,1.00000000,1.00010000,1.00000000,1.00010000,4542400.00000000,1696442399999,4542496.31500000,2519,963150.00000000,963246.31500000,0
1696442400000,1.00000000,1.00010000,1.00000000,1.00010000,2686517.00000000,1696445999999,2686718.36460000,2415,2013646.00000000,2013847.36460000,0
1696446000000,1.00010000,1.00010000,1.00000000,1.00000000,12207172.00000000,1696449599999,12208164.97140000,4350,9929714.00000000,9930706.97140000,0
1696449600000,1.00000000,1.00010000,1.00000000,1.00000000,6472227.00000000,1696453199999,6472425.91040000,3579,1989104.00000000,1989302.91040000,0
1696453200000,1.00000000,1.00010000,1.00000000,1.00000000,7420808.00000000,1696456799999,7420959.10530000,4404,1511053.00000000,1511204.10530000,0
1696456800000,1.00000000,1.00010000,1.00000000,1.00010000,2936793.00000000,1696460399999,2936847.70570000,1997,547057.00000000,547111.70570000,0
1696460400000,1.00010000,1.00010000,1.00000000,1.00010000,9666750.00000000,1696463999999,9667033.68760000,4648,2836876.00000000,2837159.68760000,0
1696464000000,1.00000000,1.00010000,0.99990000,0.99990000,14557387.00000000,1696467599999,14557449.60950000,4993,1861979.00000000,1862084.26900000,0
1696467600000,0.99990000,1.00000000,0.99990000,0.99990000,3437616.00000000,1696471199999,3437466.10280000,2811,1938644.00000000,1938644.00000000,0
1696471200000,0.99990000,1.00000000,0.99990000,0.99990000,5846136.00000000,1696474799999,5845778.36910000,2961,2269827.00000000,2269827.00000000,0
1696474800000,0.99990000,1.00000000,0.99990000,0.99990000,9163324.00000000,1696478399999,9162917.99110000,2198,5103235.00000000,5103235.00000000,0
1696478400000,0.99990000,1.00000000,0.99990000,0.99990000,3108315.00000000,1696481999999,3108055.56190000,2044,513934.00000000,513934.00000000,0
1696482000000,1.00000000,1.00000000,0.99990000,0.99990000,3698086.00000000,1696485599999,3697934.04690000,1622,2178555.00000000,2178555.00000000,0
1696485600000,0.99990000,1.00000000,0.99990000,0.99990000,4517996.00000000,1696489199999,4517692.47900000,1840,1482786.00000000,1482786.00000000,0
1696489200000,1.00000000,1.00000000,0.99990000,1.00000000,4333992.00000000,1696492799999,4333738.35310000,2103,1797523.00000000,1797523.00000000,0
1696492800000,0.99990000,1.00000000,0.99990000,1.00000000,8060459.00000000,1696496399999,8060009.83020000,1941,3568761.00000000,3568761.00000000,0
1696496400000,1.00000000,1.00000000,0.99990000,0.99990000,4446687.00000000,1696499999999,4446525.50160000,1967,2831703.00000000,2831703.00000000,0
1696500000000,1.00000000,1.00000000,0.99990000,1.00000000,6996117.00000000,1696503599999,6995906.63200000,1860,4892437.00000000,4892437.00000000,0
1696503600000,1.00000000,1.00000000,0.99990000,0.99990000,3207642.00000000,1696507199999,3207564.85820000,1384,2436224.00000000,2436224.00000000,0
1696507200000,1.00000000,1.00000000,0.99990000,0.99990000,12793121.00000000,1696510799999,12792358.44300000,3795,5167551.00000000,5167551.00000000,0
1696510800000,0.99990000,1.00000000,0.99980000,0.99990000,24595353.00000000,1696514399999,24593080.94800000,5694,2571326.00000000,2571278.27300000,0
1696514400000,0.99980000,0.99990000,0.99970000,0.99980000,45746088.00000000,1696517999999,45737240.76630000,5731,19486152.00000000,19482731.74090000,0
1696518000000,0.99980000,0.99990000,0.99970000,0.99980000,21736354.00000000,1696521599999,21731204.08000000,8828,9395373.00000000,9393547.89290000,0
1696521600000,0.99980000,0.99980000,0.99970000,0.99980000,6662905.00000000,1696525199999,6661285.60540000,4188,3794769.00000000,3794010.04620000,0
1696525200000,0.99980000,0.99990000,0.99970000,0.99980000,17586222.00000000,1696528799999,17582566.53440000,4107,16038998.00000000,16035795.16070000,0
1696528800000,0.99990000,1.00000000,0.99980000,0.99990000,24058167.00000000,1696532399999,24055534.25340000,3671,15924023.00000000,15922600.61980000,0
1696532400000,0.99990000,1.00000000,0.99980000,0.99980000,11492024.00000000,1696535999999,11490782.32310000,4388,1013464.00000000,1013431.23360000,0
1696536000000,0.99980000,0.99990000,0.99980000,0.99980000,10293323.00000000,1696539599999,10291632.41280000,3640,3680774.00000000,3680405.92260000,0
1696539600000,0.99990000,0.99990000,0.99980000,0.99980000,2096005.00000000,1696543199999,2095653.20220000,2443,674032.00000000,673964.59680000,0
1696543200000,0.99980000,0.99990000,0.99980000,0.99990000,2371014.00000000,1696546799999,2370572.97760000,2854,331804.00000000,331770.81960000,0
1696546800000,0.99990000,1.00000000,0.99980000,1.00000000,38408226.00000000,1696550399999,38403386.39870000,5583,28411333.00000000,28408492.16550000,0
1696550400000,1.00000000,1.00000000,0.99990000,0.99990000,8565520.00000000,1696553999999,8564824.31930000,3024,1608713.00000000,1608713.00000000,0
1696554000000,1.00000000,1.00000000,0.99990000,0.99990000,3443259.00000000,1696557599999,3443081.71440000,2501,1670403.00000000,1670403.00000000,0
1696557600000,0.99990000,1.00000000,0.99990000,0.99990000,9507788.00000000,1696561199999,9506951.54990000,2699,1143287.00000000,1143287.00000000,0
1696561200000,0.99990000,1.00000000,0.99980000,0.99980000,7065869.00000000,1696564799999,7064904.72730000,2965,2492947.00000000,2492697.98930000,0
1696564800000,0.99980000,0.99990000,0.99980000,0.99980000,3148348.00000000,1696568399999,3147857.37170000,1111,1390413.00000000,1390273.95870000,0
1696568400000,0.99980000,0.99990000,0.99980000,0.99980000,3258801.00000000,1696571999999,3258203.23270000,1432,539929.00000000,539875.00710000,0
1696572000000,0.99980000,0.99990000,0.99980000,0.99980000,2358959.00000000,1696575599999,2358546.90180000,1388,596936.00000000,596876.30640000,0
1696575600000,0.99990000,0.99990000,0.99980000,0.99980000,8082652.00000000,1696579199999,8081436.10640000,2475,4006368.00000000,4005967.36320000,0
1696579200000,0.99990000,0.99990000,0.99980000,0.99980000,10218147.00000000,1696582799999,10216806.78270000,2116,7034121.00000000,7033417.58790000,0
1696582800000,0.99980000,0.99990000,0.99970000,0.99970000,28268900.00000000,1696586399999,28262723.37800000,2698,10272334.00000000,10270294.07830000,0
1696586400000,0.99970000,0.99990000,0.99970000,0.99970000,17302260.00000000,1696589999999,17298591.28190000,2260,10877174.00000000,10875048.07110000,0
1696590000000,0.99980000,0.99990000,0.99970000,0.99980000,12105865.00000000,1696593599999,12103989.86330000,3210,9127191.00000000,9125989.38420000,0
1696593600000,0.99980000,1.00000000,0.99980000,0.99980000,16977153.00000000,1696597199999,16975248.26560000,5330,10837700.00000000,10836700.00530000,0
1696597200000,0.99980000,1.00000000,0.99980000,0.99990000,12182295.00000000,1696600799999,12180988.59120000,4151,8580001.00000000,8579227.69200000,0
1696600800000,1.00000000,1.00000000,0.99980000,0.99990000,12613079.00000000,1696604399999,12612003.37490000,6602,4789035.00000000,4788762.57280000,0
1696604400000,0.99990000,1.00000000,0.99980000,0.99980000,17653990.00000000,1696607999999,17652193.11050000,7616,7595259.00000000,7594830.58180000,0
1696608000000,0.99980000,0.99990000,0.99980000,0.99980000,11559664.00000000,1696611599999,11557805.12790000,6962,4530607.00000000,4530153.93930000,0
1696611600000,0.99990000,0.99990000,0.99970000,0.99970000,15222120.00000000,1696615199999,15219000.41870000,7328,1445233.00000000,1445052.50170000,0
1696615200000,0.99970000,0.99980000,0.99960000,0.99960000,11593823.00000000,1696618799999,11590391.28880000,4544,1576957.00000000,1576572.79060000,0
1696618800000,0.99970000,0.99970000,0.99960000,0.99960000,10126584.00000000,1696622399999,10122916.42240000,3762,3830560.00000000,3829410.83200000,0
1696622400000,0.99970000,0.99970000,0.99960000,0.99960000,8235704.00000000,1696625999999,8232478.23380000,5908,685154.00000000,684948.45380000,0
1696626000000,0.99960000,0.99970000,0.99950000,0.99960000,10340002.00000000,1696629599999,10336076.82450000,4573,6095649.00000000,6093444.25650000,0
1696629600000,0.99960000,0.99970000,0.99960000,0.99960000,5495607.00000000,1696633199999,5493449.44970000,5202,406925.00000000,406802.92250000,0
1696633200000,0.99960000,0.99970000,0.99950000,0.99960000,10364934.00000000,1696636799999,10360557.96910000,3034,2586112.00000000,2585088.66740000,0
1696636800000,0.99960000,0.99960000,0.99950000,0.99960000,3251900.00000000,1696640399999,3250391.33380000,2697,1172838.00000000,1172368.86480000,0
1696640400000,0.99950000,0.99960000,0.99950000,0.99960000,4231226.00000000,1696643999999,4229264.88140000,2327,1544944.00000000,1544326.02240000,0
1696644000000,0.99960000,0.99960000,0.99950000,0.99950000,2362599.00000000,1696647599999,2361481.42960000,1441,637291.00000000,637036.08360000,0
1696647600000,0.99950000,0.99960000,0.99950000,0.99960000,3098151.00000000,1696651199999,3096730.07350000,1645,1281490.00000000,1280977.40400000,0
1696651200000,0.99950000,0.99960000,0.99950000,0.99960000,1887052.00000000,1696654799999,1886217.67520000,1248,1092012.00000000,1091575.19520000,0
1696654800000,0.99950000,0.99960000,0.99950000,0.99960000,1557631.00000000,1696658399999,1556932.59790000,1761,804134.00000000,803812.34640000,0
1696658400000,0.99950000,0.99960000,0.99950000,0.99960000,2083830.00000000,1696661999999,2082848.81330000,2380,607283.00000000,607040.08680000,0
1696662000000,0.99960000,0.99960000,0.99950000,0.99960000,1713882.00000000,1696665599999,1713058.76900000,1779,337100.00000000,336965.16000000,0
1696665600000,0.99960000,0.99960000,0.99950000,0.99950000,4870118.00000000,1696669199999,4867929.24320000,2035,2463022.00000000,2462036.79120000,0
1696669200000,0.99960000,0.99960000,0.99950000,0.99950000,1594186.00000000,1696672799999,1593429.17330000,2051,402663.00000000,402501.93480000,0
1696672800000,0.99950000,0.99960000,0.99940000,0.99940000,8690959.00000000,1696676399999,8686655.34810000,1948,1020889.00000000,1020421.88080000,0
1696676400000,0.99940000,0.99960000,0.99930000,0.99950000,19849156.00000000,1696679999999,19838383.31420000,2443,13893331.00000000,13885942.11810000,0
1696680000000,0.99950000,0.99960000,0.99950000,0.99950000,2017200.00000000,1696683599999,2016215.89750000,1318,244975.00000000,244877.01000000,0
1696683600000,0.99960000,0.99960000,0.99940000,0.99940000,8699718.00000000,1696687199999,8695381.17050000,2253,485897.00000000,485690.91700000,0
1696687200000,0.99940000,0.99950000,0.99940000,0.99950000,2469444.00000000,1696690799999,2468110.24670000,1405,1479131.00000000,1478391.43450000,0
1696690800000,0.99950000,0.99950000,0.99940000,0.99950000,1955972.00000000,1696694399999,1954918.83720000,1655,1204204.00000000,1203601.89800000,0
1696694400000,0.99940000,0.99950000,0.99940000,0.99950000,1610135.00000000,1696697999999,1609208.61580000,1587,396968.00000000,396769.51600000,0
1696698000000,0.99940000,0.99950000,0.99940000,0.99940000,1163164.00000000,1696701599999,1162492.87400000,2006,267724.00000000,267590.13800000,0
1696701600000,0.99940000,0.99950000,0.99940000,0.99940000,1855790.00000000,1696705199999,1854698.72380000,2022,221978.00000000,221867.01100000,0
1696705200000,0.99940000,0.99950000,0.99940000,0.99940000,1072382.00000000,1696708799999,1071761.83380000,1750,232630.00000000,232513.68500000,0
1696708800000,0.99940000,0.99950000,0.99940000,0.99950000,2190372.00000000,1696712399999,2189239.10980000,1591,1813330.00000000,1812423.33500000,0
1696712400000,0.99940000,0.99950000,0.99940000,0.99940000,840452.00000000,1696715999999,839990.66260000,737,429338.00000000,429123.33100000,0
1696716000000,0.99940000,0.99950000,0.99940000,0.99950000,526238.00000000,1696719599999,525943.04560000,792,207884.00000000,207780.05800000,0
1696719600000,0.99950000,0.99960000,0.99940000,0.99950000,10784282.00000000,1696723199999,10778843.03950000,1123,7334527.00000000,7330859.82610000,0
1696723200000,0.99940000,0.99950000,0.99940000,0.99950000,1142142.00000000,1696726799999,1141482.03250000,965,253177.00000000,253050.41150000,0
1696726800000,0.99940000,0.99950000,0.99940000,0.99950000,1263304.00000000,1696730399999,1262633.34020000,1070,873226.00000000,872789.38700000,0
1696730400000,0.99950000,0.99950000,0.99940000,0.99950000,1203799.00000000,1696733999999,1203139.22780000,1336,625072.00000000,624759.46400000,0
1696734000000,0.99940000,0.99950000,0.99920000,0.99940000,23051420.00000000,1696737599999,23036260.65330000,2508,10678636.00000000,10671358.93860000,0
1696737600000,0.99940000,0.99940000,0.99920000,0.99930000,10041461.00000000,1696741199999,10034507.22980000,1594,7574674.00000000,7569463.46330000,0
1696741200000,0.99930000,0.99940000,0.99930000,0.99940000,3315001.00000000,1696744799999,3312888.83920000,1098,2083399.00000000,2082148.96060000,0
1696744800000,0.99940000,0.99950000,0.99930000,0.99930000,8459773.00000000,1696748399999,8454654.98190000,1240,5873346.00000000,5869822.52210000,0
1696748400000,0.99930000,0.99940000,0.99930000,0.99930000,1518638.00000000,1696751999999,1517664.30060000,1019,893472.00000000,892935.91680000,0
1696752000000,0.99930000,0.99940000,0.99930000,0.99940000,1572322.00000000,1696755599999,1571332.30820000,1502,1109336.00000000,1108670.39840000,0
1696755600000,0.99930000,0.99940000,0.99930000,0.99940000,4699906.00000000,1696759199999,4696927.65680000,1537,3115910.00000000,3114040.45400000,0
1696759200000,0.99930000,0.99940000,0.99930000,0.99940000,2600841.00000000,1696762799999,2599122.61670000,2200,1022054.00000000,1021440.76760000,0
1696762800000,0.99930000,0.99950000,0.99930000,0.99950000,19213616.00000000,1696766399999,19202137.84490000,1421,13847664.00000000,13839438.58010000,0
1696766400000,0.99940000,0.99950000,0.99940000,0.99950000,4878339.00000000,1696769999999,4875720.13070000,1143,3081341.00000000,3079800.32950000,0
1696770000000,0.99940000,0.99950000,0.99940000,0.99940000,6202745.00000000,1696773599999,6199323.02240000,3063,2996694.00000000,2995195.65300000,0
1696773600000,0.99950000,0.99950000,0.99930000,0.99930000,28137440.00000000,1696777199999,28120830.83530000,3234,10628897.00000000,10622796.96550000,0
1696777200000,0.99930000,0.99950000,0.99930000,0.99940000,12694974.00000000,1696780799999,12687351.20030000,2257,5469599.00000000,5466344.95060000,0
1696780800000,0.99940000,0.99950000,0.99930000,0.99950000,4163231.00000000,1696784399999,4160800.95380000,2864,2185164.00000000,2183930.79910000,0
1696784400000,0.99950000,0.99950000,0.99940000,0.99940000,4134493.00000000,1696787999999,4132151.57620000,1540,1392720.00000000,1392023.64000000,0
1696788000000,0.99950000,0.99950000,0.99940000,0.99950000,4257798.00000000,1696791599999,4255608.78950000,1659,3654683.00000000,3652855.65850000,0
1696791600000,0.99950000,0.99960000,0.99940000,0.99950000,11583400.00000000,1696795199999,11577846.26760000,2011,10786292.00000000,10781138.41230000,0
1696795200000,0.99950000,0.99960000,0.99950000,0.99950000,1642274.00000000,1696798799999,1641499.20790000,1600,463449.00000000,463263.62040000,0
1696798800000,0.99950000,0.99960000,0.99950000,0.99950000,1260014.00000000,1696802399999,1259409.02850000,2303,250355.00000000,250254.85800000,0
1696802400000,0.99950000,0.99960000,0.99950000,0.99950000,3786088.00000000,1696805999999,3784375.47750000,2855,1805215.00000000,1804492.91400000,0
1696806000000,0.99960000,0.99960000,0.99950000,0.99950000,2733069.00000000,1696809599999,2731828.75440000,2378,1262889.00000000,1262383.84440000,0
1696809600000,0.99950000,0.99960000,0.99940000,0.99950000,16377103.00000000,1696813199999,16368972.30510000,4502,4377805.00000000,4375692.22280000,0
1696813200000,0.99950000,0.99960000,0.99950000,0.99950000,5836909.00000000,1696816799999,5834142.64230000,3278,1520968.00000000,1520359.61280000,0
1696816800000,0.99950000,0.99960000,0.99950000,0.99950000,3748986.00000000,1696820399999,3747274.46360000,1498,1629566.00000000,1628914.17360000,0
1696820400000,0.99950000,0.99960000,0.99950000,0.99950000,14910821.00000000,1696823999999,14904568.80370000,2857,12032142.00000000,12027329.14320000,0
1696824000000,0.99960000,0.99960000,0.99950000,0.99950000,3717402.00000000,1696827599999,3715740.35050000,1183,1970515.00000000,1969726.79400000,0
1696827600000,0.99950000,0.99970000,0.99950000,0.99960000,8941857.00000000,1696831199999,8938297.24590000,1493,5505029.00000000,5502895.16120000,0
1696831200000,0.99960000,0.99970000,0.99960000,0.99960000,10623386.00000000,1696834799999,10619920.98090000,1512,7843353.00000000,7840999.99410000,0
1696834800000,0.99970000,0.99980000,0.99960000,0.99960000,45437603.00000000,1696838399999,45423792.67840000,3519,22949238.00000000,22942402.75810000,0
1696838400000,0.99970000,0.99980000,0.99960000,0.99970000,23303100.00000000,1696841999999,23296571.59140000,3029,18686599.00000000,18681506.23360000,0
1696842000000,0.99970000,0.99980000,0.99970000,0.99970000,16718745.00000000,1696845599999,16714315.79860000,5773,5864221.00000000,5863048.15580000,0
1696845600000,0.99980000,0.99980000,0.99970000,0.99970000,19432901.00000000,1696849199999,19427800.49800000,4290,7293683.00000000,7292224.26340000,0
1696849200000,0.99980000,0.99980000,0.99970000,0.99970000,12213344.00000000,1696852799999,12210296.19090000,5806,6161941.00000000,6160708.61180000,0
1696852800000,0.99970000,0.99990000,0.99970000,0.99980000,20240546.00000000,1696856399999,20236437.07110000,6779,15911616.00000000,15908536.61940000,0
1696856400000,0.99980000,0.99990000,0.99980000,0.99980000,7899989.00000000,1696859999999,7898772.81770000,3070,3638155.00000000,3637791.18450000,0
1696860000000,0.99990000,0.99990000,0.99980000,0.99980000,9221125.00000000,1696863599999,9219427.89980000,2599,1471248.00000000,1471100.87520000,0
1696863600000,0.99990000,0.99990000,0.99970000,0.99980000,18694394.00000000,1696867199999,18690981.07440000,3988,13101597.00000000,13099439.38990000,0
1696867200000,0.99980000,0.99990000,0.99970000,0.99970000,20006235.00000000,1696870799999,20001631.19150000,8900,9062858.00000000,9061085.33710000,0
1696870800000,0.99980000,0.99980000,0.99970000,0.99980000,7300139.00000000,1696874399999,7298388.87220000,5496,4399139.00000000,4398259.17220000,0
1696874400000,0.99980000,0.99990000,0.99970000,0.99980000,10511676.00000000,1696877999999,10509648.88460000,5836,4872026.00000000,4871159.85870000,0
1696878000000,0.99990000,0.99990000,0.99980000,0.99980000,3909974.00000000,1696881599999,3909240.84940000,2655,488442.00000000,488393.15580000,0
1696881600000,0.99980000,0.99990000,0.99970000,0.99980000,8500383.00000000,1696885199999,8498730.17090000,2580,4603085.00000000,4602233.90430000,0
1696885200000,0.99980000,0.99990000,0.99970000,0.99980000,8516440.00000000,1696888799999,8514803.30800000,3754,3479241.00000000,3478615.35140000,0
1696888800000,0.99990000,0.99990000,0.99970000,0.99970000,7250020.00000000,1696892399999,7248488.32410000,2602,760667.00000000,760523.99300000,0
1696892400000,0.99970000,0.99980000,0.99970000,0.99970000,3564384.00000000,1696895999999,3563473.06480000,1412,1583800.00000000,1583483.24000000,0
1696896000000,0.99980000,0.99980000,0.99970000,0.99970000,5094227.00000000,1696899599999,5093041.58300000,2757,3428511.00000000,3427825.29780000,0
1696899600000,0.99970000,0.99980000,0.99970000,0.99970000,4861966.00000000,1696903199999,4860799.12470000,2390,2917145.00000000,2916561.57100000,0
1696903200000,0.99970000,0.99990000,0.99970000,0.99980000,15444916.00000000,1696906799999,15441549.80020000,4196,12299799.00000000,12297363.43820000,0
1696906800000,0.99990000,0.99990000,0.99970000,0.99980000,20591480.00000000,1696910399999,20588141.95110000,1630,12389555.00000000,12387864.45640000,0
1696910400000,0.99990000,0.99990000,0.99980000,0.99980000,6393578.00000000,1696913999999,6392725.65100000,1818,4263666.00000000,4263239.63340000,0
1696914000000,0.99990000,0.99990000,0.99980000,0.99980000,7918613.00000000,1696917599999,7917557.94130000,3197,5286639.00000000,5286110.33610000,0
1696917600000,0.99990000,0.99990000,0.99980000,0.99980000,6247731.00000000,1696921199999,6246723.51390000,2074,2420601.00000000,2420358.93990000,0
1696921200000,0.99990000,1.00000000,0.99980000,0.99980000,20494096.00000000,1696924799999,20491737.94040000,3614,11589425.00000000,11588269.86750000,0
1696924800000,0.99980000,0.99990000,0.99980000,0.99980000,13695107.00000000,1696928399999,13693482.39080000,3586,11144122.00000000,11143007.58780000,0
1696928400000,0.99980000,1.00000000,0.99980000,0.99990000,14925708.00000000,1696931999999,14923798.16560000,2276,10506588.00000000,10505547.88680000,0
1696932000000,1.00000000,1.00000000,0.99980000,0.99980000,30111359.00000000,1696935599999,30107340.17300000,3107,11050846.00000000,11049771.91620000,0
1696935600000,0.99980000,0.99990000,0.99980000,0.99990000,8301102.00000000,1696939199999,8299958.41620000,3290,5166366.00000000,5165849.36340000,0
1696939200000,0.99990000,1.00000000,0.99980000,0.99980000,15335290.00000000,1696942799999,15333261.26790000,4132,5539282.00000000,5538753.37960000,0
1696942800000,0.99990000,0.99990000,0.99980000,0.99980000,19518595.00000000,1696946399999,19515576.79070000,4075,8855097.00000000,8854211.49030000,0
1696946400000,0.99990000,0.99990000,0.99970000,0.99980000,30825837.00000000,1696949999999,30820760.13960000,9119,19529476.00000000,19526667.98100000,0
1696950000000,0.99990000,0.99990000,0.99980000,0.99980000,15914866.00000000,1696953599999,15912596.04300000,4449,9130162.00000000,9129248.98380000,0
1696953600000,0.99980000,0.99990000,0.99980000,0.99980000,11244917.00000000,1696957199999,11243122.15020000,5449,4541336.00000000,4540881.86640000,0
1696957200000,0.99990000,0.99990000,0.99980000,0.99980000,13590603.00000000,1696960799999,13588821.59800000,6012,9367186.00000000,9366249.28140000,0
1696960800000,0.99990000,1.00000000,0.99980000,1.00000000,10995856.00000000,1696964399999,10994715.81620000,5309,7927768.00000000,7927069.99610000,0
1696964400000,0.99990000,1.00000000,0.99990000,0.99990000,6799056.00000000,1696967999999,6798844.86660000,2664,4687722.00000000,4687722.00000000,0
1696968000000,0.99990000,1.00000000,0.99990000,0.99990000,13499737.00000000,1696971599999,13498741.46930000,3509,3544430.00000000,3544430.00000000,0
1696971600000,0.99990000,1.00000000,0.99980000,0.99980000,10015922.00000000,1696975199999,10014830.18270000,3769,3705798.00000000,3705458.70660000,0
1696975200000,0.99990000,1.00000000,0.99980000,0.99990000,6003687.00000000,1696978799999,6002915.04050000,2580,3255181.00000000,3254900.41480000,0
1696978800000,0.99990000,1.00000000,0.99990000,0.99990000,7276437.00000000,1696982399999,7276163.95020000,2307,4545939.00000000,4545939.00000000,0
1696982400000,1.00000000,1.00000000,0.99990000,1.00000000,8413267.00000000,1696985999999,8412641.67600000,2365,2160027.00000000,2160027.00000000,0
1696986000000,1.00000000,1.00000000,0.99990000,0.99990000,3575228.00000000,1696989599999,3574921.91250000,1989,514353.00000000,514353.00000000,0
1696989600000,0.99990000,1.00000000,0.99980000,0.99980000,15104250.00000000,1696993199999,15102547.91740000,6092,1305355.00000000,1305301.88120000,0
1696993200000,0.99990000,0.99990000,0.99980000,0.99980000,4536440.00000000,1696996799999,4535827.18940000,4455,2944774.00000000,2944479.52260000,0
1696996800000,0.99990000,0.99990000,0.99980000,0.99990000,15528570.00000000,1697000399999,15526748.69730000,5231,12844113.00000000,12842828.58870000,0
1697000400000,0.99990000,0.99990000,0.99980000,0.99980000,5616988.00000000,1697003999999,5616275.23640000,2598,4106340.00000000,4105929.36600000,0
1697004000000,0.99980000,0.99990000,0.99980000,0.99990000,6498092.00000000,1697007599999,6497287.95860000,2105,4955770.00000000,4955274.42300000,0
1697007600000,0.99990000,1.00000000,0.99980000,0.99990000,20261584.00000000,1697011199999,20259533.23440000,3774,16862948.00000000,16861325.98000000,0
1697011200000,0.99990000,1.00000000,0.99990000,1.00000000,6048093.00000000,1697014799999,6047933.27410000,3164,4450834.00000000,4450834.00000000,0
1697014800000,1.00000000,1.00000000,0.99990000,1.00000000,9405002.00000000,1697018399999,9404832.50230000,6168,7710025.00000000,7710025.00000000,0
1697018400000,0.99990000,1.00010000,0.99990000,0.99990000,38403988.00000000,1697021999999,38402834.98630000,2765,20246141.00000000,20246141.29520000,0
1697022000000,1.00000000,1.00000000,0.99990000,0.99990000,10676269.00000000,1697025599999,10675597.41180000,2579,3960387.00000000,3960387.00000000,0
1697025600000,1.00000000,1.00000000,0.99990000,0.99990000,5720475.00000000,1697029199999,5720251.38400000,3744,3484315.00000000,3484315.00000000,0
1697029200000,1.00000000,1.00000000,0.99990000,0.99990000,9937903.00000000,1697032799999,9937510.49270000,3150,6012830.00000000,6012830.00000000,0
1697032800000,0.99990000,1.00010000,0.99990000,1.00010000,20185912.00000000,1697036399999,20185744.67550000,5995,15641570.00000000,15641695.75850000,0
1697036400000,1.00000000,1.00010000,0.99990000,1.00000000,22001999.00000000,1697039999999,22002171.92700000,7295,11611206.00000000,11611655.82970000,0
1697040000000,1.00010000,1.00020000,1.00000000,1.00010000,26698138.00000000,1697043599999,26700664.17860000,11388,19198522.00000000,19200465.30050000,0
1697043600000,1.00000000,1.00030000,1.00000000,1.00020000,26764973.00000000,1697047199999,26769618.66170000,8172,18852774.00000000,18856183.12760000,0
1697047200000,1.00010000,1.00030000,1.00010000,1.00020000,20881164.00000000,1697050799999,20885824.83880000,4321,11149236.00000000,11152030.52550000,0
1697050800000,1.00010000,1.00040000,1.00010000,1.00030000,17328526.00000000,1697054399999,17333411.30060000,6681,12884469.00000000,12888281.99830000,0
1697054400000,1.00020000,1.00030000,1.00020000,1.00030000,8979652.00000000,1697057999999,8982000.00170000,3815,5520713.00000000,5522369.21390000,0
1697058000000,1.00020000,1.00030000,1.00020000,1.00020000,5438625.00000000,1697061599999,5439909.04960000,2708,1963246.00000000,1963834.97380000,0
1697061600000,1.00020000,1.00030000,1.00020000,1.00020000,2837110.00000000,1697065199999,2837776.19350000,1922,987715.00000000,988011.31450000,0
1697065200000,1.00020000,1.00030000,1.00020000,1.00030000,5079156.00000000,1697068799999,5080319.60890000,1989,1477777.00000000,1478220.33310000,0
1697068800000,1.00030000,1.00030000,1.00010000,1.00020000,7440701.00000000,1697072399999,7442030.66300000,3262,4322762.00000000,4323628.65510000,0
1697072400000,1.00010000,1.00020000,1.00010000,1.00010000,3810308.00000000,1697075999999,3810837.33680000,2226,1483060.00000000,1483356.61200000,0
1697076000000,1.00010000,1.00030000,1.00010000,1.00020000,7429466.00000000,1697079599999,7430955.60040000,3163,5754034.00000000,5755303.29450000,0
1697079600000,1.00020000,1.00030000,1.00020000,1.00030000,6032581.00000000,1697083199999,6034097.80200000,2123,3102858.00000000,3103788.85740000,0
1697083200000,1.00020000,1.00030000,1.00020000,1.00030000,7539347.00000000,1697086799999,7541357.20360000,2262,5023342.00000000,5024849.00260000,0
1697086800000,1.00020000,1.00030000,1.00020000,1.00030000,2318869.00000000,1697090399999,2319430.84630000,2231,980725.00000000,981019.21750000,0
1697090400000,1.00020000,1.00030000,1.00020000,1.00030000,4149769.00000000,1697093999999,4150908.06360000,2510,3091098.00000000,3092025.32940000,0
1697094000000,1.00020000,1.00030000,1.00020000,1.00030000,5155587.00000000,1697097599999,5156842.80200000,1939,2246846.00000000,2247520.05380000,0
1697097600000,1.00020000,1.00030000,1.00020000,1.00020000,7533086.00000000,1697101199999,7534871.22510000,2640,2786079.00000000,2786914.82370000,0
1697101200000,1.00020000,1.00040000,1.00020000,1.00030000,19682728.00000000,1697104799999,19687909.36070000,5867,7095703.00000000,7097836.37380000,0
1697104800000,1.00020000,1.00030000,1.00020000,1.00030000,9337453.00000000,1697108399999,9339678.79370000,5500,3583031.00000000,3584105.90930000,0
1697108400000,1.00020000,1.00030000,1.00020000,1.00030000,6686673.00000000,1697111999999,6688525.21290000,3359,5148783.00000000,5150327.63490000,0
1697112000000,1.00020000,1.00040000,1.00020000,1.00040000,20081356.00000000,1697115599999,20087374.80770000,4644,8352150.00000000,8354811.47290000,0
1697115600000,1.00030000,1.00040000,1.00020000,1.00020000,10623098.00000000,1697119199999,10626174.59070000,4548,4729490.00000000,4731051.99560000,0
1697119200000,1.00020000,1.00040000,1.00020000,1.00030000,20857954.00000000,1697122799999,20865284.10340000,5198,15741839.00000000,15747697.78040000,0
1697122800000,1.00030000,1.00050000,1.00030000,1.00040000,16528017.00000000,1697126399999,16534261.73960000,6491,10297699.00000000,10301820.17110000,0
1697126400000,1.00040000,1.00040000,1.00030000,1.00030000,6353202.00000000,1697129999999,6355499.99080000,5646,3920302.00000000,3921870.12080000,0
1697130000000,1.00030000,1.00050000,1.00030000,1.00040000,16100552.00000000,1697133599999,16106843.10360000,6573,14292471.00000000,14298202.28590000,0
1697133600000,1.00040000,1.00050000,1.00040000,1.00040000,2153547.00000000,1697137199999,2154507.87070000,2281,994519.00000000,995016.25950000,0
1697137200000,1.00040000,1.00050000,1.00040000,1.00040000,3326870.00000000,1697140799999,3328314.94370000,2719,1141957.00000000,1142527.97850000,0
1697140800000,1.00040000,1.00050000,1.00030000,1.00040000,7296569.00000000,1697144399999,7299511.56770000,3062,720148.00000000,720491.92890000,0
1697144400000,1.00030000,1.00040000,1.00030000,1.00040000,2027004.00000000,1697147999999,2027735.42760000,1936,1233264.00000000,1233757.30560000,0
1697148000000,1.00030000,1.00040000,1.00030000,1.00040000,1580254.00000000,1697151599999,1580815.80410000,1544,877279.00000000,877629.91160000,0
1697151600000,1.00030000,1.00040000,1.00030000,1.00030000,7259072.00000000,1697155199999,7261887.21930000,1619,6374977.00000000,6377526.99080000,0
1697155200000,1.00030000,1.00050000,1.00030000,1.00030000,6769080.00000000,1697158799999,6771823.81940000,2510,3759295.00000000,3760922.47090000,0
1697158800000,1.00030000,1.00040000,1.00030000,1.00030000,5006337.00000000,1697162399999,5008094.98910000,2236,2560880.00000000,2561904.35200000,0
1697162400000,1.00030000,1.00040000,1.00030000,1.00030000,4972176.00000000,1697165999999,4973939.85440000,1535,2722016.00000000,2723104.80640000,0
1697166000000,1.00030000,1.00040000,1.00030000,1.00030000,8267747.00000000,1697169599999,8270849.37940000,2165,6220553.00000000,6223041.22120000,0
1697169600000,1.00030000,1.00050000,1.00030000,1.00040000,7460262.00000000,1697173199999,7463185.34800000,1724,5409702.00000000,5411900.83460000,0
1697173200000,1.00040000,1.00050000,1.00040000,1.00040000,2944918.00000000,1697176799999,2946146.12220000,1595,501550.00000000,501800.77500000,0
1697176800000,1.00040000,1.00050000,1.00040000,1.00040000,3612975.00000000,1697180399999,3614450.53830000,1446,303483.00000000,303634.74150000,0
1697180400000,1.00040000,1.00050000,1.00040000,1.00040000,6964617.00000000,1697183999999,6967543.36720000,2608,1405204.00000000,1405906.60200000,0
1697184000000,1.00040000,1.00050000,1.00030000,1.00030000,16404546.00000000,1697187599999,16411109.04640000,3511,5429564.00000000,5431862.41840000,0
1697187600000,1.00030000,1.00050000,1.00030000,1.00040000,13352499.00000000,1697191199999,13357765.18670000,2677,8761861.00000000,8765616.93580000,0
1697191200000,1.00040000,1.00060000,1.00040000,1.00050000,17808503.00000000,1697194799999,17817111.25190000,2678,10627480.00000000,10632801.13080000,0
1697194800000,1.00040000,1.00060000,1.00040000,1.00040000,19112953.00000000,1697198399999,19122469.75700000,3140,11332765.00000000,11338659.20860000,0
1697198400000,1.00040000,1.00050000,1.00040000,1.00040000,8988142.00000000,1697201999999,8992190.10720000,3081,4528504.00000000,4530768.25200000,0
1697202000000,1.00040000,1.00050000,1.00030000,1.00030000,15987824.00000000,1697205599999,15994508.10570000,3858,3887552.00000000,3889474.06700000,0
1697205600000,1.00030000,1.00040000,1.00030000,1.00030000,15343062.00000000,1697209199999,15348183.45690000,3033,5185383.00000000,5187457.15320000,0
1697209200000,1.00030000,1.00040000,1.00030000,1.00030000,13960003.00000000,1697212799999,13964926.86930000,2695,7358684.00000000,7361627.47360000,0
1697212800000,1.00030000,1.00040000,1.00030000,1.00030000,11588743.00000000,1697216399999,11592958.33230000,3026,7387094.00000000,7390048.83760000,0
1697216400000,1.00030000,1.00040000,1.00030000,1.00030000,4799238.00000000,1697219999999,4800821.65830000,2217,1438869.00000000,1439444.54760000,0
1697220000000,1.00030000,1.00040000,1.00030000,1.00030000,3267069.00000000,1697223599999,3268146.09720000,1558,969765.00000000,970152.90600000,0
1697223600000,1.00030000,1.00040000,1.00030000,1.00030000,3907512.00000000,1697227199999,3908752.53130000,1768,682777.00000000,683050.11080000,0
1697227200000,1.00030000,1.00040000,1.00030000,1.00030000,3706871.00000000,1697230799999,3708107.77580000,2194,1247145.00000000,1247643.85800000,0
1697230800000,1.00030000,1.00040000,1.00020000,1.00020000,9225824.00000000,1697234399999,9228789.95730000,4507,3403414.00000000,3404704.88810000,0
1697234400000,1.00020000,1.00030000,1.00020000,1.00030000,7567280.00000000,1697237999999,7568887.50870000,5216,940527.00000000,940809.15810000,0
1697238000000,1.00020000,1.00030000,1.00010000,1.00030000,12186588.00000000,1697241599999,12189198.85080000,3060,6865118.00000000,6866702.97130000,0
1697241600000,1.00020000,1.00030000,1.00020000,1.00030000,2452738.00000000,1697245199999,2453250.65900000,2766,221114.00000000,221180.33420000,0
1697245200000,1.00020000,1.00030000,1.00020000,1.00030000,1474526.00000000,1697248799999,1474846.87700000,1316,259718.00000000,259795.91540000,0
1697248800000,1.00020000,1.00030000,1.00010000,1.00010000,5217411.00000000,1697252399999,5218381.76760000,1623,1756490.00000000,1756850.60650000,0
1697252400000,1.00010000,1.00020000,1.00010000,1.00020000,639513.00000000,1697255999999,639616.15980000,912,392085.00000000,392163.41700000,0
1697256000000,1.00010000,1.00020000,1.00010000,1.00010000,1290205.00000000,1697259599999,1290407.59140000,1069,735709.00000000,735856.14180000,0
1697259600000,1.00010000,1.00020000,1.00010000,1.00010000,2795853.00000000,1697263199999,2796354.34650000,939,2217612.00000000,2218055.52240000,0
1697263200000,1.00010000,1.00020000,1.00010000,1.00010000,2751781.00000000,1697266799999,2752088.69900000,1456,325209.00000000,325274.04180000,0
1697266800000,1.00010000,1.00020000,1.00010000,1.00020000,1038215.00000000,1697270399999,1038344.48150000,1291,256600.00000000,256651.32000000,0
1697270400000,1.00010000,1.00020000,1.00010000,1.00020000,1244724.00000000,1697273999999,1244898.47670000,1469,500043.00000000,500143.00860000,0
1697274000000,1.00010000,1.00020000,1.00010000,1.00010000,925129.00000000,1697277599999,925239.95180000,1300,184389.00000000,184425.87780000,0
1697277600000,1.00010000,1.00020000,1.00010000,1.00010000,3636180.00000000,1697281199999,3636726.63870000,1317,1830207.00000000,1830573.04140000,0
1697281200000,1.00010000,1.00020000,1.00010000,1.00020000,769146.00000000,1697284799999,769235.70180000,1433,127872.00000000,127897.57440000,0
1697284800000,1.00010000,1.00020000,1.00010000,1.00010000,1523733.00000000,1697288399999,1523899.83320000,1372,144599.00000000,144627.91980000,0
1697288400000,1.00010000,1.00020000,1.00010000,1.00020000,2612130.00000000,1697291999999,2612457.40830000,1911,661953.00000000,662085.39060000,0
1697292000000,1.00010000,1.00020000,1.00010000,1.00010000,5467017.00000000,1697295599999,5467738.87270000,2451,1751710.00000000,1752060.34200000,0
1697295600000,1.00010000,1.00020000,1.00010000,1.00010000,1798119.00000000,1697299199999,1798377.83320000,1970,790213.00000000,790371.04260000,0
1697299200000,1.00010000,1.00020000,1.00010000,1.00010000,8140550.00000000,1697302799999,8141503.58150000,2852,1395265.00000000,1395544.05300000,0
1697302800000,1.00010000,1.00020000,1.00000000,1.00010000,2874511.00000000,1697306399999,2874775.28080000,2159,471528.00000000,471580.35130000,0
1697306400000,1.00000000,1.00010000,1.00000000,1.00000000,1808045.00000000,1697309999999,1808159.36540000,1579,1143654.00000000,1143768.36540000,0
1697310000000,1.00000000,1.00010000,1.00000000,1.00000000,3431752.00000000,1697313599999,3431997.78810000,1620,2457881.00000000,2458126.78810000,0
1697313600000,1.00000000,1.00010000,1.00000000,1.00010000,938976.00000000,1697317199999,939000.72650000,1513,247265.00000000,247289.72650000,0
1697317200000,1.00000000,1.00010000,1.00000000,1.00000000,4028373.00000000,1697320799999,4028567.22140000,1511,1942214.00000000,1942408.22140000,0
1697320800000,1.00000000,1.00010000,1.00000000,1.00010000,2048233.00000000,1697324399999,2048364.67250000,1292,1316725.00000000,1316856.67250000,0
1697324400000,1.00000000,1.00010000,1.00000000,1.00010000,1823266.00000000,1697327999999,1823279.29100000,924,132910.00000000,132923.29100000,0
1697328000000,1.00010000,1.00010000,1.00000000,1.00010000,4413194.00000000,1697331599999,4413470.90030000,1479,2769003.00000000,2769279.90030000,0
1697331600000,1.00000000,1.00010000,1.00000000,1.00010000,2810242.00000000,1697335199999,2810408.72280000,1404,1667228.00000000,1667394.72280000,0
1697335200000,1.00000000,1.00010000,1.00000000,1.00010000,827332.00000000,1697338799999,827388.31930000,1231,563193.00000000,563249.31930000,0
1697338800000,1.00010000,1.00010000,1.00000000,1.00010000,4295518.00000000,1697342399999,4295566.31610000,1663,483161.00000000,483209.31610000,0
1697342400000,1.00000000,1.00010000,1.00000000,1.00010000,1542245.00000000,1697345999999,1542269.18500000,1074,241850.00000000,241874.18500000,0
1697346000000,1.00000000,1.00010000,1.00000000,1.00010000,1282831.00000000,1697349599999,1282857.18030000,926,261803.00000000,261829.18030000,0
1697349600000,1.00000000,1.00010000,1.00000000,1.00010000,2985082.00000000,1697353199999,2985334.86640000,1120,2528664.00000000,2528916.86640000,0
1697353200000,1.00000000,1.00010000,1.00000000,1.00000000,687594.00000000,1697356799999,687632.69780000,1266,386978.00000000,387016.69780000,0
1697356800000,1.00000000,1.00010000,1.00000000,1.00010000,967272.00000000,1697360399999,967317.31830000,1255,453183.00000000,453228.31830000,0
1697360400000,1.00000000,1.00010000,1.00000000,1.00000000,4146181.00000000,1697363999999,4146489.81020000,1201,3088102.00000000,3088410.81020000,0
1697364000000,1.00000000,1.00010000,1.00000000,1.00010000,2023645.00000000,1697367599999,2023660.80190000,1039,158019.00000000,158034.80190000,0
1697367600000,1.00000000,1.00010000,1.00000000,1.00010000,3251099.00000000,1697371199999,3251202.29140000,1758,1032914.00000000,1033017.29140000,0
1697371200000,1.00000000,1.00010000,1.00000000,1.00000000,3809486.00000000,1697374799999,3809691.59940000,1444,2055994.00000000,2056199.59940000,0
1697374800000,1.00000000,1.00010000,1.00000000,1.00010000,9499194.00000000,1697378399999,9499353.62640000,4373,1596264.00000000,1596423.62640000,0
1697378400000,1.00000000,1.00010000,1.00000000,1.00000000,5118665.00000000,1697381999999,5118881.52230000,2367,2165223.00000000,2165439.52230000,0
1697382000000,1.00000000,1.00010000,0.99990000,1.00000000,18584734.00000000,1697385599999,18584770.71740000,3658,10828244.00000000,10828289.03380000,0
1697385600000,1.00000000,1.00010000,1.00000000,1.00000000,3254664.00000000,1697389199999,3254796.96940000,2037,1329694.00000000,1329826.96940000,0
1697389200000,1.00000000,1.00010000,1.00000000,1.00000000,1714474.00000000,1697392799999,1714594.85590000,1882,1208559.00000000,1208679.85590000,0
1697392800000,1.00010000,1.00010000,1.00000000,1.00000000,2035263.00000000,1697396399999,2035373.40790000,3331,1104079.00000000,1104189.40790000,0
1697396400000,1.00010000,1.00010000,1.00000000,1.00010000,2737458.00000000,1697399999999,2737563.00950000,2436,1050095.00000000,1050200.00950000,0
1697400000000,1.00000000,1.00010000,1.00000000,1.00000000,3948055.00000000,1697403599999,3948160.85030000,3250,1058503.00000000,1058608.85030000,0
1697403600000,1.00010000,1.00010000,1.00000000,1.00000000,10034023.00000000,1697407199999,10034197.98110000,4082,1749811.00000000,1749985.98110000,0
1697407200000,1.00000000,1.00010000,0.99990000,0.99990000,21267012.00000000,1697410799999,21267033.45960000,5036,6202163.00000000,6202266.43810000,0
1697410800000,0.99990000,1.00000000,0.99990000,0.99990000,12271030.00000000,1697414399999,12270299.05090000,3568,4961539.00000000,4961539.00000000,0
1697414400000,0.99990000,1.00010000,0.99990000,0.99990000,23873330.00000000,1697417999999,23872760.57500000,3621,11470253.00000000,11470253.12160000,0
1697418000000,0.99990000,1.00000000,0.99990000,0.99990000,14382937.00000000,1697421599999,14381965.87500000,2577,4671687.00000000,4671687.00000000,0
1697421600000,0.99990000,1.00000000,0.99990000,0.99990000,6566890.00000000,1697425199999,6566447.60360000,2738,2142926.00000000,2142926.00000000,0
1697425200000,0.99990000,1.00000000,0.99990000,0.99990000,6823911.00000000,1697428799999,6823462.79090000,2285,2341820.00000000,2341820.00000000,0
1697428800000,0.99990000,1.00000000,0.99990000,0.99990000,14206858.00000000,1697432399999,14205584.58300000,2256,1472688.00000000,1472688.00000000,0
1697432400000,1.00000000,1.00010000,0.99990000,1.00000000,30747377.00000000,1697435999999,30747499.88200000,8278,26018446.00000000,26018822.70800000,0
1697436000000,1.00010000,1.00010000,0.99990000,0.99990000,23993156.00000000,1697439599999,23991909.72080000,6094,6994001.00000000,6994012.65490000,0
1697439600000,1.00000000,1.00000000,0.99990000,0.99990000,28037602.00000000,1697443199999,28035513.81320000,5543,7155734.00000000,7155734.00000000,0
1697443200000,0.99990000,1.00000000,0.99980000,0.99980000,51736543.00000000,1697446799999,51731663.31360000,6037,21120208.00000000,21118650.68110000,0
1697446800000,0.99990000,0.99990000,0.99980000,0.99980000,25162549.00000000,1697450399999,25158945.24640000,6293,14287562.00000000,14286133.24380000,0
1697450400000,0.99990000,0.99990000,0.99980000,0.99980000,6903905.00000000,1697453999999,6902930.48390000,2030,4062649.00000000,4062242.73510000,0
1697454000000,0.99980000,0.99990000,0.99980000,0.99980000,10335299.00000000,1697457599999,10333728.45420000,3195,4965140.00000000,4964643.48600000,0
1697457600000,0.99990000,0.99990000,0.99980000,0.99980000,14682650.00000000,1697461199999,14680618.92830000,4047,9054583.00000000,9053677.54170000,0
1697461200000,0.99980000,1.00000000,0.99980000,0.99980000,53414336.00000000,1697464799999,53408033.52710000,15829,23497128.00000000,23495277.73690000,0
1697464800000,0.99980000,0.99990000,0.99980000,0.99980000,28621689.00000000,1697468399999,28617103.02550000,6231,11383633.00000000,11382494.63670000,0
1697468400000,0.99980000,0.99990000,0.99980000,0.99980000,25063526.00000000,1697471999999,25059169.18990000,4425,6558951.00000000,6558295.10490000,0
1697472000000,0.99990000,0.99990000,0.99970000,0.99980000,22322523.00000000,1697475599999,22318885.31830000,5294,12162445.00000000,12160845.98400000,0
1697475600000,0.99980000,0.99990000,0.99970000,0.99970000,13494269.00000000,1697479199999,13491329.15600000,3883,2192363.00000000,2191957.88030000,0
1697479200000,0.99970000,0.99980000,0.99960000,0.99960000,29052812.00000000,1697482799999,29044177.29800000,5100,9078121.00000000,9075655.10170000,0
1697482800000,0.99960000,0.99980000,0.99950000,0.99970000,42960654.00000000,1697486399999,42944756.21010000,7759,19501409.00000000,19494666.21420000,0
1697486400000,0.99980000,0.99980000,0.99960000,0.99970000,24194010.00000000,1697489999999,24186955.93720000,3308,10407113.00000000,10404267.09630000,0
1697490000000,0.99970000,0.99980000,0.99950000,0.99960000,29371518.00000000,1697493599999,29360806.00480000,4171,7043941.00000000,7041290.91520000,0
1697493600000,0.99960000,0.99970000,0.99960000,0.99960000,10394708.00000000,1697497199999,10390986.54910000,3147,4364323.00000000,4363013.70310000,0
1697497200000,0.99960000,0.99970000,0.99960000,0.99970000,15740032.00000000,1697500799999,15734254.56660000,3135,5185794.00000000,5184238.26180000,0
1697500800000,0.99960000,0.99970000,0.99950000,0.99950000,25342147.00000000,1697504399999,25331807.87200000,4194,8563557.00000000,8560185.10460000,0
1697504400000,0.99960000,0.99960000,0.99950000,0.99960000,5330308.00000000,1697507999999,5327923.60340000,1874,2807574.00000000,2806450.97040000,0
1697508000000,0.99950000,0.99960000,0.99950000,0.99950000,9398731.00000000,1697511599999,9394451.48500000,2029,4198505.00000000,4196825.59800000,0
1697511600000,0.99960000,0.99970000,0.99950000,0.99960000,32710615.00000000,1697515199999,32697369.87520000,2378,22956370.00000000,22947250.95610000,0
1697515200000,0.99970000,0.99970000,0.99960000,0.99960000,11895405.00000000,1697518799999,11891059.16450000,2003,4123265.00000000,4122028.02050000,0
1697518800000,0.99970000,0.99970000,0.99960000,0.99960000,6695691.00000000,1697522399999,6693394.84670000,1477,3821231.00000000,3820084.63070000,0
1697522400000,0.99970000,0.99970000,0.99960000,0.99960000,7136481.00000000,1697525999999,7133972.95200000,1342,3465444.00000000,3464404.36680000,0
1697526000000,0.99960000,0.99970000,0.99960000,0.99960000,6224553.00000000,1697529599999,6222342.55490000,1871,2793761.00000000,2792922.87170000,0
1697529600000,0.99970000,0.99970000,0.99960000,0.99960000,7637528.00000000,1697533199999,7634676.25770000,2028,2032689.00000000,2032079.19330000,0
1697533200000,0.99960000,0.99970000,0.99960000,0.99960000,11461695.00000000,1697536799999,11457441.12360000,3000,3308016.00000000,3307023.59520000,0
1697536800000,0.99960000,0.99970000,0.99960000,0.99960000,15143965.00000000,1697540399999,15138686.94120000,2360,7795272.00000000,7792933.41840000,0
1697540400000,0.99960000,0.99980000,0.99960000,0.99970000,33164964.00000000,1697543999999,33155486.20390000,3792,25702001.00000000,25695014.08590000,0
1697544000000,0.99970000,0.99980000,0.99960000,0.99960000,41428431.00000000,1697547599999,41415720.82060000,8700,16625356.00000000,16620509.49840000,0
1697547600000,0.99960000,0.99970000,0.99960000,0.99960000,18467958.00000000,1697551199999,18461397.59450000,5226,8267777.00000000,8265296.66690000,0
1697551200000,0.99960000,0.99970000,0.99960000,0.99960000,20804282.00000000,1697554799999,20796726.30650000,9188,7660193.00000000,7657894.94210000,0
1697554800000,0.99960000,0.99970000,0.99940000,0.99950000,56189115.00000000,1697558399999,56165216.10680000,5850,26953653.00000000,26943147.81760000,0
1697558400000,0.99950000,0.99960000,0.99940000,0.99940000,13004320.00000000,1697561999999,12997952.82610000,3771,2702563.00000000,2701389.43060000,0
1697562000000,0.99940000,0.99950000,0.99940000,0.99940000,10028168.00000000,1697565599999,10022383.88000000,3211,2327808.00000000,2326644.09600000,0
1697565600000,0.99940000,0.99950000,0.99940000,0.99940000,12636662.00000000,1697569199999,12629401.44450000,4314,3214417.00000000,3212809.79150000,0
1697569200000,0.99940000,0.99970000,0.99940000,0.99960000,53242224.00000000,1697572799999,53219190.98540000,5183,36362069.00000000,36346271.09980000,0
1697572800000,0.99960000,0.99980000,0.99960000,0.99970000,18151647.00000000,1697576399999,18146370.30430000,2711,11456882.00000000,11453744.66180000,0
1697576400000,0.99970000,0.99980000,0.99960000,0.99970000,12169622.00000000,1697579999999,12165848.42860000,2146,978822.00000000,978568.25760000,0
1697580000000,0.99960000,0.99970000,0.99960000,0.99960000,4149762.00000000,1697583599999,4148274.09550000,1673,1720003.00000000,1719486.99910000,0
1697583600000,0.99960000,0.99970000,0.99960000,0.99970000,6444807.00000000,1697587199999,6442691.49970000,1920,4624225.00000000,4622837.73250000,0
1697587200000,0.99970000,0.99970000,0.99960000,0.99970000,4562930.00000000,1697590799999,4561315.24510000,2103,2104171.00000000,2103539.74870000,0
1697590800000,0.99970000,0.99970000,0.99960000,0.99960000,4733264.00000000,1697594399999,4731675.60250000,2268,3049081.00000000,3048166.27570000,0
1697594400000,0.99960000,0.99970000,0.99960000,0.99960000,9127541.00000000,1697597999999,9124184.34100000,4742,2943574.00000000,2942690.92780000,0
1697598000000,0.99970000,0.99970000,0.99960000,0.99970000,9331939.00000000,1697601599999,9328487.63220000,3238,2814078.00000000,2813233.77660000,0
1697601600000,0.99960000,0.99970000,0.99960000,0.99960000,8025539.00000000,1697605199999,8022614.24280000,4187,2854584.00000000,2853727.62480000,0
1697605200000,0.99970000,0.99970000,0.99960000,0.99960000,5499211.00000000,1697608799999,5497380.44430000,3541,3691287.00000000,3690179.61390000,0
1697608800000,0.99960000,0.99970000,0.99960000,0.99960000,4600757.00000000,1697612399999,4599183.86300000,1696,2671658.00000000,2670856.50260000,0
1697612400000,0.99960000,0.99970000,0.99960000,0.99960000,11158533.00000000,1697615999999,11154747.83310000,2259,6782463.00000000,6780428.26110000,0
1697616000000,0.99970000,0.99970000,0.99960000,0.99960000,10388919.00000000,1697619599999,10385185.72080000,2224,4222884.00000000,4221617.13480000,0
1697619600000,0.99960000,0.99970000,0.99960000,0.99960000,10099250.00000000,1697623199999,10095680.60270000,2260,4703027.00000000,4701616.09190000,0
1697623200000,0.99960000,0.99970000,0.99960000,0.99960000,22588010.00000000,1697626799999,22579587.65010000,3849,6128541.00000000,6126702.43770000,0
1697626800000,0.99970000,0.99970000,0.99960000,0.99970000,17339641.00000000,1697630399999,17333256.23140000,2969,5510878.00000000,5509224.73660000,0
1697630400000,0.99970000,0.99970000,0.99950000,0.99970000,31927840.00000000,1697633999999,31915667.56090000,2615,19148718.00000000,19141788.56390000,0
1697634000000,0.99960000,0.99980000,0.99960000,0.99970000,31501147.00000000,1697637599999,31491129.23150000,4145,18518605.00000000,18513049.50600000,0
1697637600000,0.99960000,0.99970000,0.99960000,0.99960000,7766481.00000000,1697641199999,7763647.81850000,4866,2734109.00000000,2733288.76730000,0
1697641200000,0.99960000,0.99980000,0.99960000,0.99970000,23494355.00000000,1697644799999,23487278.99130000,4474,19408340.00000000,19402735.90500000,0
1697644800000,0.99980000,1.00000000,0.99970000,0.99980000,41022857.00000000,1697648399999,41016726.38820000,4635,20340743.00000000,20337690.01420000,0
1697648400000,0.99990000,0.99990000,0.99970000,0.99980000,26277418.00000000,1697651999999,26272456.35480000,5816,10809554.00000000,10807721.31060000,0
1697652000000,0.99970000,0.99980000,0.99970000,0.99970000,3680336.00000000,1697655599999,3679401.53410000,2300,1696349.00000000,1696009.73020000,0
1697655600000,0.99970000,0.99990000,0.99970000,0.99980000,25175651.00000000,1697659199999,25170278.64830000,5222,16311606.00000000,16308589.08660000,0
1697659200000,0.99990000,0.99990000,0.99980000,0.99980000,11941328.00000000,1697662799999,11939058.65680000,3372,1189224.00000000,1189105.07760000,0
1697662800000,0.99980000,0.99990000,0.99980000,0.99980000,6698441.00000000,1697666399999,6697469.50600000,3179,3681942.00000000,3681573.80580000,0
1697666400000,0.99980000,0.99990000,0.99980000,0.99980000,3596780.00000000,1697669999999,3596099.82250000,1616,391785.00000000,391745.82150000,0
1697670000000,0.99980000,0.99990000,0.99980000,0.99990000,5625901.00000000,1697673599999,5625104.07740000,2668,3282576.00000000,3282247.74240000,0
1697673600000,0.99990000,0.99990000,0.99980000,0.99990000,2786534.00000000,1697677199999,2786117.70860000,1861,1410154.00000000,1410012.98460000,0
1697677200000,0.99980000,0.99990000,0.99980000,0.99980000,17986109.00000000,1697680799999,17982587.55390000,7748,757757.00000000,757681.22430000,0
1697680800000,0.99980000,0.99990000,0.99970000,0.99980000,5280355.00000000,1697684399999,5279148.28360000,2434,1288920.00000000,1288664.72680000,0
1697684400000,0.99970000,0.99980000,0.99970000,0.99970000,3247613.00000000,1697687999999,3246899.37190000,2181,2606558.00000000,2606036.68840000,0
1697688000000,0.99970000,0.99980000,0.99970000,0.99970000,1648618.00000000,1697691599999,1648242.66410000,1511,1192495.00000000,1192256.50100000,0
1697691600000,0.99970000,0.99980000,0.99970000,0.99970000,1877609.00000000,1697695199999,1877161.36960000,1622,1156523.00000000,1156291.69540000,0
1697695200000,0.99970000,0.99990000,0.99970000,0.99990000,12924111.00000000,1697698799999,12921865.57350000,1684,10391953.00000000,10390220.64230000,0
1697698800000,0.99980000,0.99990000,0.99980000,0.99980000,7755951.00000000,1697702399999,7754571.76490000,3126,1719551.00000000,1719379.04490000,0
1697702400000,0.99980000,0.99990000,0.99970000,0.99980000,23789795.00000000,1697705999999,23785083.66330000,5317,729140.00000000,729044.28730000,0
1697706000000,0.99980000,0.99980000,0.99970000,0.99970000,13182420.00000000,1697709599999,13179252.87980000,3015,7876058.00000000,7874482.78840000,0
1697709600000,0.99970000,1.00000000,0.99970000,0.99990000,51031146.00000000,1697713199999,51026090.72360000,5226,43107308.00000000,43103368.56020000,0
1697713200000,0.99990000,1.00000000,0.99990000,0.99990000,16344704.00000000,1697716799999,16343447.47790000,4869,3779483.00000000,3779483.00000000,0
1697716800000,1.00000000,1.00000000,0.99980000,0.99990000,21955807.00000000,1697720399999,21952903.75280000,5595,6441106.00000000,6440493.84840000,0
1697720400000,0.99990000,0.99990000,0.99970000,0.99970000,34616430.00000000,1697723999999,34609705.17530000,8906,9308764.00000000,9307300.53980000,0
1697724000000,0.99970000,0.99980000,0.99960000,0.99970000,25892357.00000000,1697727599999,25884791.93630000,6339,7942067.00000000,7939930.61530000,0
1697727600000,0.99970000,0.99980000,0.99960000,0.99960000,33876172.00000000,1697731199999,33864616.00550000,6539,14282591.00000000,14278409.17020000,0
1697731200000,0.99960000,0.99970000,0.99950000,0.99970000,29990840.00000000,1697734799999,29978936.59190000,6375,18017683.00000000,18010675.35920000,0
1697734800000,0.99960000,0.99970000,0.99960000,0.99960000,13872536.00000000,1697738399999,13867790.05270000,4196,8030671.00000000,8028261.79870000,0
1697738400000,0.99960000,0.99970000,0.99960000,0.99970000,5821455.00000000,1697741999999,5819534.31860000,3071,4079006.00000000,4077782.29820000,0
1697742000000,0.99970000,0.99970000,0.99960000,0.99960000,7477086.00000000,1697745599999,7474641.77230000,3027,5466067.00000000,5464427.17990000,0
1697745600000,0.99960000,0.99980000,0.99960000,0.99980000,25625097.00000000,1697749199999,25616450.76390000,6854,10744080.00000000,10740873.65340000,0
1697749200000,0.99970000,0.99980000,0.99960000,0.99970000,11171418.00000000,1697752799999,11167874.19340000,5377,747544.00000000,747344.30640000,0
1697752800000,0.99960000,0.99970000,0.99960000,0.99960000,6124364.00000000,1697756399999,6121961.60830000,4852,473539.00000000,473396.93830000,0
1697756400000,0.99960000,0.99970000,0.99960000,0.99960000,12464263.00000000,1697759999999,12459306.76500000,7335,294702.00000000,294613.58940000,0
1697760000000,0.99960000,0.99970000,0.99950000,0.99950000,12439396.00000000,1697763599999,12434183.81520000,3364,4362578.00000000,4360833.78680000,0
1697763600000,0.99950000,0.99960000,0.99950000,0.99950000,6837380.00000000,1697767199999,6834259.59190000,2840,2982819.00000000,2981625.87240000,0
1697767200000,0.99960000,0.99960000,0.99950000,0.99950000,13226257.00000000,1697770799999,13220182.99720000,4324,5391257.00000000,5389100.49720000,0
1697770800000,0.99960000,0.99960000,0.99950000,0.99950000,14983458.00000000,1697774399999,14976577.33800000,6827,6110670.00000000,6108225.73200000,0
1697774400000,0.99960000,0.99960000,0.99950000,0.99950000,7763943.00000000,1697777999999,7760442.08440000,5153,3810559.00000000,3809034.77640000,0
1697778000000,0.99950000,0.99960000,0.99950000,0.99950000,12578597.00000000,1697781599999,12572848.53850000,4106,5408370.00000000,5406206.65200000,0
1697781600000,0.99960000,0.99960000,0.99950000,0.99950000,7814940.00000000,1697785199999,7811286.19110000,3693,2536611.00000000,2535596.35560000,0
1697785200000,0.99950000,0.99960000,0.99940000,0.99940000,22650910.00000000,1697788799999,22639357.18120000,5573,7183239.00000000,7179965.80040000,0
1697788800000,0.99940000,0.99960000,0.99940000,0.99950000,25225423.00000000,1697792399999,25213522.08770000,6496,21035079.00000000,21025428.04440000,0
1697792400000,0.99950000,0.99960000,0.99950000,0.99950000,20907387.00000000,1697795999999,20897503.34890000,7409,5700424.00000000,5698143.83040000,0
1697796000000,0.99950000,0.99960000,0.99930000,0.99930000,49482110.00000000,1697799599999,49454206.11670000,10504,11312282.00000000,11306009.18280000,0
1697799600000,0.99940000,0.99950000,0.99930000,0.99930000,20550194.00000000,1697803199999,20537086.59530000,6850,9198041.00000000,9192524.67470000,0
1697803200000,0.99930000,0.99940000,0.99910000,0.99930000,68834453.00000000,1697806799999,68784939.94920000,10215,36266254.00000000,36240770.51300000,0
1697806800000,0.99940000,0.99950000,0.99930000,0.99930000,37474999.00000000,1697810399999,37451532.43300000,8916,18019375.00000000,18008570.91220000,0
1697810400000,0.99940000,0.99950000,0.99930000,0.99930000,31992037.00000000,1697813999999,31971676.41170000,7202,14882368.00000000,14873442.04930000,0
1697814000000,0.99930000,0.99980000,0.99930000,0.99960000,77540871.00000000,1697817599999,77508246.77370000,6638,52456353.00000000,52433672.23710000,0
1697817600000,0.99970000,0.99980000,0.99950000,0.99970000,27481501.00000000,1697821199999,27472151.99780000,3990,20669189.00000000,20662403.20780000,0
1697821200000,0.99980000,0.99980000,0.99970000,0.99970000,9966977.00000000,1697824799999,9964162.17210000,3644,1752652.00000000,1752301.46960000,0
1697824800000,0.99980000,0.99980000,0.99960000,0.99960000,13837505.00000000,1697828399999,13832963.85180000,4497,5980950.00000000,5979172.74880000,0
1697828400000,0.99970000,0.99970000,0.99960000,0.99960000,6883527.00000000,1697831999999,6880901.27510000,3025,1276859.00000000,1276475.94230000,0
1697832000000,0.99970000,0.99970000,0.99960000,0.99960000,4600033.00000000,1697835599999,4598380.37420000,3090,1873874.00000000,1873311.83780000,0
1697835600000,0.99960000,0.99970000,0.99960000,0.99960000,7000032.00000000,1697839199999,6997266.31370000,4398,343265.00000000,343162.02050000,0
1697839200000,0.99960000,0.99970000,0.99950000,0.99950000,5073754.00000000,1697842799999,5071555.23420000,2738,1652719.00000000,1652064.92710000,0
1697842800000,0.99950000,0.99960000,0.99950000,0.99950000,7319882.00000000,1697846399999,7316689.88500000,2458,4678260.00000000,4676388.69600000,0
1697846400000,0.99950000,0.99960000,0.99950000,0.99950000,1901839.00000000,1697849999999,1900960.52230000,1731,724418.00000000,724128.23280000,0
1697850000000,0.99950000,0.99960000,0.99950000,0.99950000,3126623.00000000,1697853599999,3125297.61760000,1560,2379291.00000000,2378339.28360000,0
1697853600000,0.99960000,0.99960000,0.99950000,0.99950000,3879725.00000000,1697857199999,3877856.15420000,1824,710167.00000000,709882.93320000,0
1697857200000,0.99950000,0.99960000,0.99950000,0.99950000,4753833.00000000,1697860799999,4751738.35160000,2176,2822681.00000000,2821551.92760000,0
1697860800000,0.99950000,0.99960000,0.99950000,0.99960000,2474458.00000000,1697864399999,2473386.17550000,1558,1654045.00000000,1653383.38200000,0
1697864400000,0.99950000,0.99960000,0.99950000,0.99960000,1933314.00000000,1697867999999,1932469.35590000,1095,1220129.00000000,1219640.94840000,0
1697868000000,0.99960000,0.99960000,0.99950000,0.99960000,6513639.00000000,1697871599999,6510879.94220000,3778,4977617.00000000,4975625.95320000,0
1697871600000,0.99960000,0.99960000,0.99950000,0.99950000,1655576.00000000,1697875199999,1654842.32360000,2096,941116.00000000,940739.55360000,0
1697875200000,0.99950000,0.99960000,0.99950000,0.99960000,3774376.00000000,1697878799999,3772772.11720000,1434,2833052.00000000,2831918.77920000,0
1697878800000,0.99950000,0.99970000,0.99950000,0.99960000,11845599.00000000,1697882399999,11840850.78360000,2166,10694252.00000000,10690066.05770000,0
1697882400000,0.99970000,0.99980000,0.99960000,0.99980000,4972511.00000000,1697885999999,4971087.23770000,2051,2237666.00000000,2237081.93550000,0
1697886000000,0.99980000,0.99980000,0.99970000,0.99980000,8802128.00000000,1697889599999,8799689.57830000,2908,2022167.00000000,2021762.56660000,0
1697889600000,0.99980000,0.99980000,0.99970000,0.99980000,2118248.00000000,1697893199999,2117678.00640000,3271,654808.00000000,654677.03840000,0
1697893200000,0.99970000,0.99980000,0.99960000,0.99970000,5996556.00000000,1697896799999,5994915.48390000,3987,2976588.00000000,2975883.33300000,0
1697896800000,0.99960000,0.99980000,0.99960000,0.99980000,14035119.00000000,1697900399999,14031420.76480000,4979,11555195.00000000,11552251.73770000,0
1697900400000,0.99980000,0.99980000,0.99960000,0.99970000,16253134.00000000,1697903999999,16248438.64970000,5837,9961406.00000000,9958686.31930000,0
1697904000000,0.99980000,0.99980000,0.99960000,0.99960000,4804782.00000000,1697907599999,4803099.29930000,4086,1766203.00000000,1765677.75180000,0
1697907600000,0.99960000,0.99980000,0.99960000,0.99970000,8605867.00000000,1697911199999,8603124.95390000,4161,5416255.00000000,5414652.83340000,0
1697911200000,0.99980000,0.99980000,0.99960000,0.99970000,5120896.00000000,1697914799999,5119236.79590000,3995,1571244.00000000,1570814.69220000,0
1697914800000,0.99960000,0.99970000,0.99950000,0.99950000,13336176.00000000,1697918399999,13330888.22890000,6998,990698.00000000,990350.79520000,0
1697918400000,0.99960000,0.99960000,0.99950000,0.99960000,4083118.00000000,1697921999999,4081141.62790000,2861,651869.00000000,651608.25240000,0
1697922000000,0.99960000,0.99960000,0.99950000,0.99960000,2695257.00000000,1697925599999,2694099.20160000,2219,1898301.00000000,1897541.67960000,0
1697925600000,0.99960000,0.99960000,0.99950000,0.99950000,3874930.00000000,1697929199999,3873285.83190000,2322,2932969.00000000,2931795.81240000,0
1697929200000,0.99950000,0.99960000,0.99950000,0.99960000,4017062.00000000,1697932799999,4015303.19350000,2070,2497245.00000000,2496246.10200000,0
1697932800000,0.99950000,0.99970000,0.99950000,0.99960000,7121144.00000000,1697936399999,7118385.98960000,2244,6271535.00000000,6269138.42300000,0
1697936400000,0.99960000,0.99970000,0.99950000,0.99950000,11968693.00000000,1697939999999,11963897.02600000,4184,721650.00000000,721401.99220000,0
1697940000000,0.99960000,0.99960000,0.99950000,0.99950000,2179155.00000000,1697943599999,2178097.09330000,1723,316708.00000000,316581.31680000,0
1697943600000,0.99950000,0.99960000,0.99940000,0.99950000,10994396.00000000,1697947199999,10988705.99470000,1920,2976159.00000000,2974677.73660000,0
1697947200000,0.99950000,0.99950000,0.99930000,0.99950000,16373678.00000000,1697950799999,16364167.23360000,2282,8939067.00000000,8934024.81530000,0
1697950800000,0.99940000,0.99960000,0.99940000,0.99950000,14985192.00000000,1697954399999,14977592.15230000,4459,10300923.00000000,10295782.54520000,0
1697954400000,0.99960000,0.99960000,0.99940000,0.99960000,19744500.00000000,1697957999999,19734860.98690000,5855,8566641.00000000,8562597.12980000,0
1697958000000,0.99960000,0.99960000,0.99940000,0.99950000,21132430.00000000,1697961599999,21122003.90700000,9158,4672891.00000000,4670961.80890000,0
1697961600000,0.99950000,0.99950000,0.99940000,0.99940000,3128818.00000000,1697965199999,3127028.50750000,3311,877983.00000000,877544.00850000,0
1697965200000,0.99940000,0.99950000,0.99940000,0.99940000,5914307.00000000,1697968799999,5911099.64200000,2079,3412262.00000000,3410555.86900000,0
1697968800000,0.99940000,0.99950000,0.99940000,0.99940000,2824720.00000000,1697972399999,2823105.49970000,1492,803317.00000000,802915.34150000,0
1697972400000,0.99940000,0.99950000,0.99940000,0.99940000,11415383.00000000,1697975999999,11409431.12510000,2372,8973549.00000000,8969062.22550000,0
1697976000000,0.99950000,0.99960000,0.99940000,0.99950000,9375560.00000000,1697979599999,9370841.36390000,2123,8118279.00000000,8114231.84980000,0
1697979600000,0.99950000,0.99960000,0.99950000,0.99960000,4456986.00000000,1697983199999,4454927.59600000,1514,1700890.00000000,1700209.64400000,0
1697983200000,0.99950000,0.99960000,0.99940000,0.99940000,11697579.00000000,1697986799999,11691676.25820000,3402,1292439.00000000,1291864.38770000,0
1697986800000,0.99940000,0.99950000,0.99940000,0.99950000,2430186.00000000,1697990399999,2428824.14950000,2047,962611.00000000,962129.69450000,0
1697990400000,0.99940000,0.99950000,0.99940000,0.99950000,5279273.00000000,1697993999999,5276549.04580000,2846,4436096.00000000,4433877.95200000,0
1697994000000,0.99950000,0.99960000,0.99940000,0.99960000,3513301.00000000,1697997599999,3511651.87730000,1977,2217461.00000000,2216466.15350000,0
1697997600000,0.99960000,0.99960000,0.99950000,0.99960000,3668708.00000000,1698001199999,3667140.10750000,1928,2664615.00000000,2663549.15400000,0
1698001200000,0.99960000,0.99960000,0.99950000,0.99950000,7329271.00000000,1698004799999,7326255.55210000,2022,6491876.00000000,6489279.24960000,0
1698004800000,0.99950000,0.99980000,0.99950000,0.99970000,21167475.00000000,1698008399999,21160503.48650000,2983,9545402.00000000,9542162.92140000,0
1698008400000,0.99960000,0.99970000,0.99960000,0.99970000,1740202.00000000,1698011999999,1739565.83530000,1984,599161.00000000,598981.25170000,0
1698012000000,0.99970000,0.99990000,0.99960000,0.99970000,28743546.00000000,1698015599999,28736674.93730000,5536,17963842.00000000,17959537.45570000,0
1698015600000,0.99980000,0.99980000,0.99970000,0.99980000,9987646.00000000,1698019199999,9985125.41240000,5775,4757062.00000000,4756110.58760000,0
1698019200000,0.99970000,0.99980000,0.99960000,0.99960000,19966554.00000000,1698022799999,19960699.07900000,8651,3427775.00000000,3426925.09740000,0
1698022800000,0.99970000,0.99980000,0.99960000,0.99970000,17078598.00000000,1698026399999,17073973.58410000,7085,11145467.00000000,11142691.93130000,0
1698026400000,0.99980000,0.99980000,0.99960000,0.99960000,40200984.00000000,1698029999999,40188740.28270000,7000,12914780.00000000,12911046.94050000,0
1698030000000,0.99970000,0.99980000,0.99960000,0.99970000,13458590.00000000,1698033599999,13454486.42850000,7296,7021037.00000000,7019041.30990000,0
1698033600000,0.99970000,0.99980000,0.99960000,0.99960000,21166830.00000000,1698037199999,21159549.54910000,9949,7474534.00000000,7472329.42910000,0
1698037200000,0.99960000,0.99970000,0.99960000,0.99960000,11461308.00000000,1698040799999,11457278.66840000,4665,5551916.00000000,5550250.42520000,0
1698040800000,0.99960000,0.99970000,0.99950000,0.99960000,23185949.00000000,1698044399999,23176936.22730000,3928,6399792.00000000,6397493.71240000,0
1698044400000,0.99960000,0.99970000,0.99950000,0.99960000,44531382.00000000,1698047999999,44513905.67380000,7613,22408520.00000000,22399991.63950000,0
1698048000000,0.99970000,0.99970000,0.99960000,0.99960000,10240025.00000000,1698051599999,10236591.26440000,6940,6622744.00000000,6620757.17680000,0
1698051600000,0.99960000,0.99970000,0.99960000,0.99960000,16254151.00000000,1698055199999,16248248.56890000,9434,5992293.00000000,5990495.31210000,0
1698055200000,0.99970000,0.99980000,0.99960000,0.99970000,33187294.00000000,1698058799999,33177338.97250000,7166,27622637.00000000,27614655.83020000,0
1698058800000,0.99980000,0.99980000,0.99970000,0.99970000,13387697.00000000,1698062399999,13384324.38720000,3906,6436963.00000000,6435675.60740000,0
1698062400000,0.99970000,0.99980000,0.99970000,0.99980000,25184496.00000000,1698065999999,25178096.45270000,4748,11558015.00000000,11555703.39700000,0
1698066000000,0.99970000,0.99990000,0.99970000,0.99980000,29864201.00000000,1698069599999,29858354.56860000,4680,18690636.00000000,18687289.15750000,0
1698069600000,0.99980000,0.99990000,0.99970000,0.99970000,22879276.00000000,1698073199999,22873042.95680000,7147,4629356.00000000,4628434.88070000,0
1698073200000,0.99970000,0.99980000,0.99960000,0.99960000,25791396.00000000,1698076799999,25782691.62070000,6822,6274890.00000000,6273159.04040000,0
1698076800000,0.99970000,0.99970000,0.99940000,0.99950000,52364996.00000000,1698080399999,52340402.56130000,8755,23398472.00000000,23387970.18580000,0
1698080400000,0.99950000,0.99960000,0.99930000,0.99940000,47241952.00000000,1698083999999,47215805.76700000,9571,19081412.00000000,19071379.42560000,0
1698084000000,0.99950000,0.99960000,0.99940000,0.99950000,32429556.00000000,1698087599999,32413389.33540000,5183,18261781.00000000,18252978.15370000,0
1698087600000,0.99950000,0.99970000,0.99950000,0.99960000,29887508.00000000,1698091199999,29875797.46460000,7656,21578444.00000000,21570130.46060000,0
1698091200000,0.99960000,0.99970000,0.99950000,0.99950000,41695245.00000000,1698094799999,41677881.78060000,9766,9728745.00000000,9725000.11800000,0
1698094800000,0.99960000,0.99960000,0.99940000,0.99940000,14579631.00000000,1698098399999,14571919.94410000,5840,5335762.00000000,5333112.81900000,0
1698098400000,0.99950000,0.99960000,0.99940000,0.99950000,33295229.00000000,1698101999999,33276993.01840000,12992,15428572.00000000,15421027.11950000,0
1698102000000,0.99960000,0.99970000,0.99950000,0.99960000,46189235.00000000,1698105599999,46169716.21270000,10769,26162959.00000000,26152581.13080000,0
1698105600000,0.99960000,0.99980000,0.99950000,0.99960000,56921292.00000000,1698109199999,56901997.74400000,13046,32742245.00000000,32731522.62730000,0
1698109200000,0.99970000,0.99980000,0.99960000,0.99980000,25593318.00000000,1698112799999,25585298.36400000,11007,15742149.00000000,15737503.55070000,0
1698112800000,0.99970000,0.99990000,0.99970000,0.99980000,50325254.00000000,1698116399999,50314356.77010000,16394,28436259.00000000,28430816.64890000,0
1698116400000,0.99990000,1.00000000,0.99970000,0.99980000,90926457.00000000,1698119999999,90910922.17320000,18949,48845442.00000000,48838902.22620000,0
1698120000000,0.99980000,1.00000000,0.99980000,0.99990000,29526577.00000000,1698123599999,29524674.42890000,8576,19940111.00000000,19939212.11950000,0
1698123600000,1.00000000,1.00010000,0.99990000,1.00000000,36329217.00000000,1698127199999,36328556.25490000,8456,22933907.00000000,22933917.60760000,0
1698127200000,1.00000000,1.00010000,0.99990000,1.00000000,27341469.00000000,1698130799999,27342069.44640000,8149,14038264.00000000,14038985.16160000,0
1698130800000,1.00000000,1.00010000,0.99990000,0.99990000,24420897.00000000,1698134399999,24420534.13450000,6358,9732112.00000000,9732248.83070000,0
1698134400000,0.99990000,1.00000000,0.99990000,0.99990000,24042901.00000000,1698137999999,24041644.87390000,4590,11481640.00000000,11481640.00000000,0
1698138000000,0.99990000,1.00000000,0.99980000,0.99980000,22617746.00000000,1698141599999,22615304.02570000,7421,7859548.00000000,7858822.39130000,0
1698141600000,0.99980000,0.99990000,0.99980000,0.99980000,9851303.00000000,1698145199999,9849708.52530000,5376,3757859.00000000,3757483.21410000,0
1698145200000,0.99980000,1.00000000,0.99980000,0.99990000,38589524.00000000,1698148799999,38584017.13270000,8260,22052666.00000000,22050462.73990000,0
1698148800000,1.00000000,1.00000000,0.99990000,0.99990000,24548727.00000000,1698152399999,24547922.56500000,7435,16504377.00000000,16504377.00000000,0
1698152400000,0.99990000,1.00010000,0.99990000,0.99990000,34344658.00000000,1698155999999,34342930.95370000,13498,10302999.00000000,10303002.61630000,0
1698156000000,0.99990000,1.00000000,0.99980000,0.99980000,31353229.00000000,1698159599999,31349750.67790000,9763,12337160.00000000,12336083.54680000,0
1698159600000,0.99980000,1.00000000,0.99980000,0.99990000,43963352.00000000,1698163199999,43959603.54200000,14082,27744135.00000000,27742856.74490000,0
1698163200000,0.99990000,1.00010000,0.99990000,1.00000000,33436682.00000000,1698166799999,33436699.76970000,10463,19853405.00000000,19853675.18060000,0
1698166800000,1.00000000,1.00010000,1.00000000,1.00010000,21972914.00000000,1698170399999,21974257.42910000,6840,13434291.00000000,13435634.42910000,0
1698170400000,1.00000000,1.00020000,1.00000000,1.00000000,21679623.00000000,1698173999999,21681322.94680000,10431,12711034.00000000,12712315.00400000,0
1698174000000,1.00000000,1.00020000,1.00000000,1.00010000,13801520.00000000,1698177599999,13802824.39220000,6685,6088334.00000000,6089053.84790000,0
1698177600000,1.00010000,1.00020000,1.00000000,1.00010000,15048805.00000000,1698181199999,15049996.40530000,6002,10038039.00000000,10039047.53770000,0
1698181200000,1.00010000,1.00020000,1.00000000,1.00010000,18006364.00000000,1698184799999,18008335.97730000,7721,8051484.00000000,8052512.48140000,0
1698184800000,1.00000000,1.00020000,1.00000000,1.00010000,9239445.00000000,1698188399999,9240425.71980000,4135,4015816.00000000,4016366.16390000,0
1698188400000,1.00010000,1.00020000,0.99990000,1.00000000,15781606.00000000,1698191999999,15781906.93710000,5585,1832057.00000000,1832182.14880000,0
1698192000000,0.99990000,1.00010000,0.99990000,1.00010000,14554813.00000000,1698195599999,14554851.31170000,5356,12706785.00000000,12706921.32820000,0
1698195600000,1.00010000,1.00020000,1.00000000,1.00020000,15816015.00000000,1698199199999,15817941.23310000,7426,9607815.00000000,9609131.17310000,0
1698199200000,1.00010000,1.00020000,1.00000000,1.00000000,12634583.00000000,1698202799999,12635512.35660000,6486,3391043.00000000,3391388.63470000,0
1698202800000,1.00000000,1.00010000,0.99990000,0.99990000,14498796.00000000,1698206399999,14498822.09970000,5034,1833416.00000000,1833466.38270000,0
1698206400000,1.00000000,1.00000000,0.99990000,1.00000000,7241364.00000000,1698209999999,7240892.87950000,2481,2530159.00000000,2530159.00000000,0
1698210000000,1.00000000,1.00000000,0.99990000,0.99990000,8625202.00000000,1698213599999,8624517.93680000,5567,1784570.00000000,1784570.00000000,0
1698213600000,0.99990000,1.00000000,0.99990000,0.99990000,7614045.00000000,1698217199999,7613550.84220000,4122,2672467.00000000,2672467.00000000,0
1698217200000,0.99990000,1.00000000,0.99990000,0.99990000,21402026.00000000,1698220799999,21401042.95520000,8052,11571578.00000000,11571578.00000000,0
1698220800000,0.99990000,1.00000000,0.99990000,0.99990000,20479898.00000000,1698224399999,20479052.26590000,4778,12022557.00000000,12022557.00000000,0
1698224400000,1.00000000,1.00000000,0.99990000,1.00000000,9966248.00000000,1698227999999,9965896.92380000,4580,6455486.00000000,6455486.00000000,0
1698228000000,0.99990000,1.00000000,0.99990000,1.00000000,10109599.00000000,1698231599999,10109007.05800000,2232,4190179.00000000,4190179.00000000,0
1698231600000,0.99990000,1.00000000,0.99990000,1.00000000,7614744.00000000,1698235199999,7614451.03350000,3512,4685079.00000000,4685079.00000000,0
1698235200000,0.99990000,1.00010000,0.99990000,0.99990000,29292188.00000000,1698238799999,29291894.14760000,4251,18806182.00000000,18806182.92990000,0
1698238800000,1.00000000,1.00010000,0.99990000,1.00000000,32322581.00000000,1698242399999,32323023.26340000,9346,13069841.00000000,13070320.53920000,0
1698242400000,1.00000000,1.00000000,0.99990000,0.99990000,29399198.00000000,1698245999999,29397493.10660000,9603,12350264.00000000,12350264.00000000,0
1698246000000,0.99990000,1.00000000,0.99970000,0.99980000,46914179.00000000,1698249599999,46907483.40310000,15008,14012975.00000000,14010990.05840000,0
1698249600000,0.99980000,1.00000000,0.99970000,0.99990000,54076356.00000000,1698253199999,54067247.11640000,11090,33756812.00000000,33751924.65400000,0
1698253200000,0.99990000,1.00000000,0.99980000,0.99990000,25301973.00000000,1698256799999,25299612.00650000,7157,2693408.00000000,2693355.90090000,0
1698256800000,0.99990000,0.99990000,0.99960000,0.99980000,29831779.00000000,1698260399999,29824751.31550000,7632,15408943.00000000,15405410.33050000,0
1698260400000,0.99980000,0.99990000,0.99970000,0.99970000,10474109.00000000,1698263999999,10472089.77510000,7193,813233.00000000,813150.62930000,0
1698264000000,0.99970000,0.99980000,0.99970000,0.99980000,8312126.00000000,1698267599999,8310089.99460000,3098,4576324.00000000,4575408.73520000,0
1698267600000,0.99970000,0.99980000,0.99970000,0.99970000,5217199.00000000,1698271199999,5215871.65140000,4004,2378111.00000000,2377635.37780000,0
1698271200000,0.99980000,0.99980000,0.99970000,0.99970000,5658924.00000000,1698274799999,5657583.28480000,4891,3569620.00000000,3568906.07600000,0
1698274800000,0.99970000,0.99980000,0.99970000,0.99980000,6500634.00000000,1698278399999,6499120.71200000,3481,4369022.00000000,4368148.19560000,0
1698278400000,0.99980000,0.99980000,0.99970000,0.99980000,3890425.00000000,1698281999999,3889547.20090000,5255,2893284.00000000,2892705.34320000,0
1698282000000,0.99980000,0.99990000,0.99970000,0.99980000,9625442.00000000,1698285599999,9623487.78340000,5020,5879036.00000000,5877884.25460000,0
1698285600000,0.99980000,0.99990000,0.99970000,0.99980000,11127865.00000000,1698289199999,11125410.77780000,3664,5204873.00000000,5203835.11000000,0
1698289200000,0.99980000,0.99980000,0.99970000,0.99980000,10924270.00000000,1698292799999,10921738.38620000,4423,7456672.00000000,7455180.66560000,0
1698292800000,0.99980000,0.99980000,0.99970000,0.99980000,8959766.00000000,1698296399999,8957793.86300000,3390,7157928.00000000,7156496.41440000,0
1698296400000,0.99980000,0.99990000,0.99970000,0.99980000,12597472.00000000,1698299999999,12595049.73890000,4828,7304343.00000000,7303119.85070000,0
1698300000000,0.99980000,0.99990000,0.99970000,0.99980000,13722839.00000000,1698303599999,13719713.09350000,5782,6401477.00000000,6400203.05750000,0
1698303600000,0.99980000,0.99990000,0.99970000,0.99980000,23841529.00000000,1698307199999,23836031.16900000,6612,11743501.00000000,11741489.88770000,0
1698307200000,0.99980000,0.99990000,0.99980000,0.99980000,15858992.00000000,1698310799999,15856343.55460000,7951,5233530.00000000,5233006.64700000,0
1698310800000,0.99980000,0.99990000,0.99980000,0.99990000,13947692.00000000,1698314399999,13945697.09130000,6977,7946297.00000000,7945502.37030000,0
1698314400000,0.99980000,0.99990000,0.99970000,0.99980000,26833055.00000000,1698317999999,26827791.91830000,8489,9893919.00000000,9892096.50830000,0
1698318000000,0.99990000,0.99990000,0.99980000,0.99980000,11513851.00000000,1698321599999,11512267.70940000,4999,7194796.00000000,7194076.52040000,0
1698321600000,0.99980000,1.00000000,0.99980000,0.99990000,26138796.00000000,1698325199999,26136229.49950000,7843,12294143.00000000,12292996.68010000,0
1698325200000,0.99990000,1.00000000,0.99980000,0.99980000,20326544.00000000,1698328799999,20324588.18470000,5324,11171666.00000000,11170967.99630000,0
1698328800000,0.99980000,1.00000000,0.99980000,0.99990000,52439759.00000000,1698332399999,52435168.83330000,10996,20848922.00000000,20847703.20250000,0
1698332400000,0.99990000,1.00000000,0.99990000,1.00000000,14598397.00000000,1698335999999,14597722.05860000,6611,7848983.00000000,7848983.00000000,0
1698336000000,1.00000000,1.00010000,0.99990000,1.00000000,21842223.00000000,1698339599999,21841946.11060000,9235,18326385.00000000,18326386.00970000,0
1698339600000,1.00010000,1.00010000,0.99990000,1.00000000,21164543.00000000,1698343199999,21165077.78530000,5502,11560173.00000000,11560761.42230000,0
1698343200000,1.00000000,1.00010000,1.00000000,1.00010000,7027089.00000000,1698346799999,7027375.55780000,4202,2865578.00000000,2865864.55780000,0
1698346800000,1.00000000,1.00010000,1.00000000,1.00010000,9096690.00000000,1698350399999,9096926.74890000,5373,2367489.00000000,2367725.74890000,0
1698350400000,1.00000000,1.00010000,0.99990000,1.00000000,12189009.00000000,1698353999999,12188628.13490000,5995,2272965.00000000,2272993.68300000,0
1698354000000,0.99990000,1.00000000,0.99990000,1.00000000,5190435.00000000,1698357599999,5190126.33130000,3551,2103748.00000000,2103748.00000000,0
1698357600000,1.00000000,1.00000000,0.99980000,0.99990000,17830605.00000000,1698361199999,17829017.38430000,4556,2609474.00000000,2609413.85860000,0
1698361200000,0.99980000,0.99990000,0.99980000,0.99990000,6525763.00000000,1698364799999,6524927.38870000,2868,4695413.00000000,4694943.45870000,0
1698364800000,0.99990000,0.99990000,0.99980000,0.99980000,5600479.00000000,1698368399999,5599580.43330000,3369,2215291.00000000,2215069.47090000,0
1698368400000,0.99980000,0.99990000,0.99980000,0.99980000,13671782.00000000,1698371999999,13669912.58850000,4142,8649449.00000000,8648584.05510000,0
1698372000000,0.99980000,1.00000000,0.99980000,0.99990000,13905003.00000000,1698375599999,13903423.35800000,4811,9776793.00000000,9775907.06240000,0
1698375600000,1.00000000,1.00000000,0.99990000,0.99990000,4897391.00000000,1698379199999,4897127.40960000,1877,2261487.00000000,2261487.00000000,0
1698379200000,1.00000000,1.00000000,0.99990000,0.99990000,6335937.00000000,1698382799999,6335501.82510000,2702,1984188.00000000,1984188.00000000,0
1698382800000,0.99990000,1.00000000,0.99980000,0.99980000,22868642.00000000,1698386399999,22866395.04960000,6388,2923675.00000000,2923482.42130000,0
1698386400000,0.99990000,1.00000000,0.99980000,0.99990000,15425583.00000000,1698389999999,15423711.65340000,3614,10332222.00000000,10331228.84700000,0
1698390000000,1.00000000,1.00000000,0.99980000,0.99980000,22951710.00000000,1698393599999,22949243.36320000,4422,10159175.00000000,10158496.06290000,0
1698393600000,0.99980000,0.99990000,0.99980000,0.99980000,6274935.00000000,1698397199999,6273934.55930000,2761,2545463.00000000,2545208.45370000,0
1698397200000,0.99980000,0.99990000,0.99980000,0.99980000,6212387.00000000,1698400799999,6211450.98180000,2795,3064592.00000000,3064285.54080000,0
1698400800000,0.99980000,0.99990000,0.99980000,0.99980000,10507167.00000000,1698404399999,10505806.68720000,2978,7411206.00000000,7410464.87940000,0
1698404400000,0.99980000,0.99990000,0.99980000,0.99980000,9179757.00000000,1698407999999,9178388.89010000,3049,4678415.00000000,4677947.15850000,0
1698408000000,0.99980000,1.00000000,0.99980000,0.99990000,20962315.00000000,1698411599999,20960931.68790000,4533,15691711.00000000,15690865.18680000,0
1698411600000,0.99990000,1.00000000,0.99980000,0.99990000,41634546.00000000,1698415199999,41631191.80730000,7995,19493057.00000000,19492077.38840000,0
1698415200000,1.00000000,1.00000000,0.99980000,0.99990000,46882776.00000000,1698418799999,46878704.20000000,8238,21175045.00000000,21173784.09940000,0
1698418800000,0.99990000,1.00000000,0.99990000,0.99990000,9164164.00000000,1698422399999,9163674.71840000,3804,4271348.00000000,4271348.00000000,0
1698422400000,0.99990000,1.00000000,0.99990000,0.99990000,9640195.00000000,1698425999999,9639537.86050000,4020,3068800.00000000,3068800.00000000,0
1698426000000,0.99990000,1.00000000,0.99980000,0.99980000,16257950.00000000,1698429599999,16256244.22130000,5072,5358755.00000000,5358423.79570000,0
1698429600000,0.99980000,0.99990000,0.99980000,0.99980000,11668032.00000000,1698433199999,11666540.68940000,6687,8422958.00000000,8422115.70420000,0
1698433200000,0.99980000,0.99990000,0.99980000,0.99980000,6006157.00000000,1698436799999,6005195.00850000,2571,2392399.00000000,2392159.76010000,0
1698436800000,0.99980000,0.99990000,0.99980000,0.99980000,6592502.00000000,1698440399999,6591470.29930000,2943,2867997.00000000,2867710.20030000,0
1698440400000,0.99980000,0.99990000,0.99980000,0.99980000,5599486.00000000,1698443999999,5598492.95340000,3075,1268506.00000000,1268379.14940000,0
1698444000000,0.99980000,0.99990000,0.99970000,0.99980000,17759385.00000000,1698447599999,17755968.87060000,5118,7842611.00000000,7841209.07230000,0
1698447600000,0.99980000,0.99990000,0.99980000,0.99990000,5362054.00000000,1698451199999,5361175.98160000,3628,1943924.00000000,1943729.60760000,0
1698451200000,0.99990000,0.99990000,0.99980000,0.99980000,6886020.00000000,1698454799999,6884971.79430000,3690,3289983.00000000,3289654.00170000,0
1698454800000,0.99990000,0.99990000,0.99980000,0.99980000,4383299.00000000,1698458399999,4382611.96660000,2760,1896264.00000000,1896074.37360000,0
1698458400000,0.99980000,0.99990000,0.99980000,0.99980000,5709913.00000000,1698461999999,5709056.50750000,2655,2854901.00000000,2854615.50990000,0
1698462000000,0.99990000,0.99990000,0.99980000,0.99990000,4947501.00000000,1698465599999,4946906.11860000,2435,3946188.00000000,3945793.38120000,0
1698465600000,0.99990000,0.99990000,0.99980000,0.99980000,6335343.00000000,1698469199999,6334393.18260000,1818,3172512.00000000,3172194.74880000,0
1698469200000,0.99980000,1.00000000,0.99980000,0.99990000,21437082.00000000,1698472799999,21434764.73100000,2864,13536484.00000000,13535157.68580000,0
1698472800000,0.99980000,1.00000000,0.99980000,0.99980000,11736834.00000000,1698476399999,11735676.62830000,2264,5936708.00000000,5936171.93820000,0
1698476400000,0.99980000,1.00000000,0.99980000,1.00000000,15746915.00000000,1698479999999,15745490.57820000,1963,11347174.00000000,11346317.67580000,0
1698480000000,0.99990000,1.00000000,0.99990000,1.00000000,1875478.00000000,1698483599999,1875392.05120000,1800,1015990.00000000,1015990.00000000,0
1698483600000,0.99990000,1.00000000,0.99990000,0.99990000,1763398.00000000,1698487199999,1763290.71440000,1552,690542.00000000,690542.00000000,0
1698487200000,0.99990000,1.00000000,0.99990000,1.00000000,3399306.00000000,1698490799999,3399232.92060000,1330,2668512.00000000,2668512.00000000,0
1698490800000,0.99990000,1.00000000,0.99990000,0.99990000,7918271.00000000,1698494399999,7917892.45260000,4156,4132797.00000000,4132797.00000000,0
1698494400000,0.99990000,1.00000000,0.99980000,0.99990000,16603324.00000000,1698497999999,16601717.20300000,4643,9472593.00000000,9471891.91360000,0
1698498000000,0.99990000,0.99990000,0.99980000,0.99980000,6140691.00000000,1698501599999,6139983.19850000,2675,5203367.00000000,5202846.66330000,0
1698501600000,0.99990000,0.99990000,0.99980000,0.99990000,3532310.00000000,1698505199999,3531861.24850000,2771,2577105.00000000,2576847.28950000,0
1698505200000,0.99980000,0.99990000,0.99980000,0.99980000,2435429.00000000,1698508799999,2435098.08480000,2488,1561706.00000000,1561549.82940000,0
1698508800000,0.99990000,0.99990000,0.99980000,0.99990000,1587976.00000000,1698512399999,1587723.43830000,2344,650335.00000000,650269.96650000,0
1698512400000,0.99990000,0.99990000,0.99980000,0.99980000,2624608.00000000,1698515999999,2624204.58140000,1950,1215030.00000000,1214908.49700000,0
1698516000000,0.99980000,0.99990000,0.99980000,0.99980000,1896880.00000000,1698519599999,1896583.33460000,2201,827106.00000000,827023.28940000,0
1698519600000,0.99980000,0.99990000,0.99980000,0.99980000,3425192.00000000,1698523199999,3424672.66930000,3242,1657077.00000000,1656911.29230000,0
1698523200000,0.99980000,0.99990000,0.99980000,0.99980000,2258572.00000000,1698526799999,2258240.51110000,1669,1202255.00000000,1202134.77450000,0
1698526800000,0.99990000,0.99990000,0.99980000,0.99990000,1181942.00000000,1698530399999,1181756.37940000,1434,507678.00000000,507627.23220000,0
1698530400000,0.99980000,0.99990000,0.99980000,0.99990000,2006375.00000000,1698533999999,2006013.76900000,2049,400440.00000000,400399.95600000,0
1698534000000,0.99990000,0.99990000,0.99980000,0.99990000,2274695.00000000,1698537599999,2274410.53590000,1823,1704749.00000000,1704578.52510000,0
1698537600000,0.99980000,0.99990000,0.99980000,0.99990000,3597042.00000000,1698541199999,3596523.88900000,2322,2012974.00000000,2012772.70260000,0
1698541200000,0.99990000,0.99990000,0.99980000,0.99980000,2707679.00000000,1698544799999,2707178.73440000,3310,412702.00000000,412660.72980000,0
1698544800000,0.99990000,0.99990000,0.99980000,0.99980000,8288009.00000000,1698548399999,8286465.02580000,2749,1136276.00000000,1136162.37240000,0
1698548400000,0.99980000,0.99990000,0.99980000,0.99980000,7973561.00000000,1698551999999,7972171.40640000,2291,2051186.00000000,2050980.88140000,0
1698552000000,0.99980000,0.99990000,0.99980000,0.99990000,3965821.00000000,1698555599999,3965198.40520000,3003,1705694.00000000,1705523.43060000,0
1698555600000,0.99990000,0.99990000,0.99980000,0.99990000,2331205.00000000,1698559199999,2330917.89540000,1538,1791364.00000000,1791184.86360000,0
1698559200000,0.99980000,0.99990000,0.99980000,0.99990000,2700890.00000000,1698562799999,2700551.47510000,1999,2016531.00000000,2016329.34690000,0
1698562800000,0.99980000,0.99990000,0.99980000,0.99990000,5901068.00000000,1698566399999,5900121.48300000,1823,2336966.00000000,2336732.30340000,0
1698566400000,0.99980000,0.99990000,0.99980000,0.99980000,3029888.00000000,1698569999999,3029552.21340000,2166,2701910.00000000,2701639.80900000,0
1698570000000,0.99990000,0.99990000,0.99980000,0.99990000,3563884.00000000,1698573599999,3563472.06050000,1740,3008373.00000000,3008072.16270000,0
1698573600000,0.99980000,0.99990000,0.99980000,0.99990000,2611639.00000000,1698577199999,2611338.02860000,1474,2213564.00000000,2213342.64360000,0
1698577200000,0.99980000,0.99990000,0.99980000,0.99980000,4693719.00000000,1698580799999,4693071.00410000,1760,2907479.00000000,2907188.25210000,0
1698580800000,0.99980000,0.99990000,0.99980000,0.99990000,5861010.00000000,1698584399999,5860340.67560000,2095,5028776.00000000,5028273.12240000,0
1698584400000,0.99990000,1.00000000,0.99980000,0.99990000,13913429.00000000,1698587999999,13913034.65240000,3397,10108534.00000000,10108520.25640000,0
1698588000000,0.99990000,1.00000000,0.99980000,0.99990000,10486813.00000000,1698591599999,10485895.15860000,4980,1805122.00000000,1805099.40220000,0
1698591600000,0.99980000,0.99990000,0.99980000,0.99980000,10220661.00000000,1698595199999,10218883.29240000,5310,2664246.00000000,2663979.57540000,0
1698595200000,0.99980000,0.99990000,0.99980000,0.99990000,7422883.00000000,1698598799999,7421650.44620000,5145,2520228.00000000,2519975.97720000,0
1698598800000,0.99990000,0.99990000,0.99980000,0.99980000,6394969.00000000,1698602399999,6393929.87010000,5040,2398639.00000000,2398399.13610000,0
1698602400000,0.99980000,0.99990000,0.99970000,0.99980000,15502047.00000000,1698605999999,15499055.62430000,7639,1564026.00000000,1563844.41620000,0
1698606000000,0.99970000,0.99980000,0.99970000,0.99980000,12345787.00000000,1698609599999,12342868.05070000,3861,7847868.00000000,7846298.42640000,0
1698609600000,0.99980000,0.99980000,0.99970000,0.99980000,6551934.00000000,1698613199999,6550288.89610000,2761,3204763.00000000,3204122.04740000,0
1698613200000,0.99970000,0.99980000,0.99970000,0.99970000,6001722.00000000,1698616799999,6000194.88950000,3352,2734061.00000000,2733514.18780000,0
1698616800000,0.99970000,0.99980000,0.99960000,0.99970000,13308188.00000000,1698620399999,13303968.41240000,3758,7738665.00000000,7736372.73090000,0
1698620400000,0.99970000,0.99980000,0.99960000,0.99970000,6721496.00000000,1698623999999,6719666.54100000,2683,4764988.00000000,4763783.00140000,0
1698624000000,0.99970000,0.99980000,0.99970000,0.99970000,4081888.00000000,1698627599999,4080739.78050000,3106,763469.00000000,763316.30620000,0
1698627600000,0.99980000,0.99980000,0.99960000,0.99960000,12054797.00000000,1698631199999,12051266.28000000,4850,2245449.00000000,2244909.82030000,0
1698631200000,0.99970000,0.99980000,0.99960000,0.99970000,10696561.00000000,1698634799999,10693097.89710000,3136,5757428.00000000,5755809.73660000,0
1698634800000,0.99970000,0.99980000,0.99970000,0.99970000,11028297.00000000,1698638399999,11025547.89180000,1917,5593809.00000000,5592690.23820000,0
1698638400000,0.99970000,0.99990000,0.99970000,0.99980000,15098293.00000000,1698641999999,15095022.10480000,2700,9897139.00000000,9895320.63740000,0
1698642000000,0.99980000,0.99990000,0.99970000,0.99970000,13355983.00000000,1698645599999,13353290.15710000,5777,1099908.00000000,1099784.02930000,0
1698645600000,0.99980000,0.99990000,0.99970000,0.99970000,16991085.00000000,1698649199999,16987315.30800000,3770,8054383.00000000,8052787.20220000,0
1698649200000,0.99970000,0.99980000,0.99970000,0.99970000,10274165.00000000,1698652799999,10271736.97140000,2315,6542209.00000000,6540900.55820000,0
1698652800000,0.99980000,0.99980000,0.99960000,0.99970000,18673989.00000000,1698656399999,18668903.74730000,5960,9109155.00000000,9106965.16840000,0
1698656400000,0.99970000,0.99990000,0.99970000,0.99980000,25460806.00000000,1698659999999,25456716.66860000,9564,20152373.00000000,20149583.77770000,0
1698660000000,0.99980000,1.00000000,0.99980000,0.99990000,29889258.00000000,1698663599999,29884838.50270000,4804,15049791.00000000,15048288.13840000,0
1698663600000,0.99990000,1.00000000,0.99980000,0.99980000,30006406.00000000,1698667199999,30003347.85930000,3732,15210382.00000000,15209009.06250000,0
1698667200000,0.99990000,0.99990000,0.99980000,0.99980000,17774001.00000000,1698670799999,17771260.57220000,4689,8143724.00000000,8142909.62760000,0
1698670800000,0.99980000,0.99990000,0.99970000,0.99970000,19725389.00000000,1698674399999,19721738.99240000,6029,4052765.00000000,4052312.90880000,0
1698674400000,0.99970000,0.99980000,0.99960000,0.99970000,32980789.00000000,1698677999999,32971457.40530000,9447,18342051.00000000,18337301.97660000,0
1698678000000,0.99980000,0.99980000,0.99970000,0.99970000,17136561.00000000,1698681599999,17132437.62150000,5980,10175898.00000000,10173862.82040000,0
1698681600000,0.99980000,0.99980000,0.99960000,0.99960000,19976017.00000000,1698685199999,19970170.27230000,4880,7260975.00000000,7259068.73900000,0
1698685200000,0.99970000,0.99970000,0.99950000,0.99950000,30386866.00000000,1698688799999,30374433.96990000,8609,9727007.00000000,9723205.58200000,0
1698688800000,0.99950000,0.99960000,0.99950000,0.99950000,5974593.00000000,1698692399999,5971844.21430000,2968,2385108.00000000,2384153.95680000,0
1698692400000,0.99950000,0.99970000,0.99950000,0.99960000,9794246.00000000,1698695999999,9790223.08430000,3569,7131886.00000000,7129109.92030000,0
1698696000000,0.99960000,0.99970000,0.99950000,0.99950000,7752864.00000000,1698699599999,7749738.40100000,2524,811243.00000000,810975.33290000,0
1698699600000,0.99950000,0.99970000,0.99950000,0.99960000,13590822.00000000,1698703199999,13585060.60570000,4004,8451032.00000000,8447665.61100000,0
1698703200000,0.99970000,0.99970000,0.99960000,0.99960000,6922292.00000000,1698706799999,6919986.78230000,2710,4636991.00000000,4635599.90270000,0
1698706800000,0.99960000,0.99970000,0.99960000,0.99960000,7539258.00000000,1698710399999,7536609.05390000,2292,3667571.00000000,3666470.72870000,0
1698710400000,0.99960000,0.99970000,0.99960000,0.99960000,7003220.00000000,1698713999999,7000813.16620000,4778,3944542.00000000,3943358.63740000,0
1698714000000,0.99960000,0.99970000,0.99950000,0.99960000,17002539.00000000,1698717599999,16995837.38130000,5240,3978082.00000000,3976704.00100000,0
1698717600000,0.99950000,0.99960000,0.99950000,0.99950000,8068072.00000000,1698721199999,8064362.90290000,4266,3249389.00000000,3248089.24440000,0
1698721200000,0.99960000,0.99960000,0.99950000,0.99950000,9218997.00000000,1698724799999,9214673.44280000,3922,2859413.00000000,2858269.23480000,0
1698724800000,0.99960000,0.99960000,0.99950000,0.99950000,9941493.00000000,1698728399999,9937246.30430000,3435,7240508.00000000,7237611.79680000,0
1698728400000,0.99950000,0.99970000,0.99950000,0.99960000,12331218.00000000,1698731999999,12326900.93560000,3515,7686239.00000000,7683786.62410000,0
1698732000000,0.99960000,0.99970000,0.99960000,0.99960000,6382084.00000000,1698735599999,6379773.48920000,2979,2423228.00000000,2422501.03160000,0
1698735600000,0.99960000,0.99970000,0.99960000,0.99960000,8133069.00000000,1698739199999,8129960.30540000,3263,1445330.00000000,1444896.40100000,0
1698739200000,0.99970000,0.99970000,0.99960000,0.99960000,15107638.00000000,1698742799999,15101964.45140000,5580,3695066.00000000,3693957.48020000,0
1698742800000,0.99960000,0.99970000,0.99960000,0.99960000,13082492.00000000,1698746399999,13078078.87620000,4488,8198730.00000000,8196270.38100000,0
1698746400000,0.99960000,0.99980000,0.99960000,0.99970000,10453910.00000000,1698749999999,10450649.62440000,2730,7367179.00000000,7364995.98360000,0
1698750000000,0.99980000,0.99980000,0.99960000,0.99960000,8590152.00000000,1698753599999,8587667.97200000,4382,3300449.00000000,3299675.01260000,0
1698753600000,0.99960000,0.99970000,0.99960000,0.99960000,12011297.00000000,1698757199999,12006813.03230000,7313,3205511.00000000,3204549.34670000,0
1698757200000,0.99970000,0.99970000,0.99950000,0.99950000,12927222.00000000,1698760799999,12921767.89630000,6106,3425192.00000000,3424023.62730000,0
1698760800000,0.99950000,0.99980000,0.99950000,0.99970000,31277494.00000000,1698764399999,31266749.06390000,7615,23109120.00000000,23101640.19950000,0
1698764400000,0.99970000,0.99980000,0.99950000,0.99950000,28405142.00000000,1698767999999,28396568.81060000,9226,5491324.00000000,5490178.39860000,0
1698768000000,0.99950000,0.99980000,0.99950000,0.99970000,26601860.00000000,1698771599999,26591782.68500000,5056,19195036.00000000,19188218.73940000,0
1698771600000,0.99980000,0.99980000,0.99970000,0.99970000,11797416.00000000,1698775199999,11794494.01660000,3675,6172414.00000000,6171179.51720000,0
1698775200000,0.99980000,0.99980000,0.99970000,0.99970000,6950429.00000000,1698778799999,6948709.94100000,4117,3660697.00000000,3659964.86060000,0
1698778800000,0.99970000,0.99990000,0.99970000,0.99980000,22080861.00000000,1698782399999,22076242.92370000,5148,9700033.00000000,9698133.49740000,0
1698782400000,0.99980000,0.99990000,0.99970000,0.99970000,15577984.00000000,1698785999999,15575009.00720000,5132,6055740.00000000,6055061.63480000,0
1698786000000,0.99980000,0.99980000,0.99960000,0.99960000,18508575.00000000,1698789599999,18503408.83200000,7242,5825170.00000000,5823981.37430000,0
1698789600000,0.99960000,0.99970000,0.99960000,0.99960000,7140183.00000000,1698793199999,7137513.43510000,4030,1865083.00000000,1864523.47510000,0
1698793200000,0.99960000,0.99970000,0.99960000,0.99960000,7863614.00000000,1698796799999,7860666.35970000,3366,1978053.00000000,1977459.58410000,0
