1682899200000,0.99950000,0.99950000,0.99940000,0.99940000,9706312.00000000,1682902799999,9700875.62660000,3099,3874138.00000000,3872200.93100000,0
1682902800000,0.99940000,0.99960000,0.99940000,0.99950000,22066042.00000000,1682906399999,22054335.54150000,4985,14026960.00000000,14019952.16900000,0
1682906400000,0.99950000,0.99960000,0.99940000,0.99940000,9335505.00000000,1682909999999,9330624.01910000,3741,889310.00000000,888905.27300000,0
1682910000000,0.99950000,0.99960000,0.99940000,0.99960000,23635013.00000000,1682913599999,23623839.28130000,2247,15088296.00000000,15081539.66040000,0
1682913600000,0.99950000,0.99960000,0.99950000,0.99960000,12592120.00000000,1682917199999,12586400.53770000,2131,5765977.00000000,5763670.60920000,0
1682917200000,0.99950000,0.99970000,0.99950000,0.99950000,17207958.00000000,1682920799999,17200784.03690000,2573,12195589.00000000,12190721.94910000,0
1682920800000,0.99950000,0.99970000,0.99950000,0.99960000,11848191.00000000,1682924399999,11843191.35380000,2070,4191382.00000000,4189775.33590000,0
1682924400000,0.99960000,0.99970000,0.99950000,0.99960000,9094929.00000000,1682927999999,9091151.50170000,2220,3244385.00000000,3243152.09980000,0
1682928000000,0.99960000,0.99970000,0.99960000,0.99960000,23302564.00000000,1682931599999,23294903.41130000,2609,16604369.00000000,16599387.68930000,0
1682931600000,0.99970000,0.99970000,0.99960000,0.99960000,7876429.00000000,1682935199999,7873595.21950000,2958,3167911.00000000,3166960.62670000,0
1682935200000,0.99960000,0.99970000,0.99960000,0.99960000,5719407.00000000,1682938799999,5717163.42800000,1238,441908.00000000,441775.42760000,0
1682938800000,0.99960000,0.99970000,0.99960000,0.99960000,7962288.00000000,1682942399999,7959488.90980000,1897,3858250.00000000,3857092.52500000,0
1682942400000,0.99970000,0.99970000,0.99960000,0.99960000,13753031.00000000,1682945999999,13748207.59760000,2483,6778100.00000000,6776066.57000000,0
1682946000000,0.99970000,0.99970000,0.99960000,0.99960000,28271954.00000000,1682949599999,28263141.73810000,3715,24965197.00000000,24957707.44090000,0
1682949600000,0.99960000,0.99980000,0.99960000,0.99970000,15686156.00000000,1682953199999,15681651.47650000,3936,10108468.00000000,10105846.69640000,0
1682953200000,0.99970000,1.00000000,0.99970000,0.99970000,39438088.00000000,1682956799999,39430471.74900000,4459,19376597.00000000,19373454.32530000,0
1682956800000,0.99970000,0.99980000,0.99970000,0.99980000,18365898.00000000,1682960399999,18361282.68120000,4888,8944506.00000000,8942717.09880000,0
1682960400000,0.99980000,0.99990000,0.99970000,0.99980000,14925919.00000000,1682963999999,14922761.97550000,3340,6584536.00000000,6583248.10170000,0
1682964000000,0.99980000,0.99990000,0.99980000,0.99980000,8470823.00000000,1682967599999,8469336.11530000,2381,2072799.00000000,2072591.72010000,0
1682967600000,0.99980000,1.00000000,0.99970000,0.99990000,23061943.00000000,1682971199999,23058388.15630000,6120,14451053.00000000,14449148.06850000,0
1682971200000,0.99990000,1.00000000,0.99980000,0.99980000,17683989.00000000,1682974799999,17682217.62280000,4531,10716664.00000000,10715994.61080000,0
1682974800000,0.99990000,0.99990000,0.99960000,0.99960000,22948474.00000000,1682978399999,22942159.40640000,4079,9362959.00000000,9360419.74550000,0
1682978400000,0.99970000,0.99970000,0.99960000,0.99960000,7094451.00000000,1682981999999,7091943.80810000,2088,3305885.00000000,3304893.23450000,0
1682982000000,0.99970000,0.99980000,0.99960000,0.99970000,8529615.00000000,1682985599999,8526951.18830000,1821,5960000.00000000,5958238.34590000,0
1682985600000,0.99970000,0.99980000,0.99960000,0.99970000,6805486.00000000,1682989199999,6803420.10940000,2385,3095159.00000000,3094279.17420000,0
1682989200000,0.99980000,0.99980000,0.99960000,0.99970000,8320269.00000000,1682992799999,8317983.43670000,2024,4579319.00000000,4578166.22760000,0
1682992800000,0.99980000,0.99980000,0.99970000,0.99980000,11089986.00000000,1682996399999,11087448.60150000,2693,7895973.00000000,7894393.80540000,0
1682996400000,0.99970000,0.99990000,0.99970000,0.99970000,7116556.00000000,1682999999999,7114956.18550000,2033,3570730.00000000,3570023.04280000,0
1683000000000,0.99980000,0.99990000,0.99970000,0.99980000,4855304.00000000,1683003599999,4854394.40540000,1968,1702989.00000000,1702759.71530000,0
1683003600000,0.99980000,0.99990000,0.99970000,0.99980000,4449818.00000000,1683007199999,4448721.82570000,1989,1652242.00000000,1651916.72040000,0
1683007200000,0.99980000,0.99990000,0.99970000,0.99990000,11357759.00000000,1683010799999,11355477.50020000,1909,6276674.00000000,6275529.10460000,0
1683010800000,0.99990000,0.99990000,0.99970000,0.99980000,10408135.00000000,1683014399999,10406478.21430000,2487,6814376.00000000,6813453.23230000,0
1683014400000,0.99980000,0.99990000,0.99970000,0.99970000,10630335.00000000,1683017999999,10628071.01680000,2922,5760755.00000000,5759676.61890000,0
1683018000000,0.99980000,0.99990000,0.99970000,0.99980000,9066757.00000000,1683021599999,9065080.35730000,2999,5063568.00000000,5062844.37660000,0
1683021600000,0.99990000,1.00010000,0.99980000,1.00000000,31216446.00000000,1683025199999,31213808.37200000,2223,18992976.00000000,18991534.89560000,0
1683025200000,1.00000000,1.00000000,0.99980000,0.99990000,9559944.00000000,1683028799999,9559307.22800000,1750,5428186.00000000,5428007.39140000,0
1683028800000,1.00000000,1.00000000,0.99990000,0.99990000,10424512.00000000,1683032399999,10423836.88180000,2214,3673330.00000000,3673330.00000000,0
1683032400000,0.99990000,1.00000000,0.99990000,0.99990000,10486241.00000000,1683035999999,10485511.31210000,2133,3189362.00000000,3189362.00000000,0
1683036000000,0.99990000,1.00000000,0.99980000,0.99980000,17295000.00000000,1683039599999,17293712.68250000,7517,7839673.00000000,7839506.99150000,0
1683039600000,0.99980000,0.99990000,0.99980000,0.99980000,12361806.00000000,1683043199999,12359765.11730000,5433,4314785.00000000,4314353.52150000,0
1683043200000,0.99980000,0.99990000,0.99960000,0.99970000,24154185.00000000,1683046799999,24147621.63360000,3569,9340407.00000000,9337806.97130000,0
1683046800000,0.99980000,0.99980000,0.99960000,0.99960000,7382708.00000000,1683050399999,7380309.09750000,2168,1539060.00000000,1538642.01760000,0
1683050400000,0.99960000,0.99970000,0.99950000,0.99950000,12109873.00000000,1683053999999,12104988.33750000,3615,4760439.00000000,4758616.16400000,0
1683054000000,0.99950000,0.99960000,0.99950000,0.99950000,7714036.00000000,1683057599999,7710534.07750000,3362,3550955.00000000,3549534.61800000,0
1683057600000,0.99950000,0.99960000,0.99950000,0.99950000,6699028.00000000,1683061199999,6695885.95380000,2345,2074678.00000000,2073848.12880000,0
1683061200000,0.99960000,0.99960000,0.99940000,0.99950000,11399632.00000000,1683064799999,11394042.77170000,2157,4035030.00000000,4033123.24720000,0
1683064800000,0.99950000,0.99960000,0.99940000,0.99940000,16777188.00000000,1683068399999,16769012.89150000,2731,7853656.00000000,7850043.98670000,0
1683068400000,0.99950000,0.99950000,0.99940000,0.99940000,9538532.00000000,1683071999999,9533352.43490000,1458,5435541.00000000,5432823.22950000,0
1683072000000,0.99950000,0.99960000,0.99940000,0.99950000,8526124.00000000,1683075599999,8521841.27480000,2258,6298868.00000000,6295811.74050000,0
1683075600000,0.99950000,0.99970000,0.99950000,0.99970000,12836401.00000000,1683079199999,12830742.98520000,1261,5598498.00000000,5596264.85860000,0
1683079200000,0.99960000,0.99970000,0.99950000,0.99960000,7816700.00000000,1683082799999,7813721.63350000,2051,3387738.00000000,3386592.29320000,0
1683082800000,0.99960000,0.99960000,0.99950000,0.99950000,2544864.00000000,1683086399999,2543729.33590000,1220,1377679.00000000,1377127.92840000,0
1683086400000,0.99950000,0.99960000,0.99950000,0.99960000,6635096.00000000,1683089999999,6632233.82120000,1131,4553692.00000000,4551870.52320000,0
1683090000000,0.99960000,0.99970000,0.99950000,0.99960000,13372342.00000000,1683093599999,13367137.58420000,1237,11985545.00000000,11980921.85270000,0
1683093600000,0.99960000,0.99970000,0.99960000,0.99970000,3361315.00000000,1683097199999,3360066.46480000,1710,959908.00000000,959620.02760000,0
1683097200000,0.99960000,0.99970000,0.99960000,0.99970000,11530367.00000000,1683100799999,11526060.97530000,1233,3061221.00000000,3060302.63370000,0
1683100800000,0.99960000,0.99970000,0.99960000,0.99970000,9544700.00000000,1683104399999,9541041.28080000,1855,1591608.00000000,1591130.51760000,0
1683104400000,0.99970000,0.99970000,0.99960000,0.99970000,3706786.00000000,1683107999999,3705372.77760000,1540,694920.00000000,694711.52400000,0
1683108000000,0.99960000,0.99970000,0.99960000,0.99960000,7374652.00000000,1683111599999,7371891.77530000,1967,1896361.00000000,1895792.09170000,0
1683111600000,0.99960000,0.99990000,0.99960000,0.99960000,40517713.00000000,1683115199999,40505656.19270000,3738,21196158.00000000,21190125.90190000,0
1683115200000,0.99970000,0.99990000,0.99960000,0.99960000,24822043.00000000,1683118799999,24815221.89100000,5102,13078688.00000000,13075435.26670000,0
1683118800000,0.99960000,0.99970000,0.99950000,0.99960000,14861033.00000000,1683122399999,14855164.42320000,4003,5506079.00000000,5504213.81690000,0
1683122400000,0.99960000,0.99970000,0.99940000,0.99960000,22318275.00000000,1683125999999,22308645.14530000,4051,9572604.00000000,9568497.88550000,0
1683126000000,0.99950000,0.99980000,0.99950000,0.99960000,32793324.00000000,1683129599999,32782584.36630000,2849,17717021.00000000,17711430.54400000,0
1683129600000,0.99970000,0.99980000,0.99960000,0.99970000,13164741.00000000,1683133199999,13160427.74750000,2297,7061542.00000000,7059423.57710000,0
1683133200000,0.99970000,0.99980000,0.99960000,0.99970000,13137705.00000000,1683136799999,13133442.86340000,4947,7077654.00000000,7075648.36620000,0
1683136800000,0.99970000,0.99980000,0.99960000,0.99960000,11901256.00000000,1683140399999,11897659.89900000,6029,5480506.00000000,5479041.53400000,0
1683140400000,0.99970000,0.99980000,0.99960000,0.99970000,19553750.00000000,1683143999999,19547861.85900000,3960,11703846.00000000,11700632.25380000,0
1683144000000,0.99970000,0.99980000,0.99970000,0.99970000,4579335.00000000,1683147599999,4578124.47870000,2226,1632792.00000000,1632465.44160000,0
1683147600000,0.99970000,0.99980000,0.99960000,0.99970000,10240723.00000000,1683151199999,10237742.15640000,3682,3944323.00000000,3943366.61330000,0
1683151200000,0.99970000,0.99980000,0.99970000,0.99980000,6758463.00000000,1683154799999,6756885.96570000,3466,4505046.00000000,4504144.99080000,0
1683154800000,0.99980000,0.99980000,0.99970000,0.99980000,5423626.00000000,1683158399999,5422369.60050000,2195,2645342.00000000,2644812.93160000,0
1683158400000,0.99980000,0.99980000,0.99970000,0.99980000,6427325.00000000,1683161999999,6425607.28510000,2972,2104826.00000000,2104405.03480000,0
1683162000000,0.99970000,0.99980000,0.99970000,0.99980000,5264325.00000000,1683165599999,5262917.80120000,2422,1720987.00000000,1720642.80260000,0
1683165600000,0.99980000,0.99980000,0.99970000,0.99970000,5522143.00000000,1683169199999,5520760.97150000,2350,2746144.00000000,2745594.77120000,0
1683169200000,0.99980000,0.99980000,0.99970000,0.99970000,6180810.00000000,1683172799999,6179116.63510000,1286,1608781.00000000,1608459.24380000,0
1683172800000,0.99980000,0.99980000,0.99970000,0.99980000,6723407.00000000,1683176399999,6721792.16480000,1843,4021869.00000000,4021064.62620000,0
1683176400000,0.99970000,0.99980000,0.99970000,0.99980000,3158906.00000000,1683179999999,3158163.22910000,1635,2049009.00000000,2048599.19820000,0
1683180000000,0.99970000,0.99980000,0.99970000,0.99980000,6604585.00000000,1683183599999,6602700.22140000,2050,965969.00000000,965775.80620000,0
1683183600000,0.99970000,0.99980000,0.99970000,0.99970000,10715142.00000000,1683187199999,10712284.87690000,3446,3574195.00000000,3573480.16100000,0
1683187200000,0.99970000,0.99980000,0.99970000,0.99980000,14001054.00000000,1683190799999,13997056.67890000,2973,2029951.00000000,2029545.00980000,0
1683190800000,0.99970000,0.99980000,0.99970000,0.99970000,10099969.00000000,1683194399999,10097190.15760000,2213,2511483.00000000,2510980.70340000,0
1683194400000,0.99980000,0.99990000,0.99970000,0.99980000,20442094.00000000,1683197999999,20437379.74130000,3205,9021471.00000000,9019697.65430000,0
1683198000000,0.99980000,0.99990000,0.99970000,0.99980000,10971196.00000000,1683201599999,10968966.96400000,2437,631396.00000000,631311.82910000,0
1683201600000,0.99980000,0.99980000,0.99960000,0.99970000,16928676.00000000,1683205199999,16923455.27120000,2747,5874642.00000000,5872912.53190000,0
1683205200000,0.99970000,0.99970000,0.99950000,0.99960000,21866636.00000000,1683208799999,21858037.93330000,4383,7946806.00000000,7943780.07170000,0
1683208800000,0.99960000,0.99980000,0.99960000,0.99970000,13971944.00000000,1683212399999,13968140.36270000,2399,12022136.00000000,12018936.40440000,0
1683212400000,0.99970000,0.99980000,0.99960000,0.99960000,7811984.00000000,1683215999999,7809742.25790000,2313,1747493.00000000,1747116.86510000,0
1683216000000,0.99960000,0.99970000,0.99950000,0.99970000,8840289.00000000,1683219599999,8837026.03020000,1932,4777934.00000000,4776321.32490000,0
1683219600000,0.99960000,0.99970000,0.99960000,0.99960000,8230718.00000000,1683223199999,8227526.42980000,1892,1007170.00000000,1006867.84900000,0
1683223200000,0.99960000,0.99970000,0.99950000,0.99950000,14115042.00000000,1683226799999,14109729.09740000,2846,7067873.00000000,7065405.38570000,0
1683226800000,0.99960000,0.99970000,0.99950000,0.99960000,5153419.00000000,1683230399999,5151261.52060000,2098,2295931.00000000,2295059.72190000,0
1683230400000,0.99960000,0.99970000,0.99960000,0.99970000,5244196.00000000,1683233999999,5242202.62770000,2416,1043061.00000000,1042748.08170000,0
1683234000000,0.99970000,0.99970000,0.99960000,0.99960000,8606769.00000000,1683237599999,8603416.41230000,2707,901199.00000000,900928.64030000,0
1683237600000,0.99960000,0.99970000,0.99960000,0.99960000,3607374.00000000,1683241199999,3605973.65650000,2217,426061.00000000,425933.18170000,0
1683241200000,0.99970000,0.99970000,0.99950000,0.99960000,13559634.00000000,1683244799999,13554265.32700000,1429,9682751.00000000,9679052.09890000,0
1683244800000,0.99960000,0.99970000,0.99960000,0.99960000,7614135.00000000,1683248399999,7611289.30080000,2993,1999548.00000000,1998948.13560000,0
1683248400000,0.99960000,0.99970000,0.99960000,0.99960000,14959880.00000000,1683251999999,14954434.49560000,4456,5384476.00000000,5382860.65720000,0
1683252000000,0.99960000,0.99970000,0.99960000,0.99960000,10630141.00000000,1683255599999,10626344.95750000,5200,4560139.00000000,4558770.95830000,0
1683255600000,0.99960000,0.99970000,0.99960000,0.99960000,4716893.00000000,1683259199999,4715065.24930000,2293,590065.00000000,589887.98050000,0
1683259200000,0.99960000,0.99970000,0.99960000,0.99960000,6618844.00000000,1683262799999,6616304.53770000,1528,1080753.00000000,1080428.77410000,0
1683262800000,0.99960000,0.99970000,0.99950000,0.99950000,8931635.00000000,1683266399999,8927951.00740000,1755,1637224.00000000,1636597.04000000,0
1683266400000,0.99960000,0.99960000,0.99950000,0.99950000,4340695.00000000,1683269999999,4338666.86000000,2447,1422075.00000000,1421506.17000000,0
1683270000000,0.99950000,0.99970000,0.99950000,0.99950000,13283687.00000000,1683273599999,13278073.48410000,3183,8187903.00000000,8184628.13760000,0
1683273600000,0.99960000,0.99960000,0.99950000,0.99950000,10121674.00000000,1683277199999,10117277.53410000,1508,6643711.00000000,6641053.51560000,0
1683277200000,0.99950000,0.99970000,0.99950000,0.99960000,9133878.00000000,1683280799999,9130153.70800000,3440,2835291.00000000,2834241.75690000,0
1683280800000,0.99970000,0.99970000,0.99960000,0.99960000,7672047.00000000,1683284399999,7669337.32990000,1284,3591487.00000000,3590409.55390000,0
1683284400000,0.99970000,0.99970000,0.99960000,0.99960000,12878190.00000000,1683287999999,12873298.67800000,3411,2599540.00000000,2598760.13800000,0
1683288000000,0.99960000,0.99980000,0.99950000,0.99960000,28987924.00000000,1683291599999,28977051.49980000,5130,13483128.00000000,13478342.43240000,0
1683291600000,0.99960000,0.99970000,0.99940000,0.99940000,35146384.00000000,1683295199999,35129250.96670000,4635,16720072.00000000,16712007.49850000,0
1683295200000,0.99950000,0.99950000,0.99940000,0.99940000,18242972.00000000,1683298799999,18232667.07520000,5197,6408584.00000000,6405379.70800000,0
1683298800000,0.99940000,0.99960000,0.99930000,0.99930000,31499443.00000000,1683302399999,31481758.01380000,4509,9990904.00000000,9985874.18940000,0
1683302400000,0.99930000,0.99950000,0.99930000,0.99940000,31170934.00000000,1683305999999,31152711.70240000,6374,10931853.00000000,10925916.75590000,0
1683306000000,0.99940000,0.99950000,0.99920000,0.99930000,14426218.00000000,1683309599999,14416619.82070000,3643,2711504.00000000,2709847.38430000,0
1683309600000,0.99930000,0.99940000,0.99920000,0.99920000,16012690.00000000,1683313199999,16001307.00180000,3852,2504611.00000000,2502918.73500000,0
1683313200000,0.99920000,0.99930000,0.99920000,0.99920000,11716048.00000000,1683316799999,11706884.06740000,2888,2089058.00000000,2087595.65940000,0
1683316800000,0.99930000,0.99930000,0.99910000,0.99910000,12252090.00000000,1683320399999,12242420.52130000,2899,6222890.00000000,6218055.96350000,0
1683320400000,0.99910000,0.99930000,0.99900000,0.99900000,8615210.00000000,1683323999999,8607617.25970000,2228,3495693.00000000,3492684.50630000,0
1683324000000,0.99900000,0.99930000,0.99900000,0.99910000,5794244.00000000,1683327599999,5789219.16310000,1802,2998344.00000000,2995831.18940000,0
1683327600000,0.99910000,0.99920000,0.99890000,0.99900000,16044206.00000000,1683331199999,16029107.88240000,2281,7070017.00000000,7063535.42100000,0
1683331200000,0.99900000,0.99910000,0.99890000,0.99900000,9229233.00000000,1683334799999,9220262.12060000,3544,3226506.00000000,3223538.64040000,0
1683334800000,0.99900000,0.99910000,0.99890000,0.99900000,11976868.00000000,1683338399999,11964893.66060000,3240,5754786.00000000,5749108.07480000,0
1683338400000,0.99900000,0.99910000,0.99890000,0.99890000,7997754.00000000,1683341999999,7989711.20620000,2761,3222765.00000000,3219661.52840000,0
1683342000000,0.99900000,0.99910000,0.99890000,0.99890000,5848010.00000000,1683345599999,5841911.13080000,2721,2963478.00000000,2960514.54250000,0
1683345600000,0.99900000,0.99900000,0.99890000,0.99890000,1739922.00000000,1683349199999,1738124.11700000,1321,1160312.00000000,1159151.68800000,0
1683349200000,0.99900000,0.99900000,0.99890000,0.99890000,3204520.00000000,1683352799999,3201069.46370000,1391,744357.00000000,743612.64300000,0
1683352800000,0.99890000,0.99900000,0.99880000,0.99900000,7479487.00000000,1683356399999,7471363.59100000,1558,3801138.00000000,3797066.80080000,0
1683356400000,0.99900000,0.99900000,0.99880000,0.99900000,4334166.00000000,1683359999999,4329453.34500000,1213,2779710.00000000,2776707.99850000,0
1683360000000,0.99900000,0.99900000,0.99870000,0.99880000,22529037.00000000,1683363599999,22502283.00090000,3358,12137208.00000000,12122890.10220000,0
1683363600000,0.99870000,0.99890000,0.99870000,0.99880000,5605513.00000000,1683367199999,5598847.06740000,1252,1665566.00000000,1663636.77370000,0
1683367200000,0.99880000,0.99890000,0.99880000,0.99880000,5083122.00000000,1683370799999,5077177.75630000,1694,1555027.00000000,1553316.47030000,0
1683370800000,0.99880000,0.99900000,0.99880000,0.99900000,11086975.00000000,1683374399999,11074543.70280000,1927,7230005.00000000,7222054.31560000,0
1683374400000,0.99890000,0.99900000,0.99880000,0.99880000,10458366.00000000,1683377999999,10446362.75160000,3688,3727427.00000000,3723329.04610000,0
1683378000000,0.99880000,0.99890000,0.99820000,0.99860000,46645461.00000000,1683381599999,46576937.09060000,14761,18751120.00000000,18723754.22330000,0
1683381600000,0.99860000,0.99870000,0.99840000,0.99850000,18352620.00000000,1683385199999,18326582.55090000,4691,2463604.00000000,2460208.01160000,0
1683385200000,0.99850000,0.99860000,0.99820000,0.99840000,28306777.00000000,1683388799999,28261384.28030000,5364,15191695.00000000,15167364.08460000,0
1683388800000,0.99840000,0.99860000,0.99830000,0.99840000,12653015.00000000,1683392399999,12633415.62790000,3323,6575744.00000000,6565849.66010000,0
1683392400000,0.99840000,0.99850000,0.99820000,0.99840000,10924870.00000000,1683395999999,10906834.59540000,3479,2870082.00000000,2865495.31670000,0
1683396000000,0.99840000,0.99840000,0.99820000,0.99830000,8617706.00000000,1683399599999,8603295.56400000,3492,4217488.00000000,4210571.40690000,0
1683399600000,0.99830000,0.99840000,0.99820000,0.99830000,5709079.00000000,1683403199999,5699233.99000000,2046,2510229.00000000,2506015.93840000,0
1683403200000,0.99820000,0.99840000,0.99820000,0.99830000,2989138.00000000,1683406799999,2984160.30660000,1820,1812083.00000000,1809109.67110000,0
1683406800000,0.99830000,0.99840000,0.99830000,0.99840000,3101652.00000000,1683410399999,3096494.52040000,2666,1153288.00000000,1151442.73920000,0
1683410400000,0.99840000,0.99840000,0.99820000,0.99840000,3307569.00000000,1683413999999,3302053.82880000,2971,1616642.00000000,1614009.34660000,0
1683414000000,0.99830000,0.99840000,0.99820000,0.99820000,1720581.00000000,1683417599999,1717647.49560000,1755,474606.00000000,473806.51300000,0
1683417600000,0.99830000,0.99830000,0.99820000,0.99820000,3248083.00000000,1683421199999,3242465.16970000,1288,2154734.00000000,2151070.95220000,0
1683421200000,0.99820000,0.99840000,0.99820000,0.99830000,4745197.00000000,1683424799999,4737204.32380000,3146,1787848.00000000,1784927.08920000,0
1683424800000,0.99830000,0.99840000,0.99810000,0.99830000,6842989.00000000,1683428399999,6831155.61760000,1922,3253311.00000000,3247782.48410000,0
1683428400000,0.99840000,0.99840000,0.99820000,0.99840000,2444756.00000000,1683431999999,2440631.27580000,1478,1212391.00000000,1210377.09000000,0
1683432000000,0.99830000,0.99850000,0.99830000,0.99840000,10552101.00000000,1683435599999,10535265.44230000,2570,4593918.00000000,4586645.43420000,0
1683435600000,0.99840000,0.99860000,0.99840000,0.99860000,5297183.00000000,1683439199999,5289246.61380000,3990,3290721.00000000,3285815.95220000,0
1683439200000,0.99860000,0.99870000,0.99850000,0.99860000,6647221.00000000,1683442799999,6637878.27090000,2701,5066217.00000000,5059188.00380000,0
1683442800000,0.99860000,0.99870000,0.99850000,0.99860000,4673908.00000000,1683446399999,4667287.55730000,3339,2881656.00000000,2877624.43650000,0
1683446400000,0.99870000,0.99880000,0.99850000,0.99860000,4881855.00000000,1683449999999,4875360.07060000,1939,3290961.00000000,3286661.52520000,0
1683450000000,0.99860000,0.99880000,0.99860000,0.99870000,5684646.00000000,1683453599999,5677176.77080000,2241,2616860.00000000,2613502.72950000,0
1683453600000,0.99870000,0.99880000,0.99870000,0.99880000,3838939.00000000,1683457199999,3834058.98070000,1963,1106014.00000000,1104686.78320000,0
1683457200000,0.99880000,0.99880000,0.99860000,0.99870000,5439358.00000000,1683460799999,5432308.14540000,2114,1517378.00000000,1515446.88560000,0
1683460800000,0.99870000,0.99880000,0.99860000,0.99870000,2811345.00000000,1683464399999,2807689.02270000,2136,1232320.00000000,1230765.28330000,0
1683464400000,0.99870000,0.99880000,0.99860000,0.99860000,3900896.00000000,1683467999999,3895659.67000000,1866,1384616.00000000,1382816.73160000,0
1683468000000,0.99860000,0.99900000,0.99860000,0.99890000,22432880.00000000,1683471599999,22405162.33420000,3468,10216554.00000000,10203925.38590000,0
1683471600000,0.99890000,0.99890000,0.99870000,0.99890000,9069045.00000000,1683475199999,9058086.49730000,3255,2581330.00000000,2578270.97200000,0
1683475200000,0.99880000,0.99910000,0.99880000,0.99880000,20948096.00000000,1683478799999,20926250.51260000,4688,10890996.00000000,10879933.03960000,0
1683478800000,0.99890000,0.99900000,0.99870000,0.99880000,4594584.00000000,1683482399999,4589234.16190000,2730,1729933.00000000,1728007.01760000,0
1683482400000,0.99880000,0.99880000,0.99870000,0.99870000,1398927.00000000,1683485999999,1397162.66500000,1454,542701.00000000,542049.75880000,0
1683486000000,0.99870000,0.99880000,0.99870000,0.99870000,3175178.00000000,1683489599999,3171121.04490000,1912,707763.00000000,706913.68440000,0
1683489600000,0.99870000,0.99890000,0.99870000,0.99890000,4792758.00000000,1683493199999,4787018.05750000,1488,3274257.00000000,3270460.00810000,0
1683493200000,0.99890000,0.99900000,0.99870000,0.99870000,5711188.00000000,1683496799999,5704594.61250000,1769,2378959.00000000,2376361.92350000,0
1683496800000,0.99880000,0.99880000,0.99870000,0.99880000,2643939.00000000,1683500399999,2640648.59960000,2092,1467203.00000000,1465442.35640000,0
1683500400000,0.99880000,0.99880000,0.99860000,0.99860000,7470389.00000000,1683503999999,7460754.53440000,4805,2824603.00000000,2821118.95060000,0
1683504000000,0.99870000,0.99880000,0.99850000,0.99870000,13679761.00000000,1683507599999,13661915.86380000,3835,7304810.00000000,7295610.66280000,0
1683507600000,0.99870000,0.99880000,0.99830000,0.99860000,21107155.00000000,1683511199999,21077934.08490000,5411,8003739.00000000,7993001.44140000,0
1683511200000,0.99870000,0.99870000,0.99840000,0.99850000,11253080.00000000,1683514799999,11236189.75440000,4318,4259321.00000000,4253054.24860000,0
1683514800000,0.99860000,0.99880000,0.99850000,0.99870000,11995451.00000000,1683518399999,11978769.39550000,5063,8227282.00000000,8216147.59740000,0
1683518400000,0.99880000,0.99920000,0.99860000,0.99880000,32126364.00000000,1683521999999,32089276.93100000,3682,16808061.00000000,16788491.64810000,0
1683522000000,0.99890000,0.99900000,0.99870000,0.99870000,10276786.00000000,1683525599999,10264683.53550000,2444,4136078.00000000,4131309.40390000,0
1683525600000,0.99880000,0.99880000,0.99870000,0.99870000,4013700.00000000,1683529199999,4008545.66780000,2631,634778.00000000,634016.26640000,0
1683529200000,0.99880000,0.99880000,0.99860000,0.99860000,9960035.00000000,1683532799999,9947149.14660000,3522,3109755.00000000,3105860.99660000,0
1683532800000,0.99870000,0.99880000,0.99860000,0.99870000,16619909.00000000,1683536399999,16598794.59120000,3487,9743295.00000000,9731158.87130000,0
1683536400000,0.99870000,0.99880000,0.99870000,0.99870000,7911501.00000000,1683539999999,7901669.23290000,3357,4531842.00000000,4526403.78960000,0
1683540000000,0.99880000,0.99910000,0.99870000,0.99890000,17260282.00000000,1683543599999,17241391.62740000,4032,12224787.00000000,12211492.03530000,0
1683543600000,0.99890000,0.99900000,0.99890000,0.99890000,4946204.00000000,1683547199999,4940937.11340000,1932,1739378.00000000,1737638.62200000,0
1683547200000,0.99900000,0.99910000,0.99880000,0.99900000,15555732.00000000,1683550799999,15539717.64000000,3134,7343138.00000000,7335822.52610000,0
1683550800000,0.99900000,0.99920000,0.99890000,0.99900000,19229808.00000000,1683554399999,19212009.39010000,3912,11427430.00000000,11417115.42740000,0
1683554400000,0.99910000,0.99930000,0.99900000,0.99920000,24305774.00000000,1683557999999,24285726.81660000,4327,11383769.00000000,11374517.52500000,0
1683558000000,0.99930000,0.99930000,0.99900000,0.99900000,12713240.00000000,1683561599999,12702307.83640000,4060,5546251.00000000,5541690.79050000,0
1683561600000,0.99900000,0.99920000,0.99900000,0.99910000,13036962.00000000,1683565199999,13024757.14450000,4364,4539826.00000000,4535764.58580000,0
1683565200000,0.99910000,0.99950000,0.99900000,0.99930000,42750716.00000000,1683568799999,42721207.05260000,7394,16589808.00000000,16578318.18040000,0
1683568800000,0.99920000,0.99930000,0.99900000,0.99910000,16162694.00000000,1683572399999,16148566.87070000,7716,5712528.00000000,5707723.12220000,0
1683572400000,0.99910000,0.99940000,0.99900000,0.99920000,16532763.00000000,1683575999999,16519268.87050000,5306,9523405.00000000,9515869.08840000,0
1683576000000,0.99920000,0.99940000,0.99920000,0.99920000,9360238.00000000,1683579599999,9353644.22380000,3674,3658940.00000000,3656504.09980000,0
1683579600000,0.99920000,0.99940000,0.99920000,0.99920000,10040830.00000000,1683583199999,10033131.50690000,2686,3009788.00000000,3007688.93900000,0
1683583200000,0.99920000,0.99930000,0.99910000,0.99920000,13078933.00000000,1683586799999,13068340.47800000,1824,9277816.00000000,9270440.61520000,0
1683586800000,0.99920000,0.99930000,0.99920000,0.99920000,4168608.00000000,1683590399999,4165342.57300000,1484,694594.00000000,694107.78420000,0
1683590400000,0.99930000,0.99930000,0.99920000,0.99930000,5573016.00000000,1683593999999,5568745.92850000,1866,1883413.00000000,1882094.61090000,0
1683594000000,0.99930000,0.99940000,0.99920000,0.99930000,9153276.00000000,1683597599999,9146461.74790000,3015,4629106.00000000,4625865.63030000,0
1683597600000,0.99930000,0.99930000,0.99910000,0.99910000,16175746.00000000,1683601199999,16162612.51820000,3006,2510990.00000000,2509038.08490000,0
1683601200000,0.99920000,0.99920000,0.99910000,0.99910000,5557434.00000000,1683604799999,5552640.77750000,3652,2084681.00000000,2083013.25520000,0
1683604800000,0.99920000,0.99920000,0.99910000,0.99910000,14150091.00000000,1683608399999,14138398.24070000,3651,10423226.00000000,10414887.41920000,0
1683608400000,0.99910000,0.99940000,0.99910000,0.99930000,12235138.00000000,1683611999999,12226207.49990000,2095,6176228.00000000,6171986.33220000,0
1683612000000,0.99930000,0.99950000,0.99930000,0.99940000,13049176.00000000,1683615599999,13041257.20330000,2694,3829500.00000000,3827242.55530000,0
1683615600000,0.99940000,0.99950000,0.99940000,0.99950000,8027751.00000000,1683619199999,8023151.79820000,2310,2174488.00000000,2173400.75600000,0
1683619200000,0.99940000,0.99950000,0.99940000,0.99940000,7881002.00000000,1683622799999,7876431.64700000,1767,1582482.00000000,1581690.75900000,0
1683622800000,0.99940000,0.99950000,0.99930000,0.99930000,8249866.00000000,1683626399999,8245000.97710000,1956,2001536.00000000,2000466.85660000,0
1683626400000,0.99930000,0.99950000,0.99930000,0.99940000,11459247.00000000,1683629999999,11452632.41520000,3078,8218368.00000000,8213944.69570000,0
1683630000000,0.99950000,0.99950000,0.99940000,0.99940000,7090151.00000000,1683633599999,7086161.42700000,1648,2645176.00000000,2643853.41200000,0
1683633600000,0.99940000,0.99950000,0.99940000,0.99940000,14172355.00000000,1683637199999,14164722.50240000,3161,8709154.00000000,8704799.42300000,0
1683637200000,0.99950000,0.99950000,0.99940000,0.99950000,17436438.00000000,1683640799999,17426525.72040000,2546,5495832.00000000,5493084.08400000,0
1683640800000,0.99940000,0.99950000,0.99940000,0.99950000,21023935.00000000,1683644399999,21012641.94540000,3051,13213064.00000000,13206457.46800000,0
1683644400000,0.99950000,0.99950000,0.99940000,0.99940000,10782859.00000000,1683647999999,10776691.34820000,3175,3020636.00000000,3019125.68200000,0
1683648000000,0.99950000,0.99960000,0.99940000,0.99950000,17534547.00000000,1683651599999,17525772.68480000,3021,9372927.00000000,9368476.56930000,0
1683651600000,0.99960000,0.99960000,0.99950000,0.99950000,6532235.00000000,1683655199999,6529127.54590000,2163,1586634.00000000,1585999.34640000,0
1683655200000,0.99960000,0.99960000,0.99950000,0.99950000,7302315.00000000,1683658799999,7298853.74280000,2881,1899003.00000000,1898243.39880000,0
1683658800000,0.99950000,0.99960000,0.99950000,0.99950000,8190149.00000000,1683662399999,8186227.42100000,2472,1734955.00000000,1734261.01800000,0
1683662400000,0.99960000,0.99960000,0.99950000,0.99950000,5486476.00000000,1683665999999,5483985.42050000,3050,2526585.00000000,2525574.36600000,0
1683666000000,0.99960000,0.99960000,0.99940000,0.99940000,10630161.00000000,1683669599999,10624635.38950000,2261,1747105.00000000,1746256.94040000,0
1683669600000,0.99950000,0.99950000,0.99930000,0.99940000,7090524.00000000,1683673199999,7086233.16910000,2180,1724715.00000000,1723746.88680000,0
1683673200000,0.99930000,0.99950000,0.99930000,0.99940000,8749666.00000000,1683676799999,8744210.74380000,2437,4274675.00000000,4272114.72870000,0
1683676800000,0.99950000,0.99960000,0.99940000,0.99960000,10301931.00000000,1683680399999,10296553.55730000,2023,7051909.00000000,7048414.98860000,0
1683680400000,0.99950000,0.99960000,0.99940000,0.99940000,5955245.00000000,1683683999999,5952356.87320000,2540,1434041.00000000,1433426.10560000,0
1683684000000,0.99950000,0.99960000,0.99940000,0.99950000,8239723.00000000,1683687599999,8235349.65860000,2934,5499092.00000000,5496345.26840000,0
1683687600000,0.99960000,0.99960000,0.99950000,0.99960000,10040023.00000000,1683691199999,10035595.15300000,1712,5921645.00000000,5919276.34200000,0
1683691200000,0.99960000,0.99960000,0.99950000,0.99960000,10059465.00000000,1683694799999,10055156.24640000,2215,7209789.00000000,7206905.08440000,0
1683694800000,0.99960000,0.99960000,0.99950000,0.99960000,6959901.00000000,1683698399999,6956661.63120000,2179,2405817.00000000,2404854.67320000,0
1683698400000,0.99950000,0.99960000,0.99950000,0.99950000,4431542.00000000,1683701999999,4429419.61320000,3019,933842.00000000,933468.46320000,0
1683702000000,0.99960000,0.99960000,0.99950000,0.99950000,6971111.00000000,1683705599999,6967818.92730000,2273,1934828.00000000,1934054.06880000,0
1683705600000,0.99960000,0.99960000,0.99950000,0.99950000,10763293.00000000,1683709199999,10758431.49260000,2402,5201391.00000000,5199310.44360000,0
1683709200000,0.99960000,0.99960000,0.99950000,0.99950000,12773794.00000000,1683712799999,12767913.98540000,2093,5068824.00000000,5066796.47040000,0
1683712800000,0.99950000,0.99970000,0.99950000,0.99970000,22105843.00000000,1683716399999,22096781.07850000,2428,13562212.00000000,13556791.85530000,0
1683716400000,0.99970000,0.99970000,0.99960000,0.99970000,16422300.00000000,1683719999999,16415940.83620000,2909,2097562.00000000,2096932.73140000,0
1683720000000,0.99960000,0.99970000,0.99940000,0.99950000,43492173.00000000,1683723599999,43471942.91630000,6521,14760375.00000000,14754193.54060000,0
1683723600000,0.99960000,0.99960000,0.99950000,0.99960000,11597468.00000000,1683727199999,11592151.36570000,4745,4820997.00000000,4819068.60120000,0
1683727200000,0.99960000,0.99960000,0.99950000,0.99960000,10288171.00000000,1683730799999,10283252.01420000,3886,2250997.00000000,2250096.60120000,0
1683730800000,0.99960000,0.99960000,0.99950000,0.99960000,15217269.00000000,1683734399999,15210477.74490000,3554,8173794.00000000,8170524.48240000,0
1683734400000,0.99960000,0.99960000,0.99950000,0.99950000,9145659.00000000,1683737999999,9141835.18890000,2354,7490184.00000000,7487187.92640000,0
1683738000000,0.99960000,0.99960000,0.99930000,0.99950000,34301024.00000000,1683741599999,34282981.03920000,9689,6035073.00000000,6032190.54690000,0
1683741600000,0.99940000,0.99950000,0.99940000,0.99940000,14563863.00000000,1683745199999,14555300.85950000,4243,1761773.00000000,1760892.11350000,0
1683745200000,0.99950000,0.99950000,0.99930000,0.99930000,8931411.00000000,1683748799999,8926198.09900000,3957,2548389.00000000,2547061.22880000,0
1683748800000,0.99930000,0.99950000,0.99930000,0.99940000,7560147.00000000,1683752399999,7555699.47550000,3582,4112066.00000000,4109729.10580000,0
1683752400000,0.99940000,0.99940000,0.99930000,0.99940000,4466179.00000000,1683755999999,4463158.42650000,3330,1057518.00000000,1056883.48920000,0
1683756000000,0.99940000,0.99940000,0.99930000,0.99930000,5134208.00000000,1683759599999,5130730.47630000,3729,1164219.00000000,1163520.46860000,0
1683759600000,0.99930000,0.99940000,0.99930000,0.99930000,3880919.00000000,1683763199999,3878304.03330000,3231,1016766.00000000,1016155.94040000,0
1683763200000,0.99940000,0.99940000,0.99930000,0.99940000,6557172.00000000,1683766799999,6553067.25040000,3272,4852708.00000000,4849796.37520000,0
1683766800000,0.99940000,0.99950000,0.99930000,0.99940000,11662954.00000000,1683770399999,11656111.55130000,2908,7982953.00000000,7978437.75460000,0
1683770400000,0.99940000,0.99950000,0.99940000,0.99940000,3003785.00000000,1683773999999,3002053.02810000,2778,702991.00000000,702639.50450000,0
1683774000000,0.99940000,0.99950000,0.99940000,0.99940000,3261029.00000000,1683777599999,3259136.63750000,3196,642549.00000000,642227.72550000,0
1683777600000,0.99940000,0.99960000,0.99940000,0.99950000,21504796.00000000,1683781199999,21493811.14150000,2546,12455964.00000000,12449739.87720000,0
1683781200000,0.99950000,0.99960000,0.99940000,0.99950000,13710518.00000000,1683784799999,13703705.43120000,3198,4056469.00000000,4054522.67820000,0
1683784800000,0.99950000,0.99960000,0.99950000,0.99960000,3437880.00000000,1683788399999,3436225.07900000,2406,640190.00000000,639933.92400000,0
1683788400000,0.99950000,0.99960000,0.99950000,0.99960000,5991751.00000000,1683791999999,5988890.64730000,2624,1355228.00000000,1354685.90880000,0
1683792000000,0.99950000,0.99960000,0.99940000,0.99940000,14069446.00000000,1683795599999,14062527.18760000,4101,1968181.00000000,1967340.06460000,0
1683795600000,0.99950000,0.99960000,0.99940000,0.99960000,10263902.00000000,1683799199999,10258787.43540000,2802,3666186.00000000,3664450.20140000,0
1683799200000,0.99960000,0.99960000,0.99940000,0.99950000,12290674.00000000,1683802799999,12284559.62390000,3465,1688446.00000000,1687725.82430000,0
1683802800000,0.99940000,0.99960000,0.99940000,0.99950000,19973658.00000000,1683806399999,19963816.93690000,4018,8955421.00000000,8951184.62040000,0
1683806400000,0.99950000,0.99960000,0.99940000,0.99940000,10313382.00000000,1683809999999,10308249.17270000,5283,4938905.00000000,4936569.49890000,0
1683810000000,0.99940000,0.99950000,0.99940000,0.99950000,9681359.00000000,1683813599999,9676252.67130000,5503,7024867.00000000,7021354.56650000,0
1683813600000,0.99940000,0.99950000,0.99940000,0.99950000,12436518.00000000,1683817199999,12429884.10990000,7820,8280207.00000000,8276066.89650000,0
1683817200000,0.99950000,0.99960000,0.99940000,0.99960000,20356034.00000000,1683820799999,20347280.41010000,3961,16459490.00000000,16452687.28660000,0
1683820800000,0.99960000,0.99960000,0.99950000,0.99950000,7311296.00000000,1683824399999,7308000.39830000,2938,3600463.00000000,3599022.81480000,0
1683824400000,0.99950000,0.99960000,0.99940000,0.99950000,12046051.00000000,1683827999999,12039966.26250000,6203,4517711.00000000,4515578.07350000,0
1683828000000,0.99940000,0.99960000,0.99940000,0.99950000,9420570.00000000,1683831599999,9415848.22400000,4775,5255495.00000000,5252940.95460000,0
1683831600000,0.99950000,0.99960000,0.99940000,0.99940000,12082925.00000000,1683835199999,12076690.82470000,5014,5568589.00000000,5566009.64890000,0
1683835200000,0.99950000,0.99950000,0.99940000,0.99940000,8838102.00000000,1683838799999,8833468.30240000,4045,6691636.00000000,6688290.18200000,0
1683838800000,0.99950000,0.99950000,0.99940000,0.99940000,5217644.00000000,1683842399999,5214893.04480000,3599,3796312.00000000,3794413.84400000,0
1683842400000,0.99950000,0.99960000,0.99940000,0.99950000,8306208.00000000,1683845999999,8302023.57650000,3132,4684080.00000000,4681810.52810000,0
1683846000000,0.99950000,0.99960000,0.99950000,0.99950000,5076221.00000000,1683849599999,5074112.32120000,1887,4294317.00000000,4292599.27320000,0
1683849600000,0.99950000,0.99960000,0.99950000,0.99960000,4465654.00000000,1683853199999,4463641.74290000,2440,2205699.00000000,2204816.72040000,0
1683853200000,0.99950000,0.99960000,0.99950000,0.99950000,5331280.00000000,1683856799999,5328780.42780000,2700,1660678.00000000,1660013.72880000,0
1683856800000,0.99950000,0.99960000,0.99950000,0.99950000,15569217.00000000,1683860399999,15561826.40660000,4098,3940151.00000000,3938574.93960000,0
1683860400000,0.99950000,0.99960000,0.99940000,0.99940000,6997349.00000000,1683863999999,6993920.32800000,3806,760219.00000000,759908.91040000,0
1683864000000,0.99940000,0.99950000,0.99940000,0.99940000,7297050.00000000,1683867599999,7293077.54710000,5559,4057771.00000000,4055742.11450000,0
1683867600000,0.99940000,0.99950000,0.99940000,0.99940000,11743386.00000000,1683871199999,11737041.20860000,8804,7012402.00000000,7008895.79900000,0
1683871200000,0.99940000,0.99950000,0.99940000,0.99940000,14646190.00000000,1683874799999,14637767.82650000,4559,3655405.00000000,3653577.29750000,0
1683874800000,0.99940000,0.99950000,0.99940000,0.99940000,13538506.00000000,1683878399999,13531412.99040000,6377,10300940.00000000,10295789.53000000,0
1683878400000,0.99940000,0.99950000,0.99940000,0.99940000,12127082.00000000,1683881999999,12120666.96980000,3783,8612190.00000000,8607883.90500000,0
1683882000000,0.99940000,0.99950000,0.99940000,0.99940000,22522150.00000000,1683885599999,22510095.45770000,10927,14587477.00000000,14580183.26150000,0
1683885600000,0.99940000,0.99960000,0.99940000,0.99950000,9673075.00000000,1683889199999,9668381.47350000,5039,5957382.00000000,5954638.61870000,0
1683889200000,0.99950000,0.99960000,0.99950000,0.99960000,5256371.00000000,1683892799999,5253837.38900000,2841,945745.00000000,945366.70200000,0
1683892800000,0.99950000,0.99960000,0.99950000,0.99960000,12352025.00000000,1683896399999,12346852.61450000,2847,10036270.00000000,10032255.49200000,0
1683896400000,0.99950000,0.99970000,0.99950000,0.99950000,27856554.00000000,1683899999999,27845422.54110000,4837,9943407.00000000,9939707.71020000,0
1683900000000,0.99950000,0.99960000,0.99950000,0.99950000,8523818.00000000,1683903599999,8519727.57970000,3846,1714887.00000000,1714201.04520000,0
1683903600000,0.99960000,0.99960000,0.99950000,0.99950000,5631865.00000000,1683907199999,5629261.99940000,3153,2129319.00000000,2128467.27240000,0
1683907200000,0.99950000,0.99960000,0.99950000,0.99950000,7132779.00000000,1683910799999,7129689.00100000,4657,4763905.00000000,4761999.43800000,0
1683910800000,0.99960000,0.99970000,0.99950000,0.99960000,11452705.00000000,1683914399999,11448053.04020000,3866,7733627.00000000,7730637.45550000,0
1683914400000,0.99960000,0.99970000,0.99960000,0.99960000,4151455.00000000,1683917999999,4150012.84010000,3050,2184221.00000000,2183565.73370000,0
1683918000000,0.99960000,0.99970000,0.99950000,0.99960000,12645725.00000000,1683921599999,12641047.90810000,7230,6846199.00000000,6843888.55350000,0
1683921600000,0.99970000,0.99970000,0.99950000,0.99950000,5462447.00000000,1683925199999,5460331.99320000,3966,2059403.00000000,2058701.65600000,0
1683925200000,0.99950000,0.99960000,0.99950000,0.99950000,6596771.00000000,1683928799999,6593839.94560000,3723,3673311.00000000,3671841.67560000,0
1683928800000,0.99950000,0.99960000,0.99950000,0.99950000,3503891.00000000,1683932399999,3502287.84170000,2622,1487872.00000000,1487276.85120000,0
1683932400000,0.99960000,0.99960000,0.99950000,0.99950000,2983382.00000000,1683935999999,2981954.00670000,1735,636977.00000000,636722.20920000,0
1683936000000,0.99950000,0.99960000,0.99950000,0.99960000,1534347.00000000,1683939599999,1533668.75720000,1787,889307.00000000,888951.27720000,0
1683939600000,0.99960000,0.99960000,0.99950000,0.99960000,5072371.00000000,1683943199999,5070146.25970000,1898,3114452.00000000,3113206.21920000,0
1683943200000,0.99950000,0.99970000,0.99950000,0.99960000,8884539.00000000,1683946799999,8880930.49200000,1316,7733035.00000000,7729941.85980000,0
1683946800000,0.99960000,0.99970000,0.99950000,0.99960000,1889885.00000000,1683950399999,1889086.43860000,1405,555262.00000000,555041.55650000,0
1683950400000,0.99950000,0.99960000,0.99950000,0.99960000,2142739.00000000,1683953999999,2141768.93810000,1208,1013076.00000000,1012670.76960000,0
1683954000000,0.99960000,0.99960000,0.99950000,0.99950000,1303081.00000000,1683957599999,1302452.59630000,1286,231368.00000000,231275.45280000,0
1683957600000,0.99950000,0.99960000,0.99950000,0.99950000,1306891.00000000,1683961199999,1306276.14030000,1437,385858.00000000,385703.65680000,0
1683961200000,0.99950000,0.99960000,0.99950000,0.99950000,1306553.00000000,1683964799999,1305954.32200000,1512,545985.00000000,545766.60600000,0
1683964800000,0.99950000,0.99960000,0.99950000,0.99950000,1255726.00000000,1683968399999,1255141.63390000,1673,434969.00000000,434795.01240000,0
1683968400000,0.99950000,0.99960000,0.99950000,0.99960000,1220207.00000000,1683971999999,1219653.84150000,1387,569450.00000000,569222.22000000,0
1683972000000,0.99960000,0.99960000,0.99950000,0.99950000,3077455.00000000,1683975599999,3075989.61040000,1797,733379.00000000,733085.64840000,0
1683975600000,0.99960000,0.99960000,0.99950000,0.99960000,1439912.00000000,1683979199999,1439280.35390000,1638,883099.00000000,882745.76040000,0
1683979200000,0.99950000,0.99960000,0.99950000,0.99960000,1881034.00000000,1683982799999,1880190.00450000,2326,965215.00000000,964828.91400000,0
1683982800000,0.99950000,0.99960000,0.99950000,0.99950000,4142674.00000000,1683986399999,4140885.21310000,1996,2825501.00000000,2824370.79960000,0
1683986400000,0.99950000,0.99970000,0.99950000,0.99970000,11392899.00000000,1683989999999,11388214.92830000,2548,9244770.00000000,9241083.32730000,0
1683990000000,0.99970000,0.99970000,0.99960000,0.99960000,3897872.00000000,1683993599999,3896386.67230000,2487,738211.00000000,737989.53670000,0
1683993600000,0.99960000,0.99970000,0.99950000,0.99960000,4941732.00000000,1683997199999,4939919.91460000,2280,3750882.00000000,3749569.41090000,0
1683997200000,0.99960000,0.99970000,0.99960000,0.99960000,3343394.00000000,1684000799999,3342218.14430000,1928,1615019.00000000,1614534.49430000,0
1684000800000,0.99960000,0.99970000,0.99960000,0.99960000,1876477.00000000,1684004399999,1875787.34990000,2180,609407.00000000,609224.17790000,0
1684004400000,0.99960000,0.99970000,0.99950000,0.99950000,1527899.00000000,1684007999999,1527268.76230000,1859,523860.00000000,523675.20740000,0
1684008000000,0.99960000,0.99960000,0.99950000,0.99950000,1151879.00000000,1684011599999,1151346.80910000,2778,437486.00000000,437311.00560000,0
1684011600000,0.99950000,0.99960000,0.99950000,0.99960000,867270.00000000,1684015199999,866872.43500000,1787,360700.00000000,360555.72000000,0
1684015200000,0.99950000,0.99960000,0.99950000,0.99950000,947351.00000000,1684018799999,946909.77540000,1776,324509.00000000,324379.19640000,0
1684018800000,0.99950000,0.99960000,0.99950000,0.99960000,1044423.00000000,1684022399999,1043942.98040000,1897,421919.00000000,421750.23240000,0
1684022400000,0.99950000,0.99960000,0.99950000,0.99960000,1221053.00000000,1684025999999,1220491.74280000,2027,492693.00000000,492495.92280000,0
1684026000000,0.99960000,0.99960000,0.99950000,0.99960000,2080472.00000000,1684029599999,2079586.57350000,1674,1548095.00000000,1547475.76200000,0
1684029600000,0.99960000,0.99970000,0.99950000,0.99960000,1872652.00000000,1684033199999,1871888.31880000,1265,1491993.00000000,1491405.57960000,0
1684033200000,0.99970000,0.99970000,0.99950000,0.99950000,5206420.00000000,1684036799999,5204378.18020000,1136,687412.00000000,687185.83890000,0
1684036800000,0.99960000,0.99960000,0.99950000,0.99950000,1997004.00000000,1684040399999,1996113.96530000,1319,1084673.00000000,1084239.13080000,0
1684040400000,0.99960000,0.99960000,0.99950000,0.99950000,969902.00000000,1684043999999,969469.50790000,1218,524589.00000000,524379.16440000,0
1684044000000,0.99960000,0.99960000,0.99950000,0.99950000,1148943.00000000,1684047599999,1148461.40200000,1683,928735.00000000,928363.50600000,0
1684047600000,0.99960000,0.99960000,0.99950000,0.99950000,1035257.00000000,1684051199999,1034769.29740000,1556,299259.00000000,299139.29640000,0
1684051200000,0.99950000,0.99960000,0.99950000,0.99950000,1086094.00000000,1684054799999,1085604.09130000,1439,531383.00000000,531170.44680000,0
1684054800000,0.99960000,0.99960000,0.99950000,0.99950000,1067654.00000000,1684058399999,1067178.65470000,1611,584817.00000000,584583.07320000,0
1684058400000,0.99960000,0.99960000,0.99950000,0.99950000,806452.00000000,1684061999999,806078.36610000,1605,295921.00000000,295802.63160000,0
1684062000000,0.99960000,0.99960000,0.99950000,0.99950000,1943920.00000000,1684065599999,1943059.97400000,1646,1119340.00000000,1118892.26400000,0
1684065600000,0.99960000,0.99960000,0.99950000,0.99960000,2249861.00000000,1684069199999,2248788.68020000,2717,526107.00000000,525896.55720000,0
1684069200000,0.99960000,0.99960000,0.99950000,0.99950000,2473632.00000000,1684072799999,2472522.82770000,3012,1276437.00000000,1275926.42520000,0
1684072800000,0.99960000,0.99960000,0.99950000,0.99950000,2714730.00000000,1684076399999,2713508.92980000,2046,1362948.00000000,1362402.82080000,0
1684076400000,0.99950000,0.99960000,0.99950000,0.99950000,3451768.00000000,1684079999999,3450229.39000000,2976,1872740.00000000,1871990.90400000,0
1684080000000,0.99950000,0.99960000,0.99950000,0.99960000,1949470.00000000,1684083599999,1948557.76090000,2532,624959.00000000,624709.01640000,0
1684083600000,0.99960000,0.99960000,0.99950000,0.99960000,2107522.00000000,1684087199999,2106611.46780000,2272,1432288.00000000,1431715.08480000,0
1684087200000,0.99950000,0.99960000,0.99950000,0.99950000,1947505.00000000,1684090799999,1946604.18060000,1855,729331.00000000,729039.26760000,0
1684090800000,0.99960000,0.99960000,0.99950000,0.99960000,1384286.00000000,1684094399999,1383620.02770000,2318,261707.00000000,261602.31720000,0
1684094400000,0.99960000,0.99960000,0.99950000,0.99950000,2331534.00000000,1684097999999,2330457.35840000,1627,891254.00000000,890897.49840000,0
1684098000000,0.99960000,0.99960000,0.99950000,0.99950000,848316.00000000,1684101599999,847941.13690000,1469,492949.00000000,492751.82040000,0
1684101600000,0.99950000,0.99960000,0.99950000,0.99950000,1863365.00000000,1684105199999,1862512.38410000,1565,790666.00000000,790349.73360000,0
1684105200000,0.99950000,0.99960000,0.99950000,0.99950000,1522954.00000000,1684108799999,1522241.01790000,1395,484949.00000000,484755.02040000,0
1684108800000,0.99950000,0.99960000,0.99950000,0.99950000,5922533.00000000,1684112399999,5919882.07760000,2942,3103441.00000000,3102199.62360000,0
1684112400000,0.99950000,0.99970000,0.99950000,0.99960000,17486454.00000000,1684115999999,17479363.32080000,4596,12022068.00000000,12017358.41330000,0
1684116000000,0.99960000,0.99970000,0.99960000,0.99960000,17549192.00000000,1684119599999,17543464.96540000,5337,12926422.00000000,12922544.07340000,0
1684119600000,0.99960000,0.99980000,0.99960000,0.99970000,21466151.00000000,1684123199999,21459626.90450000,3375,11801909.00000000,11798426.83060000,0
1684123200000,0.99980000,0.99980000,0.99960000,0.99960000,6971619.00000000,1684126799999,6969630.79110000,2359,2624548.00000000,2623982.92740000,0
1684126800000,0.99970000,0.99970000,0.99960000,0.99970000,5156648.00000000,1684130399999,5154750.82740000,2306,1654866.00000000,1654369.54020000,0
1684130400000,0.99960000,0.99970000,0.99960000,0.99960000,9094822.00000000,1684133999999,9091515.89040000,4121,3318192.00000000,3317196.54240000,0
1684134000000,0.99970000,0.99970000,0.99960000,0.99960000,10151850.00000000,1684137599999,10148437.65600000,1894,6483960.00000000,6482014.81200000,0
1684137600000,0.99970000,0.99970000,0.99960000,0.99960000,15125837.00000000,1684141199999,15120962.84720000,2517,11761820.00000000,11758291.45400000,0
1684141200000,0.99970000,0.99970000,0.99960000,0.99960000,17778862.00000000,1684144799999,17772558.71780000,2603,8082626.00000000,8080201.21220000,0
1684144800000,0.99970000,0.99970000,0.99960000,0.99960000,8905284.00000000,1684148399999,8901877.94350000,1734,1560571.00000000,1560102.82870000,0
1684148400000,0.99960000,0.99970000,0.99960000,0.99960000,6773632.00000000,1684151999999,6771065.60590000,2738,1430587.00000000,1430157.82390000,0
1684152000000,0.99970000,0.99970000,0.99960000,0.99960000,5828929.00000000,1684155599999,5826836.30420000,2418,2388758.00000000,2388041.37260000,0
1684155600000,0.99960000,0.99970000,0.99960000,0.99960000,5571716.00000000,1684159199999,5569616.70050000,2214,1293869.00000000,1293480.83930000,0
1684159200000,0.99960000,0.99970000,0.99950000,0.99950000,21807523.00000000,1684162799999,21798436.12380000,3557,13600741.00000000,13595365.35530000,0
1684162800000,0.99960000,0.99970000,0.99950000,0.99950000,14331312.00000000,1684166399999,14325217.67150000,2244,6581467.00000000,6578987.96170000,0
1684166400000,0.99960000,0.99960000,0.99950000,0.99950000,16923784.00000000,1684169999999,16916304.21370000,2775,9821057.00000000,9817128.57720000,0
1684170000000,0.99950000,0.99960000,0.99950000,0.99950000,5337246.00000000,1684173599999,5334770.66370000,2651,1932867.00000000,1932093.85320000,0
1684173600000,0.99960000,0.99960000,0.99950000,0.99950000,5289740.00000000,1684177199999,5287227.52110000,2341,1323911.00000000,1323381.43560000,0
1684177200000,0.99950000,0.99960000,0.99950000,0.99950000,6039707.00000000,1684180799999,6036832.00370000,2184,1448572.00000000,1447992.57120000,0
1684180800000,0.99950000,0.99960000,0.99950000,0.99950000,4881176.00000000,1684184399999,4878960.84580000,2142,2254338.00000000,2253436.26480000,0
1684184400000,0.99960000,0.99960000,0.99950000,0.99950000,4963376.00000000,1684187999999,4960961.11050000,1389,667985.00000000,667717.80600000,0
1684188000000,0.99950000,0.99970000,0.99950000,0.99960000,12637970.00000000,1684191599999,12632690.46590000,2596,10335201.00000000,10331067.50470000,0
1684191600000,0.99970000,0.99970000,0.99960000,0.99970000,8093663.00000000,1684195199999,8090631.66210000,2594,2061273.00000000,2060654.61810000,0
1684195200000,0.99970000,0.99970000,0.99960000,0.99960000,8879951.00000000,1684198799999,8876600.11300000,3871,2010934.00000000,2010330.71980000,0
1684198800000,0.99960000,0.99970000,0.99950000,0.99960000,13778832.00000000,1684202399999,13773494.44750000,4417,8552423.00000000,8549275.49700000,0
1684202400000,0.99970000,0.99970000,0.99960000,0.99960000,5697604.00000000,1684205999999,5695616.30950000,2364,2913511.00000000,2912636.94670000,0
1684206000000,0.99970000,0.99970000,0.99960000,0.99970000,6142545.00000000,1684209599999,6140403.05480000,2482,3150728.00000000,3149782.78160000,0
1684209600000,0.99970000,0.99970000,0.99960000,0.99960000,3420503.00000000,1684213199999,3419292.74870000,2122,1579499.00000000,1579025.15030000,0
1684213200000,0.99960000,0.99970000,0.99960000,0.99970000,4021420.00000000,1684216799999,4020006.49650000,2628,1950645.00000000,1950059.80650000,0
1684216800000,0.99960000,0.99970000,0.99960000,0.99960000,5822933.00000000,1684220399999,5820951.05560000,3142,3472288.00000000,3471246.31360000,0
1684220400000,0.99960000,0.99970000,0.99950000,0.99950000,9366518.00000000,1684223999999,9362820.97450000,3941,3634854.00000000,3633558.87030000,0
1684224000000,0.99950000,0.99970000,0.99950000,0.99960000,5535006.00000000,1684227599999,5532730.62160000,2925,3323305.00000000,3322037.27540000,0
1684227600000,0.99960000,0.99970000,0.99960000,0.99960000,6987448.00000000,1684231199999,6984867.85550000,2080,2148347.00000000,2147702.49590000,0
1684231200000,0.99960000,0.99970000,0.99960000,0.99960000,6594372.00000000,1684234799999,6592006.23830000,2039,2719871.00000000,2719055.03870000,0
1684234800000,0.99970000,0.99970000,0.99950000,0.99950000,12989777.00000000,1684238399999,12984448.85660000,2702,5671732.00000000,5669795.67300000,0
1684238400000,0.99960000,0.99970000,0.99950000,0.99960000,10701817.00000000,1684241999999,10697260.03910000,4002,6947679.00000000,6944925.55840000,0
1684242000000,0.99970000,0.99970000,0.99960000,0.99960000,7750368.00000000,1684245599999,7747494.59910000,2455,2267463.00000000,2266782.76110000,0
1684245600000,0.99970000,0.99970000,0.99960000,0.99960000,6935101.00000000,1684249199999,6932733.14740000,2717,4061878.00000000,4060659.43660000,0
1684249200000,0.99960000,0.99980000,0.99960000,0.99970000,35293986.00000000,1684252799999,35283799.28620000,3066,20496700.00000000,20491073.33230000,0
1684252800000,0.99980000,0.99980000,0.99970000,0.99970000,3982663.00000000,1684256399999,3981628.40590000,2501,1602048.00000000,1601727.59040000,0
1684256400000,0.99980000,0.99980000,0.99970000,0.99980000,8365528.00000000,1684259999999,8363185.06740000,2823,1667258.00000000,1666924.54840000,0
1684260000000,0.99980000,0.99980000,0.99970000,0.99970000,11912358.00000000,1684263599999,11909734.92500000,2506,9506324.00000000,9504422.73520000,0
1684263600000,0.99980000,0.99980000,0.99970000,0.99970000,7132185.00000000,1684267199999,7130364.20960000,2289,3188651.00000000,3188013.26980000,0
1684267200000,0.99980000,0.99980000,0.99970000,0.99970000,6123641.00000000,1684270799999,6122185.64640000,2277,3817387.00000000,3816623.52260000,0
1684270800000,0.99980000,0.99980000,0.99970000,0.99970000,7271989.00000000,1684274399999,7270088.65640000,2122,2812531.00000000,2811968.49380000,0
1684274400000,0.99980000,0.99980000,0.99970000,0.99970000,5670432.00000000,1684277999999,5669037.14830000,1815,3062779.00000000,3062166.44420000,0
1684278000000,0.99980000,0.99980000,0.99970000,0.99970000,6702301.00000000,1684281599999,6700424.21530000,1546,1339056.00000000,1338788.18880000,0
1684281600000,0.99980000,0.99980000,0.99960000,0.99980000,10839792.00000000,1684285199999,10836607.49560000,3338,6236070.00000000,6234340.66790000,0
1684285200000,0.99980000,0.99990000,0.99970000,0.99990000,13277029.00000000,1684288799999,13274455.88160000,3884,10703912.00000000,10701895.47110000,0
1684288800000,0.99980000,0.99990000,0.99980000,0.99990000,3186640.00000000,1684292399999,3186224.19200000,1828,2215200.00000000,2214978.48000000,0
1684292400000,0.99990000,0.99990000,0.99980000,0.99980000,3497070.00000000,1684295999999,3496457.61130000,1509,870253.00000000,870165.97470000,0
1684296000000,0.99990000,0.99990000,0.99980000,0.99980000,6071695.00000000,1684299599999,6070526.32490000,1280,456639.00000000,456593.33610000,0
1684299600000,0.99990000,0.99990000,0.99980000,0.99980000,8764844.00000000,1684303199999,8763607.32500000,1442,5162938.00000000,5162421.70620000,0
1684303200000,0.99980000,0.99990000,0.99980000,0.99980000,11219879.00000000,1684306799999,11218595.99160000,1620,9609674.00000000,9608713.03260000,0
1684306800000,0.99980000,1.00000000,0.99980000,0.99980000,23685516.00000000,1684310399999,23682260.33880000,2293,13166343.00000000,13165026.80840000,0
1684310400000,0.99990000,0.99990000,0.99980000,0.99980000,4334096.00000000,1684313999999,4333319.97110000,1760,907903.00000000,907812.20970000,0
1684314000000,0.99990000,0.99990000,0.99980000,0.99980000,6894409.00000000,1684317599999,6893478.83200000,2058,4487138.00000000,4486689.28620000,0
1684317600000,0.99990000,0.99990000,0.99980000,0.99990000,3057602.00000000,1684321199999,3057145.24220000,1502,1547626.00000000,1547471.23740000,0
1684321200000,0.99980000,0.99990000,0.99980000,0.99980000,7355790.00000000,1684324799999,7354611.25760000,3399,2924156.00000000,2923863.58440000,0
1684324800000,0.99990000,0.99990000,0.99980000,0.99990000,11142089.00000000,1684328399999,11140822.11990000,2676,9615377.00000000,9614415.46230000,0
1684328400000,0.99990000,0.99990000,0.99980000,0.99990000,14333124.00000000,1684331999999,14331001.93630000,2792,7445611.00000000,7444866.43890000,0
1684332000000,0.99980000,0.99990000,0.99980000,0.99980000,9786406.00000000,1684335599999,9784885.70850000,3799,4369897.00000000,4369460.01030000,0
1684335600000,0.99980000,0.99990000,0.99980000,0.99990000,13811129.00000000,1684339199999,13809264.46950000,2403,8976953.00000000,8976055.30470000,0
1684339200000,0.99990000,1.00000000,0.99980000,0.99990000,22211902.00000000,1684342799999,22209664.59470000,3916,16066618.00000000,16065075.49910000,0
1684342800000,0.99990000,1.00000000,0.99980000,0.99990000,10170008.00000000,1684346399999,10168990.00400000,4177,6243085.00000000,6242560.33320000,0
1684346400000,0.99980000,1.00000000,0.99980000,0.99990000,11443103.00000000,1684349999999,11442295.57860000,3560,7994227.00000000,7993789.07490000,0
1684350000000,0.99990000,1.00000000,0.99980000,0.99980000,20012647.00000000,1684353599999,20010770.30820000,5098,8862855.00000000,8862599.20210000,0
1684353600000,0.99990000,1.00000000,0.99980000,0.99990000,4463687.00000000,1684357199999,4463140.56820000,3672,3168154.00000000,3167847.49680000,0
1684357200000,1.00000000,1.00000000,0.99980000,0.99980000,7514823.00000000,1684360799999,7513764.38440000,2798,2130630.00000000,2130507.72000000,0
1684360800000,0.99990000,0.99990000,0.99980000,0.99990000,2673016.00000000,1684364399999,2672576.36650000,1715,949697.00000000,949602.03030000,0
1684364400000,0.99980000,0.99990000,0.99980000,0.99980000,3213941.00000000,1684367999999,3213558.16160000,2059,2599498.00000000,2599238.05020000,0
1684368000000,0.99990000,0.99990000,0.99980000,0.99990000,2713920.00000000,1684371599999,2713487.49290000,2329,1102769.00000000,1102658.72310000,0
1684371600000,0.99990000,0.99990000,0.99980000,0.99990000,2816332.00000000,1684375199999,2816011.45400000,1752,2427204.00000000,2426961.27960000,0
1684375200000,0.99980000,0.99990000,0.99980000,0.99990000,7777739.00000000,1684378799999,7776866.58660000,2332,6831344.00000000,6830660.86560000,0
1684378800000,0.99990000,1.00000000,0.99980000,0.99990000,11975905.00000000,1684382399999,11975241.45210000,1373,10848995.00000000,10848481.48190000,0
1684382400000,0.99990000,1.00000000,0.99990000,1.00000000,2428940.00000000,1684385999999,2428776.48400000,1363,793780.00000000,793780.00000000,0
1684386000000,0.99990000,1.00000000,0.99980000,0.99980000,7041720.00000000,1684389599999,7040694.60310000,2765,2025903.00000000,2025706.50800000,0
1684389600000,0.99990000,0.99990000,0.99980000,0.99990000,7025893.00000000,1684393199999,7024636.49790000,3078,1486765.00000000,1486616.32350000,0
1684393200000,0.99990000,0.99990000,0.99980000,0.99980000,21749035.00000000,1684396799999,21746350.79240000,3377,16655994.00000000,16654328.40060000,0
1684396800000,0.99990000,1.00000000,0.99980000,0.99990000,7222210.00000000,1684400399999,7221402.99370000,1999,6117400.00000000,6116801.90890000,0
1684400400000,0.99990000,1.00000000,0.99990000,1.00000000,4765496.00000000,1684403999999,4765215.05340000,1587,1956030.00000000,1956030.00000000,0
1684404000000,0.99990000,1.00000000,0.99990000,0.99990000,14974345.00000000,1684407599999,14973358.20390000,2029,5106384.00000000,5106384.00000000,0
1684407600000,1.00000000,1.00000000,0.99990000,0.99990000,3912009.00000000,1684411199999,3911800.03950000,1838,1822404.00000000,1822404.00000000,0
1684411200000,1.00000000,1.00000000,0.99990000,1.00000000,10304543.00000000,1684414799999,10304226.77650000,2890,7142308.00000000,7142308.00000000,0
1684414800000,0.99990000,1.00000000,0.99990000,0.99990000,8298368.00000000,1684418399999,8297978.87090000,6602,4407077.00000000,4407077.00000000,0
1684418400000,0.99990000,1.00000000,0.99990000,1.00000000,7548451.00000000,1684421999999,7547992.93680000,3446,2967819.00000000,2967819.00000000,0
1684422000000,1.00000000,1.00000000,0.99990000,0.99990000,11800047.00000000,1684425599999,11799575.91870000,3125,7089234.00000000,7089234.00000000,0
1684425600000,1.00000000,1.00000000,0.99990000,0.99990000,8822255.00000000,1684429199999,8821775.24060000,3392,4024661.00000000,4024661.00000000,0
1684429200000,0.99990000,1.00000000,0.99990000,0.99990000,7609612.00000000,1684432799999,7609076.07910000,4708,2250403.00000000,2250403.00000000,0
1684432800000,1.00000000,1.00000000,0.99990000,1.00000000,4836805.00000000,1684436399999,4836529.92230000,2816,2086028.00000000,2086028.00000000,0
1684436400000,1.00000000,1.00000000,0.99990000,0.99990000,3447581.00000000,1684439999999,3447316.56290000,3039,803210.00000000,803210.00000000,0
1684440000000,0.99990000,1.00000000,0.99990000,0.99990000,4484700.00000000,1684443599999,4484325.07540000,1950,735454.00000000,735454.00000000,0
1684443600000,1.00000000,1.00000000,0.99990000,1.00000000,5729858.00000000,1684447199999,5729483.44880000,2857,1984346.00000000,1984346.00000000,0
1684447200000,1.00000000,1.00000000,0.99990000,1.00000000,2753024.00000000,1684450799999,2752873.96070000,2440,1252631.00000000,1252631.00000000,0
1684450800000,0.99990000,1.00000000,0.99990000,0.99990000,2135355.00000000,1684454399999,2135196.30770000,1650,548432.00000000,548432.00000000,0
1684454400000,0.99990000,1.00000000,0.99990000,0.99990000,4283577.00000000,1684457999999,4283195.08120000,2423,464389.00000000,464389.00000000,0
1684458000000,0.99990000,1.00000000,0.99980000,0.99980000,6769470.00000000,1684461599999,6768741.94220000,2022,2309263.00000000,2309061.54390000,0
1684461600000,0.99980000,0.99990000,0.99980000,0.99980000,4617016.00000000,1684465199999,4616299.76470000,1786,2071679.00000000,2071471.83210000,0
1684465200000,0.99980000,1.00000000,0.99980000,0.99990000,4682912.00000000,1684468799999,4682266.47760000,1819,2225097.00000000,2224881.35240000,0
1684468800000,0.99990000,1.00000000,0.99990000,1.00000000,4730555.00000000,1684472399999,4730273.60390000,1353,1916594.00000000,1916594.00000000,0
1684472400000,0.99990000,1.00000000,0.99980000,0.99980000,4237537.00000000,1684475999999,4237078.82610000,1691,550981.00000000,550958.89710000,0
1684476000000,0.99980000,0.99990000,0.99980000,0.99980000,4630583.00000000,1684479599999,4629885.64150000,2180,2287581.00000000,2287352.24190000,0
1684479600000,0.99980000,0.99990000,0.99980000,0.99980000,5376272.00000000,1684483199999,5375374.01690000,2544,1772713.00000000,1772535.72870000,0
1684483200000,0.99980000,1.00000000,0.99980000,0.99990000,8674063.00000000,1684486799999,8672662.13790000,1864,1889113.00000000,1888924.16440000,0
1684486800000,0.99990000,0.99990000,0.99980000,0.99980000,16318811.00000000,1684490399999,16316495.06200000,2267,9478242.00000000,9477294.17580000,0
1684490400000,0.99980000,0.99990000,0.99980000,0.99980000,10335300.00000000,1684493999999,10333557.14580000,2093,3242058.00000000,3241733.79420000,0
1684494000000,0.99980000,0.99990000,0.99980000,0.99980000,3768518.00000000,1684497599999,3767790.02430000,1638,257279.00000000,257253.27210000,0
1684497600000,0.99990000,0.99990000,0.99980000,0.99980000,4770134.00000000,1684501199999,4769392.52370000,1931,2125505.00000000,2125292.44950000,0
1684501200000,0.99980000,0.99990000,0.99980000,0.99980000,6760590.00000000,1684504799999,6759541.60380000,2458,3037218.00000000,3036914.27820000,0
1684504800000,0.99980000,0.99990000,0.99980000,0.99980000,11897339.00000000,1684508399999,11895535.00380000,2872,5754716.00000000,5754140.52840000,0
1684508400000,0.99980000,0.99990000,0.99980000,0.99980000,10313595.00000000,1684511999999,10312042.83500000,4453,5105540.00000000,5105029.44600000,0
1684512000000,0.99980000,0.99990000,0.99970000,0.99970000,8398855.00000000,1684515599999,8397341.24000000,2564,2299484.00000000,2299227.42390000,0
1684515600000,0.99980000,0.99990000,0.99970000,0.99970000,8135849.00000000,1684519199999,8134167.24590000,3472,3511633.00000000,3511040.52720000,0
1684519200000,0.99970000,0.99980000,0.99970000,0.99970000,7605929.00000000,1684522799999,7604016.81080000,2625,3695895.00000000,3695155.82100000,0
1684522800000,0.99980000,0.99980000,0.99970000,0.99970000,4795631.00000000,1684526399999,4794350.78370000,2122,1584730.00000000,1584413.05400000,0
1684526400000,0.99980000,0.99980000,0.99970000,0.99980000,2791227.00000000,1684529999999,2790459.47120000,1559,698393.00000000,698253.32140000,0
1684530000000,0.99970000,0.99980000,0.99970000,0.99980000,1487912.00000000,1684533599999,1487491.80250000,1452,261761.00000000,261708.64780000,0
1684533600000,0.99970000,0.99980000,0.99970000,0.99970000,961768.00000000,1684537199999,961504.48010000,1281,250105.00000000,250054.97900000,0
1684537200000,0.99980000,0.99980000,0.99970000,0.99980000,1041243.00000000,1684540799999,1040965.71320000,1184,350861.00000000,350790.82780000,0
1684540800000,0.99980000,0.99980000,0.99970000,0.99980000,2300734.00000000,1684544399999,2300165.81460000,1812,1220348.00000000,1220103.93040000,0
1684544400000,0.99970000,0.99980000,0.99970000,0.99980000,1450544.00000000,1684547999999,1450144.80640000,1276,359696.00000000,359624.06080000,0
1684548000000,0.99970000,0.99980000,0.99970000,0.99970000,2232686.00000000,1684551599999,2232030.96840000,1163,147742.00000000,147712.45160000,0
1684551600000,0.99970000,0.99980000,0.99970000,0.99970000,2494855.00000000,1684555199999,2494267.98890000,1277,1614454.00000000,1614131.10920000,0
1684555200000,0.99980000,0.99980000,0.99970000,0.99970000,1072501.00000000,1684558799999,1072219.17280000,1035,399231.00000000,399151.15380000,0
1684558800000,0.99970000,0.99980000,0.99970000,0.99980000,1002389.00000000,1684562399999,1002112.02830000,1246,237450.00000000,237402.51000000,0
1684562400000,0.99980000,0.99980000,0.99970000,0.99970000,1846729.00000000,1684565999999,1846266.85010000,1604,918688.00000000,918504.26240000,0
1684566000000,0.99970000,0.99980000,0.99970000,0.99980000,2452354.00000000,1684569599999,2451729.78180000,1491,1114880.00000000,1114657.02400000,0
1684569600000,0.99980000,0.99980000,0.99970000,0.99980000,1709568.00000000,1684573199999,1709090.67610000,1628,355465.00000000,355393.90700000,0
1684573200000,0.99970000,0.99980000,0.99970000,0.99980000,1107940.00000000,1684576799999,1107644.33820000,1363,367202.00000000,367128.55960000,0
1684576800000,0.99980000,0.99980000,0.99970000,0.99980000,2823725.00000000,1684580399999,2822909.45920000,1475,315767.00000000,315703.84660000,0
1684580400000,0.99980000,0.99980000,0.99970000,0.99970000,2162162.00000000,1684583999999,2161556.01190000,1626,426605.00000000,426519.67900000,0
1684584000000,0.99970000,0.99980000,0.99970000,0.99970000,1827821.00000000,1684587599999,1827362.64800000,2108,899943.00000000,899763.01140000,0
1684587600000,0.99970000,0.99980000,0.99970000,0.99970000,1612925.00000000,1684591199999,1612520.57810000,1718,794556.00000000,794397.08880000,0
1684591200000,0.99970000,0.99980000,0.99970000,0.99980000,1399641.00000000,1684594799999,1399270.35070000,1782,492430.00000000,492331.51400000,0
1684594800000,0.99970000,0.99980000,0.99960000,0.99970000,7313303.00000000,1684598399999,7311129.40890000,1885,1956149.00000000,1955610.32540000,0
1684598400000,0.99970000,0.99970000,0.99960000,0.99970000,2323894.00000000,1684601999999,2323100.01870000,1257,1355763.00000000,1355356.27110000,0
1684602000000,0.99960000,0.99970000,0.99960000,0.99970000,2060929.00000000,1684605599999,2060220.36730000,2098,1157389.00000000,1157041.78330000,0
1684605600000,0.99970000,0.99970000,0.99960000,0.99970000,1159526.00000000,1684609199999,1159133.57810000,1639,713885.00000000,713670.83450000,0
1684609200000,0.99970000,0.99970000,0.99960000,0.99960000,1562438.00000000,1684612799999,1561888.11990000,1793,750951.00000000,750725.71470000,0
1684612800000,0.99970000,0.99970000,0.99960000,0.99970000,1055229.00000000,1684616399999,1054869.63520000,1404,627268.00000000,627079.81960000,0
1684616400000,0.99960000,0.99970000,0.99960000,0.99970000,982706.00000000,1684619999999,982362.35240000,1448,494348.00000000,494199.69560000,0
1684620000000,0.99970000,0.99970000,0.99960000,0.99960000,705439.00000000,1684623599999,705208.18220000,1421,513578.00000000,513423.92660000,0
1684623600000,0.99970000,0.99970000,0.99960000,0.99970000,787126.00000000,1684627199999,786852.69510000,981,415455.00000000,415330.36350000,0
1684627200000,0.99960000,0.99980000,0.99960000,0.99980000,2341105.00000000,1684630799999,2340394.46380000,1634,1850650.00000000,1850106.39990000,0
1684630800000,0.99980000,0.99980000,0.99960000,0.99970000,10770943.00000000,1684634399999,10767496.60150000,1567,600416.00000000,600257.40800000,0
1684634400000,0.99960000,0.99970000,0.99960000,0.99960000,2159242.00000000,1684637999999,2158563.35710000,861,1850539.00000000,1849983.83830000,0
1684638000000,0.99960000,0.99970000,0.99960000,0.99960000,1336784.00000000,1684641599999,1336278.98870000,999,297023.00000000,296933.89310000,0
1684641600000,0.99970000,0.99970000,0.99950000,0.99960000,22176024.00000000,1684645199999,22167122.66600000,1343,10953807.00000000,10949438.57850000,0
1684645200000,0.99960000,0.99970000,0.99960000,0.99960000,3189954.00000000,1684648799999,3188698.11930000,869,201009.00000000,200948.69730000,0
1684648800000,0.99970000,0.99970000,0.99960000,0.99970000,2641727.00000000,1684652399999,2640880.77840000,994,2104692.00000000,2104060.59240000,0
1684652400000,0.99970000,0.99970000,0.99960000,0.99960000,1212098.00000000,1684655999999,1211660.71730000,1144,475565.00000000,475422.33050000,0
1684656000000,0.99970000,0.99970000,0.99960000,0.99960000,2227304.00000000,1684659599999,2226520.32110000,1522,1072427.00000000,1072105.27190000,0
1684659600000,0.99970000,0.99970000,0.99960000,0.99970000,1515790.00000000,1684663199999,1515278.31220000,1061,946282.00000000,945998.11540000,0
1684663200000,0.99970000,0.99970000,0.99960000,0.99970000,2450471.00000000,1684666799999,2449575.23920000,1639,844276.00000000,844022.71720000,0
1684666800000,0.99970000,0.99970000,0.99950000,0.99950000,10467844.00000000,1684670399999,10463660.53650000,2400,1768703.00000000,1768058.14200000,0
1684670400000,0.99950000,0.99960000,0.99950000,0.99960000,6892661.00000000,1684673999999,6889521.31760000,1765,3066481.00000000,3065254.40760000,0
1684674000000,0.99960000,0.99960000,0.99950000,0.99960000,725257.00000000,1684677599999,724923.28050000,1000,289090.00000000,288974.36400000,0
1684677600000,0.99960000,0.99960000,0.99950000,0.99950000,1741813.00000000,1684681199999,1741044.04130000,1756,1019478.00000000,1019070.20880000,0
1684681200000,0.99950000,0.99960000,0.99950000,0.99960000,5853109.00000000,1684684799999,5850473.92350000,2861,2914780.00000000,2913614.08800000,0
1684684800000,0.99950000,0.99960000,0.99950000,0.99960000,2065996.00000000,1684688399999,2065063.61990000,2068,1006179.00000000,1005776.52840000,0
1684688400000,0.99960000,0.99960000,0.99950000,0.99950000,1187222.00000000,1684691999999,1186689.62880000,1577,612398.00000000,612153.04080000,0
1684692000000,0.99950000,0.99960000,0.99950000,0.99960000,2712731.00000000,1684695599999,2711604.91470000,1353,2302802.00000000,2301880.87920000,0
1684695600000,0.99950000,0.99970000,0.99950000,0.99970000,2548467.00000000,1684699199999,2547390.39460000,1946,1879072.00000000,1878321.57700000,0
1684699200000,0.99960000,0.99970000,0.99960000,0.99970000,1292868.00000000,1684702799999,1292416.44190000,1407,655891.00000000,655694.23270000,0
1684702800000,0.99960000,0.99970000,0.99960000,0.99960000,2461413.00000000,1684706399999,2460495.06110000,2293,666263.00000000,666063.12110000,0
1684706400000,0.99960000,0.99970000,0.99960000,0.99970000,1577210.00000000,1684709999999,1576707.75660000,1839,1286406.00000000,1286020.07820000,0
1684710000000,0.99960000,0.99980000,0.99960000,0.99980000,5289052.00000000,1684713599999,5287496.73160000,1815,3740607.00000000,3739551.02130000,0
1684713600000,0.99970000,0.99980000,0.99970000,0.99970000,5989786.00000000,1684717199999,5988217.00060000,3913,2279364.00000000,2278908.12720000,0
1684717200000,0.99970000,0.99980000,0.99970000,0.99970000,8364329.00000000,1684720799999,8362249.27320000,3435,4295719.00000000,4294859.85620000,0
1684720800000,0.99980000,0.99980000,0.99970000,0.99970000,10340112.00000000,1684724399999,10337504.39970000,3291,4944333.00000000,4943344.13340000,0
1684724400000,0.99970000,0.99980000,0.99970000,0.99970000,7483301.00000000,1684727999999,7481424.87570000,2820,3688660.00000000,3687922.26800000,0
1684728000000,0.99980000,0.99980000,0.99970000,0.99970000,4084354.00000000,1684731599999,4083234.04320000,2078,1053494.00000000,1053283.30120000,0
1684731600000,0.99980000,0.99980000,0.99970000,0.99980000,4675665.00000000,1684735199999,4674475.61430000,1894,2133138.00000000,2132711.37240000,0
1684735200000,0.99980000,0.99980000,0.99970000,0.99970000,10973637.00000000,1684738799999,10971059.76190000,3381,7148530.00000000,7147100.29400000,0
1684738800000,0.99970000,0.99980000,0.99970000,0.99970000,9516237.00000000,1684742399999,9513888.94890000,2462,5068200.00000000,5067186.36000000,0
1684742400000,0.99970000,0.99980000,0.99970000,0.99970000,7897863.00000000,1684745999999,7895866.69920000,3284,3730581.00000000,3729834.88380000,0
1684746000000,0.99980000,0.99990000,0.99970000,0.99970000,17490957.00000000,1684749599999,17487008.40580000,2570,9792739.00000000,9790790.31200000,0
1684749600000,0.99980000,0.99980000,0.99970000,0.99970000,9895632.00000000,1684753199999,9893191.32650000,3437,5280161.00000000,5279104.96780000,0
1684753200000,0.99980000,0.99990000,0.99970000,0.99980000,7358802.00000000,1684756799999,7357495.80700000,1878,2316064.00000000,2315784.76790000,0
1684756800000,0.99990000,0.99990000,0.99980000,0.99980000,9187636.00000000,1684760399999,9186313.30460000,2241,5148318.00000000,5147803.16820000,0
1684760400000,0.99980000,0.99990000,0.99960000,0.99970000,54035225.00000000,1684763999999,54020918.28040000,14773,14826558.00000000,14823218.11900000,0
1684764000000,0.99980000,0.99980000,0.99970000,0.99970000,11926873.00000000,1684767599999,11923747.80870000,4725,4528706.00000000,4527800.25880000,0
1684767600000,0.99970000,0.99980000,0.99970000,0.99970000,9930556.00000000,1684771199999,9927972.73150000,3240,3958983.00000000,3958191.20340000,0
1684771200000,0.99970000,0.99980000,0.99960000,0.99960000,7560238.00000000,1684774799999,7558095.15770000,3306,3107972.00000000,3107262.15560000,0
1684774800000,0.99960000,0.99980000,0.99960000,0.99970000,8370960.00000000,1684778399999,8368316.43620000,3838,5128185.00000000,5126711.19310000,0
1684778400000,0.99970000,0.99980000,0.99970000,0.99970000,12185631.00000000,1684781999999,12182794.71170000,3271,8194010.00000000,8192371.19800000,0
1684782000000,0.99970000,0.99990000,0.99970000,0.99990000,7612080.00000000,1684785599999,7610744.21120000,2917,3462800.00000000,3462327.78110000,0
1684785600000,0.99980000,0.99990000,0.99980000,0.99980000,4989718.00000000,1684789199999,4988896.77450000,2216,1767181.00000000,1767004.28190000,0
1684789200000,0.99980000,0.99990000,0.99980000,0.99980000,9490237.00000000,1684792799999,9488832.98020000,2357,4940276.00000000,4939781.97240000,0
1684792800000,0.99980000,0.99990000,0.99970000,0.99980000,13142185.00000000,1684796399999,13138935.07460000,1717,402604.00000000,402545.11490000,0
1684796400000,0.99970000,0.99980000,0.99970000,0.99970000,4159228.00000000,1684799999999,4158066.33480000,2078,861032.00000000,860859.79360000,0
1684800000000,0.99980000,0.99980000,0.99960000,0.99960000,13436891.00000000,1684803599999,13432694.35680000,2969,4696175.00000000,4694776.31800000,0
1684803600000,0.99970000,0.99980000,0.99960000,0.99980000,13001632.00000000,1684807199999,12998123.35260000,4272,9487931.00000000,9485570.07330000,0
1684807200000,0.99970000,0.99980000,0.99970000,0.99970000,7274661.00000000,1684810799999,7272849.05630000,2279,3704546.00000000,3703805.09080000,0
1684810800000,0.99980000,0.99990000,0.99970000,0.99980000,28261128.00000000,1684814399999,28254045.98650000,6234,11288145.00000000,11285887.71440000,0
1684814400000,0.99980000,0.99980000,0.99970000,0.99970000,7224084.00000000,1684817999999,7222193.18880000,3469,2764140.00000000,2763587.17200000,0
1684818000000,0.99980000,0.99980000,0.99970000,0.99970000,6805223.00000000,1684821599999,6803369.08270000,2781,1876496.00000000,1876120.70080000,0
1684821600000,0.99970000,0.99980000,0.99970000,0.99980000,8372438.00000000,1684825199999,8370394.24360000,4107,4679750.00000000,4678814.05000000,0
1684825200000,0.99980000,0.99980000,0.99970000,0.99970000,9340785.00000000,1684828799999,9338442.64760000,4499,4598831.00000000,4597911.23380000,0
1684828800000,0.99980000,0.99980000,0.99970000,0.99970000,9699433.00000000,1684832399999,9697002.88460000,3656,4797145.00000000,4796185.57100000,0
1684832400000,0.99980000,0.99980000,0.99970000,0.99970000,10996797.00000000,1684835999999,10994184.98970000,3688,6870288.00000000,6868913.94240000,0
1684836000000,0.99980000,0.99990000,0.99970000,0.99980000,12052210.00000000,1684839599999,12050340.92900000,2090,6672995.00000000,6672232.83900000,0
1684839600000,0.99980000,1.00000000,0.99980000,1.00000000,24126145.00000000,1684843199999,24123786.07120000,2248,13971139.00000000,13970074.94730000,0
1684843200000,1.00000000,1.00000000,0.99980000,0.99980000,9856383.00000000,1684846799999,9855101.13980000,2792,5317049.00000000,5316527.35760000,0
1684846800000,0.99990000,0.99990000,0.99980000,0.99980000,9869039.00000000,1684850399999,9867698.24030000,4601,6330481.00000000,6329847.95190000,0
1684850400000,0.99990000,1.00000000,0.99980000,1.00000000,19680254.00000000,1684853999999,19678080.08250000,2943,13448587.00000000,13447392.74150000,0
1684854000000,1.00000000,1.00000000,0.99980000,0.99990000,17062056.00000000,1684857599999,17059972.09880000,2379,4495991.00000000,4495601.58730000,0
1684857600000,1.00000000,1.00000000,0.99980000,0.99980000,6238963.00000000,1684861199999,6237912.21590000,1862,1175989.00000000,1175871.62190000,0
1684861200000,0.99990000,0.99990000,0.99980000,0.99980000,6040737.00000000,1684864799999,6039757.35340000,2097,2285008.00000000,2284779.49920000,0
1684864800000,0.99990000,0.99990000,0.99980000,0.99980000,5119232.00000000,1684868399999,5118409.89130000,2867,2017377.00000000,2017175.26230000,0
1684868400000,0.99980000,0.99990000,0.99980000,0.99980000,3861185.00000000,1684871999999,3860530.35890000,2376,1175959.00000000,1175841.40410000,0
1684872000000,0.99990000,0.99990000,0.99980000,0.99980000,4276112.00000000,1684875599999,4275417.28820000,2009,1605106.00000000,1604945.48940000,0
1684875600000,0.99990000,0.99990000,0.99980000,0.99990000,3350159.00000000,1684879199999,3349607.34190000,1187,1183737.00000000,1183618.62630000,0
1684879200000,0.99990000,0.99990000,0.99980000,0.99980000,6808827.00000000,1684882799999,6807817.63020000,1502,3523956.00000000,3523603.60440000,0
1684882800000,0.99990000,0.99990000,0.99980000,0.99980000,4348165.00000000,1684886399999,4347336.63190000,983,412649.00000000,412607.73510000,0
1684886400000,0.99990000,0.99990000,0.99980000,0.99990000,1147919.00000000,1684889999999,1147714.81400000,1562,253978.00000000,253952.60220000,0
1684890000000,0.99990000,0.99990000,0.99980000,0.99990000,4919368.00000000,1684893599999,4918709.47650000,1318,3253501.00000000,3253175.64990000,0
1684893600000,0.99980000,0.99990000,0.99980000,0.99980000,6921482.00000000,1684897199999,6920377.05800000,972,2793544.00000000,2793264.64560000,0
1684897200000,0.99980000,0.99990000,0.99970000,0.99980000,12046047.00000000,1684900799999,12043669.73910000,3310,1373908.00000000,1373747.13860000,0
1684900800000,0.99980000,0.99980000,0.99970000,0.99980000,6540143.00000000,1684904399999,6538729.48160000,2454,5485245.00000000,5484147.95100000,0
1684904400000,0.99980000,0.99990000,0.99970000,0.99990000,5162263.00000000,1684907999999,5161022.99370000,1377,2379933.00000000,2379493.86320000,0
1684908000000,0.99990000,0.99990000,0.99980000,0.99990000,3993318.00000000,1684911599999,3992713.79200000,2091,1944556.00000000,1944361.54440000,0
1684911600000,0.99990000,0.99990000,0.99980000,0.99980000,7117180.00000000,1684915199999,7115956.24070000,1924,1996767.00000000,1996567.32330000,0
1684915200000,0.99990000,0.99990000,0.99980000,0.99990000,2310962.00000000,1684918799999,2310619.09150000,1436,1192839.00000000,1192719.71610000,0
1684918800000,0.99990000,0.99990000,0.99980000,0.99990000,6516909.00000000,1684922399999,6515965.79120000,1943,3601730.00000000,3601369.82700000,0
1684922400000,0.99990000,1.00000000,0.99980000,0.99990000,9960762.00000000,1684925999999,9959714.07570000,1902,5511707.00000000,5511290.05830000,0
1684926000000,0.99990000,1.00000000,0.99980000,0.99990000,6723199.00000000,1684929599999,6722724.45670000,2766,2561164.00000000,2561127.45730000,0
1684929600000,0.99990000,0.99990000,0.99980000,0.99980000,5208188.00000000,1684933199999,5207484.76330000,2415,3384009.00000000,3383670.59910000,0
1684933200000,0.99980000,0.99990000,0.99980000,0.99980000,8046710.00000000,1684936799999,8045563.32020000,3233,4626622.00000000,4626159.33780000,0
1684936800000,0.99980000,1.00000000,0.99980000,0.99990000,16156456.00000000,1684940399999,16154637.06220000,3732,11207577.00000000,11206500.72940000,0
1684940400000,1.00000000,1.00010000,0.99990000,1.00000000,40938078.00000000,1684943999999,40937954.60630000,3959,27817006.00000000,27817110.28000000,0
1684944000000,1.00000000,1.00000000,0.99990000,1.00000000,9684677.00000000,1684947599999,9684174.48230000,2375,4659500.00000000,4659500.00000000,0
1684947600000,1.00000000,1.00010000,0.99990000,1.00000000,16529239.00000000,1684951199999,16529121.50560000,2128,12340902.00000000,12341017.41310000,0
1684951200000,1.00010000,1.00010000,0.99990000,1.00010000,16050778.00000000,1684954799999,16051355.40530000,2010,7612345.00000000,7612922.57540000,0
1684954800000,1.00010000,1.00010000,1.00000000,1.00000000,4526072.00000000,1684958399999,4526350.97710000,2499,2789771.00000000,2790049.97710000,0
1684958400000,1.00000000,1.00010000,1.00000000,1.00000000,3666035.00000000,1684961999999,3666270.10630000,2710,2351063.00000000,2351298.10630000,0
1684962000000,1.00000000,1.00010000,0.99990000,1.00010000,12917197.00000000,1684965599999,12917374.80620000,1920,3747215.00000000,3747407.91380000,0
1684965600000,1.00010000,1.00010000,1.00000000,1.00000000,5282279.00000000,1684969199999,5282764.95870000,1205,4859587.00000000,4860072.95870000,0
1684969200000,1.00010000,1.00010000,1.00000000,1.00000000,1038795.00000000,1684972799999,1038817.19120000,1062,221912.00000000,221934.19120000,0
1684972800000,1.00010000,1.00010000,1.00000000,1.00000000,2709999.00000000,1684976399999,2710121.47680000,2025,1224768.00000000,1224890.47680000,0
1684976400000,1.00000000,1.00010000,0.99990000,1.00000000,14135055.00000000,1684979999999,14135309.72060000,3450,6809163.00000000,6809451.99850000,0
1684980000000,1.00010000,1.00010000,1.00000000,1.00010000,2069576.00000000,1684983599999,2069684.33190000,1276,1083319.00000000,1083427.33190000,0
1684983600000,1.00010000,1.00010000,1.00000000,1.00000000,4910537.00000000,1684987199999,4910840.06620000,2094,3030662.00000000,3030965.06620000,0
1684987200000,1.00000000,1.00010000,1.00000000,1.00000000,1556247.00000000,1684990799999,1556289.90040000,1495,429004.00000000,429046.90040000,0
1684990800000,1.00010000,1.00010000,1.00000000,1.00010000,2105210.00000000,1684994399999,2105354.15760000,1400,1441576.00000000,1441720.15760000,0
1684994400000,1.00000000,1.00010000,1.00000000,1.00010000,3777974.00000000,1684997999999,3778134.53530000,1479,1605353.00000000,1605513.53530000,0
1684998000000,1.00010000,1.00010000,1.00000000,1.00010000,4273830.00000000,1685001599999,4274102.47930000,1514,2724793.00000000,2725065.47930000,0
1685001600000,1.00000000,1.00010000,1.00000000,1.00000000,12256422.00000000,1685005199999,12256552.70080000,1452,1307008.00000000,1307138.70080000,0
1685005200000,1.00000000,1.00010000,1.00000000,1.00010000,2239000.00000000,1685008799999,2239113.84700000,1151,1138470.00000000,1138583.84700000,0
1685008800000,1.00010000,1.00010000,1.00000000,1.00010000,2819032.00000000,1685012399999,2819124.49560000,1441,924956.00000000,925048.49560000,0
1685012400000,1.00010000,1.00010000,1.00000000,1.00010000,5817590.00000000,1685015999999,5817907.89750000,1582,3178975.00000000,3179292.89750000,0
1685016000000,1.00010000,1.00010000,1.00000000,1.00000000,48254910.00000000,1685019599999,48255819.53290000,2898,9095329.00000000,9096238.53290000,0
1685019600000,1.00010000,1.00010000,1.00000000,1.00010000,4246020.00000000,1685023199999,4246150.66680000,2110,1306668.00000000,1306798.66680000,0
1685023200000,1.00000000,1.00010000,1.00000000,1.00010000,4584802.00000000,1685026799999,4585081.05620000,2214,2790562.00000000,2790841.05620000,0
1685026800000,1.00010000,1.00010000,1.00000000,1.00000000,5708625.00000000,1685030399999,5708916.90250000,2443,2919025.00000000,2919316.90250000,0
1685030400000,1.00010000,1.00010000,1.00000000,1.00010000,2428428.00000000,1685033999999,2428514.73980000,1766,867398.00000000,867484.73980000,0
1685034000000,1.00010000,1.00010000,1.00000000,1.00000000,3332412.00000000,1685037599999,3332567.41780000,2081,1554178.00000000,1554333.41780000,0
1685037600000,1.00010000,1.00010000,1.00000000,1.00000000,2504290.00000000,1685041199999,2504470.18310000,1413,1801831.00000000,1802011.18310000,0
1685041200000,1.00010000,1.00010000,1.00000000,1.00000000,10190746.00000000,1685044799999,10191528.19850000,2323,7821985.00000000,7822767.19850000,0
1685044800000,1.00000000,1.00010000,1.00000000,1.00010000,5189244.00000000,1685048399999,5189469.04020000,1547,2250402.00000000,2250627.04020000,0
1685048400000,1.00000000,1.00010000,1.00000000,1.00010000,1851054.00000000,1685051999999,1851109.81530000,1466,558153.00000000,558208.81530000,0
1685052000000,1.00000000,1.00010000,0.99990000,0.99990000,3342878.00000000,1685055599999,3342912.69830000,1240,371451.00000000,371486.18980000,0
1685055600000,0.99990000,1.00000000,0.99990000,1.00000000,1873519.00000000,1685059199999,1873393.86040000,1188,622123.00000000,622123.00000000,0
1685059200000,0.99990000,1.00000000,0.99990000,0.99990000,2775900.00000000,1685062799999,2775713.35840000,1441,909484.00000000,909484.00000000,0
1685062800000,0.99990000,1.00000000,0.99990000,0.99990000,8090526.00000000,1685066399999,8089804.63060000,1911,876832.00000000,876832.00000000,0
1685066400000,0.99990000,1.00000000,0.99990000,1.00000000,4094645.00000000,1685069999999,4094345.62960000,1058,1100941.00000000,1100941.00000000,0
1685070000000,1.00000000,1.00010000,0.99980000,0.99990000,28703682.00000000,1685073599999,28702634.56140000,1557,17508549.00000000,17508264.81030000,0
1685073600000,1.00000000,1.00000000,0.99990000,0.99990000,8411407.00000000,1685077199999,8410881.40800000,1125,3155487.00000000,3155487.00000000,0
1685077200000,0.99990000,1.00000000,0.99990000,0.99990000,3966058.00000000,1685080799999,3965764.13700000,1394,1027428.00000000,1027428.00000000,0
1685080800000,1.00000000,1.00000000,0.99990000,0.99990000,5859534.00000000,1685084399999,5859040.52480000,1556,924782.00000000,924782.00000000,0
1685084400000,0.99990000,1.00010000,0.99990000,1.00000000,16758754.00000000,1685087999999,16758721.42860000,2044,11406591.00000000,11406705.95390000,0
1685088000000,1.00000000,1.00010000,0.99990000,0.99990000,9835338.00000000,1685091599999,9834689.12340000,1726,1025473.00000000,1025499.55800000,0
1685091600000,0.99990000,1.00000000,0.99980000,0.99980000,11525373.00000000,1685095199999,11524434.38090000,1434,2317604.00000000,2317596.36660000,0
1685095200000,0.99990000,0.99990000,0.99980000,0.99980000,4545455.00000000,1685098799999,4544770.13750000,1466,2242285.00000000,2242060.77150000,0
1685098800000,0.99980000,0.99990000,0.99980000,0.99980000,5407600.00000000,1685102399999,5406763.04210000,1893,2445621.00000000,2445376.43790000,0
1685102400000,0.99980000,0.99990000,0.99980000,0.99980000,14044546.00000000,1685105999999,14042047.52960000,2756,3104388.00000000,3104077.56120000,0
1685106000000,0.99980000,0.99990000,0.99970000,0.99980000,25996919.00000000,1685109599999,25992053.17000000,3682,7946560.00000000,7945362.13990000,0
1685109600000,0.99980000,0.99990000,0.99980000,0.99980000,8886819.00000000,1685113199999,8885481.43690000,3166,4398007.00000000,4397567.19930000,0
1685113200000,0.99990000,0.99990000,0.99980000,0.99980000,8331217.00000000,1685116799999,8329782.16270000,2481,2314061.00000000,2313829.59390000,0
1685116800000,0.99980000,0.99990000,0.99970000,0.99980000,10051402.00000000,1685120399999,10049347.95070000,1987,3051324.00000000,3050733.60900000,0
1685120400000,0.99970000,0.99980000,0.99970000,0.99980000,6133283.00000000,1685123999999,6131764.58310000,1988,3215680.00000000,3215036.86400000,0
1685124000000,0.99980000,0.99980000,0.99970000,0.99970000,5252255.00000000,1685127599999,5250980.33610000,1753,3010126.00000000,3009523.97480000,0
1685127600000,0.99980000,0.99980000,0.99970000,0.99970000,5762676.00000000,1685131199999,5761297.89540000,1440,3506982.00000000,3506280.60360000,0
1685131200000,0.99970000,0.99980000,0.99970000,0.99970000,3802040.00000000,1685134799999,3800968.43350000,1416,690455.00000000,690316.90900000,0
1685134800000,0.99980000,0.99980000,0.99970000,0.99970000,3037884.00000000,1685138399999,3037032.49270000,1152,598579.00000000,598459.28420000,0
1685138400000,0.99970000,0.99980000,0.99960000,0.99960000,5038107.00000000,1685141999999,5036636.66090000,1408,957269.00000000,957022.92720000,0
1685142000000,0.99960000,0.99980000,0.99960000,0.99980000,9802159.00000000,1685145599999,9799714.22750000,1202,7822700.00000000,7820853.39090000,0
1685145600000,0.99970000,0.99980000,0.99970000,0.99980000,2566830.00000000,1685149199999,2566092.45170000,1339,325007.00000000,324941.99860000,0
1685149200000,0.99980000,0.99980000,0.99970000,0.99980000,3327184.00000000,1685152799999,3326428.93660000,1135,2430918.00000000,2430431.81640000,0
1685152800000,0.99980000,0.99980000,0.99970000,0.99980000,2878022.00000000,1685156399999,2877339.17570000,1103,1805823.00000000,1805461.83540000,0
1685156400000,0.99970000,0.99980000,0.99970000,0.99980000,2179546.00000000,1685159999999,2179043.08280000,1032,1509466.00000000,1509164.10680000,0
1685160000000,0.99970000,0.99980000,0.99970000,0.99980000,1628709.00000000,1685163599999,1628313.96860000,1062,935813.00000000,935625.83740000,0
1685163600000,0.99970000,0.99980000,0.99970000,0.99970000,1442628.00000000,1685167199999,1442223.05150000,1230,278399.00000000,278343.32020000,0
1685167200000,0.99980000,0.99980000,0.99970000,0.99980000,3153644.00000000,1685170799999,3152904.88460000,1375,2069778.00000000,2069364.04440000,0
1685170800000,0.99980000,0.99980000,0.99970000,0.99970000,4911050.00000000,1685174399999,4909919.47810000,1241,3427931.00000000,3427245.41380000,0
1685174400000,0.99980000,0.99980000,0.99970000,0.99970000,1940058.00000000,1685177999999,1939548.61380000,1322,726312.00000000,726166.73760000,0
1685178000000,0.99970000,0.99980000,0.99970000,0.99970000,2483475.00000000,1685181599999,2482903.55840000,1097,1736009.00000000,1735661.79820000,0
1685181600000,0.99980000,0.99980000,0.99970000,0.99980000,2923077.00000000,1685185199999,2922313.70770000,908,1136308.00000000,1136080.73840000,0
1685185200000,0.99980000,0.99980000,0.99970000,0.99970000,10458331.00000000,1685188799999,10455376.45580000,1075,1829551.00000000,1829185.08980000,0
1685188800000,0.99970000,0.99980000,0.99970000,0.99980000,1638207.00000000,1685192399999,1637838.38340000,1063,1228455.00000000,1228209.30900000,0
1685192400000,0.99970000,0.99980000,0.99970000,0.99970000,4945825.00000000,1685195999999,4944617.51170000,1598,2762592.00000000,2762039.48160000,0
1685196000000,0.99970000,0.99980000,0.99970000,0.99980000,7933321.00000000,1685199599999,7931391.24200000,1496,4502383.00000000,4501482.52340000,0
1685199600000,0.99980000,0.99980000,0.99970000,0.99970000,2122234.00000000,1685203199999,2121616.33970000,1121,190099.00000000,190060.98020000,0
1685203200000,0.99980000,0.99980000,0.99970000,0.99980000,4361549.00000000,1685206799999,4360501.79030000,1534,2612550.00000000,2612027.49000000,0
1685206800000,0.99980000,0.99980000,0.99970000,0.99980000,1410287.00000000,1685210399999,1409974.48770000,1235,1105738.00000000,1105516.85240000,0
1685210400000,0.99970000,0.99980000,0.99970000,0.99980000,3936378.00000000,1685213999999,3935298.62440000,1381,1015378.00000000,1015174.92440000,0
1685214000000,0.99980000,0.99980000,0.99970000,0.99970000,1342691.00000000,1685217599999,1342325.55330000,1106,373606.00000000,373531.27880000,0
1685217600000,0.99970000,0.99980000,0.99970000,0.99970000,1485984.00000000,1685221199999,1485621.20090000,1046,829961.00000000,829795.00780000,0
1685221200000,0.99970000,0.99980000,0.99970000,0.99980000,1238560.00000000,1685224799999,1238264.64830000,1212,762163.00000000,762010.56740000,0
1685224800000,0.99980000,0.99980000,0.99970000,0.99980000,4678324.00000000,1685228399999,4677117.30770000,1557,1968049.00000000,1967655.39020000,0
1685228400000,0.99980000,0.99980000,0.99970000,0.99970000,4040154.00000000,1685231999999,4039303.28590000,852,3613321.00000000,3612598.33580000,0
1685232000000,0.99970000,0.99990000,0.99970000,0.99970000,22320879.00000000,1685235599999,22315852.18110000,3039,13356618.00000000,13353946.84650000,0
1685235600000,0.99980000,1.00010000,0.99970000,0.99990000,27934684.00000000,1685239199999,27931767.85630000,3123,15116819.00000000,15115324.10490000,0
1685239200000,0.99980000,0.99990000,0.99980000,0.99980000,3299537.00000000,1685242799999,3298926.16460000,1024,490720.00000000,490670.92800000,0
1685242800000,0.99980000,0.99990000,0.99980000,0.99990000,5482858.00000000,1685246399999,5481963.76480000,1236,2023364.00000000,2023161.66360000,0
1685246400000,0.99980000,0.99990000,0.99980000,0.99980000,8140517.00000000,1685249999999,8139389.89840000,1428,5010018.00000000,5009516.99820000,0
1685250000000,0.99990000,0.99990000,0.99980000,0.99990000,2334934.00000000,1685253599999,2334534.36260000,868,673494.00000000,673426.65060000,0
1685253600000,0.99990000,0.99990000,0.99980000,0.99990000,4288141.00000000,1685257199999,4287327.25540000,947,438836.00000000,438792.11640000,0
1685257200000,0.99980000,0.99990000,0.99980000,0.99980000,3263526.00000000,1685260799999,3263021.34750000,847,1480527.00000000,1480378.94730000,0
1685260800000,0.99990000,0.99990000,0.99980000,0.99980000,7611602.00000000,1685264399999,7610534.47780000,1384,4547982.00000000,4547527.20180000,0
1685264400000,0.99990000,0.99990000,0.99980000,0.99990000,2563474.00000000,1685267999999,2563145.56800000,936,1842628.00000000,1842443.73720000,0
1685268000000,0.99980000,0.99990000,0.99980000,0.99990000,2006910.00000000,1685271599999,2006634.34770000,1595,1257297.00000000,1257171.27030000,0
1685271600000,0.99980000,0.99990000,0.99980000,0.99980000,5293322.00000000,1685275199999,5292572.81570000,1859,3094801.00000000,3094491.51990000,0
1685275200000,0.99990000,0.99990000,0.99980000,0.99990000,2666198.00000000,1685278799999,2665725.27880000,1206,605184.00000000,605123.48160000,0
1685278800000,0.99990000,0.99990000,0.99980000,0.99980000,1498637.00000000,1685282399999,1498432.58320000,1209,953106.00000000,953010.68940000,0
1685282400000,0.99990000,0.99990000,0.99980000,0.99990000,1083422.00000000,1685285999999,1083271.30430000,1266,659887.00000000,659821.01130000,0
1685286000000,0.99990000,0.99990000,0.99980000,0.99980000,5261583.00000000,1685289599999,5260745.55170000,1428,2148683.00000000,2148468.13170000,0
1685289600000,0.99990000,0.99990000,0.99980000,0.99990000,5302755.00000000,1685293199999,5302058.65420000,1816,3642052.00000000,3641687.79480000,0
1685293200000,0.99990000,0.99990000,0.99980000,0.99990000,5150454.00000000,1685296799999,5149806.06650000,1585,3821573.00000000,3821190.84270000,0
1685296800000,0.99980000,1.00000000,0.99980000,0.99980000,10056731.00000000,1685300399999,10055389.98800000,2434,4584602.00000000,4584144.63580000,0
1685300400000,0.99980000,0.99990000,0.99980000,0.99990000,6972093.00000000,1685303999999,6970895.54050000,1950,1969591.00000000,1969394.04090000,0
1685304000000,0.99990000,0.99990000,0.99980000,0.99990000,3579549.00000000,1685307599999,3578904.96230000,1157,718721.00000000,718649.12790000,0
1685307600000,0.99990000,0.99990000,0.99980000,0.99990000,7616022.00000000,1685311199999,7614976.12080000,2069,4773252.00000000,4772774.67480000,0
1685311200000,0.99990000,1.00010000,0.99980000,0.99990000,24158335.00000000,1685314799999,24157037.65220000,4540,17350427.00000000,17349764.21880000,0
1685314800000,1.00000000,1.00000000,0.99980000,0.99990000,11062122.00000000,1685318399999,11061228.96090000,2117,5400545.00000000,5400255.85200000,0
1685318400000,0.99990000,1.00000000,0.99980000,0.99980000,15539911.00000000,1685321999999,15537727.93760000,3372,7408529.00000000,7407789.18140000,0
1685322000000,0.99980000,0.99990000,0.99980000,0.99980000,5984708.00000000,1685325599999,5983723.48210000,1893,2124237.00000000,2124024.57630000,0
1685325600000,0.99990000,1.00000000,0.99980000,0.99990000,20437972.00000000,1685329199999,20435417.77770000,2232,11962122.00000000,11960927.66440000,0
1685329200000,0.99990000,0.99990000,0.99980000,0.99980000,8364278.00000000,1685332799999,8362733.08510000,1796,1279407.00000000,1279279.05930000,0
1685332800000,0.99990000,0.99990000,0.99970000,0.99970000,12200212.00000000,1685336399999,12197534.34160000,2594,3404121.00000000,3403472.33850000,0
1685336400000,0.99980000,0.99980000,0.99970000,0.99980000,5326892.00000000,1685339999999,5325578.41340000,1369,2844810.00000000,2844241.03800000,0
1685340000000,0.99980000,0.99980000,0.99970000,0.99970000,6302623.00000000,1685343599999,6301058.27950000,1611,3260664.00000000,3260011.86720000,0
1685343600000,0.99980000,0.99980000,0.99970000,0.99970000,23492620.00000000,1685347199999,23486724.56040000,1853,11523464.00000000,11521159.30720000,0
1685347200000,0.99970000,0.99980000,0.99960000,0.99970000,25729629.00000000,1685350799999,25721920.45220000,1676,11327684.00000000,11324604.17570000,0
1685350800000,0.99970000,0.99980000,0.99970000,0.99970000,14522916.00000000,1685354399999,14519702.65180000,1641,11435266.00000000,11432978.94680000,0
1685354400000,0.99980000,0.99980000,0.99970000,0.99970000,6926079.00000000,1685357999999,6924242.79520000,1693,2416189.00000000,2415705.76220000,0
1685358000000,0.99970000,0.99980000,0.99970000,0.99970000,5869331.00000000,1685361599999,5867888.90930000,1930,3187086.00000000,3186448.58280000,0
1685361600000,0.99970000,0.99980000,0.99970000,0.99970000,9782353.00000000,1685365199999,9779688.51470000,2229,2702206.00000000,2701665.55880000,0
1685365200000,0.99970000,0.99980000,0.99970000,0.99970000,5798222.00000000,1685368799999,5796719.38270000,1823,2368493.00000000,2368019.30140000,0
1685368800000,0.99980000,0.99980000,0.99970000,0.99970000,12430953.00000000,1685372399999,12427765.94640000,2186,5422323.00000000,5421238.53540000,0
1685372400000,0.99980000,0.99980000,0.99970000,0.99970000,10859603.00000000,1685375999999,10856771.74470000,2174,4266256.00000000,4265402.74880000,0
1685376000000,0.99970000,0.99980000,0.99970000,0.99970000,11445877.00000000,1685379599999,11442811.37610000,2377,3681392.00000000,3680655.72160000,0
1685379600000,0.99970000,0.99980000,0.99970000,0.99970000,8290869.00000000,1685383199999,8288874.74900000,1997,4930097.00000000,4929110.98060000,0
1685383200000,0.99980000,0.99980000,0.99970000,0.99970000,4526698.00000000,1685386799999,4525493.45270000,1550,1534621.00000000,1534314.07580000,0
1685386800000,0.99980000,0.99980000,0.99970000,0.99970000,4327104.00000000,1685390399999,4325913.97370000,1668,1081049.00000000,1080832.79020000,0
1685390400000,0.99980000,0.99980000,0.99970000,0.99970000,3671061.00000000,1685393999999,3670005.39520000,1326,457135.00000000,457043.57300000,0
1685394000000,0.99980000,0.99980000,0.99960000,0.99960000,5090118.00000000,1685397599999,5088526.03970000,1284,1469535.00000000,1469166.32040000,0
1685397600000,0.99970000,0.99970000,0.99960000,0.99970000,4258348.00000000,1685401199999,4256801.93820000,1526,1572774.00000000,1572302.16780000,0
1685401200000,0.99960000,0.99970000,0.99960000,0.99970000,5251492.00000000,1685404799999,5249699.74110000,1512,3083379.00000000,3082453.98630000,0
1685404800000,0.99960000,0.99970000,0.99960000,0.99960000,7812800.00000000,1685408399999,7809800.37880000,2103,1254988.00000000,1254611.50360000,0
1685408400000,0.99960000,0.99970000,0.99960000,0.99960000,12421484.00000000,1685411999999,12416855.14630000,1622,3397399.00000000,3396379.78030000,0
1685412000000,0.99960000,0.99970000,0.99960000,0.99970000,9812375.00000000,1685415599999,9808813.53900000,1308,3634890.00000000,3633799.53300000,0
1685415600000,0.99970000,0.99970000,0.99960000,0.99960000,9626491.00000000,1685419199999,9623047.68880000,1450,4072852.00000000,4071630.14440000,0
1685419200000,0.99970000,0.99970000,0.99960000,0.99960000,5692005.00000000,1685422799999,5689879.81350000,1431,1516155.00000000,1515700.15350000,0
1685422800000,0.99960000,0.99970000,0.99960000,0.99960000,10239971.00000000,1685426399999,10236425.49220000,1698,5504806.00000000,5503154.55820000,0
1685426400000,0.99970000,0.99970000,0.99960000,0.99960000,5306094.00000000,1685429999999,5304191.14060000,1166,2195782.00000000,2195123.26540000,0
1685430000000,0.99970000,0.99970000,0.99960000,0.99960000,11816795.00000000,1685433599999,11812839.31670000,1328,7710347.00000000,7708033.89590000,0
1685433600000,0.99960000,0.99980000,0.99960000,0.99970000,20658069.00000000,1685437199999,20651243.11120000,1465,12881087.00000000,12877290.37000000,0
1685437200000,0.99980000,0.99980000,0.99970000,0.99980000,6107255.00000000,1685440799999,6105720.07760000,1740,2972541.00000000,2971946.49180000,0
1685440800000,0.99980000,0.99980000,0.99970000,0.99980000,14085605.00000000,1685444399999,14082367.47140000,2163,9881529.00000000,9879552.69420000,0
1685444400000,0.99970000,0.99980000,0.99970000,0.99970000,9474929.00000000,1685447999999,9472180.36370000,2068,938424.00000000,938236.31520000,0
1685448000000,0.99980000,0.99980000,0.99960000,0.99960000,20374783.00000000,1685451599999,20368733.51620000,3630,6869361.00000000,6867564.68520000,0
1685451600000,0.99960000,0.99970000,0.99960000,0.99960000,20783554.00000000,1685455199999,20775734.10590000,3119,4935275.00000000,4933794.41750000,0
1685455200000,0.99960000,0.99970000,0.99950000,0.99960000,19644023.00000000,1685458799999,19636625.82020000,2744,8106673.00000000,8103955.44510000,0
1685458800000,0.99960000,0.99970000,0.99950000,0.99960000,21064420.00000000,1685462399999,21056206.17110000,2432,4036767.00000000,4035383.90830000,0
1685462400000,0.99960000,0.99980000,0.99960000,0.99970000,17167839.00000000,1685465999999,17162259.95440000,2690,12388160.00000000,12384465.40740000,0
1685466000000,0.99970000,0.99980000,0.99970000,0.99970000,8568667.00000000,1685469599999,8566500.58780000,2168,4041879.00000000,4041070.62420000,0
1685469600000,0.99970000,0.99980000,0.99970000,0.99970000,6858720.00000000,1685473199999,6857057.20230000,1766,3948183.00000000,3947393.36340000,0
1685473200000,0.99970000,0.99980000,0.99970000,0.99970000,4878328.00000000,1685476799999,4877030.63960000,1730,1661380.00000000,1661047.72400000,0
1685476800000,0.99970000,0.99980000,0.99970000,0.99970000,9357643.00000000,1685480399999,9355256.38540000,1579,4206783.00000000,4205941.64340000,0
1685480400000,0.99970000,0.99980000,0.99970000,0.99970000,5443961.00000000,1685483999999,5442512.47700000,2073,1846653.00000000,1846283.66940000,0
1685484000000,0.99970000,0.99980000,0.99970000,0.99980000,4921332.00000000,1685487599999,4920027.07450000,1384,1714741.00000000,1714398.05180000,0
1685487600000,0.99970000,0.99980000,0.99970000,0.99970000,5318037.00000000,1685491199999,5316575.36130000,1298,1337724.00000000,1337456.45520000,0
1685491200000,0.99970000,0.99980000,0.99970000,0.99970000,1659970.00000000,1685494799999,1659543.82900000,2295,718200.00000000,718056.36000000,0
1685494800000,0.99970000,0.99980000,0.99970000,0.99980000,6919848.00000000,1685498399999,6918202.14230000,2687,4300967.00000000,4300106.80660000,0
1685498400000,0.99980000,0.99980000,0.99960000,0.99970000,25874728.00000000,1685501999999,25867145.01570000,2034,10723442.00000000,10720568.55280000,0
1685502000000,0.99970000,0.99980000,0.99960000,0.99980000,13515817.00000000,1685505599999,13511968.52520000,1188,10912305.00000000,10909326.46750000,0
1685505600000,0.99980000,0.99980000,0.99970000,0.99970000,15082337.00000000,1685509199999,15078415.31740000,2465,6030185.00000000,6028978.96300000,0
1685509200000,0.99970000,0.99980000,0.99960000,0.99970000,18459545.00000000,1685512799999,18453235.40880000,3186,3664775.00000000,3663696.89930000,0
1685512800000,0.99960000,0.99970000,0.99960000,0.99960000,7772523.00000000,1685516399999,7769683.15850000,1809,2691677.00000000,2690869.49690000,0
1685516400000,0.99960000,0.99970000,0.99960000,0.99970000,7871530.00000000,1685519999999,7868949.08550000,1567,5676975.00000000,5675271.90750000,0
1685520000000,0.99960000,0.99970000,0.99960000,0.99970000,8215105.00000000,1685523599999,8212335.89990000,1909,5169419.00000000,5167868.17430000,0
1685523600000,0.99970000,0.99970000,0.99960000,0.99970000,6559639.00000000,1685527199999,6557200.16260000,2901,1850182.00000000,1849626.94540000,0
1685527200000,0.99970000,0.99970000,0.99960000,0.99960000,6555039.00000000,1685530799999,6552677.56980000,2263,2605854.00000000,2605072.24380000,0
1685530800000,0.99970000,0.99970000,0.99960000,0.99960000,6253475.00000000,1685534399999,6251237.98190000,2554,2643719.00000000,2642925.88430000,0
1685534400000,0.99970000,0.99980000,0.99960000,0.99980000,20423125.00000000,1685537999999,20416410.25260000,2918,14480968.00000000,14476623.83920000,0
1685538000000,0.99980000,0.99980000,0.99970000,0.99970000,7503354.00000000,1685541599999,7501608.90520000,2214,5059114.00000000,5058102.17720000,0
1685541600000,0.99970000,0.99980000,0.99970000,0.99970000,15364163.00000000,1685545199999,15360124.68420000,4392,5709331.00000000,5708189.13380000,0
1685545200000,0.99980000,0.99980000,0.99970000,0.99970000,18466077.00000000,1685548799999,18461392.52760000,2548,8553507.00000000,8551796.29860000,0
1685548800000,0.99970000,0.99990000,0.99970000,0.99980000,14975360.00000000,1685552399999,14972315.10700000,2199,9639914.00000000,9638061.70750000,0
1685552400000,0.99980000,0.99990000,0.99980000,0.99990000,6575557.00000000,1685555999999,6574586.91010000,1745,3450215.00000000,3449869.97850000,0
1685556000000,0.99980000,0.99990000,0.99980000,0.99990000,6560313.00000000,1685559599999,6559490.94130000,1430,4900039.00000000,4899548.99610000,0
1685559600000,0.99980000,1.00000000,0.99980000,0.99980000,26220645.00000000,1685563199999,26217987.18680000,2163,10140911.00000000,10140032.64030000,0
1685563200000,0.99990000,0.99990000,0.99980000,0.99980000,3342525.00000000,1685566799999,3342105.99930000,1525,2495043.00000000,2494793.49570000,0
1685566800000,0.99980000,0.99990000,0.99980000,0.99990000,2927829.00000000,1685570399999,2927307.66270000,1412,642285.00000000,642220.77150000,0
1685570400000,0.99980000,0.99990000,0.99980000,0.99990000,2801086.00000000,1685573999999,2800658.03430000,2382,1322515.00000000,1322382.74850000,0
1685574000000,0.99990000,0.99990000,0.99980000,0.99990000,3902707.00000000,1685577599999,3902222.99580000,1488,2965372.00000000,2965075.46280000,0
