1640995200000,0.99990000,1.00000000,0.99990000,0.99990000,2373259.00000000,1640998799999,2373169.57580000,1080,1479017.00000000,1479017.00000000,0
1640998800000,0.99990000,1.00000000,0.99990000,0.99990000,4955001.00000000,1641002399999,4954635.91940000,1502,1304195.00000000,1304195.00000000,0
1641002400000,0.99990000,1.00000000,0.99990000,0.99990000,1720917.00000000,1641005999999,1720819.38110000,843,744728.00000000,744728.00000000,0
1641006000000,1.00000000,1.00000000,0.99990000,0.99990000,3142564.00000000,1641009599999,3142294.48060000,769,447370.00000000,447370.00000000,0
1641009600000,0.99990000,1.00000000,0.99990000,0.99990000,957481.00000000,1641013199999,957451.76090000,905,665090.00000000,665090.00000000,0
1641013200000,1.00000000,1.00000000,0.99990000,1.00000000,1795140.00000000,1641016799999,1795046.61130000,901,861253.00000000,861253.00000000,0
1641016800000,0.99990000,1.00000000,0.99990000,0.99990000,1163222.00000000,1641020399999,1163177.74560000,796,720678.00000000,720678.00000000,0
1641020400000,1.00000000,1.00000000,0.99990000,1.00000000,591195.00000000,1641023999999,591164.17120000,762,282907.00000000,282907.00000000,0
1641024000000,0.99990000,1.00000000,0.99990000,0.99990000,1131459.00000000,1641027599999,1131407.81060000,807,619565.00000000,619565.00000000,0
1641027600000,1.00000000,1.00000000,0.99990000,0.99990000,1699962.00000000,1641031199999,1699854.95940000,1030,629556.00000000,629556.00000000,0
1641031200000,0.99990000,1.00000000,0.99990000,0.99990000,2201333.00000000,1641034799999,2201256.27480000,1072,1434081.00000000,1434081.00000000,0
1641034800000,0.99990000,1.00000000,0.99990000,1.00000000,1355921.00000000,1641038399999,1355873.22350000,983,878156.00000000,878156.00000000,0
1641038400000,1.00000000,1.00000000,0.99990000,0.99990000,4952658.00000000,1641041999999,4952511.39400000,1171,3486598.00000000,3486598.00000000,0
1641042000000,1.00000000,1.00000000,0.99990000,1.00000000,1449850.00000000,1641045599999,1449791.44870000,1064,864337.00000000,864337.00000000,0
1641045600000,0.99990000,1.00000000,0.99990000,1.00000000,3617199.00000000,1641049199999,3617076.70320000,1038,2394231.00000000,2394231.00000000,0
1641049200000,1.00000000,1.00000000,0.99990000,0.99990000,2586973.00000000,1641052799999,2586895.34960000,1206,1810469.00000000,1810469.00000000,0
1641052800000,0.99990000,1.00000000,0.99990000,0.99990000,2297050.00000000,1641056399999,2296940.92580000,1221,1206308.00000000,1206308.00000000,0
1641056400000,0.99990000,1.00000000,0.99990000,1.00000000,2875955.00000000,1641059999999,2875745.88890000,1334,784844.00000000,784844.00000000,0
1641060000000,0.99990000,1.00000000,0.99990000,0.99990000,2585616.00000000,1641063599999,2585414.18390000,1354,567455.00000000,567455.00000000,0
1641063600000,0.99990000,1.00000000,0.99990000,0.99990000,1714740.00000000,1641067199999,1714614.90890000,1159,463829.00000000,463829.00000000,0
1641067200000,0.99990000,1.00000000,0.99990000,0.99990000,3780368.00000000,1641070799999,3780145.26780000,1138,1553046.00000000,1553046.00000000,0
1641070800000,1.00000000,1.00000000,0.99990000,1.00000000,1779636.00000000,1641074399999,1779521.30430000,1182,632679.00000000,632679.00000000,0
1641074400000,1.00000000,1.00000000,0.99990000,0.99990000,1175422.00000000,1641077999999,1175337.91050000,1070,334527.00000000,334527.00000000,0
1641078000000,0.99990000,1.00000000,0.99980000,0.99980000,2350596.00000000,1641081599999,2350350.39810000,950,414578.00000000,414563.80390000,0
1641081600000,0.99990000,0.99990000,0.99980000,0.99980000,1038196.00000000,1641085199999,1038033.83850000,660,454777.00000000,454731.52230000,0
1641085200000,0.99980000,0.99990000,0.99980000,0.99990000,844341.00000000,1641088799999,844219.38570000,701,472539.00000000,472491.74610000,0
1641088800000,0.99980000,0.99990000,0.99980000,0.99990000,966167.00000000,1641092399999,966027.84470000,753,540781.00000000,540726.92190000,0
1641092400000,0.99990000,0.99990000,0.99980000,0.99990000,1432606.00000000,1641095999999,1432428.07750000,765,1085987.00000000,1085878.40130000,0
1641096000000,0.99990000,0.99990000,0.99980000,0.99980000,1001522.00000000,1641099599999,1001360.04230000,908,383467.00000000,383428.65330000,0
1641099600000,0.99980000,0.99990000,0.99980000,0.99990000,1255446.00000000,1641103199999,1255265.89440000,763,709836.00000000,709765.01640000,0
1641103200000,0.99990000,0.99990000,0.99980000,0.99990000,814070.00000000,1641106799999,813957.66100000,734,504750.00000000,504699.52500000,0
1641106800000,0.99990000,0.99990000,0.99980000,0.99990000,1249586.00000000,1641110399999,1249419.88340000,782,838006.00000000,837922.19940000,0
1641110400000,0.99990000,0.99990000,0.99980000,0.99980000,2259048.00000000,1641113999999,2258713.33520000,985,1171448.00000000,1171330.85520000,0
1641114000000,0.99990000,0.99990000,0.99980000,0.99980000,1377750.00000000,1641117599999,1377559.55640000,901,851064.00000000,850978.89360000,0
1641117600000,0.99990000,0.99990000,0.99980000,0.99990000,1247308.00000000,1641121199999,1247128.10740000,992,695690.00000000,695620.43100000,0
1641121200000,0.99980000,0.99990000,0.99980000,0.99990000,1582707.00000000,1641124799999,1582487.12070000,981,966621.00000000,966524.33790000,0
1641124800000,0.99980000,0.99990000,0.99980000,0.99980000,1879994.00000000,1641128399999,1879698.02130000,1186,800201.00000000,800120.97990000,0
1641128400000,0.99990000,0.99990000,0.99980000,0.99990000,2455390.00000000,1641131999999,2455094.76600000,1146,1958440.00000000,1958244.15600000,0
1641132000000,0.99990000,0.99990000,0.99980000,0.99990000,1706305.00000000,1641135599999,1706071.65050000,1133,1079115.00000000,1079007.08850000,0
1641135600000,0.99990000,0.99990000,0.99980000,0.99980000,3555748.00000000,1641139199999,3555313.54890000,1296,2766985.00000000,2766708.30150000,0
1641139200000,0.99980000,0.99990000,0.99980000,0.99990000,1663228.00000000,1641142799999,1662999.70730000,1302,1043529.00000000,1043424.64710000,0
1641142800000,0.99980000,0.99990000,0.99980000,0.99990000,2474208.00000000,1641146399999,2473862.32990000,1234,1491715.00000000,1491565.82850000,0
1641146400000,0.99980000,0.99990000,0.99980000,0.99990000,2210284.00000000,1641149999999,2209949.89930000,1371,1079561.00000000,1079453.04390000,0
1641150000000,0.99980000,0.99990000,0.99980000,0.99980000,1742694.00000000,1641153599999,1742469.48570000,1069,1240245.00000000,1240120.97550000,0
1641153600000,0.99990000,0.99990000,0.99980000,0.99980000,1543366.00000000,1641157199999,1543135.45690000,1065,781301.00000000,781222.86990000,0
1641157200000,0.99990000,0.99990000,0.99980000,0.99990000,1953068.00000000,1641160799999,1952772.46560000,1037,950792.00000000,950696.92080000,0
1641160800000,0.99990000,0.99990000,0.99980000,0.99990000,1347973.00000000,1641164399999,1347792.61800000,949,892126.00000000,892036.78740000,0
1641164400000,0.99990000,0.99990000,0.99980000,0.99980000,2306518.00000000,1641167999999,2306193.47650000,985,1367801.00000000,1367664.21990000,0
1641168000000,0.99990000,0.99990000,0.99980000,0.99980000,2235083.00000000,1641171599999,2234761.25980000,999,1252764.00000000,1252638.72360000,0
1641171600000,0.99980000,0.99990000,0.99980000,0.99990000,848595.00000000,1641175199999,848487.63530000,837,623543.00000000,623480.64570000,0
1641175200000,0.99990000,0.99990000,0.99980000,0.99990000,1406825.00000000,1641178799999,1406654.03120000,858,1103962.00000000,1103851.60380000,0
1641178800000,0.99990000,0.99990000,0.99980000,0.99990000,1209256.00000000,1641182399999,1209109.71480000,919,955660.00000000,955564.43400000,0
1641182400000,0.99990000,0.99990000,0.99980000,0.99990000,1484333.00000000,1641185999999,1484135.66340000,1070,995300.00000000,995200.47000000,0
1641186000000,0.99990000,0.99990000,0.99980000,0.99990000,1482778.00000000,1641189599999,1482554.22560000,878,727812.00000000,727739.21880000,0
1641189600000,0.99990000,0.99990000,0.99980000,0.99990000,906475.00000000,1641193199999,906348.54900000,805,548440.00000000,548385.15600000,0
1641193200000,0.99990000,0.99990000,0.99980000,0.99980000,1066617.00000000,1641196799999,1066471.59060000,1005,679140.00000000,679072.08600000,0
1641196800000,0.99990000,0.99990000,0.99980000,0.99990000,4804433.00000000,1641200399999,4803845.85930000,1157,3737459.00000000,3737085.25410000,0
1641200400000,0.99980000,0.99990000,0.99980000,0.99990000,2991669.00000000,1641203999999,2991220.67250000,1234,1500063.00000000,1499912.99370000,0
1641204000000,0.99990000,0.99990000,0.99980000,0.99990000,3127663.00000000,1641207599999,3127225.62810000,1267,1881607.00000000,1881418.83930000,0
1641207600000,0.99990000,0.99990000,0.99980000,0.99990000,3948685.00000000,1641211199999,3948177.55190000,1513,2822889.00000000,2822606.71110000,0
1641211200000,0.99990000,0.99990000,0.99980000,0.99980000,3801285.00000000,1641214799999,3800790.81020000,1467,2660672.00000000,2660405.93280000,0
1641214800000,0.99990000,0.99990000,0.99980000,0.99990000,3819825.00000000,1641218399999,3819213.53150000,1516,1524965.00000000,1524812.50350000,0
1641218400000,0.99980000,0.99990000,0.99980000,0.99990000,4640800.00000000,1641221999999,4640088.98450000,2050,2171445.00000000,2171227.85550000,0
1641222000000,0.99980000,1.00010000,0.99980000,1.00010000,8120921.00000000,1641225599999,8120649.38830000,2134,6335525.00000000,6335345.61310000,0
1641225600000,1.00000000,1.00010000,1.00000000,1.00010000,10646204.00000000,1641229199999,10646436.63010000,2703,2326301.00000000,2326533.63010000,0
1641229200000,1.00010000,1.00010000,1.00000000,1.00000000,3816934.00000000,1641232799999,3817192.24820000,1947,2582482.00000000,2582740.24820000,0
1641232800000,1.00000000,1.00010000,1.00000000,1.00010000,3781231.00000000,1641236399999,3781459.14350000,1897,2281435.00000000,2281663.14350000,0
1641236400000,1.00010000,1.00010000,1.00000000,1.00000000,3012243.00000000,1641239999999,3012457.51420000,1863,2145142.00000000,2145356.51420000,0
1641240000000,1.00000000,1.00010000,1.00000000,1.00010000,5075766.00000000,1641243599999,5076082.75230000,2322,3167523.00000000,3167839.75230000,0
1641243600000,1.00010000,1.00010000,1.00000000,1.00000000,4694588.00000000,1641247199999,4694756.29420000,1586,1682942.00000000,1683110.29420000,0
1641247200000,1.00000000,1.00040000,1.00000000,1.00030000,10255937.00000000,1641250799999,10257434.81750000,2320,5217381.00000000,5218018.40880000,0
1641250800000,1.00020000,1.00030000,1.00010000,1.00020000,4326747.00000000,1641254399999,4327509.93930000,2817,1493011.00000000,1493342.01310000,0
1641254400000,1.00020000,1.00020000,1.00010000,1.00020000,2647339.00000000,1641257999999,2647695.05950000,1468,913256.00000000,913438.65120000,0
1641258000000,1.00020000,1.00020000,1.00010000,1.00010000,2672322.00000000,1641261599999,2672690.83900000,1279,1016068.00000000,1016271.21360000,0
1641261600000,1.00010000,1.00020000,1.00000000,1.00010000,5308179.00000000,1641265199999,5308520.43550000,1464,1673237.00000000,1673410.88450000,0
1641265200000,1.00010000,1.00010000,1.00000000,1.00010000,4367983.00000000,1641268799999,4368293.29830000,1126,3102983.00000000,3103293.29830000,0
1641268800000,1.00000000,1.00020000,1.00000000,1.00020000,4722658.00000000,1641272399999,4723142.49760000,1303,3726899.00000000,3727361.07460000,0
1641272400000,1.00010000,1.00020000,1.00010000,1.00010000,3166676.00000000,1641275999999,3167094.35030000,1287,1016827.00000000,1017030.36540000,0
1641276000000,1.00020000,1.00020000,1.00010000,1.00020000,6277649.00000000,1641279599999,6278368.41600000,1185,916511.00000000,916694.30220000,0
1641279600000,1.00010000,1.00020000,1.00010000,1.00020000,5629715.00000000,1641283199999,5630544.07810000,1389,2661066.00000000,2661598.21320000,0
1641283200000,1.00010000,1.00020000,1.00010000,1.00020000,5346264.00000000,1641286799999,5346926.52510000,1947,1278987.00000000,1279242.79740000,0
1641286800000,1.00020000,1.00020000,1.00010000,1.00010000,4707942.00000000,1641290399999,4708708.22130000,1718,2954271.00000000,2954861.85420000,0
1641290400000,1.00020000,1.00030000,1.00010000,1.00030000,6761317.00000000,1641293999999,6762676.84360000,2715,4635063.00000000,4636073.38980000,0
1641294000000,1.00020000,1.00030000,1.00010000,1.00020000,5347196.00000000,1641297599999,5348179.47610000,3278,1307533.00000000,1307840.49990000,0
1641297600000,1.00020000,1.00020000,1.00000000,1.00010000,10460880.00000000,1641301199999,10461660.10460000,1726,1641456.00000000,1641760.02490000,0
1641301200000,1.00010000,1.00010000,1.00000000,1.00010000,10289614.00000000,1641304799999,10290374.93220000,2129,7609322.00000000,7610082.93220000,0
1641304800000,1.00000000,1.00010000,1.00000000,1.00000000,6530306.00000000,1641308399999,6530530.85210000,2113,2248521.00000000,2248745.85210000,0
1641308400000,1.00000000,1.00020000,1.00000000,1.00020000,10216737.00000000,1641311999999,10217555.16960000,2043,6701610.00000000,6702354.95850000,0
1641312000000,1.00020000,1.00030000,1.00010000,1.00020000,5000458.00000000,1641315599999,5001379.22170000,1950,3394475.00000000,3395203.88130000,0
1641315600000,1.00020000,1.00030000,1.00010000,1.00010000,4923251.00000000,1641319199999,4924130.74710000,2153,1344561.00000000,1344856.86770000,0
1641319200000,1.00010000,1.00020000,1.00010000,1.00010000,6848706.00000000,1641322799999,6849668.48850000,2028,2776179.00000000,2776734.23580000,0
1641322800000,1.00020000,1.00020000,1.00010000,1.00010000,5168208.00000000,1641326399999,5168905.08050000,2120,1802597.00000000,1802957.51940000,0
1641326400000,1.00010000,1.00020000,1.00010000,1.00010000,2863097.00000000,1641329999999,2863513.15180000,1559,1298421.00000000,1298680.68420000,0
1641330000000,1.00020000,1.00020000,1.00010000,1.00020000,1931573.00000000,1641333599999,1931868.02200000,1493,1018647.00000000,1018850.72940000,0
1641333600000,1.00010000,1.00020000,1.00010000,1.00020000,2309048.00000000,1641337199999,2309412.60890000,1394,1337041.00000000,1337308.40820000,0
1641337200000,1.00010000,1.00020000,1.00010000,1.00020000,2056996.00000000,1641340799999,2057304.62870000,1412,1029291.00000000,1029496.85820000,0
1641340800000,1.00020000,1.00020000,1.00010000,1.00020000,3568130.00000000,1641344399999,3568595.51680000,1517,1087038.00000000,1087255.40760000,0
1641344400000,1.00010000,1.00020000,1.00010000,1.00010000,1559879.00000000,1641347999999,1560117.14220000,1134,821543.00000000,821707.30860000,0
1641348000000,1.00010000,1.00020000,1.00010000,1.00020000,1488500.00000000,1641351599999,1488708.79220000,1011,599422.00000000,599541.88440000,0
1641351600000,1.00010000,1.00020000,1.00010000,1.00020000,1813548.00000000,1641355199999,1813839.76730000,1038,1104125.00000000,1104345.82500000,0
1641355200000,1.00010000,1.00020000,1.00010000,1.00010000,2254257.00000000,1641358799999,2254595.84510000,1040,1134194.00000000,1134420.83880000,0
1641358800000,1.00020000,1.00020000,1.00010000,1.00010000,1601443.00000000,1641362399999,1601660.53510000,847,573908.00000000,574022.78160000,0
1641362400000,1.00010000,1.00020000,1.00010000,1.00010000,1954081.00000000,1641365999999,1954399.19290000,1047,1227848.00000000,1228093.56960000,0
1641366000000,1.00020000,1.00020000,1.00010000,1.00010000,5713692.00000000,1641369599999,5714329.35220000,1298,659830.00000000,659961.96600000,0
1641369600000,1.00020000,1.00020000,1.00000000,1.00000000,8291080.00000000,1641373199999,8291976.60240000,1347,3365319.00000000,3365887.99510000,0
1641373200000,1.00000000,1.00010000,1.00000000,1.00010000,3351491.00000000,1641376799999,3351611.45610000,1425,1204561.00000000,1204681.45610000,0
1641376800000,1.00010000,1.00010000,1.00000000,1.00000000,3048712.00000000,1641380399999,3048860.20790000,1497,1482079.00000000,1482227.20790000,0
1641380400000,1.00000000,1.00010000,1.00000000,1.00010000,2723248.00000000,1641383999999,2723396.56810000,1621,1485681.00000000,1485829.56810000,0
1641384000000,1.00010000,1.00010000,1.00000000,1.00010000,3533670.00000000,1641387599999,3533804.42860000,1730,1344286.00000000,1344420.42860000,0
1641387600000,1.00010000,1.00010000,1.00000000,1.00010000,3853286.00000000,1641391199999,3853522.75010000,1706,2367501.00000000,2367737.75010000,0
1641391200000,1.00000000,1.00020000,1.00000000,1.00010000,9178457.00000000,1641394799999,9179073.86820000,1931,4077836.00000000,4078248.85110000,0
1641394800000,1.00020000,1.00020000,1.00010000,1.00010000,5217219.00000000,1641398399999,5217951.37460000,2080,2106527.00000000,2106948.30540000,0
1641398400000,1.00020000,1.00020000,1.00000000,1.00010000,5218099.00000000,1641401999999,5218806.30540000,1766,1858778.00000000,1859149.54460000,0
1641402000000,1.00010000,1.00010000,1.00000000,1.00000000,6273787.00000000,1641405599999,6273933.35970000,1889,1463597.00000000,1463743.35970000,0
1641405600000,1.00000000,1.00010000,1.00000000,1.00000000,8029962.00000000,1641409199999,8030315.66600000,1997,3536660.00000000,3537013.66600000,0
1641409200000,1.00010000,1.00010000,1.00000000,1.00010000,13552069.00000000,1641412799999,13552807.19330000,3018,7381933.00000000,7382671.19330000,0
1641412800000,1.00010000,1.00010000,1.00000000,1.00010000,11195458.00000000,1641416399999,11195957.72440000,3201,4997244.00000000,4997743.72440000,0
1641416400000,1.00010000,1.00010000,1.00000000,1.00000000,7291373.00000000,1641419999999,7291857.40700000,2778,4844070.00000000,4844554.40700000,0
1641420000000,1.00000000,1.00010000,1.00000000,1.00000000,19418261.00000000,1641423599999,19419269.11190000,4645,10081119.00000000,10082127.11190000,0
1641423600000,1.00000000,1.00010000,1.00000000,1.00000000,7078405.00000000,1641427199999,7078676.61800000,2303,2716180.00000000,2716451.61800000,0
1641427200000,1.00010000,1.00010000,1.00000000,1.00000000,6447516.00000000,1641430799999,6447849.43320000,1251,3334332.00000000,3334665.43320000,0
1641430800000,1.00010000,1.00010000,1.00000000,1.00000000,4190004.00000000,1641434399999,4190207.78330000,1578,2037833.00000000,2038036.78330000,0
1641434400000,1.00000000,1.00010000,1.00000000,1.00000000,4585536.00000000,1641437999999,4585817.29460000,1426,2812946.00000000,2813227.29460000,0
1641438000000,1.00010000,1.00010000,1.00000000,1.00010000,7180973.00000000,1641441599999,7181246.50430000,2062,2735043.00000000,2735316.50430000,0
1641441600000,1.00000000,1.00010000,1.00000000,1.00010000,11550154.00000000,1641445199999,11550775.65150000,2263,6216515.00000000,6217136.65150000,0
1641445200000,1.00000000,1.00010000,1.00000000,1.00010000,5015358.00000000,1641448799999,5015584.87110000,1646,2268711.00000000,2268937.87110000,0
1641448800000,1.00000000,1.00020000,1.00000000,1.00010000,7994022.00000000,1641452399999,7994763.43020000,1661,6262275.00000000,6262996.05350000,0
1641452400000,1.00010000,1.00020000,1.00010000,1.00010000,4800973.00000000,1641455999999,4801720.75370000,1592,2676564.00000000,2677099.31280000,0
1641456000000,1.00010000,1.00020000,1.00010000,1.00020000,5000309.00000000,1641459599999,5001094.31070000,1632,2852798.00000000,2853368.55960000,0
1641459600000,1.00010000,1.00020000,1.00010000,1.00010000,8601342.00000000,1641463199999,8602539.59170000,1867,3374575.00000000,3375249.91500000,0
1641463200000,1.00010000,1.00020000,1.00010000,1.00020000,4505885.00000000,1641466799999,4506520.25960000,1921,1846711.00000000,1847080.34220000,0
1641466800000,1.00010000,1.00020000,1.00010000,1.00010000,4667439.00000000,1641470399999,4668243.25980000,1630,3375159.00000000,3375834.03180000,0
1641470400000,1.00010000,1.00040000,1.00010000,1.00040000,5924836.00000000,1641473999999,5926503.44860000,2080,3550615.00000000,3551717.90700000,0
1641474000000,1.00040000,1.00040000,1.00030000,1.00040000,7653194.00000000,1641477599999,7655761.99860000,2257,2720404.00000000,2721492.16160000,0
1641477600000,1.00030000,1.00040000,1.00030000,1.00030000,7910830.00000000,1641481199999,7913654.94180000,2362,4516928.00000000,4518734.77120000,0
1641481200000,1.00030000,1.00060000,1.00030000,1.00030000,15873520.00000000,1641484799999,15880232.25450000,2643,10562324.00000000,10566978.69570000,0
1641484800000,1.00040000,1.00040000,1.00030000,1.00030000,2575114.00000000,1641488399999,2575990.65460000,1578,1041204.00000000,1041620.48160000,0
1641488400000,1.00030000,1.00040000,1.00020000,1.00020000,6564165.00000000,1641491999999,6566098.72220000,1696,1285873.00000000,1286309.26020000,0
1641492000000,1.00020000,1.00030000,1.00000000,1.00000000,9036432.00000000,1641495599999,9037213.08020000,1849,1178182.00000000,1178368.82940000,0
1641495600000,1.00000000,1.00010000,1.00000000,1.00000000,3029336.00000000,1641499199999,3029440.49220000,1505,1044922.00000000,1045026.49220000,0
1641499200000,1.00010000,1.00010000,1.00000000,1.00010000,5145178.00000000,1641502799999,5145364.35140000,1931,1863514.00000000,1863700.35140000,0
1641502800000,1.00010000,1.00010000,1.00000000,1.00000000,3938798.00000000,1641506399999,3939079.02200000,1649,2810220.00000000,2810501.02200000,0
1641506400000,1.00010000,1.00010000,1.00000000,1.00010000,3076308.00000000,1641509999999,3076431.48310000,1363,1234831.00000000,1234954.48310000,0
1641510000000,1.00000000,1.00010000,1.00000000,1.00010000,1560813.00000000,1641513599999,1560906.78650000,1101,937865.00000000,937958.78650000,0
1641513600000,1.00010000,1.00010000,1.00000000,1.00010000,3243129.00000000,1641517199999,3243320.04330000,1494,1910433.00000000,1910624.04330000,0
1641517200000,1.00010000,1.00020000,1.00000000,1.00020000,3139789.00000000,1641520799999,3140098.44090000,1064,2517752.00000000,2518028.44550000,0
1641520800000,1.00020000,1.00020000,1.00010000,1.00010000,2116746.00000000,1641524399999,2117066.49230000,746,1088177.00000000,1088394.63540000,0
1641524400000,1.00020000,1.00050000,1.00010000,1.00040000,22205580.00000000,1641527999999,22213674.11190000,3445,10502431.00000000,10506459.95980000,0
1641528000000,1.00030000,1.00040000,1.00030000,1.00030000,11097030.00000000,1641531599999,11101061.53900000,1989,7024300.00000000,7027109.72000000,0
1641531600000,1.00030000,1.00040000,1.00030000,1.00030000,5003245.00000000,1641535199999,5004875.31910000,1554,1293456.00000000,1293973.38240000,0
1641535200000,1.00040000,1.00040000,1.00030000,1.00030000,8099697.00000000,1641538799999,8102479.76850000,1746,3528594.00000000,3530005.43760000,0
1641538800000,1.00030000,1.00040000,1.00030000,1.00030000,3988208.00000000,1641542399999,3989623.34950000,1504,2188871.00000000,2189746.54840000,0
1641542400000,1.00030000,1.00050000,1.00030000,1.00040000,19081543.00000000,1641545999999,19089854.58920000,1986,14791662.00000000,14798271.84700000,0
1641546000000,1.00040000,1.00050000,1.00040000,1.00040000,14745659.00000000,1641549599999,14752659.45100000,1440,11021874.00000000,11027384.93700000,0
1641549600000,1.00040000,1.00050000,1.00040000,1.00040000,10512232.00000000,1641553199999,10516592.18700000,1560,1552942.00000000,1553718.47100000,0
1641553200000,1.00040000,1.00050000,1.00040000,1.00040000,4268047.00000000,1641556799999,4269984.56460000,1151,2303458.00000000,2304609.72900000,0
1641556800000,1.00040000,1.00050000,1.00040000,1.00040000,3077726.00000000,1641560399999,3079082.63320000,1173,1255428.00000000,1256055.71400000,0
1641560400000,1.00040000,1.00050000,1.00040000,1.00040000,4932761.00000000,1641563999999,4934928.29880000,1900,1941944.00000000,1942914.97200000,0
1641564000000,1.00050000,1.00050000,1.00040000,1.00040000,7479603.00000000,1641567599999,7482848.40780000,2287,2535666.00000000,2536933.83300000,0
1641567600000,1.00040000,1.00060000,1.00040000,1.00040000,11038247.00000000,1641571199999,11043309.12880000,3366,3651565.00000000,3653396.47930000,0
1641571200000,1.00040000,1.00050000,1.00030000,1.00040000,9409100.00000000,1641574799999,9413109.61980000,4098,3083537.00000000,3085043.11060000,0
1641574800000,1.00030000,1.00040000,1.00030000,1.00040000,3766023.00000000,1641578399999,3767339.05210000,1596,1862452.00000000,1863196.98080000,0
1641578400000,1.00030000,1.00040000,1.00030000,1.00030000,2561742.00000000,1641581999999,2562582.11670000,1236,715941.00000000,716227.37640000,0
1641582000000,1.00030000,1.00040000,1.00020000,1.00020000,5424517.00000000,1641585599999,5426345.35020000,1432,2135859.00000000,2136710.97260000,0
1641585600000,1.00030000,1.00030000,1.00020000,1.00030000,2592235.00000000,1641589199999,2592910.97730000,1513,1575303.00000000,1575775.59090000,0
1641589200000,1.00020000,1.00030000,1.00020000,1.00030000,4116384.00000000,1641592799999,4117528.39740000,1784,3211206.00000000,3212169.36180000,0
1641592800000,1.00020000,1.00030000,1.00020000,1.00020000,5197069.00000000,1641596399999,5198511.87070000,2014,4034569.00000000,4035779.37070000,0
1641596400000,1.00030000,1.00040000,1.00020000,1.00020000,4219301.00000000,1641599999999,4220524.84360000,1743,3629532.00000000,3630637.88980000,0
1641600000000,1.00030000,1.00030000,1.00020000,1.00030000,4906078.00000000,1641603599999,4907455.32840000,1600,3961128.00000000,3962316.33840000,0
1641603600000,1.00030000,1.00040000,1.00020000,1.00030000,3502975.00000000,1641607199999,3503934.70960000,1414,2559882.00000000,2560651.66190000,0
1641607200000,1.00040000,1.00040000,1.00030000,1.00040000,3824585.00000000,1641610799999,3826004.47460000,1343,2720991.00000000,2722079.39640000,0
1641610800000,1.00030000,1.00040000,1.00030000,1.00030000,4535673.00000000,1641614399999,4537284.81070000,1334,2511088.00000000,2512092.43520000,0
1641614400000,1.00040000,1.00040000,1.00030000,1.00030000,4220790.00000000,1641617999999,4222340.34890000,1440,2841119.00000000,2842255.44760000,0
1641618000000,1.00030000,1.00040000,1.00030000,1.00040000,4728457.00000000,1641621599999,4730133.41720000,1583,2578801.00000000,2579832.52040000,0
1641621600000,1.00030000,1.00040000,1.00030000,1.00030000,3910860.00000000,1641625199999,3912294.97290000,1626,2617149.00000000,2618195.85960000,0
1641625200000,1.00030000,1.00040000,1.00030000,1.00030000,1570958.00000000,1641628799999,1571470.55670000,1020,412693.00000000,412858.07720000,0
1641628800000,1.00040000,1.00040000,1.00020000,1.00020000,7782024.00000000,1641632399999,7784196.92410000,1292,784871.00000000,785162.32640000,0
1641632400000,1.00030000,1.00050000,1.00020000,1.00030000,14741891.00000000,1641635999999,14746786.59350000,1922,8648398.00000000,8651201.57090000,0
1641636000000,1.00030000,1.00040000,1.00020000,1.00030000,3205892.00000000,1641639599999,3206798.07140000,1511,959897.00000000,960218.23030000,0
1641639600000,1.00030000,1.00030000,1.00000000,1.00020000,10235872.00000000,1641643199999,10237496.68970000,1218,1387485.00000000,1387899.01330000,0
1641643200000,1.00010000,1.00020000,1.00010000,1.00010000,2881944.00000000,1641646799999,2882392.63680000,922,1604424.00000000,1604744.88480000,0
1641646800000,1.00010000,1.00020000,1.00010000,1.00010000,2273666.00000000,1641650399999,2273994.00670000,1066,1006401.00000000,1006602.28020000,0
1641650400000,1.00020000,1.00020000,1.00010000,1.00010000,3955932.00000000,1641653999999,3956639.49670000,1046,3119035.00000000,3119658.80700000,0
1641654000000,1.00010000,1.00020000,1.00010000,1.00020000,3009058.00000000,1641657599999,3009533.90460000,1242,1749988.00000000,1750337.99760000,0
1641657600000,1.00010000,1.00020000,1.00010000,1.00010000,3896517.00000000,1641661199999,3897092.73470000,1332,1860830.00000000,1861202.16600000,0
1641661200000,1.00010000,1.00020000,1.00010000,1.00020000,5671274.00000000,1641664799999,5672147.10620000,1865,3059788.00000000,3060399.95760000,0
1641664800000,1.00020000,1.00020000,1.00010000,1.00020000,9573896.00000000,1641668399999,9575156.23460000,2366,3028450.00000000,3029055.69000000,0
1641668400000,1.00020000,1.00020000,1.00010000,1.00010000,6028758.00000000,1641671999999,6029752.52740000,1832,3916516.00000000,3917299.30320000,0
1641672000000,1.00010000,1.00020000,1.00010000,1.00020000,4061961.00000000,1641675599999,4062603.37450000,1657,2361784.00000000,2362256.35680000,0
1641675600000,1.00020000,1.00020000,1.00010000,1.00020000,4929441.00000000,1641679199999,4930096.59250000,2026,1626484.00000000,1626809.29680000,0
1641679200000,1.00020000,1.00020000,1.00010000,1.00020000,4705054.00000000,1641682799999,4705691.83730000,2019,1673319.00000000,1673653.66380000,0
1641682800000,1.00010000,1.00020000,1.00010000,1.00020000,5868099.00000000,1641686399999,5868969.71640000,1441,2839065.00000000,2839632.81300000,0
1641686400000,1.00020000,1.00020000,1.00010000,1.00020000,2553424.00000000,1641689999999,2553802.16160000,1390,1228192.00000000,1228437.63840000,0
1641690000000,1.00010000,1.00020000,1.00010000,1.00010000,4852625.00000000,1641693599999,4853250.80800000,1841,1405455.00000000,1405736.09100000,0
1641693600000,1.00010000,1.00020000,1.00010000,1.00010000,3635400.00000000,1641697199999,3635896.98580000,1402,1334458.00000000,1334724.89160000,0
1641697200000,1.00010000,1.00020000,1.00010000,1.00010000,3038275.00000000,1641700799999,3038669.57040000,1023,907429.00000000,907610.48580000,0
1641700800000,1.00010000,1.00020000,1.00010000,1.00010000,3768888.00000000,1641704399999,3769411.17630000,836,1462875.00000000,1463167.57500000,0
1641704400000,1.00020000,1.00020000,1.00010000,1.00010000,2806001.00000000,1641707999999,2806432.52970000,914,1509296.00000000,1509597.85920000,0
1641708000000,1.00010000,1.00020000,1.00010000,1.00010000,2302165.00000000,1641711599999,2302529.55260000,1022,1343361.00000000,1343629.67220000,0
1641711600000,1.00020000,1.00020000,1.00010000,1.00010000,2186023.00000000,1641715199999,2186366.52510000,967,1249228.00000000,1249477.84560000,0
1641715200000,1.00010000,1.00020000,1.00010000,1.00010000,2535625.00000000,1641718799999,2536005.90520000,1171,1273427.00000000,1273681.68540000,0
1641718800000,1.00020000,1.00020000,1.00010000,1.00010000,2464215.00000000,1641722399999,2464585.61790000,1239,1241964.00000000,1242212.39280000,0
1641722400000,1.00020000,1.00020000,1.00010000,1.00020000,2829592.00000000,1641725999999,2830014.96400000,1177,1400048.00000000,1400328.00960000,0
1641726000000,1.00020000,1.00020000,1.00010000,1.00010000,7189428.00000000,1641729599999,7190717.86170000,1322,5709189.00000000,5710330.83780000,0
1641729600000,1.00010000,1.00020000,1.00010000,1.00010000,3227531.00000000,1641733199999,3228012.92620000,1246,1591731.00000000,1592049.34620000,0
1641733200000,1.00010000,1.00020000,1.00010000,1.00010000,2175094.00000000,1641736799999,2175440.62870000,1305,1291193.00000000,1291451.23860000,0
1641736800000,1.00010000,1.00030000,1.00010000,1.00030000,3181793.00000000,1641740399999,3182526.46270000,1493,2010650.00000000,2011168.42840000,0
1641740400000,1.00020000,1.00030000,1.00020000,1.00020000,4810937.00000000,1641743999999,4812033.76050000,1586,1345731.00000000,1346134.71930000,0
1641744000000,1.00020000,1.00030000,1.00020000,1.00020000,5474312.00000000,1641747599999,5475630.98600000,1789,2241236.00000000,2241908.37080000,0
1641747600000,1.00030000,1.00030000,1.00020000,1.00020000,8825503.00000000,1641751199999,8827467.69600000,2494,1995954.00000000,1996552.78620000,0
1641751200000,1.00030000,1.00030000,1.00020000,1.00020000,5940007.00000000,1641754799999,5941528.83090000,2110,3338295.00000000,3339296.48850000,0
1641754800000,1.00020000,1.00030000,1.00000000,1.00000000,9145437.00000000,1641758399999,9146681.85430000,3815,1088150.00000000,1088365.37030000,0
1641758400000,1.00000000,1.00010000,1.00000000,1.00000000,7805044.00000000,1641761999999,7805558.59320000,1332,5145932.00000000,5146446.59320000,0
1641762000000,1.00000000,1.00010000,1.00000000,1.00000000,1636244.00000000,1641765599999,1636296.12900000,959,521290.00000000,521342.12900000,0
1641765600000,1.00010000,1.00010000,1.00000000,1.00000000,2107562.00000000,1641769199999,2107650.64240000,897,886424.00000000,886512.64240000,0
1641769200000,1.00010000,1.00020000,1.00000000,1.00010000,2373945.00000000,1641772799999,2374182.46230000,994,1191864.00000000,1192001.56380000,0
1641772800000,1.00010000,1.00020000,1.00010000,1.00020000,1521857.00000000,1641776399999,1522075.01610000,849,658304.00000000,658435.66080000,0
1641776400000,1.00010000,1.00020000,1.00010000,1.00020000,3138419.00000000,1641779999999,3138772.04390000,1038,392020.00000000,392098.40400000,0
1641780000000,1.00020000,1.00020000,1.00010000,1.00010000,1870851.00000000,1641783599999,1871093.94410000,811,558590.00000000,558701.71800000,0
1641783600000,1.00010000,1.00020000,1.00010000,1.00010000,3530103.00000000,1641787199999,3530661.68010000,709,2056698.00000000,2057109.33960000,0
1641787200000,1.00010000,1.00020000,1.00010000,1.00010000,2338783.00000000,1641790799999,2339096.69130000,888,798130.00000000,798289.62600000,0
1641790800000,1.00010000,1.00020000,1.00010000,1.00020000,1638941.00000000,1641794399999,1639172.05260000,593,671585.00000000,671719.31700000,0
1641794400000,1.00010000,1.00020000,1.00010000,1.00020000,2593049.00000000,1641797999999,2593370.67560000,901,623707.00000000,623831.74140000,0
1641798000000,1.00010000,1.00020000,1.00010000,1.00010000,2015198.00000000,1641801599999,2015436.98700000,869,374672.00000000,374746.93440000,0
1641801600000,1.00010000,1.00020000,1.00010000,1.00010000,1660240.00000000,1641805199999,1660445.06460000,924,390406.00000000,390484.08120000,0
1641805200000,1.00010000,1.00020000,1.00010000,1.00010000,1795094.00000000,1641808799999,1795308.68950000,980,351801.00000000,351871.36020000,0
1641808800000,1.00010000,1.00020000,1.00010000,1.00010000,3313914.00000000,1641812399999,3314301.06660000,1119,556752.00000000,556863.35040000,0
1641812400000,1.00010000,1.00020000,1.00010000,1.00020000,7060759.00000000,1641815999999,7061713.82390000,1680,2487480.00000000,2487977.49600000,0
1641816000000,1.00010000,1.00020000,1.00010000,1.00010000,9442083.00000000,1641819599999,9443535.18150000,1712,5079732.00000000,5080747.94640000,0
1641819600000,1.00010000,1.00020000,1.00010000,1.00010000,7313627.00000000,1641823199999,7314674.26590000,1914,3159032.00000000,3159663.80640000,0
1641823200000,1.00010000,1.00020000,1.00010000,1.00010000,12415557.00000000,1641826799999,12417344.85030000,4548,5462946.00000000,5464038.58920000,0
1641826800000,1.00010000,1.00020000,1.00010000,1.00010000,7657272.00000000,1641830399999,7658276.45020000,2554,2387230.00000000,2387707.44600000,0
1641830400000,1.00010000,1.00020000,1.00000000,1.00010000,9387601.00000000,1641833999999,9388638.08900000,2449,1607803.00000000,1608119.81020000,0
1641834000000,1.00010000,1.00010000,1.00000000,1.00010000,5482309.00000000,1641837599999,5482441.78970000,2841,1327897.00000000,1328029.78970000,0
1641837600000,1.00000000,1.00010000,1.00000000,1.00000000,4677019.00000000,1641841199999,4677199.25540000,1950,1802554.00000000,1802734.25540000,0
1641841200000,1.00000000,1.00010000,1.00000000,1.00000000,3372899.00000000,1641844799999,3373025.53730000,1868,1265373.00000000,1265499.53730000,0
1641844800000,1.00000000,1.00010000,1.00000000,1.00010000,3885581.00000000,1641848399999,3885796.88560000,1801,2158856.00000000,2159071.88560000,0
1641848400000,1.00000000,1.00010000,1.00000000,1.00000000,3335562.00000000,1641851999999,3335632.22690000,1665,702269.00000000,702339.22690000,0
1641852000000,1.00000000,1.00010000,1.00000000,1.00010000,1388445.00000000,1641855599999,1388518.06870000,1258,730687.00000000,730760.06870000,0
1641855600000,1.00000000,1.00010000,1.00000000,1.00000000,1828503.00000000,1641859199999,1828581.64190000,1371,786419.00000000,786497.64190000,0
1641859200000,1.00010000,1.00010000,1.00000000,1.00000000,4172408.00000000,1641862799999,4172665.05310000,1333,2570531.00000000,2570788.05310000,0
1641862800000,1.00000000,1.00010000,1.00000000,1.00010000,3675361.00000000,1641866399999,3675559.35400000,1253,1983540.00000000,1983738.35400000,0
1641866400000,1.00010000,1.00010000,1.00000000,1.00000000,3350853.00000000,1641869999999,3351003.14090000,1325,1501409.00000000,1501559.14090000,0
1641870000000,1.00010000,1.00010000,1.00000000,1.00010000,3417465.00000000,1641873599999,3417528.09680000,1608,630968.00000000,631031.09680000,0
1641873600000,1.00000000,1.00010000,1.00000000,1.00000000,2460073.00000000,1641877199999,2460182.60520000,1390,1096052.00000000,1096161.60520000,0
1641877200000,1.00000000,1.00010000,1.00000000,1.00000000,2831588.00000000,1641880799999,2831679.76130000,1111,917613.00000000,917704.76130000,0
1641880800000,1.00000000,1.00010000,1.00000000,1.00010000,2019451.00000000,1641884399999,2019581.66500000,903,1306650.00000000,1306780.66500000,0
1641884400000,1.00000000,1.00010000,1.00000000,1.00000000,1455248.00000000,1641887999999,1455299.65470000,852,516547.00000000,516598.65470000,0
1641888000000,1.00000000,1.00010000,1.00000000,1.00010000,3879242.00000000,1641891599999,3879352.41100000,1045,1104110.00000000,1104220.41100000,0
1641891600000,1.00010000,1.00010000,1.00000000,1.00000000,7557721.00000000,1641895199999,7558005.97200000,1552,2849720.00000000,2850004.97200000,0
1641895200000,1.00000000,1.00010000,1.00000000,1.00010000,8238636.00000000,1641898799999,8238986.28120000,1597,3502812.00000000,3503162.28120000,0
1641898800000,1.00000000,1.00010000,1.00000000,1.00000000,5206353.00000000,1641902399999,5206448.54470000,1225,955447.00000000,955542.54470000,0
1641902400000,1.00000000,1.00010000,0.99960000,0.99960000,14158622.00000000,1641905999999,14155475.51560000,3504,5997995.00000000,5996312.19160000,0
1641906000000,0.99970000,0.99980000,0.99960000,0.99980000,8170495.00000000,1641909599999,8167853.20730000,3780,5263243.00000000,5261676.40630000,0
1641909600000,0.99980000,0.99980000,0.99970000,0.99980000,5330102.00000000,1641913199999,5328824.38220000,1533,3214128.00000000,3213485.17440000,0
1641913200000,0.99970000,0.99980000,0.99970000,0.99970000,4399714.00000000,1641916799999,4398712.11530000,1639,3180295.00000000,3179658.94100000,0
1641916800000,0.99980000,0.99980000,0.99970000,0.99980000,8787800.00000000,1641920399999,8785618.61260000,1847,4549526.00000000,4548616.09480000,0
1641920400000,0.99970000,0.99980000,0.99970000,0.99980000,11700032.00000000,1641923999999,11697038.73450000,2624,5167441.00000000,5166407.51180000,0
1641924000000,0.99980000,0.99980000,0.99970000,0.99970000,5191451.00000000,1641927599999,5190155.74660000,1614,2621819.00000000,2621294.63620000,0
1641927600000,0.99980000,0.99980000,0.99970000,0.99970000,2598908.00000000,1641931199999,2598173.53800000,1394,452104.00000000,452013.57920000,0
1641931200000,0.99970000,0.99980000,0.99970000,0.99970000,5108360.00000000,1641934799999,5106919.99560000,1329,925036.00000000,924850.99280000,0
1641934800000,0.99970000,0.99980000,0.99970000,0.99970000,2115976.00000000,1641938399999,2115422.21700000,1075,810098.00000000,809935.98040000,0
1641938400000,0.99970000,0.99980000,0.99970000,0.99980000,3069677.00000000,1641941999999,3068837.67280000,1011,815759.00000000,815595.84820000,0
1641942000000,0.99980000,0.99980000,0.99930000,0.99950000,13010791.00000000,1641945599999,13004369.09560000,2325,6307015.00000000,6303517.15730000,0
1641945600000,0.99940000,0.99950000,0.99940000,0.99950000,5241923.00000000,1641949199999,5239084.40720000,2978,3065610.00000000,3064077.19500000,0
1641949200000,0.99940000,0.99960000,0.99940000,0.99960000,2816601.00000000,1641952799999,2815168.73620000,2651,2226281.00000000,2225192.63140000,0
1641952800000,0.99950000,0.99960000,0.99950000,0.99960000,2704638.00000000,1641956399999,2703404.33460000,885,1186536.00000000,1186061.38560000,0
1641956400000,0.99950000,0.99960000,0.99950000,0.99960000,4448356.00000000,1641959999999,4446408.76590000,822,2769439.00000000,2768331.22440000,0
1641960000000,0.99960000,0.99960000,0.99940000,0.99940000,12855220.00000000,1641963599999,12848850.56570000,1617,7981977.00000000,7978047.84150000,0
1641963600000,0.99950000,0.99960000,0.99940000,0.99960000,3759018.00000000,1641967199999,3757136.63680000,1987,3310123.00000000,3308495.88100000,0
1641967200000,0.99960000,0.99960000,0.99950000,0.99960000,2389532.00000000,1641970799999,2388482.35060000,1244,1451166.00000000,1450585.53360000,0
1641970800000,0.99950000,0.99960000,0.99950000,0.99950000,4094247.00000000,1641974399999,4092538.82760000,1594,3389511.00000000,3388155.19560000,0
1641974400000,0.99960000,0.99960000,0.99950000,0.99950000,2275143.00000000,1641977999999,2274144.44460000,1585,1390161.00000000,1389604.93560000,0
1641978000000,0.99950000,0.99960000,0.99950000,0.99950000,5163605.00000000,1641981599999,5161338.85770000,1488,3156602.00000000,3155339.35920000,0
1641981600000,0.99960000,0.99960000,0.99950000,0.99960000,4025185.00000000,1641985199999,4023353.95560000,1377,1815481.00000000,1814754.80760000,0
1641985200000,0.99960000,0.99960000,0.99940000,0.99960000,17202243.00000000,1641988799999,17194014.47470000,2450,9830120.00000000,9825578.19520000,0
1641988800000,0.99960000,0.99960000,0.99950000,0.99950000,5669479.00000000,1641992399999,5667003.43470000,1758,3591742.00000000,3590305.30320000,0
1641992400000,0.99960000,0.99960000,0.99950000,0.99950000,8916753.00000000,1641995999999,8912647.56260000,2272,3529391.00000000,3527979.24360000,0
1641996000000,0.99960000,0.99960000,0.99950000,0.99960000,13959452.00000000,1641999599999,13953301.37040000,2250,8290964.00000000,8287647.61440000,0
1641999600000,0.99960000,0.99960000,0.99950000,0.99960000,6663665.00000000,1642003199999,6660774.46350000,1790,4412960.00000000,4411194.81600000,0
1642003200000,0.99960000,0.99960000,0.99950000,0.99950000,5299907.00000000,1642006799999,5297466.75750000,1596,2097110.00000000,2096271.15600000,0
1642006800000,0.99960000,0.99960000,0.99950000,0.99960000,5489934.00000000,1642010399999,5487318.77000000,1381,1297370.00000000,1296851.05200000,0
1642010400000,0.99950000,0.99960000,0.99950000,0.99960000,3536445.00000000,1642013999999,3534881.22720000,1279,2044497.00000000,2043679.20120000,0
1642014000000,0.99950000,0.99960000,0.99950000,0.99960000,4718199.00000000,1642017599999,4715937.91460000,1192,980141.00000000,979748.94360000,0
1642017600000,0.99950000,0.99960000,0.99950000,0.99950000,2747496.00000000,1642021199999,2746291.01690000,1080,1687649.00000000,1686973.94040000,0
1642021200000,0.99960000,0.99960000,0.99950000,0.99950000,4019419.00000000,1642024799999,4017657.78840000,1362,2484979.00000000,2483985.00840000,0
1642024800000,0.99960000,0.99960000,0.99950000,0.99960000,5859500.00000000,1642028399999,5857011.03330000,1471,4407833.00000000,4406069.86680000,0
1642028400000,0.99950000,0.99960000,0.99950000,0.99950000,4115087.00000000,1642031999999,4113333.25620000,1522,3037997.00000000,3036781.80120000,0
1642032000000,0.99960000,0.99960000,0.99950000,0.99960000,5551279.00000000,1642035599999,5548749.79130000,1320,2464308.00000000,2463322.27680000,0
1642035600000,0.99960000,0.99960000,0.99950000,0.99950000,3395481.00000000,1642039199999,3393875.43570000,862,921762.00000000,921393.29520000,0
1642039200000,0.99960000,0.99960000,0.99950000,0.99950000,1529996.00000000,1642042799999,1529348.92290000,726,1179209.00000000,1178737.31640000,0
1642042800000,0.99950000,0.99960000,0.99950000,0.99960000,4581445.00000000,1642046399999,4579282.58400000,743,1283065.00000000,1282551.77400000,0
1642046400000,0.99950000,0.99960000,0.99950000,0.99950000,1967011.00000000,1642049999999,1966099.87210000,591,723776.00000000,723486.48960000,0
1642050000000,0.99950000,0.99960000,0.99950000,0.99960000,1493550.00000000,1642053599999,1492902.87190000,612,996469.00000000,996070.41240000,0
1642053600000,0.99950000,0.99960000,0.99950000,0.99960000,2804386.00000000,1642057199999,2803182.18350000,822,1983765.00000000,1982971.49400000,0
1642057200000,0.99950000,0.99960000,0.99950000,0.99950000,4727134.00000000,1642060799999,4724912.25750000,935,1418245.00000000,1417677.70200000,0
1642060800000,0.99950000,0.99960000,0.99950000,0.99960000,3288316.00000000,1642064399999,3286833.39580000,1082,1615538.00000000,1614891.78480000,0
1642064400000,0.99960000,0.99960000,0.99930000,0.99940000,9158221.00000000,1642067999999,9153276.50840000,1395,2563619.00000000,2562256.25120000,0
1642068000000,0.99940000,0.99940000,0.99930000,0.99930000,4472381.00000000,1642071599999,4469479.55130000,2090,2292180.00000000,2290804.69200000,0
1642071600000,0.99940000,0.99940000,0.99920000,0.99940000,18458538.00000000,1642075199999,18445828.01310000,3931,10331251.00000000,10324230.85640000,0
1642075200000,0.99940000,0.99950000,0.99930000,0.99940000,3712823.00000000,1642078799999,3710804.99200000,1271,2433693.00000000,2432447.07220000,0
1642078800000,0.99940000,0.99950000,0.99940000,0.99950000,5440373.00000000,1642082399999,5437452.03480000,1376,3432586.00000000,3430869.70700000,0
1642082400000,0.99950000,0.99950000,0.99940000,0.99940000,5435013.00000000,1642085999999,5431969.89870000,1639,2179065.00000000,2177975.46750000,0
1642086000000,0.99950000,0.99950000,0.99940000,0.99950000,5493012.00000000,1642089599999,5489923.65840000,2372,2074656.00000000,2073618.67200000,0
1642089600000,0.99940000,0.99950000,0.99940000,0.99950000,7246096.00000000,1642093199999,7242150.04440000,1935,4017020.00000000,4015011.49000000,0
1642093200000,0.99940000,0.99950000,0.99940000,0.99950000,4905826.00000000,1642096799999,4903173.59260000,1846,2910882.00000000,2909426.55900000,0
1642096800000,0.99950000,0.99950000,0.99940000,0.99940000,7670582.00000000,1642100399999,7666371.84850000,1767,3921977.00000000,3920016.01150000,0
1642100400000,0.99940000,0.99950000,0.99940000,0.99940000,4862789.00000000,1642103999999,4860182.35000000,1458,3110234.00000000,3108678.88300000,0
1642104000000,0.99950000,0.99950000,0.99940000,0.99950000,3345107.00000000,1642107599999,3343313.08180000,1609,2131460.00000000,2130394.27000000,0
1642107600000,0.99950000,0.99950000,0.99940000,0.99940000,2461803.00000000,1642111199999,2460483.76610000,1494,1578479.00000000,1577689.76050000,0
1642111200000,0.99950000,0.99950000,0.99940000,0.99950000,2496093.00000000,1642114799999,2494694.08600000,1054,987418.00000000,986924.29100000,0
1642114800000,0.99950000,0.99950000,0.99940000,0.99950000,2300188.00000000,1642118399999,2298969.13730000,1435,1612501.00000000,1611694.74950000,0
1642118400000,0.99950000,0.99950000,0.99940000,0.99940000,2133185.00000000,1642121999999,2132069.88310000,1743,1647941.00000000,1647117.02950000,0
1642122000000,0.99950000,0.99950000,0.99940000,0.99950000,2204443.00000000,1642125599999,2203290.22930000,1077,1698951.00000000,1698101.52450000,0
1642125600000,0.99950000,0.99950000,0.99940000,0.99950000,3043788.00000000,1642129199999,3042213.30670000,765,2515795.00000000,2514537.10250000,0
1642129200000,0.99950000,0.99950000,0.99940000,0.99950000,2749239.00000000,1642132799999,2747758.24250000,724,1687859.00000000,1687015.07050000,0
1642132800000,0.99950000,0.99950000,0.99940000,0.99950000,3705930.00000000,1642136399999,3703829.56720000,751,1231252.00000000,1230636.37400000,0
1642136400000,0.99950000,0.99950000,0.99940000,0.99950000,3894658.00000000,1642139999999,3892596.71880000,899,2755136.00000000,2753758.43200000,0
1642140000000,0.99940000,0.99950000,0.99940000,0.99940000,2124939.00000000,1642143599999,2123790.81260000,883,1267760.00000000,1267126.12000000,0
1642143600000,0.99950000,0.99950000,0.99940000,0.99940000,3467603.00000000,1642147199999,3465729.34440000,1007,2069062.00000000,2068027.46900000,0
1642147200000,0.99950000,0.99950000,0.99940000,0.99950000,3533860.00000000,1642150799999,3532005.43310000,1183,2657491.00000000,2656162.25450000,0
1642150800000,0.99950000,0.99950000,0.99940000,0.99940000,7205498.00000000,1642154399999,7201556.31300000,1256,3816118.00000000,3814209.94100000,0
1642154400000,0.99940000,0.99950000,0.99940000,0.99940000,4568133.00000000,1642157999999,4565722.83610000,1274,3307159.00000000,3305505.42050000,0
1642158000000,0.99940000,0.99960000,0.99940000,0.99960000,13032650.00000000,1642161599999,13025522.83240000,2237,6561724.00000000,6558449.45630000,0
1642161600000,0.99960000,0.99960000,0.99950000,0.99960000,6165193.00000000,1642165199999,6162536.65170000,1398,4262482.00000000,4260777.00720000,0
1642165200000,0.99950000,1.00000000,0.99950000,0.99990000,6242895.00000000,1642168799999,6241071.23760000,1331,4824059.00000000,4822827.85210000,0
1642168800000,1.00000000,1.00000000,0.99990000,0.99990000,6432301.00000000,1642172399999,6431866.24070000,2009,2084708.00000000,2084708.00000000,0
1642172400000,0.99990000,1.00000000,0.99990000,1.00000000,6996872.00000000,1642175999999,6996355.10670000,2399,1827939.00000000,1827939.00000000,0
1642176000000,0.99990000,1.00000000,0.99960000,0.99970000,8382237.00000000,1642179599999,8380957.76110000,1585,2092103.00000000,2091973.43920000,0
1642179600000,0.99970000,0.99970000,0.99960000,0.99970000,4193725.00000000,1642183199999,4192318.58810000,1181,2710781.00000000,2709967.76570000,0
1642183200000,0.99960000,0.99970000,0.99960000,0.99960000,1939646.00000000,1642186799999,1938976.19770000,859,1060561.00000000,1060242.83170000,0
1642186800000,0.99960000,0.99970000,0.99960000,0.99960000,1546770.00000000,1642190399999,1546230.76480000,933,794728.00000000,794489.58160000,0
1642190400000,0.99960000,0.99970000,0.99960000,0.99960000,3373477.00000000,1642193999999,3372219.65290000,873,920437.00000000,920160.86890000,0
1642194000000,0.99960000,0.99970000,0.99960000,0.99960000,2293416.00000000,1642197599999,2292556.99630000,920,583627.00000000,583451.91190000,0
1642197600000,0.99970000,0.99970000,0.99960000,0.99960000,2505767.00000000,1642201199999,2504856.17880000,930,914856.00000000,914581.54320000,0
1642201200000,0.99970000,0.99970000,0.99960000,0.99960000,1791343.00000000,1642204799999,1790683.67920000,794,572164.00000000,571992.35080000,0
1642204800000,0.99960000,0.99970000,0.99960000,0.99960000,4142510.00000000,1642208399999,4141212.00780000,705,3590118.00000000,3589040.96460000,0
1642208400000,0.99970000,0.99970000,0.99960000,0.99960000,1928711.00000000,1642211999999,1928009.01370000,732,694981.00000000,694772.50570000,0
1642212000000,0.99960000,0.99970000,0.99960000,0.99970000,1151335.00000000,1642215599999,1150915.79050000,513,413245.00000000,413121.02650000,0
1642215600000,0.99970000,0.99980000,0.99960000,0.99980000,4625707.00000000,1642219199999,4624315.53440000,768,3442112.00000000,3441118.17250000,0
1642219200000,0.99980000,0.99980000,0.99970000,0.99970000,2701108.00000000,1642222799999,2700456.75290000,772,1590853.00000000,1590534.82940000,0
1642222800000,0.99970000,0.99980000,0.99970000,0.99970000,1241535.00000000,1642226399999,1241202.73300000,638,401935.00000000,401854.61300000,0
1642226400000,0.99970000,0.99980000,0.99960000,0.99970000,5309133.00000000,1642229999999,5307551.60490000,885,1185260.00000000,1184994.02880000,0
1642230000000,0.99960000,0.99970000,0.99960000,0.99960000,3656215.00000000,1642233599999,3655002.82330000,693,2503093.00000000,2502342.07210000,0
1642233600000,0.99960000,0.99970000,0.99960000,0.99960000,4703502.00000000,1642237199999,4701901.63760000,733,2810384.00000000,2809540.88480000,0
1642237200000,0.99970000,0.99970000,0.99960000,0.99970000,5045273.00000000,1642240799999,5043355.63830000,765,1007475.00000000,1007172.75750000,0
1642240800000,0.99960000,0.99970000,0.99960000,0.99970000,2552217.00000000,1642244399999,2551317.41360000,1109,1213004.00000000,1212640.09880000,0
1642244400000,0.99960000,0.99970000,0.99950000,0.99950000,4916871.00000000,1642247999999,4914906.43960000,1049,998393.00000000,998064.58880000,0
1642248000000,0.99950000,0.99960000,0.99950000,0.99960000,1647508.00000000,1642251599999,1646768.15800000,1039,839120.00000000,838784.35200000,0
1642251600000,0.99950000,0.99960000,0.99950000,0.99950000,4906861.00000000,1642255199999,4904590.72260000,963,1831531.00000000,1830798.38760000,0
1642255200000,0.99950000,0.99960000,0.99950000,0.99950000,1726906.00000000,1642258799999,1726146.64800000,1053,1041010.00000000,1040593.59600000,0
1642258800000,0.99950000,0.99960000,0.99950000,0.99960000,2428310.00000000,1642262399999,2427248.69720000,1082,1528522.00000000,1527910.59120000,0
1642262400000,0.99960000,0.99960000,0.99950000,0.99960000,2801784.00000000,1642265999999,2800594.55090000,1042,2114429.00000000,2113583.22840000,0
1642266000000,0.99960000,0.99960000,0.99950000,0.99950000,1314577.00000000,1642269599999,1314007.57850000,964,878670.00000000,878318.53200000,0
1642269600000,0.99960000,0.99960000,0.99950000,0.99950000,5011384.00000000,1642273199999,5008996.80720000,1007,1184992.00000000,1184518.00320000,0
1642273200000,0.99960000,0.99960000,0.99950000,0.99960000,1264256.00000000,1642276799999,1263687.87380000,791,640018.00000000,639761.99280000,0
1642276800000,0.99960000,0.99960000,0.99950000,0.99960000,1719915.00000000,1642280399999,1719163.89260000,871,1088501.00000000,1088065.59960000,0
1642280400000,0.99960000,0.99960000,0.99950000,0.99950000,1890425.00000000,1642283999999,1889596.70100000,952,1169135.00000000,1168667.34600000,0
1642284000000,0.99960000,0.99960000,0.99950000,0.99950000,1840306.00000000,1642287599999,1839528.97730000,715,1431303.00000000,1430730.47880000,0
1642287600000,0.99960000,0.99960000,0.99950000,0.99950000,3876748.00000000,1642291199999,3874935.45620000,867,1258302.00000000,1257798.67920000,0
1642291200000,0.99950000,0.99960000,0.99950000,0.99960000,2576836.00000000,1642294799999,2575752.41070000,975,2048287.00000000,2047467.68520000,0
1642294800000,0.99950000,0.99960000,0.99950000,0.99950000,2413293.00000000,1642298399999,2412158.64040000,647,722869.00000000,722579.85240000,0
1642298400000,0.99950000,0.99960000,0.99940000,0.99950000,1735216.00000000,1642301999999,1734322.83830000,689,413280.00000000,413077.77520000,0
1642302000000,0.99940000,0.99950000,0.99940000,0.99940000,3624882.00000000,1642305599999,3622764.88850000,712,578177.00000000,577887.91150000,0
1642305600000,0.99940000,0.99950000,0.99940000,0.99940000,1910577.00000000,1642309199999,1909588.32210000,646,1576683.00000000,1575894.65850000,0
1642309200000,0.99950000,0.99950000,0.99940000,0.99950000,1794475.00000000,1642312799999,1793452.61670000,580,543017.00000000,542745.49150000,0
1642312800000,0.99940000,0.99950000,0.99940000,0.99950000,854801.00000000,1642316399999,854349.40000000,628,612806.00000000,612499.59700000,0
1642316400000,0.99940000,0.99950000,0.99940000,0.99940000,1957002.00000000,1642319999999,1955899.46970000,824,716709.00000000,716350.64550000,0
1642320000000,0.99950000,0.99950000,0.99940000,0.99950000,3827556.00000000,1642323599999,3825548.44550000,995,2889791.00000000,2888346.10450000,0
1642323600000,0.99950000,0.99950000,0.99940000,0.99950000,3477044.00000000,1642327199999,3475186.47910000,916,2287055.00000000,2285911.47250000,0
1642327200000,0.99950000,0.99950000,0.99940000,0.99950000,3341210.00000000,1642330799999,3339466.19130000,1092,2609173.00000000,2607868.41350000,0
1642330800000,0.99940000,0.99950000,0.99940000,0.99940000,2713736.00000000,1642334399999,2712249.24480000,964,1414864.00000000,1414156.56800000,0
1642334400000,0.99950000,0.99950000,0.99940000,0.99950000,4158780.00000000,1642337999999,4156566.67020000,1029,2819382.00000000,2817972.30900000,0
1642338000000,0.99950000,0.99960000,0.99940000,0.99950000,3060587.00000000,1642341599999,3059127.81820000,1329,2152841.00000000,2151891.32350000,0
1642341600000,0.99960000,0.99960000,0.99950000,0.99960000,1867092.00000000,1642345199999,1866286.89230000,1035,1284383.00000000,1283869.24680000,0
1642345200000,0.99950000,0.99960000,0.99950000,0.99950000,2090833.00000000,1642348799999,2089870.85840000,1056,832749.00000000,832415.90040000,0
1642348800000,0.99960000,0.99960000,0.99950000,0.99950000,2356655.00000000,1642352399999,2355617.07520000,1086,1404027.00000000,1403465.38920000,0
1642352400000,0.99950000,0.99970000,0.99950000,0.99970000,4409092.00000000,1642355999999,4407470.64730000,1273,3093411.00000000,3092343.37080000,0
1642356000000,0.99970000,0.99970000,0.99960000,0.99970000,2179055.00000000,1642359599999,2178327.55600000,1022,1441780.00000000,1441347.46600000,0
1642359600000,0.99960000,0.99970000,0.99960000,0.99970000,2022457.00000000,1642363199999,2021758.85090000,912,1108337.00000000,1108004.49890000,0
1642363200000,0.99960000,0.99980000,0.99960000,0.99960000,1910748.00000000,1642366799999,1910079.75970000,850,954769.00000000,954483.15130000,0
1642366800000,0.99970000,0.99970000,0.99960000,0.99960000,1083329.00000000,1642370399999,1082953.74950000,654,580811.00000000,580636.75670000,0
1642370400000,0.99960000,0.99970000,0.99960000,0.99960000,1567455.00000000,1642373999999,1566886.91930000,741,589013.00000000,588836.29610000,0
1642374000000,0.99970000,0.99970000,0.99960000,0.99970000,1948404.00000000,1642377599999,1947741.93550000,794,1172971.00000000,1172619.10870000,0
1642377600000,0.99960000,0.99970000,0.99960000,0.99960000,2046198.00000000,1642381199999,2045523.78350000,703,1442627.00000000,1442194.21190000,0
1642381200000,0.99960000,0.99980000,0.99960000,0.99980000,2926344.00000000,1642384799999,2925463.09630000,783,1999160.00000000,1998590.65620000,0
1642384800000,0.99980000,0.99980000,0.99970000,0.99980000,2419556.00000000,1642388399999,2418976.05660000,862,1459234.00000000,1458942.15320000,0
1642388400000,0.99980000,0.99980000,0.99970000,0.99970000,2738886.00000000,1642391999999,2738119.70660000,1287,553724.00000000,553613.25520000,0
1642392000000,0.99970000,0.99980000,0.99970000,0.99980000,3338114.00000000,1642395599999,3337232.39970000,1154,1198339.00000000,1198099.33220000,0
1642395600000,0.99970000,0.99980000,0.99970000,0.99970000,2307451.00000000,1642399199999,2306851.42310000,1011,926584.00000000,926398.68320000,0
1642399200000,0.99980000,0.99980000,0.99970000,0.99970000,2144844.00000000,1642402799999,2144279.83910000,927,792923.00000000,792764.41540000,0
1642402800000,0.99980000,0.99980000,0.99970000,0.99970000,2826777.00000000,1642406399999,2825980.36410000,944,513972.00000000,513869.20560000,0
1642406400000,0.99970000,0.99980000,0.99970000,0.99970000,4467499.00000000,1642409999999,4466416.05610000,1109,2573058.00000000,2572543.38840000,0
1642410000000,0.99970000,0.99980000,0.99970000,0.99970000,4779498.00000000,1642413599999,4778290.02570000,1257,2258751.00000000,2258299.24980000,0
1642413600000,0.99970000,0.99980000,0.99970000,0.99980000,4177611.00000000,1642417199999,4176444.46310000,1638,867464.00000000,867290.50720000,0
1642417200000,0.99970000,0.99980000,0.99970000,0.99970000,2317122.00000000,1642420799999,2316494.85360000,1138,679902.00000000,679766.01960000,0
1642420800000,0.99970000,0.99980000,0.99970000,0.99970000,3040514.00000000,1642424399999,3039680.27140000,1436,784256.00000000,784099.14880000,0
1642424400000,0.99980000,0.99980000,0.99970000,0.99970000,5172448.00000000,1642427999999,5171192.17470000,1350,2959091.00000000,2958499.18180000,0
1642428000000,0.99970000,0.99980000,0.99970000,0.99970000,1936354.00000000,1642431599999,1935874.22360000,1210,1011298.00000000,1011095.74040000,0
1642431600000,0.99970000,0.99980000,0.99970000,0.99970000,2883826.00000000,1642435199999,2883097.09000000,1409,1362378.00000000,1362105.52440000,0
1642435200000,0.99980000,0.99980000,0.99970000,0.99980000,3182904.00000000,1642438799999,3182059.49030000,1626,1103615.00000000,1103394.27700000,0
1642438800000,0.99970000,0.99980000,0.99970000,0.99980000,5573565.00000000,1642442399999,5572268.28460000,1590,3753541.00000000,3752790.29180000,0
1642442400000,0.99980000,0.99990000,0.99970000,0.99980000,6606441.00000000,1642445999999,6604984.11770000,1675,4811639.00000000,4810687.91800000,0
1642446000000,0.99980000,0.99990000,0.99980000,0.99990000,2759382.00000000,1642449599999,2758946.94700000,1315,1168234.00000000,1168117.17660000,0
1642449600000,0.99980000,0.99990000,0.99980000,0.99990000,2193668.00000000,1642453199999,2193287.16750000,1394,579011.00000000,578953.09890000,0
1642453200000,0.99990000,0.99990000,0.99980000,0.99990000,8015610.00000000,1642456799999,8014444.80900000,1847,4379310.00000000,4378872.06900000,0
1642456800000,0.99990000,0.99990000,0.99980000,0.99990000,4074663.00000000,1642460399999,4074074.95420000,1348,2268868.00000000,2268641.11320000,0
1642460400000,0.99990000,0.99990000,0.99980000,0.99990000,4618550.00000000,1642463999999,4617747.40800000,1042,1211180.00000000,1211058.88200000,0
1642464000000,0.99980000,0.99990000,0.99980000,0.99990000,2825780.00000000,1642467599999,2825321.10130000,1309,1062573.00000000,1062466.74270000,0
1642467600000,0.99990000,0.99990000,0.99980000,0.99990000,2766826.00000000,1642471199999,2766387.85520000,1241,1152204.00000000,1152088.77960000,0
1642471200000,0.99980000,0.99990000,0.99980000,0.99980000,2244728.00000000,1642474799999,2244331.98090000,1063,529265.00000000,529212.07350000,0
1642474800000,0.99990000,0.99990000,0.99980000,0.99980000,2590265.00000000,1642478399999,2589802.71520000,1240,557682.00000000,557626.23180000,0
1642478400000,0.99980000,0.99990000,0.99980000,0.99990000,2819668.00000000,1642481999999,2819250.80660000,1197,1467402.00000000,1467255.25980000,0
1642482000000,0.99980000,0.99990000,0.99980000,0.99980000,3066511.00000000,1642485599999,3066017.91080000,1160,1202130.00000000,1202009.78700000,0
1642485600000,0.99990000,0.99990000,0.99980000,0.99990000,2422588.00000000,1642489199999,2422248.11010000,1213,1446277.00000000,1446132.37230000,0
1642489200000,0.99990000,0.99990000,0.99980000,0.99980000,2918904.00000000,1642492799999,2918422.08860000,1331,1018694.00000000,1018592.13060000,0
1642492800000,0.99990000,0.99990000,0.99980000,0.99980000,3825916.00000000,1642496399999,3825319.17950000,1414,1683627.00000000,1683458.63730000,0
1642496400000,0.99980000,0.99990000,0.99980000,0.99990000,3461147.00000000,1642499999999,3460634.59780000,1498,1798272.00000000,1798092.17280000,0
1642500000000,0.99980000,0.99990000,0.99970000,0.99980000,14220853.00000000,1642503599999,14217977.13430000,1619,4728694.00000000,4727966.87140000,0
1642503600000,0.99980000,0.99980000,0.99970000,0.99970000,4595931.00000000,1642507199999,4594874.64860000,1399,3224279.00000000,3223634.14420000,0
1642507200000,0.99970000,0.99980000,0.99970000,0.99980000,4773201.00000000,1642510799999,4772001.45630000,1410,2324166.00000000,2323701.16680000,0
1642510800000,0.99970000,0.99980000,0.99970000,0.99970000,5405961.00000000,1642514399999,5404675.66420000,1525,3364525.00000000,3363852.09500000,0
1642514400000,0.99970000,1.00000000,0.99970000,1.00000000,11358390.00000000,1642517999999,11356582.75910000,1892,8966371.00000000,8965196.28190000,0
1642518000000,0.99990000,1.00000000,0.99980000,0.99990000,11732648.00000000,1642521599999,11731049.90030000,2302,1920767.00000000,1920645.46030000,0
1642521600000,0.99990000,0.99990000,0.99980000,0.99980000,3325430.00000000,1642525199999,3324943.24030000,1382,1783263.00000000,1783084.67370000,0
1642525200000,0.99980000,0.99990000,0.99980000,0.99990000,1736969.00000000,1642528799999,1736700.24670000,1274,786405.00000000,786326.35950000,0
1642528800000,0.99990000,0.99990000,0.99980000,0.99990000,7002221.00000000,1642532399999,7001071.87330000,1335,2513175.00000000,2512923.68250000,0
1642532400000,0.99990000,0.99990000,0.99970000,0.99980000,2811518.00000000,1642535999999,2810919.60460000,1245,1618147.00000000,1617826.20350000,0
1642536000000,0.99980000,0.99980000,0.99970000,0.99980000,1805449.00000000,1642539599999,1805050.82760000,1119,1434623.00000000,1434336.07540000,0
1642539600000,0.99980000,0.99980000,0.99970000,0.99970000,2625160.00000000,1642543199999,2624500.34120000,1329,1278892.00000000,1278636.22160000,0
1642543200000,0.99980000,0.99980000,0.99970000,0.99970000,4983198.00000000,1642546799999,4981992.04200000,2222,2890014.00000000,2889435.99720000,0
1642546800000,0.99970000,0.99980000,0.99970000,0.99970000,5187890.00000000,1642550399999,5186383.22010000,1025,495871.00000000,495771.82580000,0
1642550400000,0.99980000,0.99980000,0.99970000,0.99970000,4460847.00000000,1642553999999,4459749.87790000,1031,2411320.00000000,2410837.73600000,0
1642554000000,0.99980000,0.99980000,0.99970000,0.99970000,1434468.00000000,1642557599999,1434120.47710000,803,828175.00000000,828009.36500000,0
1642557600000,0.99970000,0.99980000,0.99970000,0.99980000,3927785.00000000,1642561199999,3926750.35450000,1150,1436900.00000000,1436612.62000000,0
1642561200000,0.99980000,0.99980000,0.99970000,0.99970000,3095440.00000000,1642564799999,3094627.80890000,1120,1164409.00000000,1164176.11820000,0
1642564800000,0.99970000,0.99980000,0.99970000,0.99970000,2490889.00000000,1642568399999,2490274.63910000,927,1329058.00000000,1328792.18840000,0
1642568400000,0.99970000,0.99980000,0.99970000,0.99980000,4083333.00000000,1642571999999,4082413.20960000,1046,3052095.00000000,3051484.58100000,0
1642572000000,0.99970000,0.99980000,0.99970000,0.99970000,1820171.00000000,1642575599999,1819696.44150000,954,714928.00000000,714785.01440000,0
1642575600000,0.99980000,0.99980000,0.99970000,0.99980000,7434186.00000000,1642579199999,7432400.61580000,1820,4448716.00000000,4447826.25680000,0
1642579200000,0.99980000,0.99980000,0.99970000,0.99980000,4419447.00000000,1642582799999,4418482.46020000,1487,3612943.00000000,3612220.41140000,0
1642582800000,0.99970000,0.99980000,0.99970000,0.99970000,4696186.00000000,1642586399999,4694958.76930000,1565,1816251.00000000,1815887.74980000,0
1642586400000,0.99980000,0.99980000,0.99970000,0.99980000,3212288.00000000,1642589999999,3211521.16120000,1253,1968476.00000000,1968082.30480000,0
1642590000000,0.99970000,0.99990000,0.99970000,0.99990000,5656989.00000000,1642593599999,5655822.16700000,1652,3832987.00000000,3832289.32500000,0
1642593600000,0.99980000,0.99990000,0.99980000,0.99980000,2756998.00000000,1642597199999,2756529.42290000,1360,828225.00000000,828142.17750000,0
1642597200000,0.99990000,0.99990000,0.99980000,0.99980000,3465407.00000000,1642600799999,3464856.75660000,1422,1428380.00000000,1428237.16200000,0
1642600800000,0.99990000,0.99990000,0.99980000,0.99990000,5425752.00000000,1642604399999,5424815.75830000,1939,1489087.00000000,1488938.09130000,0
1642604400000,0.99990000,0.99990000,0.99970000,0.99970000,9339210.00000000,1642607999999,9337281.77410000,2029,4892061.00000000,4891109.41520000,0
1642608000000,0.99970000,0.99980000,0.99970000,0.99980000,3464388.00000000,1642611599999,3463505.34530000,1576,1566617.00000000,1566303.67660000,0
1642611600000,0.99970000,1.00000000,0.99970000,0.99990000,9144229.00000000,1642615199999,9142308.40010000,2254,7885053.00000000,7883491.97330000,0
1642615200000,0.99990000,1.00000000,0.99990000,0.99990000,8014400.00000000,1642618799999,8013918.79730000,3604,3202373.00000000,3202373.00000000,0
1642618800000,0.99990000,1.00000000,0.99990000,0.99990000,3807953.00000000,1642622399999,3807726.50070000,2316,1542960.00000000,1542960.00000000,0
1642622400000,1.00000000,1.00000000,0.99990000,0.99990000,4391232.00000000,1642625999999,4390936.31250000,2493,1434357.00000000,1434357.00000000,0
1642626000000,0.99990000,1.00000000,0.99980000,0.99990000,3883274.00000000,1642629599999,3882756.54620000,1582,778734.00000000,778670.37170000,0
1642629600000,0.99980000,0.99990000,0.99980000,0.99990000,1888970.00000000,1642633199999,1888656.92450000,1006,647185.00000000,647120.28150000,0
1642633200000,0.99980000,0.99990000,0.99980000,0.99980000,1988995.00000000,1642636799999,1988720.25330000,965,1230523.00000000,1230399.94770000,0
1642636800000,0.99980000,0.99990000,0.99980000,0.99990000,2600876.00000000,1642640399999,2600479.01950000,1128,1231947.00000000,1231823.80530000,0
1642640400000,0.99980000,0.99990000,0.99980000,0.99980000,3159303.00000000,1642643999999,3158793.69150000,1174,1225521.00000000,1225398.44790000,0
1642644000000,0.99990000,0.99990000,0.99980000,0.99980000,3105092.00000000,1642647599999,3104725.77440000,969,2547928.00000000,2547673.20720000,0
1642647600000,0.99980000,0.99990000,0.99980000,0.99990000,1506700.00000000,1642651199999,1506466.08220000,898,674222.00000000,674154.57780000,0
1642651200000,0.99990000,0.99990000,0.99980000,0.99980000,1883875.00000000,1642654799999,1883617.89060000,917,1196656.00000000,1196536.33440000,0
1642654800000,0.99990000,0.99990000,0.99980000,0.99980000,2112137.00000000,1642658399999,2111863.30130000,868,1487287.00000000,1487138.27130000,0
1642658400000,0.99980000,0.99990000,0.99980000,0.99990000,5057216.00000000,1642661999999,5056285.38610000,1637,808293.00000000,808212.17070000,0
1642662000000,0.99980000,1.00030000,0.99980000,1.00010000,25994023.00000000,1642665599999,25996148.86500000,4031,10726055.00000000,10726559.54000000,0
1642665600000,1.00010000,1.00020000,0.99990000,0.99990000,2696892.00000000,1642669199999,2696889.38470000,1782,736566.00000000,736603.89610000,0
1642669200000,0.99990000,1.00000000,0.99990000,1.00000000,4844318.00000000,1642672799999,4844060.21240000,1426,2266442.00000000,2266442.00000000,0
1642672800000,0.99990000,1.00000000,0.99990000,1.00000000,5033376.00000000,1642676399999,5033212.45770000,1409,3397953.00000000,3397953.00000000,0
1642676400000,0.99990000,1.00060000,0.99990000,1.00000000,25412844.00000000,1642679999999,25417234.54730000,4493,9244461.00000000,9246032.56660000,0
1642680000000,1.00010000,1.00010000,1.00000000,1.00010000,5490500.00000000,1642683599999,5490825.28540000,2117,3252854.00000000,3253179.28540000,0
1642683600000,1.00000000,1.00020000,1.00000000,1.00010000,12091673.00000000,1642687199999,12093161.58720000,5259,5372153.00000000,5372971.90780000,0
1642687200000,1.00010000,1.00020000,0.99990000,1.00000000,9421144.00000000,1642690799999,9421420.27110000,2795,2624498.00000000,2624759.20820000,0
1642690800000,1.00000000,1.00000000,0.99990000,0.99990000,10403459.00000000,1642694399999,10402798.23700000,2656,3795829.00000000,3795829.00000000,0
1642694400000,1.00000000,1.00000000,0.99990000,1.00000000,5903557.00000000,1642697999999,5903259.58810000,1763,2929438.00000000,2929438.00000000,0
1642698000000,1.00000000,1.00000000,0.99990000,0.99990000,2839742.00000000,1642701599999,2839559.69440000,1811,1016686.00000000,1016686.00000000,0
1642701600000,0.99990000,1.00000000,0.99990000,0.99990000,6000026.00000000,1642705199999,5999682.13980000,2124,2561424.00000000,2561424.00000000,0
1642705200000,0.99990000,1.00000000,0.99990000,0.99990000,4263856.00000000,1642708799999,4263572.35390000,1482,1427395.00000000,1427395.00000000,0
1642708800000,0.99990000,1.00000000,0.99990000,0.99990000,2278032.00000000,1642712399999,2277929.22900000,1161,1250322.00000000,1250322.00000000,0
1642712400000,0.99990000,1.00000000,0.99990000,0.99990000,4321848.00000000,1642715999999,4321539.42220000,1530,1236070.00000000,1236070.00000000,0
1642716000000,0.99990000,1.00000000,0.99990000,1.00000000,5303317.00000000,1642719599999,5303070.05580000,2115,2833875.00000000,2833875.00000000,0
1642719600000,0.99990000,1.00000000,0.99990000,0.99990000,7218152.00000000,1642723199999,7217946.40120000,1787,5162164.00000000,5162164.00000000,0
1642723200000,0.99990000,1.00000000,0.99980000,0.99980000,9253113.00000000,1642726799999,9252161.35150000,1734,3679776.00000000,3679467.72470000,0
1642726800000,0.99990000,0.99990000,0.99980000,0.99990000,5590053.00000000,1642730399999,5589327.95980000,1555,3929704.00000000,3929311.02960000,0
1642730400000,0.99980000,0.99990000,0.99980000,0.99980000,8022481.00000000,1642733999999,8021218.53300000,1438,3420292.00000000,3419949.97080000,0
1642734000000,0.99980000,0.99990000,0.99980000,0.99990000,7914425.00000000,1642737599999,7913254.88990000,1899,4127749.00000000,4127336.22510000,0
1642737600000,0.99980000,0.99990000,0.99980000,0.99980000,8123064.00000000,1642741199999,8121670.14890000,1269,2307617.00000000,2307386.23830000,0
1642741200000,0.99990000,0.99990000,0.99980000,0.99980000,4380661.00000000,1642744799999,4380037.97130000,1162,2531035.00000000,2530781.89650000,0
1642744800000,0.99980000,1.00000000,0.99980000,0.99990000,5579864.00000000,1642748399999,5579120.16630000,1397,2321999.00000000,2321862.73350000,0
1642748400000,0.99990000,1.00000000,0.99990000,0.99990000,6248114.00000000,1642751999999,6247807.40280000,1651,3182142.00000000,3182142.00000000,0
1642752000000,0.99990000,1.00000000,0.99990000,0.99990000,7251384.00000000,1642755599999,7250895.93220000,2004,2370706.00000000,2370706.00000000,0
1642755600000,1.00000000,1.00000000,0.99980000,0.99990000,7772144.00000000,1642759199999,7771402.74780000,1887,1811577.00000000,1811539.21270000,0
1642759200000,0.99990000,0.99990000,0.99980000,0.99990000,5683232.00000000,1642762799999,5682461.13330000,1295,3657797.00000000,3657431.22030000,0
1642762800000,0.99990000,1.00000000,0.99980000,1.00000000,9497481.00000000,1642766399999,9496669.34930000,1615,7774690.00000000,7774177.98460000,0
1642766400000,1.00000000,1.00030000,0.99990000,1.00020000,16914063.00000000,1642769999999,16916756.25780000,4065,7227249.00000000,7228537.48380000,0
1642770000000,1.00010000,1.00020000,1.00010000,1.00020000,7927079.00000000,1642773599999,7928400.65280000,2373,5289449.00000000,5290506.88980000,0
1642773600000,1.00020000,1.00020000,0.99990000,1.00000000,11191478.00000000,1642777199999,11192492.64660000,4035,2605692.00000000,2606162.57840000,0
1642777200000,1.00000000,1.00000000,0.99970000,0.99980000,10130225.00000000,1642780799999,10128238.27860000,2193,4122143.00000000,4121413.97400000,0
1642780800000,0.99980000,0.99980000,0.99960000,0.99980000,11291855.00000000,1642784399999,11288863.79010000,2105,7329078.00000000,7327275.82140000,0
1642784400000,0.99980000,0.99980000,0.99970000,0.99980000,8008717.00000000,1642787999999,8007005.63110000,2711,6912462.00000000,6911079.50760000,0
1642788000000,0.99970000,0.99990000,0.99970000,0.99980000,8087007.00000000,1642791599999,8085896.38560000,1569,6754970.00000000,6754134.98540000,0
1642791600000,0.99980000,0.99990000,0.99980000,0.99980000,2677992.00000000,1642795199999,2677622.93780000,1171,1665362.00000000,1665195.46380000,0
1642795200000,0.99980000,1.00000000,0.99980000,1.00000000,8141569.00000000,1642798799999,8140838.96930000,2894,6417528.00000000,6417111.08360000,0
1642798800000,0.99990000,1.00000000,0.99990000,1.00000000,8122490.00000000,1642802399999,8122239.22560000,3243,5614746.00000000,5614746.00000000,0
1642802400000,0.99990000,1.00010000,0.99990000,1.00010000,12154396.00000000,1642805999999,12154839.98310000,3859,7522543.00000000,7523051.63130000,0
1642806000000,1.00000000,1.00010000,1.00000000,1.00000000,11983442.00000000,1642809599999,11983898.89760000,2967,4568976.00000000,4569432.89760000,0
1642809600000,1.00010000,1.00010000,0.99980000,0.99990000,14555757.00000000,1642813199999,14554868.38820000,3492,3916231.00000000,3916185.60230000,0
1642813200000,0.99980000,0.99990000,0.99980000,0.99980000,7048677.00000000,1642816799999,7047605.29900000,1522,3380344.00000000,3380005.96560000,0
1642816800000,0.99980000,0.99990000,0.99980000,0.99980000,5413781.00000000,1642820399999,5412893.60410000,1584,1953603.00000000,1953407.63970000,0
1642820400000,0.99980000,0.99990000,0.99960000,0.99970000,11967395.00000000,1642823999999,11964222.45740000,3071,2443819.00000000,2443280.91060000,0
1642824000000,0.99960000,0.99970000,0.99960000,0.99970000,5733985.00000000,1642827599999,5732000.73350000,1577,3093275.00000000,3092347.01750000,0
1642827600000,0.99960000,0.99970000,0.99960000,0.99970000,6912932.00000000,1642831199999,6910549.58090000,1886,3827537.00000000,3826388.73890000,0
1642831200000,0.99970000,0.99980000,0.99960000,0.99980000,11895365.00000000,1642834799999,11891681.21660000,2941,8843112.00000000,8840637.60770000,0
1642834800000,0.99980000,0.99990000,0.99970000,0.99980000,14943078.00000000,1642838399999,14940808.36700000,2759,7485097.00000000,7484336.10170000,0
1642838400000,0.99980000,0.99990000,0.99980000,0.99990000,8895543.00000000,1642841999999,8894122.87130000,2236,3589799.00000000,3589440.02010000,0
1642842000000,0.99980000,0.99990000,0.99980000,0.99980000,9606713.00000000,1642845599999,9605276.43000000,3069,4847726.00000000,4847241.22740000,0
1642845600000,0.99990000,0.99990000,0.99980000,0.99980000,19547660.00000000,1642849199999,19544615.90820000,4709,8654402.00000000,8653536.55980000,0
1642849200000,0.99990000,0.99990000,0.99980000,0.99990000,10934021.00000000,1642852799999,10932147.49780000,2789,3133020.00000000,3132706.69800000,0
1642852800000,0.99990000,0.99990000,0.99980000,0.99980000,9270075.00000000,1642856399999,9268748.85310000,2334,5278681.00000000,5278153.13190000,0
1642856400000,0.99980000,0.99990000,0.99980000,0.99980000,6301007.00000000,1642859999999,6299950.31900000,2706,2035204.00000000,2035000.47960000,0
1642860000000,0.99990000,0.99990000,0.99980000,0.99980000,4960580.00000000,1642863599999,4959794.30030000,2241,2064163.00000000,2063956.58370000,0
1642863600000,0.99990000,0.99990000,0.99980000,0.99990000,8093173.00000000,1642867199999,8091800.65500000,2036,2462896.00000000,2462649.71040000,0
1642867200000,0.99980000,0.99990000,0.99980000,0.99990000,7366290.00000000,1642870799999,7365358.11560000,2200,5413736.00000000,5413194.62640000,0
1642870800000,0.99980000,1.00000000,0.99980000,1.00000000,7472237.00000000,1642874399999,7471335.16620000,2795,3760244.00000000,3760016.17670000,0
1642874400000,1.00000000,1.00010000,0.99990000,1.00010000,6670852.00000000,1642877999999,6670945.65010000,1972,4462372.00000000,4462557.49810000,0
1642878000000,1.00000000,1.00020000,1.00000000,1.00020000,4952243.00000000,1642881599999,4952880.49770000,2276,2584748.00000000,2585177.92690000,0
1642881600000,1.00020000,1.00020000,1.00010000,1.00010000,5027451.00000000,1642885199999,5028185.90330000,2194,2321582.00000000,2322046.31640000,0
1642885200000,1.00010000,1.00020000,1.00010000,1.00010000,4513292.00000000,1642888799999,4513859.18880000,1851,1158596.00000000,1158827.71920000,0
1642888800000,1.00010000,1.00020000,1.00000000,1.00010000,5076266.00000000,1642892399999,5076499.47000000,2343,540743.00000000,540800.78010000,0
1642892400000,1.00000000,1.00010000,1.00000000,1.00010000,2449439.00000000,1642895999999,2449516.28080000,987,772808.00000000,772885.28080000,0
1642896000000,1.00000000,1.00010000,0.99990000,1.00010000,5370682.00000000,1642899599999,5370833.83860000,1516,1629876.00000000,1630038.98760000,0
1642899600000,1.00000000,1.00010000,1.00000000,1.00000000,5780721.00000000,1642903199999,5780843.97910000,1520,1229791.00000000,1229913.97910000,0
1642903200000,1.00010000,1.00010000,1.00000000,1.00000000,4346271.00000000,1642906799999,4346354.66660000,1523,836666.00000000,836749.66660000,0
1642906800000,1.00000000,1.00010000,1.00000000,1.00000000,2396478.00000000,1642910399999,2396526.30160000,1020,483016.00000000,483064.30160000,0
1642910400000,1.00000000,1.00010000,1.00000000,1.00000000,4769119.00000000,1642913999999,4769248.69140000,1426,1296914.00000000,1297043.69140000,0
1642914000000,1.00000000,1.00010000,1.00000000,1.00000000,3258934.00000000,1642917599999,3259065.56100000,1237,1315610.00000000,1315741.56100000,0
1642917600000,1.00000000,1.00010000,1.00000000,1.00000000,7054753.00000000,1642921199999,7054861.24080000,1346,1082408.00000000,1082516.24080000,0
1642921200000,1.00010000,1.00010000,0.99990000,0.99990000,6128795.00000000,1642924799999,6128744.21620000,1636,1446906.00000000,1446959.27670000,0
1642924800000,0.99990000,1.00000000,0.99990000,1.00000000,5421641.00000000,1642928399999,5421408.35960000,1675,3095237.00000000,3095237.00000000,0
1642928400000,1.00000000,1.00000000,0.99990000,0.99990000,6046779.00000000,1642931999999,6046419.17120000,2266,2448491.00000000,2448491.00000000,0
1642932000000,1.00000000,1.00000000,0.99990000,0.99990000,5147360.00000000,1642935599999,5146934.86250000,2192,895985.00000000,895985.00000000,0
1642935600000,0.99990000,1.00000000,0.99990000,0.99990000,4384376.00000000,1642939199999,4384025.14380000,1781,875814.00000000,875814.00000000,0
1642939200000,0.99990000,1.00000000,0.99990000,0.99990000,3113798.00000000,1642942799999,3113634.69820000,1344,1480780.00000000,1480780.00000000,0
1642942800000,0.99990000,1.00000000,0.99990000,1.00000000,3984417.00000000,1642946399999,3984156.55990000,1346,1380016.00000000,1380016.00000000,0
1642946400000,0.99990000,1.00000000,0.99990000,0.99990000,5949922.00000000,1642949999999,5949585.95320000,2049,2589454.00000000,2589454.00000000,0
1642950000000,0.99990000,1.00000000,0.99990000,0.99990000,3376556.00000000,1642953599999,3376369.53760000,1281,1511932.00000000,1511932.00000000,0
1642953600000,1.00000000,1.00000000,0.99990000,0.99990000,3185266.00000000,1642957199999,3185136.99910000,1264,1895257.00000000,1895257.00000000,0
1642957200000,0.99990000,1.00000000,0.99990000,0.99990000,3646786.00000000,1642960799999,3646565.52990000,1143,1442085.00000000,1442085.00000000,0
1642960800000,0.99990000,1.00000000,0.99990000,0.99990000,3253997.00000000,1642964399999,3253781.85350000,1606,1102532.00000000,1102532.00000000,0
1642964400000,0.99990000,1.00000000,0.99990000,0.99990000,4547481.00000000,1642967999999,4547181.56820000,1450,1553163.00000000,1553163.00000000,0
1642968000000,0.99990000,1.00000000,0.99990000,0.99990000,3005665.00000000,1642971599999,3005486.05010000,1246,1216166.00000000,1216166.00000000,0
1642971600000,1.00000000,1.00000000,0.99990000,0.99990000,2392548.00000000,1642975199999,2392402.86750000,1353,941223.00000000,941223.00000000,0
1642975200000,0.99990000,1.00000000,0.99990000,0.99990000,2569987.00000000,1642978799999,2569799.19980000,1988,691985.00000000,691985.00000000,0
1642978800000,0.99990000,1.00000000,0.99990000,0.99990000,9813471.00000000,1642982399999,9812912.91500000,2859,4232621.00000000,4232621.00000000,0
1642982400000,0.99990000,1.00000000,0.99950000,0.99970000,20459716.00000000,1642985999999,20453707.35050000,4597,6754992.00000000,6752500.47120000,0
1642986000000,0.99960000,0.99970000,0.99950000,0.99960000,4947346.00000000,1642989599999,4945449.16940000,1282,882873.00000000,882607.10660000,0
1642989600000,0.99950000,0.99960000,0.99950000,0.99950000,4203839.00000000,1642993199999,4201895.65370000,1353,1585732.00000000,1585097.70720000,0
1642993200000,0.99950000,0.99970000,0.99950000,0.99960000,7703971.00000000,1642996799999,7700935.70360000,1392,6540616.00000000,6538094.54450000,0
1642996800000,0.99960000,0.99970000,0.99960000,0.99970000,4955167.00000000,1643000399999,4953530.08560000,1361,3451524.00000000,3450488.54280000,0
1643000400000,0.99970000,0.99970000,0.99950000,0.99960000,13305466.00000000,1643003999999,13300212.46950000,1495,4239595.00000000,4238176.17130000,0
1643004000000,0.99960000,0.99960000,0.99950000,0.99960000,3347514.00000000,1643007599999,3346071.48820000,828,2312452.00000000,2311527.01920000,0
1643007600000,0.99950000,0.99960000,0.99950000,0.99960000,4207137.00000000,1643011199999,4205372.93300000,1525,3395015.00000000,3393656.99400000,0
1643011200000,0.99960000,1.00010000,0.99950000,1.00010000,8984101.00000000,1643014799999,8981459.89680000,2155,7368012.00000000,7366003.38650000,0
1643014800000,1.00000000,1.00010000,0.99990000,0.99990000,8020430.00000000,1643018399999,8020446.53770000,5820,1616680.00000000,1616797.49920000,0
1643018400000,0.99990000,1.00000000,0.99980000,0.99990000,16308996.00000000,1643021999999,16307086.15190000,2933,8596079.00000000,8595290.63700000,0
1643022000000,0.99990000,0.99990000,0.99980000,0.99990000,10695817.00000000,1643025599999,10694133.62150000,2699,4557849.00000000,4557393.21510000,0
1643025600000,0.99990000,0.99990000,0.99980000,0.99990000,10461953.00000000,1643029199999,10460463.45280000,2773,6028434.00000000,6027831.15660000,0
1643029200000,0.99980000,0.99990000,0.99980000,0.99990000,12099279.00000000,1643032799999,12097537.42300000,3197,6782788.00000000,6782109.72120000,0
1643032800000,0.99980000,0.99990000,0.99980000,0.99980000,10131527.00000000,1643036399999,10130191.21430000,2688,6905197.00000000,6904506.48030000,0
1643036400000,0.99980000,0.99990000,0.99980000,0.99980000,13418388.00000000,1643039999999,13416485.16680000,2777,7808444.00000000,7807663.15560000,0
1643040000000,0.99980000,0.99990000,0.99980000,0.99980000,9770189.00000000,1643043599999,9768505.12600000,3483,2701638.00000000,2701367.83620000,0
1643043600000,0.99980000,0.99990000,0.99960000,0.99970000,16140545.00000000,1643047199999,16136211.43310000,6356,6847676.00000000,6845885.15330000,0
1643047200000,0.99970000,0.99980000,0.99960000,0.99960000,13480437.00000000,1643050799999,13475784.61990000,3841,3199410.00000000,3198517.67760000,0
1643050800000,0.99960000,0.99970000,0.99960000,0.99960000,4759754.00000000,1643054399999,4757982.02440000,2250,1319260.00000000,1318864.22200000,0
1643054400000,0.99960000,0.99970000,0.99960000,0.99960000,4918919.00000000,1643057999999,4917146.97510000,2436,1955427.00000000,1954840.37190000,0
1643058000000,0.99970000,0.99970000,0.99960000,0.99960000,6382826.00000000,1643061599999,6380448.90830000,2110,1760387.00000000,1759858.88390000,0
1643061600000,0.99960000,0.99970000,0.99960000,0.99960000,2391504.00000000,1643065199999,2390660.68450000,1453,1132861.00000000,1132521.14170000,0
1643065200000,0.99970000,0.99970000,0.99960000,0.99970000,6747534.00000000,1643068799999,6745380.15700000,1181,5451706.00000000,5450070.48820000,0
1643068800000,0.99970000,0.99980000,0.99960000,0.99970000,4353174.00000000,1643072399999,4351927.56750000,1228,2443969.00000000,2443312.87810000,0
1643072400000,0.99980000,0.99980000,0.99970000,0.99970000,2828397.00000000,1643075999999,2827653.74370000,806,1052628.00000000,1052417.47440000,0
1643076000000,0.99980000,0.99990000,0.99970000,0.99990000,5839310.00000000,1643079599999,5838269.07640000,1271,4213501.00000000,4212830.00050000,0
1643079600000,0.99980000,0.99990000,0.99980000,0.99990000,1837575.00000000,1643083199999,1837269.96100000,1004,624760.00000000,624697.52400000,0
1643083200000,0.99990000,0.99990000,0.99980000,0.99980000,4032427.00000000,1643086799999,4031715.06560000,1273,945510.00000000,945415.44900000,0
1643086800000,0.99980000,0.99990000,0.99980000,0.99980000,1747317.00000000,1643090399999,1747061.03890000,1003,935023.00000000,934929.49770000,0
1643090400000,0.99990000,0.99990000,0.99970000,0.99980000,11552334.00000000,1643093999999,11550304.96980000,1192,3908359.00000000,3907968.16410000,0
1643094000000,0.99980000,0.99990000,0.99980000,0.99980000,7322023.00000000,1643097599999,7320708.45280000,1554,1498574.00000000,1498424.14260000,0
1643097600000,0.99990000,0.99990000,0.99970000,0.99970000,5162368.00000000,1643101199999,5161435.40370000,1557,1576058.00000000,1575892.38760000,0
1643101200000,0.99980000,0.99980000,0.99970000,0.99980000,3324262.00000000,1643104799999,3323388.82130000,1414,1240999.00000000,1240750.80020000,0
1643104800000,0.99970000,0.99980000,0.99970000,0.99970000,6648902.00000000,1643108399999,6647028.15500000,2232,1208256.00000000,1208014.34880000,0
1643108400000,0.99970000,0.99980000,0.99960000,0.99960000,6119645.00000000,1643111999999,6117939.60950000,1886,1575137.00000000,1574816.71160000,0
1643112000000,0.99960000,0.99970000,0.99960000,0.99970000,8474713.00000000,1643115599999,8471700.53180000,1839,3774170.00000000,3773037.74900000,0
1643115600000,0.99970000,0.99970000,0.99960000,0.99970000,4278124.00000000,1643119199999,4276534.57820000,1636,1218278.00000000,1217912.51660000,0
1643119200000,0.99970000,0.99970000,0.99960000,0.99970000,4523767.00000000,1643122799999,4522117.82510000,2006,1603319.00000000,1602838.00430000,0
1643122800000,0.99970000,0.99970000,0.99960000,0.99960000,5574551.00000000,1643126399999,5572591.46510000,2083,2702855.00000000,2702044.14350000,0
1643126400000,0.99960000,0.99970000,0.99950000,0.99950000,12096696.00000000,1643129999999,12091710.97220000,2029,2505688.00000000,2504811.18910000,0
1643130000000,0.99950000,0.99960000,0.99940000,0.99950000,5169177.00000000,1643133599999,5166407.72460000,1694,3100092.00000000,3098545.99550000,0
1643133600000,0.99950000,0.99950000,0.99940000,0.99950000,8330309.00000000,1643137199999,8325911.43010000,2213,6006155.00000000,6003151.92250000,0
1643137200000,0.99950000,0.99950000,0.99930000,0.99930000,5925112.00000000,1643140799999,5921634.34730000,1568,1216872.00000000,1216250.80120000,0
1643140800000,0.99940000,0.99940000,0.99930000,0.99940000,5721143.00000000,1643144399999,5717620.63970000,4821,4824398.00000000,4821503.36120000,0
1643144400000,0.99940000,0.99940000,0.99930000,0.99940000,5221853.00000000,1643147999999,5218595.92810000,3886,3982252.00000000,3979862.64880000,0
1643148000000,0.99940000,0.99950000,0.99940000,0.99950000,3163756.00000000,1643151599999,3162008.40950000,1203,1508830.00000000,1508075.36510000,0
1643151600000,0.99950000,0.99950000,0.99940000,0.99940000,2013020.00000000,1643155199999,2011951.28550000,997,1390975.00000000,1390279.51250000,0
1643155200000,0.99950000,0.99950000,0.99940000,0.99940000,2217902.00000000,1643158799999,2216724.13190000,1037,1528731.00000000,1527966.63450000,0
1643158800000,0.99950000,0.99950000,0.99940000,0.99950000,1471098.00000000,1643162399999,1470297.52890000,825,821877.00000000,821466.06150000,0
1643162400000,0.99950000,0.99950000,0.99940000,0.99940000,1550180.00000000,1643165999999,1549311.33180000,755,614398.00000000,614090.80100000,0
1643166000000,0.99940000,0.99950000,0.99940000,0.99940000,3939271.00000000,1643169599999,3937187.16820000,952,2797308.00000000,2795909.34600000,0
1643169600000,0.99940000,0.99980000,0.99940000,0.99980000,12072549.00000000,1643173199999,12068260.80610000,1296,10744681.00000000,10740830.94250000,0
1643173200000,0.99970000,0.99980000,0.99970000,0.99970000,6688804.00000000,1643176799999,6687119.76940000,1359,3224106.00000000,3223461.17880000,0
1643176800000,0.99970000,0.99980000,0.99970000,0.99980000,5316033.00000000,1643180399999,5314529.54860000,1841,913585.00000000,913402.28300000,0
1643180400000,0.99970000,0.99980000,0.99970000,0.99970000,6283274.00000000,1643183999999,6281597.34970000,1503,2083319.00000000,2082902.33620000,0
1643184000000,0.99970000,0.99980000,0.99960000,0.99960000,4922042.00000000,1643187599999,4920632.86600000,1941,847870.00000000,847696.38710000,0
1643187600000,0.99960000,0.99970000,0.99950000,0.99960000,10109626.00000000,1643191199999,10105698.08960000,2475,1913941.00000000,1913326.68110000,0
1643191200000,0.99960000,0.99960000,0.99950000,0.99950000,4838403.00000000,1643194799999,4836172.67810000,1339,1888796.00000000,1888040.48160000,0
1643194800000,0.99950000,0.99960000,0.99930000,0.99940000,7693608.00000000,1643198399999,7689116.53020000,1520,1980697.00000000,1979526.06000000,0
1643198400000,0.99940000,0.99940000,0.99930000,0.99940000,5173342.00000000,1643201999999,5169906.40700000,1401,1857464.00000000,1856349.52160000,0
1643202000000,0.99930000,0.99940000,0.99920000,0.99930000,6721819.00000000,1643205599999,6717048.82470000,2015,2010002.00000000,2008732.03600000,0
1643205600000,0.99920000,0.99930000,0.99920000,0.99920000,6391106.00000000,1643209199999,6386335.78700000,2075,3426718.00000000,3424319.29740000,0
1643209200000,0.99920000,0.99930000,0.99920000,0.99930000,7951868.00000000,1643212799999,7946013.98130000,3188,5074757.00000000,5071204.67010000,0
1643212800000,0.99930000,0.99940000,0.99920000,0.99940000,4798775.00000000,1643216399999,4795658.77630000,1720,2892943.00000000,2891163.58050000,0
1643216400000,0.99940000,0.99950000,0.99930000,0.99950000,7669537.00000000,1643219999999,7665114.97040000,1634,4289784.00000000,4287396.46450000,0
1643220000000,0.99940000,0.99950000,0.99940000,0.99950000,4894938.00000000,1643223599999,4892160.50380000,1709,1594666.00000000,1593868.66700000,0
1643223600000,0.99950000,0.99950000,0.99940000,0.99940000,10274910.00000000,1643227199999,10269300.15870000,3360,5551047.00000000,5548271.47650000,0
1643227200000,0.99950000,0.99950000,0.99930000,0.99930000,11537184.00000000,1643230799999,11530501.91040000,2910,3972678.00000000,3970587.41330000,0
1643230800000,0.99930000,0.99940000,0.99930000,0.99930000,4067349.00000000,1643234399999,4064717.26560000,1887,2154099.00000000,2152806.54060000,0
1643234400000,0.99940000,0.99940000,0.99930000,0.99940000,6485918.00000000,1643237999999,6481886.79030000,1661,5089329.00000000,5086275.40260000,0
1643238000000,0.99940000,0.99940000,0.99930000,0.99930000,2604558.00000000,1643241599999,2602909.54450000,952,1747351.00000000,1746302.58940000,0
1643241600000,0.99940000,0.99940000,0.99930000,0.99940000,3470076.00000000,1643245199999,3467934.93180000,1591,2879850.00000000,2878122.09000000,0
1643245200000,0.99940000,0.99940000,0.99930000,0.99930000,4305138.00000000,1643248799999,4302440.59630000,1651,3161929.00000000,3160031.84260000,0
1643248800000,0.99940000,0.99960000,0.99930000,0.99960000,8381757.00000000,1643252399999,8376731.11740000,1784,6244223.00000000,6240664.15530000,0
1643252400000,0.99960000,0.99960000,0.99950000,0.99960000,6792798.00000000,1643255999999,6789928.48870000,1294,5268877.00000000,5266769.44920000,0
1643256000000,0.99950000,0.99960000,0.99950000,0.99950000,1740461.00000000,1643259599999,1739688.26060000,954,974911.00000000,974521.03560000,0
1643259600000,0.99950000,0.99960000,0.99950000,0.99950000,3123525.00000000,1643263199999,3122068.47080000,1047,1052333.00000000,1051912.06680000,0
1643263200000,0.99950000,0.99960000,0.99950000,0.99960000,3073213.00000000,1643266799999,3071902.09320000,959,2256997.00000000,2256094.20120000,0
1643266800000,0.99960000,0.99960000,0.99950000,0.99950000,2397175.00000000,1643270399999,2396045.83720000,1184,694247.00000000,693969.30120000,0
1643270400000,0.99960000,0.99960000,0.99950000,0.99950000,3147567.00000000,1643273999999,3146106.90060000,1182,1136841.00000000,1136386.26360000,0
1643274000000,0.99950000,0.99960000,0.99950000,0.99960000,5002249.00000000,1643277599999,5000083.81730000,1275,3359418.00000000,3358074.23280000,0
1643277600000,0.99960000,0.99960000,0.99950000,0.99960000,8040375.00000000,1643281199999,8036907.55050000,1510,5527380.00000000,5525169.04800000,0
1643281200000,0.99950000,0.99960000,0.99950000,0.99950000,7028217.00000000,1643284799999,7025199.75920000,1512,4968677.00000000,4966689.52920000,0
1643284800000,0.99960000,0.99970000,0.99950000,0.99970000,7752768.00000000,1643288399999,7749514.30170000,1771,4862373.00000000,4860481.32870000,0
1643288400000,0.99960000,0.99970000,0.99960000,0.99960000,6027543.00000000,1643291999999,6025336.61200000,1856,2046292.00000000,2045678.11240000,0
1643292000000,0.99970000,0.99970000,0.99960000,0.99960000,4870393.00000000,1643295599999,4868590.99750000,2143,1461547.00000000,1461108.53590000,0
1643295600000,0.99970000,0.99970000,0.99960000,0.99960000,4089082.00000000,1643299199999,4087683.36490000,1682,2369977.00000000,2369266.00690000,0
1643299200000,0.99960000,0.99970000,0.99950000,0.99950000,5854367.00000000,1643302799999,5852127.88050000,1572,1730585.00000000,1730010.74690000,0
1643302800000,0.99950000,0.99960000,0.99950000,0.99960000,4591527.00000000,1643306399999,4589595.53370000,1608,3642972.00000000,3641514.81120000,0
1643306400000,0.99960000,0.99980000,0.99950000,0.99980000,10097800.00000000,1643309999999,10094502.92880000,1527,8274691.00000000,8272176.42710000,0
1643310000000,0.99970000,0.99990000,0.99970000,0.99990000,3002506.00000000,1643313599999,3001977.33160000,1586,892868.00000000,892765.28880000,0
1643313600000,0.99980000,0.99990000,0.99980000,0.99990000,3352108.00000000,1643317199999,3351643.87000000,1519,2062916.00000000,2062709.70840000,0
1643317200000,0.99980000,0.99990000,0.99980000,0.99980000,5095030.00000000,1643320799999,5094279.72640000,1471,2687324.00000000,2687055.26760000,0
1643320800000,0.99990000,1.00000000,0.99980000,1.00000000,7998219.00000000,1643324399999,7997559.24150000,1884,6534569.00000000,6534122.98780000,0
1643324400000,0.99990000,1.00000000,0.99990000,0.99990000,4470033.00000000,1643327999999,4469775.19770000,1893,1892010.00000000,1892010.00000000,0
1643328000000,0.99990000,1.00000000,0.99990000,0.99990000,4380129.00000000,1643331599999,4379774.00860000,1659,830215.00000000,830215.00000000,0
1643331600000,1.00000000,1.00000000,0.99990000,1.00000000,5154808.00000000,1643335199999,5154471.02150000,1661,1785023.00000000,1785023.00000000,0
1643335200000,0.99990000,1.00000000,0.99990000,0.99990000,3841362.00000000,1643338799999,3841114.60870000,1694,1367449.00000000,1367449.00000000,0
1643338800000,0.99990000,1.00000000,0.99990000,0.99990000,6900093.00000000,1643342399999,6899738.71600000,1474,3357253.00000000,3357253.00000000,0
1643342400000,1.00000000,1.00000000,0.99990000,1.00000000,4831668.00000000,1643345999999,4831318.51690000,2099,1336837.00000000,1336837.00000000,0
1643346000000,0.99990000,1.00000000,0.99990000,1.00000000,3316861.00000000,1643349599999,3316679.18520000,1169,1498713.00000000,1498713.00000000,0
1643349600000,0.99990000,1.00000000,0.99970000,0.99970000,11104404.00000000,1643353199999,11103003.03540000,1594,511828.00000000,511778.13300000,0
1643353200000,0.99970000,0.99980000,0.99970000,0.99980000,3982849.00000000,1643356799999,3981839.65440000,1286,1855091.00000000,1854719.98180000,0
1643356800000,0.99980000,0.99980000,0.99970000,0.99980000,4248139.00000000,1643360399999,4247056.93500000,1314,1923767.00000000,1923382.24660000,0
1643360400000,0.99980000,0.99980000,0.99960000,0.99970000,13552363.00000000,1643363999999,13548271.88450000,1467,5414619.00000000,5413130.27630000,0
1643364000000,0.99970000,0.99970000,0.99960000,0.99960000,4487330.00000000,1643367599999,4485801.91440000,1701,2668464.00000000,2667663.46080000,0
1643367600000,0.99970000,0.99980000,0.99960000,0.99970000,5965206.00000000,1643371199999,5963403.10220000,1537,4926532.00000000,4925134.33420000,0
1643371200000,0.99980000,0.99980000,0.99970000,0.99980000,4636469.00000000,1643374799999,4635364.67360000,1562,2866143.00000000,2865569.77140000,0
1643374800000,0.99970000,0.99980000,0.99960000,0.99960000,12739283.00000000,1643378399999,12735656.67160000,1862,2190798.00000000,2190341.97140000,0
1643378400000,0.99970000,0.99990000,0.99960000,0.99970000,38330941.00000000,1643381999999,38319780.63110000,2569,16969818.00000000,16965092.55070000,0
1643382000000,0.99970000,0.99990000,0.99970000,0.99980000,13534478.00000000,1643385599999,13531162.31550000,2212,6193904.00000000,6192739.88640000,0
1643385600000,0.99980000,0.99990000,0.99980000,0.99980000,7964848.00000000,1643389199999,7963556.25660000,1761,3012262.00000000,3011960.77380000,0
1643389200000,0.99990000,0.99990000,0.99980000,0.99980000,3279556.00000000,1643392799999,3279133.36870000,1340,2332799.00000000,2332565.72010000,0
1643392800000,0.99990000,0.99990000,0.99980000,0.99990000,2699518.00000000,1643396399999,2699158.81220000,1384,1807158.00000000,1806977.28420000,0
1643396400000,0.99980000,0.99990000,0.99980000,0.99990000,3184997.00000000,1643399999999,3184501.71050000,1317,1417099.00000000,1416957.29010000,0
1643400000000,0.99990000,1.00000000,0.99980000,0.99990000,6961694.00000000,1643403599999,6960994.50410000,1505,4922433.00000000,4922062.61160000,0
1643403600000,0.99990000,1.00000000,0.99990000,0.99990000,5518011.00000000,1643407199999,5517592.40970000,2084,1332108.00000000,1332108.00000000,0
1643407200000,0.99990000,1.00000000,0.99990000,1.00000000,3464144.00000000,1643410799999,3463875.40270000,1838,778171.00000000,778171.00000000,0
1643410800000,0.99990000,1.00000000,0.99990000,0.99990000,3015621.00000000,1643414399999,3015425.94510000,1040,1065072.00000000,1065072.00000000,0
1643414400000,0.99990000,1.00000000,0.99990000,0.99990000,4816996.00000000,1643417999999,4816631.07820000,1553,1167778.00000000,1167778.00000000,0
1643418000000,0.99990000,1.00000000,0.99980000,0.99980000,3445673.00000000,1643421599999,3445042.10690000,1284,337984.00000000,337950.20310000,0
1643421600000,0.99980000,0.99990000,0.99980000,0.99980000,3135161.00000000,1643425199999,3134573.38680000,1111,394190.00000000,394150.58100000,0
1643425200000,0.99990000,0.99990000,0.99970000,0.99970000,4771984.00000000,1643428799999,4770852.07810000,1188,492282.00000000,492187.09420000,0
1643428800000,0.99980000,0.99980000,0.99970000,0.99970000,2494243.00000000,1643432399999,2493522.68620000,810,279591.00000000,279535.08180000,0
1643432400000,0.99970000,0.99980000,0.99970000,0.99970000,2272628.00000000,1643435999999,2271996.90140000,733,506898.00000000,506796.62040000,0
1643436000000,0.99970000,0.99980000,0.99970000,0.99970000,1771997.00000000,1643439599999,1771521.70360000,783,563027.00000000,562914.39460000,0
1643439600000,0.99980000,0.99980000,0.99970000,0.99980000,5532294.00000000,1643443199999,5531100.77740000,1061,4664656.00000000,4663723.06880000,0
1643443200000,0.99980000,0.99980000,0.99970000,0.99970000,5978295.00000000,1643446799999,5976741.34050000,1329,2398290.00000000,2397810.34200000,0
1643446800000,0.99980000,0.99980000,0.99970000,0.99970000,1895440.00000000,1643450399999,1894952.97380000,1005,816058.00000000,815894.78840000,0
1643450400000,0.99970000,0.99980000,0.99970000,0.99980000,3378161.00000000,1643453999999,3377223.87950000,944,763278.00000000,763125.34440000,0
1643454000000,0.99970000,0.99980000,0.99970000,0.99970000,1354885.00000000,1643457599999,1354530.72010000,890,521856.00000000,521751.62880000,0
1643457600000,0.99970000,0.99980000,0.99970000,0.99970000,1990502.00000000,1643461199999,1989979.64360000,1108,747942.00000000,747792.41160000,0
1643461200000,0.99980000,0.99980000,0.99970000,0.99970000,2024865.00000000,1643464799999,2024312.42320000,1349,548827.00000000,548717.23460000,0
1643464800000,0.99970000,0.99980000,0.99970000,0.99970000,3603835.00000000,1643468399999,3602863.33170000,1795,1094822.00000000,1094603.03560000,0
1643468400000,0.99970000,0.99980000,0.99970000,0.99970000,4228874.00000000,1643471999999,4227755.78830000,1533,1504505.00000000,1504204.09900000,0
1643472000000,0.99970000,0.99980000,0.99970000,0.99980000,2621535.00000000,1643475599999,2620872.11450000,1264,1235750.00000000,1235502.85000000,0
1643475600000,0.99980000,0.99980000,0.99970000,0.99970000,4932485.00000000,1643479199999,4931225.94890000,1581,2206944.00000000,2206502.61120000,0
1643479200000,0.99980000,0.99980000,0.99970000,0.99980000,3174696.00000000,1643482799999,3173960.30350000,1020,2167123.00000000,2166689.57540000,0
1643482800000,0.99970000,0.99980000,0.99970000,0.99970000,1554840.00000000,1643486399999,1554415.48390000,996,419359.00000000,419275.12820000,0
1643486400000,0.99970000,0.99980000,0.99970000,0.99980000,3006162.00000000,1643489999999,3005356.38450000,1100,962331.00000000,962138.53380000,0
1643490000000,0.99980000,0.99980000,0.99970000,0.99970000,1879132.00000000,1643493599999,1878637.60540000,1056,693450.00000000,693311.31000000,0
1643493600000,0.99970000,0.99980000,0.99970000,0.99970000,1051997.00000000,1643497199999,1051712.10790000,1129,307070.00000000,307008.58600000,0
1643497200000,0.99980000,0.99980000,0.99970000,0.99970000,1546057.00000000,1643500799999,1545674.95280000,738,817699.00000000,817535.46020000,0
1643500800000,0.99970000,0.99980000,0.99970000,0.99970000,2720459.00000000,1643504399999,2719785.03210000,994,1421698.00000000,1421413.66040000,0
1643504400000,0.99970000,0.99980000,0.99970000,0.99970000,1268416.00000000,1643507999999,1268082.07530000,595,466001.00000000,465907.79980000,0
1643508000000,0.99980000,0.99980000,0.99970000,0.99970000,1260360.00000000,1643511599999,1260024.45840000,705,425664.00000000,425578.86720000,0
1643511600000,0.99980000,0.99980000,0.99970000,0.99970000,1836164.00000000,1643515199999,1835685.88870000,651,727379.00000000,727233.52420000,0
1643515200000,0.99980000,0.99980000,0.99970000,0.99970000,1177125.00000000,1643518799999,1176817.28580000,583,454233.00000000,454142.15340000,0
1643518800000,0.99980000,0.99980000,0.99970000,0.99970000,1955822.00000000,1643522399999,1955384.42010000,699,1491667.00000000,1491368.66660000,0
1643522400000,0.99970000,0.99980000,0.99970000,0.99970000,1522946.00000000,1643525999999,1522531.29740000,864,421812.00000000,421727.63760000,0
1643526000000,0.99980000,0.99980000,0.99970000,0.99980000,1830409.00000000,1643529599999,1829936.29720000,827,764199.00000000,764046.16020000,0
1643529600000,0.99970000,0.99980000,0.99970000,0.99970000,2870987.00000000,1643533199999,2870209.95640000,1037,842525.00000000,842356.49500000,0
1643533200000,0.99970000,0.99980000,0.99970000,0.99980000,2753648.00000000,1643536799999,2752863.40940000,910,415038.00000000,414954.99240000,0
1643536800000,0.99970000,0.99980000,0.99970000,0.99970000,2773124.00000000,1643540399999,2772461.80520000,985,1697424.00000000,1697084.51520000,0
1643540400000,0.99980000,0.99980000,0.99970000,0.99970000,3151579.00000000,1643543999999,3150785.28420000,924,1517579.00000000,1517275.48420000,0
1643544000000,0.99970000,0.99980000,0.99970000,0.99970000,2369555.00000000,1643547599999,2368963.23340000,1046,1190999.00000000,1190760.80020000,0
1643547600000,0.99970000,0.99980000,0.99970000,0.99980000,2611595.00000000,1643551199999,2610914.29100000,1113,1027695.00000000,1027489.46100000,0
1643551200000,0.99970000,0.99980000,0.99970000,0.99970000,2326287.00000000,1643554799999,2325691.37220000,1170,1022583.00000000,1022378.48340000,0
1643554800000,0.99970000,0.99980000,0.99970000,0.99970000,2452073.00000000,1643558399999,2451404.43940000,1230,670613.00000000,670478.87740000,0
1643558400000,0.99970000,0.99980000,0.99970000,0.99980000,2269044.00000000,1643561999999,2268406.41680000,1084,431300.00000000,431213.74000000,0
1643562000000,0.99980000,0.99980000,0.99970000,0.99980000,2009696.00000000,1643565599999,2009178.21730000,986,851261.00000000,851090.74780000,0
1643565600000,0.99980000,0.99980000,0.99970000,0.99970000,1727518.00000000,1643569199999,1727067.27820000,921,675336.00000000,675200.93280000,0
1643569200000,0.99970000,0.99980000,0.99970000,0.99970000,4315228.00000000,1643572799999,4314146.17120000,1490,2127396.00000000,2126970.52080000,0
1643572800000,0.99970000,0.99980000,0.99970000,0.99980000,2494093.00000000,1643576399999,2493414.46770000,1096,696956.00000000,696816.60880000,0
1643576400000,0.99970000,0.99980000,0.99970000,0.99970000,2032627.00000000,1643579999999,2032063.22460000,1025,460127.00000000,460034.97460000,0
1643580000000,0.99970000,0.99980000,0.99970000,0.99980000,1568172.00000000,1643583599999,1567753.67150000,973,521231.00000000,521126.75380000,0
1643583600000,0.99970000,0.99980000,0.99970000,0.99970000,3768072.00000000,1643587199999,3767022.88250000,1060,813041.00000000,812878.39180000,0
1643587200000,0.99970000,0.99980000,0.99970000,0.99970000,4127255.00000000,1643590799999,4126220.50280000,1274,2036793.00000000,2036385.64140000,0
1643590800000,0.99970000,0.99980000,0.99970000,0.99970000,2539281.00000000,1643594399999,2538573.72070000,1256,545050.00000000,544940.99000000,0
1643594400000,0.99980000,0.99980000,0.99970000,0.99970000,1984451.00000000,1643597999999,1983908.18820000,1155,525235.00000000,525129.95300000,0
1643598000000,0.99970000,0.99980000,0.99970000,0.99970000,893041.00000000,1643601599999,892801.89130000,708,288036.00000000,287978.39280000,0
1643601600000,0.99970000,0.99980000,0.99970000,0.99970000,2093412.00000000,1643605199999,2092822.06790000,945,380915.00000000,380838.81700000,0
1643605200000,0.99970000,0.99980000,0.99970000,0.99970000,2439079.00000000,1643608799999,2438433.93830000,988,866620.00000000,866446.67600000,0
1643608800000,0.99970000,0.99980000,0.99970000,0.99980000,3725014.00000000,1643612399999,3723977.52580000,1072,810300.00000000,810137.94000000,0
1643612400000,0.99970000,0.99980000,0.99970000,0.99980000,1868523.00000000,1643615999999,1868021.84860000,809,594055.00000000,593936.18900000,0
1643616000000,0.99970000,0.99980000,0.99970000,0.99970000,2937625.00000000,1643619599999,2936919.90510000,1040,1761926.00000000,1761573.61480000,0
1643619600000,0.99970000,0.99980000,0.99970000,0.99980000,1536490.00000000,1643623199999,1536070.73900000,982,416860.00000000,416776.62800000,0
1643623200000,0.99970000,0.99980000,0.99970000,0.99980000,4079479.00000000,1643626799999,4078358.63820000,1149,1034819.00000000,1034612.03620000,0
1643626800000,0.99980000,0.99980000,0.99970000,0.99970000,2615936.00000000,1643630399999,2615334.26550000,1086,1830463.00000000,1830096.90740000,0
1643630400000,0.99980000,0.99980000,0.99970000,0.99980000,2739443.00000000,1643633999999,2738696.38880000,1140,752217.00000000,752066.55660000,0
1643634000000,0.99980000,0.99980000,0.99970000,0.99980000,3991108.00000000,1643637599999,3990116.15890000,1385,2054913.00000000,2054502.01740000,0
1643637600000,0.99980000,0.99980000,0.99970000,0.99970000,5412765.00000000,1643641199999,5411381.10190000,1599,2399314.00000000,2398834.13720000,0
1643641200000,0.99980000,0.99980000,0.99970000,0.99970000,7851705.00000000,1643644799999,7849521.72480000,2030,1722363.00000000,1722018.52740000,0
1643644800000,0.99980000,0.99980000,0.99970000,0.99980000,4496767.00000000,1643648399999,4495547.74910000,1862,1297792.00000000,1297532.44160000,0
1643648400000,0.99970000,0.99980000,0.99970000,0.99970000,5778383.00000000,1643651999999,5776820.58820000,1982,1711031.00000000,1710688.79380000,0
1643652000000,0.99980000,0.99980000,0.99970000,0.99980000,3977139.00000000,1643655599999,3976039.82460000,1618,939663.00000000,939475.06740000,0
1643655600000,0.99980000,0.99980000,0.99970000,0.99980000,2333250.00000000,1643659199999,2332605.47080000,1268,554458.00000000,554347.10840000,0
1643659200000,0.99970000,0.99980000,0.99970000,0.99970000,1794896.00000000,1643662799999,1794406.55650000,1072,490253.00000000,490154.94940000,0
1643662800000,0.99980000,0.99980000,0.99970000,0.99970000,2878814.00000000,1643666399999,2878047.51770000,1175,971619.00000000,971424.67620000,0
1643666400000,0.99970000,0.99980000,0.99970000,0.99970000,3770068.00000000,1643669999999,3769008.57940000,1533,715998.00000000,715854.80040000,0
1643670000000,0.99970000,0.99980000,0.99970000,0.99980000,8844770.00000000,1643673599999,8842490.39420000,1206,3738252.00000000,3737504.34960000,0
