1648771200000,0.99970000,0.99980000,0.99970000,0.99970000,3672890.00000000,1648774799999,3672002.92780000,2244,2147948.00000000,2147518.41040000,0
1648774800000,0.99970000,0.99980000,0.99970000,0.99970000,8518314.00000000,1648778399999,8516435.21410000,2866,6767083.00000000,6765729.58340000,0
1648778400000,0.99970000,0.99980000,0.99970000,0.99970000,5455313.00000000,1648781999999,5453904.71510000,4537,2283090.00000000,2282633.38200000,0
1648782000000,0.99970000,0.99980000,0.99970000,0.99980000,4019489.00000000,1648785599999,4018406.48180000,3120,1233285.00000000,1233038.34300000,0
1648785600000,0.99980000,0.99980000,0.99970000,0.99980000,3829315.00000000,1648789199999,3828342.70840000,2265,1765029.00000000,1764675.99420000,0
1648789200000,0.99970000,0.99980000,0.99970000,0.99970000,4262266.00000000,1648792799999,4261044.47310000,2392,571529.00000000,571414.69420000,0
1648792800000,0.99970000,0.99980000,0.99970000,0.99980000,3735496.00000000,1648796399999,3734501.98060000,2676,1266294.00000000,1266040.74120000,0
1648796400000,0.99970000,0.99980000,0.99960000,0.99970000,7385753.00000000,1648799999999,7383555.02430000,3312,2140228.00000000,2139687.19510000,0
1648800000000,0.99970000,0.99970000,0.99960000,0.99970000,9917877.00000000,1648803599999,9914200.89480000,3500,2910456.00000000,2909582.86320000,0
1648803600000,0.99960000,0.99970000,0.99950000,0.99960000,11587280.00000000,1648807199999,11582284.12870000,5162,7809092.00000000,7805971.46420000,0
1648807200000,0.99960000,0.99960000,0.99950000,0.99950000,7500353.00000000,1648810799999,7497141.38570000,2686,5385622.00000000,5383467.75120000,0
1648810800000,0.99950000,0.99960000,0.99950000,0.99960000,6701950.00000000,1648814399999,6699028.97280000,2797,4299478.00000000,4297758.20880000,0
1648814400000,0.99950000,0.99960000,0.99950000,0.99960000,6094433.00000000,1648817999999,6091690.72380000,2822,3049403.00000000,3048183.23880000,0
1648818000000,0.99960000,0.99960000,0.99950000,0.99960000,8919927.00000000,1648821599999,8916067.62260000,3627,6005861.00000000,6003458.65560000,0
1648821600000,0.99950000,0.99970000,0.99950000,0.99960000,12758839.00000000,1648825199999,12754014.37850000,6560,5414884.00000000,5413069.35510000,0
1648825200000,0.99970000,0.99970000,0.99960000,0.99960000,12477906.00000000,1648828799999,12473247.23420000,4486,3323966.00000000,3322968.81020000,0
1648828800000,0.99970000,0.99970000,0.99950000,0.99960000,19671758.00000000,1648832399999,19663252.33550000,6947,8537693.00000000,8534323.09250000,0
1648832400000,0.99960000,0.99960000,0.99950000,0.99960000,15168291.00000000,1648835999999,15161632.08320000,8191,9252287.00000000,9248586.08520000,0
1648836000000,0.99960000,0.99970000,0.99950000,0.99970000,9490244.00000000,1648839599999,9486576.15900000,3780,8239731.00000000,8236614.37040000,0
1648839600000,0.99970000,0.99970000,0.99960000,0.99960000,3459953.00000000,1648843199999,3458736.28460000,2232,1672658.00000000,1672156.20260000,0
1648843200000,0.99960000,0.99980000,0.99960000,0.99970000,26646180.00000000,1648846799999,26638747.98430000,8229,12202104.00000000,12199134.78070000,0
1648846800000,0.99970000,0.99980000,0.99970000,0.99970000,2486117.00000000,1648850399999,2485453.52980000,1877,823649.00000000,823484.27020000,0
1648850400000,0.99970000,0.99980000,0.99960000,0.99960000,3440253.00000000,1648853999999,3439129.96860000,2102,1356413.00000000,1356021.38760000,0
1648854000000,0.99960000,0.99970000,0.99960000,0.99970000,2797869.00000000,1648857599999,2796929.04800000,1904,1791956.00000000,1791418.41320000,0
1648857600000,0.99960000,0.99970000,0.99960000,0.99970000,10641923.00000000,1648861199999,10638593.56490000,2789,9273341.00000000,9270558.99770000,0
1648861200000,0.99970000,0.99970000,0.99960000,0.99970000,5452587.00000000,1648864799999,5450769.54310000,4472,3635779.00000000,3634688.26630000,0
1648864800000,0.99970000,0.99970000,0.99960000,0.99970000,4612164.00000000,1648868399999,4610493.10810000,2861,1739737.00000000,1739215.07890000,0
1648868400000,0.99960000,0.99980000,0.99960000,0.99970000,12511545.00000000,1648871999999,12508266.06270000,4171,9668760.00000000,9666371.76150000,0
1648872000000,0.99970000,0.99980000,0.99970000,0.99980000,6050841.00000000,1648875599999,6049176.64050000,4363,1508928.00000000,1508626.21440000,0
1648875600000,0.99970000,0.99980000,0.99970000,0.99970000,5652329.00000000,1648879199999,5650712.81370000,4503,795124.00000000,794964.97520000,0
1648879200000,0.99970000,0.99980000,0.99960000,0.99960000,4625528.00000000,1648882799999,4624085.92370000,4525,1537636.00000000,1537219.79830000,0
1648882800000,0.99970000,0.99970000,0.99960000,0.99970000,3596545.00000000,1648886399999,3595323.42390000,4487,2170419.00000000,2169767.87430000,0
1648886400000,0.99960000,0.99970000,0.99960000,0.99970000,4329137.00000000,1648889999999,4327595.01740000,4330,1896722.00000000,1896152.98340000,0
1648890000000,0.99970000,0.99970000,0.99960000,0.99960000,4466123.00000000,1648893599999,4464594.26240000,4566,2577116.00000000,2576342.86520000,0
1648893600000,0.99960000,0.99970000,0.99960000,0.99970000,6467382.00000000,1648897199999,6465119.42480000,4709,3243776.00000000,3242802.86720000,0
1648897200000,0.99960000,0.99970000,0.99960000,0.99970000,5662575.00000000,1648900799999,5660644.64610000,4859,3346761.00000000,3345756.97170000,0
1648900800000,0.99960000,0.99970000,0.99960000,0.99970000,6198593.00000000,1648904399999,6196408.73730000,5171,2951745.00000000,2950859.47650000,0
1648904400000,0.99970000,0.99970000,0.99960000,0.99970000,7255951.00000000,1648907999999,7253552.49340000,5446,5038738.00000000,5037226.37860000,0
1648908000000,0.99970000,0.99970000,0.99960000,0.99970000,5720592.00000000,1648911599999,5718628.75680000,5426,3249936.00000000,3248961.01920000,0
1648911600000,0.99970000,0.99970000,0.99960000,0.99970000,8561370.00000000,1648915199999,8558516.15670000,6814,5707047.00000000,5705334.88590000,0
1648915200000,0.99960000,0.99970000,0.99960000,0.99970000,5818922.00000000,1648918799999,5816961.21070000,5796,3667795.00000000,3666694.66150000,0
1648918800000,0.99970000,0.99970000,0.99960000,0.99960000,5788604.00000000,1648922399999,5786675.94590000,4754,3873875.00000000,3872712.83750000,0
1648922400000,0.99960000,0.99970000,0.99960000,0.99970000,5946370.00000000,1648925999999,5944283.37720000,5242,2919252.00000000,2918376.22440000,0
1648926000000,0.99960000,0.99970000,0.99960000,0.99970000,3782580.00000000,1648929599999,3781310.14590000,4487,2431779.00000000,2431049.46630000,0
1648929600000,0.99960000,0.99970000,0.99960000,0.99970000,3746073.00000000,1648933199999,3744811.85810000,4400,2372873.00000000,2372161.13810000,0
1648933200000,0.99970000,0.99970000,0.99960000,0.99970000,4423230.00000000,1648936799999,4421703.34040000,4256,2426324.00000000,2425596.10280000,0
1648936800000,0.99960000,0.99970000,0.99960000,0.99970000,4338936.00000000,1648940399999,4337401.01680000,4254,2005912.00000000,2005310.22640000,0
1648940400000,0.99960000,0.99970000,0.99960000,0.99970000,4149460.00000000,1648943999999,4148027.44680000,4704,2272308.00000000,2271626.30760000,0
1648944000000,0.99970000,0.99970000,0.99960000,0.99970000,3986769.00000000,1648947599999,3985433.28660000,4636,2589942.00000000,2589165.01740000,0
1648947600000,0.99970000,0.99970000,0.99960000,0.99960000,7522590.00000000,1648951199999,7519881.00820000,4722,3000442.00000000,2999541.86740000,0
1648951200000,0.99960000,0.99970000,0.99960000,0.99970000,4814088.00000000,1648954799999,4812399.36030000,4263,2369955.00000000,2369244.01350000,0
1648954800000,0.99970000,0.99970000,0.99960000,0.99960000,3540523.00000000,1648958399999,3539289.60120000,4211,1828104.00000000,1827555.56880000,0
1648958400000,0.99960000,0.99970000,0.99960000,0.99970000,2922121.00000000,1648961999999,2921125.56320000,4075,1734116.00000000,1733595.76520000,0
1648962000000,0.99970000,0.99970000,0.99960000,0.99970000,4179765.00000000,1648965599999,4178344.28930000,4115,2511953.00000000,2511199.41410000,0
1648965600000,0.99970000,0.99970000,0.99960000,0.99970000,4354050.00000000,1648969199999,4352577.52620000,3401,2691462.00000000,2690654.56140000,0
1648969200000,0.99960000,0.99970000,0.99960000,0.99970000,4445745.00000000,1648972799999,4444217.28870000,3387,2505867.00000000,2505115.23990000,0
1648972800000,0.99970000,0.99970000,0.99960000,0.99960000,5394240.00000000,1648976399999,5392398.49380000,4257,3161898.00000000,3160949.43060000,0
1648976400000,0.99970000,0.99970000,0.99960000,0.99970000,4392436.00000000,1648979999999,4390965.81220000,5173,2867866.00000000,2867005.64020000,0
1648980000000,0.99970000,0.99970000,0.99960000,0.99970000,4526343.00000000,1648983599999,4524755.61460000,5115,2231518.00000000,2230848.54460000,0
1648983600000,0.99960000,0.99970000,0.99960000,0.99970000,4128889.00000000,1648987199999,4127493.71820000,5182,2562738.00000000,2561969.17860000,0
1648987200000,0.99960000,0.99970000,0.99960000,0.99970000,4849703.00000000,1648990799999,4848073.30690000,5454,3101881.00000000,3100950.43570000,0
1648990800000,0.99960000,0.99970000,0.99960000,0.99960000,8179814.00000000,1648994399999,8176905.40130000,5616,3633269.00000000,3632179.01930000,0
1648994400000,0.99970000,0.99970000,0.99960000,0.99970000,8732525.00000000,1648997999999,8729656.05500000,5743,6240650.00000000,6238777.80500000,0
1648998000000,0.99970000,0.99980000,0.99960000,0.99970000,8883414.00000000,1649001599999,8880718.30370000,7142,2236586.00000000,2235964.48310000,0
1649001600000,0.99980000,0.99980000,0.99970000,0.99970000,12477067.00000000,1649005199999,12474136.06460000,6682,8121847.00000000,8120222.63060000,0
1649005200000,0.99970000,0.99980000,0.99970000,0.99980000,4071330.00000000,1649008799999,4070230.89980000,5274,1222988.00000000,1222743.40240000,0
1649008800000,0.99980000,0.99980000,0.99970000,0.99970000,4266070.00000000,1649012399999,4264962.78490000,5283,1726059.00000000,1725713.78820000,0
1649012400000,0.99980000,0.99980000,0.99970000,0.99980000,4191678.00000000,1649015999999,4190556.70750000,6150,1362109.00000000,1361836.57820000,0
1649016000000,0.99980000,0.99980000,0.99970000,0.99980000,2812479.00000000,1649019599999,2811757.26420000,4321,1220079.00000000,1219834.98420000,0
1649019600000,0.99970000,0.99980000,0.99970000,0.99980000,3197217.00000000,1649023199999,3196378.55730000,4660,1207224.00000000,1206982.55520000,0
1649023200000,0.99980000,0.99980000,0.99970000,0.99980000,7148885.00000000,1649026799999,7146973.25450000,6000,2329200.00000000,2328734.16000000,0
1649026800000,0.99980000,0.99980000,0.99970000,0.99970000,4579459.00000000,1649030399999,4578319.07340000,5153,2339111.00000000,2338643.17780000,0
1649030400000,0.99980000,0.99980000,0.99970000,0.99970000,5091163.00000000,1649033999999,5089920.13560000,5140,2844845.00000000,2844276.03100000,0
1649034000000,0.99970000,0.99980000,0.99970000,0.99970000,4921389.00000000,1649037599999,4920263.67710000,5131,3510938.00000000,3510235.81240000,0
1649037600000,0.99970000,0.99980000,0.99970000,0.99980000,6000499.00000000,1649041199999,5999067.87620000,4375,3690259.00000000,3689520.94820000,0
1649041200000,0.99980000,0.99980000,0.99970000,0.99970000,3111041.00000000,1649044799999,3110278.74500000,4042,1710573.00000000,1710230.88540000,0
1649044800000,0.99980000,0.99980000,0.99970000,0.99980000,2942844.00000000,1649048399999,2942121.10510000,3865,1599583.00000000,1599263.08340000,0
1649048400000,0.99980000,0.99980000,0.99970000,0.99980000,8181941.00000000,1649051999999,8179764.09960000,4200,2776819.00000000,2776263.63620000,0
1649052000000,0.99980000,0.99980000,0.99970000,0.99980000,3238651.00000000,1649055599999,3237857.71000000,4174,1783053.00000000,1782696.38940000,0
1649055600000,0.99980000,0.99980000,0.99970000,0.99970000,4386508.00000000,1649059199999,4385426.67550000,2910,2346279.00000000,2345809.74420000,0
1649059200000,0.99980000,0.99980000,0.99970000,0.99980000,4005784.00000000,1649062799999,4004838.45420000,3036,2561894.00000000,2561381.62120000,0
1649062800000,0.99980000,0.99980000,0.99970000,0.99980000,16463674.00000000,1649066399999,16460153.74800000,11888,14188502.00000000,14185664.29960000,0
1649066400000,0.99970000,0.99980000,0.99970000,0.99980000,9293492.00000000,1649069999999,9291160.96150000,8267,4570091.00000000,4569176.98180000,0
1649070000000,0.99970000,0.99980000,0.99970000,0.99970000,6990651.00000000,1649073599999,6989018.84730000,6136,4650426.00000000,4649495.91480000,0
1649073600000,0.99980000,0.99980000,0.99970000,0.99970000,11870431.00000000,1649077199999,11867139.05480000,5830,2691841.00000000,2691302.63180000,0
1649077200000,0.99970000,0.99980000,0.99970000,0.99970000,6474064.00000000,1649080799999,6472507.53340000,5322,3857526.00000000,3856754.49480000,0
1649080800000,0.99980000,0.99980000,0.99970000,0.99980000,7771679.00000000,1649084399999,7769765.46100000,6591,4179647.00000000,4178811.07060000,0
1649084400000,0.99980000,0.99980000,0.99970000,0.99980000,7767688.00000000,1649087999999,7765872.22630000,6605,5145327.00000000,5144297.93460000,0
1649088000000,0.99980000,0.99980000,0.99970000,0.99980000,9473387.00000000,1649091599999,9470941.26710000,6254,3962832.00000000,3962039.43360000,0
1649091600000,0.99970000,0.99980000,0.99970000,0.99980000,7744475.00000000,1649095199999,7742606.65180000,5975,4549943.00000000,4549033.01140000,0
1649095200000,0.99980000,0.99980000,0.99970000,0.99980000,5222424.00000000,1649098799999,5221130.69090000,5222,2734181.00000000,2733634.16380000,0
1649098800000,0.99980000,0.99980000,0.99970000,0.99980000,8391196.00000000,1649102399999,8389094.16310000,5951,4155219.00000000,4154387.95620000,0
1649102400000,0.99980000,0.99980000,0.99970000,0.99970000,12100393.00000000,1649105999999,12097639.07150000,5880,8761894.00000000,8760141.62120000,0
1649106000000,0.99980000,0.99980000,0.99970000,0.99980000,6565066.00000000,1649109599999,6563468.93280000,5359,3724526.00000000,3723781.09480000,0
1649109600000,0.99980000,1.00000000,0.99970000,0.99990000,18102871.00000000,1649113199999,18100149.46870000,7754,5521871.00000000,5520895.12580000,0
1649113200000,0.99990000,1.00000000,0.99970000,0.99980000,14223271.00000000,1649116799999,14220735.09460000,6502,4241845.00000000,4241112.18370000,0
1649116800000,0.99980000,0.99980000,0.99970000,0.99980000,5255472.00000000,1649120399999,5254166.01820000,5263,2706598.00000000,2706056.68040000,0
1649120400000,0.99980000,0.99980000,0.99970000,0.99980000,2161268.00000000,1649123999999,2160737.72770000,2261,1181081.00000000,1180844.78380000,0
1649124000000,0.99980000,0.99980000,0.99970000,0.99980000,5718185.00000000,1649127599999,5716956.87180000,3298,4873273.00000000,4872298.34540000,0
1649127600000,0.99980000,0.99990000,0.99970000,0.99990000,13194218.00000000,1649131199999,13191633.02140000,3891,7640212.00000000,7638739.43780000,0
1649131200000,0.99980000,0.99990000,0.99980000,0.99980000,4838961.00000000,1649134799999,4838088.17570000,1965,949679.00000000,949584.03210000,0
1649134800000,0.99980000,0.99990000,0.99980000,0.99980000,5341672.00000000,1649138399999,5340930.09690000,2401,3264313.00000000,3263986.56870000,0
1649138400000,0.99990000,0.99990000,0.99970000,0.99970000,10398892.00000000,1649141999999,10396916.20570000,3126,1484943.00000000,1484757.89370000,0
1649142000000,0.99980000,0.99980000,0.99970000,0.99980000,6870735.00000000,1649145599999,6869217.67490000,2858,5438954.00000000,5437866.20920000,0
1649145600000,0.99980000,0.99980000,0.99970000,0.99970000,11046246.00000000,1649149199999,11043596.70040000,2540,6645742.00000000,6644412.85160000,0
1649149200000,0.99970000,0.99980000,0.99970000,0.99980000,5214209.00000000,1649152799999,5212800.14360000,2006,1554063.00000000,1553752.18740000,0
1649152800000,0.99970000,0.99980000,0.99970000,0.99980000,4830023.00000000,1649156399999,4828798.12460000,2615,2241315.00000000,2240866.73700000,0
1649156400000,0.99980000,0.99980000,0.99970000,0.99970000,6667658.00000000,1649159999999,6666035.44070000,2788,3777381.00000000,3776625.52380000,0
1649160000000,0.99980000,0.99980000,0.99970000,0.99980000,14087065.00000000,1649163599999,14083325.96790000,5178,4870874.00000000,4869899.82520000,0
1649163600000,0.99980000,0.99980000,0.99970000,0.99980000,12416814.00000000,1649167199999,12414094.18510000,7640,10052293.00000000,10050282.54140000,0
1649167200000,0.99980000,0.99990000,0.99970000,0.99980000,29866181.00000000,1649170799999,29858809.15810000,10995,15214288.00000000,15211258.70470000,0
1649170800000,0.99980000,0.99990000,0.99980000,0.99980000,14593280.00000000,1649174399999,14591165.88180000,2771,8045378.00000000,8044573.46220000,0
1649174400000,0.99980000,0.99990000,0.99980000,0.99990000,11031652.00000000,1649177999999,11029706.79870000,4291,2611291.00000000,2611029.87090000,0
1649178000000,0.99990000,0.99990000,0.99980000,0.99980000,7987129.00000000,1649181599999,7985968.53140000,5246,4369572.00000000,4369135.04280000,0
1649181600000,0.99980000,0.99990000,0.99980000,0.99990000,7448602.00000000,1649185199999,7447552.57650000,3763,4402969.00000000,4402528.70310000,0
1649185200000,0.99990000,0.99990000,0.99980000,0.99990000,5646635.00000000,1649188799999,5645708.86950000,3717,2031965.00000000,2031761.80350000,0
1649188800000,0.99990000,0.99990000,0.99980000,0.99990000,3988745.00000000,1649192399999,3988140.34360000,2109,1930926.00000000,1930732.90740000,0
1649192400000,0.99980000,0.99990000,0.99980000,0.99980000,5635725.00000000,1649195999999,5634672.92110000,2172,750661.00000000,750585.93390000,0
1649196000000,0.99980000,0.99990000,0.99980000,0.99990000,3101139.00000000,1649199599999,3100633.75120000,1874,1149790.00000000,1149675.02100000,0
1649199600000,0.99980000,0.99990000,0.99980000,0.99990000,3045162.00000000,1649203199999,3044679.75760000,2159,1267900.00000000,1267773.21000000,0
1649203200000,0.99990000,0.99990000,0.99970000,0.99980000,16918192.00000000,1649206799999,16915319.77160000,6762,6091592.00000000,6090905.75250000,0
1649206800000,0.99980000,0.99980000,0.99970000,0.99980000,6728304.00000000,1649210399999,6726762.09430000,3682,4765855.00000000,4764901.82900000,0
1649210400000,0.99980000,0.99980000,0.99970000,0.99980000,3711076.00000000,1649213999999,3710170.47750000,2148,2078003.00000000,2077587.39940000,0
1649214000000,0.99980000,0.99980000,0.99970000,0.99980000,4497053.00000000,1649217599999,4496035.23300000,1970,3313489.00000000,3312826.30220000,0
1649217600000,0.99970000,0.99980000,0.99970000,0.99980000,6539555.00000000,1649221199999,6538096.15470000,2644,5030212.00000000,5029205.95760000,0
1649221200000,0.99970000,0.99980000,0.99970000,0.99980000,4345681.00000000,1649224799999,4344695.42850000,1937,3181328.00000000,3180691.73440000,0
1649224800000,0.99980000,0.99980000,0.99970000,0.99980000,4344939.00000000,1649228399999,4343964.51740000,2252,3289991.00000000,3289333.00180000,0
1649228400000,0.99980000,0.99980000,0.99970000,0.99980000,3106348.00000000,1649231999999,3105566.25280000,1700,1501572.00000000,1501271.68560000,0
1649232000000,0.99970000,0.99990000,0.99970000,0.99990000,15461285.00000000,1649235599999,15457799.32420000,2197,10246996.00000000,10245070.14240000,0
1649235600000,0.99980000,0.99990000,0.99980000,0.99990000,14278809.00000000,1649239199999,14276338.57620000,4649,3853380.00000000,3852994.66200000,0
1649239200000,0.99980000,0.99990000,0.99970000,0.99980000,19706743.00000000,1649242799999,19702272.87070000,5988,5675750.00000000,5674727.36950000,0
1649242800000,0.99970000,0.99980000,0.99960000,0.99970000,24227258.00000000,1649246399999,24219404.59590000,11384,17257107.00000000,17251943.50710000,0
1649246400000,0.99970000,0.99980000,0.99960000,0.99980000,17313649.00000000,1649249999999,17308241.04600000,8189,9212157.00000000,9209545.95390000,0
1649250000000,0.99980000,0.99980000,0.99970000,0.99970000,9775990.00000000,1649253599999,9773364.07960000,4245,3068766.00000000,3068152.24680000,0
1649253600000,0.99970000,0.99980000,0.99970000,0.99980000,21297410.00000000,1649257199999,21292549.82220000,11801,15290452.00000000,15287393.90960000,0
1649257200000,0.99980000,1.00000000,0.99970000,1.00000000,14724035.00000000,1649260799999,14722216.95160000,7495,8645848.00000000,8644921.83920000,0
1649260800000,0.99990000,1.00000000,0.99990000,1.00000000,20792876.00000000,1649264399999,20791372.00880000,3790,5752964.00000000,5752964.00000000,0
1649264400000,1.00000000,1.00000000,0.99990000,0.99990000,14564389.00000000,1649267999999,14563836.46980000,7423,9039087.00000000,9039087.00000000,0
1649268000000,1.00000000,1.00000000,0.99990000,0.99990000,13418578.00000000,1649271599999,13418061.37280000,7464,8252306.00000000,8252306.00000000,0
1649271600000,0.99990000,1.00000000,0.99990000,1.00000000,6883888.00000000,1649275199999,6883489.15950000,3105,2895483.00000000,2895483.00000000,0
1649275200000,0.99990000,1.00000000,0.99990000,0.99990000,3621996.00000000,1649278799999,3621761.96970000,2357,1281693.00000000,1281693.00000000,0
1649278800000,1.00000000,1.00000000,0.99990000,0.99990000,10894700.00000000,1649282399999,10894521.00290000,1947,9104729.00000000,9104729.00000000,0
1649282400000,0.99990000,1.00010000,0.99990000,1.00000000,19925565.00000000,1649285999999,19925562.95310000,9854,3500588.00000000,3500688.62740000,0
1649286000000,1.00000000,1.00010000,0.99990000,0.99990000,7642903.00000000,1649289599999,7642262.40460000,3181,1173824.00000000,1173824.01260000,0
1649289600000,0.99990000,1.00000000,0.99990000,0.99990000,7861652.00000000,1649293199999,7861117.46910000,2849,2516343.00000000,2516343.00000000,0
1649293200000,0.99990000,1.00000000,0.99990000,0.99990000,4098754.00000000,1649296799999,4098570.60650000,1944,2264819.00000000,2264819.00000000,0
1649296800000,0.99990000,1.00000000,0.99980000,0.99980000,31230354.00000000,1649300399999,31227755.63520000,7944,20323676.00000000,20322268.78300000,0
1649300400000,0.99990000,0.99990000,0.99980000,0.99990000,4426036.00000000,1649303999999,4425474.86830000,3004,3240755.00000000,3240430.92450000,0
1649304000000,0.99990000,0.99990000,0.99980000,0.99990000,5149839.00000000,1649307599999,5149069.64730000,2627,2606151.00000000,2605890.38490000,0
1649307600000,0.99990000,0.99990000,0.99980000,0.99990000,8497503.00000000,1649311199999,8496071.02320000,2309,2675238.00000000,2674970.47620000,0
1649311200000,0.99980000,0.99990000,0.99980000,0.99990000,2822806.00000000,1649314799999,2822377.80280000,1973,1363640.00000000,1363503.63600000,0
1649314800000,0.99990000,0.99990000,0.99980000,0.99980000,4389641.00000000,1649318399999,4389073.80170000,2379,3107299.00000000,3106988.27010000,0
1649318400000,0.99980000,0.99990000,0.99980000,0.99990000,8609032.00000000,1649321999999,8607837.42020000,3365,5272266.00000000,5271738.77340000,0
1649322000000,0.99980000,1.00000000,0.99980000,0.99990000,9205674.00000000,1649325599999,9204814.92810000,2390,8001654.00000000,8001005.45070000,0
1649325600000,1.00000000,1.00000000,0.99990000,0.99990000,4472640.00000000,1649329199999,4472392.46200000,1511,1997260.00000000,1997260.00000000,0
1649329200000,1.00000000,1.00000000,0.99990000,1.00000000,6280709.00000000,1649332799999,6280432.71450000,2126,3517854.00000000,3517854.00000000,0
1649332800000,1.00000000,1.00000000,0.99990000,0.99990000,5627266.00000000,1649336399999,5627071.24720000,3023,3679738.00000000,3679738.00000000,0
1649336400000,0.99990000,1.00000000,0.99990000,0.99990000,8088267.00000000,1649339999999,8087868.44810000,2162,4102748.00000000,4102748.00000000,0
1649340000000,0.99990000,1.00000000,0.99990000,1.00000000,12820161.00000000,1649343599999,12819514.93240000,2748,6359485.00000000,6359485.00000000,0
1649343600000,1.00000000,1.00000000,0.99980000,0.99990000,21478959.00000000,1649347199999,21477203.48820000,6172,13377307.00000000,13376506.13080000,0
1649347200000,0.99990000,0.99990000,0.99980000,0.99990000,11240237.00000000,1649350799999,11238742.55970000,7091,7536071.00000000,7535317.39290000,0
1649350800000,0.99990000,0.99990000,0.99980000,0.99980000,10276157.00000000,1649354399999,10274534.20390000,5086,4324353.00000000,4323920.56470000,0
1649354400000,0.99990000,0.99990000,0.99980000,0.99990000,7744084.00000000,1649357999999,7743009.20930000,3977,4740261.00000000,4739786.97390000,0
1649358000000,0.99990000,0.99990000,0.99980000,0.99990000,4374448.00000000,1649361599999,4373802.21010000,2938,2290997.00000000,2290767.90030000,0
1649361600000,0.99990000,0.99990000,0.99980000,0.99980000,2557723.00000000,1649365199999,2557391.01900000,2446,1795636.00000000,1795456.43640000,0
1649365200000,0.99990000,0.99990000,0.99980000,0.99990000,3257324.00000000,1649368799999,3256903.46560000,2745,2309304.00000000,2309073.06960000,0
1649368800000,0.99990000,0.99990000,0.99980000,0.99990000,2895605.00000000,1649372399999,2895246.85980000,2501,2209808.00000000,2209587.01920000,0
1649372400000,0.99990000,0.99990000,0.99980000,0.99990000,3342244.00000000,1649375999999,3341834.88040000,3452,2593292.00000000,2593032.67080000,0
1649376000000,0.99990000,1.00000000,0.99980000,1.00000000,7242281.00000000,1649379599999,7241483.01310000,3882,5222878.00000000,5222391.52670000,0
1649379600000,0.99990000,1.00000000,0.99990000,1.00000000,2058991.00000000,1649383199999,2058897.81850000,1081,1127176.00000000,1127176.00000000,0
1649383200000,0.99990000,1.00000000,0.99990000,1.00000000,3730878.00000000,1649386799999,3730564.17850000,1783,592663.00000000,592663.00000000,0
1649386800000,1.00000000,1.00000000,0.99990000,0.99990000,12754003.00000000,1649390399999,12752843.47140000,1964,1158717.00000000,1158717.00000000,0
1649390400000,0.99990000,1.00000000,0.99990000,0.99990000,4515876.00000000,1649393999999,4515662.23680000,1434,2378244.00000000,2378244.00000000,0
1649394000000,0.99990000,1.00000000,0.99980000,0.99990000,11002764.00000000,1649397599999,11001740.95650000,2755,6975361.00000000,6974784.41260000,0
1649397600000,0.99980000,0.99990000,0.99980000,0.99980000,4028655.00000000,1649401199999,4028140.45210000,2577,2911831.00000000,2911539.81690000,0
1649401200000,0.99990000,0.99990000,0.99980000,0.99990000,17022280.00000000,1649404799999,17019301.97160000,3960,4264276.00000000,4263849.57240000,0
1649404800000,0.99990000,0.99990000,0.99980000,0.99980000,7967608.00000000,1649408399999,7966186.36870000,2551,1718903.00000000,1718731.10970000,0
1649408400000,0.99980000,0.99990000,0.99980000,0.99990000,2578418.00000000,1649411999999,2577971.94180000,2105,696254.00000000,696184.37460000,0
1649412000000,0.99990000,0.99990000,0.99970000,0.99980000,6521357.00000000,1649415599999,6519818.86700000,2290,2098067.00000000,2097665.62380000,0
1649415600000,0.99980000,0.99980000,0.99970000,0.99970000,4870584.00000000,1649419199999,4869436.13770000,3255,3133129.00000000,3132502.37420000,0
1649419200000,0.99970000,0.99980000,0.99970000,0.99970000,16304888.00000000,1649422799999,16300558.36590000,3413,5618323.00000000,5617199.33540000,0
1649422800000,0.99980000,0.99980000,0.99970000,0.99980000,12400047.00000000,1649426399999,12396731.40010000,4593,4044142.00000000,4043333.17160000,0
1649426400000,0.99980000,0.99980000,0.99970000,0.99980000,19699063.00000000,1649429999999,19693874.62250000,7227,7213414.00000000,7211971.31720000,0
1649430000000,0.99980000,0.99980000,0.99970000,0.99980000,22779394.00000000,1649433599999,22772903.98050000,4326,3437987.00000000,3437299.40260000,0
1649433600000,0.99970000,0.99980000,0.99970000,0.99970000,3882415.00000000,1649437199999,3881396.81340000,1941,1465379.00000000,1465085.92420000,0
1649437200000,0.99970000,0.99980000,0.99970000,0.99980000,14940572.00000000,1649440799999,14936760.24940000,2706,6704210.00000000,6702869.15800000,0
1649440800000,0.99980000,0.99980000,0.99970000,0.99980000,6164990.00000000,1649444399999,6163586.97860000,2996,4464756.00000000,4463863.04880000,0
1649444400000,0.99980000,0.99980000,0.99970000,0.99970000,3203212.00000000,1649447999999,3202419.68340000,1884,1686470.00000000,1686132.70600000,0
1649448000000,0.99980000,0.99980000,0.99970000,0.99970000,3953638.00000000,1649451599999,3952746.62840000,1805,2947198.00000000,2946608.56040000,0
1649451600000,0.99980000,0.99980000,0.99970000,0.99970000,9816961.00000000,1649455199999,9814818.66510000,2078,8027534.00000000,8025928.49320000,0
1649455200000,0.99970000,0.99980000,0.99970000,0.99970000,5604032.00000000,1649458799999,5602798.96220000,2545,4481718.00000000,4480821.65640000,0
1649458800000,0.99970000,0.99980000,0.99970000,0.99980000,5095152.00000000,1649462399999,5093987.86420000,2901,3644098.00000000,3643369.18040000,0
1649462400000,0.99980000,0.99980000,0.99970000,0.99980000,5057152.00000000,1649465999999,5056056.76020000,3687,4219058.00000000,4218214.18840000,0
1649466000000,0.99980000,0.99990000,0.99970000,0.99980000,2858208.00000000,1649469599999,2857592.25880000,3020,2232700.00000000,2232261.65720000,0
1649469600000,0.99990000,0.99990000,0.99980000,0.99980000,1931966.00000000,1649473199999,1931676.47580000,1224,968690.00000000,968593.13100000,0
1649473200000,0.99980000,0.99990000,0.99980000,0.99980000,1603300.00000000,1649476799999,1603015.73290000,1077,363929.00000000,363892.60710000,0
1649476800000,0.99980000,0.99990000,0.99980000,0.99980000,2227135.00000000,1649480399999,2226812.98670000,1221,1234137.00000000,1234013.58630000,0
1649480400000,0.99980000,0.99990000,0.99980000,0.99980000,1666333.00000000,1649483999999,1666081.33070000,1236,815973.00000000,815891.40270000,0
1649484000000,0.99980000,0.99990000,0.99980000,0.99990000,2346237.00000000,1649487599999,2345924.11180000,1492,1563592.00000000,1563435.64080000,0
1649487600000,0.99990000,0.99990000,0.99980000,0.99980000,4723504.00000000,1649491199999,4722921.45100000,1329,3621518.00000000,3621155.84820000,0
1649491200000,0.99980000,0.99990000,0.99980000,0.99980000,4111146.00000000,1649494799999,4110538.31590000,1159,2145451.00000000,2145236.45490000,0
1649494800000,0.99990000,0.99990000,0.99980000,0.99990000,1417240.00000000,1649498399999,1417029.42030000,1242,728683.00000000,728610.13170000,0
1649498400000,0.99990000,0.99990000,0.99980000,0.99990000,1555341.00000000,1649501999999,1555101.79420000,1414,718624.00000000,718552.13760000,0
1649502000000,0.99980000,0.99990000,0.99980000,0.99990000,1953033.00000000,1649505599999,1952741.40890000,1348,990155.00000000,990055.98450000,0
1649505600000,0.99990000,0.99990000,0.99980000,0.99980000,2601929.00000000,1649509199999,2601511.50960000,1454,1028954.00000000,1028851.10460000,0
1649509200000,0.99980000,0.99990000,0.99980000,0.99980000,5332325.00000000,1649512799999,5331386.57100000,1642,1280360.00000000,1280231.96400000,0
1649512800000,0.99980000,0.99990000,0.99980000,0.99980000,2847213.00000000,1649516399999,2846734.17520000,1836,906178.00000000,906087.38220000,0
1649516400000,0.99980000,0.99990000,0.99980000,0.99980000,4021100.00000000,1649519999999,4020396.19500000,2241,1004150.00000000,1004049.58500000,0
1649520000000,0.99980000,0.99990000,0.99970000,0.99970000,12880608.00000000,1649523599999,12878116.85520000,5014,1874782.00000000,1874522.15220000,0
1649523600000,0.99970000,0.99980000,0.99970000,0.99980000,1902795.00000000,1649527199999,1902278.61090000,1380,544494.00000000,544385.10120000,0
1649527200000,0.99970000,0.99980000,0.99970000,0.99970000,1519954.00000000,1649530799999,1519569.68370000,1085,716699.00000000,716555.66020000,0
1649530800000,0.99970000,0.99980000,0.99970000,0.99980000,1245731.00000000,1649534399999,1245412.75860000,1186,554779.00000000,554668.04420000,0
1649534400000,0.99970000,0.99980000,0.99970000,0.99980000,1017715.00000000,1649537999999,1017462.91230000,1047,532268.00000000,532161.54640000,0
1649538000000,0.99970000,0.99980000,0.99970000,0.99970000,1166704.00000000,1649541599999,1166418.04330000,1012,640545.00000000,640416.89100000,0
1649541600000,0.99980000,0.99980000,0.99970000,0.99970000,1929850.00000000,1649545199999,1929370.27470000,1039,992297.00000000,992098.54060000,0
1649545200000,0.99970000,0.99980000,0.99970000,0.99980000,1732045.00000000,1649548799999,1731637.74130000,1197,1123548.00000000,1123323.29040000,0
1649548800000,0.99980000,0.99980000,0.99970000,0.99970000,10657765.00000000,1649552399999,10654629.85100000,4545,621805.00000000,621680.63900000,0
1649552400000,0.99970000,0.99980000,0.99970000,0.99970000,5937197.00000000,1649555999999,5935474.81150000,3879,589706.00000000,589588.05880000,0
1649556000000,0.99970000,0.99980000,0.99970000,0.99970000,1555769.00000000,1649559599999,1555351.91810000,1373,496488.00000000,496388.70240000,0
1649559600000,0.99980000,0.99980000,0.99970000,0.99970000,1613687.00000000,1649563199999,1613284.55570000,1325,816618.00000000,816454.67640000,0
1649563200000,0.99970000,0.99980000,0.99970000,0.99970000,6552605.00000000,1649566799999,6550794.95660000,796,1557381.00000000,1557069.52380000,0
1649566800000,0.99980000,0.99980000,0.99960000,0.99970000,4766116.00000000,1649570399999,4764405.40410000,1495,1106004.00000000,1105672.20030000,0
1649570400000,0.99970000,0.99970000,0.99960000,0.99970000,2037035.00000000,1649573999999,2036368.02030000,1593,1478343.00000000,1477899.49710000,0
1649574000000,0.99970000,0.99970000,0.99960000,0.99960000,1779528.00000000,1649577599999,1778928.55890000,1819,1123701.00000000,1123363.88970000,0
1649577600000,0.99970000,0.99970000,0.99960000,0.99960000,3486494.00000000,1649581199999,3485327.87550000,2247,2284731.00000000,2284045.58070000,0
1649581200000,0.99970000,0.99970000,0.99960000,0.99960000,4218140.00000000,1649584799999,4216814.57220000,1994,3618282.00000000,3617196.51540000,0
1649584800000,0.99970000,0.99970000,0.99960000,0.99960000,2690153.00000000,1649588399999,2689223.19730000,1937,1462585.00000000,1462146.22450000,0
1649588400000,0.99970000,0.99970000,0.99960000,0.99970000,2586724.00000000,1649591999999,2585827.81650000,1666,1385061.00000000,1384645.48170000,0
1649592000000,0.99970000,0.99970000,0.99960000,0.99970000,3778794.00000000,1649595599999,3777589.20850000,1853,3067261.00000000,3066340.82170000,0
1649595600000,0.99970000,0.99970000,0.99960000,0.99970000,2907939.00000000,1649599199999,2906963.49400000,1289,1876696.00000000,1876132.99120000,0
1649599200000,0.99960000,0.99970000,0.99960000,0.99970000,4079234.00000000,1649602799999,4077959.50380000,2595,3571974.00000000,3570902.40780000,0
1649602800000,0.99970000,0.99970000,0.99960000,0.99970000,3064604.00000000,1649606399999,3063582.55300000,2328,2043946.00000000,2043332.81620000,0
1649606400000,0.99960000,0.99970000,0.99960000,0.99970000,6880611.00000000,1649609999999,6877995.88580000,2207,1371302.00000000,1370890.60940000,0
1649610000000,0.99970000,0.99980000,0.99960000,0.99980000,8867639.00000000,1649613599999,8864914.50260000,3839,7403841.00000000,7401650.96490000,0
1649613600000,0.99980000,0.99980000,0.99970000,0.99970000,2267599.00000000,1649617199999,2266992.17730000,2365,734570.00000000,734423.08600000,0
1649617200000,0.99970000,0.99980000,0.99970000,0.99970000,2416712.00000000,1649620799999,2416081.93360000,1988,949472.00000000,949282.10560000,0
1649620800000,0.99970000,0.99980000,0.99970000,0.99970000,2384613.00000000,1649624399999,2384001.12300000,2184,1035069.00000000,1034861.98620000,0
1649624400000,0.99970000,0.99980000,0.99970000,0.99980000,1871348.00000000,1649627999999,1870866.75480000,1605,801592.00000000,801431.68160000,0
1649628000000,0.99980000,0.99980000,0.99970000,0.99970000,4692685.00000000,1649631599999,4691468.86590000,3003,1916714.00000000,1916330.65720000,0
1649631600000,0.99970000,0.99980000,0.99970000,0.99980000,3239441.00000000,1649635199999,3238569.76190000,2275,1005942.00000000,1005740.81160000,0
1649635200000,0.99980000,0.99980000,0.99970000,0.99980000,3861358.00000000,1649638799999,3860449.18950000,2399,2495969.00000000,2495469.80620000,0
1649638800000,0.99980000,0.99980000,0.99970000,0.99980000,2609452.00000000,1649642399999,2608853.03380000,1805,1838694.00000000,1838326.26120000,0
1649642400000,0.99970000,0.99980000,0.99970000,0.99980000,4573856.00000000,1649645999999,4572776.11340000,2373,2922702.00000000,2922117.45960000,0
1649646000000,0.99980000,0.99980000,0.99970000,0.99980000,2543353.00000000,1649649599999,2542757.56250000,1958,1675684.00000000,1675348.86320000,0
1649649600000,0.99980000,0.99980000,0.99970000,0.99970000,3852908.00000000,1649653199999,3851972.72390000,1982,2205963.00000000,2205521.80740000,0
1649653200000,0.99980000,0.99980000,0.99970000,0.99970000,3718389.00000000,1649656799999,3717437.69240000,1838,1642091.00000000,1641762.58180000,0
1649656800000,0.99980000,0.99980000,0.99970000,0.99980000,2945050.00000000,1649660399999,2944324.66760000,1768,1581826.00000000,1581509.63480000,0
1649660400000,0.99970000,0.99980000,0.99970000,0.99980000,3882618.00000000,1649663999999,3881677.42170000,1919,2242071.00000000,2241622.58580000,0
1649664000000,0.99970000,0.99980000,0.99970000,0.99970000,4548962.00000000,1649667599999,4547864.60010000,2135,2672887.00000000,2672352.42260000,0
1649667600000,0.99970000,0.99980000,0.99970000,0.99970000,6041802.00000000,1649671199999,6040320.86440000,3647,3314050.00000000,3313387.19000000,0
1649671200000,0.99970000,0.99980000,0.99970000,0.99980000,15184067.00000000,1649674799999,15180659.33730000,3764,11475574.00000000,11473278.88520000,0
1649674800000,0.99970000,0.99980000,0.99970000,0.99970000,15289949.00000000,1649678399999,15285829.98260000,4396,4679673.00000000,4678737.06540000,0
1649678400000,0.99980000,0.99980000,0.99970000,0.99970000,5008960.00000000,1649681999999,5007704.94640000,3244,2476344.00000000,2475848.73120000,0
1649682000000,0.99980000,0.99980000,0.99970000,0.99980000,5367905.00000000,1649685599999,5366602.58310000,3678,3079546.00000000,3078930.09080000,0
1649685600000,0.99980000,0.99980000,0.99970000,0.99980000,11042429.00000000,1649689199999,11040055.64710000,9698,9393758.00000000,9391879.24840000,0
1649689200000,0.99970000,0.99990000,0.99970000,0.99990000,18783378.00000000,1649692799999,18779783.18110000,4209,9615328.00000000,9613698.45860000,0
1649692800000,0.99980000,0.99990000,0.99980000,0.99980000,9131655.00000000,1649696399999,9130484.90520000,6306,6562362.00000000,6561705.76380000,0
1649696400000,0.99980000,0.99990000,0.99980000,0.99980000,5888593.00000000,1649699999999,5887813.31350000,5402,3980321.00000000,3979922.96790000,0
1649700000000,0.99980000,0.99990000,0.99980000,0.99990000,6117835.00000000,1649703599999,6116984.87710000,4232,3734441.00000000,3734067.55590000,0
1649703600000,0.99990000,0.99990000,0.99980000,0.99980000,9200479.00000000,1649707199999,9199116.29150000,5635,4773873.00000000,4773395.61270000,0
1649707200000,0.99980000,0.99990000,0.99980000,0.99990000,9961127.00000000,1649710799999,9959806.09280000,7093,6713182.00000000,6712510.68180000,0
1649710800000,0.99980000,0.99990000,0.99980000,0.99980000,8339465.00000000,1649714399999,8338307.95320000,4270,5108462.00000000,5107951.15380000,0
1649714400000,0.99980000,0.99990000,0.99980000,0.99990000,6587900.00000000,1649717999999,6586730.46650000,2501,1480465.00000000,1480316.95350000,0
1649718000000,0.99990000,0.99990000,0.99980000,0.99990000,2500383.00000000,1649721599999,2500018.26950000,1824,1353461.00000000,1353325.65390000,0
1649721600000,0.99990000,0.99990000,0.99980000,0.99980000,2710003.00000000,1649725199999,2709592.06370000,1989,1310643.00000000,1310511.93570000,0
1649725200000,0.99990000,0.99990000,0.99980000,0.99980000,7747031.00000000,1649728799999,7746064.80440000,1876,5832106.00000000,5831522.78940000,0
1649728800000,0.99990000,0.99990000,0.99980000,0.99990000,3435104.00000000,1649732399999,3434646.24800000,2207,2292688.00000000,2292458.73120000,0
1649732400000,0.99980000,0.99990000,0.99980000,0.99990000,6726029.00000000,1649735999999,6725053.63110000,3695,3698369.00000000,3697999.16310000,0
1649736000000,0.99990000,0.99990000,0.99980000,0.99990000,14521996.00000000,1649739599999,14519473.19880000,3781,3815980.00000000,3815598.40200000,0
1649739600000,0.99990000,0.99990000,0.99980000,0.99990000,4581963.00000000,1649743199999,4581396.65360000,4271,3500462.00000000,3500111.95380000,0
1649743200000,0.99990000,0.99990000,0.99980000,0.99980000,4321130.00000000,1649746799999,4320559.33830000,3055,2935643.00000000,2935349.43570000,0
1649746800000,0.99990000,0.99990000,0.99980000,0.99990000,10054567.00000000,1649750399999,10053383.61090000,3387,8275243.00000000,8274415.47570000,0
1649750400000,0.99990000,0.99990000,0.99980000,0.99980000,5862366.00000000,1649753999999,5861398.36610000,2980,2048393.00000000,2048188.16070000,0
1649754000000,0.99980000,0.99990000,0.99980000,0.99980000,5125201.00000000,1649757599999,5124409.98800000,2566,2340282.00000000,2340047.97180000,0
1649757600000,0.99990000,0.99990000,0.99980000,0.99980000,3765052.00000000,1649761199999,3764382.59580000,1616,836062.00000000,835978.39380000,0
1649761200000,0.99980000,0.99990000,0.99980000,0.99980000,5317698.00000000,1649764799999,5316912.74420000,2170,2782838.00000000,2782559.71620000,0
1649764800000,0.99990000,0.99990000,0.99980000,0.99980000,9070361.00000000,1649768399999,9069031.46860000,3596,4845408.00000000,4844923.45920000,0
1649768400000,0.99990000,0.99990000,0.99970000,0.99970000,14788175.00000000,1649771999999,14785048.25440000,8179,7006844.00000000,7005445.11050000,0
1649772000000,0.99980000,0.99980000,0.99970000,0.99980000,11952088.00000000,1649775599999,11949403.96970000,8514,9015961.00000000,9014157.80780000,0
1649775600000,0.99980000,0.99980000,0.99970000,0.99970000,7157610.00000000,1649779199999,7155964.35230000,5142,5016353.00000000,5015349.72940000,0
1649779200000,0.99970000,0.99980000,0.99970000,0.99980000,5170623.00000000,1649782799999,5169478.58290000,4183,4067698.00000000,4066884.46040000,0
1649782800000,0.99970000,0.99980000,0.99970000,0.99980000,5793940.00000000,1649786399999,5792623.39480000,4168,4215768.00000000,4214924.84640000,0
1649786400000,0.99980000,0.99990000,0.99970000,0.99980000,8153916.00000000,1649789999999,8152866.33730000,2434,6376008.00000000,6375316.31290000,0
1649790000000,0.99990000,0.99990000,0.99980000,0.99990000,5387304.00000000,1649793599999,5386569.43870000,2540,3428995.00000000,3428652.10050000,0
1649793600000,0.99980000,0.99990000,0.99980000,0.99980000,5548798.00000000,1649797199999,5547801.05640000,1549,1128160.00000000,1128047.18400000,0
1649797200000,0.99980000,0.99990000,0.99980000,0.99980000,3071072.00000000,1649800799999,3070577.52280000,1354,1197372.00000000,1197252.26280000,0
1649800800000,0.99980000,0.99990000,0.99980000,0.99990000,2069257.00000000,1649804399999,2068908.77190000,1507,656233.00000000,656167.37670000,0
1649804400000,0.99980000,0.99990000,0.99980000,0.99980000,2942176.00000000,1649807999999,2941716.53410000,1869,1289693.00000000,1289564.03070000,0
1649808000000,0.99980000,0.99990000,0.99980000,0.99980000,4490458.00000000,1649811599999,4489882.67350000,1359,3227651.00000000,3227328.23490000,0
1649811600000,0.99980000,0.99990000,0.99980000,0.99990000,5553755.00000000,1649815199999,5553037.63120000,2127,3933822.00000000,3933428.61780000,0
1649815200000,0.99990000,0.99990000,0.99980000,0.99990000,6104698.00000000,1649818799999,6104030.53000000,1548,5534696.00000000,5534142.53040000,0
1649818800000,0.99980000,0.99990000,0.99980000,0.99980000,3147948.00000000,1649822399999,3147581.25900000,1960,2628486.00000000,2628223.15140000,0
1649822400000,0.99980000,0.99990000,0.99980000,0.99980000,2390026.00000000,1649825999999,2389662.69700000,1612,1147022.00000000,1146907.29780000,0
1649826000000,0.99980000,0.99990000,0.99980000,0.99990000,5465776.00000000,1649829599999,5464773.89590000,1569,910511.00000000,910419.94890000,0
1649829600000,0.99980000,0.99990000,0.99980000,0.99980000,2434837.00000000,1649833199999,2434466.22760000,2006,1161950.00000000,1161833.80500000,0
1649833200000,0.99980000,0.99990000,0.99980000,0.99980000,4324936.00000000,1649836799999,4324246.74080000,2503,1757280.00000000,1757104.27200000,0
1649836800000,0.99990000,0.99990000,0.99980000,0.99980000,3233463.00000000,1649840399999,3232968.25510000,1753,1519477.00000000,1519325.05230000,0
1649840400000,0.99980000,0.99990000,0.99980000,0.99990000,4419912.00000000,1649843999999,4419133.04050000,1735,1050229.00000000,1050123.97710000,0
1649844000000,0.99980000,0.99990000,0.99980000,0.99980000,3758282.00000000,1649847599999,3757720.53050000,1897,1901869.00000000,1901678.81310000,0
1649847600000,0.99990000,0.99990000,0.99980000,0.99980000,3287247.00000000,1649851199999,3286753.81120000,2219,1642606.00000000,1642441.73940000,0
1649851200000,0.99980000,0.99990000,0.99980000,0.99990000,11386617.00000000,1649854799999,11384622.11480000,2489,2824382.00000000,2824099.56180000,0
1649854800000,0.99980000,0.99990000,0.99980000,0.99980000,5906285.00000000,1649858399999,5905334.51570000,3430,2307727.00000000,2307496.22730000,0
1649858400000,0.99980000,0.99990000,0.99980000,0.99980000,6921170.00000000,1649861999999,6920008.18620000,4023,2224202.00000000,2223979.57980000,0
1649862000000,0.99980000,0.99990000,0.99980000,0.99980000,6667562.00000000,1649865599999,6666531.31250000,2871,3028249.00000000,3027946.17510000,0
1649865600000,0.99980000,0.99990000,0.99980000,0.99980000,5843234.00000000,1649869199999,5842413.48770000,2392,3481345.00000000,3480996.86550000,0
1649869200000,0.99980000,0.99990000,0.99980000,0.99990000,5689864.00000000,1649872799999,5689030.45730000,1865,3044301.00000000,3043996.56990000,0
1649872800000,0.99980000,0.99990000,0.99980000,0.99980000,3784529.00000000,1649876399999,3784030.90540000,1827,2588112.00000000,2587853.18880000,0
1649876400000,0.99990000,0.99990000,0.99980000,0.99980000,3233514.00000000,1649879999999,3233070.30820000,1876,2030110.00000000,2029906.98900000,0
1649880000000,0.99980000,0.99990000,0.99980000,0.99980000,6923283.00000000,1649883599999,6922419.04370000,1807,5207003.00000000,5206482.29970000,0
1649883600000,0.99980000,0.99990000,0.99980000,0.99980000,3686030.00000000,1649887199999,3685357.45550000,1307,646615.00000000,646550.33850000,0
1649887200000,0.99990000,0.99990000,0.99980000,0.99990000,2685154.00000000,1649890799999,2684729.04610000,1304,1120769.00000000,1120656.92310000,0
1649890800000,0.99990000,0.99990000,0.99980000,0.99990000,3607426.00000000,1649894399999,3606966.55690000,1186,2620421.00000000,2620158.95790000,0
1649894400000,0.99990000,0.99990000,0.99980000,0.99980000,1162213.00000000,1649897999999,1162060.45560000,1221,798982.00000000,798902.10180000,0
1649898000000,0.99980000,0.99990000,0.99980000,0.99990000,2789846.00000000,1649901599999,2789396.91000000,1483,1088792.00000000,1088683.12080000,0
1649901600000,0.99990000,0.99990000,0.99980000,0.99980000,3828938.00000000,1649905199999,3828317.07590000,1239,1448635.00000000,1448490.13650000,0
1649905200000,0.99990000,0.99990000,0.99980000,0.99980000,2167449.00000000,1649908799999,2167160.10240000,1265,1445922.00000000,1445777.40780000,0
1649908800000,0.99990000,0.99990000,0.99980000,0.99990000,2067632.00000000,1649912399999,2067369.55370000,1468,1510801.00000000,1510649.91990000,0
1649912400000,0.99980000,0.99990000,0.99980000,0.99990000,2762324.00000000,1649915999999,2761929.85590000,1262,1583207.00000000,1583048.67930000,0
1649916000000,0.99990000,0.99990000,0.99980000,0.99980000,6961313.00000000,1649919599999,6960091.57070000,1658,1708333.00000000,1708162.16670000,0
1649919600000,0.99980000,0.99990000,0.99980000,0.99980000,5145754.00000000,1649923199999,5145084.45080000,1632,3596016.00000000,3595656.39840000,0
1649923200000,0.99980000,0.99990000,0.99980000,0.99990000,1975364.00000000,1649926799999,1975037.14890000,1330,682217.00000000,682148.77830000,0
1649926800000,0.99990000,0.99990000,0.99980000,0.99990000,5051340.00000000,1649930399999,5050652.38970000,2164,3226577.00000000,3226254.34230000,0
1649930400000,0.99980000,0.99990000,0.99980000,0.99980000,3381326.00000000,1649933999999,3380865.50810000,2416,2157733.00000000,2157517.22670000,0
1649934000000,0.99990000,0.99990000,0.99970000,0.99980000,23484983.00000000,1649937599999,23480198.02740000,10917,12440175.00000000,12437769.26980000,0
1649937600000,0.99980000,0.99980000,0.99970000,0.99970000,8318634.00000000,1649941199999,8316851.45700000,5563,7130472.00000000,7129045.90560000,0
1649941200000,0.99980000,0.99980000,0.99970000,0.99980000,5412046.00000000,1649944799999,5410816.10400000,5090,3937178.00000000,3936390.56440000,0
1649944800000,0.99980000,0.99980000,0.99970000,0.99980000,5346181.00000000,1649948399999,5344960.18880000,4618,3830431.00000000,3829664.91380000,0
1649948400000,0.99980000,0.99980000,0.99970000,0.99980000,5699159.00000000,1649951999999,5697841.49050000,3455,3922382.00000000,3921597.52360000,0
1649952000000,0.99980000,0.99980000,0.99970000,0.99980000,10905332.00000000,1649955599999,10902901.44690000,3921,8410465.00000000,8408782.90700000,0
1649955600000,0.99980000,1.00000000,0.99970000,0.99990000,4963439.00000000,1649959199999,4962694.05220000,3207,3957658.00000000,3957078.23850000,0
1649959200000,1.00000000,1.00000000,0.99990000,1.00000000,3367901.00000000,1649962799999,3367723.96310000,2266,1597532.00000000,1597532.00000000,0
1649962800000,1.00000000,1.00000000,0.99990000,1.00000000,3717913.00000000,1649966399999,3717756.35600000,1796,2151473.00000000,2151473.00000000,0
1649966400000,0.99990000,1.00000000,0.99990000,0.99990000,3874586.00000000,1649969999999,3874304.87780000,1977,1063364.00000000,1063364.00000000,0
1649970000000,1.00000000,1.00000000,0.99990000,1.00000000,2803619.00000000,1649973599999,2803426.33550000,1788,876974.00000000,876974.00000000,0
1649973600000,0.99990000,1.00000000,0.99990000,0.99990000,4749363.00000000,1649977199999,4748920.26590000,1576,322022.00000000,322022.00000000,0
1649977200000,1.00000000,1.00000000,0.99990000,1.00000000,1501636.00000000,1649980799999,1501524.27910000,1065,384427.00000000,384427.00000000,0
1649980800000,0.99990000,1.00000000,0.99990000,0.99990000,1667617.00000000,1649984399999,1667545.68090000,1424,954426.00000000,954426.00000000,0
1649984400000,1.00000000,1.00000000,0.99990000,1.00000000,2128897.00000000,1649987999999,2128830.41430000,1308,1463040.00000000,1463040.00000000,0
1649988000000,1.00000000,1.00000000,0.99990000,1.00000000,2591241.00000000,1649991599999,2591108.40110000,1266,1265252.00000000,1265252.00000000,0
1649991600000,1.00000000,1.00000000,0.99990000,1.00000000,2579452.00000000,1649995199999,2579344.73810000,1573,1506833.00000000,1506833.00000000,0
1649995200000,1.00000000,1.00000000,0.99990000,1.00000000,2803887.00000000,1649998799999,2803760.04670000,1689,1534354.00000000,1534354.00000000,0
1649998800000,1.00000000,1.00000000,0.99990000,0.99990000,3409720.00000000,1650002399999,3409554.29860000,1359,1752706.00000000,1752706.00000000,0
1650002400000,1.00000000,1.00000000,0.99990000,1.00000000,16027941.00000000,1650005999999,16026896.30680000,4212,5581009.00000000,5581009.00000000,0
1650006000000,1.00000000,1.00000000,0.99990000,1.00000000,3603499.00000000,1650009599999,3603229.11320000,2007,904631.00000000,904631.00000000,0
1650009600000,1.00000000,1.00000000,0.99990000,0.99990000,4888043.00000000,1650013199999,4887814.24120000,2660,2600455.00000000,2600455.00000000,0
1650013200000,1.00000000,1.00000000,0.99990000,0.99990000,12897229.00000000,1650016799999,12896826.40110000,2032,8871240.00000000,8871240.00000000,0
1650016800000,0.99990000,1.00000000,0.99990000,1.00000000,5321799.00000000,1650020399999,5321420.24320000,2148,1534231.00000000,1534231.00000000,0
1650020400000,0.99990000,1.00000000,0.99990000,0.99990000,9831997.00000000,1650023999999,9831679.47320000,2661,6656729.00000000,6656729.00000000,0
1650024000000,0.99990000,1.00000000,0.99980000,0.99990000,12045681.00000000,1650027599999,12044422.45930000,2053,1124565.00000000,1124502.84790000,0
1650027600000,0.99990000,0.99990000,0.99980000,0.99990000,6293803.00000000,1650031199999,6293033.52820000,2167,4892888.00000000,4892398.71120000,0
1650031200000,0.99990000,0.99990000,0.99970000,0.99980000,17389892.00000000,1650034799999,17386787.25350000,4231,8002060.00000000,8000859.92980000,0
1650034800000,0.99980000,0.99980000,0.99970000,0.99980000,7479692.00000000,1650038399999,7477949.39420000,5292,5013018.00000000,5012015.39640000,0
1650038400000,0.99970000,0.99980000,0.99970000,0.99980000,7911660.00000000,1650041999999,7909914.89310000,5970,6283911.00000000,6282654.21780000,0
1650042000000,0.99970000,0.99980000,0.99970000,0.99980000,4573024.00000000,1650045599999,4572021.92390000,3882,3698311.00000000,3697571.33780000,0
1650045600000,0.99980000,0.99980000,0.99970000,0.99980000,4516361.00000000,1650049199999,4515237.33350000,2838,2312418.00000000,2311955.51640000,0
1650049200000,0.99980000,0.99980000,0.99970000,0.99980000,2532289.00000000,1650052799999,2531671.79890000,2425,1424856.00000000,1424571.02880000,0
1650052800000,0.99980000,0.99980000,0.99970000,0.99980000,3031273.00000000,1650056399999,3030594.85850000,3041,2312404.00000000,2311941.51920000,0
1650056400000,0.99980000,0.99980000,0.99970000,0.99970000,2467474.00000000,1650059999999,2466910.13950000,2456,1763817.00000000,1763464.23660000,0
1650060000000,0.99980000,0.99980000,0.99970000,0.99980000,1833768.00000000,1650063599999,1833347.73330000,1931,1298637.00000000,1298377.27260000,0
1650063600000,0.99980000,0.99980000,0.99970000,0.99980000,1956458.00000000,1650067199999,1956032.34490000,2270,1612823.00000000,1612500.43540000,0
1650067200000,0.99980000,0.99980000,0.99970000,0.99980000,4377959.00000000,1650070799999,4377024.40270000,2862,3787904.00000000,3787146.41920000,0
1650070800000,0.99980000,0.99980000,0.99970000,0.99980000,2950544.00000000,1650074399999,2949904.84360000,2881,2460068.00000000,2459575.98640000,0
1650074400000,0.99970000,0.99980000,0.99970000,0.99980000,3149563.00000000,1650077999999,3148896.10410000,1956,2779730.00000000,2779174.05400000,0
1650078000000,0.99980000,0.99980000,0.99970000,0.99970000,2590997.00000000,1650081599999,2590430.17390000,1852,2104730.00000000,2104309.05400000,0
1650081600000,0.99980000,0.99980000,0.99970000,0.99980000,1825782.00000000,1650085199999,1825361.21310000,2125,1269477.00000000,1269223.10460000,0
1650085200000,0.99980000,0.99980000,0.99970000,0.99970000,2568076.00000000,1650088799999,2567482.83440000,2323,1772572.00000000,1772217.48560000,0
1650088800000,0.99980000,0.99980000,0.99970000,0.99980000,2454664.00000000,1650092399999,2454082.74140000,2021,1551406.00000000,1551095.71880000,0
1650092400000,0.99980000,0.99980000,0.99970000,0.99980000,3040239.00000000,1650095999999,3039458.21980000,2550,1312915.00000000,1312652.41700000,0
1650096000000,0.99980000,0.99980000,0.99970000,0.99970000,2848208.00000000,1650099599999,2847567.33940000,2680,2138018.00000000,2137590.39640000,0
1650099600000,0.99980000,0.99980000,0.99970000,0.99970000,2845412.00000000,1650103199999,2844751.04480000,2382,1926684.00000000,1926298.66320000,0
1650103200000,0.99980000,0.99980000,0.99970000,0.99970000,4937545.00000000,1650106799999,4936446.22390000,2931,3824874.00000000,3824109.02520000,0
1650106800000,0.99980000,0.99980000,0.99970000,0.99970000,2959458.00000000,1650110399999,2958771.94260000,2853,2017800.00000000,2017396.44000000,0
1650110400000,0.99980000,0.99980000,0.99970000,0.99980000,2882333.00000000,1650113999999,2881694.36520000,2721,2260651.00000000,2260198.86980000,0
1650114000000,0.99980000,0.99980000,0.99970000,0.99980000,6677211.00000000,1650117599999,6675750.28280000,3034,5424461.00000000,5423376.10780000,0
1650117600000,0.99980000,0.99990000,0.99970000,0.99990000,5301656.00000000,1650121199999,5300579.89630000,2218,4014549.00000000,4013781.44610000,0
1650121200000,0.99980000,0.99990000,0.99980000,0.99980000,4010332.00000000,1650124799999,4009769.96580000,1946,2400322.00000000,2400081.96780000,0
1650124800000,0.99980000,0.99990000,0.99980000,0.99980000,2074591.00000000,1650128399999,2074266.79220000,1662,907104.00000000,907013.28960000,0
1650128400000,0.99980000,0.99990000,0.99980000,0.99990000,4838662.00000000,1650131999999,4837927.32030000,1457,2330527.00000000,2330293.94730000,0
1650132000000,0.99980000,0.99990000,0.99980000,0.99980000,1395456.00000000,1650135599999,1395218.60970000,1269,417009.00000000,416967.29910000,0
1650135600000,0.99980000,0.99990000,0.99980000,0.99990000,2063512.00000000,1650139199999,2063161.62770000,1335,623301.00000000,623238.66990000,0
1650139200000,0.99980000,0.99990000,0.99980000,0.99980000,4664780.00000000,1650142799999,4664207.60880000,1210,3605648.00000000,3605287.43520000,0
1650142800000,0.99980000,0.99990000,0.99980000,0.99980000,1923476.00000000,1650146399999,1923160.25730000,1308,689525.00000000,689456.04750000,0
1650146400000,0.99990000,0.99990000,0.99980000,0.99990000,3115493.00000000,1650149999999,3115137.16600000,1241,2672646.00000000,2672378.73540000,0
1650150000000,0.99990000,0.99990000,0.99980000,0.99990000,952197.00000000,1650153599999,952062.30520000,1134,557446.00000000,557390.25540000,0
1650153600000,0.99990000,0.99990000,0.99980000,0.99990000,1291833.00000000,1650157199999,1291618.47350000,938,438401.00000000,438357.15990000,0
1650157200000,0.99990000,0.99990000,0.99980000,0.99990000,844714.00000000,1650160799999,844592.50560000,890,474484.00000000,474436.55160000,0
1650160800000,0.99990000,0.99990000,0.99980000,0.99990000,4062915.00000000,1650164399999,4062438.45420000,1354,3360372.00000000,3360035.96280000,0
1650164400000,0.99980000,0.99990000,0.99980000,0.99980000,3543891.00000000,1650167999999,3543399.89880000,1167,2176770.00000000,2176552.32300000,0
1650168000000,0.99980000,0.99990000,0.99980000,0.99990000,3285709.00000000,1650171599999,3285144.33230000,1047,924741.00000000,924648.52590000,0
1650171600000,0.99980000,0.99990000,0.99980000,0.99990000,4627482.00000000,1650175199999,4626759.46270000,1127,2029591.00000000,2029388.04090000,0
1650175200000,0.99980000,0.99990000,0.99980000,0.99990000,1415879.00000000,1650178799999,1415660.09450000,876,642703.00000000,642638.72970000,0
1650178800000,0.99980000,0.99990000,0.99980000,0.99990000,3760273.00000000,1650182399999,3759726.54400000,1064,2055986.00000000,2055780.40140000,0
1650182400000,0.99980000,0.99990000,0.99980000,0.99980000,7590516.00000000,1650185999999,7589076.90510000,1289,790083.00000000,790003.99170000,0
1650186000000,0.99990000,0.99990000,0.99980000,0.99990000,3958896.00000000,1650189599999,3958192.30900000,1635,880882.00000000,880793.91180000,0
1650189600000,0.99990000,0.99990000,0.99980000,0.99980000,2171327.00000000,1650193199999,2171006.60760000,1285,1138730.00000000,1138616.12700000,0
1650193200000,0.99980000,0.99990000,0.99970000,0.99970000,6526875.00000000,1650196799999,6525453.29930000,1644,876196.00000000,876051.05310000,0
1650196800000,0.99970000,0.99980000,0.99960000,0.99970000,17278061.00000000,1650200399999,17272987.62690000,5805,13597169.00000000,13593225.19640000,0
1650200400000,0.99970000,0.99990000,0.99960000,0.99970000,22152763.00000000,1650203999999,22147930.48200000,3624,7877016.00000000,7875278.30650000,0
1650204000000,0.99970000,0.99980000,0.99970000,0.99980000,2765371.00000000,1650207599999,2764726.56530000,2014,1851766.00000000,1851395.64680000,0
1650207600000,0.99980000,0.99980000,0.99960000,0.99970000,11639434.00000000,1650211199999,11636026.08880000,3832,6846002.00000000,6844071.27790000,0
1650211200000,0.99960000,0.99970000,0.99960000,0.99960000,4152059.00000000,1650214799999,4150743.65670000,3664,3454803.00000000,3453766.55910000,0
1650214800000,0.99960000,0.99970000,0.99960000,0.99970000,4847612.00000000,1650218399999,4846007.31670000,3719,3343615.00000000,3342611.91550000,0
1650218400000,0.99970000,0.99970000,0.99960000,0.99970000,5830455.00000000,1650221999999,5828615.27400000,4587,4924560.00000000,4923082.63200000,0
1650222000000,0.99970000,0.99980000,0.99960000,0.99980000,2670135.00000000,1650225599999,2669419.34970000,1240,1064645.00000000,1064411.02460000,0
1650225600000,0.99970000,0.99980000,0.99970000,0.99970000,1125306.00000000,1650229199999,1125029.27170000,1232,608635.00000000,608513.27300000,0
1650229200000,0.99970000,0.99980000,0.99970000,0.99970000,1150192.00000000,1650232799999,1149899.38320000,1146,524408.00000000,524303.11840000,0
1650232800000,0.99980000,0.99980000,0.99970000,0.99980000,1736354.00000000,1650236399999,1735937.86950000,1395,1047757.00000000,1047547.44860000,0
1650236400000,0.99980000,0.99980000,0.99970000,0.99980000,3589665.00000000,1650239999999,3588790.95720000,2387,2028567.00000000,2028161.28660000,0
1650240000000,0.99980000,0.99980000,0.99970000,0.99980000,4432887.00000000,1650243599999,4431922.80020000,1916,3656663.00000000,3655931.66740000,0
1650243600000,0.99980000,0.99980000,0.99970000,0.99980000,1856504.00000000,1650247199999,1856068.59650000,1472,1215477.00000000,1215233.90460000,0
1650247200000,0.99980000,0.99980000,0.99970000,0.99980000,1616693.00000000,1650250799999,1616315.59790000,1418,1076058.00000000,1075842.78840000,0
1650250800000,0.99980000,0.99980000,0.99970000,0.99980000,6673771.00000000,1650254399999,6671866.03910000,1184,971704.00000000,971509.65920000,0
1650254400000,0.99980000,0.99980000,0.99960000,0.99970000,26495941.00000000,1650257999999,26487266.22030000,10212,13725686.00000000,13721678.39200000,0
1650258000000,0.99960000,0.99970000,0.99960000,0.99960000,9850726.00000000,1650261599999,9847415.45110000,7192,6297415.00000000,6295525.77550000,0
1650261600000,0.99970000,0.99970000,0.99960000,0.99970000,5593603.00000000,1650265199999,5591577.18640000,3638,2116276.00000000,2115641.11720000,0
1650265200000,0.99970000,0.99970000,0.99960000,0.99970000,11520768.00000000,1650268799999,11517128.48240000,3565,9687896.00000000,9684989.63120000,0
1650268800000,0.99970000,0.99980000,0.99960000,0.99970000,21221902.00000000,1650272399999,21215347.05670000,3888,5352364.00000000,5350758.42180000,0
1650272400000,0.99970000,0.99970000,0.99960000,0.99970000,5567944.00000000,1650275999999,5566065.40500000,5099,3485826.00000000,3484780.25220000,0
1650276000000,0.99970000,0.99970000,0.99960000,0.99960000,5416884.00000000,1650279599999,5415005.05140000,4861,2878050.00000000,2877186.58500000,0
1650279600000,0.99960000,0.99970000,0.99960000,0.99970000,5123944.00000000,1650283199999,5122214.63500000,3514,3202126.00000000,3201165.36220000,0
1650283200000,0.99960000,0.99970000,0.99960000,0.99970000,7273814.00000000,1650286799999,7271395.27880000,4598,4908044.00000000,4906571.58680000,0
1650286800000,0.99960000,0.99970000,0.99960000,0.99970000,8544697.00000000,1650290399999,8541824.15960000,4122,5450384.00000000,5448748.88480000,0
1650290400000,0.99970000,0.99980000,0.99960000,0.99980000,9160412.00000000,1650293999999,9157863.41060000,4926,7617372.00000000,7615363.02600000,0
1650294000000,0.99980000,0.99980000,0.99970000,0.99980000,17844471.00000000,1650297599999,17839389.91090000,2438,2722522.00000000,2721977.49560000,0
1650297600000,0.99980000,0.99980000,0.99970000,0.99970000,10480583.00000000,1650301199999,10477831.36100000,3045,3925359.00000000,3924573.92820000,0
1650301200000,0.99970000,0.99980000,0.99970000,0.99970000,6087028.00000000,1650304799999,6085569.69000000,4062,3677984.00000000,3677248.40320000,0
1650304800000,0.99970000,0.99980000,0.99970000,0.99970000,9025906.00000000,1650308399999,9023719.23410000,6495,5210059.00000000,5209016.98820000,0
1650308400000,0.99980000,0.99980000,0.99970000,0.99970000,9470757.00000000,1650311999999,9468574.62640000,5991,6588535.00000000,6587217.29300000,0
1650312000000,0.99980000,0.99980000,0.99970000,0.99980000,5528845.00000000,1650315599999,5527487.88680000,4246,3015403.00000000,3014799.91940000,0
1650315600000,0.99980000,0.99980000,0.99970000,0.99980000,5075152.00000000,1650319199999,5074045.56220000,4519,4161078.00000000,4160245.78440000,0
1650319200000,0.99980000,1.00000000,0.99970000,0.99990000,9252178.00000000,1650322799999,9251147.40350000,11011,2750354.00000000,2750074.77280000,0
1650322800000,0.99990000,1.00000000,0.99990000,0.99990000,6522896.00000000,1650326399999,6522314.86410000,8256,711537.00000000,711537.00000000,0
1650326400000,0.99990000,1.00000000,0.99990000,1.00000000,6807016.00000000,1650329999999,6806441.66980000,5929,1063714.00000000,1063714.00000000,0
1650330000000,0.99990000,1.00000000,0.99980000,0.99980000,6177087.00000000,1650333599999,6176215.04710000,2260,1334644.00000000,1334537.91070000,0
1650333600000,0.99990000,0.99990000,0.99980000,0.99990000,4471655.00000000,1650337199999,4470937.74440000,1389,1770754.00000000,1770576.92460000,0
1650337200000,0.99980000,0.99990000,0.99980000,0.99990000,4318591.00000000,1650340799999,4318012.02210000,1302,2847403.00000000,2847118.25970000,0
1650340800000,0.99980000,0.99990000,0.99980000,0.99990000,3026145.00000000,1650344399999,3025772.20000000,1300,2324290.00000000,2324057.57100000,0
1650344400000,0.99990000,0.99990000,0.99980000,0.99980000,2742437.00000000,1650347999999,2741972.51760000,1407,840050.00000000,839965.99500000,0
1650348000000,0.99980000,0.99990000,0.99980000,0.99980000,4767794.00000000,1650351599999,4767121.55700000,1508,2811158.00000000,2810876.88420000,0
1650351600000,0.99990000,0.99990000,0.99980000,0.99980000,6855256.00000000,1650355199999,6854278.11120000,1336,3931624.00000000,3931230.83760000,0
1650355200000,0.99980000,0.99990000,0.99980000,0.99980000,9618645.00000000,1650358799999,9616926.26780000,1946,2049968.00000000,2049763.00320000,0
1650358800000,0.99990000,0.99990000,0.99970000,0.99980000,10524773.00000000,1650362399999,10522831.52910000,2621,2869322.00000000,2868984.73900000,0
1650362400000,0.99980000,0.99980000,0.99970000,0.99980000,7904549.00000000,1650365999999,7902735.39090000,6262,5577556.00000000,5576440.48880000,0
1650366000000,0.99980000,0.99980000,0.99970000,0.99980000,11007404.00000000,1650369599999,11005036.71170000,7543,9349329.00000000,9347459.13420000,0
1650369600000,0.99980000,0.99980000,0.99970000,0.99980000,7055052.00000000,1650373199999,7053424.70760000,3850,4892232.00000000,4891253.55360000,0
1650373200000,0.99980000,0.99980000,0.99970000,0.99980000,7723521.00000000,1650376799999,7721643.19560000,4167,4392519.00000000,4391640.49620000,0
1650376800000,0.99980000,0.99980000,0.99970000,0.99980000,9888932.00000000,1650380399999,9886652.08920000,3916,6867688.00000000,6866314.46240000,0
1650380400000,0.99980000,0.99980000,0.99970000,0.99970000,16128765.00000000,1650383999999,16124966.83960000,3199,10404691.00000000,10402610.06180000,0
1650384000000,0.99970000,0.99980000,0.99970000,0.99970000,7301165.00000000,1650387599999,7299503.06140000,3538,5284109.00000000,5283052.17820000,0
1650387600000,0.99980000,0.99980000,0.99970000,0.99970000,5219930.00000000,1650391199999,5218653.28990000,2735,2892689.00000000,2892110.46220000,0
1650391200000,0.99980000,0.99980000,0.99970000,0.99980000,3263276.00000000,1650394799999,3262397.62630000,2380,1006091.00000000,1005889.78180000,0
1650394800000,0.99970000,0.99980000,0.99970000,0.99970000,2157337.00000000,1650398399999,2156774.27780000,1827,844789.00000000,844620.04220000,0
1650398400000,0.99970000,0.99980000,0.99970000,0.99970000,2792461.00000000,1650401999999,2791773.13010000,2109,1498684.00000000,1498384.26320000,0
1650402000000,0.99980000,0.99980000,0.99970000,0.99980000,4935443.00000000,1650405599999,4934141.57820000,2026,1792111.00000000,1791752.57780000,0
1650405600000,0.99980000,0.99980000,0.99970000,0.99980000,3281933.00000000,1650409199999,3281208.60250000,1949,2601824.00000000,2601303.63520000,0
1650409200000,0.99980000,0.99980000,0.99970000,0.99970000,3943693.00000000,1650412799999,3942664.41120000,2124,1545191.00000000,1544881.96180000,0
1650412800000,0.99980000,0.99980000,0.99970000,0.99970000,4943772.00000000,1650416399999,4942554.64600000,2367,2657776.00000000,2657244.44480000,0
1650416400000,0.99980000,0.99980000,0.99970000,0.99980000,5416386.00000000,1650419999999,5415178.73360000,3934,4176494.00000000,4175658.70120000,0
1650420000000,0.99980000,0.99980000,0.99970000,0.99980000,3642008.00000000,1650423599999,3641114.98810000,3041,1995905.00000000,1995505.81900000,0
1650423600000,0.99980000,0.99980000,0.99970000,0.99970000,4330515.00000000,1650427199999,4329503.12500000,3265,2872795.00000000,2872220.44100000,0
1650427200000,0.99970000,0.99980000,0.99970000,0.99970000,9458910.00000000,1650430799999,9456901.40290000,1562,8290759.00000000,8289100.84820000,0
1650430800000,0.99970000,0.99980000,0.99970000,0.99980000,3373342.00000000,1650434399999,3372480.17680000,1774,1501794.00000000,1501493.64120000,0
1650434400000,0.99980000,0.99980000,0.99970000,0.99980000,6079267.00000000,1650437999999,6077900.96240000,1489,4577425.00000000,4576509.51500000,0
1650438000000,0.99980000,0.99980000,0.99970000,0.99970000,5217660.00000000,1650441599999,5216392.73970000,1985,2980377.00000000,2979780.92460000,0
1650441600000,0.99980000,0.99980000,0.99970000,0.99970000,4721909.00000000,1650445199999,4720884.22350000,1973,3917962.00000000,3917178.40760000,0
1650445200000,0.99980000,0.99980000,0.99960000,0.99960000,22128473.00000000,1650448799999,22121758.24690000,5309,8007634.00000000,8005270.36000000,0
1650448800000,0.99970000,0.99970000,0.99960000,0.99970000,11399378.00000000,1650452399999,11395726.99310000,6493,9087443.00000000,9084716.76710000,0
1650452400000,0.99970000,0.99980000,0.99960000,0.99970000,15036743.00000000,1650455999999,15032233.54510000,5205,12164779.00000000,12161379.70280000,0
1650456000000,0.99980000,0.99990000,0.99970000,0.99980000,24404172.00000000,1650459599999,24399050.45410000,4055,8085925.00000000,8084351.82680000,0
1650459600000,0.99980000,0.99990000,0.99970000,0.99980000,18392529.00000000,1650463199999,18388435.98680000,5711,8952725.00000000,8950981.32630000,0
1650463200000,0.99980000,0.99980000,0.99970000,0.99970000,10658507.00000000,1650466799999,10655687.23100000,3178,3777831.00000000,3777075.43380000,0
1650466800000,0.99970000,0.99990000,0.99970000,0.99980000,15929392.00000000,1650470399999,15925954.92200000,3651,13363229.00000000,13360559.06660000,0
1650470400000,0.99990000,1.00000000,0.99970000,0.99970000,34263220.00000000,1650473999999,34260115.28370000,7312,16173067.00000000,16172226.18450000,0
1650474000000,0.99970000,0.99980000,0.99970000,0.99970000,7392337.00000000,1650477599999,7390552.37610000,2739,4330772.00000000,4329905.84560000,0
1650477600000,0.99970000,0.99980000,0.99970000,0.99980000,7212628.00000000,1650481199999,7210909.66730000,3571,4454557.00000000,4453666.08860000,0
1650481200000,0.99980000,0.99980000,0.99970000,0.99980000,6947893.00000000,1650484799999,6946379.68900000,4324,5710569.00000000,5709426.88620000,0
1650484800000,0.99970000,0.99990000,0.99970000,0.99980000,10461985.00000000,1650488399999,10459569.87100000,4274,6861844.00000000,6860476.40920000,0
1650488400000,0.99980000,0.99990000,0.99980000,0.99990000,5580993.00000000,1650491999999,5580296.15750000,1754,4193561.00000000,4193141.64390000,0
1650492000000,0.99980000,0.99990000,0.99980000,0.99990000,3701068.00000000,1650495599999,3700503.24690000,1214,1754605.00000000,1754429.53950000,0
1650495600000,0.99980000,0.99990000,0.99980000,0.99980000,3567301.00000000,1650499199999,3566812.59330000,1537,2250535.00000000,2250309.94650000,0
1650499200000,0.99980000,0.99990000,0.99980000,0.99990000,2147943.00000000,1650502799999,2147635.02850000,1226,1216171.00000000,1216049.38290000,0
1650502800000,0.99990000,0.99990000,0.99980000,0.99980000,4286805.00000000,1650506399999,4286219.75400000,1445,2721150.00000000,2720877.88500000,0
1650506400000,0.99980000,0.99990000,0.99980000,0.99980000,4959634.00000000,1650509999999,4958774.56620000,1380,1324930.00000000,1324797.50700000,0
1650510000000,0.99990000,0.99990000,0.99980000,0.99990000,4887264.00000000,1650513599999,4886489.11340000,1953,2025662.00000000,2025459.43380000,0
1650513600000,0.99980000,0.99990000,0.99980000,0.99980000,5654940.00000000,1650517199999,5654080.59180000,2262,2715798.00000000,2715526.42020000,0
1650517200000,0.99990000,0.99990000,0.99980000,0.99990000,3097885.00000000,1650520799999,3097366.51340000,2072,1010904.00000000,1010802.90960000,0
1650520800000,0.99980000,0.99990000,0.99980000,0.99980000,4102905.00000000,1650524399999,4102232.11530000,2446,1476963.00000000,1476815.30370000,0
1650524400000,0.99980000,0.99990000,0.99980000,0.99980000,7065957.00000000,1650527999999,7064917.04090000,2387,3732323.00000000,3731949.76770000,0
1650528000000,0.99980000,0.99990000,0.99980000,0.99990000,16824933.00000000,1650531599999,16822216.49310000,3485,6484797.00000000,6484148.52030000,0
1650531600000,0.99980000,0.99990000,0.99980000,0.99980000,12588703.00000000,1650535199999,12586805.44470000,4317,6201853.00000000,6201232.81470000,0
1650535200000,0.99980000,0.99990000,0.99970000,0.99970000,12451810.00000000,1650538799999,12449196.34730000,3420,1243590.00000000,1243434.37480000,0
1650538800000,0.99970000,0.99980000,0.99960000,0.99960000,28744904.00000000,1650542399999,28736992.21130000,6500,19527246.00000000,19522152.34080000,0
1650542400000,0.99970000,0.99980000,0.99960000,0.99970000,6003754.00000000,1650545999999,6002024.72840000,3753,3825556.00000000,3824531.01740000,0
1650546000000,0.99970000,0.99980000,0.99970000,0.99970000,5087741.00000000,1650549599999,5086558.98430000,4032,3443066.00000000,3442377.38680000,0
1650549600000,0.99980000,0.99980000,0.99970000,0.99980000,26768508.00000000,1650553199999,26762674.98300000,4958,8932396.00000000,8930609.52080000,0
1650553200000,0.99980000,0.99980000,0.99970000,0.99980000,10385776.00000000,1650556799999,10383079.55180000,4820,4192846.00000000,4192007.43080000,0
1650556800000,0.99980000,0.99980000,0.99960000,0.99960000,20260501.00000000,1650560399999,20254164.98000000,12262,16685558.00000000,16680554.92870000,0
1650560400000,0.99960000,0.99980000,0.99960000,0.99970000,5347106.00000000,1650563999999,5345806.72700000,4117,3521602.00000000,3520852.76070000,0
1650564000000,0.99980000,0.99980000,0.99970000,0.99980000,7615507.00000000,1650567599999,7613893.86000000,4778,6715121.00000000,6713777.97580000,0
1650567600000,0.99980000,0.99990000,0.99970000,0.99990000,7209984.00000000,1650571199999,7208789.22090000,4747,6038911.00000000,6037979.66660000,0
1650571200000,0.99990000,0.99990000,0.99980000,0.99990000,8255446.00000000,1650574799999,8254448.14360000,5804,6532328.00000000,6531674.76720000,0
1650574800000,0.99990000,0.99990000,0.99980000,0.99980000,3614408.00000000,1650578399999,3613943.40100000,3003,2582826.00000000,2582567.71740000,0
1650578400000,0.99990000,0.99990000,0.99980000,0.99990000,5273362.00000000,1650581999999,5272686.21900000,3128,3788914.00000000,3788535.10860000,0
1650582000000,0.99990000,0.99990000,0.99980000,0.99990000,2795033.00000000,1650585599999,2794648.22040000,2207,1742270.00000000,1742095.77300000,0
1650585600000,0.99990000,0.99990000,0.99980000,0.99980000,6224811.00000000,1650589199999,6223904.86710000,2805,3388293.00000000,3387954.17070000,0
1650589200000,0.99980000,0.99990000,0.99980000,0.99990000,6756325.00000000,1650592799999,6755325.54920000,2620,3518142.00000000,3517790.18580000,0
1650592800000,0.99990000,0.99990000,0.99980000,0.99990000,4164312.00000000,1650596399999,4163676.83020000,2390,1976926.00000000,1976728.30740000,0
1650596400000,0.99990000,0.99990000,0.99980000,0.99980000,5697686.00000000,1650599999999,5696693.44450000,2187,1469817.00000000,1469670.01830000,0
1650600000000,0.99980000,0.99990000,0.99980000,0.99990000,7051691.00000000,1650603599999,7050805.00330000,2759,5243415.00000000,5242890.65850000,0
1650603600000,0.99990000,0.99990000,0.99970000,0.99980000,21367753.00000000,1650607199999,21363657.25520000,4151,7114387.00000000,7113161.52560000,0
1650607200000,0.99980000,0.99980000,0.99960000,0.99980000,39871486.00000000,1650610799999,39860326.19470000,8050,34405741.00000000,34396262.37260000,0
1650610800000,0.99980000,0.99990000,0.99970000,0.99980000,13912164.00000000,1650614399999,13909261.27800000,4648,11825929.00000000,11823588.12950000,0
1650614400000,0.99980000,0.99990000,0.99980000,0.99990000,8521321.00000000,1650617999999,8519993.50070000,1883,3767649.00000000,3767272.23510000,0
1650618000000,0.99990000,0.99990000,0.99980000,0.99980000,4805657.00000000,1650621599999,4804967.80540000,1952,2719368.00000000,2719096.06320000,0
1650621600000,0.99990000,0.99990000,0.99980000,0.99980000,4679491.00000000,1650625199999,4678738.05280000,1746,1829510.00000000,1829327.04900000,0
1650625200000,0.99980000,0.99990000,0.99980000,0.99980000,3502695.00000000,1650628799999,3502142.72350000,1623,1482625.00000000,1482476.73750000,0
1650628800000,0.99990000,0.99990000,0.99980000,0.99990000,3675547.00000000,1650632399999,3674945.34690000,1697,1334563.00000000,1334429.54370000,0
1650632400000,0.99980000,0.99990000,0.99980000,0.99990000,9341291.00000000,1650635999999,9340074.15080000,1997,6514090.00000000,6513438.59100000,0
1650636000000,0.99990000,0.99990000,0.99980000,0.99990000,7706028.00000000,1650639599999,7704765.61880000,2580,2788244.00000000,2787965.17560000,0
1650639600000,0.99990000,0.99990000,0.99980000,0.99990000,8269297.00000000,1650643199999,8267956.91020000,3195,3137696.00000000,3137382.23040000,0
1650643200000,0.99990000,1.00000000,0.99980000,0.99990000,11711923.00000000,1650646799999,11710809.50490000,2721,5263137.00000000,5262732.01350000,0
1650646800000,1.00000000,1.00000000,0.99990000,1.00000000,3348266.00000000,1650650399999,3348128.18780000,1442,1970144.00000000,1970144.00000000,0
1650650400000,1.00000000,1.00000000,0.99990000,1.00000000,3183970.00000000,1650653999999,3183718.06630000,1398,664633.00000000,664633.00000000,0
1650654000000,1.00000000,1.00000000,0.99990000,0.99990000,2686275.00000000,1650657599999,2686114.44010000,1395,1080676.00000000,1080676.00000000,0
1650657600000,1.00000000,1.00000000,0.99990000,0.99990000,2997449.00000000,1650661199999,2997235.67240000,1382,864173.00000000,864173.00000000,0
1650661200000,0.99990000,1.00000000,0.99990000,0.99990000,5904245.00000000,1650664799999,5903732.88170000,1208,783062.00000000,783062.00000000,0
1650664800000,1.00000000,1.00000000,0.99990000,0.99990000,1568512.00000000,1650668399999,1568433.88460000,1143,787358.00000000,787358.00000000,0
1650668400000,0.99990000,1.00000000,0.99990000,0.99990000,2210749.00000000,1650671999999,2210613.28340000,1053,853583.00000000,853583.00000000,0
1650672000000,0.99990000,1.00000000,0.99990000,1.00000000,2328403.00000000,1650675599999,2328258.88490000,1447,887252.00000000,887252.00000000,0
1650675600000,1.00000000,1.00000000,0.99990000,0.99990000,1529837.00000000,1650679199999,1529773.19780000,1015,891815.00000000,891815.00000000,0
1650679200000,0.99990000,1.00000000,0.99990000,0.99990000,2054921.00000000,1650682799999,2054806.83360000,984,913257.00000000,913257.00000000,0
1650682800000,1.00000000,1.00000000,0.99990000,1.00000000,1280192.00000000,1650686399999,1280120.94960000,959,569688.00000000,569688.00000000,0
1650686400000,1.00000000,1.00000000,0.99990000,0.99990000,3249501.00000000,1650689999999,3249258.00920000,2337,819593.00000000,819593.00000000,0
1650690000000,0.99990000,1.00000000,0.99980000,0.99980000,3236150.00000000,1650693599999,3235844.31410000,1926,234070.00000000,234067.32770000,0
1650693600000,0.99990000,0.99990000,0.99980000,0.99990000,3858983.00000000,1650697199999,3858482.73810000,1476,2715347.00000000,2715075.46530000,0
1650697200000,0.99990000,0.99990000,0.99980000,0.99990000,2365027.00000000,1650700799999,2364689.42010000,1324,1354255.00000000,1354119.57450000,0
1650700800000,0.99980000,0.99990000,0.99980000,0.99980000,3016043.00000000,1650704399999,3015608.54780000,1727,1687564.00000000,1687395.24360000,0
1650704400000,0.99980000,0.99990000,0.99980000,0.99990000,1966711.00000000,1650707999999,1966383.53110000,1374,658733.00000000,658667.12670000,0
1650708000000,0.99980000,0.99990000,0.99980000,0.99980000,5536080.00000000,1650711599999,5535035.42550000,1458,626415.00000000,626352.35850000,0
1650711600000,0.99980000,0.99990000,0.99980000,0.99980000,4913657.00000000,1650715199999,4912731.38690000,1460,571183.00000000,571125.88170000,0
1650715200000,0.99990000,0.99990000,0.99980000,0.99990000,2389894.00000000,1650718799999,2389485.57750000,1476,695563.00000000,695493.44370000,0
1650718800000,0.99990000,0.99990000,0.99980000,0.99990000,2544443.00000000,1650722399999,2543989.10250000,1880,549911.00000000,549856.00890000,0
1650722400000,0.99980000,0.99990000,0.99980000,0.99990000,3188694.00000000,1650725999999,3188127.76600000,2103,715048.00000000,714976.49520000,0
1650726000000,0.99980000,0.99990000,0.99980000,0.99980000,2962770.00000000,1650729599999,2962276.46870000,1914,990227.00000000,990127.97730000,0
1650729600000,0.99980000,0.99990000,0.99980000,0.99980000,2926821.00000000,1650733199999,2926398.90640000,1683,1632706.00000000,1632542.72940000,0
1650733200000,0.99980000,0.99990000,0.99980000,0.99990000,2313463.00000000,1650736799999,2313086.71920000,1389,864118.00000000,864031.58820000,0
1650736800000,0.99990000,0.99990000,0.99980000,0.99990000,2842701.00000000,1650740399999,2842187.90710000,1185,554473.00000000,554417.55270000,0
1650740400000,0.99990000,0.99990000,0.99980000,0.99980000,1759782.00000000,1650743999999,1759485.14520000,1366,551016.00000000,550960.89840000,0
1650744000000,0.99980000,0.99990000,0.99980000,0.99990000,1321880.00000000,1650747599999,1321689.55400000,1034,739300.00000000,739226.07000000,0
1650747600000,0.99980000,0.99990000,0.99980000,0.99980000,977658.00000000,1650751199999,977498.64370000,881,361753.00000000,361716.82470000,0
1650751200000,0.99990000,0.99990000,0.99980000,0.99980000,2016302.00000000,1650754799999,2015995.86730000,1067,971277.00000000,971179.87230000,0
1650754800000,0.99980000,0.99990000,0.99980000,0.99980000,1966891.00000000,1650758399999,1966553.14490000,1139,555231.00000000,555175.47690000,0
1650758400000,0.99980000,0.99990000,0.99980000,0.99980000,2818111.00000000,1650761999999,2817706.13880000,982,1587610.00000000,1587451.23900000,0
1650762000000,0.99990000,0.99990000,0.99980000,0.99980000,1428877.00000000,1650765599999,1428660.78680000,947,695622.00000000,695552.43780000,0
1650765600000,0.99980000,0.99990000,0.99980000,0.99990000,1354037.00000000,1650769199999,1353834.43970000,746,682471.00000000,682402.75290000,0
1650769200000,0.99980000,0.99990000,0.99980000,0.99990000,1081328.00000000,1650772799999,1081162.78790000,849,510535.00000000,510483.94650000,0
1650772800000,0.99980000,0.99990000,0.99980000,0.99980000,1112233.00000000,1650776399999,1112046.06550000,943,355121.00000000,355085.48790000,0
1650776400000,0.99980000,0.99990000,0.99980000,0.99980000,2893656.00000000,1650779999999,2893188.69330000,895,1114245.00000000,1114133.57550000,0
1650780000000,0.99980000,0.99990000,0.99980000,0.99990000,4086344.00000000,1650783599999,4085779.21750000,1369,2524863.00000000,2524610.51370000,0
1650783600000,0.99980000,0.99990000,0.99980000,0.99990000,9539572.00000000,1650787199999,9538145.62790000,1516,4815423.00000000,4814941.45770000,0
1650787200000,0.99990000,0.99990000,0.99980000,0.99980000,5176426.00000000,1650790799999,5175745.00420000,1173,3542894.00000000,3542539.71060000,0
1650790800000,0.99980000,0.99990000,0.99980000,0.99990000,1930170.00000000,1650794399999,1929890.06980000,1175,1061038.00000000,1060931.89620000,0
1650794400000,0.99990000,0.99990000,0.99970000,0.99980000,30030258.00000000,1650797999999,30024281.69270000,1565,996392.00000000,996257.15810000,0
1650798000000,0.99980000,0.99980000,0.99970000,0.99970000,2739009.00000000,1650801599999,2738329.80810000,2178,1425108.00000000,1424822.97840000,0
1650801600000,0.99980000,0.99980000,0.99970000,0.99970000,3635325.00000000,1650805199999,3634487.12310000,3059,2527206.00000000,2526700.55880000,0
1650805200000,0.99980000,0.99980000,0.99960000,0.99970000,16362468.00000000,1650808799999,16357519.53920000,5877,12997864.00000000,12994012.11740000,0
1650808800000,0.99970000,0.99980000,0.99960000,0.99970000,9745068.00000000,1650812399999,9742664.24520000,4187,8356723.00000000,8354759.88010000,0
1650812400000,0.99980000,0.99980000,0.99970000,0.99980000,8724991.00000000,1650815999999,8722998.95850000,3552,6254558.00000000,6253307.08840000,0
1650816000000,0.99980000,0.99980000,0.99970000,0.99970000,5812753.00000000,1650819599999,5811399.36790000,3176,3901938.00000000,3901157.61240000,0
1650819600000,0.99970000,0.99980000,0.99970000,0.99970000,3638032.00000000,1650823199999,3637193.59410000,2059,2530037.00000000,2529530.99260000,0
1650823200000,0.99970000,0.99980000,0.99970000,0.99980000,2890232.00000000,1650826799999,2889557.68670000,1982,1927563.00000000,1927177.48740000,0
1650826800000,0.99980000,0.99980000,0.99970000,0.99980000,2085490.00000000,1650830399999,2085023.69680000,1420,1593438.00000000,1593119.31240000,0
1650830400000,0.99980000,0.99980000,0.99970000,0.99970000,1888966.00000000,1650833999999,1888471.25130000,1293,719411.00000000,719267.11780000,0
1650834000000,0.99970000,0.99980000,0.99970000,0.99970000,1466390.00000000,1650837599999,1466022.22750000,1538,721445.00000000,721300.71100000,0
1650837600000,0.99980000,0.99980000,0.99970000,0.99980000,2079284.00000000,1650841199999,2078764.22670000,1548,1040119.00000000,1039910.97620000,0
1650841200000,0.99980000,0.99980000,0.99970000,0.99980000,1933609.00000000,1650844799999,1933182.85500000,1788,1539377.00000000,1539069.12460000,0
1650844800000,0.99980000,0.99980000,0.99970000,0.99980000,6215285.00000000,1650848399999,6213893.16260000,2984,4727481.00000000,4726535.50380000,0
1650848400000,0.99980000,0.99980000,0.99970000,0.99970000,5260521.00000000,1650851999999,5259320.88560000,2659,3780419.00000000,3779662.91620000,0
1650852000000,0.99980000,0.99980000,0.99970000,0.99980000,3222251.00000000,1650855599999,3221448.99820000,1825,1646735.00000000,1646405.65300000,0
1650855600000,0.99980000,0.99990000,0.99970000,0.99980000,11842989.00000000,1650859199999,11840946.95660000,2554,9210050.00000000,9208567.01090000,0
1650859200000,0.99990000,0.99990000,0.99980000,0.99980000,2045431.00000000,1650862799999,2045077.71050000,1322,557967.00000000,557911.20330000,0
1650862800000,0.99990000,0.99990000,0.99980000,0.99980000,2871467.00000000,1650866399999,2871009.04620000,1313,1163396.00000000,1163279.66040000,0
1650866400000,0.99980000,0.99990000,0.99980000,0.99980000,8338754.00000000,1650869999999,8337448.04130000,2426,3617921.00000000,3617559.20790000,0
1650870000000,0.99980000,0.99990000,0.99970000,0.99980000,22431739.00000000,1650873599999,22427413.60930000,5377,12123554.00000000,12121498.28370000,0
1650873600000,0.99980000,0.99980000,0.99970000,0.99970000,15557562.00000000,1650877199999,15554068.56170000,6045,11738303.00000000,11735955.33940000,0
1650877200000,0.99970000,0.99990000,0.99970000,0.99980000,12120343.00000000,1650880799999,12117608.12980000,3680,7096596.00000000,7095246.84180000,0
1650880800000,0.99980000,0.99990000,0.99980000,0.99980000,4610998.00000000,1650884399999,4610186.76440000,2134,1109640.00000000,1109529.03600000,0
1650884400000,0.99980000,0.99990000,0.99980000,0.99980000,8315715.00000000,1650887999999,8314273.84710000,3603,2219901.00000000,2219679.00990000,0
1650888000000,0.99990000,0.99990000,0.99980000,0.99980000,5356278.00000000,1650891599999,5355427.28610000,2204,2205417.00000000,2205196.45830000,0
1650891600000,0.99990000,0.99990000,0.99980000,0.99980000,6594452.00000000,1650895199999,6593635.51410000,2601,5024045.00000000,5023542.59550000,0
1650895200000,0.99980000,0.99990000,0.99980000,0.99980000,6801470.00000000,1650898799999,6800400.79380000,3597,2910878.00000000,2910586.91220000,0
1650898800000,0.99980000,0.99990000,0.99980000,0.99980000,10549106.00000000,1650902399999,10547318.11200000,2582,3219332.00000000,3219010.06680000,0
1650902400000,0.99980000,0.99990000,0.99980000,0.99980000,7680169.00000000,1650905999999,7679131.46940000,3292,4985032.00000000,4984533.49680000,0
1650906000000,0.99990000,0.99990000,0.99980000,0.99990000,7642100.00000000,1650909599999,7640765.08320000,2626,1935032.00000000,1934838.49680000,0
1650909600000,0.99980000,0.99990000,0.99980000,0.99990000,9696404.00000000,1650913199999,9695011.40750000,2964,5466883.00000000,5466336.31170000,0
1650913200000,0.99990000,0.99990000,0.99980000,0.99990000,10884686.00000000,1650916799999,10883152.06900000,6269,6430062.00000000,6429418.99380000,0
1650916800000,0.99990000,1.00000000,0.99980000,0.99990000,10316051.00000000,1650920399999,10314963.39270000,4222,7898950.00000000,7898181.49350000,0
1650920400000,0.99990000,1.00000000,0.99990000,0.99990000,4359876.00000000,1650923999999,4359663.45180000,1691,2234394.00000000,2234394.00000000,0
1650924000000,0.99990000,1.00000000,0.99990000,0.99990000,2038838.00000000,1650927599999,2038709.12570000,1728,750095.00000000,750095.00000000,0
1650927600000,1.00000000,1.00000000,0.99990000,0.99990000,1751015.00000000,1650931199999,1750900.86010000,1270,609616.00000000,609616.00000000,0
1650931200000,0.99990000,1.00000000,0.99990000,0.99990000,3623163.00000000,1650934799999,3622896.37180000,2672,956881.00000000,956881.00000000,0
1650934800000,0.99990000,1.00000000,0.99990000,0.99990000,5417221.00000000,1650938399999,5416878.41860000,3067,1991407.00000000,1991407.00000000,0
1650938400000,0.99990000,1.00000000,0.99990000,1.00000000,3176455.00000000,1650941999999,3176266.85020000,1966,1294957.00000000,1294957.00000000,0
1650942000000,1.00000000,1.00000000,0.99990000,0.99990000,2570251.00000000,1650945599999,2570043.04530000,1491,490704.00000000,490704.00000000,0
1650945600000,0.99990000,1.00000000,0.99990000,0.99990000,3543400.00000000,1650949199999,3543101.98430000,1654,563243.00000000,563243.00000000,0
1650949200000,0.99990000,1.00000000,0.99990000,0.99990000,3684111.00000000,1650952799999,3683819.39340000,1266,768045.00000000,768045.00000000,0
1650952800000,0.99990000,1.00000000,0.99990000,0.99990000,3745028.00000000,1650956399999,3744800.25610000,1343,1467589.00000000,1467589.00000000,0
1650956400000,0.99990000,1.00000000,0.99990000,0.99990000,5078970.00000000,1650959999999,5078627.89430000,1865,1657913.00000000,1657913.00000000,0
1650960000000,1.00000000,1.00000000,0.99990000,0.99990000,5914290.00000000,1650963599999,5913823.77080000,2204,1251998.00000000,1251998.00000000,0
1650963600000,0.99990000,1.00000000,0.99990000,1.00000000,8340211.00000000,1650967199999,8339917.81730000,2528,5408384.00000000,5408384.00000000,0
1650967200000,0.99990000,1.00000000,0.99990000,1.00000000,8385803.00000000,1650970799999,8385200.27970000,2216,2358600.00000000,2358600.00000000,0
1650970800000,0.99990000,1.00000000,0.99990000,0.99990000,5282467.00000000,1650974399999,5282227.47800000,1565,2887247.00000000,2887247.00000000,0
1650974400000,0.99990000,1.00000000,0.99990000,1.00000000,4246480.00000000,1650977999999,4246243.22330000,1835,1878713.00000000,1878713.00000000,0
1650978000000,0.99990000,1.00000000,0.99990000,1.00000000,6274601.00000000,1650981599999,6274179.48960000,2580,2059497.00000000,2059497.00000000,0
1650981600000,0.99990000,1.00000000,0.99990000,1.00000000,8120060.00000000,1650985199999,8119597.23280000,4043,3492388.00000000,3492388.00000000,0
1650985200000,1.00000000,1.00000000,0.99990000,1.00000000,13278647.00000000,1650988799999,13278326.85700000,3604,10077217.00000000,10077217.00000000,0
1650988800000,1.00000000,1.00000000,0.99990000,0.99990000,11948209.00000000,1650992399999,11947864.98680000,3994,8508077.00000000,8508077.00000000,0
1650992400000,1.00000000,1.00000000,0.99990000,1.00000000,5488029.00000000,1650995999999,5487683.29610000,2700,2030990.00000000,2030990.00000000,0
1650996000000,0.99990000,1.00000000,0.99990000,0.99990000,2711822.00000000,1650999599999,2711650.00690000,1778,991891.00000000,991891.00000000,0
1650999600000,1.00000000,1.00000000,0.99990000,0.99990000,3442314.00000000,1651003199999,3442117.32940000,2480,1475608.00000000,1475608.00000000,0
1651003200000,0.99990000,1.00000000,0.99990000,0.99990000,8014676.00000000,1651006799999,8014422.38750000,4484,5478551.00000000,5478551.00000000,0
1651006800000,1.00000000,1.00000000,0.99990000,1.00000000,5742964.00000000,1651010399999,5742791.63920000,5079,4019356.00000000,4019356.00000000,0
1651010400000,1.00000000,1.00010000,0.99990000,1.00000000,5800204.00000000,1651013999999,5800091.31650000,3597,4206815.00000000,4206826.34970000,0
1651014000000,1.00000000,1.00010000,1.00000000,1.00000000,3800902.00000000,1651017599999,3801005.67990000,2449,1036799.00000000,1036902.67990000,0
1651017600000,1.00010000,1.00010000,1.00000000,1.00000000,4310511.00000000,1651021199999,4310743.38200000,1935,2323820.00000000,2324052.38200000,0
1651021200000,1.00000000,1.00010000,1.00000000,1.00000000,2961698.00000000,1651024799999,2961839.79620000,1619,1417962.00000000,1418103.79620000,0
1651024800000,1.00000000,1.00010000,1.00000000,1.00010000,1833955.00000000,1651028399999,1834011.36000000,1195,563600.00000000,563656.36000000,0
1651028400000,1.00010000,1.00010000,1.00000000,1.00000000,2288349.00000000,1651031999999,2288434.44980000,1291,854498.00000000,854583.44980000,0
1651032000000,1.00000000,1.00010000,1.00000000,1.00000000,4350704.00000000,1651035599999,4350834.90440000,1548,1309044.00000000,1309174.90440000,0
1651035600000,1.00000000,1.00010000,1.00000000,1.00000000,3257023.00000000,1651039199999,3257253.12630000,1268,2301263.00000000,2301493.12630000,0
1651039200000,1.00000000,1.00010000,1.00000000,1.00000000,2568466.00000000,1651042799999,2568536.46980000,1606,704698.00000000,704768.46980000,0
1651042800000,1.00000000,1.00010000,1.00000000,1.00010000,5902306.00000000,1651046399999,5902430.06200000,2934,1240620.00000000,1240744.06200000,0
1651046400000,1.00000000,1.00010000,1.00000000,1.00010000,8553984.00000000,1651049999999,8554062.47570000,5669,784757.00000000,784835.47570000,0
1651050000000,1.00000000,1.00010000,1.00000000,1.00000000,7113076.00000000,1651053599999,7113217.67430000,3551,1416743.00000000,1416884.67430000,0
1651053600000,1.00000000,1.00010000,0.99990000,1.00000000,3499538.00000000,1651057199999,3499406.22080000,2026,1877279.00000000,1877281.13550000,0
1651057200000,1.00000000,1.00000000,0.99990000,1.00000000,2314014.00000000,1651060799999,2313880.87340000,1879,982748.00000000,982748.00000000,0
1651060800000,0.99990000,1.00000000,0.99990000,1.00000000,14165310.00000000,1651064399999,14164992.25670000,1822,10987877.00000000,10987877.00000000,0
1651064400000,1.00000000,1.00000000,0.99990000,1.00000000,4587850.00000000,1651067999999,4587660.89050000,2614,2696755.00000000,2696755.00000000,0
1651068000000,0.99990000,1.00000000,0.99990000,0.99990000,6889992.00000000,1651071599999,6889793.94790000,3095,4909471.00000000,4909471.00000000,0
1651071600000,1.00000000,1.00000000,0.99990000,0.99990000,6399195.00000000,1651075199999,6398994.06430000,2307,4389838.00000000,4389838.00000000,0
1651075200000,1.00000000,1.00000000,0.99990000,0.99990000,5735501.00000000,1651078799999,5735212.24830000,2785,2847984.00000000,2847984.00000000,0
1651078800000,0.99990000,1.00000000,0.99990000,1.00000000,5103817.00000000,1651082399999,5103558.20430000,2377,2515860.00000000,2515860.00000000,0
1651082400000,1.00000000,1.00000000,0.99990000,0.99990000,2896458.00000000,1651085999999,2896325.33500000,2015,1569808.00000000,1569808.00000000,0
1651086000000,1.00000000,1.00000000,0.99990000,0.99990000,10896409.00000000,1651089599999,10895504.84730000,2061,1854882.00000000,1854882.00000000,0
1651089600000,0.99990000,1.00000000,0.99990000,0.99990000,3709226.00000000,1651093199999,3709005.89070000,2024,1508133.00000000,1508133.00000000,0
1651093200000,1.00000000,1.00000000,0.99990000,0.99990000,2512892.00000000,1651096799999,2512742.42370000,1581,1017129.00000000,1017129.00000000,0
1651096800000,0.99990000,1.00000000,0.99990000,0.99990000,1928244.00000000,1651100399999,1928139.28330000,1221,881077.00000000,881077.00000000,0
1651100400000,0.99990000,1.00000000,0.99990000,1.00000000,2136425.00000000,1651103999999,2136284.72490000,1776,733674.00000000,733674.00000000,0
1651104000000,1.00000000,1.00000000,0.99990000,1.00000000,3057629.00000000,1651107599999,3057452.70200000,1801,1294649.00000000,1294649.00000000,0
1651107600000,1.00000000,1.00000000,0.99990000,0.99990000,3580797.00000000,1651111199999,3580500.70400000,2596,617837.00000000,617837.00000000,0
1651111200000,0.99990000,1.00000000,0.99990000,1.00000000,2277795.00000000,1651114799999,2277716.89690000,1717,1496764.00000000,1496764.00000000,0
1651114800000,1.00000000,1.00000000,0.99990000,1.00000000,6445535.00000000,1651118399999,6445056.89740000,2462,1664509.00000000,1664509.00000000,0
1651118400000,0.99990000,1.00000000,0.99990000,1.00000000,2219375.00000000,1651121999999,2219304.36940000,1949,1513069.00000000,1513069.00000000,0
1651122000000,1.00000000,1.00000000,0.99990000,1.00000000,2405996.00000000,1651125599999,2405813.21840000,1747,578180.00000000,578180.00000000,0
1651125600000,1.00000000,1.00000000,0.99990000,0.99990000,12034045.00000000,1651129199999,12032948.14680000,1950,1065513.00000000,1065513.00000000,0
1651129200000,1.00000000,1.00000000,0.99990000,0.99990000,3387632.00000000,1651132799999,3387405.37610000,2522,1121393.00000000,1121393.00000000,0
1651132800000,1.00000000,1.00000000,0.99990000,1.00000000,4365826.00000000,1651136399999,4365617.01110000,2585,2275937.00000000,2275937.00000000,0
1651136400000,0.99990000,1.00000000,0.99990000,1.00000000,6862315.00000000,1651139999999,6862058.97470000,2392,4302062.00000000,4302062.00000000,0
1651140000000,1.00000000,1.00000000,0.99990000,0.99990000,3528898.00000000,1651143599999,3528694.12350000,2239,1490133.00000000,1490133.00000000,0
1651143600000,1.00000000,1.00000000,0.99990000,0.99990000,4756751.00000000,1651147199999,4756480.29600000,2253,2049711.00000000,2049711.00000000,0
1651147200000,1.00000000,1.00000000,0.99990000,1.00000000,4686008.00000000,1651150799999,4685782.25590000,2694,2428567.00000000,2428567.00000000,0
1651150800000,1.00000000,1.00000000,0.99980000,0.99990000,20317254.00000000,1651154399999,20315501.69600000,5928,7463833.00000000,7463388.63750000,0
1651154400000,0.99990000,0.99990000,0.99980000,0.99990000,35098247.00000000,1651157999999,35094531.09820000,17025,33037476.00000000,33034172.25240000,0
1651158000000,0.99990000,1.00000000,0.99980000,1.00000000,37540069.00000000,1651161599999,37536497.07400000,6712,9419711.00000000,9419049.07950000,0
1651161600000,1.00000000,1.00000000,0.99990000,1.00000000,7255671.00000000,1651165199999,7255412.28420000,5046,4668513.00000000,4668513.00000000,0
1651165200000,1.00000000,1.00000000,0.99980000,0.99990000,16890318.00000000,1651168799999,16889147.45770000,5315,10927310.00000000,10926813.15040000,0
1651168800000,0.99990000,0.99990000,0.99980000,0.99990000,18457236.00000000,1651172399999,18455121.13570000,7474,15765829.00000000,15764252.41710000,0
1651172400000,0.99980000,0.99990000,0.99980000,0.99990000,4589751.00000000,1651175999999,4589121.64320000,3774,2885934.00000000,2885645.40660000,0
1651176000000,0.99990000,1.00000000,0.99980000,0.99990000,6939326.00000000,1651179599999,6938529.94740000,4205,5745860.00000000,5745290.39420000,0
1651179600000,0.99990000,1.00000000,0.99990000,1.00000000,3336751.00000000,1651183199999,3336582.52580000,2646,1652009.00000000,1652009.00000000,0
1651183200000,1.00000000,1.00000000,0.99990000,1.00000000,2700335.00000000,1651186799999,2700221.02860000,2092,1560621.00000000,1560621.00000000,0
1651186800000,1.00000000,1.00000000,0.99990000,1.00000000,2385923.00000000,1651190399999,2385807.74420000,2100,1233365.00000000,1233365.00000000,0
1651190400000,1.00000000,1.00000000,0.99990000,1.00000000,3864548.00000000,1651193999999,3864435.26620000,3573,2737210.00000000,2737210.00000000,0
1651194000000,0.99990000,1.00010000,0.99990000,1.00010000,10272997.00000000,1651197599999,10273015.19380000,4075,9157732.00000000,9157824.32290000,0
1651197600000,1.00010000,1.00020000,1.00000000,1.00010000,7681575.00000000,1651201199999,7682403.51990000,2155,3854821.00000000,3855299.14800000,0
1651201200000,1.00020000,1.00020000,1.00010000,1.00020000,3204257.00000000,1651204799999,3204676.42170000,1926,989960.00000000,990157.99200000,0
1651204800000,1.00020000,1.00020000,1.00010000,1.00020000,5549015.00000000,1651208399999,5549659.69690000,2105,897954.00000000,898133.59080000,0
1651208400000,1.00020000,1.00020000,1.00000000,1.00010000,8043421.00000000,1651211999999,8044327.15860000,3538,1301730.00000000,1301965.68830000,0
1651212000000,1.00010000,1.00010000,1.00000000,1.00000000,4298695.00000000,1651215599999,4298953.47860000,3059,2584786.00000000,2585044.47860000,0
1651215600000,1.00010000,1.00010000,1.00000000,1.00010000,4081027.00000000,1651219199999,4081187.96620000,3052,1609662.00000000,1609822.96620000,0
1651219200000,1.00000000,1.00010000,1.00000000,1.00000000,5902079.00000000,1651222799999,5902197.31580000,3391,1183158.00000000,1183276.31580000,0
1651222800000,1.00010000,1.00010000,0.99990000,1.00000000,16225457.00000000,1651226399999,16225496.18430000,3818,5918538.00000000,5918678.19130000,0
1651226400000,1.00000000,1.00000000,0.99990000,0.99990000,9057834.00000000,1651229999999,9057652.64270000,4705,7244261.00000000,7244261.00000000,0
1651230000000,0.99990000,1.00000000,0.99990000,1.00000000,10422155.00000000,1651233599999,10421829.08980000,6412,7163053.00000000,7163053.00000000,0
1651233600000,0.99990000,1.00000000,0.99990000,0.99990000,13406381.00000000,1651237199999,13405910.08050000,9300,8697186.00000000,8697186.00000000,0
1651237200000,1.00000000,1.00000000,0.99990000,1.00000000,9974218.00000000,1651240799999,9973761.31310000,5657,5407349.00000000,5407349.00000000,0
1651240800000,1.00000000,1.00000000,0.99990000,1.00000000,12425624.00000000,1651244399999,12425160.82560000,6084,7793880.00000000,7793880.00000000,0
1651244400000,1.00000000,1.00000000,0.99990000,1.00000000,12932477.00000000,1651247999999,12932092.16060000,5783,9084083.00000000,9084083.00000000,0
1651248000000,0.99990000,1.00010000,0.99990000,1.00000000,9525849.00000000,1651251599999,9525934.73780000,6196,5285159.00000000,5285370.73620000,0
1651251600000,1.00010000,1.00010000,1.00000000,1.00010000,5987287.00000000,1651255199999,5987605.72210000,3707,3187221.00000000,3187539.72210000,0
1651255200000,1.00010000,1.00010000,1.00000000,1.00010000,5013534.00000000,1651258799999,5013818.43750000,3760,2844375.00000000,2844659.43750000,0
1651258800000,1.00000000,1.00020000,1.00000000,1.00010000,11595625.00000000,1651262399999,11596641.47950000,4875,7728847.00000000,7729670.46400000,0
1651262400000,1.00010000,1.00020000,1.00010000,1.00010000,12450143.00000000,1651265999999,12451497.35150000,6866,1093372.00000000,1093590.67440000,0
1651266000000,1.00010000,1.00020000,1.00010000,1.00010000,3988117.00000000,1651269599999,3988628.59780000,3335,1127861.00000000,1128086.57220000,0
1651269600000,1.00020000,1.00020000,1.00010000,1.00010000,4544711.00000000,1651273199999,4545273.64400000,3805,1081729.00000000,1081945.34580000,0
1651273200000,1.00010000,1.00020000,1.00010000,1.00010000,3337142.00000000,1651276799999,3337618.63290000,2439,1429187.00000000,1429472.83740000,0
1651276800000,1.00020000,1.00020000,1.00010000,1.00010000,3126686.00000000,1651280399999,3127096.94060000,1953,982720.00000000,982916.54400000,0
1651280400000,1.00010000,1.00020000,1.00010000,1.00010000,5473114.00000000,1651283999999,5473774.61640000,2743,1133050.00000000,1133276.61000000,0
1651284000000,1.00010000,1.00020000,1.00000000,1.00010000,5496778.00000000,1651287599999,5496913.14810000,1957,1106475.00000000,1106587.53930000,0
1651287600000,1.00010000,1.00010000,1.00000000,1.00000000,6381294.00000000,1651291199999,6381494.70350000,1447,2007035.00000000,2007235.70350000,0
1651291200000,1.00010000,1.00010000,1.00000000,1.00000000,3629737.00000000,1651294799999,3629805.79830000,1503,687983.00000000,688051.79830000,0
1651294800000,1.00000000,1.00010000,0.99990000,0.99990000,5639700.00000000,1651298399999,5639759.89070000,1953,2892922.00000000,2892987.82750000,0
1651298400000,0.99990000,1.00000000,0.99990000,0.99990000,8135040.00000000,1651301999999,8134525.67060000,1813,2991746.00000000,2991746.00000000,0
1651302000000,1.00000000,1.00000000,0.99990000,0.99990000,8031294.00000000,1651305599999,8030923.32140000,1531,4324508.00000000,4324508.00000000,0
1651305600000,0.99990000,1.00000000,0.99990000,0.99990000,6395435.00000000,1651309199999,6395233.43750000,1866,4379810.00000000,4379810.00000000,0
1651309200000,0.99990000,1.00000000,0.99990000,1.00000000,3062431.00000000,1651312799999,3062215.78600000,1611,910291.00000000,910291.00000000,0
1651312800000,0.99990000,1.00000000,0.99990000,1.00000000,3988750.00000000,1651316399999,3988487.19030000,1633,1360653.00000000,1360653.00000000,0
1651316400000,0.99990000,1.00000000,0.99990000,0.99990000,4030485.00000000,1651319999999,4030230.91760000,1525,1489661.00000000,1489661.00000000,0
1651320000000,0.99990000,1.00000000,0.99990000,0.99990000,4103650.00000000,1651323599999,4103398.21460000,1669,1585796.00000000,1585796.00000000,0
1651323600000,0.99990000,1.00000000,0.99990000,1.00000000,3466015.00000000,1651327199999,3465822.77630000,2137,1543778.00000000,1543778.00000000,0
1651327200000,0.99990000,1.00000000,0.99990000,1.00000000,4900245.00000000,1651330799999,4900027.93290000,2537,2729574.00000000,2729574.00000000,0
1651330800000,0.99990000,1.00000000,0.99990000,1.00000000,8668813.00000000,1651334399999,8668472.84560000,2575,5267269.00000000,5267269.00000000,0
1651334400000,0.99990000,1.00000000,0.99990000,1.00000000,6457849.00000000,1651337999999,6457461.84620000,1845,2586311.00000000,2586311.00000000,0
1651338000000,1.00000000,1.00000000,0.99990000,1.00000000,5616566.00000000,1651341599999,5616369.62910000,2163,3652857.00000000,3652857.00000000,0
1651341600000,0.99990000,1.00000000,0.99990000,0.99990000,3648259.00000000,1651345199999,3648131.39690000,1745,2372228.00000000,2372228.00000000,0
1651345200000,1.00000000,1.00000000,0.99990000,1.00000000,4013659.00000000,1651348799999,4013399.59110000,1571,1419570.00000000,1419570.00000000,0
1651348800000,0.99990000,1.00000000,0.99990000,1.00000000,2290286.00000000,1651352399999,2290161.12710000,1258,1041557.00000000,1041557.00000000,0
1651352400000,0.99990000,1.00000000,0.99990000,1.00000000,3440993.00000000,1651355999999,3440742.74160000,1284,938409.00000000,938409.00000000,0
1651356000000,1.00000000,1.00000000,0.99990000,1.00000000,6041391.00000000,1651359599999,6041127.43310000,1571,3405722.00000000,3405722.00000000,0
1651359600000,1.00000000,1.00000000,0.99970000,0.99980000,16642690.00000000,1651363199999,16640994.10700000,9181,1515565.00000000,1515526.22280000,0
