1651363200000,0.99980000,0.99980000,0.99960000,0.99970000,40437659.00000000,1651366799999,40424771.68190000,14513,29797558.00000000,29788731.77290000,0
1651366800000,0.99970000,0.99990000,0.99970000,0.99980000,10865551.00000000,1651370399999,10863456.99730000,5633,4995577.00000000,4994737.14180000,0
1651370400000,0.99980000,0.99990000,0.99980000,0.99980000,12375656.00000000,1651373999999,12373270.93050000,8843,900617.00000000,900526.93830000,0
1651374000000,0.99980000,0.99990000,0.99980000,0.99980000,4016084.00000000,1651377599999,4015361.25810000,3945,804749.00000000,804668.52510000,0
1651377600000,0.99980000,0.99990000,0.99980000,0.99990000,4518108.00000000,1651381199999,4517552.48300000,1248,3481046.00000000,3480697.89540000,0
1651381200000,0.99990000,0.99990000,0.99980000,0.99990000,6286140.00000000,1651384799999,6285112.02820000,1661,2292562.00000000,2292332.74380000,0
1651384800000,0.99990000,0.99990000,0.99980000,0.99990000,17571543.00000000,1651388399999,17569058.31750000,7225,10296261.00000000,10295231.37390000,0
1651388400000,0.99990000,0.99990000,0.99980000,0.99990000,12876507.00000000,1651391999999,12874878.04930000,3661,9463507.00000000,9462560.64930000,0
1651392000000,0.99980000,0.99990000,0.99980000,0.99990000,7073620.00000000,1651395599999,7072761.08810000,3859,5558121.00000000,5557565.18790000,0
1651395600000,0.99990000,0.99990000,0.99980000,0.99980000,5303620.00000000,1651399199999,5302902.46630000,3371,3431903.00000000,3431559.80970000,0
1651399200000,0.99990000,0.99990000,0.99980000,0.99980000,4170387.00000000,1651402799999,4169863.71680000,2332,3107942.00000000,3107631.20580000,0
1651402800000,0.99990000,0.99990000,0.99980000,0.99990000,4719147.00000000,1651406399999,4718423.93460000,2983,2207640.00000000,2207419.23600000,0
1651406400000,0.99990000,1.00000000,0.99980000,1.00000000,4481952.00000000,1651409999999,4481538.43660000,2607,2957002.00000000,2956773.99990000,0
1651410000000,0.99990000,1.00000000,0.99990000,1.00000000,6575986.00000000,1651413599999,6575483.20790000,1389,1548065.00000000,1548065.00000000,0
1651413600000,0.99990000,1.00000000,0.99990000,0.99990000,2560961.00000000,1651417199999,2560838.89040000,1875,1339865.00000000,1339865.00000000,0
1651417200000,1.00000000,1.00000000,0.99990000,0.99990000,5463221.00000000,1651420799999,5463065.45180000,1728,3907739.00000000,3907739.00000000,0
1651420800000,0.99990000,1.00000000,0.99990000,0.99990000,4412745.00000000,1651424399999,4412562.93680000,1878,2592113.00000000,2592113.00000000,0
1651424400000,0.99990000,1.00000000,0.99990000,0.99990000,7161240.00000000,1651427999999,7161068.10210000,1364,5442261.00000000,5442261.00000000,0
1651428000000,0.99990000,1.00000000,0.99990000,1.00000000,4357554.00000000,1651431599999,4357417.43490000,1521,2991903.00000000,2991903.00000000,0
1651431600000,1.00000000,1.00000000,0.99990000,0.99990000,2289719.00000000,1651435199999,2289586.28570000,1540,962576.00000000,962576.00000000,0
1651435200000,0.99990000,1.00000000,0.99990000,0.99990000,3049018.00000000,1651438799999,3048824.34040000,1554,1112422.00000000,1112422.00000000,0
1651438800000,1.00000000,1.00000000,0.99990000,1.00000000,1602344.00000000,1651442399999,1602265.87350000,1435,821079.00000000,821079.00000000,0
1651442400000,0.99990000,1.00000000,0.99990000,1.00000000,1913587.00000000,1651445999999,1913494.19130000,1532,985500.00000000,985500.00000000,0
1651446000000,0.99990000,1.00000000,0.99990000,1.00000000,1929457.00000000,1651449599999,1929397.94260000,1350,1338883.00000000,1338883.00000000,0
1651449600000,1.00000000,1.00000000,0.99990000,1.00000000,1887591.00000000,1651453199999,1887500.48320000,1211,982423.00000000,982423.00000000,0
1651453200000,0.99990000,1.00000000,0.99990000,0.99990000,3415225.00000000,1651456799999,3415011.52340000,1303,1280459.00000000,1280459.00000000,0
1651456800000,0.99990000,1.00000000,0.99990000,0.99990000,1527214.00000000,1651460399999,1527156.10650000,937,948279.00000000,948279.00000000,0
1651460400000,0.99990000,1.00000000,0.99990000,0.99990000,5077738.00000000,1651463999999,5077542.41470000,1678,3121885.00000000,3121885.00000000,0
1651464000000,0.99990000,1.00000000,0.99990000,0.99990000,7219759.00000000,1651467599999,7219462.12390000,2178,4250998.00000000,4250998.00000000,0
1651467600000,1.00000000,1.00000000,0.99990000,0.99990000,4805734.00000000,1651471199999,4805413.78100000,2042,1603544.00000000,1603544.00000000,0
1651471200000,0.99990000,1.00000000,0.99990000,1.00000000,4205253.00000000,1651474799999,4204920.05150000,2121,875768.00000000,875768.00000000,0
1651474800000,0.99990000,1.00000000,0.99990000,0.99990000,3405713.00000000,1651478399999,3405500.80670000,2171,1283780.00000000,1283780.00000000,0
1651478400000,0.99990000,1.00000000,0.99990000,1.00000000,3741856.00000000,1651481999999,3741615.73930000,2141,1339249.00000000,1339249.00000000,0
1651482000000,0.99990000,1.00000000,0.99990000,0.99990000,6951445.00000000,1651485599999,6951125.00130000,2817,3751458.00000000,3751458.00000000,0
1651485600000,1.00000000,1.00000000,0.99990000,1.00000000,3863612.00000000,1651489199999,3863433.48750000,2887,2078487.00000000,2078487.00000000,0
1651489200000,0.99990000,1.00000000,0.99990000,1.00000000,4318220.00000000,1651492799999,4318012.64430000,3638,2244663.00000000,2244663.00000000,0
1651492800000,1.00000000,1.00000000,0.99990000,1.00000000,4377891.00000000,1651496399999,4377723.47490000,4071,2702640.00000000,2702640.00000000,0
1651496400000,1.00000000,1.00000000,0.99990000,0.99990000,5657570.00000000,1651499999999,5657330.29390000,4632,3260509.00000000,3260509.00000000,0
1651500000000,0.99990000,1.00000000,0.99990000,0.99990000,16805974.00000000,1651503599999,16805500.86690000,7542,12074643.00000000,12074643.00000000,0
1651503600000,1.00000000,1.00010000,0.99990000,1.00010000,8761849.00000000,1651507199999,8761950.36380000,5450,6647946.00000000,6648182.23890000,0
1651507200000,1.00010000,1.00010000,1.00000000,1.00010000,4567341.00000000,1651510799999,4567592.65440000,2455,2516544.00000000,2516795.65440000,0
1651510800000,1.00000000,1.00010000,1.00000000,1.00000000,6869298.00000000,1651514399999,6869682.73050000,2778,3847305.00000000,3847689.73050000,0
1651514400000,1.00010000,1.00010000,1.00000000,1.00000000,12001469.00000000,1651517999999,12001894.53070000,5832,4255307.00000000,4255732.53070000,0
1651518000000,1.00000000,1.00010000,1.00000000,1.00010000,3664877.00000000,1651521599999,3665092.55530000,3267,2155553.00000000,2155768.55530000,0
1651521600000,1.00010000,1.00020000,1.00000000,1.00020000,13619123.00000000,1651525199999,13620478.33900000,4558,11439887.00000000,11441059.55250000,0
1651525200000,1.00010000,1.00020000,1.00010000,1.00020000,5673302.00000000,1651528799999,5674024.33800000,1693,1550078.00000000,1550388.01560000,0
1651528800000,1.00020000,1.00020000,1.00010000,1.00010000,8627810.00000000,1651532399999,8628744.78910000,1453,720081.00000000,720225.01620000,0
1651532400000,1.00010000,1.00020000,1.00010000,1.00010000,3842195.00000000,1651535999999,3842668.89600000,1270,896765.00000000,896944.35300000,0
1651536000000,1.00010000,1.00020000,1.00010000,1.00020000,6521496.00000000,1651539599999,6522518.43250000,1340,3702829.00000000,3703569.56580000,0
1651539600000,1.00010000,1.00020000,1.00000000,1.00000000,16012651.00000000,1651543199999,16014089.28210000,3913,8676341.00000000,8677210.55850000,0
1651543200000,1.00010000,1.00010000,1.00000000,1.00010000,6176079.00000000,1651546799999,6176561.38500000,2849,4823850.00000000,4824332.38500000,0
1651546800000,1.00010000,1.00010000,1.00000000,1.00000000,8073948.00000000,1651550399999,8074661.68050000,4593,7136805.00000000,7137518.68050000,0
1651550400000,1.00010000,1.00010000,1.00000000,1.00010000,6571355.00000000,1651553999999,6571816.20370000,4887,4612037.00000000,4612498.20370000,0
1651554000000,1.00010000,1.00020000,1.00000000,1.00010000,9168474.00000000,1651557599999,9169191.46400000,4792,6043307.00000000,6043966.53800000,0
1651557600000,1.00010000,1.00020000,1.00010000,1.00010000,4804042.00000000,1651561199999,4804872.51820000,1410,3501140.00000000,3501840.22800000,0
1651561200000,1.00020000,1.00020000,1.00010000,1.00010000,6493889.00000000,1651564799999,6494993.42810000,1657,4550392.00000000,4551302.07840000,0
1651564800000,1.00010000,1.00020000,1.00010000,1.00010000,5803505.00000000,1651568399999,5804352.69600000,2543,2673455.00000000,2673989.69100000,0
1651568400000,1.00020000,1.00020000,1.00010000,1.00010000,8891517.00000000,1651571999999,8892984.72540000,1983,5785737.00000000,5786894.14740000,0
1651572000000,1.00010000,1.00030000,1.00010000,1.00020000,16024446.00000000,1651575599999,16027530.00500000,4348,5644907.00000000,5646080.63920000,0
1651575600000,1.00020000,1.00030000,1.00010000,1.00010000,14734322.00000000,1651579199999,14737160.19860000,3486,2889839.00000000,2890474.70120000,0
1651579200000,1.00020000,1.00020000,1.00010000,1.00010000,9085726.00000000,1651582799999,9086910.03290000,2294,2754603.00000000,2755153.92060000,0
1651582800000,1.00020000,1.00020000,1.00000000,1.00010000,6282853.00000000,1651586399999,6283249.55610000,4060,3593048.00000000,3593409.14550000,0
1651586400000,1.00010000,1.00020000,1.00000000,1.00020000,18712822.00000000,1651589999999,18714604.56800000,9384,17178630.00000000,17180373.09070000,0
1651590000000,1.00020000,1.00020000,1.00010000,1.00010000,11502047.00000000,1651593599999,11503357.73570000,6211,1605310.00000000,1605631.06200000,0
1651593600000,1.00010000,1.00020000,1.00010000,1.00010000,5911373.00000000,1651597199999,5912171.67710000,3402,2075398.00000000,2075813.07960000,0
1651597200000,1.00020000,1.00020000,1.00010000,1.00020000,6882120.00000000,1651600799999,6883321.12000000,2481,5129080.00000000,5130105.81600000,0
1651600800000,1.00010000,1.00020000,1.00010000,1.00020000,3816117.00000000,1651604399999,3816626.64600000,2152,1280343.00000000,1280599.06860000,0
1651604400000,1.00010000,1.00020000,1.00010000,1.00010000,10242403.00000000,1651607999999,10243750.22510000,3034,3229848.00000000,3230493.96960000,0
1651608000000,1.00010000,1.00020000,1.00010000,1.00010000,8979687.00000000,1651611599999,8981149.96000000,2465,5649913.00000000,5651042.98260000,0
1651611600000,1.00020000,1.00020000,1.00010000,1.00020000,2307680.00000000,1651615199999,2308021.59770000,2083,1108297.00000000,1108518.65940000,0
1651615200000,1.00020000,1.00020000,1.00000000,1.00020000,11620281.00000000,1651618799999,11621624.09970000,1970,2222922.00000000,2223366.58440000,0
1651618800000,1.00020000,1.00020000,1.00010000,1.00010000,3395733.00000000,1651622399999,3396236.58710000,1731,1640138.00000000,1640466.02760000,0
1651622400000,1.00020000,1.00020000,1.00010000,1.00020000,2504171.00000000,1651625999999,2504562.28950000,1869,1408724.00000000,1409005.74480000,0
1651626000000,1.00020000,1.00020000,1.00010000,1.00020000,2492762.00000000,1651629599999,2493110.74370000,1765,994675.00000000,994873.93500000,0
1651629600000,1.00020000,1.00020000,1.00010000,1.00020000,2682104.00000000,1651633199999,2682531.77930000,1792,1595689.00000000,1596008.13780000,0
1651633200000,1.00010000,1.00020000,1.00010000,1.00020000,4102249.00000000,1651636799999,4102921.80420000,1713,2625793.00000000,2626318.15860000,0
1651636800000,1.00010000,1.00020000,1.00010000,1.00020000,2951081.00000000,1651640399999,2951563.98300000,1665,1878749.00000000,1879124.74980000,0
1651640400000,1.00010000,1.00020000,1.00010000,1.00020000,8531859.00000000,1651643999999,8533373.59740000,2908,6614115.00000000,6615437.82300000,0
1651644000000,1.00020000,1.00020000,1.00010000,1.00020000,4508677.00000000,1651647599999,4509419.70560000,3040,2918379.00000000,2918962.67580000,0
1651647600000,1.00020000,1.00020000,1.00010000,1.00020000,5151695.00000000,1651651199999,5152548.02980000,3567,3378603.00000000,3379278.72060000,0
1651651200000,1.00020000,1.00020000,1.00010000,1.00010000,4800614.00000000,1651654799999,4801438.45370000,2937,3443923.00000000,3444611.78460000,0
1651654800000,1.00010000,1.00020000,1.00010000,1.00020000,9523756.00000000,1651658399999,9524921.07140000,3163,2126958.00000000,2127383.39160000,0
1651658400000,1.00020000,1.00020000,1.00010000,1.00020000,9970985.00000000,1651661999999,9972595.45560000,3486,6133571.00000000,6134797.71420000,0
1651662000000,1.00020000,1.00020000,1.00010000,1.00010000,3778341.00000000,1651665599999,3778909.68580000,2863,1908517.00000000,1908898.70340000,0
1651665600000,1.00020000,1.00020000,1.00010000,1.00020000,6033045.00000000,1651669199999,6033955.48640000,3061,3071819.00000000,3072433.36380000,0
1651669200000,1.00010000,1.00020000,1.00010000,1.00020000,7541941.00000000,1651672799999,7543013.40020000,2831,3182061.00000000,3182697.41220000,0
1651672800000,1.00020000,1.00020000,1.00010000,1.00020000,5624761.00000000,1651676399999,5625619.24960000,4122,2957735.00000000,2958326.54700000,0
1651676400000,1.00020000,1.00020000,1.00010000,1.00010000,5067986.00000000,1651679999999,5068709.38130000,4258,2165827.00000000,2166260.16540000,0
1651680000000,1.00010000,1.00020000,1.00010000,1.00020000,5755716.00000000,1651683599999,5756614.47220000,3816,3229006.00000000,3229651.80120000,0
1651683600000,1.00010000,1.00020000,1.00010000,1.00010000,5491305.00000000,1651687199999,5492206.27850000,3070,3521480.00000000,3522184.29600000,0
1651687200000,1.00010000,1.00020000,1.00010000,1.00010000,6128164.00000000,1651690799999,6129050.00330000,4227,2731869.00000000,2732415.37380000,0
1651690800000,1.00010000,1.00020000,1.00010000,1.00020000,7656808.00000000,1651694399999,7657819.74510000,4569,2460643.00000000,2461135.12860000,0
1651694400000,1.00010000,1.00020000,1.00010000,1.00010000,4950978.00000000,1651697999999,4951791.78650000,3622,3186887.00000000,3187524.37740000,0
1651698000000,1.00010000,1.00020000,1.00010000,1.00010000,3416705.00000000,1651701599999,3417277.74570000,2361,2310752.00000000,2311214.15040000,0
1651701600000,1.00020000,1.00020000,1.00010000,1.00020000,2994618.00000000,1651705199999,2995067.93760000,2260,1504758.00000000,1505058.95160000,0
1651705200000,1.00020000,1.00020000,1.00010000,1.00020000,3354078.00000000,1651708799999,3354626.20540000,2256,2127976.00000000,2128401.59520000,0
1651708800000,1.00020000,1.00020000,1.00010000,1.00020000,6992012.00000000,1651712399999,6992976.43520000,2453,2652340.00000000,2652870.46800000,0
1651712400000,1.00020000,1.00020000,1.00010000,1.00020000,4054148.00000000,1651715999999,4054791.86980000,2803,2384550.00000000,2385026.91000000,0
1651716000000,1.00010000,1.00020000,1.00010000,1.00010000,2631462.00000000,1651719599999,2631872.81010000,2232,1476639.00000000,1476934.32780000,0
1651719600000,1.00020000,1.00020000,1.00010000,1.00010000,7178440.00000000,1651723199999,7179612.47780000,1903,4546338.00000000,4547247.26760000,0
1651723200000,1.00010000,1.00020000,1.00010000,1.00010000,3026290.00000000,1651726799999,3026789.13180000,1770,1965028.00000000,1965421.00560000,0
1651726800000,1.00020000,1.00020000,1.00010000,1.00010000,3539175.00000000,1651730399999,3539783.36390000,1767,2544464.00000000,2544972.89280000,0
1651730400000,1.00010000,1.00020000,1.00010000,1.00010000,4325910.00000000,1651733999999,4326608.64960000,2895,2660586.00000000,2661118.11720000,0
1651734000000,1.00020000,1.00020000,1.00010000,1.00010000,6240951.00000000,1651737599999,6241767.62500000,2258,1925299.00000000,1925684.05980000,0
1651737600000,1.00020000,1.00020000,1.00010000,1.00020000,2906236.00000000,1651741199999,2906673.62610000,2560,1470025.00000000,1470319.00500000,0
1651741200000,1.00010000,1.00020000,1.00010000,1.00010000,3634099.00000000,1651744799999,3634589.54030000,2386,1271304.00000000,1271558.26080000,0
1651744800000,1.00010000,1.00020000,1.00010000,1.00010000,13437778.00000000,1651748399999,13439422.53170000,3236,3007539.00000000,3008140.50780000,0
1651748400000,1.00010000,1.00020000,1.00010000,1.00010000,3658266.00000000,1651751999999,3658781.28800000,2512,1494614.00000000,1494912.92280000,0
1651752000000,1.00010000,1.00020000,1.00010000,1.00010000,10172835.00000000,1651755599999,10173957.19060000,2798,1049071.00000000,1049280.81420000,0
1651755600000,1.00010000,1.00020000,1.00010000,1.00010000,9882565.00000000,1651759199999,9884059.81550000,2850,5065590.00000000,5066603.11800000,0
1651759200000,1.00010000,1.00020000,1.00010000,1.00010000,8544531.00000000,1651762799999,8545835.49110000,5377,4500380.00000000,4501280.07600000,0
1651762800000,1.00020000,1.00020000,1.00010000,1.00010000,23625558.00000000,1651766399999,23629066.94190000,9892,11463861.00000000,11466153.77220000,0
1651766400000,1.00020000,1.00020000,1.00010000,1.00010000,10054620.00000000,1651769999999,10056124.41400000,7245,4989520.00000000,4990517.90400000,0
1651770000000,1.00010000,1.00020000,1.00010000,1.00020000,8059902.00000000,1651773599999,8061035.19990000,5282,3272097.00000000,3272751.41940000,0
1651773600000,1.00020000,1.00020000,1.00010000,1.00020000,11285745.00000000,1651777199999,11287499.17250000,7487,6255980.00000000,6257231.19600000,0
1651777200000,1.00020000,1.00020000,1.00010000,1.00020000,11991470.00000000,1651780799999,11993260.92790000,7143,5917809.00000000,5918992.56180000,0
1651780800000,1.00020000,1.00020000,1.00010000,1.00020000,17695723.00000000,1651784399999,17698015.28080000,5652,5227085.00000000,5228130.41700000,0
1651784400000,1.00020000,1.00020000,1.00010000,1.00010000,5711896.00000000,1651787999999,5712820.83210000,3147,3536425.00000000,3537132.28500000,0
1651788000000,1.00020000,1.00020000,1.00010000,1.00020000,4545056.00000000,1651791599999,4545819.00050000,2014,3084949.00000000,3085565.98980000,0
1651791600000,1.00020000,1.00020000,1.00010000,1.00010000,15584019.00000000,1651795199999,15586471.16600000,3154,8937641.00000000,8939428.52820000,0
1651795200000,1.00020000,1.00020000,1.00010000,1.00020000,10235250.00000000,1651798799999,10236583.13350000,2915,3096085.00000000,3096704.21700000,0
1651798800000,1.00020000,1.00020000,1.00010000,1.00020000,7743109.00000000,1651802399999,7744100.75660000,2806,2174457.00000000,2174891.89140000,0
1651802400000,1.00020000,1.00020000,1.00010000,1.00010000,6897328.00000000,1651805999999,6898564.36930000,6323,5466365.00000000,5467458.27300000,0
1651806000000,1.00020000,1.00020000,1.00010000,1.00020000,6350178.00000000,1651809599999,6351300.64190000,5936,4876241.00000000,4877216.24820000,0
1651809600000,1.00020000,1.00020000,1.00010000,1.00020000,9118703.00000000,1651813199999,9120120.43320000,6049,5055629.00000000,5056640.12580000,0
1651813200000,1.00010000,1.00020000,1.00010000,1.00020000,8521965.00000000,1651816799999,8523561.34120000,5135,7441447.00000000,7442935.28940000,0
1651816800000,1.00020000,1.00020000,1.00010000,1.00010000,7558434.00000000,1651820399999,7559676.40130000,4202,4865579.00000000,4866552.11580000,0
1651820400000,1.00020000,1.00020000,1.00010000,1.00020000,6954903.00000000,1651823999999,6955996.75140000,4264,3982611.00000000,3983407.52220000,0
1651824000000,1.00020000,1.00020000,1.00010000,1.00010000,8632172.00000000,1651827599999,8633597.18830000,7489,5619711.00000000,5620834.94220000,0
1651827600000,1.00010000,1.00020000,1.00010000,1.00010000,26920749.00000000,1651831199999,26923893.83950000,4036,4527646.00000000,4528551.52920000,0
1651831200000,1.00010000,1.00020000,1.00010000,1.00010000,5349645.00000000,1651834799999,5350519.03350000,3288,3390690.00000000,3391368.13800000,0
1651834800000,1.00010000,1.00020000,1.00010000,1.00020000,7282936.00000000,1651838399999,7284031.84120000,2986,3675476.00000000,3676211.09520000,0
1651838400000,1.00010000,1.00020000,1.00010000,1.00010000,6585763.00000000,1651841999999,6586788.92230000,3470,3673460.00000000,3674194.69200000,0
1651842000000,1.00010000,1.00020000,1.00010000,1.00020000,21781409.00000000,1651845599999,21784897.62530000,7139,13104844.00000000,13107464.96880000,0
1651845600000,1.00020000,1.00020000,1.00010000,1.00010000,20859845.00000000,1651849199999,20863785.02300000,15359,18540385.00000000,18544093.07700000,0
1651849200000,1.00020000,1.00030000,1.00010000,1.00030000,12196281.00000000,1651852799999,12198712.33170000,8636,8327435.00000000,8329261.20760000,0
1651852800000,1.00030000,1.00030000,1.00020000,1.00020000,6361609.00000000,1651856399999,6363125.28220000,3061,2439604.00000000,2440335.88120000,0
1651856400000,1.00030000,1.00030000,1.00020000,1.00030000,6151961.00000000,1651859999999,6153578.22120000,3251,3868290.00000000,3869450.48700000,0
1651860000000,1.00030000,1.00030000,1.00020000,1.00020000,5694880.00000000,1651863599999,5696351.35120000,2338,3323752.00000000,3324749.12560000,0
1651863600000,1.00030000,1.00030000,1.00020000,1.00020000,4526322.00000000,1651867199999,4527487.33370000,3160,2600693.00000000,2601473.20790000,0
1651867200000,1.00030000,1.00030000,1.00020000,1.00020000,7670042.00000000,1651870799999,7672155.39650000,2470,5793881.00000000,5795619.16430000,0
1651870800000,1.00020000,1.00030000,1.00020000,1.00030000,2557642.00000000,1651874399999,2558217.25840000,1801,637300.00000000,637491.19000000,0
1651874400000,1.00020000,1.00030000,1.00020000,1.00020000,2756477.00000000,1651877999999,2757193.78760000,1602,1654922.00000000,1655418.47660000,0
1651878000000,1.00020000,1.00030000,1.00020000,1.00020000,5687459.00000000,1651881599999,5689076.12060000,1618,4796288.00000000,4797726.88640000,0
1651881600000,1.00030000,1.00040000,1.00020000,1.00030000,17529790.00000000,1651885199999,17535117.67870000,5912,7689153.00000000,7691550.80980000,0
1651885200000,1.00030000,1.00040000,1.00030000,1.00040000,15048758.00000000,1651888799999,15053406.55500000,4360,1339276.00000000,1339811.71040000,0
1651888800000,1.00030000,1.00040000,1.00030000,1.00030000,4526925.00000000,1651892399999,4528378.12750000,1811,950500.00000000,950880.20000000,0
1651892400000,1.00030000,1.00040000,1.00030000,1.00030000,3058977.00000000,1651895999999,3059988.31650000,1879,936234.00000000,936608.49360000,0
1651896000000,1.00040000,1.00040000,1.00030000,1.00030000,4208635.00000000,1651899599999,4209965.39020000,2722,677997.00000000,678268.19880000,0
1651899600000,1.00030000,1.00040000,1.00030000,1.00030000,3529303.00000000,1651903199999,3530471.23730000,3859,1094464.00000000,1094901.78560000,0
1651903200000,1.00030000,1.00040000,1.00030000,1.00030000,5995799.00000000,1651906799999,5997837.98170000,4409,2402420.00000000,2403380.96800000,0
1651906800000,1.00030000,1.00040000,1.00030000,1.00030000,4012705.00000000,1651910399999,4014083.82000000,3153,1750085.00000000,1750785.03400000,0
1651910400000,1.00030000,1.00040000,1.00030000,1.00030000,4732856.00000000,1651913999999,4734464.13520000,2598,1882784.00000000,1883537.11360000,0
1651914000000,1.00040000,1.00040000,1.00030000,1.00030000,5317955.00000000,1651917599999,5319759.74730000,2028,2093608.00000000,2094445.44320000,0
1651917600000,1.00030000,1.00040000,1.00030000,1.00030000,4163213.00000000,1651921199999,4164702.71660000,1808,2407527.00000000,2408490.01080000,0
1651921200000,1.00030000,1.00040000,1.00030000,1.00030000,4571444.00000000,1651924799999,4572916.15840000,1736,1007252.00000000,1007654.90080000,0
1651924800000,1.00030000,1.00040000,1.00030000,1.00030000,6498132.00000000,1651928399999,6500376.18240000,2067,2947428.00000000,2948606.97120000,0
1651928400000,1.00030000,1.00040000,1.00030000,1.00030000,4260661.00000000,1651931999999,4262176.78220000,2532,2375839.00000000,2376789.33560000,0
1651932000000,1.00030000,1.00040000,1.00030000,1.00030000,4428032.00000000,1651935599999,4429588.84290000,1684,2284333.00000000,2285246.73320000,0
1651935600000,1.00030000,1.00040000,1.00030000,1.00030000,6940337.00000000,1651939199999,6942509.45020000,2705,903491.00000000,903852.39640000,0
1651939200000,1.00040000,1.00040000,1.00030000,1.00030000,4365971.00000000,1651942799999,4367466.63440000,3308,1858431.00000000,1859174.37240000,0
1651942800000,1.00030000,1.00040000,1.00030000,1.00030000,4596892.00000000,1651946399999,4598510.93910000,3039,2398715.00000000,2399674.48600000,0
1651946400000,1.00030000,1.00040000,1.00030000,1.00030000,4786938.00000000,1651949999999,4788619.25750000,2157,2451761.00000000,2452741.70440000,0
1651950000000,1.00030000,1.00040000,1.00030000,1.00030000,3551939.00000000,1651953599999,3553087.31490000,1893,827332.00000000,827662.93280000,0
1651953600000,1.00030000,1.00040000,1.00030000,1.00030000,6594940.00000000,1651957199999,6597035.04530000,2079,1165633.00000000,1166099.25320000,0
1651957200000,1.00030000,1.00040000,1.00030000,1.00030000,12413009.00000000,1651960799999,12417502.48930000,2504,7695866.00000000,7698944.34640000,0
1651960800000,1.00030000,1.00040000,1.00030000,1.00030000,13964017.00000000,1651964399999,13969060.09410000,2852,8538890.00000000,8542305.55600000,0
1651964400000,1.00030000,1.00040000,1.00030000,1.00030000,12855865.00000000,1651967999999,12860131.48540000,4401,4097259.00000000,4098897.90360000,0
1651968000000,1.00030000,1.00040000,1.00030000,1.00030000,22635394.00000000,1651971599999,22644204.77890000,2533,20201607.00000000,20209687.64280000,0
1651971600000,1.00040000,1.00040000,1.00030000,1.00030000,13864453.00000000,1651975199999,13869779.51930000,2602,11671834.00000000,11676502.73360000,0
1651975200000,1.00030000,1.00060000,1.00030000,1.00060000,41013576.00000000,1651978799999,41032558.92550000,9019,13532018.00000000,13538601.10430000,0
1651978800000,1.00050000,1.00060000,1.00020000,1.00030000,38364687.00000000,1651982399999,38379242.62100000,4371,6539874.00000000,6542394.51710000,0
1651982400000,1.00020000,1.00030000,1.00020000,1.00030000,11339861.00000000,1651985999999,11342881.64050000,3936,7526683.00000000,7528941.00490000,0
1651986000000,1.00020000,1.00030000,1.00020000,1.00030000,18468466.00000000,1651989599999,18472998.53250000,2630,8388393.00000000,8390909.51790000,0
1651989600000,1.00020000,1.00030000,1.00020000,1.00020000,10038341.00000000,1651993199999,10040621.25010000,2365,2725819.00000000,2726636.74570000,0
1651993200000,1.00030000,1.00030000,1.00020000,1.00020000,4963051.00000000,1651996799999,4964373.99930000,2276,3303891.00000000,3304882.16730000,0
1651996800000,1.00020000,1.00030000,1.00020000,1.00030000,9955090.00000000,1652000399999,9957444.22930000,2404,3632113.00000000,3633202.63390000,0
1652000400000,1.00030000,1.00030000,1.00020000,1.00030000,10234464.00000000,1652003999999,10236878.83950000,1908,3679467.00000000,3680570.84010000,0
1652004000000,1.00030000,1.00030000,1.00020000,1.00020000,10576049.00000000,1652007599999,10578600.58080000,2041,4363710.00000000,4365019.11300000,0
1652007600000,1.00030000,1.00030000,1.00020000,1.00030000,17010881.00000000,1652011199999,17015633.88970000,4612,13507135.00000000,13511187.14050000,0
1652011200000,1.00030000,1.00030000,1.00020000,1.00020000,8656437.00000000,1652014799999,8658684.21530000,2879,5159279.00000000,5160826.78370000,0
1652014800000,1.00030000,1.00030000,1.00020000,1.00020000,8510503.00000000,1652018399999,8512849.02250000,4719,6439219.00000000,6441150.76570000,0
1652018400000,1.00020000,1.00030000,1.00020000,1.00020000,9163439.00000000,1652021999999,9166035.25610000,7236,7635683.00000000,7637973.70490000,0
1652022000000,1.00030000,1.00050000,1.00020000,1.00040000,21803431.00000000,1652025599999,21811647.12090000,7264,11285428.00000000,11289727.57770000,0
1652025600000,1.00040000,1.00050000,1.00040000,1.00040000,21464473.00000000,1652029199999,21473905.02920000,5683,8462400.00000000,8466631.20000000,0
1652029200000,1.00040000,1.00050000,1.00040000,1.00040000,18493244.00000000,1652032799999,18501263.83080000,7080,6225332.00000000,6228444.66600000,0
1652032800000,1.00040000,1.00050000,1.00030000,1.00030000,17768501.00000000,1652036399999,17775566.30150000,5681,1954718.00000000,1955599.07270000,0
1652036400000,1.00030000,1.00040000,1.00030000,1.00040000,9037011.00000000,1652039999999,9039878.40630000,2341,1563030.00000000,1563655.21200000,0
1652040000000,1.00040000,1.00040000,1.00030000,1.00030000,2952915.00000000,1652043599999,2953948.12830000,1933,1472538.00000000,1473127.01520000,0
1652043600000,1.00030000,1.00040000,1.00030000,1.00030000,1680082.00000000,1652047199999,1680669.00940000,1357,829848.00000000,830179.93920000,0
1652047200000,1.00040000,1.00040000,1.00030000,1.00030000,1878549.00000000,1652050799999,1879228.97350000,1391,1164088.00000000,1164553.63520000,0
1652050800000,1.00040000,1.00040000,1.00030000,1.00030000,2941817.00000000,1652054399999,2942794.33940000,1420,947943.00000000,948322.17720000,0
1652054400000,1.00040000,1.00040000,1.00030000,1.00040000,5526742.00000000,1652057999999,5528785.66640000,1833,3856438.00000000,3857980.57520000,0
1652058000000,1.00030000,1.00040000,1.00030000,1.00030000,5714684.00000000,1652061599999,5716760.48170000,1737,3620765.00000000,3622213.30600000,0
1652061600000,1.00040000,1.00040000,1.00030000,1.00030000,18581862.00000000,1652065199999,18588265.19400000,3019,8286354.00000000,8289668.54160000,0
1652065200000,1.00030000,1.00040000,1.00030000,1.00030000,11261367.00000000,1652068799999,11265208.57290000,4836,4631628.00000000,4633480.65120000,0
1652068800000,1.00040000,1.00040000,1.00020000,1.00030000,12991172.00000000,1652072399999,12995182.33830000,7594,1743388.00000000,1744051.97330000,0
1652072400000,1.00030000,1.00030000,1.00020000,1.00020000,4557611.00000000,1652075999999,4558803.83980000,3094,2813176.00000000,2814019.95280000,0
1652076000000,1.00030000,1.00030000,1.00020000,1.00020000,9261056.00000000,1652079599999,9263481.88210000,3913,5736709.00000000,5738430.01270000,0
1652079600000,1.00030000,1.00030000,1.00020000,1.00020000,5947230.00000000,1652083199999,5948857.67360000,3472,4382276.00000000,4383590.68280000,0
1652083200000,1.00020000,1.00030000,1.00020000,1.00030000,10880028.00000000,1652086799999,10882924.15560000,4022,7201500.00000000,7203660.45000000,0
1652086800000,1.00030000,1.00030000,1.00020000,1.00030000,11501379.00000000,1652090399999,11504234.57660000,3656,5553008.00000000,5554673.90240000,0
1652090400000,1.00020000,1.00030000,1.00020000,1.00030000,21449359.00000000,1652093999999,21455124.32400000,9802,14754522.00000000,14758948.35660000,0
1652094000000,1.00030000,1.00030000,1.00010000,1.00010000,58095378.00000000,1652097599999,58108692.05910000,18221,18084622.00000000,18089950.77990000,0
1652097600000,1.00020000,1.00020000,1.00000000,1.00000000,61018596.00000000,1652101199999,61025767.93270000,17707,43942739.00000000,43948523.09430000,0
1652101200000,1.00010000,1.00020000,1.00000000,1.00020000,30880330.00000000,1652104799999,30883961.72820000,12167,22044766.00000000,22047656.40910000,0
1652104800000,1.00020000,1.00020000,1.00000000,1.00010000,50765812.00000000,1652108399999,50771677.94050000,8938,10979864.00000000,10981795.63720000,0
1652108400000,1.00010000,1.00010000,0.99990000,1.00000000,59768767.00000000,1652111999999,59768385.22670000,23402,50609728.00000000,50609851.91770000,0
1652112000000,0.99990000,1.00030000,0.99990000,1.00020000,35669145.00000000,1652115599999,35675140.48910000,13577,21678252.00000000,21681769.37510000,0
1652115600000,1.00030000,1.00030000,1.00020000,1.00020000,33933624.00000000,1652119199999,33942294.69260000,11494,18839678.00000000,18845329.90340000,0
1652119200000,1.00030000,1.00030000,1.00020000,1.00020000,40426430.00000000,1652122799999,40435948.58550000,7755,14332995.00000000,14337294.89850000,0
1652122800000,1.00030000,1.00030000,1.00020000,1.00020000,36060787.00000000,1652126399999,36070405.95850000,7053,24068011.00000000,24075231.40330000,0
1652126400000,1.00020000,1.00040000,1.00020000,1.00040000,60140995.00000000,1652129999999,60157996.38930000,16637,29773439.00000000,29782900.37380000,0
1652130000000,1.00030000,1.00040000,1.00030000,1.00030000,22229891.00000000,1652133599999,22237056.64110000,5691,4966738.00000000,4968724.69520000,0
1652133600000,1.00030000,1.00040000,1.00020000,1.00030000,16472931.00000000,1652137199999,16477563.00060000,5240,8026480.00000000,8029027.91470000,0
1652137200000,1.00020000,1.00030000,1.00020000,1.00020000,31161132.00000000,1652140799999,31169235.77270000,5629,18715463.00000000,18721077.63890000,0
1652140800000,1.00020000,1.00030000,1.00020000,1.00030000,42685886.00000000,1652144399999,42696765.52170000,9744,23423445.00000000,23430472.03350000,0
1652144400000,1.00030000,1.00030000,1.00020000,1.00020000,36638254.00000000,1652147999999,36647314.90940000,15017,17332586.00000000,17337785.77580000,0
1652148000000,1.00030000,1.00040000,1.00020000,1.00030000,31288165.00000000,1652151599999,31296950.90140000,12250,17933978.00000000,17939561.11800000,0
1652151600000,1.00040000,1.00040000,1.00030000,1.00030000,30523244.00000000,1652155199999,30533570.81530000,11825,11698421.00000000,11703100.36840000,0
1652155200000,1.00030000,1.00040000,1.00030000,1.00040000,25158400.00000000,1652158799999,25167049.07420000,11914,11015542.00000000,11019948.21680000,0
1652158800000,1.00030000,1.00040000,1.00030000,1.00030000,30768490.00000000,1652162399999,30778556.88310000,14039,8363361.00000000,8366706.34440000,0
1652162400000,1.00030000,1.00040000,1.00020000,1.00030000,25920478.00000000,1652165999999,25928610.23490000,15451,7747464.00000000,7750334.58520000,0
1652166000000,1.00020000,1.00030000,1.00020000,1.00030000,27688230.00000000,1652169599999,27695483.40640000,10702,17157604.00000000,17162751.28120000,0
1652169600000,1.00030000,1.00030000,1.00020000,1.00030000,20407769.00000000,1652173199999,20412887.25450000,8150,10367007.00000000,10370117.10210000,0
1652173200000,1.00030000,1.00030000,1.00020000,1.00030000,27197756.00000000,1652176799999,27205186.93790000,5765,19913867.00000000,19919841.16010000,0
1652176800000,1.00030000,1.00030000,1.00020000,1.00030000,15018354.00000000,1652180399999,15022076.22420000,5869,7185534.00000000,7187689.66020000,0
1652180400000,1.00020000,1.00060000,1.00020000,1.00050000,34354866.00000000,1652183999999,34366875.50950000,11427,18671315.00000000,18677475.53280000,0
1652184000000,1.00050000,1.00060000,1.00010000,1.00010000,47174252.00000000,1652187599999,47193232.09580000,18937,4106918.00000000,4108695.51650000,0
1652187600000,1.00020000,1.00020000,1.00000000,1.00020000,33993817.00000000,1652191199999,33998255.82790000,12806,15368944.00000000,15372017.78880000,0
1652191200000,1.00020000,1.00020000,0.99990000,0.99990000,35274758.00000000,1652194799999,35277651.91310000,15532,11262961.00000000,11264294.93350000,0
1652194800000,1.00000000,1.00020000,0.99990000,1.00020000,70620053.00000000,1652198399999,70618767.03050000,23251,51235349.00000000,51235680.54050000,0
1652198400000,1.00010000,1.00030000,1.00010000,1.00020000,19473002.00000000,1652201999999,19476159.48740000,9892,11436552.00000000,11438848.97720000,0
1652202000000,1.00020000,1.00030000,1.00020000,1.00030000,18878045.00000000,1652205599999,18882379.80520000,7064,5591962.00000000,5593639.58860000,0
1652205600000,1.00030000,1.00030000,1.00020000,1.00030000,11406783.00000000,1652209199999,11409848.14540000,7195,7837888.00000000,7840239.36640000,0
1652209200000,1.00030000,1.00030000,1.00020000,1.00020000,11973676.00000000,1652212799999,11977007.52510000,7560,9367899.00000000,9370709.36970000,0
1652212800000,1.00020000,1.00060000,1.00020000,1.00050000,41222857.00000000,1652216399999,41241330.76710000,14636,13043784.00000000,13049185.53750000,0
1652216400000,1.00050000,1.00050000,1.00040000,1.00040000,23794807.00000000,1652219999999,23805233.26790000,10851,9083451.00000000,9087992.72550000,0
1652220000000,1.00040000,1.00050000,1.00040000,1.00040000,16093966.00000000,1652223599999,16101200.19400000,5456,7966076.00000000,7970059.03800000,0
1652223600000,1.00040000,1.00050000,1.00030000,1.00030000,17149126.00000000,1652227199999,17156028.60300000,7624,5440543.00000000,5442952.21010000,0
1652227200000,1.00040000,1.00040000,1.00030000,1.00030000,11929965.00000000,1652230799999,11934223.52480000,6761,6795353.00000000,6798071.14120000,0
1652230800000,1.00040000,1.00040000,1.00020000,1.00030000,34083964.00000000,1652234399999,34093983.84160000,15479,19894617.00000000,19900619.18970000,0
1652234400000,1.00020000,1.00040000,1.00020000,1.00040000,29449880.00000000,1652237999999,29458379.02120000,14482,24631800.00000000,24639241.22950000,0
1652238000000,1.00040000,1.00040000,1.00030000,1.00030000,7047551.00000000,1652241599999,7050029.63000000,4271,3643647.00000000,3645104.45880000,0
1652241600000,1.00040000,1.00040000,1.00030000,1.00040000,10395669.00000000,1652245199999,10399300.72080000,4551,5130201.00000000,5132253.08040000,0
1652245200000,1.00040000,1.00040000,1.00030000,1.00040000,23292938.00000000,1652248799999,23301429.94740000,5911,15040660.00000000,15046676.26400000,0
1652248800000,1.00030000,1.00050000,1.00020000,1.00020000,70558249.00000000,1652252399999,70583057.23500000,11885,20204314.00000000,20211605.27770000,0
1652252400000,1.00030000,1.00050000,1.00020000,1.00040000,61767821.00000000,1652255999999,61785886.42310000,13581,44920641.00000000,44934668.18280000,0
1652256000000,1.00040000,1.00060000,1.00040000,1.00050000,54234542.00000000,1652259599999,54263197.30080000,23811,17043220.00000000,17053331.55200000,0
1652259600000,1.00060000,1.00060000,1.00040000,1.00040000,30824629.00000000,1652263199999,30838820.64040000,14939,11090335.00000000,11095930.22960000,0
1652263200000,1.00040000,1.00050000,1.00040000,1.00040000,28942041.00000000,1652266799999,28954785.66290000,13472,11678465.00000000,11684304.23250000,0
1652266800000,1.00040000,1.01000000,1.00040000,1.00120000,83849378.00000000,1652270399999,83911247.58030000,15120,50732879.00000000,50766879.18620000,0
1652270400000,1.00120000,1.15000000,1.00070000,1.00300000,218963117.18000000,1652273999999,220380064.06027300,34499,91606940.18000000,92223209.95727300,0
1652274000000,1.00290000,1.03210000,1.00200000,1.00300000,227446293.00000000,1652277599999,228582888.23190000,29540,99600385.00000000,100112490.62910000,0
1652277600000,1.00300000,1.01000000,1.00080000,1.00120000,134734181.00000000,1652281199999,135044788.94260000,22865,56831216.00000000,56959966.01690000,0
1652281200000,1.00120000,1.00300000,1.00110000,1.00160000,96112412.00000000,1652284799999,96259647.84360000,14346,43901381.00000000,43968867.78910000,0
1652284800000,1.00160000,1.00400000,1.00150000,1.00260000,108933288.00000000,1652288399999,109176467.42680000,14634,43957295.00000000,44053000.34740000,0
1652288400000,1.00260000,1.00500000,1.00190000,1.00280000,104275440.00000000,1652291999999,104533406.98760000,14612,46611459.00000000,46729656.60290000,0
1652292000000,1.00280000,1.00390000,1.00200000,1.00290000,95876705.00000000,1652295599999,96125067.50170000,12685,44006370.00000000,44120332.77940000,0
1652295600000,1.00280000,1.00310000,1.00250000,1.00300000,72232764.00000000,1652299199999,72432794.45000000,10224,31353042.00000000,31440950.84840000,0
1652299200000,1.00290000,3.99000000,1.00290000,1.00510000,134726917.00000000,1652302799999,136585937.37642900,26975,64107830.00000000,65478263.63712900,0
1652302800000,1.00530000,1.02000000,1.00330000,1.00500000,65855770.00000000,1652306399999,66196285.29920000,24551,29811440.00000000,29971475.65450000,0
1652306400000,1.00490000,1.00590000,1.00380000,1.00450000,50180774.00000000,1652309999999,50409146.68220000,11442,29241892.00000000,29375790.01170000,0
1652310000000,1.00450000,1.00890000,1.00400000,1.00600000,64222093.00000000,1652313599999,64535497.02260000,11116,34707652.00000000,34874839.68590000,0
1652313600000,1.00600000,1.00650000,1.00340000,1.00390000,48581153.00000000,1652317199999,48810696.64150000,13935,17326850.00000000,17404601.68500000,0
1652317200000,1.00390000,1.00470000,1.00290000,1.00440000,38548710.00000000,1652320799999,38713259.19180000,9960,18889802.00000000,18971236.19180000,0
1652320800000,1.00440000,1.00530000,1.00400000,1.00510000,38144536.00000000,1652324399999,38316710.98950000,11552,18480150.00000000,18564115.04120000,0
1652324400000,1.00510000,1.01000000,1.00470000,1.00650000,111646905.00000000,1652327999999,112271532.22010000,17136,57998751.00000000,58323129.56960000,0
1652328000000,1.00650000,1.01110000,1.00580000,1.00670000,111433577.00000000,1652331599999,112195479.94250000,31852,46259167.00000000,46578496.37510000,0
1652331600000,1.00670000,1.03500000,1.00640000,1.01950000,179964335.00000000,1652335199999,182621982.13610000,75143,79072431.00000000,80252391.01430000,0
1652335200000,1.01940000,1.06500000,1.01870000,1.05000000,329546635.00000000,1652338799999,339710010.52790000,119006,176501346.00000000,182045904.59670000,0
1652338800000,1.05030000,1.13830000,1.01500000,1.02030000,391262488.00000000,1652342399999,413424329.19820000,135230,187223293.00000000,197999264.95260000,0
1652342400000,1.02030000,1.02660000,1.01300000,1.02210000,132447335.00000000,1652345999999,135040344.63020000,65183,73581135.00000000,75050950.78490000,0
1652346000000,1.02200000,1.02700000,1.01600000,1.01780000,137772724.00000000,1652349599999,140759618.59170000,69870,58315191.00000000,59574835.32660000,0
1652349600000,1.01770000,1.02010000,1.01400000,1.01520000,112137330.00000000,1652353199999,114083744.00250000,55481,61162488.00000000,62238519.94810000,0
1652353200000,1.01520000,1.01750000,1.00800000,1.00900000,97855570.00000000,1652356799999,99042259.44380000,44343,42707977.00000000,43233435.33560000,0
1652356800000,1.00910000,1.01230000,1.00650000,1.00660000,90861120.00000000,1652360399999,91567489.32720000,33372,54137909.00000000,54562492.77430000,0
1652360400000,1.00660000,1.00800000,1.00500000,1.00690000,106226688.00000000,1652363999999,106899839.51830000,31437,38788111.00000000,39041765.47320000,0
1652364000000,1.00680000,1.00810000,1.00500000,1.00500000,98329458.00000000,1652367599999,98954749.16050000,37478,39534575.00000000,39791322.98800000,0
1652367600000,1.00530000,1.00610000,1.00390000,1.00440000,87581143.00000000,1652371199999,88005016.69100000,32708,43140103.00000000,43352687.46500000,0
1652371200000,1.00440000,1.00490000,1.00210000,1.00310000,96841072.00000000,1652374799999,97176970.03470000,22189,51395899.00000000,51580045.83950000,0
1652374800000,1.00300000,1.01000000,1.00290000,1.00360000,54030739.00000000,1652378399999,54222162.61710000,16584,22734813.00000000,22816918.29960000,0
1652378400000,1.00360000,1.00390000,1.00280000,1.00330000,48385644.00000000,1652381999999,48553480.68950000,12859,17515298.00000000,17576358.71630000,0
1652382000000,1.00330000,1.00420000,1.00230000,1.00270000,47755861.00000000,1652385599999,47897532.11730000,12286,25392938.00000000,25470753.01650000,0
1652385600000,1.00270000,1.00320000,1.00200000,1.00270000,34461079.00000000,1652389199999,34553767.46020000,11454,16010804.00000000,16055363.33760000,0
1652389200000,1.00270000,1.00340000,1.00210000,1.00330000,49487227.00000000,1652392799999,49628353.50630000,14488,24691516.00000000,24763002.59580000,0
1652392800000,1.00320000,1.00360000,1.00280000,1.00290000,31345326.00000000,1652396399999,31442428.72550000,9560,16739680.00000000,16792289.45770000,0
1652396400000,1.00290000,1.00310000,1.00280000,1.00300000,23372519.00000000,1652399999999,23441410.92280000,7646,11167220.00000000,11200701.17480000,0
1652400000000,1.00290000,1.00310000,1.00270000,1.00290000,24913576.00000000,1652403599999,24986165.48570000,8611,10583302.00000000,10614734.15460000,0
1652403600000,1.00280000,1.00550000,1.00190000,1.00330000,51089729.00000000,1652407199999,51237850.74110000,10285,25581270.00000000,25657973.23830000,0
1652407200000,1.00330000,1.00450000,1.00290000,1.00350000,32754818.00000000,1652410799999,32864319.80150000,11104,14162402.00000000,14210478.86460000,0
1652410800000,1.00340000,1.00600000,1.00250000,1.00290000,60642196.00000000,1652414399999,60830022.58760000,16918,21923158.00000000,21994455.75060000,0
1652414400000,1.00280000,1.00320000,1.00250000,1.00280000,33211511.00000000,1652417999999,33305667.60150000,12573,14096373.00000000,14136966.52920000,0
1652418000000,1.00280000,1.00290000,1.00190000,1.00260000,53985419.00000000,1652421599999,54126297.26940000,15754,22356998.00000000,22415965.77160000,0
1652421600000,1.00270000,1.00270000,1.00190000,1.00240000,48957261.00000000,1652425199999,49075684.26860000,17298,20652279.00000000,20703598.84980000,0
1652425200000,1.00240000,1.00270000,1.00190000,1.00190000,27984294.00000000,1652428799999,28048614.12240000,12735,13307851.00000000,13338468.33330000,0
1652428800000,1.00200000,1.00230000,1.00190000,1.00200000,33323588.00000000,1652432399999,33392470.87660000,13366,17249217.00000000,17285229.87030000,0
1652432400000,1.00210000,1.00210000,1.00150000,1.00160000,31173502.00000000,1652435999999,31230406.62500000,11978,10130753.00000000,10149638.50830000,0
1652436000000,1.00160000,1.00160000,1.00110000,1.00140000,33039677.00000000,1652439599999,33085473.18600000,12444,14429537.00000000,14449581.29960000,0
1652439600000,1.00140000,1.00160000,1.00100000,1.00120000,46703172.00000000,1652443199999,46764245.26220000,12528,24479771.00000000,24512658.42650000,0
1652443200000,1.00120000,1.00160000,1.00100000,1.00100000,39165032.00000000,1652446799999,39215582.15690000,15909,14987051.00000000,15006200.35680000,0
1652446800000,1.00110000,1.00120000,1.00100000,1.00100000,41263731.00000000,1652450399999,41308574.41290000,14336,18096223.00000000,18116578.43890000,0
1652450400000,1.00100000,1.00120000,1.00090000,1.00110000,53584834.00000000,1652453999999,53643304.62120000,16704,25536112.00000000,25564707.99910000,0
1652454000000,1.00120000,1.00130000,1.00100000,1.00120000,33071106.00000000,1652457599999,33109443.55530000,11851,21695208.00000000,21720855.47690000,0
1652457600000,1.00130000,1.00130000,1.00110000,1.00120000,39793851.00000000,1652461199999,39842123.80830000,14699,24868174.00000000,24899124.56650000,0
1652461200000,1.00130000,1.00160000,1.00120000,1.00150000,30530088.00000000,1652464799999,30573044.03600000,11265,18211974.00000000,18237830.49410000,0
1652464800000,1.00150000,1.00170000,1.00140000,1.00170000,24686287.00000000,1652468399999,24724551.84280000,14522,13337825.00000000,13358638.53920000,0
1652468400000,1.00170000,1.00210000,1.00150000,1.00180000,42577986.00000000,1652471999999,42655755.74280000,13337,20165381.00000000,20202171.75720000,0
1652472000000,1.00180000,1.00190000,1.00160000,1.00170000,11950601.00000000,1652475599999,11970887.37650000,6568,6881538.00000000,6893364.46060000,0
1652475600000,1.00170000,1.00200000,1.00170000,1.00170000,8583669.00000000,1652479199999,8599379.56580000,4978,3269189.00000000,3275188.69500000,0
1652479200000,1.00180000,1.00190000,1.00160000,1.00180000,14137317.00000000,1652482799999,14162299.24310000,5781,8660644.00000000,8676024.57470000,0
1652482800000,1.00180000,1.00200000,1.00170000,1.00180000,13547815.00000000,1652486399999,13572553.49720000,5057,6785631.00000000,6798046.04620000,0
1652486400000,1.00190000,1.00190000,1.00180000,1.00190000,6703972.00000000,1652489999999,6716336.36360000,5535,2972140.00000000,2977787.06600000,0
1652490000000,1.00180000,1.00210000,1.00160000,1.00180000,24309134.00000000,1652493599999,24354304.52010000,11016,11487905.00000000,11509088.87720000,0
1652493600000,1.00180000,1.00210000,1.00160000,1.00200000,22455795.00000000,1652497199999,22498095.18980000,6904,13460716.00000000,13486142.16510000,0
1652497200000,1.00200000,1.00210000,1.00190000,1.00190000,11282605.00000000,1652500799999,11305082.37940000,5164,5166054.00000000,5176498.48270000,0
1652500800000,1.00190000,1.00200000,1.00190000,1.00200000,10374776.00000000,1652504399999,10395017.21290000,4980,5291385.00000000,5301967.77000000,0
1652504400000,1.00190000,1.00210000,1.00190000,1.00200000,14781636.00000000,1652507999999,14811934.96380000,3982,8874533.00000000,8893032.85770000,0
1652508000000,1.00210000,1.00220000,1.00200000,1.00200000,28170782.00000000,1652511599999,28229981.44090000,7113,13099373.00000000,13127305.19570000,0
1652511600000,1.00200000,1.00210000,1.00190000,1.00190000,10551431.00000000,1652515199999,10572586.48750000,4283,6121583.00000000,6134024.71560000,0
1652515200000,1.00200000,1.00230000,1.00190000,1.00210000,30743950.00000000,1652518799999,30806883.82950000,7016,13036455.00000000,13063330.18610000,0
1652518800000,1.00210000,1.00210000,1.00170000,1.00210000,40775101.00000000,1652522399999,40855886.82830000,10035,21399629.00000000,21442990.21760000,0
1652522400000,1.00210000,1.00220000,1.00200000,1.00220000,23920553.00000000,1652525999999,23970842.21560000,7993,10651537.00000000,10674319.04890000,0
1652526000000,1.00220000,1.00230000,1.00190000,1.00220000,43004467.00000000,1652529599999,43096732.50280000,14788,22171307.00000000,22218895.88910000,0
1652529600000,1.00220000,1.00240000,1.00210000,1.00240000,20454827.00000000,1652533199999,20499983.34460000,9657,11937583.00000000,11964379.16770000,0
1652533200000,1.00240000,1.00240000,1.00170000,1.00170000,59112786.00000000,1652536799999,59226855.67390000,13593,32151222.00000000,32213045.92970000,0
1652536800000,1.00180000,1.00200000,1.00170000,1.00190000,37844625.00000000,1652540399999,37914053.15510000,13696,23986869.00000000,24031291.74830000,0
1652540400000,1.00200000,1.00210000,1.00170000,1.00210000,34513828.00000000,1652543999999,34578586.28340000,7509,19414650.00000000,19451087.20880000,0
1652544000000,1.00200000,1.00210000,1.00160000,1.00170000,19556063.00000000,1652547599999,19592952.60120000,6531,8233552.00000000,8249139.39180000,0
1652547600000,1.00170000,1.00170000,1.00120000,1.00140000,17718560.00000000,1652551199999,17744050.41890000,8194,8757569.00000000,8769882.87840000,0
1652551200000,1.00140000,1.00150000,1.00100000,1.00130000,23595642.00000000,1652554799999,23625945.75010000,10304,10787283.00000000,10801347.56350000,0
1652554800000,1.00140000,1.00150000,1.00120000,1.00120000,13468339.00000000,1652558399999,13486530.87710000,8581,6122220.00000000,6130417.44830000,0
1652558400000,1.00130000,1.00150000,1.00120000,1.00140000,9451540.00000000,1652561999999,9464761.77150000,5535,5968000.00000000,5976400.98890000,0
1652562000000,1.00140000,1.00160000,1.00130000,1.00140000,13256562.00000000,1652565599999,13275903.54990000,7175,7309366.00000000,7320084.25110000,0
1652565600000,1.00140000,1.00170000,1.00130000,1.00140000,13250746.00000000,1652569199999,13270658.59140000,5771,4356811.00000000,4363368.98680000,0
1652569200000,1.00140000,1.00150000,1.00130000,1.00140000,17171535.00000000,1652572799999,17195794.94750000,9533,10559302.00000000,10574390.98900000,0
1652572800000,1.00140000,1.00150000,1.00130000,1.00150000,7213353.00000000,1652576399999,7223577.06820000,7417,3403893.00000000,3408823.80460000,0
1652576400000,1.00150000,1.00160000,1.00140000,1.00160000,7611317.00000000,1652579999999,7622638.06210000,5747,6245750.00000000,6255148.26560000,0
1652580000000,1.00160000,1.00170000,1.00150000,1.00150000,9728810.00000000,1652583599999,9744370.54100000,5588,4151754.00000000,4158501.51720000,0
1652583600000,1.00150000,1.00160000,1.00150000,1.00150000,7728565.00000000,1652587199999,7740611.69840000,3417,4538509.00000000,4545770.61440000,0
1652587200000,1.00150000,1.00160000,1.00150000,1.00150000,6236822.00000000,1652590799999,6246501.33810000,4249,3241051.00000000,3246236.68160000,0
1652590800000,1.00160000,1.00160000,1.00150000,1.00150000,9458982.00000000,1652594399999,9473601.22130000,4373,4307483.00000000,4314374.97280000,0
1652594400000,1.00150000,1.00160000,1.00140000,1.00140000,8363845.00000000,1652597999999,8376149.71020000,4529,4183964.00000000,4190276.97140000,0
1652598000000,1.00150000,1.00150000,1.00130000,1.00140000,21051477.00000000,1652601599999,21081259.67690000,6372,10017248.00000000,10031759.37440000,0
1652601600000,1.00150000,1.00150000,1.00130000,1.00130000,10451524.00000000,1652605199999,10465832.94100000,6469,5700004.00000000,5708055.62510000,0
1652605200000,1.00140000,1.00140000,1.00120000,1.00130000,15479247.00000000,1652608799999,15499534.94790000,6139,6639007.00000000,6647850.37620000,0
1652608800000,1.00140000,1.00140000,1.00130000,1.00140000,12349637.00000000,1652612399999,12366639.00580000,5682,9474777.00000000,9488041.68780000,0
1652612400000,1.00140000,1.00140000,1.00120000,1.00130000,9340376.00000000,1652615999999,9352318.71330000,5962,3318433.00000000,3322841.43790000,0
1652616000000,1.00130000,1.00130000,1.00120000,1.00120000,10511937.00000000,1652619599999,10524863.59250000,5577,3122681.00000000,3126740.48530000,0
1652619600000,1.00120000,1.00130000,1.00120000,1.00130000,10119875.00000000,1652623199999,10132686.17470000,6442,6673247.00000000,6681922.22110000,0
1652623200000,1.00130000,1.00160000,1.00120000,1.00140000,19024915.00000000,1652626799999,19051772.13140000,8314,7832773.00000000,7843745.47460000,0
1652626800000,1.00140000,1.00150000,1.00130000,1.00130000,10654067.00000000,1652630399999,10668998.05880000,7055,3868698.00000000,3874348.27840000,0
1652630400000,1.00130000,1.00140000,1.00130000,1.00140000,6834483.00000000,1652633999999,6843599.42590000,4830,2315980.00000000,2319222.37200000,0
1652634000000,1.00140000,1.00140000,1.00120000,1.00130000,6828096.00000000,1652637599999,6837037.76070000,5208,2334115.00000000,2337282.39750000,0
1652637600000,1.00130000,1.00130000,1.00120000,1.00130000,8533924.00000000,1652641199999,8544654.30790000,4225,4895991.00000000,4902355.78830000,0
1652641200000,1.00130000,1.00130000,1.00120000,1.00120000,6926999.00000000,1652644799999,6935725.97790000,3744,4145791.00000000,4151180.52830000,0
1652644800000,1.00130000,1.00180000,1.00120000,1.00140000,16789622.00000000,1652648399999,16813515.68300000,8144,6543248.00000000,6552504.04680000,0
1652648400000,1.00140000,1.00140000,1.00100000,1.00110000,20223754.00000000,1652651999999,20247016.04010000,6197,6104362.00000000,6112029.75990000,0
1652652000000,1.00110000,1.00140000,1.00100000,1.00120000,14093674.00000000,1652655599999,14111044.97340000,5723,7686464.00000000,7696227.23860000,0
1652655600000,1.00130000,1.00130000,1.00110000,1.00120000,8987906.00000000,1652659199999,8998621.40360000,3383,3886669.00000000,3891412.22640000,0
1652659200000,1.00110000,1.00130000,1.00110000,1.00130000,8540204.00000000,1652662799999,8550337.41340000,4119,4336558.00000000,4341864.57150000,0
1652662800000,1.00120000,1.00130000,1.00110000,1.00120000,8975686.00000000,1652666399999,8986461.33980000,6709,3358027.00000000,3362238.81230000,0
1652666400000,1.00120000,1.00130000,1.00110000,1.00120000,8922883.00000000,1652669999999,8933903.91030000,5782,5035818.00000000,5042187.25590000,0
1652670000000,1.00120000,1.00130000,1.00110000,1.00120000,8446333.00000000,1652673599999,8456577.18640000,5658,3166396.00000000,3170376.34410000,0
1652673600000,1.00120000,1.00150000,1.00110000,1.00140000,14822018.00000000,1652677199999,14841364.95370000,7185,9564121.00000000,9576663.98740000,0
1652677200000,1.00140000,1.00150000,1.00130000,1.00140000,7338088.00000000,1652680799999,7348255.23490000,6327,914093.00000000,915414.94030000,0
1652680800000,1.00140000,1.00140000,1.00110000,1.00120000,23901583.00000000,1652684399999,23930405.58930000,8252,14840895.00000000,14858964.36770000,0
1652684400000,1.00120000,1.00140000,1.00110000,1.00120000,25284413.00000000,1652687999999,25317195.20420000,9404,8530729.00000000,8541938.11930000,0
1652688000000,1.00120000,1.00130000,1.00110000,1.00110000,10640653.00000000,1652691599999,10652857.27480000,3970,2624666.00000000,2627841.49060000,0
1652691600000,1.00110000,1.00120000,1.00100000,1.00110000,26180795.00000000,1652695199999,26209172.39840000,10178,10195168.00000000,10206592.94830000,0
1652695200000,1.00110000,1.00120000,1.00100000,1.00120000,12255792.00000000,1652698799999,12269388.98150000,6813,4965988.00000000,4971629.77720000,0
1652698800000,1.00110000,1.00120000,1.00100000,1.00110000,8897889.00000000,1652702399999,8907453.56590000,6570,5865835.00000000,5872297.02280000,0
1652702400000,1.00110000,1.00120000,1.00070000,1.00110000,28529136.00000000,1652705999999,28556551.82360000,9213,14865706.00000000,14879738.58050000,0
1652706000000,1.00110000,1.00120000,1.00100000,1.00110000,16071708.00000000,1652709599999,16089545.35730000,8377,6034288.00000000,6041233.88380000,0
1652709600000,1.00110000,1.00120000,1.00100000,1.00120000,15362031.00000000,1652713199999,15379348.23970000,7664,10256740.00000000,10268650.09040000,0
1652713200000,1.00120000,1.00170000,1.00110000,1.00130000,50971956.00000000,1652716799999,51042479.02840000,11743,27357900.00000000,27395759.47300000,0
1652716800000,1.00130000,1.00190000,1.00120000,1.00140000,51906516.00000000,1652720399999,51984125.22740000,11026,25144122.00000000,25181034.87730000,0
1652720400000,1.00140000,1.00170000,1.00140000,1.00140000,21748253.00000000,1652723999999,21780626.66860000,6515,9165274.00000000,9179099.71870000,0
1652724000000,1.00150000,1.00150000,1.00130000,1.00140000,9702946.00000000,1652727599999,9716861.09280000,6410,5343938.00000000,5351830.10120000,0
1652727600000,1.00130000,1.00150000,1.00130000,1.00130000,12483832.00000000,1652731199999,12501730.21210000,4862,7402184.00000000,7413004.92110000,0
1652731200000,1.00140000,1.00140000,1.00130000,1.00130000,4448950.00000000,1652734799999,4454923.83170000,4836,1901967.00000000,1904629.75380000,0
1652734800000,1.00140000,1.00140000,1.00120000,1.00120000,5984774.00000000,1652738399999,5992554.52260000,6125,3057106.00000000,3061165.22420000,0
1652738400000,1.00120000,1.00140000,1.00120000,1.00140000,6432477.00000000,1652741999999,6441009.73820000,3990,3740269.00000000,3745338.44150000,0
1652742000000,1.00140000,1.00140000,1.00130000,1.00130000,4172942.00000000,1652745599999,4178647.08280000,3312,2802582.00000000,2806505.61480000,0
1652745600000,1.00140000,1.00150000,1.00130000,1.00140000,7715607.00000000,1652749199999,7726299.73730000,5304,4427634.00000000,4433869.46490000,0
1652749200000,1.00140000,1.00150000,1.00140000,1.00140000,6963867.00000000,1652752799999,6973769.92530000,5563,1535115.00000000,1537417.67250000,0
1652752800000,1.00140000,1.00150000,1.00140000,1.00150000,4635355.00000000,1652756399999,4641997.28240000,3889,1527854.00000000,1530145.78100000,0
1652756400000,1.00140000,1.00150000,1.00140000,1.00140000,7781209.00000000,1652759999999,7792282.38210000,4846,1796895.00000000,1799590.34250000,0
1652760000000,1.00140000,1.00150000,1.00140000,1.00140000,7170158.00000000,1652763599999,7180488.44160000,4027,2922204.00000000,2926587.30600000,0
1652763600000,1.00140000,1.00150000,1.00140000,1.00150000,6270306.00000000,1652767199999,6279282.69260000,4281,1982642.00000000,1985615.96300000,0
1652767200000,1.00140000,1.00150000,1.00140000,1.00150000,9906925.00000000,1652770799999,9921139.25950000,7471,3445645.00000000,3450813.46750000,0
1652770800000,1.00140000,1.00150000,1.00130000,1.00140000,12823368.00000000,1652774399999,12841216.02960000,6221,3490692.00000000,3495759.62770000,0
1652774400000,1.00140000,1.00140000,1.00130000,1.00140000,12129808.00000000,1652777999999,12146161.02310000,4433,5842727.00000000,5850906.81780000,0
1652778000000,1.00130000,1.00140000,1.00120000,1.00130000,10798667.00000000,1652781599999,10812963.29750000,3645,3763281.00000000,3768462.28350000,0
1652781600000,1.00120000,1.00130000,1.00120000,1.00120000,8947243.00000000,1652785199999,8958390.49180000,3977,4108002.00000000,4113342.40260000,0
1652785200000,1.00120000,1.00130000,1.00120000,1.00130000,7254344.00000000,1652788799999,7263335.02560000,3692,2858128.00000000,2861843.56640000,0
1652788800000,1.00130000,1.00130000,1.00120000,1.00120000,10455212.00000000,1652792399999,10468150.82050000,4422,3925661.00000000,3930764.35930000,0
1652792400000,1.00120000,1.00130000,1.00110000,1.00110000,16315186.00000000,1652795999999,16334687.69790000,6070,7561082.00000000,7570408.50640000,0
1652796000000,1.00110000,1.00130000,1.00110000,1.00120000,16397431.00000000,1652799599999,16416737.74520000,6533,8723361.00000000,8733840.94030000,0
1652799600000,1.00120000,1.00140000,1.00120000,1.00130000,26948011.00000000,1652803199999,26982489.45410000,7299,12818082.00000000,12834824.30390000,0
1652803200000,1.00130000,1.00140000,1.00120000,1.00130000,11241183.00000000,1652806799999,11255982.24690000,6570,4396089.00000000,4402052.59940000,0
1652806800000,1.00130000,1.00140000,1.00120000,1.00130000,10561164.00000000,1652810399999,10574862.28840000,6284,6567639.00000000,6576246.79450000,0
1652810400000,1.00140000,1.00140000,1.00120000,1.00130000,17397473.00000000,1652813999999,17420152.62300000,6659,4043283.00000000,4048717.74770000,0
1652814000000,1.00120000,1.00130000,1.00120000,1.00120000,12723512.00000000,1652817599999,12739728.22320000,5781,9480088.00000000,9492412.11440000,0
1652817600000,1.00120000,1.00140000,1.00120000,1.00120000,20732808.00000000,1652821199999,20759844.47130000,6932,9276208.00000000,9288545.04130000,0
1652821200000,1.00120000,1.00130000,1.00120000,1.00120000,14726695.00000000,1652824799999,14745243.75210000,6098,8767181.00000000,8778578.33530000,0
1652824800000,1.00130000,1.00130000,1.00110000,1.00120000,10508891.00000000,1652828399999,10521632.03550000,6815,2178587.00000000,2181365.56430000,0
1652828400000,1.00110000,1.00120000,1.00110000,1.00110000,5084247.00000000,1652831999999,5090202.25760000,2199,3625859.00000000,3630210.03080000,0
1652832000000,1.00120000,1.00130000,1.00110000,1.00120000,6293971.00000000,1652835599999,6301347.52760000,2924,4499619.00000000,4505021.74040000,0
1652835600000,1.00120000,1.00120000,1.00110000,1.00120000,5863557.00000000,1652839199999,5870385.03370000,2431,3781210.00000000,3785747.45200000,0
1652839200000,1.00110000,1.00130000,1.00110000,1.00120000,9480096.00000000,1652842799999,9491327.94630000,3744,5786867.00000000,5793825.31420000,0
1652842800000,1.00120000,1.00130000,1.00120000,1.00120000,11210974.00000000,1652846399999,11224887.73650000,3557,4605677.00000000,4611664.38010000,0
1652846400000,1.00130000,1.00130000,1.00120000,1.00130000,8591620.00000000,1652849999999,8602408.60670000,4787,4786627.00000000,4792849.61510000,0
1652850000000,1.00120000,1.00130000,1.00120000,1.00120000,6052008.00000000,1652853599999,6059511.45720000,4110,2410476.00000000,2413609.61880000,0
1652853600000,1.00130000,1.00130000,1.00120000,1.00130000,6318210.00000000,1652857199999,6325925.83300000,3729,1339810.00000000,1341551.75300000,0
1652857200000,1.00120000,1.00130000,1.00120000,1.00130000,11196854.00000000,1652860799999,11210822.34190000,5093,5321171.00000000,5328088.52230000,0
1652860800000,1.00120000,1.00130000,1.00110000,1.00110000,6717561.00000000,1652864399999,6725404.47370000,3715,3913465.00000000,3918179.21570000,0
1652864400000,1.00110000,1.00120000,1.00110000,1.00110000,12250168.00000000,1652867999999,12264105.12460000,3494,4619398.00000000,4624941.27760000,0
1652868000000,1.00110000,1.00130000,1.00110000,1.00120000,18122646.00000000,1652871599999,18144676.13660000,3735,13618647.00000000,13635343.92980000,0
1652871600000,1.00120000,1.00130000,1.00100000,1.00100000,34079832.00000000,1652875199999,34119147.23970000,6851,10321945.00000000,10334119.52710000,0
1652875200000,1.00110000,1.00120000,1.00100000,1.00110000,36507740.00000000,1652878799999,36547875.15840000,8284,17512961.00000000,17532431.12840000,0
1652878800000,1.00100000,1.00140000,1.00100000,1.00140000,39464849.00000000,1652882399999,39512777.51220000,8675,27985739.00000000,28019661.37910000,0
1652882400000,1.00140000,1.00140000,1.00130000,1.00140000,17585259.00000000,1652885999999,17609378.83520000,6283,12589985.00000000,12607610.97900000,0
1652886000000,1.00140000,1.00150000,1.00130000,1.00130000,31876335.00000000,1652889599999,31920905.78440000,13711,18927577.00000000,18954429.63220000,0
1652889600000,1.00140000,1.00150000,1.00130000,1.00150000,19024520.00000000,1652893199999,19051813.39140000,6880,13440648.00000000,13460232.46010000,0
1652893200000,1.00140000,1.00150000,1.00130000,1.00140000,19162856.00000000,1652896799999,19189812.62530000,4565,5411749.00000000,5419747.19110000,0
1652896800000,1.00130000,1.00140000,1.00130000,1.00130000,16249063.00000000,1652900399999,16271206.97870000,4694,10201968.00000000,10216250.75520000,0
1652900400000,1.00140000,1.00160000,1.00130000,1.00140000,32144454.00000000,1652903999999,32192230.41210000,6548,14281509.00000000,14302781.67510000,0
1652904000000,1.00140000,1.00140000,1.00130000,1.00130000,16611664.00000000,1652907599999,16633983.60130000,4368,7244381.00000000,7254523.13340000,0
1652907600000,1.00130000,1.00140000,1.00130000,1.00140000,6282949.00000000,1652911199999,6291512.98640000,2289,3961527.00000000,3967073.13780000,0
1652911200000,1.00140000,1.00160000,1.00130000,1.00140000,13457690.00000000,1652914799999,13477342.95080000,3483,11220393.00000000,11236958.89680000,0
1652914800000,1.00140000,1.00160000,1.00140000,1.00150000,20393927.00000000,1652918399999,20424844.86400000,4086,7484087.00000000,7495557.40390000,0
1652918400000,1.00150000,1.00150000,1.00140000,1.00150000,6902904.00000000,1652921999999,6912996.79370000,2480,4287281.00000000,4293711.92150000,0
1652922000000,1.00150000,1.00160000,1.00140000,1.00150000,13569974.00000000,1652925599999,13590248.02580000,4393,6185046.00000000,6194359.80630000,0
1652925600000,1.00150000,1.00160000,1.00140000,1.00150000,8615822.00000000,1652929199999,8628551.83600000,2932,5154954.00000000,5162703.48690000,0
1652929200000,1.00140000,1.00160000,1.00110000,1.00120000,83081398.00000000,1652932799999,83189795.11180000,6126,28250626.00000000,28288582.47360000,0
1652932800000,1.00120000,1.00140000,1.00110000,1.00140000,25081951.00000000,1652936399999,25114099.87610000,4386,22193141.00000000,22221830.77130000,0
1652936400000,1.00130000,1.00140000,1.00130000,1.00130000,20585718.00000000,1652939999999,20613632.73360000,3345,11533002.00000000,11549148.20280000,0
1652940000000,1.00130000,1.00140000,1.00130000,1.00130000,30326149.00000000,1652943599999,30366822.77650000,8407,12497828.00000000,12515324.95920000,0
1652943600000,1.00130000,1.00140000,1.00120000,1.00120000,20794684.00000000,1652947199999,20821620.80020000,4916,9024055.00000000,9036133.66620000,0
1652947200000,1.00130000,1.00130000,1.00120000,1.00120000,14767715.00000000,1652950799999,14786354.13720000,3504,9178792.00000000,9190724.42960000,0
1652950800000,1.00120000,1.00150000,1.00120000,1.00130000,29868298.00000000,1652954399999,29908854.74820000,7211,15395968.00000000,15417016.32790000,0
1652954400000,1.00130000,1.00140000,1.00120000,1.00130000,20254585.00000000,1652957999999,20280723.30860000,5329,10185335.00000000,10198751.02050000,0
1652958000000,1.00130000,1.00130000,1.00110000,1.00120000,30716315.00000000,1652961599999,30753959.22690000,5391,15556620.00000000,15576162.38500000,0
1652961600000,1.00120000,1.00170000,1.00120000,1.00120000,58780140.00000000,1652965199999,58861337.08750000,9224,32044657.00000000,32089960.54300000,0
1652965200000,1.00120000,1.00150000,1.00110000,1.00110000,61736610.00000000,1652968799999,61812685.53020000,6909,32103988.00000000,32144488.49130000,0
1652968800000,1.00110000,1.00130000,1.00110000,1.00120000,33286212.00000000,1652972399999,33325650.62020000,6248,17064737.00000000,17085347.50130000,0
1652972400000,1.00120000,1.00120000,1.00090000,1.00110000,36245351.00000000,1652975999999,36282798.39550000,8987,12133563.00000000,12146478.23370000,0
1652976000000,1.00100000,1.00110000,1.00100000,1.00110000,14348508.00000000,1652979599999,14363172.46520000,4724,3159572.00000000,3163047.52920000,0
1652979600000,1.00100000,1.00110000,1.00100000,1.00100000,10286069.00000000,1652983199999,10296805.13620000,3646,4500672.00000000,4505622.73920000,0
1652983200000,1.00100000,1.00110000,1.00100000,1.00110000,11012447.00000000,1652986799999,11024264.65850000,3038,8052115.00000000,8060972.32650000,0
1652986800000,1.00100000,1.00120000,1.00100000,1.00110000,28044451.00000000,1652990399999,28076501.19210000,4438,18065344.00000000,18086424.92740000,0
1652990400000,1.00110000,1.00130000,1.00110000,1.00120000,14952991.00000000,1652993999999,14971419.97270000,4233,9389453.00000000,9401263.56940000,0
1652994000000,1.00120000,1.00130000,1.00110000,1.00110000,11018387.00000000,1652997599999,11031584.77230000,3770,1820603.00000000,1822888.35430000,0
1652997600000,1.00110000,1.00120000,1.00110000,1.00120000,4948034.00000000,1653001199999,4953718.00660000,1613,2411692.00000000,2414586.03040000,0
1653001200000,1.00120000,1.00130000,1.00110000,1.00110000,14431291.00000000,1653004799999,14448484.94690000,2669,5541456.00000000,5548229.70270000,0
1653004800000,1.00120000,1.00120000,1.00110000,1.00110000,6380956.00000000,1653008399999,6388208.89020000,1604,2338386.00000000,2341192.06320000,0
1653008400000,1.00110000,1.00130000,1.00110000,1.00120000,13797972.00000000,1653011999999,13814583.17820000,3550,10216585.00000000,10229092.68200000,0
1653012000000,1.00120000,1.00130000,1.00120000,1.00120000,12665736.00000000,1653015599999,12681666.87860000,4846,7319954.00000000,7329469.94020000,0
1653015600000,1.00120000,1.00130000,1.00120000,1.00120000,13850838.00000000,1653019199999,13867717.56060000,4295,2597843.00000000,2601218.96660000,0
1653019200000,1.00120000,1.00120000,1.00110000,1.00110000,13020556.00000000,1653022799999,13035215.68170000,2335,3370701.00000000,3374745.84120000,0
1653022800000,1.00120000,1.00120000,1.00100000,1.00110000,13909064.00000000,1653026399999,13923910.16440000,4411,6581768.00000000,6589042.35530000,0
1653026400000,1.00110000,1.00110000,1.00100000,1.00110000,9672743.00000000,1653029999999,9682958.22430000,3656,5424813.00000000,5430780.29430000,0
1653030000000,1.00110000,1.00110000,1.00080000,1.00090000,56797140.00000000,1653033599999,56851910.81020000,7739,15168227.00000000,15183636.48910000,0
1653033600000,1.00090000,1.00100000,1.00070000,1.00080000,53586165.00000000,1653037199999,53630953.10210000,8322,22756069.00000000,22774867.26490000,0
1653037200000,1.00070000,1.00090000,1.00060000,1.00080000,44466493.00000000,1653040799999,44499442.26590000,5529,23523877.00000000,23541968.84770000,0
1653040800000,1.00090000,1.00090000,1.00080000,1.00080000,8975212.00000000,1653044399999,8982687.94890000,3446,2957793.00000000,2960455.01370000,0
1653044400000,1.00080000,1.00090000,1.00070000,1.00070000,11292979.00000000,1653047999999,11302231.38270000,4539,3671980.00000000,3675244.82060000,0
1653048000000,1.00070000,1.00090000,1.00070000,1.00080000,15430762.00000000,1653051599999,15442691.04500000,4766,11118825.00000000,11127724.15980000,0
1653051600000,1.00090000,1.00090000,1.00080000,1.00090000,13886810.00000000,1653055199999,13898872.32650000,4109,9528785.00000000,9537360.90650000,0
1653055200000,1.00080000,1.00090000,1.00080000,1.00090000,11660209.00000000,1653058799999,11670088.54520000,5987,5513780.00000000,5518742.40200000,0
1653058800000,1.00090000,1.00120000,1.00080000,1.00110000,40733994.00000000,1653062399999,40774921.86490000,12645,23959299.00000000,23983217.28400000,0
1653062400000,1.00110000,1.00130000,1.00110000,1.00130000,20548806.00000000,1653065999999,20572966.17870000,8756,13400802.00000000,13417049.77010000,0
1653066000000,1.00130000,1.00130000,1.00120000,1.00130000,13198399.00000000,1653069599999,13214676.48770000,4099,4394089.00000000,4399801.31570000,0
1653069600000,1.00120000,1.00140000,1.00120000,1.00130000,23926682.00000000,1653073199999,23957359.23760000,4859,13098970.00000000,13116025.27280000,0
1653073200000,1.00130000,1.00130000,1.00120000,1.00130000,6585405.00000000,1653076799999,6593709.74520000,3189,4022592.00000000,4027821.36960000,0
1653076800000,1.00120000,1.00130000,1.00120000,1.00130000,8527921.00000000,1653080399999,8538688.13260000,4251,5336274.00000000,5343211.15620000,0
1653080400000,1.00120000,1.00130000,1.00120000,1.00120000,4721842.00000000,1653083999999,4727795.20760000,2769,2869972.00000000,2873702.96360000,0
1653084000000,1.00130000,1.00130000,1.00120000,1.00130000,2321189.00000000,1653087599999,2324079.47420000,2137,1050474.00000000,1051839.61620000,0
1653087600000,1.00120000,1.00130000,1.00120000,1.00130000,6924388.00000000,1653091199999,6933076.92400000,2583,3796584.00000000,3801519.55920000,0
1653091200000,1.00120000,1.00130000,1.00120000,1.00130000,4582674.00000000,1653094799999,4588316.97310000,2228,1437643.00000000,1439511.93590000,0
1653094800000,1.00120000,1.00140000,1.00120000,1.00140000,11614830.00000000,1653098399999,11629926.55120000,3062,9652432.00000000,9665130.91010000,0
1653098400000,1.00130000,1.00140000,1.00130000,1.00130000,7512349.00000000,1653101999999,7522202.81100000,3286,877573.00000000,878801.60220000,0
1653102000000,1.00140000,1.00140000,1.00130000,1.00130000,5529086.00000000,1653105599999,5536554.04340000,2759,2802316.00000000,2806239.24240000,0
1653105600000,1.00130000,1.00140000,1.00130000,1.00140000,3422789.00000000,1653109199999,3427331.00750000,3188,923818.00000000,925111.34520000,0
1653109200000,1.00130000,1.00140000,1.00130000,1.00140000,4366831.00000000,1653112799999,4372741.71500000,3290,2338347.00000000,2341620.68580000,0
1653112800000,1.00130000,1.00140000,1.00130000,1.00130000,4107416.00000000,1653116399999,4112910.17930000,3428,1545385.00000000,1547548.53900000,0
1653116400000,1.00140000,1.00140000,1.00130000,1.00130000,5271282.00000000,1653119999999,5278348.55100000,3877,2138844.00000000,2141838.38160000,0
1653120000000,1.00130000,1.00140000,1.00130000,1.00140000,4594407.00000000,1653123599999,4600614.82360000,2738,2350945.00000000,2354236.32300000,0
1653123600000,1.00130000,1.00140000,1.00130000,1.00140000,3339848.00000000,1653127199999,3344360.88650000,2494,1710841.00000000,1713236.17740000,0
1653127200000,1.00130000,1.00140000,1.00130000,1.00140000,3319255.00000000,1653130799999,3323753.01350000,2885,1829820.00000000,1832381.74800000,0
1653130800000,1.00140000,1.00140000,1.00130000,1.00130000,6056280.00000000,1653134399999,6064374.36550000,2780,2212015.00000000,2215111.82100000,0
1653134400000,1.00140000,1.00140000,1.00130000,1.00130000,4175701.00000000,1653137999999,4181323.74040000,2576,1943291.00000000,1946011.60740000,0
1653138000000,1.00140000,1.00140000,1.00130000,1.00130000,11072039.00000000,1653141599999,11086959.79180000,3308,5271411.00000000,5278790.97540000,0
1653141600000,1.00140000,1.00140000,1.00130000,1.00130000,7396518.00000000,1653145199999,7406692.27720000,3407,5588038.00000000,5595861.25320000,0
1653145200000,1.00140000,1.00140000,1.00130000,1.00130000,19535227.00000000,1653148799999,19561577.60180000,4222,9548067.00000000,9561434.29380000,0
1653148800000,1.00140000,1.00140000,1.00130000,1.00130000,8403424.00000000,1653152399999,8414754.33700000,4187,4058858.00000000,4064540.40120000,0
1653152400000,1.00140000,1.00140000,1.00130000,1.00130000,8916164.00000000,1653155999999,8928432.76490000,3362,6777517.00000000,6787005.52380000,0
1653156000000,1.00130000,1.00140000,1.00130000,1.00130000,5786980.00000000,1653159599999,5794899.96010000,2775,3968861.00000000,3974417.40540000,0
1653159600000,1.00130000,1.00140000,1.00130000,1.00140000,6991312.00000000,1653163199999,7000925.24410000,3423,5245385.00000000,5252728.53900000,0
1653163200000,1.00130000,1.00140000,1.00130000,1.00130000,4324287.00000000,1653166799999,4330218.86120000,2522,3102881.00000000,3107225.03340000,0
1653166800000,1.00140000,1.00140000,1.00130000,1.00130000,4312991.00000000,1653170399999,4318909.52150000,2464,3116332.00000000,3120694.86480000,0
1653170400000,1.00140000,1.00150000,1.00130000,1.00140000,7445935.00000000,1653173999999,7456354.96960000,3650,2507059.00000000,2510638.56070000,0
1653174000000,1.00140000,1.00140000,1.00130000,1.00140000,2008307.00000000,1653177599999,2011011.71370000,2189,939146.00000000,940460.80440000,0
1653177600000,1.00130000,1.00140000,1.00130000,1.00140000,3626897.00000000,1653181199999,3631866.83640000,1905,2548703.00000000,2552271.18420000,0
1653181200000,1.00140000,1.00140000,1.00130000,1.00140000,3568864.00000000,1653184799999,3573674.55190000,2102,1710287.00000000,1712681.40180000,0
1653184800000,1.00140000,1.00160000,1.00130000,1.00150000,14220620.00000000,1653188399999,14240901.64490000,2991,9061290.00000000,9074315.28120000,0
1653188400000,1.00150000,1.00160000,1.00140000,1.00150000,21322570.00000000,1653191999999,21354104.19330000,5216,10379235.00000000,10394819.31840000,0
1653192000000,1.00150000,1.00150000,1.00140000,1.00140000,6416077.00000000,1653195599999,6425262.52440000,3822,2030166.00000000,2033211.24900000,0
1653195600000,1.00140000,1.00150000,1.00130000,1.00130000,7892339.00000000,1653199199999,7903417.25980000,2945,3991234.00000000,3996902.71460000,0
1653199200000,1.00130000,1.00150000,1.00130000,1.00150000,6926698.00000000,1653202799999,6936460.85200000,3183,5046278.00000000,5053458.38770000,0
1653202800000,1.00150000,1.00150000,1.00140000,1.00140000,10923121.00000000,1653206399999,10938704.91150000,4868,2915421.00000000,2919794.13150000,0
1653206400000,1.00140000,1.00150000,1.00130000,1.00140000,14522167.00000000,1653209999999,14541490.73990000,3362,1752587.00000000,1755045.72390000,0
1653210000000,1.00130000,1.00140000,1.00120000,1.00130000,11622002.00000000,1653213599999,11637358.62820000,4921,4408970.00000000,4415070.22880000,0
1653213600000,1.00120000,1.00130000,1.00120000,1.00120000,7652209.00000000,1653217199999,7661858.24400000,5950,4665932.00000000,4671997.71160000,0
1653217200000,1.00130000,1.00130000,1.00120000,1.00130000,10449507.00000000,1653220799999,10462887.16210000,4138,8407537.00000000,8418466.79810000,0
1653220800000,1.00130000,1.00140000,1.00120000,1.00130000,19131721.00000000,1653224399999,19156886.32560000,5509,6370862.00000000,6379453.47390000,0
1653224400000,1.00130000,1.00140000,1.00120000,1.00120000,11382544.00000000,1653227999999,11396885.73420000,4608,3057303.00000000,3061388.62130000,0
1653228000000,1.00130000,1.00130000,1.00120000,1.00130000,10357939.00000000,1653231599999,10370731.28680000,4294,3627600.00000000,3632315.88000000,0
1653231600000,1.00130000,1.00130000,1.00120000,1.00130000,6701155.00000000,1653235199999,6709603.31260000,4198,4069266.00000000,4074556.04580000,0
1653235200000,1.00130000,1.00130000,1.00120000,1.00120000,7097401.00000000,1653238799999,7106375.37630000,3361,4574951.00000000,4580898.43630000,0
1653238800000,1.00130000,1.00130000,1.00120000,1.00120000,7982480.00000000,1653242399999,7992294.66390000,3739,2356879.00000000,2359942.94270000,0
1653242400000,1.00130000,1.00130000,1.00110000,1.00110000,9377784.00000000,1653245999999,9389150.67190000,3168,1752976.00000000,1755208.34560000,0
1653246000000,1.00120000,1.00120000,1.00110000,1.00120000,3102157.00000000,1653249599999,3105706.50650000,2986,1371338.00000000,1372983.60560000,0
1653249600000,1.00110000,1.00120000,1.00110000,1.00120000,6193017.00000000,1653253199999,6200239.79840000,3061,4104797.00000000,4109722.75640000,0
1653253200000,1.00120000,1.00120000,1.00110000,1.00120000,5518943.00000000,1653256799999,5525185.70710000,2236,1718698.00000000,1720760.43760000,0
1653256800000,1.00120000,1.00120000,1.00100000,1.00110000,8855435.00000000,1653260399999,8864993.06630000,3822,5516943.00000000,5523056.69170000,0
1653260400000,1.00110000,1.00110000,1.00100000,1.00100000,3738397.00000000,1653263999999,3742303.52270000,2345,1681257.00000000,1683106.38270000,0
1653264000000,1.00100000,1.00110000,1.00100000,1.00110000,10235241.00000000,1653267599999,10246239.84910000,2842,7636081.00000000,7644480.68910000,0
1653267600000,1.00110000,1.00110000,1.00100000,1.00100000,11811077.00000000,1653271199999,11823640.96700000,2559,7528900.00000000,7537181.79000000,0
1653271200000,1.00110000,1.00110000,1.00100000,1.00100000,5409722.00000000,1653274799999,5415333.78900000,2418,2020670.00000000,2022892.73700000,0
1653274800000,1.00100000,1.00110000,1.00100000,1.00110000,5989346.00000000,1653278399999,5995716.70380000,2817,3813578.00000000,3817772.93580000,0
1653278400000,1.00110000,1.00110000,1.00100000,1.00100000,11777925.00000000,1653281999999,11790670.08900000,3364,9671640.00000000,9682278.80400000,0
1653282000000,1.00100000,1.00110000,1.00090000,1.00100000,27065645.00000000,1653285599999,27092508.30030000,4555,15896008.00000000,15911917.35710000,0
1653285600000,1.00100000,1.00110000,1.00090000,1.00100000,20012106.00000000,1653289199999,20031895.43830000,7174,8315871.00000000,8324335.88770000,0
1653289200000,1.00100000,1.00110000,1.00080000,1.00090000,29525368.00000000,1653292799999,29552756.37310000,6376,13569163.00000000,13581776.08960000,0
1653292800000,1.00090000,1.00100000,1.00090000,1.00100000,11153205.00000000,1653296399999,11164079.81010000,4681,8369256.00000000,8377625.25600000,0
1653296400000,1.00090000,1.00100000,1.00090000,1.00090000,13176868.00000000,1653299999999,13189653.13390000,4446,9259527.00000000,9268786.52700000,0
1653300000000,1.00090000,1.00100000,1.00090000,1.00100000,15378239.00000000,1653303599999,15392904.03470000,4312,8246196.00000000,8254442.19600000,0
1653303600000,1.00100000,1.00110000,1.00090000,1.00090000,38356351.00000000,1653307199999,38394567.52620000,7961,21423728.00000000,21445575.05270000,0
1653307200000,1.00100000,1.00110000,1.00090000,1.00110000,30361748.00000000,1653310799999,30393683.70730000,9019,19143118.00000000,19163847.45420000,0
1653310800000,1.00110000,1.00120000,1.00090000,1.00090000,35635184.00000000,1653314399999,35674105.30060000,9948,11528012.00000000,11541174.26930000,0
1653314400000,1.00100000,1.00120000,1.00090000,1.00110000,41622038.00000000,1653317999999,41666028.49630000,10779,21564226.00000000,21587197.58000000,0
1653318000000,1.00110000,1.00120000,1.00100000,1.00100000,20601707.00000000,1653321599999,20623251.41520000,6014,3812096.00000000,3816343.14880000,0
1653321600000,1.00100000,1.00110000,1.00100000,1.00110000,8967977.00000000,1653325199999,8977339.22160000,5040,3942446.00000000,3946782.69060000,0
1653325200000,1.00100000,1.00110000,1.00100000,1.00110000,5776141.00000000,1653328799999,5782251.61420000,3499,3344732.00000000,3348411.20520000,0
1653328800000,1.00100000,1.00110000,1.00100000,1.00100000,6202345.00000000,1653332399999,6208850.64490000,4050,3032999.00000000,3036335.29890000,0
1653332400000,1.00110000,1.00120000,1.00100000,1.00110000,23667406.00000000,1653335999999,23693104.41230000,8205,10645407.00000000,10657182.19220000,0
1653336000000,1.00100000,1.00110000,1.00100000,1.00100000,9427619.00000000,1653339599999,9437610.73160000,4311,5641126.00000000,5647331.23860000,0
1653339600000,1.00100000,1.00110000,1.00100000,1.00100000,6977943.00000000,1653343199999,6985397.01880000,2741,4760758.00000000,4765994.83380000,0
1653343200000,1.00110000,1.00110000,1.00100000,1.00110000,7002305.00000000,1653346799999,7009862.45890000,3137,5551539.00000000,5557645.69290000,0
1653346800000,1.00110000,1.00120000,1.00100000,1.00110000,11156051.00000000,1653350399999,11168890.45600000,4841,7047205.00000000,7055557.96610000,0
1653350400000,1.00120000,1.00130000,1.00110000,1.00130000,10981051.00000000,1653353999999,10994053.25170000,3944,5869075.00000000,5876166.49240000,0
1653354000000,1.00120000,1.00130000,1.00110000,1.00110000,11730418.00000000,1653357599999,11744642.31630000,3009,3808864.00000000,3813659.01210000,0
1653357600000,1.00110000,1.00120000,1.00110000,1.00110000,5435363.00000000,1653361199999,5441713.30530000,1767,3714060.00000000,3718516.87200000,0
1653361200000,1.00110000,1.00120000,1.00110000,1.00120000,9302814.00000000,1653364799999,9313589.78330000,2336,5426879.00000000,5433391.25480000,0
1653364800000,1.00120000,1.00120000,1.00110000,1.00120000,6241346.00000000,1653368399999,6248626.61620000,2695,4151356.00000000,4156337.62720000,0
1653368400000,1.00110000,1.00120000,1.00110000,1.00110000,5416167.00000000,1653371999999,5422456.15330000,2382,3313696.00000000,3317672.43520000,0
1653372000000,1.00110000,1.00120000,1.00110000,1.00110000,7595115.00000000,1653375599999,7603851.24050000,2764,3816140.00000000,3820719.36800000,0
1653375600000,1.00120000,1.00120000,1.00110000,1.00120000,9080127.00000000,1653379199999,9090739.80800000,3408,6246683.00000000,6254179.01960000,0
1653379200000,1.00120000,1.00120000,1.00110000,1.00120000,10598837.00000000,1653382799999,10610968.09600000,3982,4723753.00000000,4729421.50360000,0
1653382800000,1.00110000,1.00120000,1.00110000,1.00110000,6668430.00000000,1653386399999,6676057.74160000,3407,2924686.00000000,2928195.62320000,0
1653386400000,1.00110000,1.00130000,1.00110000,1.00120000,22696940.00000000,1653389999999,22724462.07680000,5176,16455906.00000000,16475970.35470000,0
1653390000000,1.00120000,1.00130000,1.00110000,1.00110000,13512499.00000000,1653393599999,13528778.14510000,5638,3323776.00000000,3327931.36680000,0
1653393600000,1.00110000,1.00120000,1.00110000,1.00110000,11701701.00000000,1653397199999,11715136.11550000,3579,5632444.00000000,5639202.93280000,0
1653397200000,1.00110000,1.00120000,1.00110000,1.00110000,10583097.00000000,1653400799999,10595165.09210000,4052,4266854.00000000,4271974.22480000,0
1653400800000,1.00120000,1.00120000,1.00110000,1.00120000,15448563.00000000,1653404399999,15466230.57490000,5319,6741556.00000000,6749645.86720000,0
1653404400000,1.00120000,1.00120000,1.00100000,1.00100000,11658745.00000000,1653407999999,11671691.61620000,5082,4166584.00000000,4171420.18780000,0
1653408000000,1.00110000,1.00110000,1.00100000,1.00100000,10784751.00000000,1653411599999,10796020.76840000,4009,4850174.00000000,4855509.19140000,0
1653411600000,1.00100000,1.00110000,1.00100000,1.00100000,6074596.00000000,1653415199999,6081009.29300000,4085,3386970.00000000,3390695.66700000,0
1653415200000,1.00100000,1.00110000,1.00100000,1.00110000,6642754.00000000,1653418799999,6649826.61160000,3068,4298576.00000000,4303304.43360000,0
1653418800000,1.00100000,1.00110000,1.00100000,1.00100000,14077115.00000000,1653422399999,14092113.98470000,4433,9218697.00000000,9228837.56670000,0
1653422400000,1.00100000,1.00110000,1.00100000,1.00110000,5431107.00000000,1653425999999,5436827.97390000,3583,2898669.00000000,2901857.53590000,0
1653426000000,1.00110000,1.00110000,1.00100000,1.00110000,5004766.00000000,1653429599999,5010112.39550000,2510,3416295.00000000,3420052.92450000,0
1653429600000,1.00110000,1.00110000,1.00100000,1.00100000,5768360.00000000,1653433199999,5774375.93150000,2542,2475715.00000000,2478438.28650000,0
1653433200000,1.00110000,1.00110000,1.00100000,1.00110000,5015833.00000000,1653436799999,5021231.78310000,2018,3829501.00000000,3833713.45110000,0
1653436800000,1.00110000,1.00110000,1.00100000,1.00110000,4161919.00000000,1653440399999,4166390.43710000,2383,3095181.00000000,3098585.69910000,0
1653440400000,1.00110000,1.00120000,1.00100000,1.00110000,10290114.00000000,1653443999999,10301646.89530000,1683,6717161.00000000,6724773.19380000,0
1653444000000,1.00110000,1.00120000,1.00110000,1.00120000,13047149.00000000,1653447599999,13062205.34450000,2389,7044806.00000000,7053259.76720000,0
1653447600000,1.00120000,1.00120000,1.00110000,1.00110000,8216711.00000000,1653451199999,8226097.65160000,1761,3482695.00000000,3486874.23400000,0
1653451200000,1.00110000,1.00120000,1.00110000,1.00120000,5503428.00000000,1653454799999,5509764.64470000,1803,2828739.00000000,2832133.48680000,0
1653454800000,1.00110000,1.00120000,1.00110000,1.00110000,10545534.00000000,1653458399999,10557880.24950000,2440,7461621.00000000,7470574.94520000,0
1653458400000,1.00120000,1.00120000,1.00110000,1.00120000,11995100.00000000,1653461999999,12009058.04710000,3669,7634371.00000000,7643532.24520000,0
1653462000000,1.00110000,1.00120000,1.00110000,1.00120000,4647948.00000000,1653465599999,4653252.29870000,2505,1915559.00000000,1917857.67080000,0
1653465600000,1.00110000,1.00120000,1.00110000,1.00110000,11030172.00000000,1653469199999,11042794.18280000,3236,4889936.00000000,4895803.92320000,0
1653469200000,1.00110000,1.00120000,1.00110000,1.00110000,15400631.00000000,1653472799999,15417898.37340000,3104,3266793.00000000,3270713.15160000,0
1653472800000,1.00110000,1.00120000,1.00110000,1.00110000,6320316.00000000,1653476399999,6327600.89550000,2463,3325479.00000000,3329469.57480000,0
1653476400000,1.00110000,1.00120000,1.00110000,1.00110000,8975049.00000000,1653479999999,8985257.91320000,3133,3363593.00000000,3367629.31160000,0
1653480000000,1.00110000,1.00120000,1.00110000,1.00110000,10584153.00000000,1653483599999,10596297.24590000,3674,5016776.00000000,5022796.13120000,0
1653483600000,1.00110000,1.00130000,1.00110000,1.00120000,18998964.00000000,1653487199999,19021528.24910000,5795,12959980.00000000,12975618.16260000,0
1653487200000,1.00120000,1.00130000,1.00110000,1.00110000,17854865.00000000,1653490799999,17876288.72680000,7629,3179541.00000000,3183504.12370000,0
1653490800000,1.00120000,1.00120000,1.00110000,1.00120000,9603538.00000000,1653494399999,9614573.69610000,3372,4718043.00000000,4723704.65160000,0
1653494400000,1.00120000,1.00120000,1.00110000,1.00110000,8433479.00000000,1653497999999,8443146.70240000,3361,3908755.00000000,3913445.50600000,0
1653498000000,1.00110000,1.00120000,1.00110000,1.00110000,5707903.00000000,1653501599999,5714362.21050000,3474,1805172.00000000,1807338.20640000,0
1653501600000,1.00110000,1.00120000,1.00110000,1.00110000,15456927.00000000,1653505199999,15474501.20720000,6618,5715875.00000000,5722734.05000000,0
1653505200000,1.00120000,1.00120000,1.00110000,1.00110000,12607822.00000000,1653508799999,12621858.85550000,6215,1682513.00000000,1684532.01560000,0
1653508800000,1.00110000,1.00120000,1.00100000,1.00100000,7216196.00000000,1653512399999,7224042.32730000,2657,2441650.00000000,2444381.05920000,0
1653512400000,1.00100000,1.00110000,1.00100000,1.00110000,3882281.00000000,1653515999999,3886431.66900000,1857,2683880.00000000,2686832.26800000,0
1653516000000,1.00110000,1.00110000,1.00100000,1.00100000,3547500.00000000,1653519599999,3551267.47330000,1801,2199733.00000000,2202152.70630000,0
1653519600000,1.00110000,1.00110000,1.00100000,1.00100000,4194039.00000000,1653523199999,4198545.72140000,2031,3126824.00000000,3130263.50640000,0
1653523200000,1.00100000,1.00110000,1.00100000,1.00100000,6173541.00000000,1653526799999,6180027.27040000,2755,3127294.00000000,3130734.02340000,0
1653526800000,1.00100000,1.00110000,1.00100000,1.00100000,4893670.00000000,1653530399999,4898874.04080000,1650,3103708.00000000,3107122.07880000,0
1653530400000,1.00110000,1.00120000,1.00100000,1.00110000,16611366.00000000,1653533999999,16629636.25310000,3222,7824451.00000000,7833114.98040000,0
1653534000000,1.00110000,1.00120000,1.00100000,1.00100000,11172122.00000000,1653537599999,11184345.18300000,3036,1993156.00000000,1995423.51190000,0
1653537600000,1.00100000,1.00110000,1.00100000,1.00110000,8732561.00000000,1653541199999,8741825.62600000,2417,5320650.00000000,5326502.71500000,0
1653541200000,1.00100000,1.00140000,1.00100000,1.00130000,30178067.00000000,1653544799999,30213632.87250000,5021,24561901.00000000,24590914.65340000,0
1653544800000,1.00130000,1.00140000,1.00110000,1.00120000,34203373.00000000,1653548399999,34245784.25410000,7748,6394518.00000000,6402728.45350000,0
1653548400000,1.00120000,1.00120000,1.00110000,1.00110000,15362247.00000000,1653551999999,15379775.16880000,3614,6296971.00000000,6304527.36520000,0
1653552000000,1.00110000,1.00120000,1.00100000,1.00110000,35655651.00000000,1653555599999,35695112.35570000,10043,20886426.00000000,20909921.22180000,0
1653555600000,1.00110000,1.00130000,1.00110000,1.00120000,23571758.00000000,1653559199999,23599538.80830000,5777,16789642.00000000,16809839.44090000,0
1653559200000,1.00120000,1.00130000,1.00120000,1.00120000,16488804.00000000,1653562799999,16509301.41350000,5650,7108487.00000000,7117728.03310000,0
1653562800000,1.00120000,1.00130000,1.00110000,1.00120000,24442978.00000000,1653566399999,24472535.95560000,5454,8301119.00000000,8311516.90080000,0
1653566400000,1.00120000,1.00120000,1.00110000,1.00110000,14451498.00000000,1653569999999,14468322.05970000,4724,9274119.00000000,9285247.94280000,0
1653570000000,1.00110000,1.00130000,1.00110000,1.00110000,43736659.00000000,1653573599999,43787811.46530000,10329,16261426.00000000,16281055.07110000,0
1653573600000,1.00110000,1.00120000,1.00100000,1.00100000,37056536.00000000,1653577199999,37096881.67690000,7534,8999573.00000000,9009899.03950000,0
1653577200000,1.00100000,1.00110000,1.00100000,1.00100000,18129352.00000000,1653580799999,18148537.08390000,6206,10557319.00000000,10568932.05090000,0
1653580800000,1.00100000,1.00110000,1.00100000,1.00100000,16916140.00000000,1653584399999,16934076.30480000,5856,10201648.00000000,10212869.81280000,0
1653584400000,1.00100000,1.00110000,1.00100000,1.00100000,9653176.00000000,1653587999999,9663279.97780000,3933,4508018.00000000,4512976.81980000,0
1653588000000,1.00100000,1.00110000,1.00100000,1.00100000,7729590.00000000,1653591599999,7737663.31470000,4428,3437247.00000000,3441027.97170000,0
1653591600000,1.00100000,1.00110000,1.00100000,1.00110000,10302291.00000000,1653595199999,10313181.49890000,4480,5882079.00000000,5888549.28690000,0
1653595200000,1.00110000,1.00110000,1.00100000,1.00100000,7837161.00000000,1653598799999,7845436.59830000,3336,4384373.00000000,4389195.81030000,0
1653598800000,1.00100000,1.00120000,1.00100000,1.00110000,13942643.00000000,1653602399999,13957894.70520000,3952,9971476.00000000,9982654.86680000,0
1653602400000,1.00110000,1.00120000,1.00110000,1.00120000,4106903.00000000,1653605999999,4111659.02000000,2415,2384267.00000000,2387128.12040000,0
1653606000000,1.00120000,1.00130000,1.00110000,1.00120000,26826100.00000000,1653609599999,26858139.38790000,4104,15270964.00000000,15289389.25830000,0
1653609600000,1.00120000,1.00130000,1.00110000,1.00110000,16581316.00000000,1653613199999,16600976.42520000,2770,3178878.00000000,3182744.67650000,0
1653613200000,1.00120000,1.00120000,1.00110000,1.00110000,12183326.00000000,1653616799999,12197173.93400000,4978,4462754.00000000,4468109.30480000,0
1653616800000,1.00110000,1.00120000,1.00110000,1.00120000,9428045.00000000,1653620399999,9438937.68560000,4472,5218361.00000000,5224623.03320000,0
1653620400000,1.00120000,1.00120000,1.00100000,1.00100000,25404983.00000000,1653623999999,25432549.20800000,6130,6512588.00000000,6519925.07990000,0
1653624000000,1.00110000,1.00110000,1.00100000,1.00100000,13354538.00000000,1653627599999,13368809.01240000,10296,9164744.00000000,9174825.21840000,0
1653627600000,1.00110000,1.00130000,1.00100000,1.00120000,30984226.00000000,1653631199999,31020588.93850000,7273,15607715.00000000,15626221.51500000,0
1653631200000,1.00110000,1.00120000,1.00110000,1.00110000,14658278.00000000,1653634799999,14675185.33430000,4565,7832285.00000000,7841683.74200000,0
1653634800000,1.00110000,1.00120000,1.00110000,1.00120000,12238078.00000000,1653638399999,12252240.37150000,5026,7004857.00000000,7013262.82840000,0
1653638400000,1.00120000,1.00120000,1.00110000,1.00110000,9127569.00000000,1653641999999,9138062.87650000,5176,4535506.00000000,4540948.60720000,0
1653642000000,1.00110000,1.00120000,1.00110000,1.00120000,7954821.00000000,1653645599999,7964006.99800000,3860,4356949.00000000,4362177.33880000,0
1653645600000,1.00110000,1.00120000,1.00110000,1.00120000,8093150.00000000,1653649199999,8102549.12360000,3466,4966586.00000000,4972545.90320000,0
1653649200000,1.00120000,1.00120000,1.00110000,1.00110000,16367145.00000000,1653652799999,16385536.61060000,4059,3877511.00000000,3882164.01320000,0
1653652800000,1.00110000,1.00120000,1.00100000,1.00110000,33703909.00000000,1653656399999,33740828.14170000,11226,16024366.00000000,16042277.95580000,0
1653656400000,1.00110000,1.00120000,1.00100000,1.00100000,15538336.00000000,1653659999999,15555255.30790000,4979,7587187.00000000,7595718.92200000,0
1653660000000,1.00110000,1.00110000,1.00100000,1.00110000,7220109.00000000,1653663599999,7227658.56250000,4218,3294535.00000000,3298158.98850000,0
1653663600000,1.00110000,1.00120000,1.00100000,1.00110000,12767713.00000000,1653667199999,12781620.42750000,7431,8414034.00000000,8423393.58580000,0
1653667200000,1.00110000,1.00120000,1.00110000,1.00120000,6007844.00000000,1653670799999,6014705.60690000,4267,2529785.00000000,2532820.74200000,0
1653670800000,1.00110000,1.00120000,1.00110000,1.00120000,8802823.00000000,1653674399999,8812996.91290000,4357,4908076.00000000,4913965.69120000,0
1653674400000,1.00120000,1.00120000,1.00110000,1.00120000,15131999.00000000,1653677999999,15149845.84820000,6551,12016493.00000000,12030912.79160000,0
1653678000000,1.00110000,1.00130000,1.00110000,1.00120000,19797092.00000000,1653681599999,19821176.35550000,7094,5356077.00000000,5362847.61050000,0
1653681600000,1.00120000,1.00130000,1.00110000,1.00120000,11425773.00000000,1653685199999,11438904.80170000,4564,3176195.00000000,3180031.94190000,0
1653685200000,1.00120000,1.00120000,1.00110000,1.00110000,6249890.00000000,1653688799999,6257124.88050000,2030,3600015.00000000,3604335.01800000,0
1653688800000,1.00120000,1.00120000,1.00110000,1.00110000,8975233.00000000,1653692399999,8985779.93750000,2250,6741812.00000000,6749902.17440000,0
1653692400000,1.00110000,1.00130000,1.00110000,1.00130000,11408012.00000000,1653695999999,11421774.14300000,3638,7996304.00000000,8006029.66550000,0
1653696000000,1.00130000,1.00130000,1.00120000,1.00120000,6785728.00000000,1653699599999,6794089.93820000,2586,2190646.00000000,2193493.83980000,0
1653699600000,1.00120000,1.00130000,1.00120000,1.00120000,6716152.00000000,1653703199999,6724474.62460000,2209,2632422.00000000,2635844.14860000,0
1653703200000,1.00120000,1.00130000,1.00120000,1.00120000,2978650.00000000,1653706799999,2982363.58280000,1611,1392028.00000000,1393837.63640000,0
1653706800000,1.00120000,1.00130000,1.00100000,1.00110000,44540020.00000000,1653710399999,44589545.59190000,5655,15620293.00000000,15637767.90430000,0
1653710400000,1.00110000,1.00120000,1.00110000,1.00110000,5341481.00000000,1653713999999,5347581.12190000,1588,2244928.00000000,2247621.91360000,0
1653714000000,1.00110000,1.00120000,1.00110000,1.00120000,3027787.00000000,1653717599999,3031221.35450000,2236,1037888.00000000,1039133.46560000,0
1653717600000,1.00110000,1.00120000,1.00110000,1.00110000,7110704.00000000,1653721199999,7118890.06540000,2651,3642910.00000000,3647281.49200000,0
1653721200000,1.00110000,1.00120000,1.00110000,1.00110000,5527343.00000000,1653724799999,5533594.08950000,3219,1710122.00000000,1712174.14640000,0
1653724800000,1.00110000,1.00120000,1.00100000,1.00110000,12344296.00000000,1653728399999,12357860.39390000,2834,2532846.00000000,2535771.38740000,0
1653728400000,1.00100000,1.00110000,1.00100000,1.00100000,6515197.00000000,1653731999999,6522123.42280000,1736,4112258.00000000,4116781.48380000,0
1653732000000,1.00100000,1.00110000,1.00100000,1.00110000,3083885.00000000,1653735599999,3087131.52870000,1701,1626437.00000000,1628226.08070000,0
1653735600000,1.00100000,1.00110000,1.00100000,1.00110000,5468867.00000000,1653739199999,5474756.41330000,2285,4205463.00000000,4210089.00930000,0
1653739200000,1.00110000,1.00110000,1.00100000,1.00100000,3722007.00000000,1653742799999,3725961.62010000,2486,2326131.00000000,2328689.74410000,0
1653742800000,1.00100000,1.00110000,1.00100000,1.00100000,11897969.00000000,1653746399999,11910225.52630000,2911,3585573.00000000,3589517.13030000,0
1653746400000,1.00100000,1.00110000,1.00100000,1.00100000,5680368.00000000,1653749999999,5686221.63810000,1986,1732701.00000000,1734606.97110000,0
1653750000000,1.00100000,1.00110000,1.00100000,1.00100000,5094134.00000000,1653753599999,5099420.17870000,1972,1920447.00000000,1922559.49170000,0
1653753600000,1.00100000,1.00110000,1.00100000,1.00100000,21983319.00000000,1653757199999,22007224.91210000,2069,19225931.00000000,19247079.52410000,0
1653757200000,1.00110000,1.00120000,1.00100000,1.00110000,14033424.00000000,1653760799999,14048558.22980000,3728,8456714.00000000,8466082.95890000,0
1653760800000,1.00110000,1.00120000,1.00110000,1.00110000,4534521.00000000,1653764399999,4539616.07140000,3674,1070983.00000000,1072268.17960000,0
1653764400000,1.00110000,1.00120000,1.00110000,1.00110000,4482578.00000000,1653767999999,4487699.62440000,2902,1907886.00000000,1910175.46320000,0
1653768000000,1.00110000,1.00120000,1.00110000,1.00110000,3023351.00000000,1653771599999,3026788.26040000,2757,1115743.00000000,1117081.89160000,0
1653771600000,1.00110000,1.00120000,1.00110000,1.00110000,1900942.00000000,1653775199999,1903104.37760000,1830,713414.00000000,714270.09680000,0
1653775200000,1.00110000,1.00120000,1.00110000,1.00110000,1617964.00000000,1653778799999,1619798.77450000,1151,550141.00000000,550801.16920000,0
1653778800000,1.00110000,1.00120000,1.00110000,1.00110000,2814261.00000000,1653782399999,2817526.30570000,1889,1696186.00000000,1698221.42320000,0
1653782400000,1.00110000,1.00120000,1.00110000,1.00120000,1752386.00000000,1653785999999,1754352.93690000,1318,393123.00000000,393594.74760000,0
1653786000000,1.00110000,1.00120000,1.00110000,1.00120000,2734086.00000000,1653789599999,2737173.54910000,2032,800545.00000000,801505.65400000,0
1653789600000,1.00110000,1.00120000,1.00110000,1.00110000,22341946.00000000,1653793199999,22367532.03570000,3870,10098951.00000000,10111069.74120000,0
1653793200000,1.00110000,1.00120000,1.00100000,1.00110000,6992465.00000000,1653796799999,7000187.42450000,2672,694990.00000000,695799.17190000,0
1653796800000,1.00110000,1.00110000,1.00100000,1.00100000,2796027.00000000,1653800399999,2799002.28620000,1393,1792592.00000000,1794563.85120000,0
1653800400000,1.00100000,1.00110000,1.00100000,1.00100000,1901739.00000000,1653803999999,1903712.43220000,1609,716932.00000000,717720.62520000,0
1653804000000,1.00110000,1.00110000,1.00100000,1.00100000,2057998.00000000,1653807599999,2060177.86340000,1902,1218654.00000000,1219994.51940000,0
1653807600000,1.00100000,1.00110000,1.00100000,1.00110000,5687172.00000000,1653811199999,5692971.72650000,1829,1125545.00000000,1126783.09950000,0
1653811200000,1.00100000,1.00110000,1.00100000,1.00100000,5276328.00000000,1653814799999,5281808.31710000,2396,2039891.00000000,2042134.88010000,0
1653814800000,1.00110000,1.00110000,1.00100000,1.00100000,3698025.00000000,1653818399999,3701849.48540000,2377,1264604.00000000,1265995.06440000,0
1653818400000,1.00110000,1.00110000,1.00100000,1.00100000,10800283.00000000,1653821999999,10811304.57890000,2509,2212959.00000000,2215393.25490000,0
1653822000000,1.00110000,1.00110000,1.00100000,1.00100000,5859354.00000000,1653825599999,5865364.75460000,2171,1514006.00000000,1515671.40660000,0
1653825600000,1.00100000,1.00110000,1.00090000,1.00090000,23604297.00000000,1653829199999,23627603.64430000,5431,10754186.00000000,10765072.77970000,0
1653829200000,1.00090000,1.00110000,1.00090000,1.00100000,12228556.00000000,1653832799999,12241162.13190000,3215,9643939.00000000,9653972.72580000,0
1653832800000,1.00100000,1.00110000,1.00100000,1.00100000,3377361.00000000,1653836399999,3380860.95400000,2378,1225930.00000000,1227278.52300000,0
1653836400000,1.00100000,1.00110000,1.00100000,1.00100000,4072706.00000000,1653839999999,4076902.13510000,2821,1234291.00000000,1235648.72010000,0
1653840000000,1.00100000,1.00110000,1.00100000,1.00100000,7201771.00000000,1653843599999,7209123.85710000,2888,1510861.00000000,1512522.94710000,0
1653843600000,1.00110000,1.00110000,1.00100000,1.00100000,5327132.00000000,1653847199999,5332526.59100000,1978,674590.00000000,675332.04900000,0
1653847200000,1.00100000,1.00110000,1.00100000,1.00100000,3559999.00000000,1653850799999,3563759.43310000,1564,2004341.00000000,2006545.77510000,0
1653850800000,1.00100000,1.00110000,1.00100000,1.00110000,6961373.00000000,1653854399999,6968916.56200000,1632,5821890.00000000,5828294.07900000,0
1653854400000,1.00100000,1.00110000,1.00100000,1.00100000,2499777.00000000,1653857999999,2502400.36210000,2006,1235851.00000000,1237210.43610000,0
1653858000000,1.00100000,1.00110000,1.00100000,1.00100000,2553920.00000000,1653861599999,2556642.98940000,1445,1690694.00000000,1692553.76340000,0
1653861600000,1.00100000,1.00110000,1.00100000,1.00100000,3130053.00000000,1653865199999,3133318.83910000,2170,1357861.00000000,1359354.64710000,0
1653865200000,1.00100000,1.00110000,1.00100000,1.00100000,2414559.00000000,1653868799999,2417061.05720000,1714,874982.00000000,875944.48020000,0
1653868800000,1.00100000,1.00110000,1.00100000,1.00110000,2124595.00000000,1653872399999,2126826.14230000,1686,1065473.00000000,1066645.02030000,0
1653872400000,1.00110000,1.00110000,1.00100000,1.00100000,6128553.00000000,1653875999999,6134916.43430000,3042,2348813.00000000,2351396.69430000,0
1653876000000,1.00100000,1.00110000,1.00100000,1.00100000,23282316.00000000,1653879599999,23306452.29420000,5064,8539782.00000000,8549175.76020000,0
1653879600000,1.00100000,1.00110000,1.00090000,1.00100000,23428715.00000000,1653883199999,23452080.94570000,6697,18291464.00000000,18309859.50220000,0
1653883200000,1.00100000,1.00110000,1.00100000,1.00100000,7375598.00000000,1653886799999,7383059.32620000,2788,857282.00000000,858225.01020000,0
1653886800000,1.00100000,1.00110000,1.00090000,1.00090000,16798685.00000000,1653890399999,16815276.75240000,3743,4741594.00000000,4746398.34210000,0
1653890400000,1.00100000,1.00100000,1.00090000,1.00090000,11138486.00000000,1653893999999,11148845.26300000,4551,3346256.00000000,3349602.25600000,0
1653894000000,1.00090000,1.00100000,1.00090000,1.00090000,16026724.00000000,1653897599999,16041528.70920000,5199,3806576.00000000,3810382.57600000,0
1653897600000,1.00090000,1.00100000,1.00080000,1.00080000,11947622.00000000,1653901199999,11958080.11390000,4187,4428496.00000000,4432502.63400000,0
1653901200000,1.00080000,1.00090000,1.00070000,1.00070000,11707329.00000000,1653904799999,11716246.92270000,4770,1433087.00000000,1434244.97600000,0
1653904800000,1.00070000,1.00080000,1.00070000,1.00070000,6069218.00000000,1653908399999,6073730.95110000,2680,2644985.00000000,2647100.98800000,0
1653908400000,1.00070000,1.00080000,1.00060000,1.00070000,16228292.00000000,1653911999999,16239924.85610000,2299,3091069.00000000,3093537.94760000,0
1653912000000,1.00060000,1.00070000,1.00050000,1.00070000,20890111.00000000,1653915599999,20903029.79470000,6657,11991680.00000000,11999332.46850000,0
1653915600000,1.00070000,1.00080000,1.00060000,1.00060000,18359105.00000000,1653919199999,18371805.49450000,6762,6534778.00000000,6539372.84530000,0
1653919200000,1.00070000,1.00080000,1.00060000,1.00070000,16880743.00000000,1653922799999,16892635.15330000,6003,12578026.00000000,12586964.76860000,0
1653922800000,1.00080000,1.00080000,1.00070000,1.00080000,4362797.00000000,1653926399999,4366056.31890000,2371,2053610.00000000,2055252.88800000,0
1653926400000,1.00070000,1.00080000,1.00070000,1.00080000,14075118.00000000,1653929999999,14086084.37790000,3298,11137953.00000000,11146863.36240000,0
1653930000000,1.00080000,1.00090000,1.00070000,1.00070000,18898973.00000000,1653933599999,18914129.43420000,5407,6720084.00000000,6725662.07840000,0
1653933600000,1.00070000,1.00080000,1.00070000,1.00070000,3956304.00000000,1653937199999,3959145.34750000,1971,719347.00000000,719922.47760000,0
1653937200000,1.00070000,1.00080000,1.00070000,1.00070000,5920798.00000000,1653940799999,5925284.01450000,2625,3414559.00000000,3417290.64720000,0
1653940800000,1.00080000,1.00080000,1.00070000,1.00080000,12319384.00000000,1653944399999,12328896.11060000,4215,8885418.00000000,8892526.33440000,0
1653944400000,1.00080000,1.00090000,1.00070000,1.00070000,42356138.00000000,1653947999999,42389999.92210000,10409,21237964.00000000,21255091.94120000,0
1653948000000,1.00070000,1.00090000,1.00070000,1.00070000,21008445.00000000,1653951599999,21024632.67880000,7612,4899102.00000000,4903033.31430000,0
1653951600000,1.00070000,1.00080000,1.00070000,1.00080000,5247124.00000000,1653955199999,5251025.75080000,2609,2287640.00000000,2289470.11200000,0
1653955200000,1.00070000,1.00080000,1.00070000,1.00070000,7363947.00000000,1653958799999,7369372.34010000,3476,2705772.00000000,2707936.61760000,0
1653958800000,1.00070000,1.00080000,1.00060000,1.00070000,6294587.00000000,1653962399999,6298758.18950000,2822,3388631.00000000,3391003.08610000,0
1653962400000,1.00060000,1.00070000,1.00060000,1.00060000,6773855.00000000,1653965999999,6778301.91240000,3167,3825994.00000000,3828672.19580000,0
1653966000000,1.00060000,1.00070000,1.00060000,1.00060000,8969581.00000000,1653969599999,8975667.74640000,4531,7049978.00000000,7054912.98460000,0
1653969600000,1.00070000,1.00070000,1.00060000,1.00070000,13408498.00000000,1653973199999,13417003.01040000,2903,4599116.00000000,4602335.38120000,0
1653973200000,1.00070000,1.00070000,1.00060000,1.00070000,10124243.00000000,1653976799999,10131044.83140000,4863,7272856.00000000,7277946.99920000,0
1653976800000,1.00070000,1.00090000,1.00060000,1.00080000,29885664.00000000,1653980399999,29908624.36390000,6865,12558697.00000000,12568180.97310000,0
1653980400000,1.00070000,1.00080000,1.00060000,1.00080000,14810389.00000000,1653983999999,14820752.56670000,4465,11977143.00000000,11985622.26270000,0
1653984000000,1.00080000,1.00080000,1.00060000,1.00070000,26137047.00000000,1653987599999,26155556.77270000,6657,14233621.00000000,14243807.17690000,0
1653987600000,1.00070000,1.00080000,1.00060000,1.00060000,24833392.00000000,1653991199999,24851034.11250000,3158,8541890.00000000,8548208.34990000,0
1653991200000,1.00060000,1.00080000,1.00060000,1.00070000,19204545.00000000,1653994799999,19218418.06220000,2551,11726644.00000000,11735286.39820000,0
1653994800000,1.00070000,1.00080000,1.00070000,1.00070000,12058173.00000000,1653998399999,12067459.88100000,3344,8461599.00000000,8468368.27920000,0
1653998400000,1.00070000,1.00080000,1.00070000,1.00080000,10933371.00000000,1654001999999,10941415.74930000,3783,3913896.00000000,3917027.11680000,0
1654002000000,1.00070000,1.00080000,1.00070000,1.00080000,14049381.00000000,1654005599999,14059956.57540000,5583,7410087.00000000,7416015.06960000,0
1654005600000,1.00080000,1.00080000,1.00070000,1.00080000,13832573.00000000,1654009199999,13843002.09300000,4608,7462919.00000000,7468889.33520000,0
1654009200000,1.00070000,1.00090000,1.00070000,1.00080000,16408005.00000000,1654012799999,16421516.35280000,7465,9732979.00000000,9741232.47340000,0
1654012800000,1.00080000,1.00090000,1.00070000,1.00080000,23454003.00000000,1654016399999,23472721.56680000,9459,10755476.00000000,10764222.34360000,0
1654016400000,1.00070000,1.00080000,1.00070000,1.00070000,6526101.00000000,1654019999999,6531060.12170000,2968,3908510.00000000,3911636.80800000,0
1654020000000,1.00080000,1.00080000,1.00070000,1.00070000,5879618.00000000,1654023599999,5884044.67460000,3539,3109420.00000000,3111907.53600000,0
1654023600000,1.00080000,1.00080000,1.00070000,1.00080000,5079253.00000000,1654027199999,5083064.93470000,3881,2564576.00000000,2566627.66080000,0
1654027200000,1.00080000,1.00080000,1.00070000,1.00080000,5137413.00000000,1654030799999,5141252.89810000,2540,2437090.00000000,2439039.67200000,0
1654030800000,1.00080000,1.00080000,1.00070000,1.00080000,4065491.00000000,1654034399999,4068604.44800000,2280,2676043.00000000,2678183.83440000,0
1654034400000,1.00080000,1.00080000,1.00070000,1.00080000,3099202.00000000,1654037999999,3101564.57040000,2223,1931290.00000000,1932835.03200000,0
1654038000000,1.00080000,1.00080000,1.00070000,1.00080000,4295435.00000000,1654041599999,4298580.94940000,2533,1391449.00000000,1392562.15920000,0
