1690848000000,1.00020000,1.00020000,1.00010000,1.00010000,6274612.00000000,1690851599999,6275689.42030000,1447,4499591.00000000,4500490.91820000,0
1690851600000,1.00020000,1.00020000,1.00010000,1.00010000,13407738.00000000,1690855199999,13410192.28090000,1652,11135071.00000000,11137298.01420000,0
1690855200000,1.00020000,1.00030000,1.00010000,1.00020000,28970964.00000000,1690858799999,28977370.61960000,6156,17968209.00000000,17972420.47560000,0
1690858800000,1.00020000,1.00030000,1.00020000,1.00020000,5572088.00000000,1690862399999,5573435.44490000,1515,2330273.00000000,2330972.08190000,0
1690862400000,1.00020000,1.00030000,1.00020000,1.00020000,4303531.00000000,1690865999999,4304624.76980000,1529,2330636.00000000,2331335.19080000,0
1690866000000,1.00020000,1.00030000,1.00020000,1.00020000,9147144.00000000,1690869599999,9149506.62480000,1919,5331960.00000000,5333559.58800000,0
1690869600000,1.00030000,1.00030000,1.00020000,1.00030000,7156041.00000000,1690873199999,7158057.64080000,2021,5854326.00000000,5856082.29780000,0
1690873200000,1.00030000,1.00030000,1.00010000,1.00010000,30639181.00000000,1690876799999,30645272.45740000,2522,9664594.00000000,9666822.41620000,0
1690876800000,1.00020000,1.00040000,1.00010000,1.00030000,27777376.00000000,1690880399999,27784967.50160000,2633,21430382.00000000,21436699.07830000,0
1690880400000,1.00030000,1.00040000,1.00030000,1.00030000,10266137.00000000,1690883999999,10269618.80370000,1949,4019626.00000000,4021233.85040000,0
1690884000000,1.00030000,1.00050000,1.00030000,1.00040000,15449253.00000000,1690887599999,15455606.60450000,1374,7824849.00000000,7828224.40220000,0
1690887600000,1.00040000,1.00050000,1.00040000,1.00040000,6756461.00000000,1690891199999,6759555.07910000,1509,3914947.00000000,3916904.47350000,0
1690891200000,1.00050000,1.00050000,1.00030000,1.00030000,16402732.00000000,1690894799999,16409204.01870000,3484,9163528.00000000,9167368.62820000,0
1690894800000,1.00030000,1.00060000,1.00030000,1.00040000,15904421.00000000,1690898399999,15911280.22800000,3054,6780660.00000000,6783557.47440000,0
1690898400000,1.00040000,1.00060000,1.00040000,1.00040000,12125278.00000000,1690901999999,12130689.44410000,2312,3510572.00000000,3512333.33680000,0
1690902000000,1.00040000,1.00090000,1.00040000,1.00070000,62675531.00000000,1690905599999,62716398.28580000,5256,31032898.00000000,31053478.70580000,0
1690905600000,1.00060000,1.00080000,1.00060000,1.00060000,17209901.00000000,1690909199999,17221479.62720000,2293,5061449.00000000,5064996.75020000,0
1690909200000,1.00060000,1.00070000,1.00060000,1.00070000,5981550.00000000,1690912799999,5985405.96780000,1355,2670378.00000000,2672247.26460000,0
1690912800000,1.00060000,1.00070000,1.00050000,1.00050000,20273791.00000000,1690916399999,20286377.99310000,2705,6491411.00000000,6495746.19970000,0
1690916400000,1.00060000,1.00070000,1.00050000,1.00050000,11353094.00000000,1690919999999,11360314.07010000,1858,7509609.00000000,7514692.35410000,0
1690920000000,1.00050000,1.00070000,1.00050000,1.00050000,7993490.00000000,1690923599999,7998081.31820000,1515,4011465.00000000,4013902.99130000,0
1690923600000,1.00050000,1.00070000,1.00050000,1.00050000,5492346.00000000,1690927199999,5495402.70410000,1405,1374888.00000000,1375714.09340000,0
1690927200000,1.00050000,1.00060000,1.00050000,1.00050000,2915437.00000000,1690930799999,2916962.38660000,931,676681.00000000,677087.00860000,0
1690930800000,1.00050000,1.00060000,1.00050000,1.00050000,9716852.00000000,1690934399999,9722269.07520000,5391,5586492.00000000,5589843.89520000,0
1690934400000,1.00050000,1.00060000,1.00040000,1.00050000,20350736.00000000,1690937999999,20360824.74040000,4518,8659042.00000000,8663697.67560000,0
1690938000000,1.00050000,1.00060000,1.00030000,1.00040000,14455767.00000000,1690941599999,14461657.99720000,3296,3907613.00000000,3909475.36220000,0
1690941600000,1.00040000,1.00040000,1.00020000,1.00040000,13362790.00000000,1690945199999,13367250.00620000,1301,8402436.00000000,8405416.89540000,0
1690945200000,1.00040000,1.00070000,1.00030000,1.00060000,21834806.00000000,1690948799999,21846960.74400000,3048,16420169.00000000,16429475.10760000,0
1690948800000,1.00060000,1.00070000,1.00060000,1.00060000,6660643.00000000,1690952399999,6665048.15300000,1380,4087672.00000000,4090533.37040000,0
1690952400000,1.00060000,1.00070000,1.00060000,1.00060000,5547920.00000000,1690955999999,5551453.45570000,1290,2047037.00000000,2048469.92590000,0
1690956000000,1.00070000,1.00080000,1.00060000,1.00070000,12068451.00000000,1690959599999,12076683.84220000,2324,6400133.00000000,6404629.17520000,0
1690959600000,1.00070000,1.00080000,1.00060000,1.00080000,15090067.00000000,1690963199999,15100878.47300000,1981,4181293.00000000,4184472.56230000,0
1690963200000,1.00080000,1.00080000,1.00040000,1.00050000,25163519.00000000,1690966799999,25180268.15840000,2616,6635345.00000000,6639836.45820000,0
1690966800000,1.00050000,1.00060000,1.00040000,1.00060000,8528143.00000000,1690970399999,8532718.50900000,1358,4559857.00000000,4562448.52100000,0
1690970400000,1.00050000,1.00060000,1.00050000,1.00060000,9036301.00000000,1690973999999,9041154.58860000,1537,3354381.00000000,3356393.62860000,0
1690974000000,1.00050000,1.00060000,1.00050000,1.00050000,4993626.00000000,1690977599999,4996436.17210000,1037,3133591.00000000,3135471.15460000,0
1690977600000,1.00050000,1.00070000,1.00050000,1.00050000,11719579.00000000,1690981199999,11726464.24380000,2849,4454189.00000000,4456974.13930000,0
1690981200000,1.00050000,1.00070000,1.00050000,1.00050000,9130911.00000000,1690984799999,9136135.09990000,1840,4435768.00000000,4438437.36220000,0
1690984800000,1.00060000,1.00060000,1.00050000,1.00050000,14715626.00000000,1690988399999,14723383.29820000,2454,3994852.00000000,3997248.91120000,0
1690988400000,1.00050000,1.00060000,1.00050000,1.00050000,14033738.00000000,1690991999999,14041574.44200000,3074,8195730.00000000,8200647.43800000,0
1690992000000,1.00060000,1.00070000,1.00050000,1.00050000,14810037.00000000,1690995599999,14818879.25520000,4648,7476575.00000000,7481270.37060000,0
1690995600000,1.00060000,1.00090000,1.00030000,1.00080000,38483870.00000000,1690999199999,38508320.44780000,5042,17293713.00000000,17304838.59010000,0
1690999200000,1.00070000,1.00080000,1.00050000,1.00050000,22410156.00000000,1691002799999,22424361.22460000,3757,9201321.00000000,9207294.83860000,0
1691002800000,1.00050000,1.00060000,1.00050000,1.00060000,6067662.00000000,1691006399999,6070835.80320000,1959,1399722.00000000,1400561.83320000,0
1691006400000,1.00050000,1.00070000,1.00050000,1.00060000,6533576.00000000,1691009999999,6537505.43750000,1624,3855374.00000000,3857789.53760000,0
1691010000000,1.00060000,1.00070000,1.00050000,1.00060000,3898726.00000000,1691013599999,3901043.71880000,1735,1094535.00000000,1095236.25060000,0
1691013600000,1.00060000,1.00070000,1.00050000,1.00060000,3676785.00000000,1691017199999,3678971.37930000,1328,1813492.00000000,1814617.65150000,0
1691017200000,1.00070000,1.00070000,1.00050000,1.00060000,7998152.00000000,1691020799999,8002382.11020000,1021,1092721.00000000,1093378.26630000,0
1691020800000,1.00050000,1.00070000,1.00040000,1.00060000,12301296.00000000,1691024399999,12307724.64450000,2113,6281974.00000000,6285408.82930000,0
1691024400000,1.00060000,1.00070000,1.00060000,1.00060000,5539235.00000000,1691027999999,5542913.67190000,1461,3551309.00000000,3553794.91630000,0
1691028000000,1.00070000,1.00070000,1.00060000,1.00060000,11360237.00000000,1691031599999,11367704.38470000,1557,6512425.00000000,6516983.69750000,0
1691031600000,1.00060000,1.00070000,1.00050000,1.00060000,10652645.00000000,1691035199999,10658783.04360000,1820,2323900.00000000,2325299.35330000,0
1691035200000,1.00060000,1.00070000,1.00050000,1.00070000,5344191.00000000,1691038799999,5347628.69690000,1481,3196399.00000000,3198548.46990000,0
1691038800000,1.00070000,1.00080000,1.00060000,1.00070000,7404465.00000000,1691042399999,7409751.64260000,1789,6000589.00000000,6004989.09130000,0
1691042400000,1.00070000,1.00100000,1.00070000,1.00070000,14921515.00000000,1691045999999,14934175.74080000,1994,3998154.00000000,4001612.89030000,0
1691046000000,1.00080000,1.00120000,1.00070000,1.00090000,31474400.00000000,1691049599999,31503214.82740000,2989,15885282.00000000,15899887.45110000,0
1691049600000,1.00100000,1.00100000,1.00080000,1.00090000,12557366.00000000,1691053199999,12568915.62020000,2745,5105698.00000000,5110580.64690000,0
1691053200000,1.00080000,1.00110000,1.00080000,1.00090000,14367660.00000000,1691056799999,14381541.37590000,1259,8311200.00000000,8319284.20120000,0
1691056800000,1.00100000,1.00100000,1.00090000,1.00090000,8044214.00000000,1691060399999,8051895.16370000,2067,4413711.00000000,4418124.71100000,0
1691060400000,1.00100000,1.00100000,1.00090000,1.00090000,8651093.00000000,1691063999999,8659409.13790000,2062,5301542.00000000,5306843.54200000,0
1691064000000,1.00100000,1.00110000,1.00090000,1.00110000,8954539.00000000,1691067599999,8963660.63640000,1954,5394657.00000000,5400238.52490000,0
1691067600000,1.00110000,1.00130000,1.00090000,1.00100000,18446800.00000000,1691071199999,18466750.36960000,2822,9722457.00000000,9733288.85740000,0
1691071200000,1.00090000,1.00110000,1.00090000,1.00100000,15755352.00000000,1691074799999,15771127.60200000,2412,9054978.00000000,9064137.35360000,0
1691074800000,1.00100000,1.00120000,1.00090000,1.00110000,20235383.00000000,1691078399999,20256557.86550000,3202,12445184.00000000,12458419.54640000,0
1691078400000,1.00100000,1.00110000,1.00090000,1.00090000,11832795.00000000,1691081999999,11844416.03900000,2146,6737503.00000000,6744241.16570000,0
1691082000000,1.00100000,1.00100000,1.00080000,1.00090000,13372705.00000000,1691085599999,13385059.19320000,2530,5601033.00000000,5606409.55600000,0
1691085600000,1.00080000,1.00100000,1.00080000,1.00090000,14151331.00000000,1691089199999,14164319.70130000,1735,8584242.00000000,8592358.18330000,0
1691089200000,1.00090000,1.00100000,1.00090000,1.00090000,8324489.00000000,1691092799999,8332461.20010000,2780,4801600.00000000,4806401.60000000,0
1691092800000,1.00100000,1.00100000,1.00090000,1.00090000,5418311.00000000,1691096399999,5423463.86080000,3140,2763809.00000000,2766572.80900000,0
1691096400000,1.00090000,1.00100000,1.00090000,1.00090000,6679475.00000000,1691099999999,6685683.72230000,3833,1971948.00000000,1973919.94800000,0
1691100000000,1.00090000,1.00100000,1.00080000,1.00090000,9233157.00000000,1691103599999,9241069.18510000,2841,3403060.00000000,3406123.93750000,0
1691103600000,1.00080000,1.00090000,1.00080000,1.00080000,3015464.00000000,1691107199999,3018038.23800000,1679,1618668.00000000,1620124.80120000,0
1691107200000,1.00080000,1.00090000,1.00070000,1.00080000,9265086.00000000,1691110799999,9272156.99840000,1665,2387524.00000000,2389438.36400000,0
1691110800000,1.00080000,1.00080000,1.00060000,1.00060000,10966848.00000000,1691114399999,10974747.84260000,1342,4440308.00000000,4443779.71810000,0
1691114400000,1.00060000,1.00080000,1.00060000,1.00070000,15895968.00000000,1691117999999,15907085.79930000,2532,9643835.00000000,9650697.61050000,0
1691118000000,1.00070000,1.00080000,1.00060000,1.00060000,6594753.00000000,1691121599999,6599161.75230000,1766,2688800.00000000,2690684.88950000,0
1691121600000,1.00070000,1.00090000,1.00060000,1.00080000,6452356.00000000,1691125199999,6457294.62010000,1781,2760828.00000000,2762871.64190000,0
1691125200000,1.00090000,1.00100000,1.00080000,1.00090000,12354625.00000000,1691128799999,12365769.50770000,1587,5969300.00000000,5974747.52910000,0
1691128800000,1.00100000,1.00100000,1.00090000,1.00090000,7872586.00000000,1691132399999,7880036.18890000,1482,3648615.00000000,3652263.61500000,0
1691132400000,1.00090000,1.00100000,1.00080000,1.00090000,11815073.00000000,1691135999999,11825673.45180000,1802,4387809.00000000,4391822.13220000,0
1691136000000,1.00090000,1.00100000,1.00080000,1.00090000,8614823.00000000,1691139599999,8622535.95910000,1634,4865357.00000000,4869861.24520000,0
1691139600000,1.00090000,1.00100000,1.00090000,1.00090000,8106351.00000000,1691143199999,8114057.38380000,1395,4106679.00000000,4110785.67900000,0
1691143200000,1.00090000,1.00100000,1.00080000,1.00090000,7737448.00000000,1691146799999,7744196.51260000,1888,3065778.00000000,3068550.85630000,0
1691146800000,1.00090000,1.00100000,1.00080000,1.00090000,10885598.00000000,1691150399999,10895535.03020000,1969,6061546.00000000,6067207.83840000,0
1691150400000,1.00090000,1.00100000,1.00090000,1.00090000,6393570.00000000,1691153999999,6399664.25120000,2013,3400382.00000000,3403782.38200000,0
1691154000000,1.00090000,1.00100000,1.00080000,1.00080000,17010224.00000000,1691157599999,17025319.55200000,2777,6213538.00000000,6219275.31610000,0
1691157600000,1.00080000,1.00100000,1.00070000,1.00080000,18124431.00000000,1691161199999,18139497.38550000,3640,6845668.00000000,6851576.35230000,0
1691161200000,1.00080000,1.00100000,1.00070000,1.00090000,21127051.00000000,1691164799999,21145005.91390000,2912,11522442.00000000,11532536.43600000,0
1691164800000,1.00080000,1.00090000,1.00070000,1.00080000,7186105.00000000,1691168399999,7191707.61920000,1806,2670518.00000000,2672737.29630000,0
1691168400000,1.00070000,1.00080000,1.00060000,1.00060000,9512793.00000000,1691171999999,9519664.89310000,2013,3153426.00000000,3155883.78720000,0
1691172000000,1.00060000,1.00110000,1.00060000,1.00090000,27545543.00000000,1691175599999,27568536.68140000,4625,19334294.00000000,19350703.72580000,0
1691175600000,1.00090000,1.00120000,1.00090000,1.00110000,8722727.00000000,1691179199999,8731881.89330000,2592,4529193.00000000,4534064.47860000,0
1691179200000,1.00110000,1.00150000,1.00110000,1.00130000,20109739.00000000,1691182799999,20135878.93570000,6085,10599623.00000000,10613675.06220000,0
1691182800000,1.00130000,1.00160000,1.00120000,1.00130000,10508893.00000000,1691186399999,10523387.71070000,4815,5189158.00000000,5196517.46850000,0
1691186400000,1.00130000,1.00160000,1.00130000,1.00140000,3775085.00000000,1691189999999,3780459.48140000,2171,1325559.00000000,1327514.58870000,0
1691190000000,1.00140000,1.00150000,1.00130000,1.00140000,2967309.00000000,1691193599999,2971360.12140000,1864,1219574.00000000,1221300.08150000,0
1691193600000,1.00130000,1.00150000,1.00130000,1.00140000,4659386.00000000,1691197199999,4666040.48340000,2088,3292930.00000000,3297727.19000000,0
1691197200000,1.00150000,1.00160000,1.00140000,1.00150000,4038677.00000000,1691200799999,4044753.71130000,2363,2799054.00000000,2803312.62130000,0
1691200800000,1.00160000,1.00160000,1.00140000,1.00140000,3014303.00000000,1691204399999,3018913.42490000,1571,1413543.00000000,1415768.25560000,0
1691204400000,1.00140000,1.00160000,1.00140000,1.00150000,2042827.00000000,1691207999999,2045847.65700000,1289,1119908.00000000,1121605.15850000,0
1691208000000,1.00160000,1.00160000,1.00140000,1.00140000,6358641.00000000,1691211599999,6368343.03210000,1267,3035898.00000000,3040717.58430000,0
1691211600000,1.00140000,1.00160000,1.00140000,1.00150000,3415553.00000000,1691215199999,3420654.80150000,1525,1401600.00000000,1403733.96340000,0
1691215200000,1.00160000,1.00160000,1.00140000,1.00140000,2420175.00000000,1691218799999,2423785.19970000,1020,980850.00000000,982346.78380000,0
1691218800000,1.00140000,1.00150000,1.00140000,1.00140000,2852257.00000000,1691222399999,2856346.42680000,956,962670.00000000,964114.00500000,0
1691222400000,1.00150000,1.00150000,1.00120000,1.00130000,17253715.00000000,1691225999999,17277565.10160000,1531,9003127.00000000,9015622.13660000,0
1691226000000,1.00130000,1.00140000,1.00130000,1.00140000,3940404.00000000,1691229599999,3945685.98390000,2460,1594587.00000000,1596819.42180000,0
1691229600000,1.00130000,1.00140000,1.00110000,1.00120000,17447735.00000000,1691233199999,17469429.21430000,2414,7908538.00000000,7918465.74740000,0
1691233200000,1.00120000,1.00140000,1.00120000,1.00120000,5388437.00000000,1691236799999,5395539.64200000,1993,3271726.00000000,3276126.97490000,0
1691236800000,1.00120000,1.00130000,1.00120000,1.00120000,2634983.00000000,1691240399999,2638276.14850000,1907,1311689.00000000,1313394.19570000,0
1691240400000,1.00130000,1.00130000,1.00110000,1.00120000,4287853.00000000,1691243999999,4293084.52140000,1828,893357.00000000,894515.73930000,0
1691244000000,1.00120000,1.00120000,1.00100000,1.00110000,4549419.00000000,1691247599999,4554398.71280000,2527,1877207.00000000,1879368.25440000,0
1691247600000,1.00100000,1.00140000,1.00080000,1.00130000,19755238.00000000,1691251199999,19777686.32340000,2864,11792219.00000000,11806009.64810000,0
1691251200000,1.00130000,1.00140000,1.00110000,1.00120000,3644618.00000000,1691254799999,3649034.50780000,1814,1347631.00000000,1349359.51540000,0
1691254800000,1.00110000,1.00120000,1.00110000,1.00110000,1122106.00000000,1691258399999,1123389.94550000,1495,496289.00000000,496884.54680000,0
1691258400000,1.00120000,1.00120000,1.00100000,1.00110000,4653788.00000000,1691261999999,4658967.01780000,2225,1751891.00000000,1753924.23440000,0
1691262000000,1.00100000,1.00120000,1.00100000,1.00110000,2027422.00000000,1691265599999,2029616.84980000,1497,860665.00000000,861629.28520000,0
1691265600000,1.00110000,1.00120000,1.00100000,1.00110000,1753302.00000000,1691269199999,1755158.92590000,1245,479938.00000000,480472.54280000,0
1691269200000,1.00100000,1.00110000,1.00100000,1.00100000,2510876.00000000,1691272799999,2513466.23200000,1234,793560.00000000,794432.91600000,0
1691272800000,1.00100000,1.00110000,1.00090000,1.00100000,2523268.00000000,1691276399999,2525763.01810000,1372,1047209.00000000,1048268.74620000,0
1691276400000,1.00100000,1.00100000,1.00090000,1.00090000,1837859.00000000,1691279999999,1839657.46600000,1167,1443929.00000000,1445372.92900000,0
1691280000000,1.00090000,1.00100000,1.00090000,1.00090000,3515665.00000000,1691283599999,3519000.22540000,1698,1711269.00000000,1712980.26900000,0
1691283600000,1.00100000,1.00100000,1.00090000,1.00090000,3141968.00000000,1691287199999,3144983.04050000,1309,1872693.00000000,1874565.69300000,0
1691287200000,1.00100000,1.00130000,1.00090000,1.00120000,14412488.00000000,1691290799999,14428142.57410000,2992,12464905.00000000,12478376.76240000,0
1691290800000,1.00120000,1.00130000,1.00110000,1.00120000,5944457.00000000,1691294399999,5951849.48790000,1948,4021419.00000000,4026512.00550000,0
1691294400000,1.00120000,1.00130000,1.00110000,1.00120000,4020099.00000000,1691297999999,4025061.22810000,1119,1454958.00000000,1456847.08190000,0
1691298000000,1.00110000,1.00120000,1.00110000,1.00110000,1055435.00000000,1691301599999,1056663.21660000,1045,672381.00000000,673187.85720000,0
1691301600000,1.00120000,1.00120000,1.00110000,1.00110000,2570680.00000000,1691305199999,2573594.99750000,1003,872495.00000000,873541.99400000,0
1691305200000,1.00110000,1.00130000,1.00110000,1.00110000,5909580.00000000,1691308799999,5916618.40440000,1230,4030811.00000000,4035649.61830000,0
1691308800000,1.00120000,1.00130000,1.00110000,1.00130000,2950249.00000000,1691312399999,2953780.22550000,1989,1993479.00000000,1995902.97930000,0
1691312400000,1.00120000,1.00140000,1.00120000,1.00140000,5555721.00000000,1691315999999,5562859.97150000,1540,2902876.00000000,2906664.68830000,0
1691316000000,1.00130000,1.00140000,1.00120000,1.00130000,3649159.00000000,1691319599999,3653930.66870000,1463,1648199.00000000,1650381.99140000,0
1691319600000,1.00130000,1.00140000,1.00120000,1.00120000,5817087.00000000,1691323199999,5824752.74680000,2037,3143648.00000000,3147877.51900000,0
1691323200000,1.00120000,1.00140000,1.00120000,1.00130000,4919799.00000000,1691326799999,4926510.46910000,1946,4039005.00000000,4044588.10610000,0
1691326800000,1.00140000,1.00140000,1.00120000,1.00130000,8694747.00000000,1691330399999,8706109.17530000,2133,1999198.00000000,2001946.64220000,0
1691330400000,1.00120000,1.00130000,1.00120000,1.00120000,4385690.00000000,1691333999999,4391213.73490000,1529,2609069.00000000,2612460.78970000,0
1691334000000,1.00120000,1.00130000,1.00120000,1.00120000,4489083.00000000,1691337599999,4494704.62450000,2127,2347249.00000000,2350300.42370000,0
1691337600000,1.00130000,1.00130000,1.00120000,1.00130000,5911470.00000000,1691341199999,5919076.75450000,2496,5129905.00000000,5136573.87650000,0
1691341200000,1.00130000,1.00150000,1.00120000,1.00140000,9239048.00000000,1691344799999,9251546.34070000,1953,3971460.00000000,3976980.81570000,0
1691344800000,1.00130000,1.00140000,1.00130000,1.00130000,3447938.00000000,1691348399999,3452699.63470000,1236,2793153.00000000,2797063.41420000,0
1691348400000,1.00130000,1.00150000,1.00130000,1.00150000,8688028.00000000,1691351999999,8700522.31490000,1239,7996719.00000000,8008260.37900000,0
1691352000000,1.00140000,1.00150000,1.00140000,1.00140000,4141764.00000000,1691355599999,4147724.31460000,1253,1618450.00000000,1620877.67500000,0
1691355600000,1.00150000,1.00150000,1.00140000,1.00140000,3001499.00000000,1691359199999,3005905.67590000,2197,2045773.00000000,2048841.65950000,0
1691359200000,1.00140000,1.00160000,1.00140000,1.00150000,4618899.00000000,1691362799999,4625805.87730000,1814,2635362.00000000,2639350.31750000,0
1691362800000,1.00150000,1.00160000,1.00150000,1.00150000,4488823.00000000,1691366399999,4495892.22760000,1350,3359931.00000000,3365306.88960000,0
1691366400000,1.00150000,1.00180000,1.00150000,1.00160000,11206569.00000000,1691369999999,11224971.84980000,2808,5906797.00000000,5916705.56460000,0
1691370000000,1.00160000,1.00170000,1.00150000,1.00150000,7938658.00000000,1691373599999,7951120.42710000,4209,4284421.00000000,4291289.10310000,0
1691373600000,1.00160000,1.00190000,1.00150000,1.00170000,19986620.00000000,1691377199999,20021209.83140000,3309,10678188.00000000,10696844.65740000,0
1691377200000,1.00170000,1.00200000,1.00170000,1.00170000,11402421.00000000,1691380799999,11423775.29990000,3464,5384586.00000000,5394840.17810000,0
1691380800000,1.00170000,1.00180000,1.00160000,1.00170000,7141835.00000000,1691384399999,7153718.20130000,2924,2644149.00000000,2648671.60930000,0
1691384400000,1.00170000,1.00180000,1.00160000,1.00170000,5027467.00000000,1691387999999,5036188.96280000,1849,3011352.00000000,3016650.77150000,0
1691388000000,1.00170000,1.00190000,1.00170000,1.00180000,9313479.00000000,1691391599999,9330340.84850000,2340,5929392.00000000,5940272.43170000,0
1691391600000,1.00180000,1.00190000,1.00180000,1.00180000,9815925.00000000,1691395199999,9834169.32760000,2444,5756626.00000000,5767563.58940000,0
1691395200000,1.00190000,1.00190000,1.00180000,1.00180000,5981399.00000000,1691398799999,5992505.96560000,2224,3404474.00000000,3410942.50060000,0
1691398800000,1.00180000,1.00190000,1.00180000,1.00180000,8043384.00000000,1691402399999,8058306.76000000,1854,4446688.00000000,4455136.70720000,0
1691402400000,1.00180000,1.00190000,1.00180000,1.00190000,9625113.00000000,1691405999999,9643213.48320000,2228,7752798.00000000,7767528.31620000,0
1691406000000,1.00180000,1.00210000,1.00180000,1.00180000,15615417.00000000,1691409599999,15645535.48250000,2781,6589546.00000000,6602409.90320000,0
1691409600000,1.00190000,1.00220000,1.00180000,1.00210000,18057150.00000000,1691413199999,18093260.34870000,3324,11609264.00000000,11632966.39140000,0
1691413200000,1.00210000,1.00220000,1.00160000,1.00160000,39036136.00000000,1691416799999,39112123.68390000,5819,17227849.00000000,17261403.67380000,0
1691416800000,1.00170000,1.00180000,1.00150000,1.00160000,23492921.00000000,1691420399999,23531521.14820000,3732,13186547.00000000,13208583.77040000,0
1691420400000,1.00170000,1.00170000,1.00110000,1.00110000,54802581.00000000,1691423999999,54873760.54900000,9201,27061085.00000000,27096524.80030000,0
1691424000000,1.00110000,1.00150000,1.00110000,1.00150000,38796807.00000000,1691427599999,38846364.14020000,6621,25649743.00000000,25682904.74080000,0
1691427600000,1.00140000,1.00160000,1.00110000,1.00110000,28444419.00000000,1691431199999,28481081.74160000,4073,13221469.00000000,13238718.22960000,0
1691431200000,1.00110000,1.00130000,1.00110000,1.00110000,12369632.00000000,1691434799999,12383939.71300000,4455,4290899.00000000,4296090.67900000,0
1691434800000,1.00120000,1.00130000,1.00100000,1.00110000,12185754.00000000,1691438399999,12199698.04660000,3089,3759120.00000000,3763613.65450000,0
1691438400000,1.00120000,1.00130000,1.00110000,1.00130000,6707901.00000000,1691441999999,6715817.41140000,2701,4955091.00000000,4961051.54170000,0
1691442000000,1.00130000,1.00130000,1.00100000,1.00110000,11605156.00000000,1691445599999,11618296.26350000,2327,3602505.00000000,3606585.05380000,0
1691445600000,1.00110000,1.00120000,1.00110000,1.00110000,2830033.00000000,1691449199999,2833270.34420000,2397,1243079.00000000,1244570.69480000,0
1691449200000,1.00120000,1.00120000,1.00110000,1.00110000,4428986.00000000,1691452799999,4434072.49460000,2414,2146100.00000000,2148675.32000000,0
1691452800000,1.00110000,1.00130000,1.00110000,1.00130000,8648315.00000000,1691456399999,8658826.18850000,2282,5964253.00000000,5971655.80950000,0
1691456400000,1.00130000,1.00130000,1.00120000,1.00120000,4126894.00000000,1691459999999,4132038.06970000,1781,1917969.00000000,1920462.35970000,0
1691460000000,1.00120000,1.00130000,1.00120000,1.00120000,6520182.00000000,1691463599999,6528333.16750000,1532,3269491.00000000,3273741.33830000,0
1691463600000,1.00120000,1.00140000,1.00120000,1.00130000,11902833.00000000,1691467199999,11918617.93660000,2198,9066975.00000000,9079131.26860000,0
1691467200000,1.00130000,1.00150000,1.00120000,1.00140000,19982527.00000000,1691470799999,20010210.88230000,3899,11651730.00000000,11668233.75160000,0
1691470800000,1.00140000,1.00150000,1.00130000,1.00130000,10155676.00000000,1691474399999,10169879.09780000,2938,5044167.00000000,5051392.29710000,0
1691474400000,1.00130000,1.00150000,1.00130000,1.00140000,8471766.00000000,1691477999999,8483530.41670000,1967,5281150.00000000,5288655.28180000,0
1691478000000,1.00150000,1.00150000,1.00140000,1.00140000,5565484.00000000,1691481599999,5573531.52040000,1658,2558428.00000000,2562265.64200000,0
1691481600000,1.00140000,1.00150000,1.00130000,1.00130000,12277935.00000000,1691485199999,12295081.14190000,1949,5396364.00000000,5404068.86900000,0
1691485200000,1.00130000,1.00140000,1.00130000,1.00130000,7107614.00000000,1691488799999,7117316.98400000,2018,4630858.00000000,4637341.20120000,0
1691488800000,1.00140000,1.00140000,1.00130000,1.00130000,7596530.00000000,1691492399999,7606937.46320000,1921,5319742.00000000,5327189.63880000,0
1691492400000,1.00140000,1.00140000,1.00120000,1.00120000,13262271.00000000,1691495999999,13279650.64670000,3683,5050983.00000000,5057712.42970000,0
1691496000000,1.00120000,1.00130000,1.00100000,1.00100000,40876405.00000000,1691499599999,40922851.36770000,4577,20916344.00000000,20940158.67720000,0
1691499600000,1.00100000,1.00110000,1.00090000,1.00100000,24795589.00000000,1691503199999,24820427.06430000,6288,6578242.00000000,6584993.78580000,0
1691503200000,1.00100000,1.00110000,1.00080000,1.00090000,31875395.00000000,1691506799999,31906249.30330000,4305,16345577.00000000,16361621.50720000,0
1691506800000,1.00090000,1.00100000,1.00080000,1.00090000,18808423.00000000,1691510399999,18825099.20070000,6283,6880235.00000000,6886507.03810000,0
1691510400000,1.00090000,1.00100000,1.00060000,1.00070000,29211040.00000000,1691513999999,29235474.33410000,5010,15054347.00000000,15067185.28220000,0
1691514000000,1.00080000,1.00090000,1.00060000,1.00070000,17467297.00000000,1691517599999,17480587.17580000,4955,7029776.00000000,7035168.54950000,0
1691517600000,1.00060000,1.00080000,1.00040000,1.00050000,31676762.00000000,1691521199999,31694922.23240000,7060,12131356.00000000,12138805.40410000,0
1691521200000,1.00060000,1.00060000,1.00030000,1.00040000,22632032.00000000,1691524799999,22642391.15220000,6387,8122636.00000000,8126721.64190000,0
1691524800000,1.00040000,1.00050000,1.00020000,1.00030000,22453544.00000000,1691528399999,22460640.22910000,4856,6817854.00000000,6820255.44720000,0
1691528400000,1.00030000,1.00040000,1.00020000,1.00020000,14189768.00000000,1691531999999,14193507.02440000,5398,3825073.00000000,3826313.91160000,0
1691532000000,1.00020000,1.00060000,1.00020000,1.00040000,10946171.00000000,1691535599999,10950731.79620000,3894,5871933.00000000,5874600.28290000,0
1691535600000,1.00040000,1.00050000,1.00040000,1.00040000,3797338.00000000,1691539199999,3798948.77680000,2567,918416.00000000,918875.20800000,0
1691539200000,1.00040000,1.00050000,1.00030000,1.00040000,11230483.00000000,1691542799999,11235113.92760000,3632,6539316.00000000,6542156.22640000,0
1691542800000,1.00040000,1.00050000,1.00030000,1.00030000,6969543.00000000,1691546399999,6972020.16790000,2539,1758416.00000000,1759120.32440000,0
1691546400000,1.00030000,1.00040000,1.00030000,1.00030000,9562763.00000000,1691549999999,9565959.71750000,4791,3278886.00000000,3280197.55440000,0
1691550000000,1.00030000,1.00040000,1.00030000,1.00040000,4276110.00000000,1691553599999,4277617.35490000,1438,2245219.00000000,2246117.08760000,0
1691553600000,1.00030000,1.00050000,1.00030000,1.00050000,10675642.00000000,1691557199999,10680124.43960000,1974,9104582.00000000,9108453.16680000,0
1691557200000,1.00040000,1.00060000,1.00040000,1.00060000,7761299.00000000,1691560799999,7765291.82570000,1492,5204947.00000000,5207702.49840000,0
1691560800000,1.00050000,1.00080000,1.00050000,1.00050000,25097247.00000000,1691564399999,25112593.05350000,2694,13361689.00000000,13369973.57460000,0
1691564400000,1.00050000,1.00060000,1.00050000,1.00060000,10750033.00000000,1691567999999,10755938.65590000,1951,5306394.00000000,5309577.83640000,0
1691568000000,1.00060000,1.00060000,1.00050000,1.00050000,5184871.00000000,1691571599999,5187760.18590000,1942,2967504.00000000,2969284.50240000,0
1691571600000,1.00060000,1.00090000,1.00050000,1.00060000,21601917.00000000,1691575199999,21616632.91760000,4458,13541294.00000000,13550486.33050000,0
1691575200000,1.00060000,1.00070000,1.00060000,1.00060000,5397828.00000000,1691578799999,5401318.14680000,2477,2514500.00000000,2516260.15000000,0
1691578800000,1.00060000,1.00070000,1.00040000,1.00040000,9849688.00000000,1691582399999,9854825.39960000,2427,3469940.00000000,3471777.31220000,0
1691582400000,1.00040000,1.00070000,1.00040000,1.00060000,11365258.00000000,1691585999999,11371841.46860000,4950,6839362.00000000,6843425.42260000,0
1691586000000,1.00060000,1.00060000,1.00050000,1.00060000,6154927.00000000,1691589599999,6158191.39350000,4170,1869300.00000000,1870421.58000000,0
1691589600000,1.00050000,1.00060000,1.00050000,1.00050000,7179554.00000000,1691593199999,7183538.46510000,3840,3946881.00000000,3949249.12860000,0
1691593200000,1.00050000,1.00060000,1.00040000,1.00060000,9531807.00000000,1691596799999,9536689.87560000,3926,4956822.00000000,4959470.87560000,0
1691596800000,1.00050000,1.00070000,1.00050000,1.00060000,9306373.00000000,1691600399999,9311996.50880000,3003,6883666.00000000,6887965.59660000,0
1691600400000,1.00070000,1.00070000,1.00060000,1.00070000,7360118.00000000,1691603999999,7365047.00030000,5124,5129295.00000000,5132885.50650000,0
1691604000000,1.00060000,1.00070000,1.00060000,1.00060000,2464800.00000000,1691607599999,2466448.64930000,3834,1697693.00000000,1698881.38510000,0
1691607600000,1.00070000,1.00080000,1.00060000,1.00070000,9380705.00000000,1691611199999,9387427.11570000,3670,6109094.00000000,6113550.98310000,0
1691611200000,1.00080000,1.00080000,1.00050000,1.00060000,13045136.00000000,1691614799999,13054199.52790000,3774,6581240.00000000,6585955.88080000,0
1691614800000,1.00060000,1.00080000,1.00050000,1.00080000,5891999.00000000,1691618399999,5896108.24350000,2972,3366093.00000000,3368477.47800000,0
1691618400000,1.00080000,1.00080000,1.00070000,1.00070000,1826420.00000000,1691621999999,1827775.07430000,2497,765803.00000000,766415.64240000,0
1691622000000,1.00070000,1.00080000,1.00050000,1.00070000,8644908.00000000,1691625599999,8650540.80910000,3292,5691354.00000000,5695132.21270000,0
1691625600000,1.00070000,1.00090000,1.00070000,1.00070000,14557987.00000000,1691629199999,14569530.16670000,2409,6791955.00000000,6797453.70360000,0
1691629200000,1.00070000,1.00080000,1.00050000,1.00050000,10275946.00000000,1691632799999,10282208.95430000,2727,3089501.00000000,3091491.45010000,0
1691632800000,1.00050000,1.00070000,1.00050000,1.00060000,5416528.00000000,1691636399999,5419882.32320000,1603,4909501.00000000,4912566.52160000,0
1691636400000,1.00060000,1.00090000,1.00060000,1.00080000,9535903.00000000,1691639999999,9543204.15200000,1936,7126569.00000000,7132044.13100000,0
1691640000000,1.00090000,1.00090000,1.00080000,1.00080000,7345154.00000000,1691643599999,7351405.61510000,1695,3754919.00000000,3758298.42710000,0
1691643600000,1.00080000,1.00090000,1.00080000,1.00090000,2655253.00000000,1691647199999,2657583.05730000,1711,2058549.00000000,2060401.69410000,0
1691647200000,1.00090000,1.00110000,1.00080000,1.00100000,15015699.00000000,1691650799999,15030527.49040000,1819,7863148.00000000,7871032.05550000,0
1691650800000,1.00090000,1.00110000,1.00090000,1.00100000,6386214.00000000,1691654399999,6392470.42900000,1503,4651623.00000000,4656302.04200000,0
1691654400000,1.00100000,1.00110000,1.00100000,1.00110000,7426490.00000000,1691657999999,7434333.89180000,1541,4174018.00000000,4178609.41980000,0
1691658000000,1.00110000,1.00110000,1.00100000,1.00110000,7655505.00000000,1691661599999,7663760.94160000,1422,6004366.00000000,6010970.80260000,0
1691661600000,1.00110000,1.00110000,1.00090000,1.00090000,6871167.00000000,1691665199999,6878078.17290000,2398,1511668.00000000,1513236.86460000,0
1691665200000,1.00100000,1.00110000,1.00090000,1.00100000,6913439.00000000,1691668799999,6920553.65600000,1943,4541628.00000000,4546371.29270000,0
1691668800000,1.00100000,1.00110000,1.00090000,1.00100000,9192062.00000000,1691672399999,9201232.95100000,2981,4311081.00000000,4315548.72510000,0
1691672400000,1.00100000,1.00110000,1.00090000,1.00100000,8873522.00000000,1691675999999,8882462.07390000,4768,4330782.00000000,4335251.62140000,0
1691676000000,1.00100000,1.00110000,1.00090000,1.00110000,16133332.00000000,1691679599999,16149322.51250000,6240,5892870.00000000,5898831.24870000,0
1691679600000,1.00100000,1.00110000,1.00090000,1.00110000,16102253.00000000,1691683199999,16118668.26520000,2476,8208322.00000000,8216996.83610000,0
1691683200000,1.00110000,1.00120000,1.00100000,1.00120000,10415802.00000000,1691686799999,10427379.91850000,2149,6796830.00000000,6804536.98270000,0
1691686800000,1.00120000,1.00120000,1.00100000,1.00100000,5939945.00000000,1691690399999,5946437.05570000,2099,1553461.00000000,1555280.97060000,0
1691690400000,1.00110000,1.00110000,1.00100000,1.00110000,3709016.00000000,1691693999999,3713002.21780000,1693,2772018.00000000,2775067.21980000,0
1691694000000,1.00110000,1.00120000,1.00100000,1.00120000,5962307.00000000,1691697599999,5968740.92970000,3161,4294296.00000000,4299046.65880000,0
1691697600000,1.00120000,1.00120000,1.00110000,1.00120000,2621564.00000000,1691701199999,2624616.11640000,1910,1683960.00000000,1685980.75200000,0
1691701200000,1.00120000,1.00120000,1.00100000,1.00100000,5075484.00000000,1691704799999,5081161.58570000,1325,2027490.00000000,2029877.19240000,0
1691704800000,1.00110000,1.00110000,1.00100000,1.00100000,2817103.00000000,1691708399999,2819991.44390000,1557,713409.00000000,714193.74990000,0
1691708400000,1.00100000,1.00120000,1.00100000,1.00110000,6439260.00000000,1691711999999,6446317.16300000,1191,3573073.00000000,3577007.93550000,0
1691712000000,1.00110000,1.00120000,1.00100000,1.00100000,4286187.00000000,1691715599999,4290708.45130000,1767,1572552.00000000,1574283.10490000,0
1691715600000,1.00110000,1.00110000,1.00100000,1.00100000,5403395.00000000,1691719199999,5409048.70800000,1582,2503130.00000000,2505883.44300000,0
1691719200000,1.00110000,1.00110000,1.00100000,1.00100000,9576508.00000000,1691722799999,9586738.11220000,2275,6536042.00000000,6543231.64620000,0
1691722800000,1.00110000,1.00120000,1.00100000,1.00110000,9511038.00000000,1691726399999,9521799.18540000,2205,6214375.00000000,6221544.37170000,0
1691726400000,1.00120000,1.00130000,1.00110000,1.00110000,13102742.00000000,1691729999999,13118200.04130000,3414,7526740.00000000,7535784.75000000,0
1691730000000,1.00120000,1.00140000,1.00110000,1.00140000,10278995.00000000,1691733599999,10292359.45960000,2339,6850932.00000000,6859882.60830000,0
1691733600000,1.00130000,1.00160000,1.00130000,1.00140000,14699973.00000000,1691737199999,14720631.94030000,2113,7756135.00000000,7767133.11690000,0
1691737200000,1.00140000,1.00140000,1.00120000,1.00120000,7648830.00000000,1691740799999,7658907.37020000,2142,2496344.00000000,2499773.19980000,0
1691740800000,1.00130000,1.00140000,1.00120000,1.00130000,9728927.00000000,1691744399999,9741820.46010000,2051,4648989.00000000,4655288.57610000,0
1691744400000,1.00130000,1.00140000,1.00110000,1.00120000,16513929.00000000,1691747999999,16534814.85550000,2009,7561243.00000000,7570794.22020000,0
1691748000000,1.00130000,1.00140000,1.00120000,1.00120000,25414421.00000000,1691751599999,25447581.96950000,3975,17421892.00000000,17444761.63280000,0
1691751600000,1.00120000,1.00130000,1.00110000,1.00120000,11243951.00000000,1691755199999,11257603.91300000,1972,6044663.00000000,6052112.10750000,0
1691755200000,1.00130000,1.00130000,1.00110000,1.00120000,19600091.00000000,1691758799999,19623726.78820000,2346,10933285.00000000,10946617.20660000,0
1691758800000,1.00130000,1.00130000,1.00120000,1.00120000,6227192.00000000,1691762399999,6234898.92430000,1815,2342939.00000000,2345984.82070000,0
1691762400000,1.00130000,1.00130000,1.00110000,1.00110000,21081418.00000000,1691765999999,21107061.16210000,5262,8859002.00000000,8870037.75580000,0
1691766000000,1.00110000,1.00120000,1.00110000,1.00110000,10352033.00000000,1691769599999,10363945.68720000,2513,5254509.00000000,5260814.41080000,0
1691769600000,1.00120000,1.00130000,1.00110000,1.00110000,16461194.00000000,1691773199999,16481098.87480000,3273,9018845.00000000,9029903.38260000,0
1691773200000,1.00110000,1.00120000,1.00110000,1.00120000,9534929.00000000,1691776799999,9546146.75550000,1589,7293336.00000000,7302088.00320000,0
1691776800000,1.00110000,1.00130000,1.00110000,1.00120000,11397538.00000000,1691780399999,11410937.06350000,2852,8431567.00000000,8441686.66580000,0
1691780400000,1.00130000,1.00130000,1.00120000,1.00120000,2692473.00000000,1691783999999,2695825.76490000,1332,1217973.00000000,1219556.36490000,0
1691784000000,1.00130000,1.00130000,1.00110000,1.00110000,5802254.00000000,1691787599999,5809149.04720000,1313,1730047.00000000,1732245.21720000,0
1691787600000,1.00110000,1.00120000,1.00110000,1.00110000,4406452.00000000,1691791199999,4411507.66180000,1416,2085646.00000000,2088148.77520000,0
1691791200000,1.00110000,1.00120000,1.00100000,1.00100000,4158444.00000000,1691794799999,4162908.81130000,1592,1504715.00000000,1506382.97310000,0
1691794800000,1.00100000,1.00110000,1.00100000,1.00110000,5025009.00000000,1691798399999,5030117.21510000,1247,832061.00000000,832976.26710000,0
1691798400000,1.00110000,1.00110000,1.00080000,1.00090000,16559330.00000000,1691801999999,16575159.54050000,3147,7713647.00000000,7721093.84560000,0
1691802000000,1.00090000,1.00090000,1.00070000,1.00080000,7454897.00000000,1691805599999,7460990.23590000,2151,4595882.00000000,4599700.41450000,0
1691805600000,1.00090000,1.00090000,1.00070000,1.00070000,8209395.00000000,1691809199999,8215909.38910000,2212,4358162.00000000,4361666.74810000,0
1691809200000,1.00080000,1.00090000,1.00070000,1.00090000,5317715.00000000,1691812799999,5322221.48070000,2027,4341800.00000000,4345528.48230000,0
1691812800000,1.00090000,1.00090000,1.00080000,1.00090000,2362531.00000000,1691816399999,2364564.97840000,1656,1439536.00000000,1440831.58240000,0
1691816400000,1.00090000,1.00090000,1.00080000,1.00090000,2810787.00000000,1691819999999,2813157.51310000,1361,1218835.00000000,1219931.95150000,0
1691820000000,1.00080000,1.00090000,1.00080000,1.00090000,2997400.00000000,1691823599999,2999975.77620000,1613,1778562.00000000,1780162.70580000,0
1691823600000,1.00090000,1.00100000,1.00080000,1.00090000,7335104.00000000,1691827199999,7341841.80130000,2194,6347108.00000000,6352989.48470000,0
1691827200000,1.00090000,1.00100000,1.00080000,1.00090000,3445568.00000000,1691830799999,3448652.96150000,1108,493182.00000000,493639.81880000,0
1691830800000,1.00080000,1.00090000,1.00060000,1.00070000,9757004.00000000,1691834399999,9764654.89060000,1422,1852457.00000000,1853947.45650000,0
1691834400000,1.00070000,1.00080000,1.00060000,1.00070000,7940327.00000000,1691837999999,7946088.49020000,1560,5554103.00000000,5558234.92550000,0
1691838000000,1.00070000,1.00080000,1.00060000,1.00080000,3862015.00000000,1691841599999,3864781.32440000,1006,2751674.00000000,2753663.36810000,0
1691841600000,1.00070000,1.00080000,1.00060000,1.00070000,2954620.00000000,1691845199999,2956678.63680000,1099,564411.00000000,564817.26550000,0
1691845200000,1.00070000,1.00070000,1.00060000,1.00060000,2749407.00000000,1691848799999,2751233.49910000,1299,1768549.00000000,1769786.98430000,0
1691848800000,1.00070000,1.00070000,1.00060000,1.00060000,5264317.00000000,1691852399999,5267787.18050000,1656,3115903.00000000,3118084.13210000,0
1691852400000,1.00060000,1.00070000,1.00060000,1.00070000,2825958.00000000,1691855999999,2827792.75030000,1590,1391755.00000000,1392729.22850000,0
1691856000000,1.00070000,1.00070000,1.00050000,1.00050000,9240527.00000000,1691859599999,9246056.97840000,2048,4664226.00000000,4667106.36130000,0
1691859600000,1.00050000,1.00060000,1.00050000,1.00050000,3492026.00000000,1691863199999,3493950.00250000,1299,1779895.00000000,1780962.93700000,0
1691863200000,1.00050000,1.00070000,1.00050000,1.00070000,2395289.00000000,1691866799999,2396691.02250000,1410,1338478.00000000,1339288.12540000,0
1691866800000,1.00060000,1.00070000,1.00050000,1.00050000,6396296.00000000,1691870399999,6400093.28570000,1338,1685482.00000000,1686494.69170000,0
1691870400000,1.00060000,1.00060000,1.00050000,1.00050000,2383137.00000000,1691873999999,2384488.38480000,1138,1598163.00000000,1599121.89780000,0
1691874000000,1.00050000,1.00060000,1.00050000,1.00050000,1238840.00000000,1691877599999,1239517.91660000,1099,584966.00000000,585316.97960000,0
1691877600000,1.00050000,1.00070000,1.00050000,1.00070000,1606700.00000000,1691881199999,1607677.63170000,1491,947052.00000000,947643.95260000,0
1691881200000,1.00070000,1.00070000,1.00060000,1.00060000,3364331.00000000,1691884799999,3366603.61610000,1292,2540175.00000000,2541953.12250000,0
1691884800000,1.00060000,1.00070000,1.00060000,1.00070000,1027936.00000000,1691888399999,1028586.22850000,1222,334669.00000000,334903.26830000,0
1691888400000,1.00070000,1.00070000,1.00060000,1.00060000,1762175.00000000,1691891999999,1763303.21660000,1246,709116.00000000,709612.38120000,0
1691892000000,1.00070000,1.00070000,1.00060000,1.00060000,1030574.00000000,1691895599999,1031272.53230000,1242,801879.00000000,802440.31530000,0
1691895600000,1.00060000,1.00070000,1.00060000,1.00060000,1119738.00000000,1691899199999,1120469.86240000,1196,600196.00000000,600616.13720000,0
1691899200000,1.00070000,1.00070000,1.00060000,1.00070000,1707798.00000000,1691902799999,1708905.15800000,844,824792.00000000,825369.35440000,0
1691902800000,1.00070000,1.00070000,1.00060000,1.00060000,1382556.00000000,1691906399999,1383445.44900000,1322,599154.00000000,599573.40780000,0
1691906400000,1.00070000,1.00070000,1.00060000,1.00060000,2002104.00000000,1691909999999,2003406.94690000,1111,1016845.00000000,1017556.79150000,0
1691910000000,1.00070000,1.00070000,1.00060000,1.00060000,2467164.00000000,1691913599999,2468761.06360000,1766,1167652.00000000,1168469.35640000,0
1691913600000,1.00060000,1.00080000,1.00060000,1.00080000,6296258.00000000,1691917199999,6300624.29700000,1524,4629427.00000000,4632674.84640000,0
1691917200000,1.00070000,1.00080000,1.00070000,1.00080000,2536462.00000000,1691920799999,2538280.14020000,1015,426168.00000000,426508.93440000,0
1691920800000,1.00080000,1.00080000,1.00060000,1.00070000,1288502.00000000,1691924399999,1289366.83620000,1099,435738.00000000,436045.37220000,0
1691924400000,1.00070000,1.00070000,1.00060000,1.00070000,2756933.00000000,1691927999999,2758651.73050000,1211,645707.00000000,646158.99490000,0
1691928000000,1.00060000,1.00070000,1.00060000,1.00070000,4198665.00000000,1691931599999,4201418.29350000,1521,2340945.00000000,2342583.66150000,0
1691931600000,1.00070000,1.00070000,1.00050000,1.00060000,16868566.00000000,1691935199999,16878589.34990000,1968,11069431.00000000,11076085.97330000,0
1691935200000,1.00060000,1.00070000,1.00060000,1.00070000,1520354.00000000,1691938799999,1521349.57660000,1744,833642.00000000,834225.54940000,0
1691938800000,1.00070000,1.00090000,1.00060000,1.00080000,10938683.00000000,1691942399999,10946761.62480000,2538,4104001.00000000,4107046.09060000,0
1691942400000,1.00070000,1.00080000,1.00060000,1.00070000,4096621.00000000,1691945999999,4099461.26120000,2012,2609647.00000000,2611485.72940000,0
1691946000000,1.00070000,1.00080000,1.00060000,1.00080000,2505201.00000000,1691949599999,2507045.60120000,1696,1446543.00000000,1447646.71340000,0
1691949600000,1.00070000,1.00080000,1.00070000,1.00070000,3201714.00000000,1691953199999,3204209.32410000,1612,2541243.00000000,2543275.99440000,0
1691953200000,1.00080000,1.00090000,1.00070000,1.00070000,8584286.00000000,1691956799999,8591213.42400000,2981,3605334.00000000,3608310.38580000,0
1691956800000,1.00080000,1.00080000,1.00070000,1.00070000,3691843.00000000,1691960399999,3694516.44770000,1489,891576.00000000,892289.26080000,0
1691960400000,1.00080000,1.00090000,1.00070000,1.00080000,8779454.00000000,1691963999999,8786525.20420000,3742,5207035.00000000,5211267.59400000,0
1691964000000,1.00080000,1.00090000,1.00070000,1.00070000,5093736.00000000,1691967599999,5097762.13630000,4527,325246.00000000,325531.55840000,0
1691967600000,1.00080000,1.00080000,1.00070000,1.00080000,4082339.00000000,1691971199999,4085356.00540000,1590,1593681.00000000,1594955.94480000,0
1691971200000,1.00080000,1.00100000,1.00070000,1.00100000,11427477.00000000,1691974799999,11436944.36910000,4106,6938212.00000000,6944041.98110000,0
1691974800000,1.00090000,1.00100000,1.00080000,1.00080000,5311752.00000000,1691978399999,5316324.61130000,2796,2198303.00000000,2200283.33120000,0
1691978400000,1.00080000,1.00120000,1.00080000,1.00110000,16231705.00000000,1691981999999,16247699.76670000,6325,10162970.00000000,10173201.61270000,0
1691982000000,1.00110000,1.00130000,1.00100000,1.00120000,19100908.00000000,1691985599999,19122746.11440000,3221,10252137.00000000,10263877.22700000,0
1691985600000,1.00120000,1.00130000,1.00110000,1.00110000,11378327.00000000,1691989199999,11391681.30650000,2253,3983121.00000000,3987923.13650000,0
1691989200000,1.00120000,1.00130000,1.00110000,1.00120000,11132189.00000000,1691992799999,11145717.07700000,2043,6657749.00000000,6666065.55180000,0
1691992800000,1.00120000,1.00130000,1.00120000,1.00130000,6695067.00000000,1691996399999,6703509.61070000,2081,4085303.00000000,4090613.89390000,0
1691996400000,1.00130000,1.00130000,1.00120000,1.00120000,11606968.00000000,1691999999999,11621531.17780000,2670,6348162.00000000,6356414.61060000,0
1692000000000,1.00120000,1.00130000,1.00120000,1.00120000,13255265.00000000,1692003599999,13272016.53340000,3199,8452154.00000000,8463141.80020000,0
1692003600000,1.00120000,1.00130000,1.00110000,1.00120000,15640846.00000000,1692007199999,15660156.93020000,2045,8596983.00000000,8607845.03100000,0
1692007200000,1.00120000,1.00130000,1.00120000,1.00120000,8202134.00000000,1692010799999,8212424.88220000,1486,4483214.00000000,4489042.17820000,0
1692010800000,1.00130000,1.00130000,1.00110000,1.00120000,12158406.00000000,1692014399999,12172768.11110000,2397,5822346.00000000,5829384.35890000,0
1692014400000,1.00110000,1.00150000,1.00110000,1.00130000,25223207.00000000,1692017999999,25255847.91480000,2669,19923445.00000000,19949097.67520000,0
1692018000000,1.00130000,1.00150000,1.00120000,1.00140000,21953584.00000000,1692021599999,21983544.11370000,2853,11537241.00000000,11553110.82290000,0
1692021600000,1.00150000,1.00150000,1.00120000,1.00130000,15067593.00000000,1692025199999,15087805.03490000,4929,7602879.00000000,7613202.72240000,0
1692025200000,1.00130000,1.00150000,1.00120000,1.00120000,16630040.00000000,1692028799999,16652751.65990000,3981,6833253.00000000,6842813.23090000,0
1692028800000,1.00120000,1.00130000,1.00100000,1.00120000,34040251.00000000,1692032399999,34080947.51150000,5107,14554315.00000000,14572211.39990000,0
1692032400000,1.00120000,1.00130000,1.00100000,1.00100000,24770284.00000000,1692035999999,24797764.32310000,4044,12836384.00000000,12850670.78570000,0
1692036000000,1.00100000,1.00110000,1.00090000,1.00100000,24054314.00000000,1692039599999,24078598.98480000,4972,11279509.00000000,11291047.27550000,0
1692039600000,1.00100000,1.00130000,1.00090000,1.00120000,11504950.00000000,1692043199999,11517505.46060000,3471,7886690.00000000,7895368.12030000,0
1692043200000,1.00130000,1.00130000,1.00100000,1.00110000,19178022.00000000,1692046799999,19199573.95550000,4011,7637141.00000000,7645735.41040000,0
1692046800000,1.00120000,1.00120000,1.00100000,1.00110000,10632467.00000000,1692050399999,10644255.54980000,3035,5013244.00000000,5018881.85420000,0
1692050400000,1.00110000,1.00110000,1.00100000,1.00100000,14788608.00000000,1692053999999,14804058.21780000,3375,6616098.00000000,6623375.70780000,0
1692054000000,1.00110000,1.00120000,1.00090000,1.00100000,34751456.00000000,1692057599999,34787394.83990000,2125,16207676.00000000,16224148.66310000,0
1692057600000,1.00110000,1.00110000,1.00100000,1.00100000,4877507.00000000,1692061199999,4882563.54860000,2156,1790416.00000000,1792385.45760000,0
1692061200000,1.00100000,1.00150000,1.00100000,1.00110000,26316622.00000000,1692064799999,26348318.15240000,1990,16056345.00000000,16075123.94260000,0
1692064800000,1.00110000,1.00130000,1.00110000,1.00130000,8289406.00000000,1692068399999,8299588.00400000,1785,6467926.00000000,6475940.55510000,0
1692068400000,1.00130000,1.00140000,1.00110000,1.00120000,15595568.00000000,1692071999999,15614855.77540000,2252,5464508.00000000,5471322.85330000,0
1692072000000,1.00120000,1.00130000,1.00120000,1.00120000,4896027.00000000,1692075599999,4902082.62470000,1556,1803923.00000000,1806268.09990000,0
1692075600000,1.00130000,1.00150000,1.00120000,1.00140000,15511596.00000000,1692079199999,15532404.70560000,2824,10101112.00000000,10114621.30750000,0
1692079200000,1.00140000,1.00140000,1.00130000,1.00130000,4017667.00000000,1692082799999,4023065.68280000,1595,1757157.00000000,1759617.01980000,0
1692082800000,1.00140000,1.00140000,1.00120000,1.00130000,25971263.00000000,1692086399999,26005509.08970000,4512,12738835.00000000,12755911.91290000,0
1692086400000,1.00130000,1.00140000,1.00120000,1.00140000,14780024.00000000,1692089999999,14799384.75500000,3492,5817139.00000000,5824862.21110000,0
1692090000000,1.00130000,1.00140000,1.00130000,1.00130000,5183555.00000000,1692093599999,5190589.93810000,1612,2963166.00000000,2967314.43240000,0
1692093600000,1.00140000,1.00140000,1.00130000,1.00130000,10335345.00000000,1692097199999,10349461.21880000,1810,6802703.00000000,6812226.78420000,0
1692097200000,1.00140000,1.00160000,1.00130000,1.00140000,25176034.00000000,1692100799999,25212591.58500000,3778,15735892.00000000,15758873.34550000,0
1692100800000,1.00150000,1.00150000,1.00140000,1.00150000,11940982.00000000,1692104399999,11958224.47350000,1961,5250987.00000000,5258863.48050000,0
1692104400000,1.00150000,1.00150000,1.00130000,1.00140000,16064089.00000000,1692107999999,16086932.65610000,2614,7947341.00000000,7958899.81540000,0
1692108000000,1.00140000,1.00150000,1.00140000,1.00140000,8401610.00000000,1692111599999,8413664.33170000,3817,2920777.00000000,2925158.16550000,0
1692111600000,1.00140000,1.00160000,1.00130000,1.00150000,30458165.00000000,1692115199999,30502674.76060000,5787,13658918.00000000,13679169.90080000,0
1692115200000,1.00160000,1.00160000,1.00120000,1.00120000,15636664.00000000,1692118799999,15657916.12520000,2816,3311214.00000000,3315823.05280000,0
1692118800000,1.00130000,1.00130000,1.00110000,1.00110000,16782627.00000000,1692122399999,16803454.91180000,2419,9149076.00000000,9160758.17260000,0
1692122400000,1.00110000,1.00140000,1.00100000,1.00110000,51785775.00000000,1692125999999,51845082.04670000,3615,21487342.00000000,21511711.55030000,0
1692126000000,1.00110000,1.00120000,1.00100000,1.00100000,23833138.00000000,1692129599999,23858501.43980000,9317,7883696.00000000,7892468.25140000,0
1692129600000,1.00110000,1.00120000,1.00090000,1.00100000,10649601.00000000,1692133199999,10660992.42620000,4906,6101915.00000000,6108469.21370000,0
1692133200000,1.00110000,1.00110000,1.00100000,1.00100000,4259897.00000000,1692136799999,4264399.93900000,2911,2430420.00000000,2433093.46200000,0
1692136800000,1.00100000,1.00120000,1.00100000,1.00110000,5520576.00000000,1692140399999,5526801.04960000,2394,3363951.00000000,3367810.14170000,0
1692140400000,1.00120000,1.00120000,1.00100000,1.00100000,7303949.00000000,1692143999999,7311843.93120000,2290,2100801.00000000,2103138.83190000,0
1692144000000,1.00110000,1.00110000,1.00100000,1.00100000,1732421.00000000,1692147599999,1734257.47290000,1780,1040519.00000000,1041663.57090000,0
1692147600000,1.00110000,1.00120000,1.00100000,1.00100000,11909521.00000000,1692151199999,11922608.36770000,2466,5807426.00000000,5813830.69600000,0
1692151200000,1.00110000,1.00130000,1.00100000,1.00130000,17614090.00000000,1692154799999,17635445.14040000,2375,12886643.00000000,12902365.74950000,0
1692154800000,1.00120000,1.00130000,1.00120000,1.00130000,7598845.00000000,1692158399999,7608453.96700000,2053,4903530.00000000,4909904.58900000,0
1692158400000,1.00130000,1.00130000,1.00120000,1.00120000,10404670.00000000,1692161999999,10417631.95960000,2735,4763556.00000000,4769748.62280000,0
1692162000000,1.00120000,1.00130000,1.00120000,1.00120000,10244102.00000000,1692165599999,10257029.47890000,3429,6345565.00000000,6353814.23450000,0
1692165600000,1.00120000,1.00140000,1.00120000,1.00120000,14762024.00000000,1692169199999,14780623.07950000,3352,7669128.00000000,7679107.91430000,0
1692169200000,1.00130000,1.00130000,1.00120000,1.00120000,7277511.00000000,1692172799999,7286833.18620000,2607,5891730.00000000,5899389.24900000,0
1692172800000,1.00120000,1.00130000,1.00120000,1.00120000,12254175.00000000,1692176399999,12269906.40280000,3360,10263928.00000000,10277271.10640000,0
1692176400000,1.00120000,1.00130000,1.00120000,1.00120000,9108904.00000000,1692179999999,9120298.96390000,3064,4642791.00000000,4648826.62830000,0
1692180000000,1.00120000,1.00130000,1.00120000,1.00130000,5992136.00000000,1692183599999,5999521.23100000,2067,1946678.00000000,1949208.68140000,0
1692183600000,1.00120000,1.00140000,1.00110000,1.00140000,23418919.00000000,1692187199999,23447914.41510000,2979,14772857.00000000,14791424.76660000,0
1692187200000,1.00130000,1.00140000,1.00120000,1.00120000,10901958.00000000,1692190799999,10915426.38950000,4552,2328348.00000000,2331386.35290000,0
1692190800000,1.00130000,1.00130000,1.00110000,1.00120000,15955493.00000000,1692194399999,15975069.77140000,5289,6960281.00000000,6969075.11870000,0
1692194400000,1.00120000,1.00130000,1.00120000,1.00120000,13248684.00000000,1692197999999,13265260.28110000,3039,6778603.00000000,6787415.18390000,0
1692198000000,1.00120000,1.00140000,1.00120000,1.00120000,13476670.00000000,1692201599999,13493577.81530000,4373,6330165.00000000,6338399.86870000,0
1692201600000,1.00120000,1.00140000,1.00110000,1.00110000,35596938.00000000,1692205199999,35641437.67150000,7869,20851331.00000000,20877973.87520000,0
1692205200000,1.00110000,1.00120000,1.00100000,1.00110000,50913248.00000000,1692208799999,50969841.32440000,4143,28811579.00000000,28843971.01060000,0
1692208800000,1.00110000,1.00120000,1.00100000,1.00120000,13306528.00000000,1692212399999,13321634.32550000,3353,9626566.00000000,9637654.18400000,0
1692212400000,1.00120000,1.00120000,1.00110000,1.00110000,3245883.00000000,1692215999999,3249618.17300000,1962,1647017.00000000,1648993.42040000,0
1692216000000,1.00120000,1.00120000,1.00100000,1.00110000,12283078.00000000,1692219599999,12296371.55850000,6745,3566508.00000000,3570552.47430000,0
1692219600000,1.00100000,1.00120000,1.00100000,1.00110000,12232425.00000000,1692223199999,12246157.24370000,5428,7394742.00000000,7403345.36450000,0
1692223200000,1.00110000,1.00120000,1.00110000,1.00120000,7018016.00000000,1692226799999,7025930.58990000,3590,1947723.00000000,1950060.26760000,0
1692226800000,1.00110000,1.00130000,1.00110000,1.00120000,17386784.00000000,1692230399999,17407435.79910000,3591,7813669.00000000,7823075.26930000,0
1692230400000,1.00130000,1.00130000,1.00100000,1.00100000,17367507.00000000,1692233999999,17386919.97070000,5709,5499778.00000000,5506223.36180000,0
1692234000000,1.00110000,1.00110000,1.00100000,1.00100000,8648562.00000000,1692237599999,8657655.43080000,3028,4448688.00000000,4453581.55680000,0
1692237600000,1.00110000,1.00120000,1.00100000,1.00100000,13382144.00000000,1692241199999,13396601.75230000,2387,4805093.00000000,4810407.77790000,0
1692241200000,1.00110000,1.00120000,1.00100000,1.00120000,16085001.00000000,1692244799999,16102503.61210000,2489,7617439.00000000,7625878.81270000,0
1692244800000,1.00110000,1.00130000,1.00110000,1.00110000,14300594.00000000,1692248399999,14317526.77430000,2722,9667396.00000000,9678998.17030000,0
1692248400000,1.00110000,1.00130000,1.00110000,1.00120000,17205900.00000000,1692251999999,17226606.66970000,2752,9347241.00000000,9358569.60130000,0
1692252000000,1.00130000,1.00130000,1.00110000,1.00130000,9529286.00000000,1692255599999,9541289.11630000,2855,6955690.00000000,6964621.98490000,0
1692255600000,1.00120000,1.00130000,1.00110000,1.00120000,14795536.00000000,1692259199999,14813531.16740000,1909,5712332.00000000,5719443.28800000,0
1692259200000,1.00120000,1.00130000,1.00110000,1.00130000,7851494.00000000,1692262799999,7861016.94290000,2735,6403880.00000000,6411695.91140000,0
1692262800000,1.00120000,1.00130000,1.00120000,1.00130000,6515944.00000000,1692266399999,6524221.84800000,3297,4587152.00000000,4593115.29760000,0
1692266400000,1.00130000,1.00130000,1.00120000,1.00120000,7069502.00000000,1692269999999,7078459.32200000,2734,4739196.00000000,4745356.95480000,0
1692270000000,1.00130000,1.00130000,1.00120000,1.00120000,11201598.00000000,1692273599999,11215699.53010000,3815,6596125.00000000,6604699.96250000,0
1692273600000,1.00120000,1.00130000,1.00110000,1.00120000,31181893.00000000,1692277199999,31219327.82870000,6332,21457424.00000000,21483292.23270000,0
1692277200000,1.00120000,1.00140000,1.00110000,1.00140000,20419195.00000000,1692280799999,20444328.45480000,6090,14879321.00000000,14897708.42110000,0
1692280800000,1.00140000,1.00160000,1.00120000,1.00150000,31705791.00000000,1692284399999,31749146.03030000,8665,21010728.00000000,21039479.97070000,0
1692284400000,1.00150000,1.00160000,1.00110000,1.00110000,38711200.00000000,1692287999999,38762759.93230000,9592,17274658.00000000,17297923.49150000,0
1692288000000,1.00110000,1.00140000,1.00110000,1.00120000,36340707.00000000,1692291599999,36384917.14890000,9334,18251831.00000000,18274488.56410000,0
1692291600000,1.00120000,1.00130000,1.00100000,1.00100000,25193262.00000000,1692295199999,25221835.28760000,3716,13622785.00000000,13638226.51780000,0
1692295200000,1.00110000,1.00130000,1.00100000,1.00120000,15569775.00000000,1692298799999,15588124.97670000,3326,10428476.00000000,10440880.75050000,0
1692298800000,1.00130000,1.00130000,1.00120000,1.00130000,4978096.00000000,1692302399999,4984394.98550000,2197,3252703.00000000,3256931.51390000,0
1692302400000,1.00120000,1.00130000,1.00110000,1.00110000,13187359.00000000,1692305999999,13203913.10220000,5320,7881930.00000000,7892117.63980000,0
1692306000000,1.00120000,1.00130000,1.00050000,1.00070000,52409794.00000000,1692309599999,52458617.25880000,20975,18144084.00000000,18161143.56300000,0
1692309600000,1.00080000,1.00120000,0.99990000,1.00070000,111993972.00000000,1692313199999,112062184.10760000,27921,49241430.00000000,49272832.70780000,0
1692313200000,1.00070000,1.00130000,1.00020000,1.00030000,69626929.00000000,1692316799999,69667473.55870000,15170,24483166.00000000,24499640.12850000,0
1692316800000,1.00030000,1.00040000,1.00000000,1.00010000,42884975.00000000,1692320399999,42893990.73100000,12299,16154168.00000000,16158131.96500000,0
1692320400000,1.00010000,1.00030000,1.00010000,1.00010000,21888386.00000000,1692323999999,21892812.07880000,7675,6412488.00000000,6414044.05070000,0
1692324000000,1.00010000,1.00030000,1.00010000,1.00010000,23881306.00000000,1692327599999,23885232.76090000,5273,9308479.00000000,9310412.68020000,0
1692327600000,1.00010000,1.00030000,1.00010000,1.00020000,17971743.00000000,1692331199999,17975276.55330000,5470,8155706.00000000,8157496.42340000,0
1692331200000,1.00020000,1.00030000,1.00000000,1.00000000,32482432.00000000,1692334799999,32488463.50360000,5439,11413682.00000000,11416054.51860000,0
1692334800000,1.00000000,1.00030000,1.00000000,1.00020000,20031245.00000000,1692338399999,20034814.29700000,5452,12939949.00000000,12942429.16060000,0
1692338400000,1.00010000,1.00040000,1.00010000,1.00030000,26116299.00000000,1692341999999,26123146.34390000,6448,14161949.00000000,14166048.82030000,0
1692342000000,1.00030000,1.00040000,1.00020000,1.00030000,24974649.00000000,1692345599999,24981515.95600000,8490,15384113.00000000,15388799.72740000,0
1692345600000,1.00040000,1.00050000,1.00020000,1.00030000,24297143.00000000,1692349199999,24305661.37040000,5514,9904176.00000000,9908088.36590000,0
1692349200000,1.00030000,1.00050000,1.00030000,1.00040000,14625332.00000000,1692352799999,14631465.71750000,3306,3457077.00000000,3458770.75670000,0
1692352800000,1.00050000,1.00050000,1.00040000,1.00040000,13999706.00000000,1692356399999,14005861.67680000,3496,5557944.00000000,5560722.97200000,0
1692356400000,1.00040000,1.00060000,1.00040000,1.00040000,16134301.00000000,1692359999999,16141729.07780000,3467,7693951.00000000,7697803.66500000,0
1692360000000,1.00040000,1.00060000,1.00040000,1.00040000,18499577.00000000,1692363599999,18508647.36460000,4147,8605788.00000000,8610289.54920000,0
1692363600000,1.00040000,1.00050000,1.00030000,1.00040000,19680134.00000000,1692367199999,19687979.04520000,4449,4408904.00000000,4410979.70040000,0
1692367200000,1.00030000,1.00050000,1.00030000,1.00040000,20128045.00000000,1692370799999,20136382.32240000,6819,14989552.00000000,14996054.51000000,0
1692370800000,1.00040000,1.00070000,1.00040000,1.00050000,33409281.00000000,1692374399999,33427597.24940000,6366,15693184.00000000,15701713.92630000,0
1692374400000,1.00060000,1.00080000,1.00050000,1.00060000,18418007.00000000,1692377999999,18429242.74520000,5095,10920613.00000000,10927722.72730000,0
1692378000000,1.00060000,1.00080000,1.00060000,1.00080000,17140821.00000000,1692381599999,17152265.27230000,8460,8821695.00000000,8827914.63550000,0
1692381600000,1.00070000,1.00080000,1.00050000,1.00070000,24306942.00000000,1692385199999,24323723.10160000,7821,7389291.00000000,7394761.79050000,0
1692385200000,1.00070000,1.00080000,1.00070000,1.00070000,11324606.00000000,1692388799999,11332803.81690000,3915,2705927.00000000,2708091.74160000,0
1692388800000,1.00070000,1.00080000,1.00050000,1.00050000,19216523.00000000,1692392399999,19228812.58710000,3510,5419988.00000000,5423427.04560000,0
1692392400000,1.00050000,1.00060000,1.00040000,1.00040000,19614189.00000000,1692395999999,19624033.65220000,4201,7708770.00000000,7712831.20750000,0
1692396000000,1.00040000,1.00050000,1.00020000,1.00040000,26845818.00000000,1692399599999,26855312.37520000,3649,12129465.00000000,12133984.18160000,0
1692399600000,1.00040000,1.00040000,1.00020000,1.00030000,10124618.00000000,1692403199999,10127874.86690000,2938,5058650.00000000,5060414.24150000,0
1692403200000,1.00030000,1.00040000,1.00030000,1.00040000,9170249.00000000,1692406799999,9173508.92900000,4451,5088543.00000000,5090578.41720000,0
1692406800000,1.00040000,1.00070000,1.00030000,1.00040000,21836919.00000000,1692410399999,21847633.10480000,3602,8867747.00000000,8871849.89710000,0
1692410400000,1.00050000,1.00050000,1.00030000,1.00030000,16462462.00000000,1692413999999,16469057.34200000,3961,10929571.00000000,10933997.15970000,0
1692414000000,1.00030000,1.00050000,1.00030000,1.00040000,17134036.00000000,1692417599999,17140869.29030000,4211,7972865.00000000,7976098.39780000,0
1692417600000,1.00050000,1.00050000,1.00030000,1.00040000,5039404.00000000,1692421199999,5041280.03430000,3428,3059660.00000000,3060886.01210000,0
1692421200000,1.00040000,1.00040000,1.00030000,1.00040000,6690759.00000000,1692424799999,6692853.50100000,2248,872733.00000000,873082.09320000,0
1692424800000,1.00030000,1.00040000,1.00030000,1.00040000,4100893.00000000,1692428399999,4102409.49890000,2190,2862310.00000000,2863454.92400000,0
1692428400000,1.00040000,1.00040000,1.00030000,1.00030000,7591773.00000000,1692431999999,7594293.04800000,2513,2425161.00000000,2426131.06440000,0
1692432000000,1.00030000,1.00040000,1.00030000,1.00040000,3774486.00000000,1692435599999,3775789.17810000,2910,1708323.00000000,1709006.32920000,0
1692435600000,1.00040000,1.00040000,1.00020000,1.00040000,12239758.00000000,1692439199999,12243759.94180000,3612,7237346.00000000,7239847.47410000,0
1692439200000,1.00040000,1.00040000,1.00020000,1.00020000,11786857.00000000,1692442799999,11790706.53920000,2395,3394798.00000000,3396130.55630000,0
1692442800000,1.00020000,1.00030000,1.00020000,1.00030000,4822327.00000000,1692446399999,4823607.43870000,1936,3159733.00000000,3160680.91990000,0
1692446400000,1.00020000,1.00040000,1.00020000,1.00020000,9738390.00000000,1692449999999,9741253.34530000,2397,6734218.00000000,6736274.08610000,0
1692450000000,1.00020000,1.00040000,1.00020000,1.00030000,5751519.00000000,1692453599999,5753205.04510000,2197,3402090.00000000,3403134.73090000,0
1692453600000,1.00020000,1.00040000,1.00020000,1.00020000,7035600.00000000,1692457199999,7037618.18020000,2723,2700600.00000000,2701475.53470000,0
1692457200000,1.00020000,1.00030000,1.00020000,1.00030000,6965843.00000000,1692460799999,6967589.44550000,3933,3532769.00000000,3533828.83070000,0
1692460800000,1.00020000,1.00030000,1.00020000,1.00020000,11267911.00000000,1692464399999,11270875.86760000,4566,7112854.00000000,7114987.85620000,0
1692464400000,1.00030000,1.00030000,1.00010000,1.00020000,8530150.00000000,1692467999999,8531947.13070000,3107,4257647.00000000,4258590.03280000,0
1692468000000,1.00030000,1.00030000,1.00010000,1.00010000,8393804.00000000,1692471599999,8395554.55370000,4615,751100.00000000,751322.13770000,0
1692471600000,1.00020000,1.00030000,1.00010000,1.00010000,10394241.00000000,1692475199999,10396051.88910000,2618,5995626.00000000,5996836.15850000,0
1692475200000,1.00020000,1.00030000,1.00010000,1.00020000,7487252.00000000,1692478799999,7488381.67710000,3197,2888245.00000000,2888824.69310000,0
1692478800000,1.00020000,1.00030000,1.00010000,1.00020000,7837412.00000000,1692482399999,7839017.61490000,2236,3774792.00000000,3775613.05910000,0
1692482400000,1.00020000,1.00030000,1.00010000,1.00020000,7477559.00000000,1692485999999,7479075.86700000,2432,3266462.00000000,3267148.96480000,0
1692486000000,1.00020000,1.00030000,1.00010000,1.00030000,4891225.00000000,1692489599999,4892199.44470000,1937,2306878.00000000,2307371.41300000,0
1692489600000,1.00030000,1.00030000,1.00010000,1.00010000,5666038.00000000,1692493199999,5667252.02570000,2964,3279358.00000000,3280102.54000000,0
1692493200000,1.00020000,1.00030000,1.00010000,1.00020000,8372318.00000000,1692496799999,8373919.84340000,1796,5303280.00000000,5304358.46740000,0
1692496800000,1.00010000,1.00030000,1.00010000,1.00020000,4514925.00000000,1692500399999,4515940.54400000,1539,2688069.00000000,2688722.08730000,0
1692500400000,1.00030000,1.00030000,1.00020000,1.00030000,2678182.00000000,1692503999999,2678849.20610000,1263,1315697.00000000,1316091.70910000,0
1692504000000,1.00020000,1.00030000,1.00020000,1.00020000,4173601.00000000,1692507599999,4174654.84960000,1890,2191294.00000000,2191951.38820000,0
1692507600000,1.00020000,1.00030000,1.00020000,1.00020000,7227588.00000000,1692511199999,7229193.69410000,2856,1601765.00000000,1602245.52950000,0
1692511200000,1.00020000,1.00030000,1.00010000,1.00010000,7804788.00000000,1692514799999,7806259.22760000,1793,1587620.00000000,1587965.51010000,0
1692514800000,1.00010000,1.00020000,1.00010000,1.00010000,2578075.00000000,1692518399999,2578411.69530000,1326,788878.00000000,789035.77560000,0
1692518400000,1.00010000,1.00020000,1.00010000,1.00010000,5110646.00000000,1692521999999,5111210.82100000,1052,537564.00000000,537671.51280000,0
1692522000000,1.00010000,1.00020000,1.00010000,1.00010000,4013185.00000000,1692525599999,4013725.07240000,1565,1387539.00000000,1387816.50780000,0
1692525600000,1.00010000,1.00020000,1.00010000,1.00010000,9111639.00000000,1692529199999,9112904.82370000,2124,3546598.00000000,3547307.31960000,0
1692529200000,1.00010000,1.00020000,1.00000000,1.00010000,12599320.00000000,1692532799999,12600687.24950000,2752,3148973.00000000,3149411.81470000,0
1692532800000,1.00020000,1.00020000,1.00000000,1.00010000,17141952.00000000,1692536399999,17143762.96230000,3112,8497889.00000000,8498851.22560000,0
1692536400000,1.00010000,1.00020000,1.00000000,1.00020000,6602109.00000000,1692539999999,6602880.04990000,2140,2385476.00000000,2385831.12910000,0
1692540000000,1.00010000,1.00020000,1.00010000,1.00010000,6791690.00000000,1692543599999,6792545.55010000,2419,1763811.00000000,1764163.76220000,0
1692543600000,1.00010000,1.00020000,1.00000000,1.00000000,6341962.00000000,1692547199999,6342495.51270000,2342,2757804.00000000,2758087.98410000,0
1692547200000,1.00010000,1.00020000,1.00000000,1.00020000,8005068.00000000,1692550799999,8005994.31870000,2285,3756624.00000000,3757128.18130000,0
1692550800000,1.00010000,1.00020000,1.00000000,1.00010000,5855008.00000000,1692554399999,5855605.96690000,1969,1514169.00000000,1514360.03950000,0
1692554400000,1.00000000,1.00010000,1.00000000,1.00010000,3106385.00000000,1692557999999,3106558.88260000,1098,1738826.00000000,1738999.88260000,0
1692558000000,1.00000000,1.00010000,1.00000000,1.00010000,2188968.00000000,1692561599999,2189074.81300000,817,1068130.00000000,1068236.81300000,0
1692561600000,1.00000000,1.00020000,1.00000000,1.00020000,6957231.00000000,1692565199999,6958148.96270000,2839,3726109.00000000,3726706.00160000,0
1692565200000,1.00010000,1.00020000,1.00000000,1.00010000,8337682.00000000,1692568799999,8338457.94150000,2246,3949815.00000000,3950226.42130000,0
1692568800000,1.00010000,1.00020000,1.00000000,1.00020000,11136452.00000000,1692572399999,11137573.79070000,2503,3766754.00000000,3767146.10320000,0
1692572400000,1.00010000,1.00020000,1.00000000,1.00000000,10006645.00000000,1692575999999,10007656.43600000,2785,1470540.00000000,1470700.13120000,0
1692576000000,1.00000000,1.00020000,1.00000000,1.00010000,7882424.00000000,1692579599999,7883369.11910000,2352,5754622.00000000,5755434.80270000,0
1692579600000,1.00010000,1.00020000,1.00010000,1.00010000,5407767.00000000,1692583199999,5408465.00090000,1559,1572242.00000000,1572556.44840000,0
1692583200000,1.00010000,1.00020000,1.00010000,1.00010000,6737837.00000000,1692586799999,6739016.57790000,1520,5057942.00000000,5058953.58840000,0
1692586800000,1.00010000,1.00020000,1.00010000,1.00010000,6264076.00000000,1692590399999,6264980.78090000,1687,2783733.00000000,2784289.74660000,0
1692590400000,1.00010000,1.00020000,1.00010000,1.00010000,4685391.00000000,1692593999999,4686131.12470000,1822,2715856.00000000,2716399.17120000,0
1692594000000,1.00020000,1.00030000,1.00010000,1.00020000,10760483.00000000,1692597599999,10762830.51110000,3082,8900491.00000000,8902555.42760000,0
1692597600000,1.00030000,1.00050000,1.00020000,1.00030000,12200589.00000000,1692601199999,12204801.57280000,2422,9416379.00000000,9419786.04530000,0
1692601200000,1.00040000,1.00060000,1.00030000,1.00040000,15876518.00000000,1692604799999,15884093.89130000,3091,10690743.00000000,10695979.02070000,0
1692604800000,1.00050000,1.00050000,1.00040000,1.00040000,6622957.00000000,1692608399999,6626067.80380000,1875,4616210.00000000,4618518.10500000,0
1692608400000,1.00050000,1.00050000,1.00040000,1.00040000,7665832.00000000,1692611999999,7669339.50520000,1664,4411724.00000000,4413929.86200000,0
1692612000000,1.00050000,1.00050000,1.00040000,1.00040000,13298203.00000000,1692615599999,13304349.03500000,3724,8267538.00000000,8271671.76900000,0
1692615600000,1.00040000,1.00050000,1.00040000,1.00040000,3509772.00000000,1692619199999,3511284.05690000,2265,1081481.00000000,1082021.74050000,0
1692619200000,1.00040000,1.00050000,1.00030000,1.00040000,13837322.00000000,1692622799999,13842868.34980000,3592,5467702.00000000,5469961.24670000,0
1692622800000,1.00040000,1.00050000,1.00020000,1.00020000,27550200.00000000,1692626399999,27559117.54920000,4442,13165865.00000000,13170424.19170000,0
1692626400000,1.00030000,1.00040000,1.00020000,1.00020000,16421559.00000000,1692629999999,16426379.84810000,3302,11899352.00000000,11902934.45420000,0
1692630000000,1.00020000,1.00040000,1.00010000,1.00010000,32229987.00000000,1692633599999,32236358.09550000,6734,15423476.00000000,15426819.75740000,0
1692633600000,1.00010000,1.00040000,1.00010000,1.00020000,22257765.00000000,1692637199999,22263202.74910000,4649,12907161.00000000,12910598.27880000,0
1692637200000,1.00020000,1.00030000,1.00020000,1.00020000,7540365.00000000,1692640799999,7541975.72750000,1966,1026545.00000000,1026852.96350000,0
1692640800000,1.00020000,1.00030000,1.00010000,1.00020000,18265631.00000000,1692644399999,18269383.33210000,2800,9319946.00000000,9321955.71580000,0
1692644400000,1.00020000,1.00030000,1.00010000,1.00010000,13923397.00000000,1692647999999,13925668.12020000,2705,5784939.00000000,5786158.97750000,0
1692648000000,1.00010000,1.00030000,1.00010000,1.00010000,5279145.00000000,1692651599999,5280089.86720000,1999,3363880.00000000,3364574.05380000,0
1692651600000,1.00010000,1.00030000,1.00010000,1.00010000,5102002.00000000,1692655199999,5102855.48400000,1693,1919355.00000000,1919747.45710000,0
1692655200000,1.00010000,1.00020000,1.00010000,1.00010000,3565953.00000000,1692658799999,3566447.57390000,1394,1379786.00000000,1380061.95720000,0
1692658800000,1.00010000,1.00020000,1.00010000,1.00010000,2726387.00000000,1692662399999,2726757.37110000,1413,977324.00000000,977519.46480000,0
1692662400000,1.00010000,1.00020000,1.00010000,1.00010000,7952837.00000000,1692665999999,7954251.87820000,1447,6195945.00000000,6197184.18900000,0
1692666000000,1.00020000,1.00030000,1.00010000,1.00020000,5609085.00000000,1692669599999,5610016.93700000,1537,3521195.00000000,3521901.23040000,0
1692669600000,1.00020000,1.00030000,1.00020000,1.00020000,6173389.00000000,1692673199999,6174887.60350000,1432,2639257.00000000,2640048.77710000,0
1692673200000,1.00020000,1.00040000,1.00020000,1.00030000,7555511.00000000,1692676799999,7557851.86330000,1672,4216263.00000000,4217618.99390000,0
1692676800000,1.00030000,1.00040000,1.00030000,1.00030000,3364946.00000000,1692680399999,3366116.71120000,1579,1612274.00000000,1612918.90960000,0
1692680400000,1.00030000,1.00040000,1.00020000,1.00020000,22540642.00000000,1692683999999,22547568.63520000,2604,6735580.00000000,6737818.87770000,0
1692684000000,1.00030000,1.00040000,1.00020000,1.00030000,9258015.00000000,1692687599999,9260650.63510000,3437,5581754.00000000,5583504.09170000,0
1692687600000,1.00040000,1.00040000,1.00020000,1.00020000,8500778.00000000,1692691199999,8503080.13330000,3982,5144451.00000000,5145997.37960000,0
1692691200000,1.00030000,1.00040000,1.00010000,1.00020000,25282023.00000000,1692694799999,25287876.99320000,3232,7595378.00000000,7597487.75660000,0
1692694800000,1.00020000,1.00030000,1.00020000,1.00030000,7277605.00000000,1692698399999,7279522.08330000,2023,4615623.00000000,4617007.68690000,0
1692698400000,1.00020000,1.00040000,1.00020000,1.00030000,15030607.00000000,1692701999999,15035205.32450000,2109,10322053.00000000,10325408.01190000,0
1692702000000,1.00030000,1.00040000,1.00030000,1.00030000,4658999.00000000,1692705599999,4660448.96880000,1480,522691.00000000,522900.07640000,0
1692705600000,1.00040000,1.00050000,1.00030000,1.00030000,16875937.00000000,1692709199999,16882678.65430000,3048,10004210.00000000,10008375.27640000,0
1692709200000,1.00030000,1.00040000,1.00030000,1.00030000,8314709.00000000,1692712799999,8317701.31670000,3045,4979040.00000000,4981031.61600000,0
1692712800000,1.00030000,1.00050000,1.00030000,1.00030000,19267640.00000000,1692716399999,19275105.60970000,3126,9083474.00000000,9087138.62450000,0
1692716400000,1.00040000,1.00060000,1.00030000,1.00040000,14480723.00000000,1692719999999,14487272.59320000,3475,8880474.00000000,8884565.88910000,0
1692720000000,1.00050000,1.00050000,1.00030000,1.00030000,19399864.00000000,1692723599999,19407246.89500000,6510,4397286.00000000,4399373.73600000,0
1692723600000,1.00040000,1.00060000,1.00020000,1.00040000,23379768.00000000,1692727199999,23388276.07640000,6546,12956304.00000000,12961325.76400000,0
1692727200000,1.00040000,1.00050000,1.00020000,1.00020000,12763489.00000000,1692730799999,12767372.54670000,4106,4641137.00000000,4642569.59400000,0
1692730800000,1.00030000,1.00060000,1.00020000,1.00030000,20112043.00000000,1692734399999,20120562.11530000,3358,10414440.00000000,10419026.11880000,0
1692734400000,1.00030000,1.00040000,1.00030000,1.00030000,6586240.00000000,1692737999999,6588681.60850000,3030,4657365.00000000,4659227.94600000,0
1692738000000,1.00040000,1.00050000,1.00020000,1.00030000,26386558.00000000,1692741599999,26395951.02700000,7137,12356737.00000000,12361399.21860000,0
1692741600000,1.00040000,1.00040000,1.00030000,1.00030000,8315702.00000000,1692745199999,8318798.21930000,3648,6015087.00000000,6017493.03480000,0
1692745200000,1.00040000,1.00070000,1.00030000,1.00050000,12888831.00000000,1692748799999,12895434.05540000,3992,8089169.00000000,8093387.09940000,0
1692748800000,1.00060000,1.00060000,1.00050000,1.00050000,8694290.00000000,1692752399999,8699118.29100000,2790,4811460.00000000,4814346.87600000,0
1692752400000,1.00050000,1.00060000,1.00040000,1.00050000,12224934.00000000,1692755999999,12231352.31730000,3354,4119361.00000000,4121736.36420000,0
1692756000000,1.00040000,1.00050000,1.00040000,1.00050000,3927500.00000000,1692759599999,3929282.99990000,2079,2119999.00000000,2121058.99950000,0
1692759600000,1.00040000,1.00050000,1.00040000,1.00040000,3160723.00000000,1692763199999,3162196.71700000,1527,2094278.00000000,2095325.13900000,0
1692763200000,1.00040000,1.00050000,1.00030000,1.00040000,22484636.00000000,1692766799999,22493853.21860000,3017,10174392.00000000,10178715.85700000,0
1692766800000,1.00040000,1.00050000,1.00040000,1.00040000,5477960.00000000,1692770399999,5480454.40550000,1868,3032215.00000000,3033731.10750000,0
1692770400000,1.00040000,1.00050000,1.00030000,1.00040000,11399822.00000000,1692773999999,11404408.80580000,2782,4012350.00000000,4014079.56910000,0
1692774000000,1.00040000,1.00050000,1.00040000,1.00040000,7775104.00000000,1692777599999,7778753.22660000,2641,5391850.00000000,5394545.92500000,0
1692777600000,1.00040000,1.00050000,1.00040000,1.00050000,9840687.00000000,1692781199999,9845282.79310000,1792,6595183.00000000,6598480.59150000,0
1692781200000,1.00040000,1.00050000,1.00040000,1.00040000,7024519.00000000,1692784799999,7027809.87260000,1447,4810650.00000000,4813055.32500000,0
1692784800000,1.00040000,1.00060000,1.00040000,1.00050000,12624929.00000000,1692788399999,12630592.70990000,2607,3741210.00000000,3743084.18180000,0
1692788400000,1.00040000,1.00050000,1.00040000,1.00040000,4731332.00000000,1692791999999,4733498.71950000,2114,2741867.00000000,2743237.93350000,0
1692792000000,1.00040000,1.00060000,1.00040000,1.00040000,14533253.00000000,1692795599999,14540625.75490000,3829,7212717.00000000,7216456.89110000,0
1692795600000,1.00040000,1.00060000,1.00040000,1.00050000,11992357.00000000,1692799199999,11999011.71240000,3279,8040138.00000000,8044835.61310000,0
1692799200000,1.00050000,1.00060000,1.00050000,1.00050000,10402213.00000000,1692802799999,10407770.70420000,3486,3565977.00000000,3568116.58620000,0
1692802800000,1.00050000,1.00060000,1.00040000,1.00050000,23284496.00000000,1692806399999,23296336.35390000,3974,12197904.00000000,12204296.72470000,0
1692806400000,1.00050000,1.00070000,1.00050000,1.00060000,22911521.00000000,1692809999999,22925393.02820000,8949,12282274.00000000,12290150.01350000,0
1692810000000,1.00050000,1.00060000,1.00030000,1.00030000,21495139.00000000,1692813599999,21504438.40260000,5293,6688729.00000000,6691824.05510000,0
1692813600000,1.00030000,1.00050000,1.00030000,1.00050000,10299122.00000000,1692817199999,10302892.69450000,2817,6807605.00000000,6810328.06310000,0
1692817200000,1.00040000,1.00060000,1.00040000,1.00040000,14944300.00000000,1692820799999,14951379.09050000,4871,8092988.00000000,8097053.94930000,0
1692820800000,1.00040000,1.00050000,1.00030000,1.00030000,16585753.00000000,1692824399999,16591677.48940000,5456,2159919.00000000,2160872.47020000,0
1692824400000,1.00030000,1.00040000,1.00020000,1.00020000,20666276.00000000,1692827999999,20672139.94860000,5126,7909203.00000000,7911590.86820000,0
1692828000000,1.00020000,1.00030000,1.00020000,1.00030000,3328340.00000000,1692831599999,3329079.66310000,1988,739951.00000000,740172.98530000,0
1692831600000,1.00020000,1.00040000,1.00020000,1.00020000,12973712.00000000,1692835199999,12977398.52870000,1941,9397303.00000000,9400122.21860000,0
1692835200000,1.00020000,1.00030000,1.00020000,1.00030000,3648388.00000000,1692838799999,3649432.18100000,1349,3145034.00000000,3145977.51020000,0
1692838800000,1.00020000,1.00040000,1.00020000,1.00020000,7614500.00000000,1692842399999,7616707.05300000,2408,3936447.00000000,3937677.13470000,0
1692842400000,1.00020000,1.00040000,1.00020000,1.00020000,6641978.00000000,1692845999999,6643900.06250000,2113,2599518.00000000,2600319.32280000,0
1692846000000,1.00020000,1.00040000,1.00020000,1.00040000,6443141.00000000,1692849599999,6444961.21900000,1425,5069052.00000000,5070573.56460000,0
1692849600000,1.00030000,1.00040000,1.00020000,1.00020000,3220619.00000000,1692853199999,3221631.61410000,1943,1560072.00000000,1560611.85470000,0
1692853200000,1.00020000,1.00030000,1.00020000,1.00020000,5812401.00000000,1692856799999,5813732.60040000,1675,1691202.00000000,1691709.36060000,0
1692856800000,1.00020000,1.00030000,1.00020000,1.00020000,7965046.00000000,1692860399999,7967186.77300000,1794,5477638.00000000,5479281.29140000,0
1692860400000,1.00020000,1.00030000,1.00020000,1.00030000,5406016.00000000,1692863999999,5407488.86490000,1177,3916617.00000000,3917791.98510000,0
1692864000000,1.00020000,1.00040000,1.00020000,1.00040000,13802457.00000000,1692867599999,13806102.11520000,3534,8799966.00000000,8802609.50650000,0
1692867600000,1.00030000,1.00040000,1.00030000,1.00040000,8212401.00000000,1692871199999,8215261.25770000,2308,3965374.00000000,3966960.14960000,0
1692871200000,1.00040000,1.00040000,1.00030000,1.00030000,4313895.00000000,1692874799999,4315514.19030000,1409,3250218.00000000,3251518.08720000,0
1692874800000,1.00030000,1.00050000,1.00030000,1.00040000,10729859.00000000,1692878399999,10734087.69260000,2217,8511888.00000000,8515334.44140000,0
1692878400000,1.00040000,1.00050000,1.00030000,1.00050000,7522036.00000000,1692881999999,7525288.85960000,2731,3461851.00000000,3463481.49280000,0
1692882000000,1.00040000,1.00050000,1.00040000,1.00050000,9336635.00000000,1692885599999,9340719.26100000,2244,3496070.00000000,3497818.03500000,0
1692885600000,1.00050000,1.00050000,1.00040000,1.00040000,6929415.00000000,1692889199999,6932523.31420000,4273,3365482.00000000,3367164.74100000,0
1692889200000,1.00050000,1.00050000,1.00040000,1.00040000,10674140.00000000,1692892799999,10679102.12920000,5010,6924732.00000000,6928194.36600000,0
1692892800000,1.00040000,1.00070000,1.00040000,1.00050000,20206865.00000000,1692896399999,20218082.86840000,5083,13809170.00000000,13816947.83660000,0
1692896400000,1.00050000,1.00070000,1.00050000,1.00060000,15233798.00000000,1692899999999,15242614.15760000,4372,10630412.00000000,10636793.49980000,0
1692900000000,1.00050000,1.00060000,1.00040000,1.00050000,14021196.00000000,1692903599999,14028309.80840000,3590,5317606.00000000,5320380.72320000,0
1692903600000,1.00050000,1.00070000,1.00040000,1.00050000,12882082.00000000,1692907199999,12889265.10480000,3413,7609751.00000000,7614242.45130000,0
1692907200000,1.00050000,1.00060000,1.00050000,1.00060000,5610569.00000000,1692910799999,5613517.72220000,3374,1434377.00000000,1435237.62620000,0
1692910800000,1.00050000,1.00070000,1.00050000,1.00050000,10869897.00000000,1692914399999,10876139.31910000,3284,7065485.00000000,7069724.40540000,0
1692914400000,1.00050000,1.00060000,1.00050000,1.00050000,3576252.00000000,1692917999999,3578107.38270000,1772,672567.00000000,672970.54020000,0
1692918000000,1.00050000,1.00060000,1.00040000,1.00040000,7480425.00000000,1692921599999,7484220.45650000,4197,4217988.00000000,4220193.71430000,0
1692921600000,1.00050000,1.00060000,1.00040000,1.00050000,8619973.00000000,1692925199999,8624194.78360000,3166,5419367.00000000,5422103.86110000,0
1692925200000,1.00050000,1.00060000,1.00040000,1.00040000,9917185.00000000,1692928799999,9922265.85260000,3588,2043347.00000000,2044551.41900000,0
1692928800000,1.00040000,1.00050000,1.00040000,1.00040000,6683476.00000000,1692932399999,6686486.45100000,2707,3370606.00000000,3372291.30300000,0
1692932400000,1.00040000,1.00050000,1.00030000,1.00030000,8857142.00000000,1692935999999,8860549.79300000,3361,1468490.00000000,1469121.13820000,0
1692936000000,1.00030000,1.00050000,1.00030000,1.00030000,10575826.00000000,1692939599999,10579849.54320000,3239,6251630.00000000,6254135.89940000,0
1692939600000,1.00030000,1.00040000,1.00030000,1.00030000,4712522.00000000,1692943199999,4714251.97540000,2694,3162188.00000000,3163452.87520000,0
1692943200000,1.00030000,1.00050000,1.00030000,1.00030000,6728519.00000000,1692946799999,6731021.73150000,2442,3750530.00000000,3752035.83600000,0
1692946800000,1.00030000,1.00050000,1.00030000,1.00040000,10924869.00000000,1692950399999,10929198.25560000,2949,5774954.00000000,5777345.70280000,0
1692950400000,1.00040000,1.00050000,1.00030000,1.00040000,19771394.00000000,1692953999999,19779784.78630000,5329,8892465.00000000,8896541.72340000,0
1692954000000,1.00040000,1.00050000,1.00040000,1.00040000,8862804.00000000,1692957599999,8866672.71370000,2988,3235921.00000000,3237538.96050000,0
1692957600000,1.00040000,1.00050000,1.00030000,1.00030000,9384889.00000000,1692961199999,9388407.88060000,2158,1432825.00000000,1433470.91130000,0
1692961200000,1.00030000,1.00040000,1.00030000,1.00030000,6105259.00000000,1692964799999,6107385.78120000,2368,2952035.00000000,2953215.81400000,0
1692964800000,1.00030000,1.00050000,1.00030000,1.00030000,11309703.00000000,1692968399999,11313997.10650000,2092,6708898.00000000,6711587.56320000,0
1692968400000,1.00030000,1.00050000,1.00030000,1.00040000,14239454.00000000,1692971999999,14245155.77590000,4947,7330325.00000000,7333378.60650000,0
1692972000000,1.00040000,1.00060000,1.00040000,1.00040000,29519912.00000000,1692975599999,29534665.48090000,10383,17995967.00000000,18005215.94360000,0
1692975600000,1.00050000,1.00070000,1.00040000,1.00050000,12907607.00000000,1692979199999,12914653.03970000,5035,6924640.00000000,6928647.75370000,0
1692979200000,1.00050000,1.00070000,1.00040000,1.00050000,17277247.00000000,1692982799999,17287163.10480000,4460,9896927.00000000,9902802.80150000,0
1692982800000,1.00050000,1.00070000,1.00050000,1.00060000,11825079.00000000,1692986399999,11832282.43950000,3212,7522129.00000000,7526824.94240000,0
1692986400000,1.00060000,1.00080000,1.00060000,1.00060000,9823657.00000000,1692989999999,9830381.31440000,3227,6967477.00000000,6972356.45020000,0
1692990000000,1.00060000,1.00070000,1.00060000,1.00060000,5779012.00000000,1692993599999,5782801.73570000,2825,3223285.00000000,3225541.29950000,0
1692993600000,1.00060000,1.00070000,1.00060000,1.00060000,3274109.00000000,1692997199999,3276141.81270000,1838,683473.00000000,683951.43110000,0
1692997200000,1.00060000,1.00070000,1.00050000,1.00050000,9504352.00000000,1693000799999,9510018.49180000,2884,745661.00000000,746135.44190000,0
1693000800000,1.00060000,1.00060000,1.00050000,1.00050000,2134296.00000000,1693004399999,2135443.89650000,1790,807485.00000000,807969.49100000,0
1693004400000,1.00060000,1.00060000,1.00050000,1.00050000,2003604.00000000,1693007999999,2004656.14350000,1988,503415.00000000,503717.04900000,0
1693008000000,1.00060000,1.00060000,1.00040000,1.00040000,8634467.00000000,1693011599999,8638773.35870000,2132,911070.00000000,911541.82020000,0
1693011600000,1.00040000,1.00050000,1.00040000,1.00040000,2225572.00000000,1693015199999,2226547.17990000,1642,849511.00000000,849935.75550000,0
1693015200000,1.00050000,1.00060000,1.00040000,1.00050000,8825883.00000000,1693018799999,8830593.72880000,2060,7340209.00000000,7344178.01360000,0
1693018800000,1.00060000,1.00070000,1.00050000,1.00070000,7013572.00000000,1693022399999,7017870.25180000,2014,4780737.00000000,4783758.95660000,0
1693022400000,1.00070000,1.00070000,1.00050000,1.00050000,6713066.00000000,1693025999999,6717180.38490000,1972,3489297.00000000,3491493.13850000,0
1693026000000,1.00060000,1.00070000,1.00050000,1.00070000,12141089.00000000,1693029599999,12148351.83620000,2432,9591107.00000000,9596935.37210000,0
1693029600000,1.00060000,1.00070000,1.00050000,1.00070000,8485678.00000000,1693033199999,8491157.25480000,1841,6212325.00000000,6216445.60630000,0
1693033200000,1.00070000,1.00080000,1.00060000,1.00070000,8426032.00000000,1693036799999,8431731.00550000,2261,5422047.00000000,5425845.41550000,0
1693036800000,1.00070000,1.00080000,1.00060000,1.00070000,15139698.00000000,1693040399999,15150196.35440000,3686,10817038.00000000,10824673.69310000,0
1693040400000,1.00060000,1.00080000,1.00060000,1.00060000,9555057.00000000,1693043999999,9561693.75880000,3816,7672344.00000000,7677730.70150000,0
1693044000000,1.00070000,1.00080000,1.00060000,1.00080000,16986099.00000000,1693047599999,16998519.40920000,3408,13190301.00000000,13200081.45930000,0
1693047600000,1.00080000,1.00080000,1.00070000,1.00070000,6346852.00000000,1693051199999,6351805.73100000,1397,5109346.00000000,5113433.47680000,0
1693051200000,1.00080000,1.00090000,1.00070000,1.00080000,9783336.00000000,1693054799999,9791026.59830000,2213,6902738.00000000,6908264.45470000,0
1693054800000,1.00070000,1.00090000,1.00070000,1.00070000,10415680.00000000,1693058399999,10424013.40540000,2277,5433127.00000000,5437550.66060000,0
1693058400000,1.00070000,1.00080000,1.00060000,1.00060000,4831712.00000000,1693061999999,4835108.70550000,1607,882694.00000000,883363.98620000,0
1693062000000,1.00070000,1.00070000,1.00050000,1.00060000,10140885.00000000,1693065599999,10146917.26880000,1882,4443411.00000000,4446089.58740000,0
1693065600000,1.00050000,1.00070000,1.00050000,1.00050000,7004858.00000000,1693069199999,7008718.20560000,2606,2897877.00000000,2899625.72750000,0
1693069200000,1.00050000,1.00060000,1.00050000,1.00060000,1164575.00000000,1693072799999,1165184.28000000,1556,269925.00000000,270086.95500000,0
1693072800000,1.00060000,1.00060000,1.00050000,1.00060000,1121481.00000000,1693076399999,1122079.39340000,1615,376529.00000000,376754.91740000,0
1693076400000,1.00050000,1.00060000,1.00040000,1.00050000,6495619.00000000,1693079999999,6498810.43760000,1715,2511321.00000000,2512588.93420000,0
1693080000000,1.00040000,1.00060000,1.00040000,1.00050000,3110059.00000000,1693083599999,3111617.98450000,1551,2088308.00000000,2089371.16140000,0
1693083600000,1.00050000,1.00060000,1.00050000,1.00060000,919792.00000000,1693087199999,920326.18340000,1136,742874.00000000,743319.72440000,0
1693087200000,1.00050000,1.00060000,1.00050000,1.00060000,510972.00000000,1693090799999,511244.34470000,1085,168587.00000000,168688.15220000,0
1693090800000,1.00060000,1.00060000,1.00050000,1.00060000,683044.00000000,1693094399999,683408.70080000,1180,231788.00000000,231927.07280000,0
1693094400000,1.00050000,1.00070000,1.00050000,1.00050000,5569179.00000000,1693097999999,5572397.68930000,2004,3300117.00000000,3302107.26110000,0
1693098000000,1.00050000,1.00060000,1.00050000,1.00050000,649077.00000000,1693101599999,649423.04550000,1493,215070.00000000,215199.04200000,0
1693101600000,1.00060000,1.00060000,1.00050000,1.00060000,1427793.00000000,1693105199999,1428523.85230000,1020,169558.00000000,169659.73480000,0
1693105200000,1.00060000,1.00060000,1.00050000,1.00050000,847342.00000000,1693108799999,847816.85090000,854,511799.00000000,512106.07940000,0
1693108800000,1.00050000,1.00060000,1.00050000,1.00060000,1384502.00000000,1693112399999,1385222.86370000,819,286127.00000000,286298.67620000,0
1693112400000,1.00050000,1.00060000,1.00050000,1.00060000,852125.00000000,1693115999999,852573.47320000,930,224107.00000000,224241.46420000,0
1693116000000,1.00050000,1.00060000,1.00050000,1.00050000,6133456.00000000,1693119599999,6136760.92300000,1343,2381950.00000000,2383379.17000000,0
1693119600000,1.00060000,1.00060000,1.00040000,1.00050000,11335822.00000000,1693123199999,11341467.33870000,1621,4632331.00000000,4634651.92930000,0
1693123200000,1.00050000,1.00060000,1.00040000,1.00040000,2210184.00000000,1693126799999,2211272.33340000,1092,917636.00000000,918100.19450000,0
1693126800000,1.00050000,1.00060000,1.00040000,1.00050000,3220573.00000000,1693130399999,3222161.99410000,1318,806999.00000000,807431.72040000,0
1693130400000,1.00050000,1.00050000,1.00040000,1.00040000,4768682.00000000,1693133999999,4771018.48770000,2554,4290149.00000000,4292294.07450000,0
1693134000000,1.00040000,1.00060000,1.00040000,1.00040000,2906632.00000000,1693137599999,2908069.56480000,1339,1105333.00000000,1105891.10520000,0
1693137600000,1.00050000,1.00050000,1.00040000,1.00050000,967494.00000000,1693141199999,967938.26470000,782,572671.00000000,572957.33550000,0
1693141200000,1.00040000,1.00060000,1.00040000,1.00060000,5659258.00000000,1693144799999,5662312.94160000,1379,2483165.00000000,2484635.39650000,0
1693144800000,1.00060000,1.00060000,1.00050000,1.00060000,2163892.00000000,1693148399999,2165076.93320000,2261,1029872.00000000,1030489.92320000,0
1693148400000,1.00050000,1.00070000,1.00050000,1.00070000,15488398.00000000,1693151999999,15497674.83460000,3281,11805607.00000000,11812757.02790000,0
1693152000000,1.00070000,1.00070000,1.00060000,1.00060000,2794828.00000000,1693155599999,2796548.80240000,2580,439056.00000000,439363.33920000,0
1693155600000,1.00060000,1.00070000,1.00030000,1.00050000,24531992.00000000,1693159199999,24543631.01090000,3631,4616961.00000000,4618905.08430000,0
1693159200000,1.00040000,1.00060000,1.00040000,1.00040000,5323756.00000000,1693162799999,5326309.86490000,1988,4172027.00000000,4174117.02970000,0
1693162800000,1.00040000,1.00060000,1.00040000,1.00060000,2969816.00000000,1693166399999,2971314.09940000,1863,777784.00000000,778193.24960000,0
1693166400000,1.00060000,1.00060000,1.00050000,1.00060000,1240900.00000000,1693169999999,1241545.60460000,1259,251546.00000000,251696.92760000,0
1693170000000,1.00050000,1.00060000,1.00050000,1.00050000,1600850.00000000,1693173599999,1601678.38100000,1515,279560.00000000,279727.73600000,0
1693173600000,1.00050000,1.00060000,1.00050000,1.00060000,2280887.00000000,1693177199999,2282152.71530000,1278,1252718.00000000,1253469.63080000,0
1693177200000,1.00050000,1.00060000,1.00050000,1.00050000,2517256.00000000,1693180799999,2518528.39750000,1580,137695.00000000,137777.61700000,0
1693180800000,1.00050000,1.00060000,1.00040000,1.00050000,10332336.00000000,1693184399999,10337648.75620000,3509,5904319.00000000,5907471.84150000,0
1693184400000,1.00060000,1.00060000,1.00050000,1.00050000,8612282.00000000,1693187999999,8616897.76150000,3697,3096205.00000000,3098062.72300000,0
1693188000000,1.00060000,1.00060000,1.00050000,1.00050000,5981502.00000000,1693191599999,5984914.60480000,2030,4218538.00000000,4221069.12280000,0
1693191600000,1.00060000,1.00070000,1.00050000,1.00050000,15932325.00000000,1693195199999,15941574.71440000,2725,10295345.00000000,10301604.97470000,0
1693195200000,1.00060000,1.00070000,1.00050000,1.00050000,12554624.00000000,1693198799999,12562048.75070000,2035,7563537.00000000,7568093.37590000,0
1693198800000,1.00050000,1.00070000,1.00050000,1.00050000,11240833.00000000,1693202399999,11247135.53960000,3573,3330848.00000000,3332872.75810000,0
1693202400000,1.00050000,1.00070000,1.00040000,1.00050000,32459876.00000000,1693205999999,32478618.56990000,4222,14396810.00000000,14405510.27960000,0
1693206000000,1.00060000,1.00070000,1.00050000,1.00060000,13683218.00000000,1693209599999,13691793.80010000,3136,9144955.00000000,9150864.83060000,0
1693209600000,1.00070000,1.00080000,1.00060000,1.00070000,14179762.00000000,1693213199999,14189814.31040000,2675,7766188.00000000,7771786.61030000,0
1693213200000,1.00070000,1.00080000,1.00060000,1.00060000,12699939.00000000,1693216799999,12708832.22370000,2767,6354470.00000000,6359089.07870000,0
1693216800000,1.00070000,1.00090000,1.00060000,1.00070000,11072167.00000000,1693220399999,11080689.98120000,2254,6483445.00000000,6488627.90820000,0
1693220400000,1.00080000,1.00080000,1.00070000,1.00070000,3866464.00000000,1693223999999,3869352.39290000,1562,1818681.00000000,1820135.94480000,0
1693224000000,1.00080000,1.00100000,1.00060000,1.00060000,30140866.00000000,1693227599999,30164476.76380000,6627,16359628.00000000,16372909.03130000,0
1693227600000,1.00060000,1.00080000,1.00060000,1.00070000,21217747.00000000,1693231199999,21232566.12110000,4545,11769895.00000000,11778314.86930000,0
1693231200000,1.00070000,1.00080000,1.00060000,1.00060000,21226856.00000000,1693234799999,21241697.24990000,6098,10326759.00000000,10334130.03030000,0
1693234800000,1.00070000,1.00070000,1.00050000,1.00050000,29921768.00000000,1693238399999,29939765.45730000,3672,13642882.00000000,13651240.38180000,0
1693238400000,1.00050000,1.00070000,1.00050000,1.00060000,10250625.00000000,1693241999999,10257020.29330000,3650,3807043.00000000,3809573.08630000,0
1693242000000,1.00060000,1.00070000,1.00050000,1.00050000,9391570.00000000,1693245599999,9397231.68990000,2592,4645906.00000000,4648877.54360000,0
1693245600000,1.00060000,1.00070000,1.00050000,1.00050000,5918658.00000000,1693249199999,5921962.67140000,1943,2321702.00000000,2323123.63580000,0
1693249200000,1.00050000,1.00070000,1.00040000,1.00060000,14253703.00000000,1693252799999,14261317.53440000,2626,8361525.00000000,8366200.48920000,0
1693252800000,1.00060000,1.00070000,1.00050000,1.00050000,15163796.00000000,1693256399999,15172750.34970000,2354,7912902.00000000,7917680.52250000,0
1693256400000,1.00060000,1.00060000,1.00040000,1.00050000,11195551.00000000,1693259999999,11201161.16180000,1721,3766650.00000000,3768560.40130000,0
1693260000000,1.00050000,1.00060000,1.00050000,1.00050000,4903650.00000000,1693263599999,4906372.84550000,1442,2710205.00000000,2711831.12300000,0
1693263600000,1.00050000,1.00070000,1.00050000,1.00060000,4588782.00000000,1693267199999,4591488.89420000,1996,1290598.00000000,1291397.80920000,0
1693267200000,1.00070000,1.00070000,1.00060000,1.00060000,10225292.00000000,1693270799999,10232160.89840000,2638,7337232.00000000,7342368.06240000,0
1693270800000,1.00070000,1.00070000,1.00060000,1.00060000,9804239.00000000,1693274399999,9810628.49670000,2711,5069533.00000000,5073081.67310000,0
1693274400000,1.00060000,1.00080000,1.00060000,1.00070000,10323817.00000000,1693277999999,10330992.69470000,1965,8286738.00000000,8292621.43250000,0
1693278000000,1.00080000,1.00080000,1.00070000,1.00070000,4970200.00000000,1693281599999,4973795.80740000,1285,1166674.00000000,1167607.33920000,0
1693281600000,1.00070000,1.00090000,1.00070000,1.00070000,13323218.00000000,1693285199999,13333433.45440000,1843,7353667.00000000,7359549.97090000,0
1693285200000,1.00070000,1.00080000,1.00070000,1.00070000,5930054.00000000,1693288799999,5934501.55470000,765,2965169.00000000,2967541.13520000,0
1693288800000,1.00080000,1.00080000,1.00070000,1.00070000,7907440.00000000,1693292399999,7913409.01070000,1726,4338027.00000000,4341497.42160000,0
1693292400000,1.00080000,1.00080000,1.00060000,1.00060000,11316822.00000000,1693295999999,11324311.28650000,2150,3181797.00000000,3184033.31320000,0
1693296000000,1.00060000,1.00070000,1.00060000,1.00060000,18481018.00000000,1693299599999,18493489.76710000,2462,13831563.00000000,13841245.09410000,0
1693299600000,1.00060000,1.00080000,1.00060000,1.00070000,12909168.00000000,1693303199999,12918706.05080000,2521,8906136.00000000,8912895.36230000,0
1693303200000,1.00070000,1.00090000,1.00070000,1.00070000,14114963.00000000,1693306799999,14125869.45300000,3912,9562916.00000000,9570566.34150000,0
1693306800000,1.00070000,1.00080000,1.00070000,1.00070000,6960492.00000000,1693310399999,6965721.49470000,2319,3571503.00000000,3574360.20240000,0
1693310400000,1.00070000,1.00080000,1.00070000,1.00070000,5907187.00000000,1693313999999,5911528.25320000,1817,2062223.00000000,2063872.77840000,0
1693314000000,1.00070000,1.00080000,1.00060000,1.00070000,19154004.00000000,1693317599999,19167320.56230000,4203,8334142.00000000,8340114.21910000,0
1693317600000,1.00080000,1.00080000,1.00040000,1.00040000,63202495.00000000,1693321199999,63240202.52490000,18391,21259950.00000000,21274147.20610000,0
1693321200000,1.00050000,1.00050000,1.00020000,1.00030000,75293155.00000000,1693324799999,75318933.89050000,12034,29396297.00000000,29407318.73440000,0
1693324800000,1.00030000,1.00040000,1.00010000,1.00020000,36774685.00000000,1693328399999,36783217.78040000,10106,15789413.00000000,15793665.47440000,0
1693328400000,1.00020000,1.00030000,1.00000000,1.00010000,35711872.00000000,1693331999999,35715872.44260000,8072,12470482.00000000,12472115.37060000,0
1693332000000,1.00020000,1.00020000,1.00000000,1.00000000,15156179.00000000,1693335599999,15156884.08210000,4206,4584315.00000000,4584796.35780000,0
1693335600000,1.00000000,1.00010000,0.99990000,1.00000000,45578497.00000000,1693339199999,45578371.42970000,6252,26400334.00000000,26400414.63130000,0
1693339200000,1.00000000,1.00010000,0.99990000,0.99990000,28275268.00000000,1693342799999,28275142.48690000,5040,14352538.00000000,14352625.99150000,0
1693342800000,0.99990000,1.00010000,0.99990000,0.99990000,18875888.00000000,1693346399999,18875847.81300000,4573,7774332.00000000,7774584.38810000,0
1693346400000,0.99990000,1.00000000,0.99990000,0.99990000,6590869.00000000,1693349999999,6590324.71070000,2786,1147976.00000000,1147976.00000000,0
1693350000000,0.99990000,1.00010000,0.99990000,1.00000000,9989152.00000000,1693353599999,9989176.20310000,2596,6104955.00000000,6105079.58660000,0
1693353600000,1.00010000,1.00020000,1.00000000,1.00020000,14735207.00000000,1693357199999,14736783.23780000,3606,9992377.00000000,9993609.46330000,0
1693357200000,1.00010000,1.00020000,1.00000000,1.00010000,13912016.00000000,1693360799999,13913369.09600000,3980,1353282.00000000,1353488.01490000,0
1693360800000,1.00000000,1.00010000,0.99990000,1.00000000,19670129.00000000,1693364399999,19670196.90760000,4581,8664648.00000000,8664751.37430000,0
1693364400000,1.00000000,1.00010000,1.00000000,1.00010000,9574894.00000000,1693367999999,9575282.49690000,3181,3884969.00000000,3885357.49690000,0
1693368000000,1.00010000,1.00010000,1.00000000,1.00010000,3003354.00000000,1693371599999,3003600.46350000,1314,2464635.00000000,2464881.46350000,0
1693371600000,1.00010000,1.00010000,1.00000000,1.00000000,8164615.00000000,1693375199999,8164979.08440000,1633,3640844.00000000,3641208.08440000,0
1693375200000,1.00000000,1.00010000,1.00000000,1.00000000,8900740.00000000,1693378799999,8901167.68460000,1964,4276846.00000000,4277273.68460000,0
1693378800000,1.00010000,1.00020000,1.00000000,1.00010000,17921096.00000000,1693382399999,17923150.08750000,2267,15018530.00000000,15020384.53310000,0
1693382400000,1.00010000,1.00030000,1.00010000,1.00010000,37158236.00000000,1693385999999,37165665.60320000,2549,20295761.00000000,20300088.37240000,0
1693386000000,1.00010000,1.00020000,1.00000000,1.00000000,19502484.00000000,1693389599999,19504559.90250000,3187,3081687.00000000,3082136.51620000,0
1693389600000,1.00010000,1.00010000,1.00000000,1.00000000,13025903.00000000,1693393199999,13026531.08910000,1770,6280891.00000000,6281519.08910000,0
1693393200000,1.00000000,1.00020000,1.00000000,1.00010000,4674816.00000000,1693396799999,4675369.99700000,3154,2742754.00000000,2743137.93720000,0
1693396800000,1.00010000,1.00020000,1.00000000,1.00020000,15177593.00000000,1693400399999,15179158.18660000,4674,4860873.00000000,4861417.58530000,0
1693400400000,1.00010000,1.00020000,1.00000000,1.00010000,21316917.00000000,1693403999999,21319230.40870000,5731,10365454.00000000,10366922.49350000,0
1693404000000,1.00010000,1.00010000,1.00000000,1.00010000,17392690.00000000,1693407599999,17393627.46390000,6057,9374639.00000000,9375576.46390000,0
1693407600000,1.00010000,1.00010000,1.00000000,1.00000000,17414245.00000000,1693411199999,17414966.84730000,4901,7218473.00000000,7219194.84730000,0
1693411200000,1.00010000,1.00010000,1.00000000,1.00000000,18714289.00000000,1693414799999,18715490.75980000,3143,12017598.00000000,12018799.75980000,0
1693414800000,1.00010000,1.00010000,1.00000000,1.00010000,10900976.00000000,1693418399999,10901414.84570000,3578,4388457.00000000,4388895.84570000,0
1693418400000,1.00010000,1.00020000,1.00000000,1.00010000,11604262.00000000,1693421999999,11605385.44970000,2720,10425809.00000000,10426897.79800000,0
1693422000000,1.00010000,1.00020000,1.00000000,1.00020000,10314638.00000000,1693425599999,10315754.69970000,3638,5592009.00000000,5592757.02110000,0
1693425600000,1.00010000,1.00020000,1.00000000,1.00000000,5928028.00000000,1693429199999,5928711.04470000,2373,1639448.00000000,1639759.57150000,0
1693429200000,1.00000000,1.00020000,1.00000000,1.00010000,8649544.00000000,1693432799999,8650305.18620000,2405,5974893.00000000,5975495.05560000,0
1693432800000,1.00010000,1.00020000,1.00000000,1.00010000,9416366.00000000,1693436399999,9417218.42960000,2616,5811698.00000000,5812288.88650000,0
1693436400000,1.00010000,1.00020000,1.00000000,1.00000000,11396036.00000000,1693439999999,11397132.51080000,3050,5150819.00000000,5151345.80570000,0
1693440000000,1.00000000,1.00020000,1.00000000,1.00010000,7025230.00000000,1693443599999,7025896.64090000,2225,5258929.00000000,5259514.57010000,0
1693443600000,1.00010000,1.00020000,1.00010000,1.00020000,4400805.00000000,1693447199999,4401358.00120000,2156,1129207.00000000,1129432.84140000,0
1693447200000,1.00010000,1.00020000,1.00000000,1.00010000,15387511.00000000,1693450799999,15389153.93570000,1644,4780519.00000000,4781123.01760000,0
1693450800000,1.00010000,1.00020000,1.00000000,1.00020000,8509229.00000000,1693454399999,8510510.57630000,1655,6165129.00000000,6166181.21470000,0
1693454400000,1.00020000,1.00020000,1.00010000,1.00010000,2947727.00000000,1693457999999,2948247.23090000,1557,2254582.00000000,2255032.91640000,0
1693458000000,1.00010000,1.00020000,1.00010000,1.00020000,3194683.00000000,1693461599999,3195218.13520000,1241,2156669.00000000,2157100.33380000,0
1693461600000,1.00010000,1.00020000,1.00010000,1.00020000,3752087.00000000,1693465199999,3752688.65010000,1189,2264414.00000000,2264866.88280000,0
1693465200000,1.00020000,1.00020000,1.00010000,1.00010000,8141685.00000000,1693468799999,8142963.77860000,2026,4646101.00000000,4647030.22020000,0
1693468800000,1.00020000,1.00030000,1.00010000,1.00020000,24033776.00000000,1693472399999,24037690.15590000,3688,10444216.00000000,10446308.92220000,0
1693472400000,1.00010000,1.00020000,1.00010000,1.00010000,5899943.00000000,1693475999999,5900703.68220000,2124,1706879.00000000,1707220.37580000,0
1693476000000,1.00010000,1.00020000,1.00000000,1.00000000,23720196.00000000,1693479599999,23721890.76070000,2935,4665832.00000000,4666317.12900000,0
1693479600000,1.00010000,1.00010000,1.00000000,1.00000000,13450714.00000000,1693483199999,13451672.60890000,4457,9586089.00000000,9587047.60890000,0
1693483200000,1.00010000,1.00010000,1.00000000,1.00000000,5272825.00000000,1693486799999,5273164.11500000,2402,3391150.00000000,3391489.11500000,0
1693486800000,1.00010000,1.00010000,1.00000000,1.00010000,9475501.00000000,1693490399999,9476224.62600000,2240,7236260.00000000,7236983.62600000,0
1693490400000,1.00000000,1.00010000,1.00000000,1.00000000,5596813.00000000,1693493999999,5597216.07160000,3203,4030716.00000000,4031119.07160000,0
1693494000000,1.00000000,1.00010000,1.00000000,1.00000000,13746575.00000000,1693497599999,13747605.52830000,3472,10305283.00000000,10306313.52830000,0
1693497600000,1.00010000,1.00020000,1.00000000,1.00010000,27814976.00000000,1693501199999,27817803.36390000,6373,12228025.00000000,12229423.68120000,0
1693501200000,1.00000000,1.00020000,1.00000000,1.00010000,17844736.00000000,1693504799999,17847393.71240000,5546,12360246.00000000,12362444.16500000,0
1693504800000,1.00010000,1.00030000,1.00010000,1.00020000,16240284.00000000,1693508399999,16243026.73640000,3491,11081723.00000000,11083941.33460000,0
1693508400000,1.00030000,1.00030000,1.00010000,1.00020000,15203095.00000000,1693511999999,15206200.53950000,4626,4475209.00000000,4476215.11300000,0
1693512000000,1.00020000,1.00030000,1.00010000,1.00020000,9264258.00000000,1693515599999,9266088.04090000,3416,5820412.00000000,5821618.95680000,0
1693515600000,1.00020000,1.00030000,1.00010000,1.00020000,13358053.00000000,1693519199999,13360415.14990000,4202,2564947.00000000,2565519.14340000,0
1693519200000,1.00020000,1.00040000,1.00010000,1.00030000,20609712.00000000,1693522799999,20615046.22360000,3012,12684996.00000000,12688200.04760000,0
1693522800000,1.00030000,1.00030000,1.00020000,1.00020000,7660692.00000000,1693526399999,7662558.63930000,1843,3345009.00000000,3346012.50270000,0
