1659312000000,0.99960000,0.99970000,0.99960000,0.99960000,3115873.00000000,1659315599999,3114856.84060000,1365,2301898.00000000,2301207.43060000,0
1659315600000,0.99970000,0.99970000,0.99960000,0.99960000,3465879.00000000,1659319199999,3464632.08560000,1204,1394372.00000000,1393953.68840000,0
1659319200000,0.99960000,0.99970000,0.99960000,0.99970000,2254526.00000000,1659322799999,2253717.29070000,1309,931011.00000000,930731.69670000,0
1659322800000,0.99970000,0.99970000,0.99960000,0.99960000,4595163.00000000,1659326399999,4593612.15800000,1156,2872232.00000000,2871370.33040000,0
1659326400000,0.99970000,0.99970000,0.99960000,0.99960000,3757841.00000000,1659329999999,3756629.83230000,1016,2919687.00000000,2918811.09390000,0
1659330000000,0.99970000,0.99970000,0.99960000,0.99960000,1827055.00000000,1659333599999,1826439.47440000,1008,1152964.00000000,1152618.11080000,0
1659333600000,0.99960000,0.99980000,0.99960000,0.99970000,16929836.00000000,1659337199999,16924901.80960000,3528,7399548.00000000,7397514.13850000,0
1659337200000,0.99970000,0.99980000,0.99970000,0.99970000,6821638.00000000,1659340799999,6819865.61640000,2246,2741078.00000000,2740529.78440000,0
1659340800000,0.99970000,0.99980000,0.99970000,0.99970000,7522481.00000000,1659344399999,7520511.29480000,2048,2870391.00000000,2869816.92180000,0
1659344400000,0.99970000,0.99980000,0.99970000,0.99970000,4947786.00000000,1659347999999,4946523.85730000,1974,2221931.00000000,2221486.61380000,0
1659348000000,0.99970000,0.99980000,0.99960000,0.99970000,21494776.00000000,1659351599999,21488442.88860000,3581,7961379.00000000,7959113.30620000,0
1659351600000,0.99970000,0.99980000,0.99970000,0.99970000,4304982.00000000,1659355199999,4303827.32650000,2875,1368211.00000000,1367937.35780000,0
1659355200000,0.99970000,0.99980000,0.99970000,0.99980000,5733092.00000000,1659358799999,5731507.53580000,2262,1354634.00000000,1354363.07320000,0
1659358800000,0.99970000,1.00000000,0.99960000,0.99970000,188828086.00000000,1659362399999,188791663.13600000,4990,102958803.00000000,102937250.80820000,0
1659362400000,0.99970000,1.00000000,0.99970000,0.99970000,48711315.00000000,1659365999999,48702140.58740000,6988,27926673.00000000,27921592.16480000,0
1659366000000,0.99970000,0.99980000,0.99970000,0.99970000,4992029.00000000,1659369599999,4990677.16630000,2667,1457750.00000000,1457458.45000000,0
1659369600000,0.99980000,0.99980000,0.99970000,0.99970000,8460430.00000000,1659373199999,8458370.96360000,2193,4790926.00000000,4789967.81480000,0
1659373200000,0.99970000,0.99980000,0.99970000,0.99970000,9107628.00000000,1659376799999,9105526.82880000,3525,6311172.00000000,6309909.76560000,0
1659376800000,0.99970000,0.99980000,0.99970000,0.99970000,3842734.00000000,1659380399999,3841872.68360000,2571,2915038.00000000,2914454.99240000,0
1659380400000,0.99970000,0.99980000,0.99970000,0.99970000,2919324.00000000,1659383999999,2918566.78180000,2351,1185790.00000000,1185552.84200000,0
1659384000000,0.99970000,0.99980000,0.99970000,0.99980000,3022013.00000000,1659387599999,3021283.79240000,2398,1773963.00000000,1773608.20740000,0
1659387600000,0.99980000,0.99990000,0.99970000,0.99980000,11797151.00000000,1659391199999,11794928.72830000,4245,5945118.00000000,5944136.85460000,0
1659391200000,0.99980000,0.99990000,0.99970000,0.99970000,5526347.00000000,1659394799999,5525190.09920000,3271,536255.00000000,536154.42620000,0
1659394800000,0.99970000,0.99980000,0.99970000,0.99970000,5474060.00000000,1659398399999,5472515.56550000,3377,977835.00000000,977639.43300000,0
1659398400000,0.99970000,0.99980000,0.99970000,0.99980000,3609271.00000000,1659401999999,3608373.99390000,3441,1857752.00000000,1857380.44960000,0
1659402000000,0.99980000,0.99980000,0.99970000,0.99970000,2980597.00000000,1659405599999,2979817.71680000,2704,1148959.00000000,1148729.20820000,0
1659405600000,0.99980000,0.99980000,0.99960000,0.99960000,9253523.00000000,1659409199999,9250840.81650000,3282,1225368.00000000,1225100.46050000,0
1659409200000,0.99970000,0.99980000,0.99960000,0.99970000,20725446.00000000,1659412799999,20719908.51590000,3855,16214555.00000000,16210455.26410000,0
1659412800000,0.99980000,0.99990000,0.99970000,0.99980000,20261953.00000000,1659416399999,20257775.86560000,2564,10107205.00000000,10105183.88460000,0
1659416400000,0.99970000,0.99980000,0.99970000,0.99970000,3479211.00000000,1659419999999,3478323.29690000,1808,1560602.00000000,1560289.87960000,0
1659420000000,0.99970000,0.99980000,0.99970000,0.99970000,2883717.00000000,1659423599999,2882981.82290000,2143,1299380.00000000,1299120.12400000,0
1659423600000,0.99970000,0.99980000,0.99970000,0.99980000,5922031.00000000,1659427199999,5920654.11300000,2950,3997223.00000000,3996423.55540000,0
1659427200000,0.99980000,0.99980000,0.99970000,0.99980000,3306929.00000000,1659430799999,3306090.54730000,2724,1536260.00000000,1535952.74800000,0
1659430800000,0.99970000,0.99980000,0.99970000,0.99980000,7454491.00000000,1659434399999,7452559.90790000,3064,3052552.00000000,3051941.48960000,0
1659434400000,0.99980000,0.99980000,0.99970000,0.99980000,6274273.00000000,1659437999999,6272504.60140000,2584,1138833.00000000,1138605.23340000,0
1659438000000,0.99970000,0.99990000,0.99970000,0.99980000,18024176.00000000,1659441599999,18020619.03440000,6039,13149252.00000000,13146741.76590000,0
1659441600000,0.99980000,0.99990000,0.99970000,0.99980000,8431647.00000000,1659445199999,8429720.00050000,3561,3260268.00000000,3259619.86410000,0
1659445200000,0.99970000,0.99980000,0.99970000,0.99980000,4110409.00000000,1659448799999,4109334.35540000,3344,1584781.00000000,1584464.04380000,0
1659448800000,0.99980000,0.99990000,0.99970000,0.99980000,10785929.00000000,1659452399999,10783665.34590000,6607,8083070.00000000,8081516.43850000,0
1659452400000,0.99980000,0.99990000,0.99980000,0.99980000,27207276.00000000,1659455999999,27203529.76560000,5709,16952208.00000000,16950512.77920000,0
1659456000000,0.99990000,0.99990000,0.99980000,0.99980000,18325358.00000000,1659459599999,18322053.28110000,9696,3603527.00000000,3603166.64730000,0
1659459600000,0.99980000,0.99990000,0.99970000,0.99980000,13895246.00000000,1659463199999,13892612.82240000,6963,7532441.00000000,7531081.13790000,0
1659463200000,0.99980000,0.99990000,0.99980000,0.99990000,3187003.00000000,1659466799999,3186548.22760000,3079,1826282.00000000,1826099.37180000,0
1659466800000,0.99990000,0.99990000,0.99980000,0.99980000,2574920.00000000,1659470399999,2574537.99720000,3005,1329812.00000000,1329679.01880000,0
1659470400000,0.99990000,0.99990000,0.99980000,0.99980000,4072626.00000000,1659473999999,4072054.20000000,2910,2427252.00000000,2427009.27480000,0
1659474000000,0.99980000,0.99990000,0.99980000,0.99980000,2164504.00000000,1659477599999,2164156.73960000,2565,856404.00000000,856318.35960000,0
1659477600000,0.99990000,0.99990000,0.99980000,0.99980000,4909149.00000000,1659481199999,4908472.69190000,2387,3055217.00000000,3054911.47830000,0
1659481200000,0.99990000,0.99990000,0.99980000,0.99990000,1222798.00000000,1659484799999,1222586.04400000,2114,326036.00000000,326003.39640000,0
1659484800000,0.99980000,0.99990000,0.99980000,0.99990000,3311813.00000000,1659488399999,3311328.32000000,3226,1776826.00000000,1776648.31740000,0
1659488400000,0.99980000,0.99990000,0.99980000,0.99990000,7469370.00000000,1659491999999,7468365.17460000,3378,4890486.00000000,4889996.95140000,0
1659492000000,0.99980000,0.99990000,0.99980000,0.99980000,3600930.00000000,1659495599999,3600362.94560000,2595,1531316.00000000,1531162.86840000,0
1659495600000,0.99980000,0.99990000,0.99980000,0.99990000,5217127.00000000,1659499199999,5216326.22540000,2767,2426508.00000000,2426265.34920000,0
1659499200000,0.99990000,0.99990000,0.99980000,0.99980000,3330473.00000000,1659502799999,3329964.26410000,2472,1573587.00000000,1573429.64130000,0
1659502800000,0.99990000,0.99990000,0.99980000,0.99990000,3750723.00000000,1659506399999,3750145.13280000,2424,1722774.00000000,1722601.72260000,0
1659506400000,0.99980000,0.99990000,0.99980000,0.99990000,4011402.00000000,1659509999999,4010668.72980000,2932,690102.00000000,690032.98980000,0
1659510000000,0.99990000,0.99990000,0.99980000,0.99980000,4441919.00000000,1659513599999,4441258.39930000,2689,2277831.00000000,2277603.21690000,0
1659513600000,0.99980000,0.99990000,0.99980000,0.99980000,8259325.00000000,1659517199999,8257924.86340000,3827,2517284.00000000,2517032.27160000,0
1659517200000,0.99980000,0.99990000,0.99980000,0.99980000,6173359.00000000,1659520799999,6172373.66670000,3841,2493385.00000000,2493135.66150000,0
1659520800000,0.99990000,0.99990000,0.99980000,0.99980000,11150985.00000000,1659524399999,11149367.77730000,4643,6129743.00000000,6129130.02570000,0
1659524400000,0.99980000,0.99990000,0.99980000,0.99980000,14949967.00000000,1659527999999,14948006.40750000,4428,10294009.00000000,10292979.59910000,0
1659528000000,0.99980000,0.99990000,0.99980000,0.99980000,6991431.00000000,1659531599999,6990247.81810000,4600,2151043.00000000,2150827.89570000,0
1659531600000,0.99980000,0.99990000,0.99980000,0.99980000,5285776.00000000,1659535199999,5284816.23260000,4196,973878.00000000,973780.61220000,0
1659535200000,0.99990000,0.99990000,0.99980000,0.99980000,8021558.00000000,1659538799999,8020289.37850000,4056,3356901.00000000,3356565.30990000,0
1659538800000,0.99980000,0.99990000,0.99980000,0.99980000,4275071.00000000,1659542399999,4274300.29210000,3543,843063.00000000,842978.69370000,0
1659542400000,0.99980000,0.99990000,0.99980000,0.99990000,8350399.00000000,1659545999999,8349042.08650000,4030,3131663.00000000,3131349.83370000,0
1659546000000,0.99980000,0.99990000,0.99980000,0.99990000,17618848.00000000,1659549599999,17616061.47320000,5433,7372428.00000000,7371690.75720000,0
1659549600000,0.99980000,0.99990000,0.99980000,0.99980000,5049460.00000000,1659553199999,5048648.82340000,4199,1987154.00000000,1986955.28460000,0
1659553200000,0.99980000,0.99990000,0.99970000,0.99970000,5263396.00000000,1659556799999,5262311.27210000,3331,3582361.00000000,3581668.03950000,0
1659556800000,0.99980000,0.99980000,0.99970000,0.99970000,10332990.00000000,1659560399999,10330396.13920000,2905,5060362.00000000,5059349.92760000,0
1659560400000,0.99980000,0.99990000,0.99970000,0.99970000,10059497.00000000,1659563999999,10057440.18860000,2664,4292407.00000000,4291548.84980000,0
1659564000000,0.99980000,0.99980000,0.99970000,0.99970000,2566989.00000000,1659567599999,2566413.90650000,3820,1950032.00000000,1949641.99360000,0
1659567600000,0.99970000,0.99990000,0.99970000,0.99980000,10749422.00000000,1659571199999,10747225.78170000,3270,7124522.00000000,7123129.63790000,0
1659571200000,0.99990000,0.99990000,0.99980000,0.99990000,5754226.00000000,1659574799999,5753297.60230000,4262,2224475.00000000,2224252.55250000,0
1659574800000,0.99980000,0.99990000,0.99980000,0.99980000,4644992.00000000,1659578399999,4644199.25400000,4420,1362524.00000000,1362387.74760000,0
1659578400000,0.99980000,0.99990000,0.99970000,0.99980000,7162794.00000000,1659581999999,7161246.45330000,3189,1545241.00000000,1544932.23920000,0
1659582000000,0.99970000,0.99980000,0.99970000,0.99980000,15106751.00000000,1659585599999,15102940.12780000,2287,7211531.00000000,7210088.69380000,0
1659585600000,0.99980000,0.99980000,0.99970000,0.99970000,3304074.00000000,1659589199999,3303211.67750000,2352,1288997.00000000,1288739.20060000,0
1659589200000,0.99980000,0.99980000,0.99970000,0.99980000,1435469.00000000,1659592799999,1435093.92450000,2123,555652.00000000,555540.86960000,0
1659592800000,0.99980000,0.99980000,0.99970000,0.99980000,7264096.00000000,1659596399999,7262111.41820000,3244,1946470.00000000,1946080.70600000,0
1659596400000,0.99980000,0.99980000,0.99970000,0.99980000,6445303.00000000,1659599999999,6443776.39580000,2771,4069867.00000000,4069053.02660000,0
1659600000000,0.99970000,0.99980000,0.99970000,0.99980000,7433357.00000000,1659603599999,7431677.99080000,3134,5509979.00000000,5508877.00420000,0
1659603600000,0.99970000,0.99980000,0.99970000,0.99980000,14169299.00000000,1659607199999,14165369.13330000,2699,3209230.00000000,3208588.15400000,0
1659607200000,0.99980000,0.99990000,0.99970000,0.99980000,31892567.00000000,1659610799999,31885980.55200000,4384,22166004.00000000,22161570.82730000,0
1659610800000,0.99980000,0.99990000,0.99970000,0.99990000,17362832.00000000,1659614399999,17359370.38270000,3475,12769489.00000000,12766978.69640000,0
1659614400000,0.99980000,0.99990000,0.99980000,0.99980000,8065422.00000000,1659617999999,8063935.74740000,3233,1268318.00000000,1268191.16820000,0
1659618000000,0.99980000,0.99990000,0.99980000,0.99980000,4624471.00000000,1659621599999,4623760.09840000,3746,2139926.00000000,2139712.00740000,0
1659621600000,0.99980000,0.99990000,0.99980000,0.99980000,13490266.00000000,1659625199999,13488102.55090000,5984,5346041.00000000,5345506.39590000,0
1659625200000,0.99990000,1.00000000,0.99980000,0.99990000,20605939.00000000,1659628799999,20604022.63910000,4002,16021752.00000000,16020321.93440000,0
1659628800000,0.99990000,1.00000000,0.99990000,0.99990000,5507031.00000000,1659632399999,5506609.49850000,3867,1292016.00000000,1292016.00000000,0
1659632400000,0.99990000,1.00000000,0.99990000,0.99990000,3952861.00000000,1659635999999,3952716.99510000,2625,2512812.00000000,2512812.00000000,0
1659636000000,0.99990000,1.00000000,0.99990000,1.00000000,3848903.00000000,1659639599999,3848681.04960000,2641,1629399.00000000,1629399.00000000,0
1659639600000,0.99990000,1.00000000,0.99990000,1.00000000,2100840.00000000,1659643199999,2100721.59820000,2191,916822.00000000,916822.00000000,0
1659643200000,0.99990000,1.00000000,0.99990000,0.99990000,3853983.00000000,1659646799999,3853919.03860000,1435,3214369.00000000,3214369.00000000,0
1659646800000,1.00000000,1.00000000,0.99990000,1.00000000,7393599.00000000,1659650399999,7393528.69720000,1857,6690571.00000000,6690571.00000000,0
1659650400000,1.00000000,1.00020000,0.99990000,1.00000000,128460722.00000000,1659653999999,128465186.04420000,3121,65146980.00000000,65147094.18520000,0
1659654000000,1.00000000,1.00000000,0.99990000,0.99990000,876888.00000000,1659657599999,876845.16500000,1574,448538.00000000,448538.00000000,0
1659657600000,1.00000000,1.00000000,0.99990000,0.99990000,1207578.00000000,1659661199999,1207503.73290000,1535,464907.00000000,464907.00000000,0
1659661200000,0.99990000,1.00000000,0.99990000,0.99990000,2094128.00000000,1659664799999,2094012.43970000,2040,938525.00000000,938525.00000000,0
1659664800000,0.99990000,1.00000000,0.99990000,0.99990000,6461703.00000000,1659668399999,6461214.91060000,6213,1580809.00000000,1580809.00000000,0
1659668400000,0.99990000,1.00000000,0.99980000,0.99990000,16518976.00000000,1659671999999,16517212.95300000,3082,4885354.00000000,4884867.33740000,0
1659672000000,0.99980000,0.99990000,0.99980000,0.99980000,8007871.00000000,1659675599999,8006858.45470000,2079,5890289.00000000,5889699.97110000,0
1659675600000,0.99990000,0.99990000,0.99980000,0.99990000,1966988.00000000,1659679199999,1966646.10470000,1988,515023.00000000,514971.49770000,0
1659679200000,0.99980000,0.99990000,0.99980000,0.99990000,3131039.00000000,1659682799999,3130583.27020000,2127,1704780.00000000,1704609.52200000,0
1659682800000,0.99980000,0.99990000,0.99980000,0.99980000,11951057.00000000,1659686399999,11948822.19630000,2198,1554077.00000000,1553921.59230000,0
1659686400000,0.99980000,0.99990000,0.99980000,0.99990000,3054318.00000000,1659689999999,3053813.65380000,1740,1065174.00000000,1065067.48260000,0
1659690000000,0.99990000,0.99990000,0.99980000,0.99990000,2881333.00000000,1659693599999,2880954.30260000,1644,1975692.00000000,1975494.43080000,0
1659693600000,0.99980000,0.99990000,0.99980000,0.99980000,2188620.00000000,1659697199999,2188301.49950000,1664,1192235.00000000,1192115.77650000,0
1659697200000,0.99990000,0.99990000,0.99980000,0.99990000,6151561.00000000,1659700799999,6150624.81130000,3428,2941235.00000000,2940940.87650000,0
1659700800000,0.99990000,1.00000000,0.99980000,1.00000000,33993835.00000000,1659704399999,33989381.08070000,6819,20857897.00000000,20856010.24940000,0
1659704400000,1.00000000,1.00000000,0.99980000,0.99990000,46968625.00000000,1659707999999,46963929.59520000,5196,23463543.00000000,23461311.65270000,0
1659708000000,0.99990000,1.00000000,0.99980000,0.99990000,14450789.00000000,1659711599999,14449455.60390000,3938,9616005.00000000,9615192.87510000,0
1659711600000,0.99990000,1.00000000,0.99990000,1.00000000,5262934.00000000,1659715199999,5262708.81010000,2425,3011035.00000000,3011035.00000000,0
1659715200000,0.99990000,1.00000000,0.99990000,1.00000000,3822089.00000000,1659718799999,3822006.25300000,2141,2994619.00000000,2994619.00000000,0
1659718800000,0.99990000,1.00000000,0.99990000,1.00000000,3158794.00000000,1659722399999,3158653.18190000,2101,1750613.00000000,1750613.00000000,0
1659722400000,1.00000000,1.00010000,0.99990000,0.99990000,22276129.00000000,1659725999999,22276625.63360000,1866,14582228.00000000,14582254.22650000,0
1659726000000,1.00000000,1.00000000,0.99990000,0.99990000,3656849.00000000,1659729599999,3656581.15270000,1422,978376.00000000,978376.00000000,0
1659729600000,0.99990000,1.00000000,0.99990000,0.99990000,2255473.00000000,1659733199999,2255377.17430000,1720,1297216.00000000,1297216.00000000,0
1659733200000,1.00000000,1.00000000,0.99990000,1.00000000,3778232.00000000,1659736799999,3778068.72490000,3634,2145481.00000000,2145481.00000000,0
1659736800000,1.00000000,1.00000000,0.99990000,0.99990000,4147775.00000000,1659740399999,4147518.01920000,2627,1577967.00000000,1577967.00000000,0
1659740400000,0.99990000,1.00000000,0.99990000,1.00000000,6068889.00000000,1659743999999,6068356.41130000,3254,743002.00000000,743002.00000000,0
1659744000000,0.99990000,1.00000000,0.99990000,0.99990000,8918846.00000000,1659747599999,8918030.00170000,2851,758863.00000000,758863.00000000,0
1659747600000,0.99990000,1.00000000,0.99980000,0.99990000,4653221.00000000,1659751199999,4652645.45170000,2464,1298103.00000000,1297986.28910000,0
1659751200000,0.99990000,0.99990000,0.99980000,0.99990000,2925579.00000000,1659754799999,2925203.56590000,2481,2096817.00000000,2096607.31830000,0
1659754800000,0.99990000,0.99990000,0.99980000,0.99990000,2050894.00000000,1659758399999,2050624.51270000,2459,1406915.00000000,1406774.30850000,0
1659758400000,0.99990000,0.99990000,0.99980000,0.99990000,1993170.00000000,1659761999999,1992828.41310000,2492,570471.00000000,570413.95290000,0
1659762000000,0.99980000,0.99990000,0.99980000,0.99990000,5961673.00000000,1659765599999,5960893.58610000,3672,4129207.00000000,4128794.07930000,0
1659765600000,0.99990000,0.99990000,0.99980000,0.99990000,2008483.00000000,1659769199999,2008148.82560000,2575,675222.00000000,675154.47780000,0
1659769200000,0.99990000,0.99990000,0.99980000,0.99980000,1895560.00000000,1659772799999,1895252.41030000,2267,715223.00000000,715151.47770000,0
1659772800000,0.99990000,0.99990000,0.99980000,0.99990000,14560828.00000000,1659776399999,14558208.38860000,3892,2925542.00000000,2925249.44580000,0
1659776400000,0.99990000,0.99990000,0.99980000,0.99980000,1324816.00000000,1659779999999,1324614.12470000,2595,630879.00000000,630815.91210000,0
1659780000000,0.99990000,0.99990000,0.99980000,0.99990000,5816642.00000000,1659783599999,5815855.22710000,2048,3765555.00000000,3765178.44450000,0
1659783600000,0.99990000,1.00000000,0.99980000,0.99990000,16243911.00000000,1659787199999,16242181.74100000,2356,8234201.00000000,8233377.75160000,0
1659787200000,0.99990000,0.99990000,0.99980000,0.99990000,3277923.00000000,1659790799999,3277428.87260000,2437,1614572.00000000,1614410.54280000,0
1659790800000,0.99990000,0.99990000,0.99980000,0.99990000,1826275.00000000,1659794399999,1825962.13990000,2015,523949.00000000,523896.60510000,0
1659794400000,0.99990000,1.00000000,0.99980000,1.00000000,13577513.00000000,1659797999999,13576033.36770000,2473,11487217.00000000,11486072.62400000,0
1659798000000,1.00000000,1.00000000,0.99990000,0.99990000,6389175.00000000,1659801599999,6389058.42330000,2054,5223408.00000000,5223408.00000000,0
1659801600000,0.99990000,1.00000000,0.99990000,1.00000000,3107008.00000000,1659805199999,3106781.02990000,2223,837307.00000000,837307.00000000,0
1659805200000,1.00000000,1.00000000,0.99980000,0.99990000,9644991.00000000,1659808799999,9644003.59610000,3856,564265.00000000,564258.36420000,0
1659808800000,0.99990000,0.99990000,0.99980000,0.99980000,1997192.00000000,1659812399999,1996890.56200000,2107,980004.00000000,979905.99960000,0
1659812400000,0.99980000,1.00000000,0.99980000,0.99990000,6823183.00000000,1659815999999,6822460.63240000,1651,5394961.00000000,5394425.43380000,0
1659816000000,1.00000000,1.00000000,0.99990000,0.99990000,2819143.00000000,1659819599999,2818891.67430000,1577,305886.00000000,305886.00000000,0
1659819600000,0.99990000,1.00000000,0.99980000,0.99980000,6535118.00000000,1659823199999,6534359.79740000,1458,348068.00000000,348041.89780000,0
1659823200000,0.99980000,0.99990000,0.99980000,0.99990000,822257.00000000,1659826799999,822136.12370000,1450,435751.00000000,435707.42490000,0
1659826800000,0.99980000,0.99990000,0.99980000,0.99980000,2487031.00000000,1659830399999,2486661.34910000,2485,1277553.00000000,1277425.24470000,0
1659830400000,0.99990000,0.99990000,0.99980000,0.99980000,3394888.00000000,1659833999999,3394254.80980000,3380,457874.00000000,457828.21260000,0
1659834000000,0.99980000,0.99990000,0.99980000,0.99990000,2646262.00000000,1659837599999,2645827.68010000,2919,949325.00000000,949230.06750000,0
1659837600000,0.99980000,0.99990000,0.99980000,0.99990000,1555569.00000000,1659841199999,1555312.09710000,1740,542109.00000000,542054.78910000,0
1659841200000,0.99990000,0.99990000,0.99980000,0.99980000,3825812.00000000,1659844799999,3825242.84580000,1811,1960082.00000000,1959885.99180000,0
1659844800000,0.99990000,0.99990000,0.99980000,0.99980000,1948451.00000000,1659848399999,1948113.41630000,1854,521065.00000000,521012.89350000,0
1659848400000,0.99980000,0.99990000,0.99980000,0.99980000,1769042.00000000,1659851999999,1768734.10670000,1707,459151.00000000,459105.08490000,0
1659852000000,0.99980000,0.99990000,0.99980000,0.99990000,1086535.00000000,1659855599999,1086371.65560000,1404,539626.00000000,539572.03740000,0
1659855600000,0.99980000,0.99990000,0.99980000,0.99990000,1423063.00000000,1659859199999,1422839.91370000,1666,615263.00000000,615201.47370000,0
1659859200000,0.99990000,0.99990000,0.99980000,0.99990000,1444174.00000000,1659862799999,1443953.21130000,1710,680461.00000000,680392.95390000,0
1659862800000,0.99990000,0.99990000,0.99980000,0.99980000,1259786.00000000,1659866399999,1259588.81340000,1639,547706.00000000,547651.22940000,0
1659866400000,0.99990000,0.99990000,0.99980000,0.99990000,2494343.00000000,1659869999999,2494010.51840000,1341,1663870.00000000,1663703.61300000,0
1659870000000,0.99990000,0.99990000,0.99980000,0.99990000,1577148.00000000,1659873599999,1576934.09410000,1645,1015237.00000000,1015135.47630000,0
1659873600000,0.99990000,0.99990000,0.99980000,0.99980000,3046446.00000000,1659877199999,3045922.06280000,2567,853520.00000000,853434.64800000,0
1659877200000,0.99990000,0.99990000,0.99980000,0.99990000,1502546.00000000,1659880799999,1502316.74240000,1886,712516.00000000,712444.74840000,0
1659880800000,0.99980000,0.99990000,0.99980000,0.99990000,4132393.00000000,1659884399999,4131757.13330000,2277,1906119.00000000,1905928.38810000,0
1659884400000,0.99990000,0.99990000,0.99980000,0.99990000,4735100.00000000,1659887999999,4734312.29160000,2097,1593116.00000000,1592956.68840000,0
1659888000000,0.99990000,0.99990000,0.99980000,0.99990000,2460516.00000000,1659891599999,2460074.44460000,1651,505478.00000000,505427.45220000,0
1659891600000,0.99990000,0.99990000,0.99980000,0.99980000,3301376.00000000,1659895199999,3300859.58300000,2044,1438582.00000000,1438438.14180000,0
1659895200000,0.99980000,0.99990000,0.99980000,0.99990000,1767145.00000000,1659898799999,1766839.58970000,1557,480187.00000000,480138.98130000,0
1659898800000,0.99990000,0.99990000,0.99980000,0.99990000,684627.00000000,1659902399999,684524.29790000,1401,342233.00000000,342198.77670000,0
1659902400000,0.99990000,0.99990000,0.99980000,0.99990000,1017875.00000000,1659905999999,1017719.55780000,1858,481328.00000000,481279.86720000,0
1659906000000,0.99990000,0.99990000,0.99980000,0.99990000,929006.00000000,1659909599999,928867.34540000,1896,471466.00000000,471418.85340000,0
1659909600000,0.99990000,0.99990000,0.99980000,0.99990000,1681361.00000000,1659913199999,1681050.10240000,1714,253746.00000000,253720.62540000,0
1659913200000,0.99990000,0.99990000,0.99980000,0.99990000,2345719.00000000,1659916799999,2345282.55850000,1841,327023.00000000,326990.29770000,0
1659916800000,0.99980000,0.99990000,0.99980000,0.99990000,1232623.00000000,1659920399999,1232437.25690000,1911,607815.00000000,607754.21850000,0
1659920400000,0.99990000,0.99990000,0.99980000,0.99990000,1271848.00000000,1659923999999,1271619.51280000,2043,258824.00000000,258798.11760000,0
1659924000000,0.99990000,0.99990000,0.99980000,0.99990000,5680485.00000000,1659927599999,5679461.91090000,1536,1130079.00000000,1129965.99210000,0
1659927600000,0.99990000,0.99990000,0.99980000,0.99990000,3110064.00000000,1659931199999,3109590.16110000,1318,1481739.00000000,1481590.82610000,0
1659931200000,0.99990000,0.99990000,0.99980000,0.99990000,2540815.00000000,1659934799999,2540496.23970000,1517,1894027.00000000,1893837.59730000,0
1659934800000,0.99990000,0.99990000,0.99980000,0.99980000,4278248.00000000,1659938399999,4277494.90200000,1853,1025516.00000000,1025413.44840000,0
1659938400000,0.99990000,0.99990000,0.99980000,0.99980000,3931367.00000000,1659941999999,3930697.51030000,2522,1167837.00000000,1167720.21630000,0
1659942000000,0.99980000,0.99990000,0.99980000,0.99980000,6490638.00000000,1659945599999,6489439.02090000,3649,991485.00000000,991385.85150000,0
1659945600000,0.99980000,0.99990000,0.99970000,0.99980000,6632647.00000000,1659949199999,6631400.75780000,3979,1349779.00000000,1349617.16170000,0
1659949200000,0.99980000,0.99990000,0.99970000,0.99980000,11036454.00000000,1659952799999,11034167.37300000,3392,6857065.00000000,6855774.03580000,0
1659952800000,0.99980000,0.99990000,0.99980000,0.99990000,4294557.00000000,1659956399999,4293850.41250000,2643,1523239.00000000,1523086.67610000,0
1659956400000,0.99990000,0.99990000,0.99980000,0.99980000,4138660.00000000,1659959999999,4137975.38510000,2549,1431171.00000000,1431027.88290000,0
1659960000000,0.99980000,0.99990000,0.99980000,0.99980000,15956258.00000000,1659963599999,15954083.73260000,4264,10169842.00000000,10168825.01580000,0
1659963600000,0.99990000,0.99990000,0.99980000,0.99980000,7296790.00000000,1659967199999,7295608.96850000,3683,2783265.00000000,2782986.67350000,0
1659967200000,0.99980000,0.99990000,0.99980000,0.99980000,18554525.00000000,1659970799999,18551690.46970000,3908,8763747.00000000,8762870.62530000,0
1659970800000,0.99990000,0.99990000,0.99980000,0.99990000,10842932.00000000,1659974399999,10841429.62600000,3960,6662124.00000000,6661457.78760000,0
1659974400000,0.99980000,0.99990000,0.99980000,0.99980000,8423476.00000000,1659977999999,8422486.98950000,2403,6956847.00000000,6956151.31530000,0
1659978000000,0.99980000,0.99990000,0.99980000,0.99990000,1628332.00000000,1659981599999,1628110.03250000,1630,1036989.00000000,1036885.30110000,0
1659981600000,0.99980000,0.99990000,0.99980000,0.99990000,2472795.00000000,1659985199999,2472485.04380000,1592,1846028.00000000,1845843.39720000,0
1659985200000,0.99990000,0.99990000,0.99980000,0.99980000,3295192.00000000,1659988799999,3294622.96740000,1920,900058.00000000,899967.99420000,0
1659988800000,0.99990000,0.99990000,0.99980000,0.99990000,3859206.00000000,1659992399999,3858485.04500000,1738,508862.00000000,508811.11380000,0
1659992400000,0.99980000,0.99990000,0.99980000,0.99990000,5373001.00000000,1659995999999,5372177.56110000,2582,2511613.00000000,2511361.83870000,0
1659996000000,0.99980000,0.99990000,0.99980000,0.99990000,1735761.00000000,1659999599999,1735468.39830000,1791,545505.00000000,545450.44950000,0
1659999600000,0.99990000,0.99990000,0.99980000,0.99980000,1275897.00000000,1660003199999,1275704.55090000,1442,627303.00000000,627240.26970000,0
1660003200000,0.99990000,0.99990000,0.99980000,0.99980000,2866459.00000000,1660006799999,2866011.65600000,1842,1259478.00000000,1259352.05220000,0
1660006800000,0.99980000,0.99990000,0.99980000,0.99980000,4332989.00000000,1660010399999,4332220.35590000,2135,979537.00000000,979439.04630000,0
1660010400000,0.99980000,0.99990000,0.99980000,0.99990000,3116630.00000000,1660013999999,3116094.09250000,2413,874185.00000000,874097.58150000,0
1660014000000,0.99990000,0.99990000,0.99980000,0.99990000,3930748.00000000,1660017599999,3930108.89040000,1776,1470400.00000000,1470252.96000000,0
1660017600000,0.99990000,0.99990000,0.99980000,0.99990000,3233706.00000000,1660021199999,3233194.64080000,1469,1353820.00000000,1353684.61800000,0
1660021200000,0.99990000,0.99990000,0.99980000,0.99980000,2898934.00000000,1660024799999,2898432.76200000,1521,785488.00000000,785409.45120000,0
1660024800000,0.99990000,0.99990000,0.99980000,0.99980000,9743642.00000000,1660028399999,9742042.60600000,2213,3493344.00000000,3492994.66560000,0
1660028400000,0.99980000,0.99990000,0.99970000,0.99980000,18060146.00000000,1660031999999,18056751.82030000,2426,8872365.00000000,8870848.74800000,0
1660032000000,0.99980000,0.99990000,0.99970000,0.99980000,20852461.00000000,1660035599999,20848246.62150000,3373,8811426.00000000,8809691.75790000,0
1660035600000,0.99980000,0.99990000,0.99970000,0.99990000,16613669.00000000,1660039199999,16610465.74350000,4164,8884684.00000000,8883036.08450000,0
1660039200000,0.99980000,0.99990000,0.99980000,0.99980000,3558198.00000000,1660042799999,3557651.77740000,4396,1654170.00000000,1654004.58300000,0
1660042800000,0.99990000,0.99990000,0.99980000,0.99980000,4471323.00000000,1660046399999,4470556.27700000,3291,1275416.00000000,1275288.45840000,0
1660046400000,0.99990000,0.99990000,0.99980000,0.99990000,3950430.00000000,1660049999999,3949748.41840000,2223,1085044.00000000,1084935.49560000,0
1660050000000,0.99990000,0.99990000,0.99980000,0.99980000,7421622.00000000,1660053599999,7420521.84270000,2746,3841671.00000000,3841286.83290000,0
1660053600000,0.99980000,0.99990000,0.99980000,0.99980000,11007533.00000000,1660057199999,11005972.96940000,3676,6414760.00000000,6414118.52400000,0
1660057200000,0.99980000,0.99990000,0.99980000,0.99990000,4719034.00000000,1660060799999,4718203.37210000,3111,1131789.00000000,1131675.82110000,0
1660060800000,0.99980000,0.99990000,0.99980000,0.99990000,4294689.00000000,1660064399999,4293998.97610000,2828,1689139.00000000,1688970.08610000,0
1660064400000,0.99980000,0.99990000,0.99980000,0.99990000,11895093.00000000,1660067999999,11893243.06110000,2377,5290797.00000000,5290267.92030000,0
1660068000000,0.99990000,0.99990000,0.99970000,0.99980000,10574478.00000000,1660071599999,10572230.64170000,2591,3168454.00000000,3167840.91750000,0
1660071600000,0.99980000,0.99980000,0.99970000,0.99980000,3074111.00000000,1660075199999,3073432.36500000,2269,2435983.00000000,2435495.80340000,0
1660075200000,0.99980000,0.99990000,0.99970000,0.99990000,8266043.00000000,1660078799999,8264637.27500000,1918,7559267.00000000,7558031.67020000,0
1660078800000,0.99980000,0.99990000,0.99980000,0.99990000,2502159.00000000,1660082399999,2501746.50760000,2029,879394.00000000,879306.06060000,0
1660082400000,0.99980000,0.99990000,0.99980000,0.99980000,1937418.00000000,1660085999999,1937080.35440000,2219,498380.00000000,498330.16200000,0
1660086000000,0.99980000,0.99990000,0.99980000,0.99980000,3627523.00000000,1660089599999,3626863.56120000,2066,660658.00000000,660591.93420000,0
1660089600000,0.99980000,0.99990000,0.99970000,0.99980000,10240471.00000000,1660093199999,10238366.36370000,2783,872050.00000000,871916.12200000,0
1660093200000,0.99980000,0.99980000,0.99970000,0.99970000,5381173.00000000,1660096799999,5379994.59220000,2153,4359441.00000000,4358569.11180000,0
1660096800000,0.99970000,0.99990000,0.99970000,0.99990000,12065180.00000000,1660100399999,12062156.46680000,2525,5853209.00000000,5852039.90380000,0
1660100400000,0.99980000,0.99990000,0.99980000,0.99990000,8624672.00000000,1660103999999,8623530.83540000,1986,5837698.00000000,5837114.23020000,0
1660104000000,0.99980000,0.99990000,0.99980000,0.99980000,6668845.00000000,1660107599999,6667863.98250000,2316,3527515.00000000,3527162.24850000,0
1660107600000,0.99980000,0.99990000,0.99970000,0.99970000,18167692.00000000,1660111199999,18163630.49660000,2642,905382.00000000,905285.30870000,0
1660111200000,0.99970000,0.99980000,0.99970000,0.99970000,3607230.00000000,1660114799999,3606355.37290000,1298,2075419.00000000,2075003.91620000,0
1660114800000,0.99970000,0.99980000,0.99970000,0.99970000,3651853.00000000,1660118399999,3650894.07960000,2212,1366355.00000000,1366081.72900000,0
1660118400000,0.99970000,0.99980000,0.99970000,0.99970000,9725700.00000000,1660121999999,9723279.31720000,3282,4970272.00000000,4969277.94560000,0
1660122000000,0.99980000,0.99980000,0.99970000,0.99970000,12674243.00000000,1660125599999,12671175.52540000,1695,7347983.00000000,7346513.40340000,0
1660125600000,0.99980000,0.99980000,0.99970000,0.99980000,3844573.00000000,1660129199999,3843593.63560000,1848,1740075.00000000,1739726.98500000,0
1660129200000,0.99980000,0.99980000,0.99950000,0.99970000,25116781.00000000,1660132799999,25108254.78170000,2579,9450089.00000000,9446550.06130000,0
1660132800000,0.99970000,0.99980000,0.99910000,0.99940000,163818857.00000000,1660136399999,163748917.10610000,12531,73858946.00000000,73825254.22720000,0
1660136400000,0.99940000,0.99960000,0.99940000,0.99950000,18523785.00000000,1660139999999,18513990.73230000,6239,8763181.00000000,8758854.59970000,0
1660140000000,0.99950000,0.99960000,0.99950000,0.99950000,10559407.00000000,1660143599999,10554640.56610000,4257,5132696.00000000,5130642.92160000,0
1660143600000,0.99950000,0.99980000,0.99950000,0.99980000,47344432.00000000,1660147199999,47327669.70650000,3512,28833487.00000000,28823550.48210000,0
1660147200000,0.99970000,0.99990000,0.99970000,0.99970000,13247841.00000000,1660150799999,13244923.25710000,3434,3467743.00000000,3467085.93340000,0
1660150800000,0.99970000,0.99980000,0.99970000,0.99970000,8249981.00000000,1660154399999,8248135.63210000,2156,6296264.00000000,6295004.74720000,0
1660154400000,0.99970000,0.99980000,0.99970000,0.99970000,6543571.00000000,1660157999999,6542080.53290000,4204,4726042.00000000,4725096.79160000,0
1660158000000,0.99980000,0.99980000,0.99970000,0.99980000,2362062.00000000,1660161599999,2361534.12550000,1536,1807441.00000000,1807079.51180000,0
1660161600000,0.99980000,0.99980000,0.99970000,0.99980000,2328258.00000000,1660165199999,2327705.48680000,1364,1459642.00000000,1459350.07160000,0
1660165200000,0.99970000,0.99980000,0.99970000,0.99970000,4077472.00000000,1660168799999,4076421.37260000,3054,1726142.00000000,1725796.77160000,0
1660168800000,0.99970000,0.99980000,0.99970000,0.99970000,1212673.00000000,1660172399999,1212351.11760000,1323,419195.00000000,419111.16100000,0
1660172400000,0.99980000,0.99980000,0.99970000,0.99970000,1044982.00000000,1660175999999,1044696.54980000,1028,280444.00000000,280387.91120000,0
1660176000000,0.99970000,0.99980000,0.99940000,0.99970000,56700170.00000000,1660179599999,56678610.21880000,5289,28563445.00000000,28551853.86470000,0
1660179600000,0.99970000,0.99970000,0.99960000,0.99970000,4264955.00000000,1660183199999,4263402.44890000,2959,1534309.00000000,1533848.70730000,0
1660183200000,0.99960000,0.99970000,0.99930000,0.99960000,77785830.00000000,1660186799999,77753618.27260000,3691,39782231.00000000,39765124.48960000,0
1660186800000,0.99960000,1.00000000,0.99950000,0.99970000,46572485.00000000,1660190399999,46560043.96340000,4529,34968623.00000000,34959980.04640000,0
1660190400000,0.99970000,0.99980000,0.99960000,0.99970000,10804454.00000000,1660193999999,10801180.73500000,4127,1046423.00000000,1046160.96620000,0
1660194000000,0.99960000,0.99970000,0.99940000,0.99960000,21821488.00000000,1660197599999,21812050.70210000,4210,7135154.00000000,7131812.70810000,0
1660197600000,0.99960000,0.99960000,0.99950000,0.99960000,6213722.00000000,1660201199999,6211081.10750000,3292,4659685.00000000,4657821.12600000,0
1660201200000,0.99950000,0.99970000,0.99950000,0.99960000,10079346.00000000,1660204799999,10075199.84550000,4557,2664665.00000000,2663611.38980000,0
1660204800000,0.99960000,0.99970000,0.99950000,0.99950000,26053865.00000000,1660208399999,26043161.26580000,3591,6251015.00000000,6248546.34030000,0
1660208400000,0.99950000,0.99960000,0.99950000,0.99950000,7057006.00000000,1660211999999,7053964.69570000,1652,4871987.00000000,4870038.20520000,0
1660212000000,0.99950000,0.99970000,0.99950000,0.99960000,11097339.00000000,1660215599999,11092557.07960000,1617,4114182.00000000,4112536.82560000,0
1660215600000,0.99960000,0.99970000,0.99950000,0.99950000,15185914.00000000,1660219199999,15179874.61340000,4562,9351584.00000000,9347944.76940000,0
1660219200000,0.99960000,0.99980000,0.99950000,0.99960000,33216207.00000000,1660222799999,33204994.44630000,9362,14540133.00000000,14535761.19750000,0
1660222800000,0.99960000,0.99970000,0.99950000,0.99950000,13425668.00000000,1660226399999,13419891.64740000,4842,4435467.00000000,4433811.14830000,0
1660226400000,0.99960000,0.99960000,0.99950000,0.99960000,10006353.00000000,1660229999999,10001906.16670000,4785,5563432.00000000,5561206.62720000,0
1660230000000,0.99950000,0.99960000,0.99950000,0.99960000,6532028.00000000,1660233599999,6529072.84840000,3903,3108624.00000000,3107380.55040000,0
1660233600000,0.99960000,0.99970000,0.99950000,0.99970000,11120137.00000000,1660237199999,11115706.12590000,4030,9216402.00000000,9212794.77310000,0
1660237200000,0.99960000,0.99970000,0.99960000,0.99960000,4529664.00000000,1660240799999,4528044.66160000,3292,1925272.00000000,1924694.41840000,0
1660240800000,0.99960000,0.99970000,0.99950000,0.99960000,18114339.00000000,1660244399999,18107520.02510000,6240,9323585.00000000,9320282.47670000,0
1660244400000,0.99970000,0.99970000,0.99950000,0.99950000,17760877.00000000,1660247999999,17753001.72130000,2823,1218486.00000000,1218059.01020000,0
1660248000000,0.99960000,0.99970000,0.99930000,0.99960000,83969649.00000000,1660251599999,83926671.97710000,3118,44842737.00000000,44818892.79150000,0
1660251600000,0.99960000,0.99960000,0.99950000,0.99960000,2248739.00000000,1660255199999,2247743.75070000,2326,1291202.00000000,1290685.51920000,0
1660255200000,0.99960000,0.99960000,0.99950000,0.99950000,2594090.00000000,1660258799999,2592959.66570000,2266,1667107.00000000,1666440.15720000,0
1660258800000,0.99960000,0.99960000,0.99950000,0.99960000,2853328.00000000,1660262399999,2852036.03700000,2544,1347010.00000000,1346471.19600000,0
1660262400000,0.99960000,0.99960000,0.99950000,0.99950000,2571951.00000000,1660265999999,2570793.39350000,2506,1283690.00000000,1283176.52400000,0
1660266000000,0.99960000,0.99960000,0.99950000,0.99950000,1759850.00000000,1660269599999,1759037.38390000,1378,673089.00000000,672819.76440000,0
1660269600000,0.99950000,0.99960000,0.99950000,0.99950000,2786943.00000000,1660273199999,2785681.06750000,2270,1315390.00000000,1314863.84400000,0
1660273200000,0.99950000,0.99960000,0.99950000,0.99950000,1978225.00000000,1660276799999,1977323.84430000,1776,879568.00000000,879216.17280000,0
1660276800000,0.99950000,0.99960000,0.99950000,0.99950000,5544705.00000000,1660280399999,5542248.92630000,1313,3162788.00000000,3161522.88480000,0
1660280400000,0.99950000,0.99960000,0.99950000,0.99950000,5851695.00000000,1660283999999,5848922.65430000,1969,1535018.00000000,1534403.99280000,0
1660284000000,0.99950000,0.99960000,0.99950000,0.99950000,2902145.00000000,1660287599999,2900848.64660000,1793,1547191.00000000,1546572.12360000,0
1660287600000,0.99960000,0.99960000,0.99950000,0.99950000,5832759.00000000,1660291199999,5830172.51210000,1728,3298916.00000000,3297596.43360000,0
1660291200000,0.99950000,0.99960000,0.99950000,0.99950000,5377421.00000000,1660294799999,5375007.91860000,1897,2756291.00000000,2755188.48360000,0
1660294800000,0.99960000,0.99960000,0.99950000,0.99950000,12563166.00000000,1660298399999,12557677.09280000,2064,7926758.00000000,7923587.29680000,0
1660298400000,0.99950000,0.99960000,0.99950000,0.99950000,4233785.00000000,1660301999999,4231856.48160000,2609,1883741.00000000,1882987.50360000,0
1660302000000,0.99950000,0.99960000,0.99950000,0.99960000,6783345.00000000,1660305599999,6780280.72560000,3468,3273981.00000000,3272671.40760000,0
1660305600000,0.99950000,0.99960000,0.99950000,0.99960000,9954573.00000000,1660309199999,9950382.40540000,2147,7866919.00000000,7863772.23240000,0
1660309200000,0.99960000,0.99960000,0.99950000,0.99950000,3922041.00000000,1660312799999,3920207.75340000,3180,1277739.00000000,1277227.90440000,0
1660312800000,0.99950000,0.99970000,0.99950000,0.99950000,18633078.00000000,1660316399999,18625485.44430000,2759,9173251.00000000,9169591.66520000,0
1660316400000,0.99950000,0.99960000,0.99950000,0.99950000,9320320.00000000,1660319999999,9316376.39960000,2991,7165596.00000000,7162729.76160000,0
1660320000000,0.99960000,0.99980000,0.99950000,0.99970000,26079055.00000000,1660323599999,26070430.41950000,4351,17294170.00000000,17288302.79770000,0
1660323600000,0.99980000,0.99980000,0.99960000,0.99980000,8736784.00000000,1660327199999,8734179.96350000,3716,5425574.00000000,5423994.08150000,0
1660327200000,0.99970000,0.99980000,0.99960000,0.99960000,9442386.00000000,1660330799999,9439413.47320000,3691,1444652.00000000,1444244.53180000,0
1660330800000,0.99960000,0.99990000,0.99960000,0.99960000,66202838.00000000,1660334399999,66185271.02710000,4735,33417608.00000000,33408030.80750000,0
1660334400000,0.99960000,0.99990000,0.99960000,0.99960000,121541361.00000000,1660337999999,121507111.63160000,3342,63780895.00000000,63762279.18800000,0
1660338000000,0.99960000,0.99970000,0.99960000,0.99960000,4332020.00000000,1660341599999,4330310.08360000,2129,228916.00000000,228847.32520000,0
1660341600000,0.99970000,0.99970000,0.99960000,0.99970000,3597539.00000000,1660345199999,3596295.11070000,2230,1951263.00000000,1950677.62110000,0
1660345200000,0.99960000,0.99970000,0.99960000,0.99960000,13634396.00000000,1660348799999,13629608.91660000,6163,6666750.00000000,6664749.97500000,0
1660348800000,0.99960000,0.99970000,0.99950000,0.99960000,10042128.00000000,1660352399999,10037896.32740000,4292,1306863.00000000,1306411.87430000,0
1660352400000,0.99950000,0.99960000,0.99950000,0.99960000,4401861.00000000,1660355999999,4399817.65700000,4395,1575875.00000000,1575244.65000000,0
1660356000000,0.99950000,0.99960000,0.99950000,0.99960000,6382044.00000000,1660359599999,6379233.06810000,3704,3800901.00000000,3799380.63960000,0
1660359600000,0.99950000,0.99960000,0.99950000,0.99950000,6995291.00000000,1660363199999,6992082.39250000,4521,2890380.00000000,2889223.84800000,0
1660363200000,0.99960000,0.99960000,0.99950000,0.99950000,20226981.00000000,1660366799999,20217013.05080000,5808,1455413.00000000,1454830.83480000,0
1660366800000,0.99950000,0.99960000,0.99940000,0.99940000,29122385.00000000,1660370399999,29107951.33960000,3620,17307411.00000000,17299054.47920000,0
1660370400000,0.99950000,0.99960000,0.99940000,0.99940000,42605489.00000000,1660373999999,42584170.79870000,6909,20169962.00000000,20160349.38960000,0
1660374000000,0.99950000,0.99960000,0.99940000,0.99950000,9929834.00000000,1660377599999,9924952.66620000,4233,5236402.00000000,5233923.18420000,0
1660377600000,0.99950000,0.99960000,0.99950000,0.99950000,5300219.00000000,1660381199999,5297801.57440000,3245,2326839.00000000,2325908.26440000,0
1660381200000,0.99950000,0.99960000,0.99940000,0.99940000,12827823.00000000,1660384799999,12821193.95840000,3989,4506177.00000000,4503982.01010000,0
1660384800000,0.99940000,0.99960000,0.99940000,0.99950000,15786929.00000000,1660388399999,15778907.07660000,3576,4777713.00000000,4775348.34960000,0
1660388400000,0.99940000,0.99960000,0.99940000,0.99950000,13286183.00000000,1660391999999,13279653.14370000,4289,7393404.00000000,7389855.70670000,0
1660392000000,0.99950000,0.99960000,0.99950000,0.99950000,7426080.00000000,1660395599999,7422856.02350000,2269,4890635.00000000,4888678.74600000,0
1660395600000,0.99960000,0.99970000,0.99950000,0.99960000,22139160.00000000,1660399199999,22130273.68050000,3541,11406567.00000000,11402061.66680000,0
1660399200000,0.99950000,0.99970000,0.99950000,0.99970000,26389024.00000000,1660402799999,26378073.68430000,2062,16253120.00000000,16246658.20500000,0
1660402800000,0.99970000,0.99970000,0.99950000,0.99960000,17838628.00000000,1660406399999,17831735.97970000,2178,8464244.00000000,8461101.75440000,0
1660406400000,0.99960000,0.99970000,0.99960000,0.99960000,6789663.00000000,1660409999999,6787438.73560000,2216,4916008.00000000,4914533.19760000,0
1660410000000,0.99960000,0.99980000,0.99960000,0.99960000,14867917.00000000,1660413599999,14863687.53870000,2728,8316707.00000000,8314474.83600000,0
1660413600000,0.99970000,0.99980000,0.99960000,0.99970000,8608499.00000000,1660417199999,8605911.62240000,3554,4880840.00000000,4879391.42520000,0
1660417200000,0.99970000,0.99980000,0.99970000,0.99970000,2454125.00000000,1660420799999,2453406.95750000,3063,181950.00000000,181913.61000000,0
1660420800000,0.99970000,0.99990000,0.99970000,0.99980000,30344172.00000000,1660424399999,30337840.32880000,3363,14296383.00000000,14293589.21100000,0
1660424400000,0.99970000,0.99980000,0.99960000,0.99960000,18443407.00000000,1660427999999,18437758.70610000,2131,7160106.00000000,7157963.93670000,0
1660428000000,0.99960000,0.99970000,0.99960000,0.99960000,1280115.00000000,1660431599999,1279672.98240000,1743,700284.00000000,700073.91480000,0
1660431600000,0.99960000,0.99970000,0.99960000,0.99960000,1458636.00000000,1660435199999,1458098.48140000,1429,459358.00000000,459220.19260000,0
1660435200000,0.99970000,0.99970000,0.99960000,0.99960000,2744019.00000000,1660438799999,2743005.41260000,2087,840202.00000000,839949.93940000,0
1660438800000,0.99970000,0.99970000,0.99960000,0.99960000,2093118.00000000,1660442399999,2092382.66370000,1737,1019109.00000000,1018803.26730000,0
1660442400000,0.99960000,0.99970000,0.99960000,0.99970000,2612054.00000000,1660445999999,2611168.04420000,1662,1588658.00000000,1588181.40260000,0
1660446000000,0.99960000,0.99980000,0.99960000,0.99980000,26313387.00000000,1660449599999,26305407.79480000,2010,18891538.00000000,18885873.39780000,0
1660449600000,0.99980000,0.99980000,0.99970000,0.99970000,2360909.00000000,1660453199999,2360256.60380000,1550,558765.00000000,558653.24700000,0
1660453200000,0.99970000,0.99980000,0.99970000,0.99970000,2041386.00000000,1660456799999,2040855.23140000,1745,816472.00000000,816308.70560000,0
1660456800000,0.99970000,0.99980000,0.99970000,0.99980000,11178836.00000000,1660460399999,11176019.18900000,1791,5368398.00000000,5367324.32040000,0
1660460400000,0.99970000,0.99980000,0.99960000,0.99960000,16115640.00000000,1660463999999,16110692.03870000,3232,11056423.00000000,11053109.10960000,0
1660464000000,0.99960000,0.99970000,0.99960000,0.99960000,5235592.00000000,1660467599999,5233617.54350000,3073,1197803.00000000,1197443.65910000,0
1660467600000,0.99960000,0.99970000,0.99960000,0.99960000,4495064.00000000,1660471199999,4493447.62160000,3159,1816472.00000000,1815927.05840000,0
1660471200000,0.99960000,0.99970000,0.99960000,0.99960000,1943239.00000000,1660474799999,1942516.98510000,2201,552807.00000000,552641.15790000,0
1660474800000,0.99960000,0.99980000,0.99960000,0.99980000,17589050.00000000,1660478399999,17583784.99890000,2289,15051140.00000000,15046646.80220000,0
1660478400000,0.99970000,0.99980000,0.99970000,0.99970000,6190542.00000000,1660481999999,6188806.81320000,1753,1219758.00000000,1219514.04840000,0
1660482000000,0.99980000,0.99980000,0.99970000,0.99980000,9077849.00000000,1660485599999,9075218.06820000,2255,924229.00000000,924044.15420000,0
1660485600000,0.99980000,0.99980000,0.99970000,0.99970000,2101206.00000000,1660489199999,2100659.17310000,1794,835349.00000000,835181.93020000,0
1660489200000,0.99980000,0.99980000,0.99970000,0.99970000,4953114.00000000,1660492799999,4951703.17900000,1772,751132.00000000,750981.77360000,0
1660492800000,0.99970000,0.99980000,0.99960000,0.99970000,7196875.00000000,1660496399999,7194692.29210000,3939,1593098.00000000,1592680.32650000,0
1660496400000,0.99960000,0.99980000,0.99960000,0.99970000,12371324.00000000,1660499999999,12367492.22880000,4763,8913473.00000000,8910830.21700000,0
1660500000000,0.99970000,0.99980000,0.99970000,0.99970000,3741382.00000000,1660503599999,3740373.65550000,2037,1140701.00000000,1140472.85980000,0
1660503600000,0.99970000,0.99980000,0.99970000,0.99980000,7743019.00000000,1660507199999,7741406.42290000,1417,7103286.00000000,7101865.34280000,0
1660507200000,0.99980000,0.99980000,0.99970000,0.99980000,1553085.00000000,1660510799999,1552646.32290000,1346,272484.00000000,272429.50320000,0
1660510800000,0.99970000,0.99980000,0.99970000,0.99970000,2928154.00000000,1660514399999,2927357.26870000,1877,817149.00000000,816985.57020000,0
1660514400000,0.99980000,0.99980000,0.99970000,0.99980000,1793862.00000000,1660517999999,1793397.13850000,1755,732971.00000000,732824.40580000,0
1660518000000,0.99970000,0.99980000,0.99970000,0.99970000,1910599.00000000,1660521599999,1910067.79120000,1691,419709.00000000,419625.05820000,0
1660521600000,0.99970000,0.99980000,0.99960000,0.99970000,5919355.00000000,1660525199999,5917650.27690000,2571,4558873.00000000,4557584.54650000,0
1660525200000,0.99970000,0.99980000,0.99960000,0.99970000,13661294.00000000,1660528799999,13657221.47300000,3768,12750616.00000000,12746838.86920000,0
1660528800000,0.99970000,0.99980000,0.99960000,0.99970000,9710977.00000000,1660532399999,9708317.94490000,3309,2743338.00000000,2742770.68110000,0
1660532400000,0.99970000,0.99980000,0.99960000,0.99980000,21047792.00000000,1660535999999,21041405.12840000,5494,18597890.00000000,18592440.57860000,0
1660536000000,0.99970000,0.99980000,0.99970000,0.99970000,4576291.00000000,1660539599999,4575028.75220000,1811,1106395.00000000,1106173.72100000,0
1660539600000,0.99970000,0.99980000,0.99970000,0.99970000,6555664.00000000,1660543199999,6553970.71490000,2011,2734141.00000000,2733594.17180000,0
1660543200000,0.99970000,0.99980000,0.99970000,0.99970000,8359077.00000000,1660546799999,8356884.69150000,4286,3154146.00000000,3153515.17080000,0
1660546800000,0.99970000,0.99980000,0.99970000,0.99980000,21388089.00000000,1660550399999,21382936.40270000,4570,12638294.00000000,12635766.34120000,0
1660550400000,0.99980000,0.99980000,0.99970000,0.99980000,5028517.00000000,1660553999999,5027235.12660000,2736,2266817.00000000,2266363.63660000,0
1660554000000,0.99980000,0.99980000,0.99970000,0.99980000,8306120.00000000,1660557599999,8304300.89970000,2441,6727357.00000000,6726011.52860000,0
1660557600000,0.99980000,0.99990000,0.99970000,0.99980000,40827457.00000000,1660561199999,40819232.58440000,2120,22856904.00000000,22852456.48770000,0
1660561200000,0.99980000,0.99980000,0.99970000,0.99970000,7063235.00000000,1660564799999,7061240.73730000,2256,1247078.00000000,1246828.58440000,0
1660564800000,0.99970000,0.99980000,0.99970000,0.99970000,5375518.00000000,1660568399999,5374243.83170000,2038,3384871.00000000,3384194.02580000,0
1660568400000,0.99980000,0.99980000,0.99970000,0.99970000,8525274.00000000,1660571999999,8523081.29180000,2631,3648740.00000000,3648010.25200000,0
1660572000000,0.99970000,0.99980000,0.99970000,0.99980000,5189041.00000000,1660575599999,5187785.98530000,2993,3016976.00000000,3016372.60480000,0
1660575600000,0.99970000,0.99980000,0.99970000,0.99970000,6198372.00000000,1660579199999,6196920.36750000,3026,4078791.00000000,4077975.24180000,0
1660579200000,0.99970000,0.99980000,0.99970000,0.99970000,4067235.00000000,1660582799999,4066161.34310000,2277,1465136.00000000,1464842.97280000,0
1660582800000,0.99970000,1.00010000,0.99970000,0.99990000,106118715.00000000,1660586399999,106109566.70250000,3926,61565441.00000000,61558289.29560000,0
1660586400000,0.99980000,1.00010000,0.99970000,0.99980000,59243149.00000000,1660589999999,59237535.41340000,4753,31243390.00000000,31239778.34340000,0
1660590000000,0.99980000,0.99990000,0.99970000,0.99990000,4920077.00000000,1660593599999,4919269.88000000,1967,3536895.00000000,3536365.94360000,0
1660593600000,0.99990000,0.99990000,0.99980000,0.99990000,1682996.00000000,1660597199999,1682738.27580000,1564,788750.00000000,788671.12500000,0
1660597200000,0.99980000,0.99990000,0.99980000,0.99980000,2094323.00000000,1660600799999,2093966.50770000,1692,623723.00000000,623660.62770000,0
1660600800000,0.99980000,0.99990000,0.99980000,0.99980000,3655828.00000000,1660604399999,3655132.53920000,3718,357048.00000000,357012.29520000,0
1660604400000,0.99980000,0.99990000,0.99980000,0.99980000,4178716.00000000,1660607999999,4178038.93600000,3821,1586792.00000000,1586633.32080000,0
1660608000000,0.99990000,0.99990000,0.99970000,0.99980000,13921747.00000000,1660611599999,13919136.45100000,2960,9177252.00000000,9175637.39760000,0
1660611600000,0.99990000,0.99990000,0.99980000,0.99980000,3853263.00000000,1660615199999,3852602.17540000,2300,1098280.00000000,1098170.17200000,0
1660615200000,0.99980000,0.99990000,0.99970000,0.99970000,10039514.00000000,1660618799999,10037596.34640000,2148,2419472.00000000,2419105.37010000,0
1660618800000,0.99980000,0.99990000,0.99970000,0.99980000,15758957.00000000,1660622399999,15755739.41500000,3871,8141417.00000000,8139851.34840000,0
1660622400000,0.99980000,0.99980000,0.99970000,0.99980000,3052134.00000000,1660625999999,3051339.33700000,1628,1209772.00000000,1209530.04560000,0
1660626000000,0.99980000,0.99980000,0.99970000,0.99980000,3009109.00000000,1660629599999,3008376.30960000,2411,1700423.00000000,1700082.91540000,0
1660629600000,0.99980000,0.99980000,0.99970000,0.99980000,3960221.00000000,1660633199999,3959331.81020000,2292,2988765.00000000,2988167.24700000,0
1660633200000,0.99980000,0.99980000,0.99970000,0.99980000,3231021.00000000,1660636799999,3230200.53270000,1996,1488390.00000000,1488092.32200000,0
1660636800000,0.99980000,0.99980000,0.99970000,0.99980000,4493240.00000000,1660640399999,4492219.87590000,2065,3278479.00000000,3277823.30420000,0
1660640400000,0.99980000,0.99990000,0.99970000,0.99980000,11050894.00000000,1660643999999,11048706.24610000,2616,7167289.00000000,7166007.08800000,0
1660644000000,0.99980000,1.00010000,0.99970000,0.99980000,72011120.00000000,1660647599999,71999065.86700000,2383,35171959.00000000,35166314.36220000,0
1660647600000,0.99990000,0.99990000,0.99980000,0.99980000,3479355.00000000,1660651199999,3478900.80190000,1778,2416729.00000000,2416487.32710000,0
1660651200000,0.99980000,0.99990000,0.99980000,0.99980000,4843072.00000000,1660654799999,4842269.23550000,2609,1658499.00000000,1658333.15010000,0
1660654800000,0.99980000,0.99990000,0.99970000,0.99980000,13161995.00000000,1660658399999,13159302.65630000,3671,3984233.00000000,3983497.57580000,0
1660658400000,0.99980000,0.99990000,0.99970000,0.99990000,10049575.00000000,1660661999999,10047842.62930000,3699,8739094.00000000,8737627.40950000,0
1660662000000,0.99980000,1.00000000,0.99980000,1.00000000,26598998.00000000,1660665599999,26596739.24470000,4390,13574803.00000000,13573874.18890000,0
1660665600000,0.99990000,1.00000000,0.99980000,0.99990000,17254516.00000000,1660669199999,17252902.98420000,3053,9297135.00000000,9296370.39110000,0
1660669200000,0.99990000,1.00000000,0.99980000,1.00000000,17126852.00000000,1660672799999,17125842.25100000,2551,13737109.00000000,13736470.99090000,0
1660672800000,1.00000000,1.00000000,0.99990000,0.99990000,6887493.00000000,1660676399999,6887199.82200000,2819,3955713.00000000,3955713.00000000,0
1660676400000,1.00000000,1.00000000,0.99990000,0.99990000,3702682.00000000,1660679999999,3702597.71190000,1802,2859801.00000000,2859801.00000000,0
1660680000000,0.99990000,1.00000000,0.99990000,0.99990000,1988234.00000000,1660683599999,1988155.53200000,1517,1203554.00000000,1203554.00000000,0
1660683600000,0.99990000,1.00000000,0.99980000,0.99990000,10436506.00000000,1660687199999,10435394.58180000,2600,791063.00000000,791020.43450000,0
1660687200000,0.99990000,0.99990000,0.99980000,0.99980000,4500570.00000000,1660690799999,4499915.01320000,1745,2451272.00000000,2451026.87280000,0
1660690800000,0.99990000,0.99990000,0.99980000,0.99990000,1885688.00000000,1660694399999,1885455.56130000,1493,1446989.00000000,1446844.30110000,0
1660694400000,0.99990000,1.00000000,0.99980000,0.99990000,9398860.00000000,1660697999999,9397966.31730000,2481,8698134.00000000,8697329.25070000,0
1660698000000,0.99990000,1.00000000,0.99990000,0.99990000,4471629.00000000,1660701599999,4471285.29290000,2913,1034558.00000000,1034558.00000000,0
1660701600000,0.99990000,1.00000000,0.99990000,0.99990000,3464475.00000000,1660705199999,3464228.30590000,1960,997534.00000000,997534.00000000,0
1660705200000,0.99990000,1.00000000,0.99990000,1.00000000,4966059.00000000,1660708799999,4965734.00950000,2479,1716154.00000000,1716154.00000000,0
1660708800000,0.99990000,1.00000000,0.99990000,0.99990000,1633053.00000000,1660712399999,1632934.21940000,1918,445247.00000000,445247.00000000,0
1660712400000,0.99990000,1.00000000,0.99990000,1.00000000,5346645.00000000,1660715999999,5346433.53720000,2875,3232017.00000000,3232017.00000000,0
1660716000000,0.99990000,1.00000000,0.99990000,0.99990000,8774911.00000000,1660719599999,8774198.11520000,4319,1646063.00000000,1646063.00000000,0
1660719600000,0.99990000,1.00000000,0.99990000,0.99990000,5082216.00000000,1660723199999,5081854.26730000,4656,1464889.00000000,1464889.00000000,0
1660723200000,0.99990000,1.00000000,0.99990000,1.00000000,16196735.00000000,1660726799999,16196393.52310000,2541,12781966.00000000,12781966.00000000,0
1660726800000,1.00000000,1.00000000,0.99990000,1.00000000,3091095.00000000,1660730399999,3090980.22730000,1563,1943368.00000000,1943368.00000000,0
1660730400000,1.00000000,1.00010000,0.99990000,1.00000000,31218973.00000000,1660733999999,31218713.79520000,2837,19967341.00000000,19967413.27390000,0
1660734000000,1.00000000,1.00000000,0.99990000,1.00000000,2346517.00000000,1660737599999,2346409.79970000,1661,1274514.00000000,1274514.00000000,0
1660737600000,0.99990000,1.00000000,0.99990000,0.99990000,4748606.00000000,1660741199999,4748356.80620000,3532,2256668.00000000,2256668.00000000,0
1660741200000,1.00000000,1.00000000,0.99990000,1.00000000,7353103.00000000,1660744799999,7352808.03930000,4950,4403496.00000000,4403496.00000000,0
1660744800000,1.00000000,1.00020000,0.99990000,1.00000000,61160061.00000000,1660748399999,61161410.52460000,4592,34737768.00000000,34737897.76150000,0
1660748400000,1.00000000,1.00000000,0.99990000,0.99990000,4755266.00000000,1660751999999,4755140.47830000,4108,3500049.00000000,3500049.00000000,0
1660752000000,1.00000000,1.00000000,0.99990000,1.00000000,7475672.00000000,1660755599999,7475415.51250000,3283,4910797.00000000,4910797.00000000,0
1660755600000,0.99990000,1.00010000,0.99990000,1.00000000,13370927.00000000,1660759199999,13370912.53430000,2175,3516681.00000000,3516717.99060000,0
1660759200000,1.00000000,1.00000000,0.99990000,1.00000000,9210529.00000000,1660762799999,9210128.65110000,3664,5207040.00000000,5207040.00000000,0
1660762800000,0.99990000,1.00010000,0.99990000,1.00000000,13670287.00000000,1660766399999,13670105.32000000,3010,5611279.00000000,5611279.00290000,0
1660766400000,1.00000000,1.00000000,0.99990000,0.99990000,5542476.00000000,1660769999999,5542257.06970000,3038,3353173.00000000,3353173.00000000,0
1660770000000,0.99990000,1.00000000,0.99990000,1.00000000,2788440.00000000,1660773599999,2788260.30240000,2896,991464.00000000,991464.00000000,0
1660773600000,0.99990000,1.00000000,0.99990000,0.99990000,2428032.00000000,1660777199999,2427876.43950000,1736,872427.00000000,872427.00000000,0
1660777200000,0.99990000,1.00000000,0.99990000,0.99990000,1989517.00000000,1660780799999,1989377.36300000,1465,593147.00000000,593147.00000000,0
1660780800000,1.00000000,1.00000000,0.99990000,0.99990000,2549166.00000000,1660784399999,2549026.52440000,2306,1154410.00000000,1154410.00000000,0
1660784400000,1.00000000,1.00000000,0.99990000,0.99990000,2298601.00000000,1660787999999,2298498.03960000,1691,1268997.00000000,1268997.00000000,0
1660788000000,0.99990000,1.00000000,0.99990000,1.00000000,2173413.00000000,1660791599999,2173326.11020000,1736,1304515.00000000,1304515.00000000,0
1660791600000,1.00000000,1.00000000,0.99990000,1.00000000,3023179.00000000,1660795199999,3022991.85440000,2024,1151723.00000000,1151723.00000000,0
1660795200000,1.00000000,1.00000000,0.99990000,0.99990000,2280319.00000000,1660798799999,2280222.91200000,1712,1319439.00000000,1319439.00000000,0
1660798800000,0.99990000,1.00000000,0.99990000,1.00000000,3140259.00000000,1660802399999,3140136.16910000,1580,1911950.00000000,1911950.00000000,0
1660802400000,1.00000000,1.00000000,0.99990000,1.00000000,2213518.00000000,1660805999999,2213422.97460000,2041,1263264.00000000,1263264.00000000,0
1660806000000,1.00000000,1.00000000,0.99990000,1.00000000,4256771.00000000,1660809599999,4256557.49620000,2192,2121733.00000000,2121733.00000000,0
1660809600000,1.00000000,1.00000000,0.99990000,1.00000000,6856279.00000000,1660813199999,6856022.43200000,2332,4290599.00000000,4290599.00000000,0
1660813200000,0.99990000,1.00000000,0.99990000,0.99990000,6699297.00000000,1660816799999,6699103.47790000,2028,4764076.00000000,4764076.00000000,0
1660816800000,0.99990000,1.00020000,0.99990000,0.99990000,89489567.00000000,1660820399999,89493127.07640000,3464,43506960.00000000,43507133.51560000,0
1660820400000,1.00000000,1.00000000,0.99990000,0.99990000,2887643.00000000,1660823999999,2887548.08000000,1958,1938443.00000000,1938443.00000000,0
1660824000000,1.00000000,1.00000000,0.99990000,1.00000000,4455304.00000000,1660827599999,4455094.43240000,2806,2359628.00000000,2359628.00000000,0
1660827600000,1.00000000,1.00000000,0.99990000,1.00000000,3074153.00000000,1660831199999,3074015.25100000,3094,1696663.00000000,1696663.00000000,0
1660831200000,1.00000000,1.00020000,0.99990000,1.00000000,30477933.00000000,1660834799999,30478022.66290000,4006,11966197.00000000,11966602.61290000,0
1660834800000,1.00000000,1.00010000,0.99990000,1.00010000,15434713.00000000,1660838399999,15434869.13490000,3896,8711570.00000000,8711765.77130000,0
1660838400000,1.00000000,1.00010000,0.99990000,1.00000000,17778909.00000000,1660841999999,17779008.56180000,6641,12395478.00000000,12395614.67340000,0
1660842000000,1.00000000,1.00010000,0.99990000,1.00000000,20763502.00000000,1660845599999,20763378.68610000,3630,11133995.00000000,11134040.69320000,0
1660845600000,0.99990000,1.00010000,0.99990000,1.00000000,10789419.00000000,1660849199999,10789316.37640000,3145,3342481.00000000,3342535.42760000,0
1660849200000,1.00000000,1.00010000,0.99990000,1.00010000,17544499.00000000,1660852799999,17544474.72190000,3606,11501184.00000000,11501249.28610000,0
1660852800000,1.00000000,1.00010000,1.00000000,1.00010000,3270465.00000000,1660856399999,3270697.85490000,2447,2328549.00000000,2328781.85490000,0
1660856400000,1.00010000,1.00020000,1.00000000,1.00010000,12600554.00000000,1660859999999,12601863.02070000,3672,6769790.00000000,6770555.04370000,0
1660860000000,1.00010000,1.00010000,1.00000000,1.00010000,1715884.00000000,1660863599999,1715949.89520000,2218,658952.00000000,659017.89520000,0
1660863600000,1.00000000,1.00010000,1.00000000,1.00010000,4980078.00000000,1660867199999,4980249.72250000,4133,1717225.00000000,1717396.72250000,0
1660867200000,1.00000000,1.00010000,1.00000000,1.00000000,5861571.00000000,1660870799999,5861781.83980000,4831,2108398.00000000,2108608.83980000,0
1660870800000,1.00000000,1.00010000,1.00000000,1.00010000,6070433.00000000,1660874399999,6070763.19650000,5004,3301965.00000000,3302295.19650000,0
1660874400000,1.00010000,1.00010000,1.00000000,1.00010000,7306669.00000000,1660877999999,7307191.89200000,3376,5228920.00000000,5229442.89200000,0
1660878000000,1.00000000,1.00010000,1.00000000,1.00000000,3539703.00000000,1660881599999,3539845.47720000,2370,1424772.00000000,1424914.47720000,0
1660881600000,1.00010000,1.00010000,0.99980000,1.00000000,29859167.00000000,1660885199999,29858171.09870000,3081,10612584.00000000,10612090.09740000,0
1660885200000,1.00000000,1.00000000,0.99990000,0.99990000,8343084.00000000,1660888799999,8342426.80160000,2366,1771100.00000000,1771100.00000000,0
1660888800000,0.99990000,1.00000000,0.99990000,0.99990000,10224479.00000000,1660892399999,10223829.90650000,5772,3733544.00000000,3733544.00000000,0
1660892400000,1.00000000,1.00000000,0.99980000,0.99990000,21971306.00000000,1660895999999,21968988.36010000,6383,10053855.00000000,10053169.52430000,0
1660896000000,0.99990000,1.00000000,0.99980000,0.99990000,25385794.00000000,1660899599999,25383150.77540000,6565,9900575.00000000,9899853.37600000,0
1660899600000,0.99990000,1.00000000,0.99980000,1.00000000,15441887.00000000,1660903199999,15440370.27920000,3573,8531971.00000000,8531229.73870000,0
1660903200000,1.00000000,1.00000000,0.99990000,0.99990000,3983414.00000000,1660906799999,3983224.19510000,3134,2085365.00000000,2085365.00000000,0
1660906800000,0.99990000,1.00000000,0.99990000,1.00000000,10265825.00000000,1660910399999,10265560.39720000,4894,7619797.00000000,7619797.00000000,0
1660910400000,0.99990000,1.00000000,0.99990000,0.99990000,12582136.00000000,1660913999999,12581823.38520000,4395,9455988.00000000,9455988.00000000,0
1660914000000,1.00000000,1.00000000,0.99990000,0.99990000,9623046.00000000,1660917599999,9622370.59020000,2962,2868948.00000000,2868948.00000000,0
1660917600000,1.00000000,1.00000000,0.99990000,1.00000000,14575183.00000000,1660921199999,14574325.34140000,3885,5998597.00000000,5998597.00000000,0
1660921200000,1.00000000,1.00010000,0.99990000,1.00010000,19574648.00000000,1660924799999,19574495.98830000,3810,17021307.00000000,17021327.32150000,0
1660924800000,1.00000000,1.00010000,1.00000000,1.00010000,4919724.00000000,1660928399999,4919937.92120000,3796,2139212.00000000,2139425.92120000,0
1660928400000,1.00000000,1.00010000,1.00000000,1.00000000,5327910.00000000,1660931999999,5328102.83990000,2926,1928399.00000000,1928591.83990000,0
1660932000000,1.00010000,1.00010000,1.00000000,1.00000000,4954888.00000000,1660935599999,4955235.06710000,2635,3470671.00000000,3471018.06710000,0
1660935600000,1.00000000,1.00010000,1.00000000,1.00000000,2483738.00000000,1660939199999,2483839.35290000,2942,1013529.00000000,1013630.35290000,0
1660939200000,1.00000000,1.00010000,1.00000000,1.00010000,4210307.00000000,1660942799999,4210421.25300000,2377,1142530.00000000,1142644.25300000,0
1660942800000,1.00000000,1.00010000,1.00000000,1.00000000,6984829.00000000,1660946399999,6984933.91210000,4309,1049121.00000000,1049225.91210000,0
1660946400000,1.00000000,1.00010000,1.00000000,1.00000000,6766177.00000000,1660949999999,6766313.36770000,4038,1363677.00000000,1363813.36770000,0
1660950000000,1.00010000,1.00010000,0.99990000,1.00010000,16832967.00000000,1660953599999,16832513.16820000,5206,10140143.00000000,10140187.09750000,0
1660953600000,1.00010000,1.00010000,0.99990000,1.00000000,15455607.00000000,1660957199999,15455623.31880000,3919,7955888.00000000,7956018.55290000,0
1660957200000,1.00000000,1.00010000,0.99990000,1.00000000,16015726.00000000,1660960799999,16015736.90000000,3462,3543935.00000000,3544018.29390000,0
1660960800000,0.99990000,1.00000000,0.99990000,0.99990000,3047498.00000000,1660964399999,3047388.72020000,2118,1954700.00000000,1954700.00000000,0
1660964400000,1.00000000,1.00000000,0.99990000,1.00000000,5146016.00000000,1660967999999,5145842.02390000,2166,3406255.00000000,3406255.00000000,0
1660968000000,1.00000000,1.00000000,0.99990000,0.99990000,6795666.00000000,1660971599999,6795458.31530000,1729,4718819.00000000,4718819.00000000,0
1660971600000,0.99990000,1.00000000,0.99990000,1.00000000,2507127.00000000,1660975199999,2506927.13170000,1600,508444.00000000,508444.00000000,0
1660975200000,0.99990000,1.00000000,0.99990000,1.00000000,1882127.00000000,1660978799999,1882026.99500000,1223,882077.00000000,882077.00000000,0
1660978800000,1.00000000,1.00000000,0.99990000,0.99990000,2086644.00000000,1660982399999,2086527.81020000,1386,924746.00000000,924746.00000000,0
1660982400000,0.99990000,1.00000000,0.99990000,0.99990000,2156138.00000000,1660985999999,2155979.49460000,1197,571084.00000000,571084.00000000,0
1660986000000,0.99990000,1.00000000,0.99990000,0.99990000,1644594.00000000,1660989599999,1644517.56950000,1046,880289.00000000,880289.00000000,0
1660989600000,1.00000000,1.00000000,0.99990000,1.00000000,2376228.00000000,1660993199999,2376051.31140000,1316,609342.00000000,609342.00000000,0
1660993200000,0.99990000,1.00000000,0.99990000,1.00000000,1753645.00000000,1660996799999,1753554.83340000,1409,851979.00000000,851979.00000000,0
1660996800000,0.99990000,1.00000000,0.99990000,0.99990000,2665222.00000000,1661000399999,2665045.85060000,1822,903728.00000000,903728.00000000,0
1661000400000,0.99990000,1.00000000,0.99990000,1.00000000,7562027.00000000,1661003999999,7561701.53910000,1585,4307418.00000000,4307418.00000000,0
1661004000000,0.99990000,1.00000000,0.99990000,0.99990000,5205700.00000000,1661007599999,5205401.95380000,2191,2225238.00000000,2225238.00000000,0
1661007600000,0.99990000,1.00000000,0.99990000,0.99990000,7122257.00000000,1661011199999,7122096.43880000,1854,5516645.00000000,5516645.00000000,0
1661011200000,0.99990000,1.00000000,0.99990000,1.00000000,2034162.00000000,1661014799999,2034021.53500000,1526,629512.00000000,629512.00000000,0
1661014800000,0.99990000,1.00000000,0.99990000,0.99990000,2586926.00000000,1661018399999,2586762.79930000,1992,954919.00000000,954919.00000000,0
1661018400000,0.99990000,1.00000000,0.99990000,0.99990000,2894970.00000000,1661021999999,2894787.28000000,2121,1067770.00000000,1067770.00000000,0
1661022000000,0.99990000,1.00010000,0.99990000,1.00000000,11912727.00000000,1661025599999,11912853.84660000,6486,4318032.00000000,4318169.25990000,0
1661025600000,1.00000000,1.00010000,1.00000000,1.00000000,6892747.00000000,1661029199999,6892849.17440000,3347,1021744.00000000,1021846.17440000,0
1661029200000,1.00000000,1.00010000,1.00000000,1.00000000,2254051.00000000,1661032799999,2254141.34750000,2753,903475.00000000,903565.34750000,0
1661032800000,1.00010000,1.00010000,1.00000000,1.00000000,2113250.00000000,1661036399999,2113352.19780000,2180,1021978.00000000,1022080.19780000,0
1661036400000,1.00010000,1.00030000,1.00000000,1.00000000,34986807.00000000,1661039999999,34991176.06140000,3156,17325076.00000000,17327153.83290000,0
1661040000000,1.00000000,1.00030000,0.99990000,1.00010000,101605354.00000000,1661043599999,101617400.06080000,3543,49765527.00000000,49771043.20380000,0
1661043600000,1.00000000,1.00010000,0.99990000,1.00010000,20111267.00000000,1661047199999,20111309.50430000,3391,10425074.00000000,10425229.30390000,0
1661047200000,1.00000000,1.00010000,0.99990000,1.00010000,12964246.00000000,1661050799999,12964379.19680000,2112,7465226.00000000,7465362.39080000,0
1661050800000,1.00000000,1.00010000,1.00000000,1.00010000,2279645.00000000,1661054399999,2279703.69420000,1343,586942.00000000,587000.69420000,0
1661054400000,1.00010000,1.00010000,1.00000000,1.00000000,2667165.00000000,1661057999999,2667215.49690000,1397,504969.00000000,505019.49690000,0
1661058000000,1.00000000,1.00010000,1.00000000,1.00010000,4536852.00000000,1661061599999,4536961.72860000,1480,1097286.00000000,1097395.72860000,0
1661061600000,1.00000000,1.00010000,1.00000000,1.00010000,6201510.00000000,1661065199999,6201794.28370000,1819,2842837.00000000,2843121.28370000,0
1661065200000,1.00010000,1.00010000,1.00000000,1.00010000,2610580.00000000,1661068799999,2610757.20630000,2215,1772063.00000000,1772240.20630000,0
1661068800000,1.00010000,1.00010000,1.00000000,1.00010000,10729043.00000000,1661072399999,10729364.55720000,3736,3215572.00000000,3215893.55720000,0
1661072400000,1.00010000,1.00010000,0.99990000,1.00010000,17363756.00000000,1661075999999,17363865.47870000,2497,10254902.00000000,10255035.45190000,0
1661076000000,1.00000000,1.00010000,1.00000000,1.00010000,2268354.00000000,1661079599999,2268470.09080000,1568,1160908.00000000,1161024.09080000,0
1661079600000,1.00010000,1.00010000,1.00000000,1.00010000,3992561.00000000,1661083199999,3992818.70580000,2068,2577058.00000000,2577315.70580000,0
1661083200000,1.00000000,1.00010000,0.99990000,1.00000000,12784850.00000000,1661086799999,12784959.42460000,2763,1724367.00000000,1724485.41170000,0
1661086800000,1.00000000,1.00010000,0.99990000,1.00000000,9281933.00000000,1661090399999,9282010.10540000,2301,7658976.00000000,7659090.25190000,0
1661090400000,1.00000000,1.00030000,1.00000000,1.00010000,148514872.00000000,1661093999999,148535088.92340000,2988,78730428.00000000,78740215.79310000,0
1661094000000,1.00010000,1.00010000,1.00000000,1.00000000,2220316.00000000,1661097599999,2220396.92600000,1618,809260.00000000,809340.92600000,0
1661097600000,1.00010000,1.00010000,1.00000000,1.00000000,5618429.00000000,1661101199999,5618850.37080000,2521,4213708.00000000,4214129.37080000,0
1661101200000,1.00000000,1.00010000,1.00000000,1.00000000,2746807.00000000,1661104799999,2746904.44470000,1957,974447.00000000,974544.44470000,0
1661104800000,1.00000000,1.00010000,1.00000000,1.00000000,8422883.00000000,1661108399999,8422942.23810000,1869,592381.00000000,592440.23810000,0
1661108400000,1.00000000,1.00010000,1.00000000,1.00010000,1916466.00000000,1661111999999,1916539.12440000,2048,731244.00000000,731317.12440000,0
1661112000000,1.00000000,1.00010000,1.00000000,1.00000000,2685089.00000000,1661115599999,2685181.73300000,3002,927330.00000000,927422.73300000,0
1661115600000,1.00000000,1.00010000,1.00000000,1.00010000,3959114.00000000,1661119199999,3959210.24310000,3435,962431.00000000,962527.24310000,0
1661119200000,1.00010000,1.00010000,1.00000000,1.00010000,2514619.00000000,1661122799999,2514716.82500000,3315,978250.00000000,978347.82500000,0
1661122800000,1.00000000,1.00010000,1.00000000,1.00000000,1647493.00000000,1661126399999,1647544.45650000,2971,514565.00000000,514616.45650000,0
1661126400000,1.00010000,1.00010000,1.00000000,1.00010000,1497445.00000000,1661129999999,1497533.46490000,2422,884649.00000000,884737.46490000,0
1661130000000,1.00010000,1.00010000,1.00000000,1.00000000,2797578.00000000,1661133599999,2797815.74350000,2436,2377435.00000000,2377672.74350000,0
1661133600000,1.00010000,1.00010000,1.00000000,1.00000000,2402447.00000000,1661137199999,2402550.57090000,1150,1035709.00000000,1035812.57090000,0
1661137200000,1.00010000,1.00010000,1.00000000,1.00010000,4467598.00000000,1661140799999,4467842.31830000,1720,2443183.00000000,2443427.31830000,0
1661140800000,1.00010000,1.00010000,1.00000000,1.00000000,3312846.00000000,1661144399999,3313061.61240000,2030,2156124.00000000,2156339.61240000,0
1661144400000,1.00000000,1.00010000,1.00000000,1.00010000,4283516.00000000,1661147999999,4283747.53510000,1920,2315351.00000000,2315582.53510000,0
1661148000000,1.00010000,1.00010000,1.00000000,1.00000000,3112339.00000000,1661151599999,3112497.41920000,2287,1584192.00000000,1584350.41920000,0
1661151600000,1.00000000,1.00010000,1.00000000,1.00010000,9810923.00000000,1661155199999,9811627.62710000,3474,7046271.00000000,7046975.62710000,0
1661155200000,1.00010000,1.00010000,0.99990000,1.00000000,51770367.00000000,1661158799999,51770495.57140000,12765,23185054.00000000,23185371.19590000,0
1661158800000,1.00000000,1.00010000,0.99990000,1.00010000,18687393.00000000,1661162399999,18687671.91320000,4873,15248175.00000000,15248496.00680000,0
1661162400000,1.00000000,1.00010000,1.00000000,1.00000000,4075803.00000000,1661165999999,4076104.52230000,2528,3015223.00000000,3015524.52230000,0
1661166000000,1.00010000,1.00010000,1.00000000,1.00000000,4241831.00000000,1661169599999,4241926.88320000,1806,958832.00000000,958927.88320000,0
1661169600000,1.00010000,1.00010000,1.00000000,1.00010000,3379108.00000000,1661173199999,3379297.56760000,2338,1895676.00000000,1895865.56760000,0
1661173200000,1.00000000,1.00010000,1.00000000,1.00000000,7575951.00000000,1661176799999,7576273.84610000,3088,3228461.00000000,3228783.84610000,0
1661176800000,1.00010000,1.00010000,1.00000000,1.00010000,12714852.00000000,1661180399999,12715695.35230000,4332,8433523.00000000,8434366.35230000,0
1661180400000,1.00010000,1.00010000,1.00000000,1.00000000,6850641.00000000,1661183999999,6851136.14740000,2984,4951474.00000000,4951969.14740000,0
1661184000000,1.00010000,1.00020000,1.00000000,1.00010000,11592595.00000000,1661187599999,11593663.47690000,3944,4824742.00000000,4825271.49140000,0
1661187600000,1.00000000,1.00020000,1.00000000,1.00020000,5394368.00000000,1661191199999,5394841.97080000,2431,4211449.00000000,4211886.84620000,0
1661191200000,1.00010000,1.00020000,1.00010000,1.00020000,6968644.00000000,1661194799999,6969894.66370000,2582,5537993.00000000,5539100.59860000,0
1661194800000,1.00010000,1.00020000,1.00010000,1.00020000,1430846.00000000,1661198399999,1431066.44440000,1800,773598.00000000,773752.71960000,0
1661198400000,1.00020000,1.00020000,1.00010000,1.00010000,3218330.00000000,1661201999999,3218731.56520000,3061,797322.00000000,797481.46440000,0
1661202000000,1.00010000,1.00020000,1.00010000,1.00020000,2049061.00000000,1661205599999,2049362.88710000,2124,969810.00000000,970003.96200000,0
1661205600000,1.00010000,1.00020000,1.00010000,1.00010000,2069171.00000000,1661209199999,2069455.84020000,2147,779231.00000000,779386.84620000,0
1661209200000,1.00010000,1.00020000,1.00010000,1.00010000,3971885.00000000,1661212799999,3972468.09220000,3062,1859037.00000000,1859408.80740000,0
1661212800000,1.00020000,1.00020000,1.00010000,1.00010000,4092940.00000000,1661216399999,4093439.07260000,2635,897786.00000000,897965.55720000,0
1661216400000,1.00020000,1.00020000,1.00010000,1.00020000,3853044.00000000,1661219999999,3853671.50300000,2597,2421986.00000000,2422470.39720000,0
1661220000000,1.00010000,1.00020000,1.00010000,1.00010000,2523247.00000000,1661223599999,2523608.32330000,2219,1089986.00000000,1090203.99720000,0
1661223600000,1.00020000,1.00020000,1.00010000,1.00010000,5157995.00000000,1661227199999,5158766.75450000,2845,2559550.00000000,2560061.91000000,0
1661227200000,1.00010000,1.00020000,1.00010000,1.00020000,1712513.00000000,1661230799999,1712741.70170000,1661,574504.00000000,574618.90080000,0
1661230800000,1.00010000,1.00020000,1.00010000,1.00010000,5980775.00000000,1661234399999,5981431.95320000,3626,588757.00000000,588874.75140000,0
1661234400000,1.00010000,1.00020000,1.00010000,1.00020000,3678596.00000000,1661237999999,3679104.71440000,3342,1408548.00000000,1408829.70960000,0
1661238000000,1.00010000,1.00020000,1.00010000,1.00010000,5415818.00000000,1661241599999,5416670.94400000,3135,3113622.00000000,3114244.72440000,0
1661241600000,1.00010000,1.00020000,1.00000000,1.00000000,16604207.00000000,1661245199999,16605853.99740000,4992,6707856.00000000,6708595.36390000,0
1661245200000,1.00000000,1.00010000,1.00000000,1.00000000,4989559.00000000,1661248799999,4989744.00320000,2661,1850032.00000000,1850217.00320000,0
1661248800000,1.00010000,1.00010000,1.00000000,1.00010000,7648330.00000000,1661252399999,7648808.05040000,2501,4780504.00000000,4780982.05040000,0
1661252400000,1.00000000,1.00010000,1.00000000,1.00010000,3628706.00000000,1661255999999,3628856.50860000,2353,1505086.00000000,1505236.50860000,0
1661256000000,1.00000000,1.00010000,1.00000000,1.00000000,3276444.00000000,1661259599999,3276536.57370000,2550,925737.00000000,925829.57370000,0
1661259600000,1.00010000,1.00010000,1.00000000,1.00000000,4088904.00000000,1661263199999,4089004.09630000,3520,1000963.00000000,1001063.09630000,0
1661263200000,1.00010000,1.00010000,1.00000000,1.00000000,7343444.00000000,1661266799999,7343931.68880000,4537,4876888.00000000,4877375.68880000,0
1661266800000,1.00000000,1.00010000,1.00000000,1.00010000,7080994.00000000,1661270399999,7081345.73500000,3041,3517350.00000000,3517701.73500000,0
1661270400000,1.00010000,1.00010000,1.00000000,1.00010000,4772103.00000000,1661273999999,4772369.74270000,3074,2667427.00000000,2667693.74270000,0
1661274000000,1.00010000,1.00010000,1.00000000,1.00000000,6817166.00000000,1661277599999,6817344.03990000,2598,1780399.00000000,1780577.03990000,0
1661277600000,1.00010000,1.00010000,1.00000000,1.00010000,9497500.00000000,1661281199999,9497814.76330000,3304,3147633.00000000,3147947.76330000,0
1661281200000,1.00000000,1.00010000,1.00000000,1.00010000,3752782.00000000,1661284799999,3752961.36620000,2521,1793662.00000000,1793841.36620000,0
1661284800000,1.00010000,1.00010000,1.00000000,1.00000000,7531584.00000000,1661288399999,7532003.95270000,2811,4199527.00000000,4199946.95270000,0
1661288400000,1.00010000,1.00010000,1.00000000,1.00010000,1742968.00000000,1661291999999,1743064.01090000,2407,960109.00000000,960205.01090000,0
1661292000000,1.00000000,1.00010000,1.00000000,1.00000000,3650040.00000000,1661295599999,3650107.04550000,2413,670455.00000000,670522.04550000,0
1661295600000,1.00010000,1.00010000,1.00000000,1.00000000,5789848.00000000,1661299199999,5789956.38150000,2224,1083815.00000000,1083923.38150000,0
1661299200000,1.00000000,1.00010000,1.00000000,1.00010000,3111914.00000000,1661302799999,3112093.01320000,2522,1790132.00000000,1790311.01320000,0
1661302800000,1.00010000,1.00010000,0.99990000,1.00000000,15498869.00000000,1661306399999,15498841.57920000,3938,11029335.00000000,11029396.74580000,0
1661306400000,1.00000000,1.00010000,0.99990000,1.00000000,4668857.00000000,1661309999999,4669047.93250000,1987,3077852.00000000,3078043.03380000,0
1661310000000,1.00010000,1.00010000,1.00000000,1.00010000,2081691.00000000,1661313599999,2081724.53260000,1637,335326.00000000,335359.53260000,0
1661313600000,1.00000000,1.00010000,0.99990000,0.99990000,11409973.00000000,1661317199999,11409886.95620000,2358,1107944.00000000,1108009.93680000,0
1661317200000,0.99990000,1.00000000,0.99990000,0.99990000,3044290.00000000,1661320799999,3044142.28770000,1950,1567167.00000000,1567167.00000000,0
1661320800000,1.00000000,1.00000000,0.99990000,0.99990000,9336938.00000000,1661324399999,9336450.74720000,2029,4464410.00000000,4464410.00000000,0
1661324400000,1.00000000,1.00000000,0.99990000,1.00000000,2949442.00000000,1661327999999,2949224.77830000,2813,777225.00000000,777225.00000000,0
1661328000000,0.99990000,1.00000000,0.99990000,1.00000000,11963199.00000000,1661331599999,11962925.41080000,2207,9227307.00000000,9227307.00000000,0
1661331600000,1.00000000,1.00000000,0.99990000,0.99990000,13786560.00000000,1661335199999,13786438.26150000,2348,12569175.00000000,12569175.00000000,0
1661335200000,0.99990000,1.00000000,0.99990000,1.00000000,3455535.00000000,1661338799999,3455366.85790000,2289,1774114.00000000,1774114.00000000,0
1661338800000,1.00000000,1.00000000,0.99990000,0.99990000,5366538.00000000,1661342399999,5366195.15250000,2256,1938063.00000000,1938063.00000000,0
1661342400000,1.00000000,1.00000000,0.99990000,0.99990000,2315275.00000000,1661345999999,2315119.86890000,2222,763964.00000000,763964.00000000,0
1661346000000,1.00000000,1.00000000,0.99990000,0.99990000,10110643.00000000,1661349599999,10110067.64200000,2403,4357063.00000000,4357063.00000000,0
1661349600000,0.99990000,1.00000000,0.99990000,0.99990000,11421878.00000000,1661353199999,11421717.85740000,2598,9820452.00000000,9820452.00000000,0
1661353200000,0.99990000,1.00010000,0.99990000,1.00010000,26879799.00000000,1661356799999,26880041.47030000,7117,13507633.00000000,13507919.88120000,0
1661356800000,1.00010000,1.00010000,0.99990000,1.00010000,32021627.00000000,1661360399999,32022102.43820000,6141,12150267.00000000,12150821.87600000,0
1661360400000,1.00000000,1.00010000,0.99990000,1.00000000,20143813.00000000,1661363999999,20143577.81810000,4860,11018347.00000000,11018375.77050000,0
1661364000000,1.00000000,1.00010000,1.00000000,1.00000000,2646312.00000000,1661367599999,2646379.68140000,2426,676814.00000000,676881.68140000,0
1661367600000,1.00000000,1.00010000,1.00000000,1.00010000,6386719.00000000,1661371199999,6387245.68490000,2807,5266849.00000000,5267375.68490000,0
1661371200000,1.00000000,1.00010000,1.00000000,1.00000000,4739100.00000000,1661374799999,4739160.08900000,3748,600890.00000000,600950.08900000,0
1661374800000,1.00000000,1.00010000,1.00000000,1.00000000,3091157.00000000,1661378399999,3091250.59630000,2786,935963.00000000,936056.59630000,0
1661378400000,1.00000000,1.00010000,0.99990000,0.99990000,9494049.00000000,1661381999999,9494098.95720000,3638,1666521.00000000,1666587.47160000,0
1661382000000,0.99990000,1.00000000,0.99990000,0.99990000,4301624.00000000,1661385599999,4301580.69640000,2772,3868588.00000000,3868588.00000000,0
1661385600000,1.00000000,1.00010000,0.99990000,1.00000000,11195808.00000000,1661389199999,11196543.06170000,2269,9969054.00000000,9969806.91330000,0
1661389200000,1.00000000,1.00010000,1.00000000,1.00000000,2418628.00000000,1661392799999,2418684.34180000,2696,563418.00000000,563474.34180000,0
1661392800000,1.00000000,1.00010000,1.00000000,1.00000000,1823762.00000000,1661396399999,1823850.44430000,1830,884443.00000000,884531.44430000,0
1661396400000,1.00010000,1.00010000,1.00000000,1.00010000,2661549.00000000,1661399999999,2661646.26730000,2189,972673.00000000,972770.26730000,0
1661400000000,1.00000000,1.00010000,1.00000000,1.00000000,2070284.00000000,1661403599999,2070382.02830000,2035,980283.00000000,980381.02830000,0
1661403600000,1.00010000,1.00010000,1.00000000,1.00010000,2225810.00000000,1661407199999,2225913.78510000,1895,1037851.00000000,1037954.78510000,0
1661407200000,1.00000000,1.00010000,1.00000000,1.00000000,6399395.00000000,1661410799999,6399681.19270000,2874,2861927.00000000,2862213.19270000,0
1661410800000,1.00000000,1.00010000,1.00000000,1.00010000,6335014.00000000,1661414399999,6335153.75510000,2914,1397551.00000000,1397690.75510000,0
1661414400000,1.00000000,1.00010000,1.00000000,1.00000000,4529325.00000000,1661417999999,4529484.92710000,2474,1599271.00000000,1599430.92710000,0
1661418000000,1.00000000,1.00010000,1.00000000,1.00010000,8433930.00000000,1661421599999,8434090.23260000,2143,1602326.00000000,1602486.23260000,0
1661421600000,1.00000000,1.00010000,1.00000000,1.00000000,4215944.00000000,1661425199999,4216001.85220000,2002,578522.00000000,578579.85220000,0
1661425200000,1.00000000,1.00010000,0.99990000,0.99990000,17768945.00000000,1661428799999,17768397.75910000,2766,2694030.00000000,2694082.28370000,0
1661428800000,1.00000000,1.00000000,0.99990000,1.00000000,12564207.00000000,1661432399999,12563639.08500000,5727,6885057.00000000,6885057.00000000,0
1661432400000,1.00000000,1.00000000,0.99990000,1.00000000,5847457.00000000,1661435999999,5847240.42470000,4962,3681704.00000000,3681704.00000000,0
1661436000000,1.00000000,1.00000000,0.99990000,1.00000000,4724215.00000000,1661439599999,4724023.47710000,2532,2808986.00000000,2808986.00000000,0
1661439600000,1.00000000,1.00000000,0.99990000,0.99990000,5483601.00000000,1661443199999,5483451.12230000,2803,3984824.00000000,3984824.00000000,0
1661443200000,1.00000000,1.00000000,0.99990000,0.99990000,5524146.00000000,1661446799999,5523973.83280000,2393,3802474.00000000,3802474.00000000,0
1661446800000,0.99990000,1.00000000,0.99990000,1.00000000,23229640.00000000,1661450399999,23229524.67740000,2011,20363964.00000000,20363964.00000000,0
1661450400000,0.99990000,1.00000000,0.99990000,1.00000000,4643490.00000000,1661453999999,4643403.19500000,2374,3775440.00000000,3775440.00000000,0
1661454000000,1.00000000,1.00000000,0.99990000,1.00000000,3207976.00000000,1661457599999,3207888.42370000,2478,2332213.00000000,2332213.00000000,0
1661457600000,1.00000000,1.00000000,0.99990000,1.00000000,2450020.00000000,1661461199999,2449973.95290000,2602,1989549.00000000,1989549.00000000,0
1661461200000,1.00000000,1.00000000,0.99990000,1.00000000,3089911.00000000,1661464799999,3089836.58550000,2687,2345766.00000000,2345766.00000000,0
1661464800000,1.00000000,1.00000000,0.99990000,1.00000000,3658552.00000000,1661468399999,3658310.07660000,2783,1239318.00000000,1239318.00000000,0
1661468400000,1.00000000,1.00000000,0.99990000,1.00000000,1891836.00000000,1661471999999,1891806.55110000,2622,1597347.00000000,1597347.00000000,0
1661472000000,1.00000000,1.00000000,0.99990000,1.00000000,4282446.00000000,1661475599999,4282320.37770000,3373,3026223.00000000,3026223.00000000,0
1661475600000,1.00000000,1.00000000,0.99990000,1.00000000,1898737.00000000,1661479199999,1898647.03210000,1748,999058.00000000,999058.00000000,0
1661479200000,1.00000000,1.00000000,0.99990000,1.00000000,2591418.00000000,1661482799999,2591357.73890000,1215,1988807.00000000,1988807.00000000,0
1661482800000,1.00000000,1.00000000,0.99990000,0.99990000,4563645.00000000,1661486399999,4563510.55480000,1024,3219193.00000000,3219193.00000000,0
1661486400000,0.99990000,1.00000000,0.99990000,1.00000000,2307857.00000000,1661489999999,2307739.16500000,973,1129507.00000000,1129507.00000000,0
1661490000000,0.99990000,1.00000000,0.99990000,1.00000000,3825332.00000000,1661493599999,3825052.27050000,2410,1028037.00000000,1028037.00000000,0
1661493600000,1.00000000,1.00000000,0.99990000,1.00000000,2044323.00000000,1661497199999,2044199.50920000,1759,809415.00000000,809415.00000000,0
1661497200000,1.00000000,1.00000000,0.99990000,1.00000000,3663018.00000000,1661500799999,3662811.63480000,2560,1599366.00000000,1599366.00000000,0
1661500800000,0.99990000,1.00000000,0.99990000,0.99990000,3638763.00000000,1661504399999,3638605.25670000,2635,2061330.00000000,2061330.00000000,0
1661504400000,0.99990000,1.00000000,0.99990000,0.99990000,7306910.00000000,1661507999999,7306671.80570000,1873,4924967.00000000,4924967.00000000,0
1661508000000,1.00000000,1.00000000,0.99990000,0.99990000,2182845.00000000,1661511599999,2182685.93710000,1733,592216.00000000,592216.00000000,0
1661511600000,0.99990000,1.00000000,0.99990000,1.00000000,3593023.00000000,1661515199999,3592781.45970000,3225,1177620.00000000,1177620.00000000,0
1661515200000,0.99990000,1.00000000,0.99990000,0.99990000,12330513.00000000,1661518799999,12330253.27480000,4212,9733261.00000000,9733261.00000000,0
1661518800000,0.99990000,1.00000000,0.99990000,1.00000000,12086015.00000000,1661522399999,12085464.66880000,6537,6582703.00000000,6582703.00000000,0
1661522400000,0.99990000,1.00000000,0.99990000,0.99990000,12769201.00000000,1661525999999,12768721.07750000,7114,7969976.00000000,7969976.00000000,0
1661526000000,1.00000000,1.00000000,0.99990000,1.00000000,11898580.00000000,1661529599999,11898060.48280000,9647,6703408.00000000,6703408.00000000,0
1661529600000,1.00000000,1.00000000,0.99990000,1.00000000,9829497.00000000,1661533199999,9829219.12760000,4509,7050773.00000000,7050773.00000000,0
1661533200000,1.00000000,1.00000000,0.99990000,0.99990000,9995117.00000000,1661536799999,9994971.12510000,2659,8536368.00000000,8536368.00000000,0
1661536800000,1.00000000,1.00000000,0.99990000,0.99990000,7686158.00000000,1661540399999,7685957.01800000,4871,5676338.00000000,5676338.00000000,0
1661540400000,1.00000000,1.00010000,0.99990000,1.00000000,9235320.00000000,1661543999999,9235259.99270000,3421,8386256.00000000,8386268.04260000,0
1661544000000,1.00000000,1.00010000,1.00000000,1.00000000,3532294.00000000,1661547599999,3532450.07830000,2485,1560783.00000000,1560939.07830000,0
1661547600000,1.00010000,1.00010000,0.99990000,0.99990000,8221836.00000000,1661551199999,8221777.82970000,3450,2507139.00000000,2507173.24620000,0
1661551200000,1.00000000,1.00000000,0.99990000,1.00000000,4789450.00000000,1661554799999,4789365.86410000,4136,3948091.00000000,3948091.00000000,0
1661554800000,1.00000000,1.00010000,0.99990000,1.00000000,13360847.00000000,1661558399999,13360744.94670000,6659,3118149.00000000,3118226.64320000,0
1661558400000,1.00000000,1.00000000,0.99990000,1.00000000,3702728.00000000,1661561999999,3702606.29230000,3012,2485651.00000000,2485651.00000000,0
1661562000000,0.99990000,1.00000000,0.99990000,0.99990000,1656687.00000000,1661565599999,1656589.52350000,1317,681922.00000000,681922.00000000,0
1661565600000,1.00000000,1.00000000,0.99990000,0.99990000,3891745.00000000,1661569199999,3891523.80250000,1340,1679770.00000000,1679770.00000000,0
1661569200000,1.00000000,1.00000000,0.99990000,0.99990000,3834576.00000000,1661572799999,3834329.45870000,1209,1369163.00000000,1369163.00000000,0
1661572800000,1.00000000,1.00000000,0.99990000,1.00000000,2373787.00000000,1661576399999,2373689.56610000,1559,1399448.00000000,1399448.00000000,0
1661576400000,1.00000000,1.00000000,0.99990000,1.00000000,4505932.00000000,1661579999999,4505630.14230000,2751,1487355.00000000,1487355.00000000,0
1661580000000,1.00000000,1.00000000,0.99990000,1.00000000,4113568.00000000,1661583599999,4113443.03670000,2001,2863935.00000000,2863935.00000000,0
1661583600000,1.00000000,1.00000000,0.99990000,0.99990000,3110103.00000000,1661587199999,3109869.08860000,2407,770989.00000000,770989.00000000,0
1661587200000,0.99990000,1.00000000,0.99990000,0.99990000,3610323.00000000,1661590799999,3610069.11720000,1765,1071495.00000000,1071495.00000000,0
1661590800000,1.00000000,1.00000000,0.99990000,1.00000000,7845891.00000000,1661594399999,7845505.61000000,1807,3991991.00000000,3991991.00000000,0
1661594400000,1.00000000,1.00000000,0.99990000,1.00000000,3134630.00000000,1661597999999,3134422.33760000,1988,1058006.00000000,1058006.00000000,0
1661598000000,0.99990000,1.00000000,0.99990000,1.00000000,2184050.00000000,1661601599999,2183904.95380000,2200,733588.00000000,733588.00000000,0
1661601600000,1.00000000,1.00020000,0.99990000,1.00000000,32614269.00000000,1661605199999,32616338.97710000,3196,19166361.00000000,19167217.06740000,0
1661605200000,1.00000000,1.00010000,0.99990000,1.00000000,17324493.00000000,1661608799999,17324544.53540000,3428,6956575.00000000,6956710.64410000,0
1661608800000,1.00000000,1.00010000,0.99990000,0.99990000,9663179.00000000,1661612399999,9663149.56480000,2523,3825477.00000000,3825502.82270000,0
1661612400000,0.99990000,1.00010000,0.99990000,1.00000000,13103121.00000000,1661615999999,13103314.46040000,4600,11524445.00000000,11524761.54440000,0
1661616000000,1.00000000,1.00010000,1.00000000,1.00010000,8158746.00000000,1661619599999,8158905.12890000,3366,1591289.00000000,1591448.12890000,0
1661619600000,1.00000000,1.00010000,1.00000000,1.00010000,4714329.00000000,1661623199999,4714410.13830000,2696,811383.00000000,811464.13830000,0
1661623200000,1.00000000,1.00010000,1.00000000,1.00010000,1358287.00000000,1661626799999,1358370.82170000,1762,838217.00000000,838300.82170000,0
1661626800000,1.00000000,1.00010000,1.00000000,1.00010000,1530076.00000000,1661630399999,1530109.46070000,2058,334607.00000000,334640.46070000,0
1661630400000,1.00010000,1.00010000,1.00000000,1.00010000,1949121.00000000,1661633999999,1949164.99970000,1941,439997.00000000,440040.99970000,0
1661634000000,1.00000000,1.00010000,1.00000000,1.00000000,1848300.00000000,1661637599999,1848319.43720000,2167,194372.00000000,194391.43720000,0
1661637600000,1.00000000,1.00010000,1.00000000,1.00010000,2789315.00000000,1661641199999,2789425.53480000,2657,1105348.00000000,1105458.53480000,0
1661641200000,1.00010000,1.00010000,1.00000000,1.00010000,1192099.00000000,1661644799999,1192144.22330000,1937,452233.00000000,452278.22330000,0
1661644800000,1.00010000,1.00010000,1.00000000,1.00000000,1543799.00000000,1661648399999,1543866.95480000,2242,679548.00000000,679615.95480000,0
1661648400000,1.00010000,1.00010000,1.00000000,1.00010000,1454360.00000000,1661651999999,1454399.74260000,1500,397426.00000000,397465.74260000,0
1661652000000,1.00010000,1.00010000,1.00000000,1.00000000,2239015.00000000,1661655599999,2239122.41620000,1363,1074162.00000000,1074269.41620000,0
1661655600000,1.00010000,1.00010000,1.00000000,1.00010000,10757366.00000000,1661659199999,10757449.08220000,1434,830822.00000000,830905.08220000,0
1661659200000,1.00010000,1.00010000,1.00000000,1.00000000,2032115.00000000,1661662799999,2032170.51570000,1583,555157.00000000,555212.51570000,0
1661662800000,1.00010000,1.00010000,1.00000000,1.00000000,1625150.00000000,1661666399999,1625225.78240000,1393,757824.00000000,757899.78240000,0
1661666400000,1.00010000,1.00010000,1.00000000,1.00000000,2004744.00000000,1661669999999,2004775.36910000,1172,313691.00000000,313722.36910000,0
1661670000000,1.00000000,1.00010000,1.00000000,1.00010000,1959467.00000000,1661673599999,1959552.65470000,1222,856547.00000000,856632.65470000,0
1661673600000,1.00000000,1.00010000,1.00000000,1.00000000,1660418.00000000,1661677199999,1660444.89180000,1467,268918.00000000,268944.89180000,0
1661677200000,1.00010000,1.00010000,1.00000000,1.00000000,6101325.00000000,1661680799999,6101615.72040000,1303,2907204.00000000,2907494.72040000,0
1661680800000,1.00000000,1.00010000,1.00000000,1.00010000,3750184.00000000,1661684399999,3750279.10580000,1898,951058.00000000,951153.10580000,0
1661684400000,1.00010000,1.00010000,1.00000000,1.00000000,3154290.00000000,1661687999999,3154419.97370000,2621,1299737.00000000,1299866.97370000,0
1661688000000,1.00010000,1.00010000,1.00000000,1.00000000,1683435.00000000,1661691599999,1683519.19430000,2080,841943.00000000,842027.19430000,0
1661691600000,1.00010000,1.00010000,1.00000000,1.00000000,2080935.00000000,1661695199999,2081047.36570000,1837,1123657.00000000,1123769.36570000,0
1661695200000,1.00000000,1.00010000,1.00000000,1.00000000,4847469.00000000,1661698799999,4847539.18800000,2432,701880.00000000,701950.18800000,0
1661698800000,1.00000000,1.00010000,1.00000000,1.00000000,3582977.00000000,1661702399999,3583140.01480000,2829,1630148.00000000,1630311.01480000,0
1661702400000,1.00010000,1.00010000,1.00000000,1.00000000,2933070.00000000,1661705999999,2933207.85060000,2988,1378506.00000000,1378643.85060000,0
1661706000000,1.00010000,1.00010000,1.00000000,1.00010000,1732202.00000000,1661709599999,1732225.61350000,1781,236135.00000000,236158.61350000,0
1661709600000,1.00010000,1.00010000,1.00000000,1.00010000,1565040.00000000,1661713199999,1565096.73770000,1301,567377.00000000,567433.73770000,0
1661713200000,1.00000000,1.00010000,1.00000000,1.00010000,5435936.00000000,1661716799999,5436003.87890000,1485,678789.00000000,678856.87890000,0
1661716800000,1.00000000,1.00010000,1.00000000,1.00000000,3179908.00000000,1661720399999,3180029.68900000,1247,1216890.00000000,1217011.68900000,0
1661720400000,1.00000000,1.00010000,1.00000000,1.00000000,1308949.00000000,1661723999999,1308973.45940000,1526,244594.00000000,244618.45940000,0
1661724000000,1.00000000,1.00010000,1.00000000,1.00010000,3870891.00000000,1661727599999,3871004.11990000,2224,1131199.00000000,1131312.11990000,0
1661727600000,1.00000000,1.00010000,1.00000000,1.00010000,6006410.00000000,1661731199999,6006480.26790000,3735,702679.00000000,702749.26790000,0
1661731200000,1.00010000,1.00010000,1.00000000,1.00000000,3982821.00000000,1661734799999,3982956.54470000,3961,1355447.00000000,1355582.54470000,0
1661734800000,1.00010000,1.00010000,1.00000000,1.00010000,4182308.00000000,1661738399999,4182424.20700000,1988,1162070.00000000,1162186.20700000,0
1661738400000,1.00000000,1.00010000,1.00000000,1.00000000,11356302.00000000,1661741999999,11356403.49940000,1906,1014994.00000000,1015095.49940000,0
1661742000000,1.00000000,1.00010000,1.00000000,1.00010000,2440809.00000000,1661745599999,2440935.13690000,2272,1261369.00000000,1261495.13690000,0
1661745600000,1.00010000,1.00010000,1.00000000,1.00000000,4887317.00000000,1661749199999,4887400.80530000,1465,838053.00000000,838136.80530000,0
1661749200000,1.00000000,1.00010000,1.00000000,1.00010000,10231607.00000000,1661752799999,10231779.28840000,1291,1722884.00000000,1723056.28840000,0
1661752800000,1.00000000,1.00010000,1.00000000,1.00000000,13993577.00000000,1661756399999,13993726.94260000,1455,1499426.00000000,1499575.94260000,0
1661756400000,1.00000000,1.00010000,0.99990000,1.00000000,23975582.00000000,1661759999999,23975544.20300000,3098,8841678.00000000,8841719.88750000,0
1661760000000,1.00010000,1.00010000,1.00000000,1.00000000,5782393.00000000,1661763599999,5782614.33000000,1522,2213300.00000000,2213521.33000000,0
1661763600000,1.00010000,1.00010000,1.00000000,1.00010000,3991110.00000000,1661767199999,3991246.13510000,1449,1361351.00000000,1361487.13510000,0
1661767200000,1.00010000,1.00010000,1.00000000,1.00010000,6469679.00000000,1661770799999,6469954.36510000,1696,2753651.00000000,2753926.36510000,0
1661770800000,1.00000000,1.00010000,1.00000000,1.00000000,3938300.00000000,1661774399999,3938469.93030000,1436,1699303.00000000,1699472.93030000,0
1661774400000,1.00000000,1.00010000,1.00000000,1.00000000,6254865.00000000,1661777999999,6255120.59730000,2958,2555973.00000000,2556228.59730000,0
1661778000000,1.00010000,1.00010000,1.00000000,1.00000000,6393635.00000000,1661781599999,6393748.81690000,4005,1138169.00000000,1138282.81690000,0
1661781600000,1.00000000,1.00010000,1.00000000,1.00010000,15079900.00000000,1661785199999,15080193.05110000,7856,2930511.00000000,2930804.05110000,0
1661785200000,1.00000000,1.00010000,1.00000000,1.00000000,7489900.00000000,1661788799999,7490072.49110000,2346,1724911.00000000,1725083.49110000,0
1661788800000,1.00010000,1.00010000,1.00000000,1.00010000,11133995.00000000,1661792399999,11134807.07840000,3333,8120784.00000000,8121596.07840000,0
1661792400000,1.00000000,1.00010000,1.00000000,1.00000000,3611420.00000000,1661795999999,3611612.88910000,2075,1928891.00000000,1929083.88910000,0
1661796000000,1.00010000,1.00010000,1.00000000,1.00010000,2999771.00000000,1661799599999,2999886.44330000,2233,1154433.00000000,1154548.44330000,0
1661799600000,1.00000000,1.00010000,1.00000000,1.00000000,3681959.00000000,1661803199999,3682013.25450000,2050,542545.00000000,542599.25450000,0
1661803200000,1.00010000,1.00010000,1.00000000,1.00000000,3580566.00000000,1661806799999,3580635.03910000,2100,690391.00000000,690460.03910000,0
1661806800000,1.00000000,1.00010000,1.00000000,1.00000000,1349900.00000000,1661810399999,1349923.45080000,1413,234508.00000000,234531.45080000,0
1661810400000,1.00000000,1.00010000,1.00000000,1.00000000,1956004.00000000,1661813999999,1956138.99260000,1089,1349926.00000000,1350060.99260000,0
1661814000000,1.00010000,1.00010000,1.00000000,1.00000000,8046996.00000000,1661817599999,8047459.60160000,2451,4636016.00000000,4636479.60160000,0
1661817600000,1.00000000,1.00010000,0.99990000,1.00000000,10763466.00000000,1661821199999,10763486.96840000,2464,566434.00000000,566463.48780000,0
1661821200000,1.00000000,1.00000000,0.99990000,1.00000000,3588392.00000000,1661824799999,3588300.16290000,1624,2670021.00000000,2670021.00000000,0
1661824800000,1.00000000,1.00000000,0.99990000,1.00000000,4722673.00000000,1661828399999,4722347.76260000,1402,1470299.00000000,1470299.00000000,0
1661828400000,0.99990000,1.00010000,0.99990000,1.00010000,7925893.00000000,1661831999999,7925953.02670000,2146,5374777.00000000,5374867.33190000,0
1661832000000,1.00000000,1.00010000,0.99990000,1.00000000,11932494.00000000,1661835599999,11932487.15510000,2916,2634105.00000000,2634258.83720000,0
1661835600000,1.00000000,1.00010000,0.99990000,1.00010000,9373789.00000000,1661839199999,9373915.09170000,2143,7635878.00000000,7636035.63780000,0
1661839200000,1.00000000,1.00010000,1.00000000,1.00000000,6396276.00000000,1661842799999,6396577.73110000,1947,3017311.00000000,3017612.73110000,0
1661842800000,1.00000000,1.00010000,1.00000000,1.00000000,10869659.00000000,1661846399999,10869955.43760000,3640,2964376.00000000,2964672.43760000,0
1661846400000,1.00000000,1.00010000,1.00000000,1.00010000,5581982.00000000,1661849999999,5582089.14970000,3153,1071497.00000000,1071604.14970000,0
1661850000000,1.00000000,1.00010000,1.00000000,1.00000000,4681476.00000000,1661853599999,4681696.38200000,1886,2203820.00000000,2204040.38200000,0
1661853600000,1.00000000,1.00010000,1.00000000,1.00000000,9194743.00000000,1661857199999,9194992.76790000,2357,2497679.00000000,2497928.76790000,0
1661857200000,1.00010000,1.00010000,0.99990000,1.00000000,12626278.00000000,1661860799999,12626177.33920000,2103,2454640.00000000,2454692.01010000,0
1661860800000,1.00000000,1.00000000,0.99990000,1.00000000,6311306.00000000,1661864399999,6311099.48730000,2272,4246179.00000000,4246179.00000000,0
1661864400000,1.00000000,1.00000000,0.99990000,0.99990000,4998206.00000000,1661867999999,4997916.57430000,2883,2103949.00000000,2103949.00000000,0
1661868000000,1.00000000,1.00000000,0.99990000,1.00000000,8561904.00000000,1661871599999,8561463.27510000,6652,4154655.00000000,4154655.00000000,0
1661871600000,1.00000000,1.00000000,0.99990000,0.99990000,6950058.00000000,1661875199999,6949781.50420000,4330,4185100.00000000,4185100.00000000,0
1661875200000,0.99990000,1.00000000,0.99990000,0.99990000,8775270.00000000,1661878799999,8774819.73420000,5231,4272612.00000000,4272612.00000000,0
1661878800000,0.99990000,1.00000000,0.99990000,0.99990000,4808141.00000000,1661882399999,4807886.76670000,3101,2265808.00000000,2265808.00000000,0
1661882400000,0.99990000,1.00000000,0.99990000,0.99990000,4633071.00000000,1661885999999,4632738.97070000,2950,1312778.00000000,1312778.00000000,0
1661886000000,1.00000000,1.00000000,0.99990000,1.00000000,7865560.00000000,1661889599999,7865347.21710000,4298,5737731.00000000,5737731.00000000,0
1661889600000,1.00000000,1.00000000,0.99990000,0.99990000,3276902.00000000,1661893199999,3276805.90430000,3128,2315945.00000000,2315945.00000000,0
1661893200000,0.99990000,1.00000000,0.99990000,0.99990000,2462155.00000000,1661896799999,2461992.77660000,2635,839921.00000000,839921.00000000,0
1661896800000,1.00000000,1.00000000,0.99990000,0.99990000,2165323.00000000,1661900399999,2165207.41450000,2059,1009468.00000000,1009468.00000000,0
1661900400000,0.99990000,1.00000000,0.99990000,0.99990000,1917313.00000000,1661903999999,1917172.03170000,1853,507630.00000000,507630.00000000,0
1661904000000,0.99990000,1.00000000,0.99990000,0.99990000,1630368.00000000,1661907599999,1630281.30010000,2404,763369.00000000,763369.00000000,0
1661907600000,0.99990000,1.00000000,0.99990000,1.00000000,2918596.00000000,1661911199999,2918517.18990000,2570,2130495.00000000,2130495.00000000,0
1661911200000,0.99990000,1.00000000,0.99990000,1.00000000,3752121.00000000,1661914799999,3751981.03770000,3028,2352498.00000000,2352498.00000000,0
1661914800000,1.00000000,1.00000000,0.99990000,0.99990000,7214046.00000000,1661918399999,7213871.26900000,2592,5466736.00000000,5466736.00000000,0
1661918400000,1.00000000,1.00010000,0.99990000,1.00000000,12396511.00000000,1661921999999,12396537.59110000,2745,10617330.00000000,10617372.20870000,0
1661922000000,1.00000000,1.00010000,1.00000000,1.00000000,3918695.00000000,1661925599999,3918744.56350000,2216,495635.00000000,495684.56350000,0
1661925600000,1.00010000,1.00010000,1.00000000,1.00000000,6699456.00000000,1661929199999,6699844.56070000,3424,3885607.00000000,3885995.56070000,0
1661929200000,1.00010000,1.00010000,1.00000000,1.00000000,2004964.00000000,1661932799999,2005030.18150000,2178,661815.00000000,661881.18150000,0
1661932800000,1.00010000,1.00010000,1.00000000,1.00000000,3639489.00000000,1661936399999,3639604.04210000,2507,1150421.00000000,1150536.04210000,0
1661936400000,1.00000000,1.00010000,1.00000000,1.00000000,5716410.00000000,1661939999999,5716700.08800000,2152,2900880.00000000,2901170.08800000,0
1661940000000,1.00000000,1.00010000,1.00000000,1.00000000,7286771.00000000,1661943599999,7287206.15750000,2789,4351575.00000000,4352010.15750000,0
1661943600000,1.00010000,1.00010000,1.00000000,1.00010000,1989836.00000000,1661947199999,1989906.10170000,2533,701017.00000000,701087.10170000,0
1661947200000,1.00010000,1.00010000,1.00000000,1.00010000,4231411.00000000,1661950799999,4231536.74520000,3404,1257452.00000000,1257577.74520000,0
1661950800000,1.00000000,1.00010000,1.00000000,1.00000000,9682990.00000000,1661954399999,9683140.48510000,3116,1504851.00000000,1505001.48510000,0
1661954400000,1.00000000,1.00010000,0.99990000,1.00000000,13872772.00000000,1661957999999,13872799.99940000,4419,6065536.00000000,6065613.85880000,0
1661958000000,1.00000000,1.00010000,1.00000000,1.00000000,8686012.00000000,1661961599999,8686532.85160000,4693,5208516.00000000,5209036.85160000,0
1661961600000,1.00000000,1.00010000,1.00000000,1.00000000,7718985.00000000,1661965199999,7719444.42160000,2872,4594216.00000000,4594675.42160000,0
1661965200000,1.00000000,1.00010000,1.00000000,1.00010000,5308293.00000000,1661968799999,5308577.33120000,2753,2843312.00000000,2843596.33120000,0
1661968800000,1.00000000,1.00010000,1.00000000,1.00010000,5025510.00000000,1661972399999,5025909.31220000,1844,3993122.00000000,3993521.31220000,0
1661972400000,1.00000000,1.00010000,1.00000000,1.00000000,4254586.00000000,1661975999999,4254804.17680000,3323,2181768.00000000,2181986.17680000,0
1661976000000,1.00000000,1.00010000,1.00000000,1.00010000,1535506.00000000,1661979599999,1535549.38820000,2091,433882.00000000,433925.38820000,0
1661979600000,1.00010000,1.00010000,1.00000000,1.00000000,1972114.00000000,1661983199999,1972202.27310000,2064,882731.00000000,882819.27310000,0
1661983200000,1.00000000,1.00010000,1.00000000,1.00000000,2795046.00000000,1661986799999,2795192.71740000,2260,1467174.00000000,1467320.71740000,0
1661986800000,1.00000000,1.00010000,1.00000000,1.00010000,5122197.00000000,1661990399999,5122326.67370000,2730,1296737.00000000,1296866.67370000,0
