1693526400000,1.00030000,1.00030000,1.00020000,1.00020000,5571086.00000000,1693529999999,5572559.66870000,2500,3594515.00000000,3595593.35450000,0
1693530000000,1.00020000,1.00030000,1.00020000,1.00020000,8483472.00000000,1693533599999,8485752.81020000,3301,5841158.00000000,5842910.34740000,0
1693533600000,1.00020000,1.00040000,1.00020000,1.00030000,14746433.00000000,1693537199999,14751073.62110000,3092,7700112.00000000,7702693.67140000,0
1693537200000,1.00030000,1.00040000,1.00030000,1.00030000,4232107.00000000,1693540799999,4233492.31630000,2427,1156842.00000000,1157304.73680000,0
1693540800000,1.00040000,1.00040000,1.00020000,1.00030000,13240305.00000000,1693544399999,13244342.34990000,1722,9476461.00000000,9479399.83010000,0
1693544400000,1.00030000,1.00040000,1.00030000,1.00030000,4132411.00000000,1693547999999,4133844.17290000,1822,1934496.00000000,1935269.79840000,0
1693548000000,1.00030000,1.00040000,1.00030000,1.00030000,10587245.00000000,1693551599999,10591231.75380000,2425,8105803.00000000,8109045.32120000,0
1693551600000,1.00030000,1.00040000,1.00030000,1.00030000,9231415.00000000,1693555199999,9234579.45540000,2011,3950309.00000000,3951889.12360000,0
1693555200000,1.00030000,1.00040000,1.00030000,1.00030000,6271730.00000000,1693558799999,6273980.09580000,1977,3685768.00000000,3687242.30720000,0
1693558800000,1.00040000,1.00040000,1.00030000,1.00030000,9369931.00000000,1693562399999,9373461.98860000,2900,7200093.00000000,7202973.03720000,0
1693562400000,1.00030000,1.00050000,1.00030000,1.00030000,14209675.00000000,1693565999999,14215121.94850000,2400,7270259.00000000,7273171.28760000,0
1693566000000,1.00030000,1.00040000,1.00030000,1.00030000,3050583.00000000,1693569599999,3051589.16760000,1880,909927.00000000,910290.97080000,0
1693569600000,1.00030000,1.00050000,1.00030000,1.00030000,18865794.00000000,1693573199999,18873182.42820000,3394,7155956.00000000,7158836.21320000,0
1693573200000,1.00030000,1.00040000,1.00030000,1.00030000,6387248.00000000,1693576799999,6389419.31780000,2894,2551434.00000000,2552454.57360000,0
1693576800000,1.00030000,1.00040000,1.00030000,1.00030000,12794373.00000000,1693580399999,12798703.25100000,4200,4919391.00000000,4921358.75640000,0
1693580400000,1.00030000,1.00040000,1.00030000,1.00030000,13938602.00000000,1693583999999,13943728.70500000,5913,9451244.00000000,9455024.49760000,0
1693584000000,1.00030000,1.00060000,1.00030000,1.00040000,29432277.00000000,1693587599999,29445688.29250000,8003,22560420.00000000,22570737.89560000,0
1693587600000,1.00040000,1.00060000,1.00030000,1.00040000,22383938.00000000,1693591199999,22393432.49150000,7953,8911441.00000000,8915523.14270000,0
1693591200000,1.00040000,1.00080000,1.00040000,1.00060000,14781798.00000000,1693594799999,14790747.58020000,5348,9504426.00000000,9510275.71440000,0
1693594800000,1.00060000,1.00070000,1.00040000,1.00040000,9087955.00000000,1693598399999,9093116.95490000,2543,1443614.00000000,1444470.65640000,0
1693598400000,1.00050000,1.00080000,1.00040000,1.00070000,21557058.00000000,1693601999999,21571080.71540000,4303,14949967.00000000,14959822.60410000,0
1693602000000,1.00070000,1.00080000,1.00050000,1.00050000,10853153.00000000,1693605599999,10860100.23750000,2911,5208533.00000000,5212085.92390000,0
1693605600000,1.00050000,1.00060000,1.00040000,1.00050000,13031679.00000000,1693609199999,13038213.80770000,2923,5104304.00000000,5106993.80250000,0
1693609200000,1.00050000,1.00060000,1.00040000,1.00040000,5805137.00000000,1693612799999,5807646.74710000,2198,1154766.00000000,1155353.29680000,0
1693612800000,1.00040000,1.00050000,1.00030000,1.00050000,11329771.00000000,1693616399999,11334419.25740000,3002,6097711.00000000,6100278.92350000,0
1693616400000,1.00040000,1.00050000,1.00030000,1.00040000,4991064.00000000,1693619999999,4993178.94070000,2485,1304224.00000000,1304868.00600000,0
1693620000000,1.00030000,1.00050000,1.00030000,1.00040000,3813130.00000000,1693623599999,3814672.74960000,2122,1275758.00000000,1276287.63830000,0
1693623600000,1.00040000,1.00050000,1.00040000,1.00040000,789747.00000000,1693627199999,790102.28250000,948,393837.00000000,394033.91850000,0
1693627200000,1.00040000,1.00050000,1.00030000,1.00040000,3286147.00000000,1693630799999,3287539.22570000,1362,2019245.00000000,2020137.39700000,0
1693630800000,1.00040000,1.00050000,1.00040000,1.00040000,1567610.00000000,1693634399999,1568273.38450000,1079,363405.00000000,363586.70250000,0
1693634400000,1.00040000,1.00050000,1.00040000,1.00050000,930506.00000000,1693637999999,930890.73380000,1207,125314.00000000,125376.65700000,0
1693638000000,1.00040000,1.00050000,1.00040000,1.00040000,7742045.00000000,1693641599999,7745388.75690000,2462,2469389.00000000,2470623.69450000,0
1693641600000,1.00040000,1.00050000,1.00030000,1.00040000,8710074.00000000,1693645199999,8713141.19870000,2442,209528.00000000,209619.00800000,0
1693645200000,1.00030000,1.00040000,1.00030000,1.00030000,5304337.00000000,1693648799999,5306270.63920000,1641,3423381.00000000,3424750.35240000,0
1693648800000,1.00030000,1.00040000,1.00030000,1.00030000,1209472.00000000,1693652399999,1209879.32150000,1460,444799.00000000,444976.91960000,0
1693652400000,1.00030000,1.00040000,1.00030000,1.00030000,2966384.00000000,1693655999999,2967296.90230000,1692,229871.00000000,229962.94840000,0
1693656000000,1.00030000,1.00040000,1.00030000,1.00030000,1250477.00000000,1693659599999,1250872.72030000,1743,205772.00000000,205854.30880000,0
1693659600000,1.00030000,1.00040000,1.00020000,1.00030000,9680152.00000000,1693663199999,9683012.81780000,2839,1252294.00000000,1252680.12420000,0
1693663200000,1.00020000,1.00030000,1.00020000,1.00030000,4157841.00000000,1693666799999,4158925.02540000,2083,2524572.00000000,2525329.37160000,0
1693666800000,1.00020000,1.00030000,1.00020000,1.00020000,3983691.00000000,1693670399999,3984675.67940000,2901,1879412.00000000,1879975.82360000,0
1693670400000,1.00020000,1.00030000,1.00020000,1.00020000,5126134.00000000,1693673999999,5127427.11120000,2356,2678844.00000000,2679647.65320000,0
1693674000000,1.00020000,1.00030000,1.00020000,1.00020000,5571171.00000000,1693677599999,5572379.45690000,3356,942227.00000000,942509.66810000,0
1693677600000,1.00020000,1.00030000,1.00010000,1.00020000,12142276.00000000,1693681199999,12144627.77540000,3159,5103616.00000000,5104644.55760000,0
1693681200000,1.00020000,1.00020000,1.00010000,1.00010000,951364.00000000,1693684799999,951497.77600000,1794,386396.00000000,386473.27920000,0
1693684800000,1.00010000,1.00020000,1.00010000,1.00020000,1008042.00000000,1693688399999,1008167.77470000,1582,249705.00000000,249754.94100000,0
1693688400000,1.00020000,1.00020000,1.00010000,1.00020000,2209329.00000000,1693691999999,2209714.81430000,1894,1648814.00000000,1649143.76280000,0
1693692000000,1.00010000,1.00020000,1.00010000,1.00020000,1550105.00000000,1693695599999,1550380.20180000,1549,1201913.00000000,1202153.38260000,0
1693695600000,1.00020000,1.00020000,1.00010000,1.00010000,2828095.00000000,1693699199999,2828517.28040000,1867,1394709.00000000,1394987.94180000,0
1693699200000,1.00010000,1.00020000,1.00010000,1.00020000,3337743.00000000,1693702799999,3338325.06940000,1538,2482951.00000000,2483447.59020000,0
1693702800000,1.00010000,1.00020000,1.00010000,1.00010000,3454670.00000000,1693706399999,3455206.44830000,1369,1909813.00000000,1910194.96260000,0
1693706400000,1.00010000,1.00020000,1.00010000,1.00020000,1881467.00000000,1693709999999,1881828.13330000,837,1729866.00000000,1730211.97320000,0
1693710000000,1.00010000,1.00020000,1.00010000,1.00020000,5223648.00000000,1693713599999,5224587.63830000,792,4172735.00000000,4173569.54700000,0
1693713600000,1.00010000,1.00020000,1.00010000,1.00020000,3321710.00000000,1693717199999,3322304.80260000,699,2626316.00000000,2626841.26320000,0
1693717200000,1.00010000,1.00020000,1.00010000,1.00010000,1256798.00000000,1693720799999,1256975.00740000,869,513276.00000000,513378.65520000,0
1693720800000,1.00010000,1.00030000,1.00010000,1.00020000,7110149.00000000,1693724399999,7111562.86390000,1035,5132323.00000000,5133363.40460000,0
1693724400000,1.00020000,1.00030000,1.00020000,1.00020000,4396355.00000000,1693727999999,4397461.47020000,1224,2271992.00000000,2272673.59760000,0
1693728000000,1.00020000,1.00030000,1.00010000,1.00020000,7384298.00000000,1693731599999,7385633.31710000,2216,2527888.00000000,2528401.88750000,0
1693731600000,1.00010000,1.00030000,1.00010000,1.00020000,9853328.00000000,1693735199999,9855332.33520000,1899,3696122.00000000,3696899.41640000,0
1693735200000,1.00010000,1.00020000,1.00010000,1.00010000,1544837.00000000,1693738799999,1545031.50600000,1270,400223.00000000,400303.04460000,0
1693738800000,1.00010000,1.00020000,1.00010000,1.00020000,1372248.00000000,1693742399999,1372425.32460000,1245,400998.00000000,401078.19960000,0
1693742400000,1.00020000,1.00020000,1.00010000,1.00010000,3037099.00000000,1693745999999,3037566.71650000,2513,1640066.00000000,1640394.01320000,0
1693746000000,1.00010000,1.00020000,1.00010000,1.00010000,5337390.00000000,1693749599999,5338021.27210000,1572,975331.00000000,975526.06620000,0
1693749600000,1.00010000,1.00020000,1.00010000,1.00010000,1986746.00000000,1693753199999,1987090.98260000,1239,1463080.00000000,1463372.61600000,0
1693753200000,1.00010000,1.00030000,1.00010000,1.00030000,22058255.00000000,1693756799999,22062440.53320000,1557,19129700.00000000,19133543.94350000,0
1693756800000,1.00020000,1.00030000,1.00010000,1.00020000,7997720.00000000,1693760399999,7999352.95170000,3606,744960.00000000,745167.11970000,0
1693760400000,1.00010000,1.00020000,1.00010000,1.00020000,1698932.00000000,1693763999999,1699143.35960000,1110,414664.00000000,414746.93280000,0
1693764000000,1.00010000,1.00020000,1.00010000,1.00010000,4804974.00000000,1693767599999,4805769.46080000,1705,3149634.00000000,3150263.92680000,0
1693767600000,1.00010000,1.00030000,1.00010000,1.00030000,4391790.00000000,1693771199999,4392671.98580000,1679,3187873.00000000,3188544.82020000,0
1693771200000,1.00020000,1.00030000,1.00020000,1.00020000,1928480.00000000,1693774799999,1928927.05210000,1814,613561.00000000,613745.06830000,0
1693774800000,1.00020000,1.00030000,1.00020000,1.00020000,3547687.00000000,1693778399999,3548508.37300000,2104,1118356.00000000,1118691.50680000,0
1693778400000,1.00020000,1.00030000,1.00010000,1.00010000,4376456.00000000,1693781999999,4377338.58650000,1853,181493.00000000,181541.86710000,0
1693782000000,1.00010000,1.00020000,1.00010000,1.00020000,1227691.00000000,1693785599999,1227868.61700000,841,548479.00000000,548588.69580000,0
1693785600000,1.00020000,1.00030000,1.00010000,1.00020000,7762479.00000000,1693789199999,7763939.29000000,2288,6273144.00000000,6274410.93270000,0
1693789200000,1.00020000,1.00030000,1.00020000,1.00020000,2532447.00000000,1693792799999,2532978.20370000,1445,247143.00000000,247217.14290000,0
1693792800000,1.00020000,1.00030000,1.00010000,1.00010000,8819317.00000000,1693796399999,8820898.33730000,2260,2045835.00000000,2046246.05820000,0
1693796400000,1.00010000,1.00030000,1.00010000,1.00020000,6638381.00000000,1693799999999,6639839.03470000,3129,4769812.00000000,4770943.05600000,0
1693800000000,1.00020000,1.00030000,1.00020000,1.00020000,3313111.00000000,1693803599999,3313907.43920000,1409,1338170.00000000,1338571.45100000,0
1693803600000,1.00020000,1.00030000,1.00020000,1.00020000,5236014.00000000,1693807199999,5237324.95430000,1413,2637515.00000000,2638306.25450000,0
1693807200000,1.00020000,1.00030000,1.00020000,1.00020000,7924372.00000000,1693810799999,7926476.70730000,2103,5198329.00000000,5199888.49870000,0
1693810800000,1.00020000,1.00040000,1.00020000,1.00030000,8260605.00000000,1693814399999,8263283.79730000,2467,4510098.00000000,4511661.58320000,0
1693814400000,1.00040000,1.00040000,1.00030000,1.00030000,5658144.00000000,1693817999999,5660106.93790000,1584,2654947.00000000,2656008.97880000,0
1693818000000,1.00030000,1.00040000,1.00030000,1.00030000,5243689.00000000,1693821599999,5245529.36840000,1676,2672617.00000000,2673686.04680000,0
1693821600000,1.00030000,1.00050000,1.00030000,1.00040000,11178626.00000000,1693825199999,11182906.76730000,2421,8414267.00000000,8417633.48260000,0
1693825200000,1.00040000,1.00050000,1.00040000,1.00040000,9288661.00000000,1693828799999,9292687.04360000,4228,3105792.00000000,3107344.89600000,0
1693828800000,1.00040000,1.00060000,1.00040000,1.00040000,19013553.00000000,1693832399999,19022591.91210000,3227,9140053.00000000,9144624.03420000,0
1693832400000,1.00050000,1.00050000,1.00030000,1.00030000,18144344.00000000,1693835999999,18151640.27390000,3399,7108084.00000000,7111066.43210000,0
1693836000000,1.00030000,1.00050000,1.00030000,1.00040000,11594590.00000000,1693839599999,11599143.26760000,3247,7814732.00000000,7817896.50780000,0
1693839600000,1.00040000,1.00050000,1.00030000,1.00030000,8753048.00000000,1693843199999,8756141.30060000,4375,3075774.00000000,3077014.51120000,0
1693843200000,1.00030000,1.00040000,1.00020000,1.00030000,18290025.00000000,1693846799999,18295604.29790000,3797,6793195.00000000,6795380.16220000,0
1693846800000,1.00030000,1.00040000,1.00030000,1.00030000,5949466.00000000,1693850399999,5951505.84640000,2850,2550066.00000000,2551086.02640000,0
1693850400000,1.00030000,1.00040000,1.00020000,1.00030000,7663889.00000000,1693853999999,7666280.90660000,2059,2592581.00000000,2593464.89680000,0
1693854000000,1.00030000,1.00040000,1.00030000,1.00030000,3575285.00000000,1693857599999,3576489.05290000,1978,1314674.00000000,1315199.86960000,0
1693857600000,1.00030000,1.00040000,1.00030000,1.00030000,3139686.00000000,1693861199999,3140739.37710000,1484,1114713.00000000,1115158.88520000,0
1693861200000,1.00030000,1.00040000,1.00030000,1.00030000,4257033.00000000,1693864799999,4258355.56320000,3327,454533.00000000,454714.81320000,0
1693864800000,1.00030000,1.00040000,1.00020000,1.00030000,5971546.00000000,1693868399999,5973292.80810000,2288,2552056.00000000,2552859.49780000,0
1693868400000,1.00030000,1.00040000,1.00030000,1.00030000,6436633.00000000,1693871999999,6439034.55410000,3089,4705642.00000000,4707524.25680000,0
1693872000000,1.00030000,1.00050000,1.00030000,1.00040000,5429513.00000000,1693875599999,5431925.05950000,1528,3859142.00000000,3860925.93940000,0
1693875600000,1.00040000,1.00050000,1.00040000,1.00040000,3189791.00000000,1693879199999,3191185.11080000,1274,1181944.00000000,1182534.97200000,0
1693879200000,1.00040000,1.00050000,1.00030000,1.00040000,15927433.00000000,1693882799999,15934132.56540000,2647,6182989.00000000,6185794.67010000,0
1693882800000,1.00040000,1.00050000,1.00040000,1.00040000,5439885.00000000,1693886399999,5442193.42690000,2715,1324729.00000000,1325391.36450000,0
1693886400000,1.00040000,1.00050000,1.00040000,1.00040000,5966572.00000000,1693889999999,5969403.04080000,2196,4444120.00000000,4446342.06000000,0
1693890000000,1.00040000,1.00050000,1.00040000,1.00040000,7569778.00000000,1693893599999,7573343.54150000,2104,5376303.00000000,5378991.15150000,0
1693893600000,1.00040000,1.00070000,1.00040000,1.00050000,11558961.00000000,1693897199999,11565561.45570000,1613,7836858.00000000,7841414.57000000,0
1693897200000,1.00050000,1.00080000,1.00050000,1.00060000,18202755.00000000,1693900799999,18213739.65210000,3051,11735104.00000000,11742473.80500000,0
1693900800000,1.00060000,1.00070000,1.00050000,1.00060000,14793640.00000000,1693904399999,14802568.59570000,1823,1488621.00000000,1489581.68430000,0
1693904400000,1.00060000,1.00070000,1.00050000,1.00070000,18209066.00000000,1693907999999,18220040.65070000,3067,12642517.00000000,12650296.62110000,0
1693908000000,1.00060000,1.00080000,1.00050000,1.00070000,30026691.00000000,1693911599999,30044729.39180000,3123,13773012.00000000,13782133.34220000,0
1693911600000,1.00070000,1.00080000,1.00060000,1.00070000,9443660.00000000,1693915199999,9450236.75390000,2297,5012388.00000000,5015991.87840000,0
1693915200000,1.00070000,1.00090000,1.00070000,1.00070000,10878217.00000000,1693918799999,10886578.43320000,2649,6945156.00000000,6950715.14440000,0
1693918800000,1.00070000,1.00080000,1.00070000,1.00070000,9609300.00000000,1693922399999,9616638.35370000,2423,6118437.00000000,6123331.74960000,0
1693922400000,1.00070000,1.00090000,1.00060000,1.00060000,18887995.00000000,1693925999999,18902137.54860000,3842,11653637.00000000,11662649.12090000,0
1693926000000,1.00060000,1.00080000,1.00060000,1.00060000,24632914.00000000,1693929599999,24650018.63800000,4734,17788807.00000000,17801396.69760000,0
1693929600000,1.00060000,1.00070000,1.00050000,1.00060000,20781491.00000000,1693933199999,20793913.03090000,3422,11338491.00000000,11345445.84990000,0
1693933200000,1.00060000,1.00070000,1.00050000,1.00060000,11101216.00000000,1693936799999,11107690.22900000,2524,5814955.00000000,5818544.48140000,0
1693936800000,1.00060000,1.00070000,1.00050000,1.00050000,6459838.00000000,1693940399999,6463228.97770000,1659,1417332.00000000,1418183.48160000,0
1693940400000,1.00050000,1.00060000,1.00040000,1.00040000,13347468.00000000,1693943999999,13354172.94610000,2414,2949273.00000000,2950830.98550000,0
1693944000000,1.00040000,1.00060000,1.00040000,1.00040000,7941965.00000000,1693947599999,7945565.56530000,1809,2440326.00000000,2441546.50690000,0
1693947600000,1.00040000,1.00060000,1.00040000,1.00050000,6406245.00000000,1693951199999,6409432.85080000,1514,2983491.00000000,2985007.65370000,0
1693951200000,1.00050000,1.00060000,1.00040000,1.00040000,6821840.00000000,1693954799999,6825131.88800000,1516,2754624.00000000,2756027.36770000,0
1693954800000,1.00040000,1.00060000,1.00040000,1.00040000,7220167.00000000,1693958399999,7223787.23530000,1299,4271239.00000000,4273507.12560000,0
1693958400000,1.00040000,1.00050000,1.00040000,1.00050000,2096339.00000000,1693961999999,2097224.13440000,1284,465988.00000000,466220.99400000,0
1693962000000,1.00040000,1.00070000,1.00040000,1.00050000,12826271.00000000,1693965599999,12833491.97560000,1488,11107045.00000000,11113330.93400000,0
1693965600000,1.00050000,1.00060000,1.00050000,1.00060000,2510846.00000000,1693969199999,2512267.24830000,1816,1658253.00000000,1659247.95180000,0
1693969200000,1.00060000,1.00070000,1.00050000,1.00060000,16992267.00000000,1693972799999,17002551.82420000,3120,8702264.00000000,8707616.12840000,0
1693972800000,1.00060000,1.00070000,1.00060000,1.00070000,10823674.00000000,1693976399999,10830649.58030000,2721,4813759.00000000,4817128.63130000,0
1693976400000,1.00060000,1.00070000,1.00060000,1.00060000,2831368.00000000,1693979999999,2833211.00520000,1784,1441844.00000000,1442853.29080000,0
1693980000000,1.00060000,1.00070000,1.00060000,1.00060000,2777283.00000000,1693983599999,2779149.22830000,1675,1998585.00000000,1999984.00950000,0
1693983600000,1.00060000,1.00070000,1.00060000,1.00060000,9075472.00000000,1693987199999,9081197.97360000,1682,2806904.00000000,2808868.83280000,0
1693987200000,1.00060000,1.00070000,1.00050000,1.00060000,7855457.00000000,1693990799999,7860069.33620000,2100,1947991.00000000,1949164.75930000,0
1693990800000,1.00050000,1.00060000,1.00050000,1.00050000,9570903.00000000,1693994399999,9576512.82380000,1428,8243723.00000000,8248669.23380000,0
1693994400000,1.00050000,1.00060000,1.00050000,1.00060000,5290999.00000000,1693997999999,5293894.96540000,1276,2504659.00000000,2506161.79540000,0
1693998000000,1.00050000,1.00060000,1.00050000,1.00050000,9084248.00000000,1694001599999,9088990.29960000,1254,2001756.00000000,2002957.05360000,0
1694001600000,1.00050000,1.00060000,1.00050000,1.00050000,6702973.00000000,1694005199999,6706595.02710000,1968,2705406.00000000,2707029.24360000,0
1694005200000,1.00050000,1.00060000,1.00050000,1.00060000,11471520.00000000,1694008799999,11477948.12430000,2766,6923643.00000000,6927797.18580000,0
1694008800000,1.00050000,1.00070000,1.00050000,1.00070000,22115236.00000000,1694012399999,22128502.26860000,4445,16298627.00000000,16308508.61400000,0
1694012400000,1.00060000,1.00070000,1.00040000,1.00050000,39451740.00000000,1694015999999,39472459.45420000,4317,9123972.00000000,9128838.41860000,0
1694016000000,1.00040000,1.00060000,1.00040000,1.00050000,6630610.00000000,1694019599999,6634000.92670000,2180,3693525.00000000,3695485.87280000,0
1694019600000,1.00050000,1.00070000,1.00040000,1.00050000,23595227.00000000,1694023199999,23607641.97120000,8070,13650124.00000000,13657736.57970000,0
1694023200000,1.00050000,1.00070000,1.00050000,1.00060000,15988881.00000000,1694026799999,15998487.11990000,5909,11248688.00000000,11255712.04710000,0
1694026800000,1.00060000,1.00070000,1.00060000,1.00060000,9167881.00000000,1694030399999,9173900.30390000,1978,5185753.00000000,5189383.02710000,0
1694030400000,1.00060000,1.00080000,1.00060000,1.00070000,7692550.00000000,1694033999999,7698145.79390000,1832,4582807.00000000,4586226.55770000,0
1694034000000,1.00070000,1.00080000,1.00050000,1.00060000,11415398.00000000,1694037599999,11422730.40430000,2138,619693.00000000,620120.40900000,0
1694037600000,1.00050000,1.00060000,1.00050000,1.00060000,2602944.00000000,1694041199999,2604331.30700000,1422,858350.00000000,858865.01000000,0
1694041200000,1.00050000,1.00070000,1.00050000,1.00060000,4567991.00000000,1694044799999,4570669.18110000,1259,3811308.00000000,3813594.97310000,0
1694044800000,1.00060000,1.00070000,1.00060000,1.00060000,6043843.00000000,1694048399999,6047684.91680000,3124,2156110.00000000,2157619.27700000,0
1694048400000,1.00060000,1.00070000,1.00050000,1.00060000,17801083.00000000,1694051999999,17811686.84150000,2379,6952785.00000000,6956970.53240000,0
1694052000000,1.00050000,1.00070000,1.00050000,1.00060000,4949569.00000000,1694055599999,4952573.92290000,2228,2747847.00000000,2749545.09540000,0
1694055600000,1.00060000,1.00070000,1.00050000,1.00060000,4572072.00000000,1694059199999,4574729.11560000,1761,2172680.00000000,2173988.20020000,0
1694059200000,1.00050000,1.00060000,1.00050000,1.00060000,3843757.00000000,1694062799999,3845861.85500000,1459,1829765.00000000,1830862.85900000,0
1694062800000,1.00050000,1.00070000,1.00050000,1.00050000,15719978.00000000,1694066399999,15729439.50680000,2631,10346238.00000000,10352616.72550000,0
1694066400000,1.00050000,1.00070000,1.00050000,1.00060000,11120755.00000000,1694069999999,11126817.00810000,1830,3467990.00000000,3470089.72840000,0
1694070000000,1.00050000,1.00060000,1.00050000,1.00060000,3801566.00000000,1694073599999,3803514.99780000,1488,482148.00000000,482437.28880000,0
1694073600000,1.00060000,1.00060000,1.00050000,1.00060000,4537111.00000000,1694077199999,4539730.96040000,1490,3514049.00000000,3516157.42940000,0
1694077200000,1.00050000,1.00060000,1.00050000,1.00060000,7594867.00000000,1694080799999,7599136.68800000,1462,4722545.00000000,4725378.52700000,0
1694080800000,1.00050000,1.00060000,1.00050000,1.00050000,6812513.00000000,1694084399999,6816436.42930000,1796,5171728.00000000,5174831.03680000,0
1694084400000,1.00050000,1.00060000,1.00050000,1.00050000,2850079.00000000,1694087999999,2851626.35610000,1965,1223166.00000000,1223899.89960000,0
1694088000000,1.00060000,1.00060000,1.00050000,1.00050000,10993031.00000000,1694091599999,10999351.80500000,2113,8242895.00000000,8247840.73700000,0
1694091600000,1.00050000,1.00060000,1.00050000,1.00060000,5002846.00000000,1694095199999,5005677.64740000,2374,3302244.00000000,3304225.34640000,0
1694095200000,1.00060000,1.00070000,1.00050000,1.00070000,16895876.00000000,1694098799999,16906446.84100000,3221,11698072.00000000,11705534.84470000,0
1694098800000,1.00060000,1.00080000,1.00060000,1.00060000,5307726.00000000,1694102399999,5311271.48600000,2699,3589684.00000000,3592198.66080000,0
1694102400000,1.00060000,1.00080000,1.00060000,1.00070000,18511966.00000000,1694105999999,18524574.93060000,5255,7434178.00000000,7439480.20980000,0
1694106000000,1.00060000,1.00070000,1.00060000,1.00070000,5784895.00000000,1694109599999,5788600.27130000,2257,2343343.00000000,2344983.34010000,0
1694109600000,1.00070000,1.00070000,1.00060000,1.00070000,4253168.00000000,1694113199999,4255965.51420000,2166,2456134.00000000,2457853.29380000,0
1694113200000,1.00060000,1.00070000,1.00060000,1.00060000,3408985.00000000,1694116799999,3411193.98610000,1523,1635951.00000000,1637096.16570000,0
1694116800000,1.00060000,1.00070000,1.00050000,1.00050000,13180713.00000000,1694120399999,13188902.86920000,4920,3750289.00000000,3752870.52640000,0
1694120400000,1.00050000,1.00070000,1.00050000,1.00050000,15672796.00000000,1694123999999,15682157.02350000,5748,10466914.00000000,10473401.26580000,0
1694124000000,1.00050000,1.00070000,1.00050000,1.00050000,9000988.00000000,1694127599999,9006192.87640000,2449,5143267.00000000,5146363.69980000,0
1694127600000,1.00050000,1.00060000,1.00050000,1.00060000,5058190.00000000,1694131199999,5060759.08550000,3331,399905.00000000,400144.94300000,0
1694131200000,1.00050000,1.00060000,1.00050000,1.00050000,6384507.00000000,1694134799999,6387881.35180000,3512,1820983.00000000,1822075.58980000,0
1694134800000,1.00050000,1.00060000,1.00050000,1.00050000,8441687.00000000,1694138399999,8446404.52490000,2637,4966814.00000000,4969794.08840000,0
1694138400000,1.00050000,1.00060000,1.00050000,1.00050000,11553620.00000000,1694141999999,11559436.34270000,3819,395327.00000000,395564.19620000,0
1694142000000,1.00050000,1.00060000,1.00030000,1.00040000,35227486.00000000,1694145599999,35242551.92740000,4444,13107114.00000000,13112699.73000000,0
1694145600000,1.00040000,1.00050000,1.00040000,1.00040000,7717721.00000000,1694149199999,7720941.86940000,2477,1337810.00000000,1338478.90500000,0
1694149200000,1.00040000,1.00050000,1.00030000,1.00030000,17444625.00000000,1694152799999,17451243.75930000,2169,8165086.00000000,8168365.03270000,0
1694152800000,1.00040000,1.00060000,1.00030000,1.00050000,11604937.00000000,1694156399999,11610232.14050000,3933,8821642.00000000,8825868.66850000,0
1694156400000,1.00050000,1.00060000,1.00050000,1.00050000,5007943.00000000,1694159999999,5010692.88010000,2240,2459086.00000000,2460561.45160000,0
1694160000000,1.00050000,1.00060000,1.00050000,1.00050000,14731287.00000000,1694163599999,14739266.16160000,5003,6135181.00000000,6138862.10860000,0
1694163600000,1.00050000,1.00060000,1.00050000,1.00050000,10952147.00000000,1694167199999,10958281.36490000,2858,6582914.00000000,6586863.74840000,0
1694167200000,1.00050000,1.00060000,1.00040000,1.00040000,25421671.00000000,1694170799999,25433790.57310000,6563,8322106.00000000,8326282.35690000,0
1694170800000,1.00040000,1.00060000,1.00040000,1.00040000,11387703.00000000,1694174399999,11393339.25180000,2747,4098815.00000000,4100899.43930000,0
1694174400000,1.00040000,1.00060000,1.00040000,1.00050000,14063521.00000000,1694177999999,14070505.57050000,3726,8509565.00000000,8513875.45750000,0
1694178000000,1.00050000,1.00060000,1.00050000,1.00050000,10357173.00000000,1694181599999,10362947.16580000,3041,5955793.00000000,5959366.47580000,0
1694181600000,1.00050000,1.00060000,1.00050000,1.00050000,6445289.00000000,1694185199999,6448628.28610000,3801,1166416.00000000,1167115.84960000,0
1694185200000,1.00050000,1.00060000,1.00040000,1.00040000,15176570.00000000,1694188799999,15184225.08640000,4088,5076938.00000000,5079601.19450000,0
1694188800000,1.00040000,1.00060000,1.00040000,1.00040000,12050933.00000000,1694192399999,12056580.69220000,2751,3377778.00000000,3379558.01360000,0
1694192400000,1.00040000,1.00050000,1.00040000,1.00040000,3909861.00000000,1694195999999,3911596.90360000,2353,1719592.00000000,1720451.79600000,0
1694196000000,1.00040000,1.00050000,1.00040000,1.00040000,4562064.00000000,1694199599999,4563942.83650000,2432,540109.00000000,540379.05450000,0
1694199600000,1.00040000,1.00050000,1.00040000,1.00040000,6868657.00000000,1694203199999,6871711.45540000,2271,3069926.00000000,3071460.96300000,0
1694203200000,1.00040000,1.00050000,1.00040000,1.00040000,8583574.00000000,1694206799999,8587055.42790000,3107,479983.00000000,480222.99150000,0
1694206800000,1.00040000,1.00050000,1.00030000,1.00030000,8847809.00000000,1694210399999,8851065.74520000,3441,2261370.00000000,2262296.62740000,0
1694210400000,1.00030000,1.00040000,1.00030000,1.00030000,3315836.00000000,1694213999999,3316878.89400000,2027,481432.00000000,481624.57280000,0
1694214000000,1.00030000,1.00040000,1.00030000,1.00030000,2274898.00000000,1694217599999,2275627.29930000,1778,468299.00000000,468486.31960000,0
1694217600000,1.00030000,1.00040000,1.00030000,1.00040000,4703454.00000000,1694221199999,4705181.07260000,1783,3160364.00000000,3161628.14560000,0
1694221200000,1.00030000,1.00040000,1.00030000,1.00030000,3876929.00000000,1694224799999,3878320.12300000,2072,2280443.00000000,2281355.17720000,0
1694224800000,1.00030000,1.00040000,1.00030000,1.00030000,3520293.00000000,1694228399999,3521499.20680000,2011,1501189.00000000,1501789.47560000,0
1694228400000,1.00030000,1.00050000,1.00030000,1.00040000,7003207.00000000,1694231999999,7005963.90290000,1428,5218954.00000000,5221052.72600000,0
1694232000000,1.00030000,1.00040000,1.00030000,1.00040000,427998.00000000,1694235599999,428146.17450000,1008,197751.00000000,197830.10040000,0
1694235600000,1.00030000,1.00050000,1.00030000,1.00040000,9926700.00000000,1694239199999,9930567.61270000,1763,8459920.00000000,8463314.01810000,0
1694239200000,1.00040000,1.00050000,1.00040000,1.00050000,2030306.00000000,1694242799999,2031134.62700000,1705,165046.00000000,165128.52300000,0
1694242800000,1.00040000,1.00050000,1.00040000,1.00040000,4255008.00000000,1694246399999,4256974.80800000,1167,2648048.00000000,2649372.02400000,0
1694246400000,1.00040000,1.00050000,1.00040000,1.00040000,1251944.00000000,1694249999999,1252484.53900000,1247,397614.00000000,397812.80700000,0
1694250000000,1.00040000,1.00050000,1.00030000,1.00040000,5764054.00000000,1694253599999,5766324.12470000,2263,1178998.00000000,1179479.70790000,0
1694253600000,1.00040000,1.00040000,1.00030000,1.00030000,1516400.00000000,1694257199999,1516947.58030000,1385,926603.00000000,926973.64120000,0
1694257200000,1.00030000,1.00040000,1.00030000,1.00040000,1209788.00000000,1694260799999,1210194.55240000,1108,436160.00000000,436334.46400000,0
1694260800000,1.00030000,1.00040000,1.00030000,1.00040000,1329138.00000000,1694264399999,1329572.99120000,1402,362498.00000000,362642.99920000,0
1694264400000,1.00030000,1.00050000,1.00030000,1.00050000,16636000.00000000,1694267999999,16643114.05410000,2847,11513911.00000000,11519037.68360000,0
1694268000000,1.00040000,1.00050000,1.00030000,1.00030000,2094452.00000000,1694271599999,2095281.50520000,1952,965221.00000000,965614.14570000,0
1694271600000,1.00030000,1.00040000,1.00030000,1.00030000,2513181.00000000,1694275199999,2514050.98220000,1747,1160279.00000000,1160743.11160000,0
1694275200000,1.00030000,1.00040000,1.00030000,1.00030000,3047912.00000000,1694278799999,3049041.91330000,1530,2155397.00000000,2156259.15880000,0
1694278800000,1.00030000,1.00040000,1.00030000,1.00040000,1894155.00000000,1694282399999,1894789.17540000,1310,659289.00000000,659552.71560000,0
1694282400000,1.00030000,1.00040000,1.00030000,1.00030000,2248279.00000000,1694285999999,2249004.69830000,1661,512146.00000000,512350.85840000,0
1694286000000,1.00030000,1.00040000,1.00030000,1.00040000,1526444.00000000,1694289599999,1526916.25600000,1183,143228.00000000,143285.29120000,0
1694289600000,1.00030000,1.00040000,1.00030000,1.00040000,1625310.00000000,1694293199999,1625818.54100000,1362,209480.00000000,209563.79200000,0
1694293200000,1.00030000,1.00040000,1.00030000,1.00030000,1718853.00000000,1694296799999,1719390.05700000,1629,214011.00000000,214096.60440000,0
1694296800000,1.00030000,1.00040000,1.00030000,1.00030000,415545.00000000,1694300399999,415683.65430000,1267,139908.00000000,139963.96320000,0
1694300400000,1.00030000,1.00040000,1.00030000,1.00030000,7488525.00000000,1694303999999,7491485.19920000,1083,7136417.00000000,7139271.56680000,0
1694304000000,1.00030000,1.00050000,1.00030000,1.00040000,5259420.00000000,1694307599999,5261248.88940000,2401,1675919.00000000,1676597.65360000,0
1694307600000,1.00040000,1.00050000,1.00030000,1.00030000,9117742.00000000,1694311199999,9121295.13130000,2339,186546.00000000,186630.98350000,0
1694311200000,1.00030000,1.00040000,1.00030000,1.00040000,3693722.00000000,1694314799999,3695083.18000000,1145,2530634.00000000,2531646.25360000,0
1694314800000,1.00030000,1.00040000,1.00030000,1.00040000,2260443.00000000,1694318399999,2261195.42460000,1054,742917.00000000,743214.16680000,0
1694318400000,1.00030000,1.00040000,1.00020000,1.00020000,17917779.00000000,1694321999999,17923127.11660000,5537,4848942.00000000,4850497.61350000,0
1694322000000,1.00030000,1.00030000,1.00020000,1.00020000,5855274.00000000,1694325599999,5856769.96540000,2026,3249106.00000000,3250080.73180000,0
1694325600000,1.00020000,1.00030000,1.00020000,1.00030000,1464533.00000000,1694329199999,1464941.72730000,1340,1158207.00000000,1158554.46210000,0
1694329200000,1.00020000,1.00030000,1.00020000,1.00020000,3012276.00000000,1694332799999,3013145.29340000,1149,2668382.00000000,2669182.51460000,0
1694332800000,1.00020000,1.00030000,1.00020000,1.00020000,1657832.00000000,1694336399999,1658246.12060000,888,825542.00000000,825789.66260000,0
1694336400000,1.00020000,1.00030000,1.00020000,1.00020000,942224.00000000,1694339999999,942467.86720000,965,554224.00000000,554390.26720000,0
1694340000000,1.00020000,1.00030000,1.00020000,1.00030000,3698081.00000000,1694343599999,3699089.64750000,940,2690313.00000000,2691120.09390000,0
1694343600000,1.00020000,1.00030000,1.00020000,1.00030000,3872272.00000000,1694347199999,3873349.37410000,1005,3029197.00000000,3030105.75910000,0
1694347200000,1.00020000,1.00030000,1.00020000,1.00020000,3004680.00000000,1694350799999,3005416.36790000,1070,1354319.00000000,1354725.29570000,0
1694350800000,1.00020000,1.00030000,1.00020000,1.00030000,2091826.00000000,1694354399999,2092402.71090000,1522,1583457.00000000,1583932.03710000,0
1694354400000,1.00020000,1.00030000,1.00020000,1.00020000,2825426.00000000,1694357999999,2826083.24600000,1987,921608.00000000,921884.48240000,0
1694358000000,1.00020000,1.00030000,1.00020000,1.00020000,4109983.00000000,1694361599999,4110920.78310000,2653,1157865.00000000,1158212.35950000,0
1694361600000,1.00020000,1.00030000,1.00020000,1.00030000,4282639.00000000,1694365199999,4283621.21080000,2623,1256830.00000000,1257207.04900000,0
1694365200000,1.00020000,1.00040000,1.00010000,1.00040000,21624971.00000000,1694368799999,21630897.99200000,2953,14309116.00000000,14313452.01160000,0
1694368800000,1.00030000,1.00040000,1.00030000,1.00040000,2370410.00000000,1694372399999,2371148.89130000,1619,277683.00000000,277794.07320000,0
1694372400000,1.00030000,1.00040000,1.00030000,1.00040000,2992928.00000000,1694375999999,2993944.01740000,2754,1181390.00000000,1181862.55600000,0
1694376000000,1.00030000,1.00040000,1.00030000,1.00040000,3624460.00000000,1694379599999,3625847.71220000,2333,3003742.00000000,3004943.49680000,0
1694379600000,1.00030000,1.00040000,1.00030000,1.00030000,1581766.00000000,1694383199999,1582358.96390000,1611,1184341.00000000,1184814.73640000,0
1694383200000,1.00030000,1.00040000,1.00030000,1.00030000,5362818.00000000,1694386799999,5364515.45260000,1290,886072.00000000,886426.42880000,0
1694386800000,1.00030000,1.00040000,1.00030000,1.00040000,626405.00000000,1694390399999,626614.54800000,876,216265.00000000,216351.50600000,0
1694390400000,1.00030000,1.00040000,1.00030000,1.00030000,6272701.00000000,1694393999999,6274912.64650000,2983,3298362.00000000,3299681.34480000,0
1694394000000,1.00030000,1.00040000,1.00030000,1.00030000,5253449.00000000,1694397599999,5255332.22590000,2129,3071912.00000000,3073140.76480000,0
1694397600000,1.00030000,1.00040000,1.00030000,1.00030000,5593869.00000000,1694401199999,5595684.16170000,1937,1370010.00000000,1370558.00400000,0
1694401200000,1.00030000,1.00040000,1.00030000,1.00030000,4838952.00000000,1694404799999,4840716.48240000,1205,3127968.00000000,3129219.18720000,0
1694404800000,1.00030000,1.00040000,1.00030000,1.00030000,7576884.00000000,1694408399999,7579432.53550000,1458,2754703.00000000,2755804.88120000,0
1694408400000,1.00030000,1.00040000,1.00030000,1.00030000,7294245.00000000,1694411999999,7297003.22120000,2409,5699477.00000000,5701756.79080000,0
1694412000000,1.00030000,1.00040000,1.00030000,1.00030000,12256713.00000000,1694415599999,12261165.09150000,2087,7750776.00000000,7753876.31040000,0
1694415600000,1.00040000,1.00040000,1.00030000,1.00030000,8861469.00000000,1694419199999,8864725.32760000,2202,5978869.00000000,5981260.54760000,0
1694419200000,1.00030000,1.00050000,1.00030000,1.00050000,12447318.00000000,1694422799999,12451933.73540000,3188,8729516.00000000,8733012.02780000,0
1694422800000,1.00040000,1.00050000,1.00040000,1.00040000,9792024.00000000,1694426399999,9796364.32610000,3427,4235165.00000000,4237282.58250000,0
1694426400000,1.00040000,1.00050000,1.00030000,1.00030000,13790469.00000000,1694429999999,13795845.60630000,4412,1918837.00000000,1919735.31490000,0
1694430000000,1.00030000,1.00040000,1.00030000,1.00030000,17256316.00000000,1694433599999,17262386.36630000,2292,8934715.00000000,8938288.88600000,0
1694433600000,1.00030000,1.00040000,1.00030000,1.00030000,7608189.00000000,1694437199999,7610948.24100000,2624,4767843.00000000,4769750.13720000,0
1694437200000,1.00030000,1.00050000,1.00030000,1.00040000,15981670.00000000,1694440799999,15988216.02510000,3763,13359008.00000000,13364632.11250000,0
1694440800000,1.00040000,1.00050000,1.00030000,1.00030000,37538920.00000000,1694444399999,37552765.49900000,8952,12511846.00000000,12516944.57280000,0
1694444400000,1.00030000,1.00050000,1.00030000,1.00040000,29082836.00000000,1694447999999,29093778.74770000,7246,19395316.00000000,19403084.75660000,0
1694448000000,1.00040000,1.00050000,1.00030000,1.00040000,13971119.00000000,1694451599999,13977241.59170000,3311,6907623.00000000,6910920.72240000,0
1694451600000,1.00040000,1.00050000,1.00040000,1.00040000,8572061.00000000,1694455199999,8575703.05440000,2457,2132300.00000000,2133366.15000000,0
1694455200000,1.00040000,1.00050000,1.00030000,1.00030000,10718255.00000000,1694458799999,10722663.42660000,3049,1255914.00000000,1256541.23390000,0
1694458800000,1.00030000,1.00040000,1.00030000,1.00030000,9352556.00000000,1694462399999,9355605.58510000,4216,2438183.00000000,2439158.27320000,0
1694462400000,1.00030000,1.00040000,1.00030000,1.00030000,7848798.00000000,1694465999999,7851648.97340000,3607,4963340.00000000,4965325.33600000,0
1694466000000,1.00030000,1.00040000,1.00030000,1.00030000,6732178.00000000,1694469599999,6734335.00880000,2172,1373554.00000000,1374103.42160000,0
1694469600000,1.00030000,1.00040000,1.00030000,1.00030000,3215824.00000000,1694473199999,3216910.02770000,1999,1212805.00000000,1213290.12200000,0
1694473200000,1.00030000,1.00040000,1.00030000,1.00030000,3951639.00000000,1694476799999,3952884.97700000,2425,604853.00000000,605094.94120000,0
1694476800000,1.00030000,1.00040000,1.00020000,1.00020000,10957437.00000000,1694480399999,10960499.23260000,3542,2481939.00000000,2482731.37520000,0
1694480400000,1.00020000,1.00030000,1.00020000,1.00020000,6689550.00000000,1694483999999,6691322.23220000,1557,4343222.00000000,4344524.96660000,0
1694484000000,1.00020000,1.00040000,1.00020000,1.00030000,8680467.00000000,1694487599999,8683075.14660000,2157,5508926.00000000,5510633.83900000,0
1694487600000,1.00030000,1.00050000,1.00020000,1.00040000,25417172.00000000,1694491199999,25427007.65870000,7238,17901268.00000000,17908487.13090000,0
1694491200000,1.00050000,1.00050000,1.00040000,1.00040000,7800233.00000000,1694494799999,7803805.27000000,3766,4521768.00000000,4524028.88400000,0
1694494800000,1.00040000,1.00050000,1.00030000,1.00030000,15771863.00000000,1694498399999,15778321.35420000,6054,2001827.00000000,2002817.92260000,0
1694498400000,1.00030000,1.00040000,1.00030000,1.00030000,8594993.00000000,1694501999999,8598079.59950000,2457,5081016.00000000,5083048.40640000,0
1694502000000,1.00030000,1.00040000,1.00030000,1.00030000,4862268.00000000,1694505599999,4863951.65760000,2074,2249772.00000000,2250671.90880000,0
1694505600000,1.00030000,1.00040000,1.00030000,1.00030000,8349508.00000000,1694509199999,8352211.36950000,2597,1985171.00000000,1985965.06840000,0
1694509200000,1.00030000,1.00040000,1.00030000,1.00030000,5734212.00000000,1694512799999,5736167.69840000,2673,2354348.00000000,2355289.73920000,0
1694512800000,1.00030000,1.00040000,1.00030000,1.00030000,19785682.00000000,1694516399999,19793079.81580000,6605,14621112.00000000,14626960.44480000,0
1694516400000,1.00030000,1.00040000,1.00030000,1.00030000,8205862.00000000,1694519999999,8208820.13140000,3895,4963728.00000000,4965713.49120000,0
1694520000000,1.00030000,1.00050000,1.00030000,1.00040000,22708464.00000000,1694523599999,22717165.34690000,6425,13375587.00000000,13380988.78980000,0
1694523600000,1.00040000,1.00050000,1.00030000,1.00030000,16422662.00000000,1694527199999,16428131.31020000,7020,2640466.00000000,2641574.04300000,0
1694527200000,1.00030000,1.00040000,1.00020000,1.00020000,24788248.00000000,1694530799999,24795743.48570000,7009,5363474.00000000,5365542.78440000,0
1694530800000,1.00020000,1.00030000,1.00010000,1.00010000,18943966.00000000,1694534399999,18947886.28200000,5040,2441855.00000000,2442487.05840000,0
1694534400000,1.00010000,1.00030000,1.00010000,1.00010000,13293561.00000000,1694537999999,13295694.94540000,4470,6407333.00000000,6408618.99930000,0
1694538000000,1.00010000,1.00030000,1.00010000,1.00020000,18830658.00000000,1694541599999,18834096.20400000,5516,6598985.00000000,6600393.97880000,0
1694541600000,1.00020000,1.00030000,1.00010000,1.00010000,5667972.00000000,1694545199999,5668882.55450000,2098,1202344.00000000,1202598.38280000,0
1694545200000,1.00010000,1.00020000,1.00010000,1.00010000,16051016.00000000,1694548799999,16053550.04320000,4071,9289416.00000000,9291273.88320000,0
1694548800000,1.00010000,1.00030000,1.00010000,1.00020000,13428912.00000000,1694552399999,13431717.95890000,3078,6013958.00000000,6015324.05480000,0
1694552400000,1.00030000,1.00030000,1.00010000,1.00010000,12714160.00000000,1694555999999,12716482.15140000,2167,1029548.00000000,1029807.18970000,0
1694556000000,1.00010000,1.00020000,1.00000000,1.00000000,11721102.00000000,1694559599999,11722182.17650000,3697,1447753.00000000,1447906.63690000,0
1694559600000,1.00000000,1.00020000,1.00000000,1.00000000,9340356.00000000,1694563199999,9340885.84680000,2372,3330876.00000000,3331217.30660000,0
1694563200000,1.00000000,1.00020000,1.00000000,1.00020000,9086261.00000000,1694566799999,9087189.63660000,2411,7952735.00000000,7953629.99020000,0
1694566800000,1.00010000,1.00020000,1.00010000,1.00010000,10347305.00000000,1694570399999,10349076.61800000,1370,7368875.00000000,7370348.77500000,0
1694570400000,1.00010000,1.00020000,1.00010000,1.00010000,1510917.00000000,1694573999999,1511113.50020000,1546,454085.00000000,454175.81700000,0
1694574000000,1.00010000,1.00020000,1.00010000,1.00010000,12194810.00000000,1694577599999,12196962.85230000,2640,9333713.00000000,9335579.74260000,0
1694577600000,1.00010000,1.00020000,1.00010000,1.00020000,4929190.00000000,1694581199999,4929803.88610000,1668,1209671.00000000,1209912.93420000,0
1694581200000,1.00010000,1.00020000,1.00010000,1.00020000,6421940.00000000,1694584799999,6422810.65140000,1733,2284574.00000000,2285030.91480000,0
1694584800000,1.00010000,1.00020000,1.00010000,1.00010000,5589162.00000000,1694588399999,5590223.36730000,2372,5024511.00000000,5025515.90220000,0
1694588400000,1.00010000,1.00020000,1.00010000,1.00020000,5946296.00000000,1694591999999,5947251.53540000,4118,3609058.00000000,3609779.81160000,0
1694592000000,1.00010000,1.00020000,1.00010000,1.00010000,4885561.00000000,1694595599999,4886270.16570000,1781,2206096.00000000,2206537.21920000,0
1694595600000,1.00010000,1.00020000,1.00010000,1.00010000,7228355.00000000,1694599199999,7229556.86610000,2277,4790306.00000000,4791264.06120000,0
1694599200000,1.00010000,1.00020000,1.00010000,1.00010000,9398033.00000000,1694602799999,9399725.58340000,3103,7527801.00000000,7529306.56020000,0
1694602800000,1.00010000,1.00030000,1.00010000,1.00020000,18340154.00000000,1694606399999,18344148.41400000,2659,10783732.00000000,10786215.36220000,0
1694606400000,1.00020000,1.00030000,1.00010000,1.00010000,31164872.00000000,1694609999999,31171033.73450000,4644,13937483.00000000,13940410.48610000,0
1694610000000,1.00010000,1.00020000,1.00010000,1.00010000,11046983.00000000,1694613599999,11048441.84980000,3692,3541515.00000000,3542223.30300000,0
1694613600000,1.00010000,1.00020000,1.00010000,1.00010000,14075396.00000000,1694617199999,14077241.72940000,3514,4381898.00000000,4382774.37960000,0
1694617200000,1.00010000,1.00030000,1.00010000,1.00020000,26507307.00000000,1694620799999,26512335.21340000,5529,16652474.00000000,16655961.81830000,0
1694620800000,1.00010000,1.00020000,1.00000000,1.00000000,50453555.00000000,1694624399999,50457748.24390000,4694,14184046.00000000,14185786.30570000,0
1694624400000,1.00000000,1.00010000,0.99990000,1.00010000,22807575.00000000,1694627999999,22807690.24750000,3702,5368688.00000000,5368851.16960000,0
1694628000000,1.00000000,1.00010000,1.00000000,1.00000000,3961527.00000000,1694631599999,3961655.53170000,2540,1285317.00000000,1285445.53170000,0
1694631600000,1.00000000,1.00010000,0.99990000,1.00000000,8949978.00000000,1694635199999,8950018.23470000,3707,2707841.00000000,2707929.99280000,0
1694635200000,0.99990000,1.00010000,0.99990000,1.00000000,11870310.00000000,1694638799999,11870222.70140000,2334,8102494.00000000,8102515.77760000,0
1694638800000,1.00000000,1.00010000,0.99990000,0.99990000,13221960.00000000,1694642399999,13221566.33920000,4562,3175210.00000000,3175223.40830000,0
1694642400000,0.99990000,1.00000000,0.99990000,0.99990000,8500904.00000000,1694645999999,8500505.94830000,3033,4520387.00000000,4520387.00000000,0
1694646000000,0.99990000,1.00000000,0.99990000,1.00000000,4186586.00000000,1694649599999,4186525.73790000,1326,3583965.00000000,3583965.00000000,0
1694649600000,0.99990000,1.00010000,0.99990000,1.00000000,12333671.00000000,1694653199999,12333880.07180000,3409,10238093.00000000,10238332.52220000,0
1694653200000,1.00000000,1.00010000,1.00000000,1.00010000,13889091.00000000,1694656799999,13889692.15810000,5617,6011581.00000000,6012182.15810000,0
1694656800000,1.00000000,1.00010000,1.00000000,1.00010000,8450918.00000000,1694660399999,8451396.53430000,2997,4785343.00000000,4785821.53430000,0
1694660400000,1.00000000,1.00010000,1.00000000,1.00010000,3722661.00000000,1694663999999,3722904.27150000,1253,2432715.00000000,2432958.27150000,0
1694664000000,1.00000000,1.00010000,1.00000000,1.00000000,2637270.00000000,1694667599999,2637290.70930000,2439,207093.00000000,207113.70930000,0
1694667600000,1.00000000,1.00010000,1.00000000,1.00010000,7586303.00000000,1694671199999,7586650.23930000,1325,3472393.00000000,3472740.23930000,0
1694671200000,1.00000000,1.00010000,1.00000000,1.00010000,5020597.00000000,1694674799999,5020858.56290000,1806,2615629.00000000,2615890.56290000,0
1694674800000,1.00000000,1.00010000,1.00000000,1.00010000,3534595.00000000,1694678399999,3534764.46290000,1613,1694629.00000000,1694798.46290000,0
1694678400000,1.00000000,1.00010000,1.00000000,1.00000000,7324277.00000000,1694681999999,7324743.01870000,2210,4660187.00000000,4660653.01870000,0
1694682000000,1.00000000,1.00010000,1.00000000,1.00010000,6703783.00000000,1694685599999,6704255.74290000,1525,4727429.00000000,4727901.74290000,0
1694685600000,1.00000000,1.00010000,1.00000000,1.00010000,11776296.00000000,1694689199999,11777317.65310000,2569,10216531.00000000,10217552.65310000,0
1694689200000,1.00000000,1.00020000,1.00000000,1.00000000,25156030.00000000,1694692799999,25158424.79350000,2775,17063564.00000000,17065271.62680000,0
1694692800000,1.00000000,1.00010000,1.00000000,1.00010000,8788826.00000000,1694696399999,8789284.76920000,3041,4587692.00000000,4588150.76920000,0
1694696400000,1.00000000,1.00010000,1.00000000,1.00000000,17879730.00000000,1694699999999,17880004.86040000,9572,2748604.00000000,2748878.86040000,0
1694700000000,1.00000000,1.00010000,0.99990000,1.00000000,36840146.00000000,1694703599999,36839921.26870000,6643,18039782.00000000,18039852.31660000,0
1694703600000,0.99990000,1.00000000,0.99990000,1.00000000,12640439.00000000,1694707199999,12639791.74930000,4396,6167932.00000000,6167932.00000000,0
1694707200000,0.99990000,1.00010000,0.99990000,1.00000000,13629767.00000000,1694710799999,13629508.39430000,3220,10816223.00000000,10816228.27390000,0
1694710800000,1.00000000,1.00010000,0.99990000,1.00000000,13149509.00000000,1694714399999,13149472.37160000,4679,3780663.00000000,3780704.61340000,0
1694714400000,0.99990000,1.00000000,0.99990000,0.99990000,3412250.00000000,1694717999999,3412089.15440000,3126,1803794.00000000,1803794.00000000,0
1694718000000,0.99990000,1.00010000,0.99990000,1.00010000,24253781.00000000,1694721599999,24253993.72080000,5703,9872466.00000000,9872928.51850000,0
1694721600000,1.00000000,1.00010000,0.99990000,0.99990000,10229536.00000000,1694725199999,10229887.39000000,3475,3556743.00000000,3557096.18120000,0
1694725200000,0.99990000,1.00000000,0.99990000,1.00000000,9822075.00000000,1694728799999,9821191.89880000,3553,991063.00000000,991063.00000000,0
1694728800000,0.99990000,1.00000000,0.99960000,0.99980000,26055877.00000000,1694732399999,26052142.61280000,3957,10229165.00000000,10227773.20190000,0
1694732400000,0.99980000,1.00000000,0.99980000,0.99990000,9250294.00000000,1694735999999,9248986.22160000,2245,3172599.00000000,3172281.75120000,0
1694736000000,0.99980000,0.99990000,0.99980000,0.99980000,5122130.00000000,1694739599999,5121268.37530000,2286,1628013.00000000,1627850.19870000,0
1694739600000,0.99980000,1.00010000,0.99980000,1.00000000,20884752.00000000,1694743199999,20884112.25970000,3956,18623322.00000000,18622827.08330000,0
1694743200000,1.00000000,1.00010000,0.99990000,1.00000000,13279983.00000000,1694746799999,13280039.71260000,3130,6887282.00000000,6887360.81450000,0
1694746800000,1.00000000,1.00010000,0.99990000,0.99990000,6083976.00000000,1694750399999,6083846.10170000,2475,494243.00000000,494265.91580000,0
1694750400000,0.99990000,1.00010000,0.99990000,1.00000000,20690852.00000000,1694753999999,20690816.12540000,3424,16883950.00000000,16883980.34400000,0
1694754000000,1.00000000,1.00010000,1.00000000,1.00000000,4725466.00000000,1694757599999,4725758.47480000,1538,2924748.00000000,2925040.47480000,0
1694757600000,1.00000000,1.00010000,1.00000000,1.00000000,3003248.00000000,1694761199999,3003300.27500000,1535,522750.00000000,522802.27500000,0
1694761200000,1.00000000,1.00010000,1.00000000,1.00000000,6872646.00000000,1694764799999,6872970.51220000,2633,3245122.00000000,3245446.51220000,0
1694764800000,1.00000000,1.00010000,1.00000000,1.00000000,8075191.00000000,1694768399999,8075470.86640000,2189,2798664.00000000,2798943.86640000,0
1694768400000,1.00000000,1.00010000,1.00000000,1.00000000,5680046.00000000,1694771999999,5680199.20700000,2049,1532070.00000000,1532223.20700000,0
1694772000000,1.00000000,1.00010000,1.00000000,1.00000000,11113711.00000000,1694775599999,11114319.79470000,2740,6087947.00000000,6088555.79470000,0
1694775600000,1.00000000,1.00010000,0.99990000,0.99990000,15301636.00000000,1694779199999,15301511.85310000,3401,5132030.00000000,5132225.01430000,0
1694779200000,0.99990000,1.00000000,0.99990000,0.99990000,6897880.00000000,1694782799999,6897693.32470000,2126,5031127.00000000,5031127.00000000,0
1694782800000,0.99990000,1.00010000,0.99990000,0.99990000,12763192.00000000,1694786399999,12762944.83870000,2906,7277658.00000000,7277679.67830000,0
1694786400000,1.00000000,1.00010000,0.99990000,1.00000000,13565141.00000000,1694789999999,13565128.15460000,4721,6369554.00000000,6369660.03700000,0
1694790000000,1.00000000,1.00010000,1.00000000,1.00000000,11834597.00000000,1694793599999,11835317.77770000,2906,7207777.00000000,7208497.77770000,0
1694793600000,1.00000000,1.00010000,1.00000000,1.00000000,7062467.00000000,1694797199999,7062646.22190000,2346,1792219.00000000,1792398.22190000,0
1694797200000,1.00000000,1.00010000,1.00000000,1.00000000,2077872.00000000,1694800799999,2077929.45060000,2033,574506.00000000,574563.45060000,0
1694800800000,1.00000000,1.00010000,1.00000000,1.00000000,6034339.00000000,1694804399999,6034533.37150000,3673,1943715.00000000,1943909.37150000,0
1694804400000,1.00000000,1.00010000,1.00000000,1.00000000,8487896.00000000,1694807999999,8488426.78920000,3727,5307892.00000000,5308422.78920000,0
1694808000000,1.00000000,1.00010000,1.00000000,1.00000000,12000252.00000000,1694811599999,12001116.34160000,3710,8643416.00000000,8644280.34160000,0
1694811600000,1.00010000,1.00010000,1.00000000,1.00000000,9158158.00000000,1694815199999,9158636.79890000,4748,4787989.00000000,4788467.79890000,0
1694815200000,1.00000000,1.00010000,1.00000000,1.00000000,8417397.00000000,1694818799999,8417704.92190000,5294,3079219.00000000,3079526.92190000,0
1694818800000,1.00000000,1.00010000,1.00000000,1.00000000,9465939.00000000,1694822399999,9466546.65860000,5018,6076586.00000000,6077193.65860000,0
1694822400000,1.00000000,1.00010000,1.00000000,1.00000000,6028696.00000000,1694825999999,6029101.13700000,3753,4051370.00000000,4051775.13700000,0
1694826000000,1.00000000,1.00010000,1.00000000,1.00000000,3049527.00000000,1694829599999,3049590.37310000,2815,633731.00000000,633794.37310000,0
1694829600000,1.00000000,1.00010000,1.00000000,1.00000000,3746814.00000000,1694833199999,3746970.85090000,4028,1568509.00000000,1568665.85090000,0
1694833200000,1.00000000,1.00010000,1.00000000,1.00010000,4898284.00000000,1694836799999,4898328.83910000,4074,448391.00000000,448435.83910000,0
1694836800000,1.00000000,1.00010000,1.00000000,1.00000000,2807222.00000000,1694840399999,2807264.54130000,3547,425413.00000000,425455.54130000,0
1694840400000,1.00000000,1.00010000,1.00000000,1.00000000,3949492.00000000,1694843999999,3949664.63450000,3639,1726345.00000000,1726517.63450000,0
1694844000000,1.00000000,1.00010000,1.00000000,1.00000000,15227187.00000000,1694847599999,15227299.00920000,5079,1120092.00000000,1120204.00920000,0
1694847600000,1.00000000,1.00010000,0.99990000,1.00000000,8585637.00000000,1694851199999,8585600.30750000,1903,219944.00000000,219952.25270000,0
1694851200000,0.99990000,1.00000000,0.99990000,0.99990000,3651348.00000000,1694854799999,3651268.01870000,1604,2851535.00000000,2851535.00000000,0
1694854800000,0.99990000,1.00000000,0.99990000,0.99990000,2115934.00000000,1694858399999,2115769.10850000,1781,467019.00000000,467019.00000000,0
1694858400000,0.99990000,1.00000000,0.99990000,1.00000000,9373330.00000000,1694861999999,9372445.56920000,1567,529022.00000000,529022.00000000,0
1694862000000,0.99990000,1.00000000,0.99990000,0.99990000,1284061.00000000,1694865599999,1283977.21920000,1454,446253.00000000,446253.00000000,0
1694865600000,0.99990000,1.00000000,0.99990000,0.99990000,1708119.00000000,1694869199999,1708069.28590000,1505,1210978.00000000,1210978.00000000,0
1694869200000,0.99990000,1.00000000,0.99990000,0.99990000,1340583.00000000,1694872799999,1340483.53070000,2074,345890.00000000,345890.00000000,0
1694872800000,0.99990000,1.00000000,0.99990000,0.99990000,3905588.00000000,1694876399999,3905284.45990000,3873,870187.00000000,870187.00000000,0
1694876400000,0.99990000,1.00000000,0.99990000,0.99990000,2934902.00000000,1694879999999,2934653.11300000,3694,446032.00000000,446032.00000000,0
1694880000000,0.99990000,1.00000000,0.99990000,1.00000000,2794794.00000000,1694883599999,2794601.45880000,2846,869382.00000000,869382.00000000,0
1694883600000,0.99990000,1.00000000,0.99990000,0.99990000,3065937.00000000,1694887199999,3065737.53660000,2562,1071303.00000000,1071303.00000000,0
1694887200000,0.99990000,1.00000000,0.99990000,1.00000000,4499346.00000000,1694890799999,4499255.30140000,2116,3592360.00000000,3592360.00000000,0
1694890800000,0.99990000,1.00000000,0.99990000,0.99990000,3597979.00000000,1694894399999,3597640.02660000,3471,208245.00000000,208245.00000000,0
1694894400000,0.99990000,1.00000000,0.99990000,0.99990000,2333901.00000000,1694897999999,2333682.97180000,2351,153619.00000000,153619.00000000,0
1694898000000,0.99990000,1.00000000,0.99990000,1.00000000,1300842.00000000,1694901599999,1300763.70820000,1518,517924.00000000,517924.00000000,0
1694901600000,0.99990000,1.00000000,0.99990000,1.00000000,3271065.00000000,1694905199999,3270854.51390000,1875,1166204.00000000,1166204.00000000,0
1694905200000,0.99990000,1.00000000,0.99990000,0.99990000,2583921.00000000,1694908799999,2583673.66440000,2649,110565.00000000,110565.00000000,0
1694908800000,0.99990000,1.00000000,0.99990000,1.00000000,6863569.00000000,1694912399999,6863055.95180000,4965,1733087.00000000,1733087.00000000,0
1694912400000,0.99990000,1.00000000,0.99980000,0.99990000,11362106.00000000,1694915999999,11360711.47240000,2591,1509355.00000000,1509209.23820000,0
1694916000000,0.99980000,0.99990000,0.99980000,0.99990000,938609.00000000,1694919599999,938463.08410000,1251,418059.00000000,418017.19410000,0
1694919600000,0.99980000,0.99990000,0.99980000,0.99980000,821560.00000000,1694923199999,821441.61620000,1135,459282.00000000,459236.07180000,0
1694923200000,0.99980000,0.99990000,0.99980000,0.99990000,2072199.00000000,1694926799999,2071924.65040000,1216,1400902.00000000,1400761.90980000,0
1694926800000,0.99980000,0.99990000,0.99980000,0.99980000,1324563.00000000,1694930399999,1324366.07890000,1029,679915.00000000,679847.00850000,0
1694930400000,0.99980000,0.99990000,0.99980000,0.99980000,918965.00000000,1694933999999,918828.05410000,793,468471.00000000,468424.15290000,0
1694934000000,0.99980000,0.99990000,0.99980000,0.99980000,1031447.00000000,1694937599999,1031314.65080000,984,739402.00000000,739328.05980000,0
1694937600000,0.99980000,0.99990000,0.99980000,0.99980000,4256020.00000000,1694941199999,4255409.91910000,1211,2411231.00000000,2410989.87690000,0
1694941200000,0.99980000,0.99990000,0.99980000,0.99990000,1633487.00000000,1694944799999,1633197.87580000,834,375732.00000000,375694.42680000,0
1694944800000,0.99980000,0.99990000,0.99980000,0.99980000,1192319.00000000,1694948399999,1192133.93840000,1062,534022.00000000,533968.59780000,0
1694948400000,0.99980000,0.99990000,0.99980000,0.99980000,2388802.00000000,1694951999999,2388443.31830000,1432,1190787.00000000,1190667.92130000,0
1694952000000,0.99980000,0.99990000,0.99970000,0.99990000,12290305.00000000,1694955599999,12287856.76880000,2444,3083908.00000000,3083353.25280000,0
1694955600000,0.99980000,0.99990000,0.99980000,0.99980000,1744755.00000000,1694959199999,1744422.70630000,1265,166573.00000000,166556.34270000,0
1694959200000,0.99980000,0.99990000,0.99970000,0.99990000,3505466.00000000,1694962799999,3504801.26280000,1454,1558441.00000000,1558173.56370000,0
1694962800000,0.99980000,0.99990000,0.99980000,0.99980000,4347955.00000000,1694966399999,4347232.80330000,2622,1473943.00000000,1473795.60570000,0
1694966400000,0.99980000,0.99990000,0.99970000,0.99980000,3782046.00000000,1694969999999,3781090.70320000,2749,415968.00000000,415891.24100000,0
1694970000000,0.99970000,0.99980000,0.99970000,0.99970000,2368895.00000000,1694973599999,2368346.42510000,1242,1620936.00000000,1620611.81280000,0
1694973600000,0.99970000,0.99990000,0.99970000,0.99980000,4593177.00000000,1694977199999,4592223.51730000,1472,3908675.00000000,3907906.90580000,0
1694977200000,0.99990000,0.99990000,0.99980000,0.99990000,1612170.00000000,1694980799999,1611928.63240000,931,810664.00000000,810582.93360000,0
1694980800000,0.99980000,0.99990000,0.99980000,0.99990000,2579676.00000000,1694984399999,2579208.73840000,2530,486736.00000000,486687.32640000,0
1694984400000,0.99980000,0.99990000,0.99970000,0.99970000,5478653.00000000,1694987999999,5477508.21450000,1867,425762.00000000,425683.85680000,0
1694988000000,0.99970000,0.99990000,0.99970000,0.99990000,4058826.00000000,1694991599999,4058028.37460000,1172,3742911.00000000,3742187.79700000,0
1694991600000,0.99990000,0.99990000,0.99980000,0.99980000,1503455.00000000,1694995199999,1503174.99560000,1149,206866.00000000,206845.31340000,0
1694995200000,0.99980000,0.99990000,0.99980000,0.99980000,6350942.00000000,1694998799999,6349913.61840000,2341,2418068.00000000,2417826.19320000,0
1694998800000,0.99980000,0.99990000,0.99970000,0.99980000,12599854.00000000,1695002399999,12597400.79900000,2015,7266439.00000000,7265079.66080000,0
1695002400000,0.99980000,0.99990000,0.99980000,0.99980000,6374317.00000000,1695005999999,6373484.16520000,3002,4420286.00000000,4419843.97140000,0
1695006000000,0.99980000,0.99990000,0.99980000,0.99980000,4490549.00000000,1695009599999,4489861.19980000,2610,2103096.00000000,2102885.69040000,0
1695009600000,0.99980000,0.99990000,0.99980000,0.99980000,5820791.00000000,1695013199999,5819980.35560000,2667,3535138.00000000,3534784.48620000,0
1695013200000,0.99980000,1.00000000,0.99980000,0.99990000,21369078.00000000,1695016799999,21367007.43700000,1921,16276404.00000000,16274904.46050000,0
1695016800000,0.99990000,1.00000000,0.99980000,0.99980000,8185819.00000000,1695020399999,8184727.91720000,2158,1190469.00000000,1190401.94210000,0
1695020400000,0.99990000,0.99990000,0.99980000,0.99980000,10862804.00000000,1695023999999,10861476.08960000,3704,8446504.00000000,8445659.34960000,0
1695024000000,0.99980000,1.00000000,0.99980000,0.99990000,17287864.00000000,1695027599999,17286720.60760000,2655,13799388.00000000,13798597.42480000,0
1695027600000,0.99990000,1.00010000,0.99990000,0.99990000,37495400.00000000,1695031199999,37495010.73540000,3739,25561485.00000000,25561565.71230000,0
1695031200000,0.99990000,1.00000000,0.99990000,0.99990000,8997657.00000000,1695034799999,8997311.05350000,3498,5538192.00000000,5538192.00000000,0
1695034800000,1.00000000,1.00000000,0.99990000,0.99990000,12918310.00000000,1695038399999,12917377.81720000,5412,3596482.00000000,3596482.00000000,0
1695038400000,0.99990000,1.00000000,0.99980000,0.99980000,27767508.00000000,1695041999999,27765003.01890000,5726,4282776.00000000,4282649.99690000,0
1695042000000,0.99980000,0.99990000,0.99980000,0.99980000,16929757.00000000,1695045599999,16927170.00270000,5418,7989541.00000000,7988742.04590000,0
1695045600000,0.99990000,0.99990000,0.99980000,0.99980000,15462107.00000000,1695049199999,15459645.68310000,4884,6311045.00000000,6310413.89550000,0
1695049200000,0.99980000,0.99990000,0.99970000,0.99970000,24375774.00000000,1695052799999,24371205.36280000,4507,9383795.00000000,9382247.14880000,0
1695052800000,0.99970000,0.99990000,0.99970000,0.99980000,10542848.00000000,1695056399999,10540819.36500000,3845,6367060.00000000,6366072.10550000,0
1695056400000,0.99980000,0.99990000,0.99970000,0.99970000,16475776.00000000,1695059999999,16472327.86970000,5733,2128394.00000000,2128037.22940000,0
1695060000000,0.99970000,0.99980000,0.99970000,0.99970000,5905823.00000000,1695063599999,5904352.86730000,2475,3016142.00000000,3015538.77160000,0
1695063600000,0.99980000,0.99980000,0.99970000,0.99970000,10179950.00000000,1695067199999,10177785.43620000,2523,8894212.00000000,8892433.15760000,0
1695067200000,0.99970000,0.99990000,0.99970000,0.99980000,4976217.00000000,1695070799999,4975234.32100000,1857,3319335.00000000,3318698.11880000,0
1695070800000,0.99990000,0.99990000,0.99980000,0.99980000,3738211.00000000,1695074399999,3737614.42640000,2270,1510686.00000000,1510534.93140000,0
1695074400000,0.99990000,0.99990000,0.99980000,0.99980000,3262759.00000000,1695077999999,3262278.75850000,2518,1723103.00000000,1722930.68970000,0
1695078000000,0.99980000,0.99990000,0.99980000,0.99990000,1897118.00000000,1695081599999,1896822.45190000,2321,838755.00000000,838671.12450000,0
1695081600000,0.99980000,0.99990000,0.99980000,0.99980000,9073899.00000000,1695085199999,9072566.29470000,3992,4820745.00000000,4820262.92550000,0
1695085200000,0.99980000,0.99990000,0.99980000,0.99980000,6923362.00000000,1695088799999,6922528.21110000,1840,5508835.00000000,5508284.11650000,0
1695088800000,0.99980000,0.99990000,0.99980000,0.99980000,4166879.00000000,1695092399999,4166233.77510000,2015,1881509.00000000,1881320.84910000,0
1695092400000,0.99980000,0.99990000,0.99980000,0.99980000,4602804.00000000,1695095999999,4602139.41650000,1262,2559773.00000000,2559517.02270000,0
1695096000000,0.99980000,0.99990000,0.99980000,0.99980000,1276739.00000000,1695099599999,1276555.54510000,1278,718929.00000000,718857.10710000,0
1695099600000,0.99980000,0.99990000,0.99980000,0.99980000,4153421.00000000,1695103199999,4152848.87500000,1350,2585592.00000000,2585333.44080000,0
1695103200000,0.99980000,0.99990000,0.99980000,0.99980000,4783974.00000000,1695106799999,4783378.21250000,1432,3610073.00000000,3609711.99270000,0
1695106800000,0.99980000,0.99990000,0.99980000,0.99980000,6405261.00000000,1695110399999,6404251.60730000,1784,2716595.00000000,2716323.34050000,0
1695110400000,0.99980000,0.99990000,0.99980000,0.99980000,5232703.00000000,1695113999999,5232065.26890000,3478,4088095.00000000,4087686.19050000,0
1695114000000,0.99980000,1.00000000,0.99980000,0.99990000,18983213.00000000,1695117599999,18981450.80780000,5072,12132618.00000000,12131723.96010000,0
1695117600000,1.00000000,1.00000000,0.99980000,0.99980000,20105723.00000000,1695121199999,20103875.98860000,5070,2057380.00000000,2057361.66080000,0
1695121200000,0.99980000,0.99990000,0.99980000,0.99980000,6064822.00000000,1695124799999,6064036.58530000,2280,4275497.00000000,4275069.45030000,0
1695124800000,0.99990000,0.99990000,0.99980000,0.99980000,14947158.00000000,1695128399999,14945091.21700000,5213,9226486.00000000,9225563.35140000,0
1695128400000,0.99990000,0.99990000,0.99980000,0.99980000,28321149.00000000,1695131999999,28317000.93410000,4488,15161639.00000000,15160122.83610000,0
1695132000000,0.99980000,0.99990000,0.99980000,0.99980000,10661940.00000000,1695135599999,10660227.72350000,3301,4201115.00000000,4200694.88850000,0
1695135600000,0.99980000,0.99990000,0.99970000,0.99980000,29523338.00000000,1695139199999,29517872.95160000,4959,7547011.00000000,7545966.59790000,0
1695139200000,0.99980000,0.99990000,0.99970000,0.99980000,10181152.00000000,1695142799999,10179287.73330000,3666,4400031.00000000,4399337.62370000,0
1695142800000,0.99980000,0.99990000,0.99980000,0.99980000,5396297.00000000,1695146399999,5395492.49690000,2925,2747563.00000000,2747288.24370000,0
1695146400000,0.99980000,0.99990000,0.99980000,0.99980000,5742982.00000000,1695149999999,5742118.01360000,2410,2846100.00000000,2845815.39000000,0
1695150000000,0.99980000,0.99990000,0.99980000,0.99980000,6793489.00000000,1695153599999,6792207.23960000,1499,769374.00000000,769297.06260000,0
1695153600000,0.99980000,0.99990000,0.99980000,0.99980000,3180549.00000000,1695157199999,3180150.58350000,1912,2376933.00000000,2376695.30670000,0
1695157200000,0.99980000,0.99990000,0.99980000,0.99980000,6314712.00000000,1695160799999,6313896.11710000,2669,4470595.00000000,4470147.94050000,0
1695160800000,0.99980000,0.99990000,0.99980000,0.99980000,10384936.00000000,1695164399999,10383723.64900000,1905,8646362.00000000,8645497.36380000,0
1695164400000,0.99980000,0.99990000,0.99980000,0.99980000,7467511.00000000,1695167999999,7466566.98240000,1767,5494846.00000000,5494296.51540000,0
1695168000000,0.99990000,0.99990000,0.99980000,0.99990000,6197005.00000000,1695171599999,6196208.08680000,2098,4424878.00000000,4424435.51220000,0
1695171600000,0.99980000,0.99990000,0.99980000,0.99990000,5232273.00000000,1695175199999,5231446.73630000,2307,2201909.00000000,2201688.80910000,0
1695175200000,0.99980000,1.00000000,0.99980000,1.00000000,16317846.00000000,1695178799999,16316270.88440000,3055,11887462.00000000,11886610.35160000,0
1695178800000,1.00000000,1.00000000,0.99990000,0.99990000,16700825.00000000,1695182399999,16700153.65030000,3683,9987328.00000000,9987328.00000000,0
1695182400000,0.99990000,1.00000000,0.99990000,1.00000000,7725679.00000000,1695185999999,7725326.55410000,2099,4201220.00000000,4201220.00000000,0
1695186000000,0.99990000,1.00000000,0.99990000,0.99990000,9998511.00000000,1695189599999,9998040.16420000,2360,5290153.00000000,5290153.00000000,0
1695189600000,1.00000000,1.00000000,0.99990000,0.99990000,12685221.00000000,1695193199999,12684713.78300000,3126,7613051.00000000,7613051.00000000,0
1695193200000,1.00000000,1.00000000,0.99990000,1.00000000,7280617.00000000,1695196799999,7280511.45850000,2084,6225202.00000000,6225202.00000000,0
1695196800000,0.99990000,1.00010000,0.99990000,1.00000000,21386039.00000000,1695200399999,21386144.39060000,2225,10618791.00000000,10618980.76040000,0
1695200400000,1.00010000,1.00010000,0.99990000,1.00000000,19486318.00000000,1695203999999,19486514.52860000,4450,3292920.00000000,3293184.27890000,0
1695204000000,0.99990000,1.00000000,0.99990000,1.00000000,5290792.00000000,1695207599999,5290642.77250000,2001,3798517.00000000,3798517.00000000,0
1695207600000,1.00000000,1.00000000,0.99990000,0.99990000,17515761.00000000,1695211199999,17514170.96240000,2019,1615385.00000000,1615385.00000000,0
1695211200000,0.99990000,1.00000000,0.99990000,0.99990000,6365437.00000000,1695214799999,6365248.07930000,2545,4476230.00000000,4476230.00000000,0
1695214800000,0.99990000,1.00000000,0.99990000,1.00000000,16716519.00000000,1695218399999,16716246.77490000,3858,13994268.00000000,13994268.00000000,0
1695218400000,1.00000000,1.00000000,0.99990000,1.00000000,18166963.00000000,1695221999999,18165953.25090000,3348,8069472.00000000,8069472.00000000,0
1695222000000,1.00000000,1.00000000,0.99990000,0.99990000,4663575.00000000,1695225599999,4663339.64380000,1936,2310013.00000000,2310013.00000000,0
1695225600000,1.00000000,1.00000000,0.99990000,1.00000000,11411734.00000000,1695229199999,11411530.43920000,2488,9376126.00000000,9376126.00000000,0
1695229200000,1.00000000,1.00000000,0.99990000,0.99990000,5708754.00000000,1695232799999,5708520.69360000,2215,3375690.00000000,3375690.00000000,0
1695232800000,1.00000000,1.00000000,0.99990000,0.99990000,7279310.00000000,1695236399999,7278891.01060000,3865,3089416.00000000,3089416.00000000,0
1695236400000,0.99990000,1.00000000,0.99990000,0.99990000,20139717.00000000,1695239999999,20138029.76110000,8634,3267328.00000000,3267328.00000000,0
1695240000000,0.99990000,1.00000000,0.99990000,1.00000000,8740355.00000000,1695243599999,8739602.33840000,3604,1213739.00000000,1213739.00000000,0
1695243600000,1.00000000,1.00000000,0.99990000,0.99990000,4950032.00000000,1695247199999,4949930.12470000,4129,3931279.00000000,3931279.00000000,0
1695247200000,0.99990000,1.00000000,0.99990000,0.99990000,1650827.00000000,1695250799999,1650764.48000000,1708,1025627.00000000,1025627.00000000,0
1695250800000,1.00000000,1.00000000,0.99990000,0.99990000,6718785.00000000,1695254399999,6718661.05910000,1808,5479376.00000000,5479376.00000000,0
1695254400000,1.00000000,1.00000000,0.99990000,1.00000000,8349232.00000000,1695257999999,8348610.36390000,2909,2132871.00000000,2132871.00000000,0
1695258000000,1.00000000,1.00000000,0.99990000,0.99990000,4259730.00000000,1695261599999,4259629.30180000,2206,3252748.00000000,3252748.00000000,0
1695261600000,1.00000000,1.00000000,0.99990000,0.99990000,2945812.00000000,1695265199999,2945710.78600000,1431,1933672.00000000,1933672.00000000,0
1695265200000,1.00000000,1.00000000,0.99990000,0.99990000,4019281.00000000,1695268799999,4019211.47310000,1451,3324012.00000000,3324012.00000000,0
1695268800000,1.00000000,1.00000000,0.99990000,0.99990000,2274721.00000000,1695272399999,2274547.49050000,1713,539626.00000000,539626.00000000,0
1695272400000,0.99990000,1.00000000,0.99990000,1.00000000,4136338.00000000,1695275999999,4136123.26820000,2420,1989020.00000000,1989020.00000000,0
1695276000000,1.00000000,1.00000000,0.99990000,1.00000000,6218991.00000000,1695279599999,6218812.28900000,2464,4431881.00000000,4431881.00000000,0
1695279600000,1.00000000,1.00000000,0.99990000,0.99990000,4716470.00000000,1695283199999,4716253.14230000,2049,2547893.00000000,2547893.00000000,0
1695283200000,0.99990000,1.00000000,0.99990000,1.00000000,9723538.00000000,1695286799999,9723398.07150000,3292,8324253.00000000,8324253.00000000,0
1695286800000,0.99990000,1.00000000,0.99990000,1.00000000,7356782.00000000,1695290399999,7356509.96660000,4149,4636448.00000000,4636448.00000000,0
1695290400000,0.99990000,1.00000000,0.99990000,1.00000000,15826783.00000000,1695293999999,15826528.06710000,6257,13277454.00000000,13277454.00000000,0
1695294000000,0.99990000,1.00000000,0.99990000,1.00000000,17268815.00000000,1695297599999,17267402.88960000,3052,3147711.00000000,3147711.00000000,0
1695297600000,1.00000000,1.00000000,0.99990000,1.00000000,10151980.00000000,1695301199999,10151776.19870000,4334,8113967.00000000,8113967.00000000,0
1695301200000,0.99990000,1.00010000,0.99990000,1.00000000,16577487.00000000,1695304799999,16577128.50260000,5569,10956063.00000000,10956103.42600000,0
1695304800000,1.00000000,1.00010000,0.99990000,0.99990000,18939381.00000000,1695308399999,18939254.09410000,5392,8333961.00000000,8333966.29830000,0
1695308400000,0.99990000,1.00000000,0.99990000,1.00000000,5567731.00000000,1695311999999,5567673.51360000,3060,4992867.00000000,4992867.00000000,0
1695312000000,0.99990000,1.00010000,0.99990000,1.00010000,8701757.00000000,1695315599999,8702140.66570000,2382,7718434.00000000,7718847.94120000,0
1695315600000,1.00000000,1.00020000,1.00000000,1.00010000,13790765.00000000,1695319199999,13792233.56210000,3786,8123786.00000000,8124734.89660000,0
1695319200000,1.00010000,1.00020000,1.00000000,1.00010000,4461634.00000000,1695322799999,4462058.36560000,1657,926705.00000000,926810.01600000,0
1695322800000,1.00000000,1.00020000,1.00000000,1.00010000,6540755.00000000,1695326399999,6541423.97680000,2065,5112235.00000000,5112832.13340000,0
1695326400000,1.00010000,1.00020000,1.00000000,1.00000000,6025185.00000000,1695329999999,6025832.91310000,3562,956160.00000000,956336.94170000,0
1695330000000,1.00000000,1.00010000,1.00000000,1.00010000,1453830.00000000,1695333599999,1453872.34200000,1977,423420.00000000,423462.34200000,0
1695333600000,1.00010000,1.00010000,1.00000000,1.00010000,1758322.00000000,1695337199999,1758379.93760000,1167,579376.00000000,579433.93760000,0
1695337200000,1.00000000,1.00020000,1.00000000,1.00010000,7118267.00000000,1695340799999,7118841.64430000,1634,4653234.00000000,4653700.12700000,0
1695340800000,1.00010000,1.00010000,1.00000000,1.00000000,6159489.00000000,1695344399999,6159911.12430000,2637,4221243.00000000,4221665.12430000,0
1695344400000,1.00000000,1.00020000,1.00000000,1.00010000,5576736.00000000,1695347999999,5577250.27300000,2100,3037785.00000000,3038110.68010000,0
1695348000000,1.00010000,1.00020000,1.00000000,1.00010000,7983204.00000000,1695351599999,7983793.47520000,1555,4357484.00000000,4357923.35290000,0
1695351600000,1.00010000,1.00020000,1.00000000,1.00010000,4205565.00000000,1695355199999,4205978.05440000,2240,1941960.00000000,1942178.27920000,0
1695355200000,1.00010000,1.00020000,1.00000000,1.00000000,17346426.00000000,1695358799999,17347996.66770000,3128,5083282.00000000,5083872.67430000,0
1695358800000,1.00000000,1.00020000,1.00000000,1.00010000,8120565.00000000,1695362399999,8121410.66930000,1935,3663837.00000000,3664250.56760000,0
1695362400000,1.00010000,1.00020000,1.00010000,1.00010000,3408718.00000000,1695365999999,3409162.87730000,1808,1040055.00000000,1040263.01100000,0
1695366000000,1.00010000,1.00020000,1.00010000,1.00010000,12391493.00000000,1695369599999,12393269.73880000,2484,5375895.00000000,5376970.17900000,0
1695369600000,1.00010000,1.00020000,1.00000000,1.00000000,21373709.00000000,1695373199999,21375801.69510000,3217,7568888.00000000,7570164.20920000,0
1695373200000,1.00000000,1.00010000,1.00000000,1.00000000,9939320.00000000,1695376799999,9940126.44980000,2238,8064498.00000000,8065304.44980000,0
1695376800000,1.00000000,1.00010000,1.00000000,1.00000000,6918254.00000000,1695380399999,6918529.72590000,2485,2757259.00000000,2757534.72590000,0
1695380400000,1.00000000,1.00010000,1.00000000,1.00000000,9810202.00000000,1695383999999,9811028.55330000,2435,8265533.00000000,8266359.55330000,0
1695384000000,1.00000000,1.00010000,1.00000000,1.00000000,5126165.00000000,1695387599999,5126392.94920000,2532,2279492.00000000,2279719.94920000,0
1695387600000,1.00000000,1.00020000,1.00000000,1.00010000,12204226.00000000,1695391199999,12205579.15200000,4213,7096070.00000000,7097114.84560000,0
1695391200000,1.00010000,1.00020000,1.00000000,1.00000000,17939323.00000000,1695394799999,17941248.09590000,3749,6884134.00000000,6885055.46190000,0
1695394800000,1.00000000,1.00020000,1.00000000,1.00000000,5614886.00000000,1695398399999,5615374.21040000,2316,2905622.00000000,2905974.36510000,0
1695398400000,1.00000000,1.00010000,1.00000000,1.00000000,12629256.00000000,1695401999999,12629490.41600000,2191,2344160.00000000,2344394.41600000,0
1695402000000,1.00000000,1.00010000,1.00000000,1.00000000,5074721.00000000,1695405599999,5074879.93880000,2018,1589388.00000000,1589546.93880000,0
1695405600000,1.00000000,1.00010000,0.99990000,0.99990000,16333657.00000000,1695409199999,16333790.72660000,2556,3237813.00000000,3237961.39370000,0
1695409200000,1.00000000,1.00010000,0.99990000,1.00000000,12567817.00000000,1695412799999,12567743.25670000,6776,10576769.00000000,10576838.59180000,0
1695412800000,1.00000000,1.00010000,1.00000000,1.00000000,2612661.00000000,1695416399999,2612760.69450000,1845,996945.00000000,997044.69450000,0
1695416400000,1.00000000,1.00010000,1.00000000,1.00000000,4010464.00000000,1695419999999,4010534.63380000,1926,706338.00000000,706408.63380000,0
1695420000000,1.00000000,1.00010000,1.00000000,1.00000000,2360334.00000000,1695423599999,2360425.91400000,1404,919140.00000000,919231.91400000,0
1695423600000,1.00000000,1.00010000,1.00000000,1.00000000,4091969.00000000,1695427199999,4092192.74800000,1373,2237480.00000000,2237703.74800000,0
1695427200000,1.00000000,1.00010000,1.00000000,1.00000000,2105046.00000000,1695430799999,2105172.66060000,2045,1266606.00000000,1266732.66060000,0
1695430800000,1.00000000,1.00010000,1.00000000,1.00000000,539211.00000000,1695434399999,539244.54590000,1149,335459.00000000,335492.54590000,0
1695434400000,1.00000000,1.00010000,1.00000000,1.00000000,1272296.00000000,1695437999999,1272385.67840000,1369,896784.00000000,896873.67840000,0
1695438000000,1.00000000,1.00010000,1.00000000,1.00010000,1178584.00000000,1695441599999,1178658.25540000,1092,742554.00000000,742628.25540000,0
1695441600000,1.00000000,1.00010000,1.00000000,1.00000000,2328700.00000000,1695445199999,2328732.45620000,1124,324562.00000000,324594.45620000,0
1695445200000,1.00000000,1.00010000,1.00000000,1.00000000,1469949.00000000,1695448799999,1469993.56200000,1169,445620.00000000,445664.56200000,0
1695448800000,1.00000000,1.00010000,1.00000000,1.00010000,958477.00000000,1695452399999,958525.80730000,994,488073.00000000,488121.80730000,0
1695452400000,1.00000000,1.00010000,1.00000000,1.00000000,4799458.00000000,1695455999999,4799481.91760000,1103,239176.00000000,239199.91760000,0
1695456000000,1.00000000,1.00010000,1.00000000,1.00000000,2987275.00000000,1695459599999,2987480.89390000,1189,2058939.00000000,2059144.89390000,0
1695459600000,1.00000000,1.00010000,1.00000000,1.00000000,2676288.00000000,1695463199999,2676340.88320000,1194,528832.00000000,528884.88320000,0
1695463200000,1.00000000,1.00010000,1.00000000,1.00000000,3341248.00000000,1695466799999,3341454.57610000,1307,2065761.00000000,2065967.57610000,0
1695466800000,1.00000000,1.00010000,1.00000000,1.00010000,1188784.00000000,1695470399999,1188824.03710000,1131,400371.00000000,400411.03710000,0
1695470400000,1.00000000,1.00010000,1.00000000,1.00000000,1124328.00000000,1695473999999,1124351.28850000,1402,232885.00000000,232908.28850000,0
1695474000000,1.00000000,1.00010000,1.00000000,1.00000000,910927.00000000,1695477599999,910954.02060000,1616,270206.00000000,270233.02060000,0
1695477600000,1.00000000,1.00010000,1.00000000,1.00000000,1791124.00000000,1695481199999,1791190.55520000,1695,665552.00000000,665618.55520000,0
1695481200000,1.00000000,1.00010000,1.00000000,1.00000000,4014556.00000000,1695484799999,4014666.27480000,2648,1102748.00000000,1102858.27480000,0
1695484800000,1.00000000,1.00010000,1.00000000,1.00010000,1466937.00000000,1695488399999,1466984.45840000,2105,474584.00000000,474631.45840000,0
1695488400000,1.00000000,1.00010000,1.00000000,1.00000000,9490871.00000000,1695491999999,9490917.75120000,2496,467512.00000000,467558.75120000,0
1695492000000,1.00000000,1.00010000,0.99990000,0.99990000,7900095.00000000,1695495599999,7899963.67290000,1796,1464764.00000000,1464765.55810000,0
1695495600000,0.99990000,1.00000000,0.99990000,1.00000000,1244072.00000000,1695499199999,1244009.07280000,1015,614800.00000000,614800.00000000,0
1695499200000,0.99990000,1.00000000,0.99990000,1.00000000,1037981.00000000,1695502799999,1037896.86240000,769,196605.00000000,196605.00000000,0
1695502800000,0.99990000,1.00000000,0.99990000,0.99990000,680005.00000000,1695506399999,679984.68930000,862,476898.00000000,476898.00000000,0
1695506400000,0.99990000,1.00000000,0.99990000,1.00000000,732062.00000000,1695509999999,732020.94080000,814,321470.00000000,321470.00000000,0
1695510000000,0.99990000,1.00000000,0.99990000,1.00000000,2854683.00000000,1695513599999,2854654.88700000,931,2573553.00000000,2573553.00000000,0
1695513600000,0.99990000,1.00000000,0.99990000,0.99990000,1363044.00000000,1695517199999,1362930.76840000,925,230728.00000000,230728.00000000,0
1695517200000,1.00000000,1.00000000,0.99990000,0.99990000,354448.00000000,1695520799999,354435.81120000,871,232560.00000000,232560.00000000,0
1695520800000,0.99990000,1.00000000,0.99990000,0.99990000,543982.00000000,1695524399999,543960.77170000,636,331699.00000000,331699.00000000,0
1695524400000,0.99990000,1.00000000,0.99990000,0.99990000,303737.00000000,1695527999999,303722.28140000,692,156551.00000000,156551.00000000,0
1695528000000,0.99990000,1.00000000,0.99990000,1.00000000,2516613.00000000,1695531599999,2516587.53550000,1023,2261968.00000000,2261968.00000000,0
1695531600000,0.99990000,1.00000000,0.99990000,0.99990000,2798278.00000000,1695535199999,2798033.85840000,1147,356862.00000000,356862.00000000,0
1695535200000,0.99990000,1.00000000,0.99990000,0.99990000,361815.00000000,1695538799999,361793.93230000,1086,151138.00000000,151138.00000000,0
1695538800000,1.00000000,1.00000000,0.99990000,1.00000000,443262.00000000,1695542399999,443236.56220000,916,188884.00000000,188884.00000000,0
1695542400000,0.99990000,1.00000000,0.99990000,1.00000000,1925719.00000000,1695545999999,1925657.78610000,1162,1313580.00000000,1313580.00000000,0
1695546000000,0.99990000,1.00000000,0.99990000,1.00000000,2017963.00000000,1695549599999,2017917.85140000,1674,1566477.00000000,1566477.00000000,0
1695549600000,0.99990000,1.00000000,0.99990000,1.00000000,3253377.00000000,1695553199999,3253313.35230000,1512,2616900.00000000,2616900.00000000,0
1695553200000,0.99990000,1.00000000,0.99990000,1.00000000,1157908.00000000,1695556799999,1157861.23010000,1862,690209.00000000,690209.00000000,0
1695556800000,0.99990000,1.00000000,0.99990000,1.00000000,1488604.00000000,1695560399999,1488549.42260000,2041,942830.00000000,942830.00000000,0
1695560400000,0.99990000,1.00000000,0.99990000,0.99990000,1839756.00000000,1695563999999,1839650.79200000,1650,787676.00000000,787676.00000000,0
1695564000000,0.99990000,1.00000000,0.99990000,1.00000000,2039871.00000000,1695567599999,2039762.80710000,2016,957942.00000000,957942.00000000,0
1695567600000,0.99990000,1.00000000,0.99990000,1.00000000,2639665.00000000,1695571199999,2639613.18310000,1423,2121496.00000000,2121496.00000000,0
1695571200000,0.99990000,1.00000000,0.99990000,0.99990000,3310898.00000000,1695574799999,3310858.37450000,1299,2914643.00000000,2914643.00000000,0
1695574800000,0.99990000,1.00000000,0.99990000,0.99990000,2871386.00000000,1695578399999,2871349.59730000,1676,2507359.00000000,2507359.00000000,0
1695578400000,0.99990000,1.00000000,0.99990000,1.00000000,8370346.00000000,1695581999999,8370132.24650000,2592,6232811.00000000,6232811.00000000,0
1695582000000,1.00000000,1.00000000,0.99990000,0.99990000,2509241.00000000,1695585599999,2509052.54270000,2222,624668.00000000,624668.00000000,0
1695585600000,0.99990000,1.00000000,0.99990000,0.99990000,1299598.00000000,1695589199999,1299533.94490000,1891,659047.00000000,659047.00000000,0
1695589200000,0.99990000,1.00000000,0.99990000,1.00000000,1049944.00000000,1695592799999,1049915.14140000,1337,761358.00000000,761358.00000000,0
1695592800000,0.99990000,1.00000000,0.99990000,0.99990000,927423.00000000,1695596399999,927376.29680000,1208,460391.00000000,460391.00000000,0
1695596400000,0.99990000,1.00000000,0.99990000,0.99990000,5272828.00000000,1695599999999,5272398.51160000,2941,977944.00000000,977944.00000000,0
1695600000000,0.99990000,1.00000000,0.99990000,0.99990000,5610114.00000000,1695603599999,5609758.88800000,3596,2058994.00000000,2058994.00000000,0
1695603600000,0.99990000,1.00010000,0.99990000,1.00000000,12415387.00000000,1695607199999,12415342.88050000,5247,10462310.00000000,10462420.23600000,0
1695607200000,1.00000000,1.00010000,0.99990000,1.00000000,6605720.00000000,1695610799999,6605784.62030000,2425,2908233.00000000,2908303.48510000,0
1695610800000,1.00000000,1.00010000,1.00000000,1.00000000,6204742.00000000,1695614399999,6204991.88450000,2448,2498845.00000000,2499094.88450000,0
1695614400000,1.00000000,1.00030000,1.00000000,1.00010000,23512442.00000000,1695617999999,23515114.30390000,3573,18582145.00000000,18584244.29130000,0
1695618000000,1.00010000,1.00020000,1.00010000,1.00010000,6130477.00000000,1695621599999,6131510.76260000,2057,4207149.00000000,4207990.42980000,0
1695621600000,1.00010000,1.00020000,1.00010000,1.00010000,7751779.00000000,1695625199999,7753061.84720000,2880,5076693.00000000,5077708.33860000,0
1695625200000,1.00010000,1.00030000,1.00010000,1.00020000,19642938.00000000,1695628799999,19646695.13580000,5901,14265980.00000000,14268837.59370000,0
1695628800000,1.00030000,1.00030000,1.00010000,1.00020000,13225645.00000000,1695632399999,13228287.96750000,4063,7441750.00000000,7443302.74120000,0
1695632400000,1.00020000,1.00030000,1.00010000,1.00020000,9859342.00000000,1695635999999,9861334.55820000,2818,3401755.00000000,3402503.61460000,0
1695636000000,1.00030000,1.00030000,1.00010000,1.00020000,9989242.00000000,1695639599999,9991352.08710000,2690,4789566.00000000,4790651.75390000,0
1695639600000,1.00020000,1.00030000,1.00020000,1.00020000,10933219.00000000,1695643199999,10936117.41350000,3550,7117697.00000000,7119832.30910000,0
1695643200000,1.00020000,1.00040000,1.00020000,1.00020000,13945451.00000000,1695646799999,13949408.93250000,4599,9713031.00000000,9715950.42480000,0
1695646800000,1.00020000,1.00050000,1.00020000,1.00030000,27332225.00000000,1695650399999,27341411.39290000,4694,20341151.00000000,20348473.53540000,0
1695650400000,1.00040000,1.00040000,1.00020000,1.00030000,9883652.00000000,1695653999999,9886969.28810000,2718,5572721.00000000,5574749.92650000,0
1695654000000,1.00030000,1.00040000,1.00030000,1.00030000,12918018.00000000,1695657599999,12922557.33240000,5126,6639270.00000000,6641925.70800000,0
1695657600000,1.00040000,1.00040000,1.00020000,1.00020000,21989994.00000000,1695661199999,21996764.75900000,6462,10580159.00000000,10583586.48010000,0
1695661200000,1.00020000,1.00030000,1.00020000,1.00020000,8763153.00000000,1695664799999,8765226.79590000,2804,3211653.00000000,3212616.49590000,0
1695664800000,1.00020000,1.00030000,1.00020000,1.00020000,6695934.00000000,1695668399999,6697635.18150000,2429,3619947.00000000,3621032.98410000,0
1695668400000,1.00020000,1.00030000,1.00020000,1.00020000,5876507.00000000,1695671999999,5878018.65330000,2393,3363519.00000000,3364528.05570000,0
1695672000000,1.00020000,1.00030000,1.00020000,1.00020000,6071627.00000000,1695675599999,6073229.29840000,2118,3879730.00000000,3880893.91900000,0
1695675600000,1.00020000,1.00030000,1.00020000,1.00020000,7601797.00000000,1695679199999,7603421.44500000,2748,1040856.00000000,1041168.25680000,0
1695679200000,1.00020000,1.00030000,1.00020000,1.00020000,6586126.00000000,1695682799999,6587467.41740000,2460,241922.00000000,241994.57660000,0
1695682800000,1.00030000,1.00030000,1.00020000,1.00020000,3552051.00000000,1695686399999,3552933.13460000,1205,1717244.00000000,1717759.17320000,0
1695686400000,1.00020000,1.00030000,1.00010000,1.00020000,11831703.00000000,1695689999999,11834354.47380000,1936,7157977.00000000,7159712.03630000,0
1695690000000,1.00020000,1.00030000,1.00020000,1.00020000,2956158.00000000,1695693599999,2956822.62280000,1767,733912.00000000,734132.17360000,0
1695693600000,1.00030000,1.00030000,1.00020000,1.00020000,5826068.00000000,1695697199999,5827622.57690000,1386,3893633.00000000,3894801.08990000,0
1695697200000,1.00020000,1.00030000,1.00020000,1.00020000,8710280.00000000,1695700799999,8712609.22990000,1518,5871739.00000000,5873500.52170000,0
1695700800000,1.00020000,1.00030000,1.00020000,1.00020000,5807860.00000000,1695704399999,5809245.34730000,1803,2237753.00000000,2238424.32590000,0
1695704400000,1.00020000,1.00030000,1.00020000,1.00020000,4165974.00000000,1695707999999,4167040.90750000,1964,2337127.00000000,2337828.13810000,0
1695708000000,1.00020000,1.00030000,1.00020000,1.00020000,3879075.00000000,1695711599999,3879975.54930000,2392,1247343.00000000,1247717.20290000,0
1695711600000,1.00020000,1.00030000,1.00020000,1.00030000,8184839.00000000,1695715199999,8186903.18900000,2551,4272212.00000000,4273493.66360000,0
1695715200000,1.00020000,1.00040000,1.00020000,1.00030000,10300725.00000000,1695718799999,10303496.10680000,3394,6259863.00000000,6261764.77900000,0
1695718800000,1.00030000,1.00040000,1.00030000,1.00030000,10582558.00000000,1695722399999,10586611.98560000,2431,8792182.00000000,8795698.87280000,0
1695722400000,1.00030000,1.00050000,1.00030000,1.00030000,15249865.00000000,1695725999999,15255726.32660000,2398,8125781.00000000,8129121.59270000,0
1695726000000,1.00030000,1.00040000,1.00020000,1.00020000,21883500.00000000,1695729599999,21890465.61770000,2885,4696763.00000000,4698592.41640000,0
1695729600000,1.00020000,1.00040000,1.00020000,1.00030000,11112957.00000000,1695733199999,11116198.92740000,3212,7065070.00000000,7067238.84650000,0
1695733200000,1.00040000,1.00050000,1.00030000,1.00040000,16820842.00000000,1695736799999,16827460.04800000,4187,12686949.00000000,12692129.65500000,0
1695736800000,1.00040000,1.00060000,1.00040000,1.00050000,16614323.00000000,1695740399999,16622229.39650000,3116,11021597.00000000,11027115.52240000,0
1695740400000,1.00050000,1.00060000,1.00040000,1.00040000,16164879.00000000,1695743999999,16172766.29590000,3252,6264263.00000000,6267527.56120000,0
1695744000000,1.00050000,1.00050000,1.00040000,1.00040000,5229045.00000000,1695747599999,5231394.17600000,3096,2575580.00000000,2576867.79000000,0
1695747600000,1.00040000,1.00050000,1.00040000,1.00050000,7749670.00000000,1695751199999,7752835.22660000,2424,653586.00000000,653912.79300000,0
1695751200000,1.00040000,1.00050000,1.00030000,1.00040000,9865827.00000000,1695754799999,9869899.28680000,2281,3254212.00000000,3255649.31130000,0
1695754800000,1.00040000,1.00050000,1.00030000,1.00040000,18008266.00000000,1695758399999,18015134.57510000,7971,11870718.00000000,11875554.38560000,0
1695758400000,1.00040000,1.00050000,1.00030000,1.00040000,8971149.00000000,1695761999999,8975157.36570000,3092,6456335.00000000,6459341.31080000,0
1695762000000,1.00050000,1.00050000,1.00040000,1.00040000,4659240.00000000,1695765599999,4661258.47000000,3777,1547740.00000000,1548513.87000000,0
1695765600000,1.00050000,1.00050000,1.00040000,1.00040000,3719398.00000000,1695769199999,3720962.64110000,2188,768819.00000000,769203.40950000,0
1695769200000,1.00040000,1.00050000,1.00040000,1.00050000,4013617.00000000,1695772799999,4015317.37600000,3033,949292.00000000,949766.64600000,0
1695772800000,1.00040000,1.00050000,1.00040000,1.00050000,4654336.00000000,1695776399999,4656580.06160000,2066,3823272.00000000,3825183.63600000,0
1695776400000,1.00050000,1.00050000,1.00040000,1.00050000,2221986.00000000,1695779999999,2222914.27930000,1443,394849.00000000,395046.42450000,0
1695780000000,1.00040000,1.00050000,1.00040000,1.00040000,2655126.00000000,1695783599999,2656249.60890000,1160,615585.00000000,615892.79250000,0
1695783600000,1.00040000,1.00060000,1.00040000,1.00050000,7385871.00000000,1695787199999,7389621.51580000,1761,6050618.00000000,6053723.93780000,0
1695787200000,1.00050000,1.00060000,1.00050000,1.00050000,7665053.00000000,1695790799999,7669548.97840000,3103,6634519.00000000,6638499.71140000,0
1695790800000,1.00050000,1.00070000,1.00050000,1.00060000,8060288.00000000,1695794399999,8065175.72680000,2892,4222182.00000000,4224787.53300000,0
1695794400000,1.00060000,1.00070000,1.00060000,1.00070000,4317830.00000000,1695797999999,4320702.35860000,2656,2816606.00000000,2818577.62420000,0
1695798000000,1.00060000,1.00080000,1.00060000,1.00060000,10123412.00000000,1695801599999,10130218.64510000,3366,5908089.00000000,5912225.06740000,0
1695801600000,1.00060000,1.00080000,1.00060000,1.00080000,11001404.00000000,1695805199999,11009142.88910000,3356,8639849.00000000,8646049.79800000,0
1695805200000,1.00080000,1.00090000,1.00070000,1.00080000,15394864.00000000,1695808799999,15407016.65190000,5146,11715357.00000000,11724733.76950000,0
1695808800000,1.00070000,1.00090000,1.00070000,1.00080000,15860104.00000000,1695812399999,15873255.62570000,3474,9315660.00000000,9323576.33030000,0
1695812400000,1.00080000,1.00100000,1.00080000,1.00090000,16614789.00000000,1695815999999,16629216.34550000,7835,9731451.00000000,9740214.62250000,0
1695816000000,1.00080000,1.00090000,1.00070000,1.00080000,18577781.00000000,1695819599999,18592536.18050000,6918,3065952.00000000,3068528.73930000,0
1695819600000,1.00080000,1.00080000,1.00070000,1.00080000,11860653.00000000,1695823199999,11869611.62100000,4953,6561639.00000000,6566888.31120000,0
1695823200000,1.00070000,1.00080000,1.00060000,1.00080000,22987237.00000000,1695826799999,23003751.34600000,8950,9825658.00000000,9833099.15850000,0
1695826800000,1.00070000,1.00090000,1.00070000,1.00070000,26006852.00000000,1695830399999,26026836.96410000,7022,11602292.00000000,11611787.78690000,0
1695830400000,1.00070000,1.00080000,1.00070000,1.00070000,4238273.00000000,1695833999999,4241423.32790000,4354,1835368.00000000,1836836.29440000,0
1695834000000,1.00070000,1.00080000,1.00060000,1.00070000,9815854.00000000,1695837599999,9822556.86120000,3318,3963872.00000000,3966687.70210000,0
1695837600000,1.00070000,1.00090000,1.00070000,1.00070000,14981990.00000000,1695841199999,14993521.69810000,4970,9321135.00000000,9328617.16850000,0
1695841200000,1.00070000,1.00090000,1.00070000,1.00070000,7920257.00000000,1695844799999,7926409.12120000,3365,4939677.00000000,4943633.74450000,0
1695844800000,1.00070000,1.00150000,1.00070000,1.00080000,27048775.00000000,1695848399999,27073615.97620000,4648,18053563.00000000,18070097.76640000,0
1695848400000,1.00080000,1.00090000,1.00070000,1.00080000,5864828.00000000,1695851999999,5869548.19040000,2181,3075443.00000000,3077948.85810000,0
1695852000000,1.00070000,1.00080000,1.00070000,1.00080000,3713409.00000000,1695855599999,3716186.17300000,2561,1777867.00000000,1779289.29360000,0
1695855600000,1.00070000,1.00080000,1.00070000,1.00070000,4687967.00000000,1695859199999,4691438.06510000,3280,1894882.00000000,1896397.90560000,0
1695859200000,1.00070000,1.00090000,1.00070000,1.00080000,7646598.00000000,1695862799999,7652671.84900000,4122,5936298.00000000,5941091.23680000,0
1695862800000,1.00080000,1.00090000,1.00070000,1.00080000,15879096.00000000,1695866399999,15891795.02620000,3067,8018813.00000000,8025300.97370000,0
1695866400000,1.00080000,1.00120000,1.00080000,1.00080000,14891339.00000000,1695869999999,14905223.12940000,3452,9515459.00000000,9524301.72760000,0
1695870000000,1.00080000,1.00090000,1.00070000,1.00090000,7869636.00000000,1695873599999,7875886.83950000,2893,4205443.00000000,4208832.47630000,0
1695873600000,1.00080000,1.00090000,1.00080000,1.00090000,5656417.00000000,1695877199999,5661387.49720000,3361,4453636.00000000,4457644.27240000,0
1695877200000,1.00090000,1.00100000,1.00080000,1.00090000,6557003.00000000,1695880799999,6562821.15720000,4945,4824826.00000000,4829211.44280000,0
1695880800000,1.00090000,1.00100000,1.00080000,1.00100000,6942743.00000000,1695884399999,6949369.12320000,2920,5107752.00000000,5112732.28300000,0
1695884400000,1.00090000,1.00110000,1.00090000,1.00090000,10822917.00000000,1695887999999,10833413.54330000,3926,5492567.00000000,5498125.26050000,0
1695888000000,1.00100000,1.00100000,1.00080000,1.00090000,11195616.00000000,1695891599999,11205947.59290000,4296,5204103.00000000,5209050.94350000,0
1695891600000,1.00090000,1.00100000,1.00080000,1.00090000,7983112.00000000,1695895199999,7990341.58100000,3021,3750396.00000000,3753891.40090000,0
1695895200000,1.00080000,1.00100000,1.00080000,1.00100000,14666748.00000000,1695898799999,14680866.62370000,4390,11579717.00000000,11591059.60400000,0
1695898800000,1.00090000,1.00100000,1.00090000,1.00090000,4641658.00000000,1695902399999,4646092.80150000,2178,2573093.00000000,2575666.09300000,0
1695902400000,1.00100000,1.00110000,1.00090000,1.00090000,16586123.00000000,1695905999999,16602570.38450000,5228,10130030.00000000,10140467.64930000,0
1695906000000,1.00090000,1.00100000,1.00090000,1.00100000,7187906.00000000,1695909599999,7194707.54610000,4685,3324307.00000000,3327631.30700000,0
1695909600000,1.00090000,1.00100000,1.00060000,1.00060000,40753149.00000000,1695913199999,40785153.68730000,9375,8890527.00000000,8897788.36890000,0
1695913200000,1.00060000,1.00080000,1.00060000,1.00070000,24034693.00000000,1695916799999,24050631.03060000,8928,10606027.00000000,10613500.36060000,0
1695916800000,1.00060000,1.00070000,1.00040000,1.00050000,29118090.00000000,1695920399999,29133329.95050000,8994,12361809.00000000,12368745.59260000,0
1695920400000,1.00050000,1.00060000,1.00020000,1.00030000,34942400.00000000,1695923999999,34956343.36460000,6192,8939684.00000000,8943944.37650000,0
1695924000000,1.00040000,1.00040000,1.00010000,1.00010000,23657260.00000000,1695927599999,23662946.37990000,5440,6817564.00000000,6819535.37180000,0
1695927600000,1.00010000,1.00020000,1.00010000,1.00020000,11942724.00000000,1695931199999,11944282.79780000,3114,3645254.00000000,3645983.05080000,0
1695931200000,1.00010000,1.00020000,1.00010000,1.00010000,7391069.00000000,1695934799999,7392089.64550000,3558,2815386.00000000,2815949.07720000,0
1695934800000,1.00020000,1.00020000,1.00000000,1.00010000,12088702.00000000,1695938399999,12089803.36980000,3667,2932874.00000000,2933203.60850000,0
1695938400000,1.00010000,1.00010000,1.00000000,1.00010000,4494614.00000000,1695941999999,4494905.80620000,1878,2918062.00000000,2918353.80620000,0
1695942000000,1.00000000,1.00020000,1.00000000,1.00020000,9294271.00000000,1695945599999,9295199.14170000,2281,6524308.00000000,6525039.08120000,0
1695945600000,1.00020000,1.00020000,1.00010000,1.00010000,10411163.00000000,1695949199999,10412474.20030000,4388,2700840.00000000,2701380.16800000,0
1695949200000,1.00020000,1.00020000,1.00010000,1.00010000,6782801.00000000,1695952799999,6783711.67290000,5450,2323928.00000000,2324392.78560000,0
1695952800000,1.00020000,1.00020000,1.00010000,1.00010000,6914356.00000000,1695956399999,6915180.38870000,5915,1329531.00000000,1329796.90620000,0
1695956400000,1.00010000,1.00020000,1.00000000,1.00000000,13778937.00000000,1695959999999,13780070.72550000,2221,4382370.00000000,4382919.97330000,0
1695960000000,1.00000000,1.00010000,1.00000000,1.00000000,4889986.00000000,1695963599999,4890169.94870000,1956,1839487.00000000,1839670.94870000,0
1695963600000,1.00000000,1.00020000,1.00000000,1.00020000,12452452.00000000,1695967199999,12453664.54400000,6181,10951925.00000000,10953084.95850000,0
1695967200000,1.00010000,1.00020000,1.00010000,1.00010000,10618343.00000000,1695970799999,10619922.28450000,3295,5174502.00000000,5175536.90040000,0
1695970800000,1.00010000,1.00020000,1.00010000,1.00010000,9816049.00000000,1695974399999,9817519.19900000,4487,4885941.00000000,4886918.18820000,0
1695974400000,1.00010000,1.00020000,1.00010000,1.00010000,12791498.00000000,1695977999999,12793165.88980000,6157,3887400.00000000,3888177.48000000,0
1695978000000,1.00010000,1.00020000,1.00010000,1.00010000,7163806.00000000,1695981599999,7164646.31010000,2778,1239295.00000000,1239542.85900000,0
1695981600000,1.00010000,1.00020000,1.00000000,1.00010000,17859261.00000000,1695985199999,17861294.87580000,2578,5201158.00000000,5201944.12660000,0
1695985200000,1.00010000,1.00020000,1.00000000,1.00010000,10706202.00000000,1695988799999,10707468.26130000,2773,6496574.00000000,6497479.01560000,0
1695988800000,1.00010000,1.00020000,1.00000000,1.00010000,16357716.00000000,1695992399999,16359587.24280000,7060,10012782.00000000,10014154.68850000,0
1695992400000,1.00010000,1.00020000,1.00000000,1.00000000,29231533.00000000,1695995999999,29235403.20950000,5325,10148844.00000000,10150810.22830000,0
1695996000000,1.00010000,1.00020000,1.00000000,1.00010000,18044394.00000000,1695999599999,18045992.84020000,5903,13324942.00000000,13326415.51130000,0
1695999600000,1.00010000,1.00020000,1.00010000,1.00010000,6770642.00000000,1696003199999,6771623.95840000,3180,3048942.00000000,3049551.78840000,0
1696003200000,1.00010000,1.00020000,1.00010000,1.00010000,11579115.00000000,1696006799999,11580979.50580000,2921,7065943.00000000,7067356.18860000,0
1696006800000,1.00010000,1.00020000,1.00010000,1.00010000,5473324.00000000,1696010399999,5474224.48960000,2168,3531572.00000000,3532278.31440000,0
1696010400000,1.00020000,1.00020000,1.00010000,1.00010000,5113854.00000000,1696013999999,5114541.80410000,2238,1764187.00000000,1764539.83740000,0
1696014000000,1.00010000,1.00020000,1.00010000,1.00010000,4818153.00000000,1696017599999,4818898.01330000,2157,2631980.00000000,2632506.39600000,0
1696017600000,1.00010000,1.00020000,1.00010000,1.00010000,4184093.00000000,1696021199999,4184721.82360000,2008,2104143.00000000,2104563.82860000,0
1696021200000,1.00010000,1.00020000,1.00010000,1.00010000,2084970.00000000,1696024799999,2085225.03970000,1661,465427.00000000,465520.08540000,0
1696024800000,1.00010000,1.00020000,1.00010000,1.00010000,2080136.00000000,1696028399999,2080388.85620000,1687,448426.00000000,448515.68520000,0
1696028400000,1.00010000,1.00020000,1.00010000,1.00010000,2109537.00000000,1696031999999,2109812.32860000,1576,643749.00000000,643877.74980000,0
1696032000000,1.00010000,1.00020000,1.00010000,1.00010000,4832656.00000000,1696035599999,4833507.48460000,2847,3682190.00000000,3682926.43800000,0
1696035600000,1.00010000,1.00020000,1.00010000,1.00010000,2943874.00000000,1696039199999,2944209.90020000,3161,415128.00000000,415211.02560000,0
1696039200000,1.00010000,1.00020000,1.00010000,1.00010000,5535600.00000000,1696042799999,5536408.85490000,2839,2552949.00000000,2553459.58980000,0
1696042800000,1.00010000,1.00020000,1.00010000,1.00010000,3388055.00000000,1696046399999,3388455.46010000,1469,616546.00000000,616669.30920000,0
1696046400000,1.00010000,1.00020000,1.00010000,1.00020000,5029962.00000000,1696049999999,5030475.05850000,3158,100623.00000000,100643.12460000,0
1696050000000,1.00010000,1.00020000,1.00010000,1.00020000,3261612.00000000,1696053599999,3262014.56390000,2340,764027.00000000,764179.80540000,0
1696053600000,1.00010000,1.00020000,1.00010000,1.00010000,2381795.00000000,1696057199999,2382081.85510000,1799,486756.00000000,486853.35120000,0
1696057200000,1.00010000,1.00020000,1.00010000,1.00010000,5336587.00000000,1696060799999,5337165.42840000,2982,447697.00000000,447786.53940000,0
1696060800000,1.00010000,1.00020000,1.00000000,1.00010000,2900011.00000000,1696064399999,2900272.93070000,1904,483470.00000000,483536.67040000,0
1696064400000,1.00000000,1.00010000,1.00000000,1.00000000,914815.00000000,1696067999999,914863.57760000,1215,485776.00000000,485824.57760000,0
1696068000000,1.00000000,1.00010000,1.00000000,1.00010000,14400580.00000000,1696071599999,14400860.57050000,1688,2805705.00000000,2805985.57050000,0
1696071600000,1.00000000,1.00010000,1.00000000,1.00010000,5561250.00000000,1696075199999,5561406.58560000,2918,1565856.00000000,1566012.58560000,0
1696075200000,1.00000000,1.00010000,0.99990000,1.00000000,12805719.00000000,1696078799999,12805742.53920000,2232,2927212.00000000,2927256.30690000,0
1696078800000,0.99990000,1.00010000,0.99990000,1.00000000,13342012.00000000,1696082399999,13341946.27680000,3015,9836656.00000000,9836663.68470000,0
1696082400000,0.99990000,1.00010000,0.99990000,1.00000000,3480819.00000000,1696085999999,3480917.21890000,2657,2507654.00000000,2507767.23390000,0
1696086000000,1.00000000,1.00010000,0.99990000,1.00000000,6497815.00000000,1696089599999,6497787.30960000,3263,2915085.00000000,2915102.52350000,0
1696089600000,0.99990000,1.00000000,0.99990000,1.00000000,15354040.00000000,1696093199999,15352727.11420000,1910,2225182.00000000,2225182.00000000,0
1696093200000,1.00000000,1.00000000,0.99990000,0.99990000,4465192.00000000,1696096799999,4465084.21200000,1819,3387312.00000000,3387312.00000000,0
1696096800000,0.99990000,1.00000000,0.99990000,1.00000000,2000658.00000000,1696100399999,2000544.88490000,1635,869507.00000000,869507.00000000,0
1696100400000,1.00000000,1.00000000,0.99990000,1.00000000,4693995.00000000,1696103999999,4693856.87360000,1777,3312731.00000000,3312731.00000000,0
1696104000000,0.99990000,1.00000000,0.99990000,0.99990000,10197153.00000000,1696107599999,10196596.38880000,2136,4631041.00000000,4631041.00000000,0
1696107600000,0.99990000,1.00000000,0.99980000,0.99990000,10008227.00000000,1696111199999,10007250.02880000,2740,1599938.00000000,1599803.57170000,0
1696111200000,0.99980000,0.99990000,0.99980000,0.99990000,4560078.00000000,1696114799999,4559576.28140000,1401,4102970.00000000,4102559.70300000,0
1696114800000,0.99980000,0.99990000,0.99980000,0.99980000,1897320.00000000,1696118399999,1897066.80880000,1236,1262728.00000000,1262601.72720000,0
