1656633600000,1.00130000,1.00140000,1.00120000,1.00130000,20519994.00000000,1656637199999,20546994.12570000,5643,6637611.00000000,6646640.58400000,0
1656637200000,1.00130000,1.00130000,1.00120000,1.00130000,6100712.00000000,1656640799999,6108501.72480000,5173,4688704.00000000,4694799.31520000,0
1656640800000,1.00130000,1.00140000,1.00120000,1.00130000,12410631.00000000,1656644399999,12426629.73400000,3271,10612874.00000000,10626712.97910000,0
1656644400000,1.00140000,1.00140000,1.00130000,1.00130000,5862952.00000000,1656647999999,5871016.33080000,2449,4424932.00000000,4431126.90480000,0
1656648000000,1.00130000,1.00140000,1.00130000,1.00130000,6509318.00000000,1656651599999,6517974.86080000,2834,1947474.00000000,1950200.46360000,0
1656651600000,1.00140000,1.00140000,1.00130000,1.00130000,5234180.00000000,1656655199999,5241214.76730000,2093,2303333.00000000,2306557.66620000,0
1656655200000,1.00130000,1.00140000,1.00130000,1.00130000,8738932.00000000,1656658799999,8750672.43020000,2269,3798186.00000000,3803503.46040000,0
1656658800000,1.00140000,1.00140000,1.00130000,1.00130000,5113951.00000000,1656662399999,5120754.11210000,2783,1549758.00000000,1551927.66120000,0
1656662400000,1.00140000,1.00140000,1.00120000,1.00120000,17388990.00000000,1656665999999,17411599.55310000,4423,6276533.00000000,6284796.16610000,0
1656666000000,1.00130000,1.00130000,1.00110000,1.00120000,18328139.00000000,1656669599999,18350374.83090000,3911,3761466.00000000,3766302.90560000,0
1656669600000,1.00120000,1.00120000,1.00110000,1.00120000,7446765.00000000,1656673199999,7455384.73090000,4080,4282894.00000000,4288033.47280000,0
1656673200000,1.00120000,1.00130000,1.00110000,1.00110000,26074482.00000000,1656676799999,26105456.89350000,3541,13694642.00000000,13711080.40600000,0
1656676800000,1.00120000,1.00120000,1.00110000,1.00110000,7603903.00000000,1656680399999,7612690.74580000,2831,4234525.00000000,4239606.43000000,0
1656680400000,1.00120000,1.00120000,1.00110000,1.00120000,10342657.00000000,1656683999999,10354444.62180000,3666,4106991.00000000,4111919.38920000,0
1656684000000,1.00110000,1.00120000,1.00110000,1.00110000,15358827.00000000,1656687599999,15376698.87780000,3627,9771681.00000000,9783407.01720000,0
1656687600000,1.00120000,1.00120000,1.00110000,1.00110000,6617942.00000000,1656691199999,6625571.70890000,3148,3499727.00000000,3503926.67240000,0
1656691200000,1.00120000,1.00120000,1.00110000,1.00110000,7313488.00000000,1656694799999,7321836.70890000,3981,3038721.00000000,3042367.46520000,0
1656694800000,1.00110000,1.00120000,1.00110000,1.00120000,4892419.00000000,1656698399999,4898079.77390000,3074,2791130.00000000,2794479.35600000,0
1656698400000,1.00120000,1.00120000,1.00110000,1.00110000,3954170.00000000,1656701999999,3958680.24540000,2518,1606584.00000000,1608511.90080000,0
1656702000000,1.00120000,1.00120000,1.00110000,1.00120000,3413793.00000000,1656705599999,3417708.87410000,2602,1607018.00000000,1608946.42160000,0
1656705600000,1.00120000,1.00120000,1.00110000,1.00120000,4337747.00000000,1656709199999,4342735.92910000,3301,2174074.00000000,2176682.88880000,0
1656709200000,1.00120000,1.00120000,1.00110000,1.00110000,2969512.00000000,1656712799999,2972927.96530000,2914,1495021.00000000,1496815.02520000,0
1656712800000,1.00110000,1.00130000,1.00110000,1.00120000,11571573.00000000,1656716399999,11585336.81400000,2720,10012664.00000000,10024692.11290000,0
1656716400000,1.00120000,1.00130000,1.00120000,1.00120000,4202478.00000000,1656719999999,4207675.84330000,2060,1548697.00000000,1550710.30610000,0
1656720000000,1.00130000,1.00130000,1.00120000,1.00120000,3273595.00000000,1656723599999,3277683.72640000,2516,1604124.00000000,1606209.36120000,0
1656723600000,1.00130000,1.00130000,1.00120000,1.00130000,4959102.00000000,1656727199999,4965480.76960000,1568,4278472.00000000,4284034.01360000,0
1656727200000,1.00130000,1.00130000,1.00120000,1.00130000,2664634.00000000,1656730799999,2667992.64310000,1947,1610823.00000000,1612917.06990000,0
1656730800000,1.00130000,1.00130000,1.00120000,1.00130000,4629842.00000000,1656734399999,4635567.21020000,1535,1693998.00000000,1696200.19740000,0
1656734400000,1.00120000,1.00130000,1.00120000,1.00130000,3365692.00000000,1656737999999,3369912.56180000,1474,1817314.00000000,1819676.50820000,0
1656738000000,1.00130000,1.00130000,1.00120000,1.00120000,5162642.00000000,1656741599999,5168979.26480000,2057,1420944.00000000,1422791.22720000,0
1656741600000,1.00120000,1.00130000,1.00120000,1.00130000,2456833.00000000,1656745199999,2459905.31250000,1664,1241129.00000000,1242742.46770000,0
1656745200000,1.00130000,1.00130000,1.00120000,1.00130000,3022026.00000000,1656748799999,3025789.34460000,1679,1369134.00000000,1370913.87420000,0
1656748800000,1.00130000,1.00130000,1.00120000,1.00130000,3538314.00000000,1656752399999,3542731.69200000,1703,1717152.00000000,1719384.29760000,0
1656752400000,1.00120000,1.00130000,1.00120000,1.00120000,4061681.00000000,1656755999999,4066730.10860000,2048,1750914.00000000,1753190.18820000,0
1656756000000,1.00130000,1.00130000,1.00120000,1.00120000,5109953.00000000,1656759599999,5116353.98830000,1870,2690447.00000000,2693944.58110000,0
1656759600000,1.00120000,1.00130000,1.00120000,1.00120000,5035965.00000000,1656763199999,5042279.36660000,1636,2712086.00000000,2715611.71180000,0
1656763200000,1.00120000,1.00130000,1.00120000,1.00120000,6330289.00000000,1656766799999,6338141.22440000,2495,2558776.00000000,2562102.40880000,0
1656766800000,1.00120000,1.00130000,1.00120000,1.00120000,10238826.00000000,1656770399999,10251188.27800000,2179,756868.00000000,757851.92840000,0
1656770400000,1.00120000,1.00130000,1.00120000,1.00120000,6639573.00000000,1656773999999,6647857.74590000,2070,3172583.00000000,3176707.35790000,0
1656774000000,1.00120000,1.00130000,1.00120000,1.00130000,7267185.00000000,1656777599999,7276167.97450000,2199,2623525.00000000,2626935.58250000,0
1656777600000,1.00120000,1.00130000,1.00120000,1.00120000,5512116.00000000,1656781199999,5519027.29970000,2280,2967605.00000000,2971462.88650000,0
1656781200000,1.00120000,1.00130000,1.00120000,1.00120000,3840861.00000000,1656784799999,3845598.51560000,1860,1284824.00000000,1286494.27120000,0
1656784800000,1.00120000,1.00130000,1.00120000,1.00130000,2561486.00000000,1656788399999,2564612.44120000,2094,526580.00000000,527264.55400000,0
1656788400000,1.00120000,1.00130000,1.00120000,1.00120000,3834948.00000000,1656791999999,3839744.30290000,1830,1943653.00000000,1946179.74890000,0
1656792000000,1.00120000,1.00130000,1.00120000,1.00120000,3213374.00000000,1656795599999,3217279.60890000,1214,495601.00000000,496245.28130000,0
1656795600000,1.00130000,1.00130000,1.00110000,1.00110000,8187926.00000000,1656799199999,8197713.08970000,3244,2383080.00000000,2385974.93230000,0
1656799200000,1.00120000,1.00130000,1.00110000,1.00130000,9455455.00000000,1656802799999,9466817.25300000,1473,8081630.00000000,8091376.09600000,0
1656802800000,1.00120000,1.00130000,1.00120000,1.00130000,1787358.00000000,1656806399999,1789533.95960000,1237,311300.00000000,311704.69000000,0
1656806400000,1.00120000,1.00130000,1.00120000,1.00130000,1628545.00000000,1656809999999,1630586.23930000,1339,869853.00000000,870983.80890000,0
1656810000000,1.00130000,1.00130000,1.00120000,1.00130000,1792985.00000000,1656813599999,1795227.53800000,1022,909560.00000000,910742.42800000,0
1656813600000,1.00130000,1.00130000,1.00120000,1.00120000,1817439.00000000,1656817199999,1819690.20370000,854,702769.00000000,703682.59970000,0
1656817200000,1.00130000,1.00130000,1.00110000,1.00110000,7849980.00000000,1656820799999,7859404.89750000,1004,1253154.00000000,1254710.79900000,0
1656820800000,1.00110000,1.00120000,1.00110000,1.00120000,5791794.00000000,1656824399999,5798539.41350000,2393,3744401.00000000,3748894.28120000,0
1656824400000,1.00120000,1.00120000,1.00110000,1.00120000,4529264.00000000,1656827999999,4534549.71030000,2508,3035199.00000000,3038841.23880000,0
1656828000000,1.00120000,1.00120000,1.00110000,1.00120000,4374276.00000000,1656831599999,4379405.87200000,2668,3181684.00000000,3185502.02080000,0
1656831600000,1.00120000,1.00120000,1.00110000,1.00120000,3734641.00000000,1656835199999,3738903.98210000,1890,1548770.00000000,1550628.52400000,0
1656835200000,1.00110000,1.00120000,1.00110000,1.00120000,5842559.00000000,1656838799999,5849401.06370000,1684,4152488.00000000,4157470.98560000,0
1656838800000,1.00120000,1.00120000,1.00110000,1.00120000,5754482.00000000,1656842399999,5760971.39740000,2181,1594672.00000000,1596585.60640000,0
1656842400000,1.00120000,1.00120000,1.00110000,1.00120000,2506458.00000000,1656845999999,2509302.56800000,1813,874642.00000000,875691.57040000,0
1656846000000,1.00120000,1.00120000,1.00110000,1.00120000,2140533.00000000,1656849599999,2142947.63110000,1749,600448.00000000,601168.53760000,0
1656849600000,1.00120000,1.00120000,1.00110000,1.00110000,3993201.00000000,1656853199999,3997684.61270000,2383,910916.00000000,912009.09920000,0
1656853200000,1.00110000,1.00120000,1.00110000,1.00110000,6856947.00000000,1656856799999,6864904.78370000,2936,4151420.00000000,4156401.70400000,0
1656856800000,1.00110000,1.00120000,1.00110000,1.00110000,3673407.00000000,1656860399999,3677572.74010000,2128,1249924.00000000,1251423.90880000,0
1656860400000,1.00120000,1.00120000,1.00110000,1.00120000,6758943.00000000,1656863999999,6766866.71710000,2002,4888798.00000000,4894664.55760000,0
1656864000000,1.00110000,1.00120000,1.00110000,1.00120000,5495020.00000000,1656867599999,5501219.23120000,1973,1547092.00000000,1548948.51040000,0
1656867600000,1.00110000,1.00120000,1.00110000,1.00120000,2180271.00000000,1656871199999,2182713.77420000,1805,444761.00000000,445294.71320000,0
1656871200000,1.00110000,1.00120000,1.00110000,1.00110000,3184195.00000000,1656874799999,3187768.47520000,1728,708607.00000000,709457.32840000,0
1656874800000,1.00110000,1.00120000,1.00110000,1.00110000,3117950.00000000,1656878399999,3121480.83150000,2070,1010865.00000000,1012078.03800000,0
1656878400000,1.00110000,1.00120000,1.00110000,1.00110000,3698043.00000000,1656881999999,3702332.04660000,2223,2211993.00000000,2214647.39160000,0
1656882000000,1.00120000,1.00120000,1.00110000,1.00120000,2938222.00000000,1656885599999,2941540.58390000,1331,865397.00000000,866435.47640000,0
1656885600000,1.00120000,1.00120000,1.00110000,1.00120000,2874513.00000000,1656889199999,2877766.44190000,1262,914776.00000000,915873.73120000,0
1656889200000,1.00120000,1.00120000,1.00110000,1.00120000,9534341.00000000,1656892799999,9545586.80670000,1230,7580316.00000000,7589412.37920000,0
1656892800000,1.00120000,1.00120000,1.00110000,1.00120000,2648327.00000000,1656896399999,2651323.36330000,1424,832036.00000000,833034.44320000,0
1656896400000,1.00120000,1.00120000,1.00110000,1.00120000,1534129.00000000,1656899999999,1535900.13070000,1075,835888.00000000,836891.06560000,0
1656900000000,1.00120000,1.00120000,1.00110000,1.00110000,3598227.00000000,1656903599999,3602320.30510000,1465,1352554.00000000,1354177.06480000,0
1656903600000,1.00120000,1.00120000,1.00110000,1.00120000,6800632.00000000,1656907199999,6808442.27640000,1373,3295812.00000000,3299766.97440000,0
1656907200000,1.00110000,1.00120000,1.00110000,1.00110000,3588730.00000000,1656910799999,3592855.91290000,789,1783099.00000000,1785238.71880000,0
1656910800000,1.00120000,1.00120000,1.00110000,1.00110000,2451679.00000000,1656914399999,2454437.88750000,1105,620406.00000000,621150.48720000,0
1656914400000,1.00120000,1.00120000,1.00110000,1.00120000,4642049.00000000,1656917999999,4647377.88280000,1681,2226289.00000000,2228960.54680000,0
1656918000000,1.00120000,1.00120000,1.00110000,1.00120000,10296693.00000000,1656921599999,10308690.30140000,2225,6709391.00000000,6717442.26920000,0
1656921600000,1.00110000,1.00120000,1.00110000,1.00120000,6465841.00000000,1656925199999,6473200.66920000,2182,2472441.00000000,2475407.92920000,0
1656925200000,1.00120000,1.00120000,1.00110000,1.00120000,9871646.00000000,1656928799999,9883050.94620000,2816,5461356.00000000,5467909.62720000,0
1656928800000,1.00110000,1.00120000,1.00110000,1.00110000,15710263.00000000,1656932399999,15727907.05150000,2634,3627622.00000000,3631975.14640000,0
1656932400000,1.00120000,1.00120000,1.00110000,1.00120000,9264813.00000000,1656935999999,9275368.05510000,3359,3637608.00000000,3641973.12960000,0
1656936000000,1.00110000,1.00120000,1.00110000,1.00110000,20372660.00000000,1656939599999,20395671.83980000,4495,6019138.00000000,6026360.96560000,0
1656939600000,1.00120000,1.00120000,1.00110000,1.00110000,11816187.00000000,1656943199999,11829816.41110000,3534,6316054.00000000,6323633.26480000,0
1656943200000,1.00110000,1.00120000,1.00100000,1.00110000,12340098.00000000,1656946799999,12353769.15050000,4174,2222096.00000000,2224682.38890000,0
1656946800000,1.00110000,1.00120000,1.00100000,1.00110000,25422316.00000000,1656950399999,25450438.56020000,9066,21801831.00000000,21826311.13220000,0
1656950400000,1.00120000,1.00120000,1.00110000,1.00120000,5421950.00000000,1656953999999,5428071.26490000,2680,1571199.00000000,1573084.43880000,0
1656954000000,1.00110000,1.00120000,1.00110000,1.00120000,14558284.00000000,1656957599999,14574490.54790000,3431,1924355.00000000,1926664.22600000,0
1656957600000,1.00110000,1.00120000,1.00100000,1.00100000,11488458.00000000,1656961199999,11500911.11410000,3829,9045621.00000000,9055575.06880000,0
1656961200000,1.00100000,1.00110000,1.00100000,1.00100000,7860147.00000000,1656964799999,7868633.78320000,3156,6266362.00000000,6273254.99820000,0
1656964800000,1.00110000,1.00120000,1.00100000,1.00110000,6738864.00000000,1656968399999,6746371.86000000,2444,3614433.00000000,3618519.79140000,0
1656968400000,1.00120000,1.00120000,1.00110000,1.00120000,3177679.00000000,1656971999999,3181363.35460000,2283,1889077.00000000,1891343.89240000,0
1656972000000,1.00120000,1.00120000,1.00110000,1.00120000,3211458.00000000,1656975599999,3215047.41260000,3293,568088.00000000,568769.70560000,0
1656975600000,1.00120000,1.00120000,1.00110000,1.00110000,5209984.00000000,1656979199999,5215839.75140000,3614,1247690.00000000,1249187.22800000,0
1656979200000,1.00120000,1.00120000,1.00110000,1.00120000,5113583.00000000,1656982799999,5119385.03260000,3647,1770913.00000000,1773038.09560000,0
1656982800000,1.00110000,1.00120000,1.00100000,1.00100000,8927574.00000000,1656986399999,8937537.84690000,3224,1857326.00000000,1859535.84670000,0
1656986400000,1.00110000,1.00110000,1.00100000,1.00110000,7599382.00000000,1656989999999,7607115.95460000,2539,1345726.00000000,1347206.29860000,0
1656990000000,1.00110000,1.00110000,1.00100000,1.00110000,4580588.00000000,1656993599999,4585300.06400000,2152,1314760.00000000,1316206.23600000,0
1656993600000,1.00110000,1.00110000,1.00100000,1.00100000,8709701.00000000,1656997199999,8718846.13840000,1959,4354374.00000000,4359163.81140000,0
1656997200000,1.00110000,1.00110000,1.00100000,1.00110000,7683771.00000000,1657000799999,7691822.85830000,2463,3680873.00000000,3684921.96030000,0
1657000800000,1.00100000,1.00110000,1.00100000,1.00100000,4738730.00000000,1657004399999,4743642.87110000,2283,1741411.00000000,1743326.55210000,0
1657004400000,1.00100000,1.00110000,1.00100000,1.00110000,12293251.00000000,1657007999999,12306326.50610000,2174,7822551.00000000,7831155.80610000,0
1657008000000,1.00100000,1.00110000,1.00100000,1.00110000,18214663.00000000,1657011599999,18234103.50770000,5136,12258447.00000000,12271931.29170000,0
1657011600000,1.00110000,1.00120000,1.00100000,1.00120000,16532151.00000000,1657015199999,16550589.83610000,4150,11919157.00000000,11932530.93600000,0
1657015200000,1.00110000,1.00120000,1.00110000,1.00120000,3559282.00000000,1657018799999,3563286.97500000,2083,897648.00000000,898725.17760000,0
1657018800000,1.00110000,1.00120000,1.00110000,1.00120000,4246233.00000000,1657022399999,4251067.54740000,2373,1636911.00000000,1638875.29320000,0
1657022400000,1.00120000,1.00120000,1.00110000,1.00120000,15567325.00000000,1657025999999,15585496.03020000,5325,10469727.00000000,10482290.67240000,0
1657026000000,1.00110000,1.00120000,1.00110000,1.00120000,13503073.00000000,1657029599999,13518752.74480000,5598,8263645.00000000,8273561.37400000,0
1657029600000,1.00110000,1.00130000,1.00110000,1.00110000,27406783.00000000,1657033199999,27439041.04150000,5422,8294665.00000000,8304622.54110000,0
1657033200000,1.00110000,1.00120000,1.00110000,1.00110000,10360708.00000000,1657036799999,10372689.59770000,3537,5848189.00000000,5855206.82680000,0
1657036800000,1.00120000,1.00120000,1.00110000,1.00110000,11506795.00000000,1657040399999,11520080.00250000,3637,6275280.00000000,6282810.33600000,0
1657040400000,1.00110000,1.00120000,1.00110000,1.00110000,7354952.00000000,1657043999999,7363290.94220000,4103,2484950.00000000,2487931.94000000,0
1657044000000,1.00110000,1.00120000,1.00110000,1.00120000,5987477.00000000,1657047599999,5994282.42740000,3867,2192027.00000000,2194657.43240000,0
1657047600000,1.00110000,1.00120000,1.00110000,1.00120000,7159952.00000000,1657051199999,7168127.32310000,6541,2993759.00000000,2997351.51080000,0
1657051200000,1.00110000,1.00120000,1.00100000,1.00110000,12617619.00000000,1657054799999,12631617.95250000,7145,3040807.00000000,3044396.95310000,0
1657054800000,1.00100000,1.00110000,1.00100000,1.00110000,6682254.00000000,1657058399999,6689385.95460000,4090,4497006.00000000,4501952.70660000,0
1657058400000,1.00110000,1.00110000,1.00100000,1.00110000,4847235.00000000,1657061999999,4852174.45000000,2297,922150.00000000,923164.36500000,0
1657062000000,1.00110000,1.00110000,1.00100000,1.00110000,2446631.00000000,1657065599999,2449186.70800000,2358,1090770.00000000,1091969.84700000,0
1657065600000,1.00100000,1.00110000,1.00100000,1.00110000,5932949.00000000,1657069199999,5939079.81560000,2916,1978666.00000000,1980842.53260000,0
1657069200000,1.00110000,1.00110000,1.00100000,1.00110000,7771584.00000000,1657072799999,7779496.63800000,2762,1410540.00000000,1412091.59400000,0
1657072800000,1.00100000,1.00110000,1.00100000,1.00110000,9136812.00000000,1657076399999,9146773.50480000,2472,8246928.00000000,8255999.62080000,0
1657076400000,1.00110000,1.00110000,1.00100000,1.00110000,5376858.00000000,1657079999999,5382484.26360000,2216,2494056.00000000,2496799.46160000,0
1657080000000,1.00110000,1.00110000,1.00100000,1.00110000,9235123.00000000,1657083599999,9244935.18190000,3004,5770589.00000000,5776936.64790000,0
1657083600000,1.00110000,1.00110000,1.00100000,1.00110000,6910700.00000000,1657087199999,6918020.50210000,2712,4098021.00000000,4102528.82310000,0
1657087200000,1.00100000,1.00110000,1.00100000,1.00110000,3301739.00000000,1657090799999,3305155.64730000,2300,1149083.00000000,1150346.99130000,0
1657090800000,1.00110000,1.00110000,1.00100000,1.00110000,3659528.00000000,1657094399999,3663375.35390000,2273,1878259.00000000,1880325.08490000,0
1657094400000,1.00110000,1.00110000,1.00100000,1.00100000,11502314.00000000,1657097999999,11514552.04600000,2391,7357320.00000000,7365413.05200000,0
1657098000000,1.00110000,1.00110000,1.00100000,1.00110000,4364115.00000000,1657101599999,4368661.65610000,2570,1825411.00000000,1827418.95210000,0
1657101600000,1.00110000,1.00110000,1.00100000,1.00110000,5431361.00000000,1657105199999,5437070.45560000,2778,2780946.00000000,2784005.04060000,0
1657105200000,1.00100000,1.00110000,1.00100000,1.00100000,4525349.00000000,1657108799999,4529946.81490000,3434,724659.00000000,725456.12490000,0
1657108800000,1.00110000,1.00110000,1.00100000,1.00100000,7593874.00000000,1657112399999,7601838.67120000,3811,3707972.00000000,3712050.76920000,0
1657112400000,1.00100000,1.00110000,1.00100000,1.00100000,17841064.00000000,1657115999999,17859975.41100000,4417,10703470.00000000,10715243.81700000,0
1657116000000,1.00100000,1.00110000,1.00100000,1.00110000,13474717.00000000,1657119599999,13488952.11680000,3821,7603998.00000000,7612362.39780000,0
1657119600000,1.00110000,1.00110000,1.00100000,1.00110000,7532929.00000000,1657123199999,7540870.55550000,3913,4086265.00000000,4090759.89150000,0
1657123200000,1.00110000,1.00110000,1.00100000,1.00110000,9154204.00000000,1657126799999,9163688.27370000,4288,3300697.00000000,3304327.76670000,0
1657126800000,1.00100000,1.00110000,1.00100000,1.00110000,9181579.00000000,1657130399999,9191088.81230000,3999,3282333.00000000,3285943.56630000,0
1657130400000,1.00110000,1.00110000,1.00100000,1.00100000,6099144.00000000,1657133999999,6105384.62710000,3759,1414831.00000000,1416387.31410000,0
1657134000000,1.00110000,1.00110000,1.00100000,1.00100000,3419458.00000000,1657137599999,3422970.88900000,3026,934310.00000000,935337.74100000,0
1657137600000,1.00110000,1.00110000,1.00100000,1.00110000,2147088.00000000,1657141199999,2149339.50870000,2117,1044207.00000000,1045355.62770000,0
1657141200000,1.00100000,1.00110000,1.00100000,1.00100000,3629935.00000000,1657144799999,3633793.10770000,1943,2281727.00000000,2284236.89970000,0
1657144800000,1.00110000,1.00110000,1.00100000,1.00100000,12086092.00000000,1657148399999,12099022.65460000,3038,8445626.00000000,8454916.18860000,0
1657148400000,1.00110000,1.00110000,1.00100000,1.00100000,6325582.00000000,1657151999999,6332021.80160000,2346,1142196.00000000,1143452.41560000,0
1657152000000,1.00110000,1.00110000,1.00100000,1.00110000,2407533.00000000,1657155599999,2410068.74470000,2132,1282117.00000000,1283527.32870000,0
1657155600000,1.00110000,1.00110000,1.00100000,1.00110000,2190362.00000000,1657159199999,2192600.52740000,1763,481654.00000000,482183.81940000,0
1657159200000,1.00110000,1.00110000,1.00100000,1.00100000,5205394.00000000,1657162799999,5210685.42150000,2740,860275.00000000,861221.30250000,0
1657162800000,1.00110000,1.00110000,1.00090000,1.00100000,11723574.00000000,1657166399999,11735345.35620000,2028,927974.00000000,928963.09070000,0
1657166400000,1.00100000,1.00100000,1.00090000,1.00100000,6358583.00000000,1657169999999,6364840.93230000,2580,5352076.00000000,5357428.07600000,0
1657170000000,1.00100000,1.00100000,1.00090000,1.00100000,4501743.00000000,1657173599999,4506049.58370000,2166,2550150.00000000,2552700.15000000,0
1657173600000,1.00100000,1.00100000,1.00090000,1.00090000,9346812.00000000,1657177199999,9355577.78300000,1880,3536522.00000000,3540058.52200000,0
1657177200000,1.00100000,1.00100000,1.00090000,1.00100000,5248177.00000000,1657180799999,5253216.42870000,2279,3160694.00000000,3163854.69400000,0
1657180800000,1.00090000,1.00100000,1.00090000,1.00090000,13563159.00000000,1657184399999,13575696.80720000,2397,3309641.00000000,3312950.64100000,0
1657184400000,1.00100000,1.00100000,1.00090000,1.00090000,7432878.00000000,1657187999999,7439860.99890000,2731,2934087.00000000,2937021.08700000,0
1657188000000,1.00090000,1.00100000,1.00090000,1.00100000,4960704.00000000,1657191599999,4965435.04170000,2663,2664081.00000000,2666745.08100000,0
1657191600000,1.00100000,1.00100000,1.00090000,1.00090000,4071136.00000000,1657195199999,4074859.24290000,2486,592205.00000000,592797.20500000,0
1657195200000,1.00100000,1.00100000,1.00090000,1.00100000,4566960.00000000,1657198799999,4571176.10830000,3007,1058443.00000000,1059501.44300000,0
1657198800000,1.00090000,1.00100000,1.00090000,1.00100000,5425966.00000000,1657202399999,5431080.36440000,3108,2309950.00000000,2312259.95000000,0
1657202400000,1.00100000,1.00100000,1.00090000,1.00100000,19229294.00000000,1657205999999,19247619.61970000,6524,10192551.00000000,10202743.55100000,0
1657206000000,1.00090000,1.00100000,1.00090000,1.00100000,13439277.00000000,1657209599999,13452098.75310000,3972,7264038.00000000,7271302.03800000,0
1657209600000,1.00100000,1.00100000,1.00090000,1.00090000,12790153.00000000,1657213199999,12802349.03190000,3265,6848942.00000000,6855790.94200000,0
1657213200000,1.00090000,1.00100000,1.00090000,1.00090000,3570272.00000000,1657216799999,3573654.90410000,2622,1696593.00000000,1698289.59300000,0
1657216800000,1.00090000,1.00100000,1.00080000,1.00090000,10282642.00000000,1657220399999,10292015.03640000,4232,1832014.00000000,1833813.71980000,0
1657220400000,1.00080000,1.00090000,1.00070000,1.00070000,18607284.00000000,1657223999999,18622123.54670000,8489,2365119.00000000,2367189.03310000,0
1657224000000,1.00070000,1.00080000,1.00060000,1.00070000,7242361.00000000,1657227599999,7247261.94900000,3248,2649613.00000000,2651478.57360000,0
1657227600000,1.00060000,1.00070000,1.00060000,1.00070000,5482855.00000000,1657231199999,5486222.95960000,2940,782466.00000000,783013.72620000,0
1657231200000,1.00070000,1.00070000,1.00060000,1.00070000,7725672.00000000,1657234799999,7730498.81590000,3925,1914127.00000000,1915466.88890000,0
1657234800000,1.00070000,1.00070000,1.00060000,1.00060000,4303564.00000000,1657238399999,4306320.21900000,3095,1740806.00000000,1742024.56420000,0
1657238400000,1.00070000,1.00070000,1.00050000,1.00060000,15819507.00000000,1657241999999,15828997.53000000,3848,3776842.00000000,3779160.48690000,0
1657242000000,1.00060000,1.00070000,1.00050000,1.00060000,25974676.00000000,1657245599999,25989681.07650000,4980,10444524.00000000,10450791.82220000,0
1657245600000,1.00060000,1.00060000,1.00050000,1.00060000,8991236.00000000,1657249199999,8996169.74730000,3957,4381293.00000000,4383921.77580000,0
1657249200000,1.00050000,1.00060000,1.00050000,1.00060000,11152010.00000000,1657252799999,11158298.49830000,3376,7124933.00000000,7129207.95980000,0
1657252800000,1.00050000,1.00060000,1.00050000,1.00060000,6321617.00000000,1657256399999,6325127.74330000,3466,3499348.00000000,3501447.60880000,0
1657256400000,1.00060000,1.00060000,1.00050000,1.00060000,5416042.00000000,1657259999999,5418990.13480000,3860,2401138.00000000,2402578.68280000,0
1657260000000,1.00060000,1.00070000,1.00050000,1.00070000,36474818.00000000,1657263599999,36497498.24510000,5337,20179239.00000000,20192209.98120000,0
1657263600000,1.00070000,1.00070000,1.00060000,1.00070000,4527477.00000000,1657267199999,4530424.93780000,3475,2314516.00000000,2316136.16120000,0
1657267200000,1.00070000,1.00070000,1.00060000,1.00060000,5550311.00000000,1657270799999,5553961.89220000,3870,3207056.00000000,3209300.93920000,0
1657270800000,1.00060000,1.00070000,1.00060000,1.00070000,8365422.00000000,1657274399999,8370763.61490000,4575,3223617.00000000,3225873.53190000,0
1657274400000,1.00070000,1.00070000,1.00060000,1.00070000,7027540.00000000,1657277999999,7031928.08040000,3766,1715564.00000000,1716764.89480000,0
1657278000000,1.00070000,1.00070000,1.00060000,1.00070000,8628629.00000000,1657281599999,8634069.03330000,3290,2628559.00000000,2630398.99130000,0
1657281600000,1.00070000,1.00070000,1.00060000,1.00070000,5439647.00000000,1657285199999,5443217.78050000,4419,3069923.00000000,3072071.94610000,0
1657285200000,1.00070000,1.00070000,1.00060000,1.00070000,3643826.00000000,1657288799999,3646215.12170000,4447,2028261.00000000,2029680.78270000,0
1657288800000,1.00060000,1.00080000,1.00060000,1.00080000,21917970.00000000,1657292399999,21933421.79750000,5683,18048453.00000000,18061321.21030000,0
1657292400000,1.00080000,1.00080000,1.00070000,1.00080000,13441649.00000000,1657295999999,13451967.11960000,6407,9089653.00000000,9096924.72240000,0
1657296000000,1.00070000,1.00090000,1.00070000,1.00080000,34427943.00000000,1657299599999,34455510.85170000,7779,13310777.00000000,13321636.12500000,0
1657299600000,1.00070000,1.00080000,1.00070000,1.00080000,6044502.00000000,1657303199999,6048887.88670000,3925,1547353.00000000,1548590.88240000,0
1657303200000,1.00080000,1.00080000,1.00070000,1.00080000,3517026.00000000,1657306799999,3519632.04160000,3605,1441234.00000000,1442386.98720000,0
1657306800000,1.00070000,1.00080000,1.00060000,1.00070000,21794952.00000000,1657310399999,21810104.94680000,3990,6219080.00000000,6223549.69100000,0
1657310400000,1.00070000,1.00070000,1.00060000,1.00060000,5514163.00000000,1657313999999,5517812.40150000,4212,3409037.00000000,3411423.32590000,0
1657314000000,1.00070000,1.00070000,1.00060000,1.00070000,4579384.00000000,1657317599999,4582388.65490000,3714,2570245.00000000,2572044.17150000,0
1657317600000,1.00060000,1.00070000,1.00060000,1.00070000,1757013.00000000,1657321199999,1758169.19220000,2330,1019844.00000000,1020557.89080000,0
1657321200000,1.00070000,1.00070000,1.00060000,1.00070000,2679088.00000000,1657324799999,2680820.06530000,3147,1246125.00000000,1246997.28750000,0
1657324800000,1.00070000,1.00070000,1.00060000,1.00070000,3564518.00000000,1657328399999,3566842.81100000,3567,1861002.00000000,1862304.70140000,0
1657328400000,1.00070000,1.00070000,1.00060000,1.00070000,7503423.00000000,1657331999999,7508561.21040000,3323,6361566.00000000,6366019.09620000,0
1657332000000,1.00070000,1.00080000,1.00060000,1.00080000,7383513.00000000,1657335599999,7388747.18920000,3623,5792541.00000000,5796682.76820000,0
1657335600000,1.00070000,1.00080000,1.00070000,1.00070000,9185493.00000000,1657339199999,9192127.85080000,5285,2050057.00000000,2051697.04560000,0
1657339200000,1.00070000,1.00080000,1.00060000,1.00060000,11561867.00000000,1657342799999,11569703.86600000,3213,467989.00000000,468321.45370000,0
1657342800000,1.00070000,1.00070000,1.00060000,1.00070000,1434700.00000000,1657346399999,1435635.28720000,2835,744672.00000000,745193.27040000,0
1657346400000,1.00060000,1.00070000,1.00060000,1.00070000,1961813.00000000,1657349999999,1963040.68820000,3074,506004.00000000,506358.20280000,0
1657350000000,1.00060000,1.00070000,1.00060000,1.00070000,3131758.00000000,1657353599999,3133815.46960000,2958,1784148.00000000,1785396.90360000,0
1657353600000,1.00070000,1.00070000,1.00060000,1.00070000,4406526.00000000,1657357199999,4409422.18850000,3101,2522729.00000000,2524494.91030000,0
1657357200000,1.00060000,1.00070000,1.00060000,1.00060000,13403028.00000000,1657360799999,13411429.94920000,2920,3601324.00000000,3603844.92680000,0
1657360800000,1.00060000,1.00070000,1.00050000,1.00060000,7083897.00000000,1657364399999,7088047.60720000,3336,920957.00000000,921513.24710000,0
1657364400000,1.00060000,1.00060000,1.00050000,1.00050000,4848807.00000000,1657367999999,4851471.92500000,4064,2405215.00000000,2406658.12900000,0
1657368000000,1.00050000,1.00060000,1.00050000,1.00060000,3148669.00000000,1657371599999,3150366.40560000,3981,1230711.00000000,1231449.42660000,0
1657371600000,1.00060000,1.00060000,1.00050000,1.00060000,2544204.00000000,1657375199999,2545552.51840000,3353,764164.00000000,764622.49840000,0
1657375200000,1.00060000,1.00060000,1.00050000,1.00050000,2656378.00000000,1657378799999,2657816.66270000,3499,1104737.00000000,1105399.84220000,0
1657378800000,1.00060000,1.00060000,1.00050000,1.00050000,3715849.00000000,1657382399999,3717830.03420000,2418,1231097.00000000,1231835.65820000,0
1657382400000,1.00050000,1.00060000,1.00050000,1.00060000,5898429.00000000,1657385999999,5901831.45910000,2467,4532446.00000000,4535165.46760000,0
1657386000000,1.00050000,1.00060000,1.00050000,1.00060000,2149217.00000000,1657389599999,2150379.28510000,2954,876766.00000000,877292.05960000,0
1657389600000,1.00060000,1.00060000,1.00050000,1.00050000,5255458.00000000,1657393199999,5258273.67520000,2753,1879462.00000000,1880589.67720000,0
1657393200000,1.00060000,1.00060000,1.00050000,1.00060000,2858716.00000000,1657396799999,2860213.71050000,3034,683525.00000000,683935.11500000,0
1657396800000,1.00050000,1.00060000,1.00050000,1.00060000,2379081.00000000,1657400399999,2380364.27580000,2573,937353.00000000,937915.41180000,0
1657400400000,1.00060000,1.00060000,1.00050000,1.00060000,1241480.00000000,1657403999999,1242130.56740000,2251,298274.00000000,298452.96440000,0
1657404000000,1.00060000,1.00060000,1.00050000,1.00060000,6335504.00000000,1657407599999,6338751.58990000,2036,798379.00000000,798858.02740000,0
1657407600000,1.00060000,1.00060000,1.00050000,1.00060000,2020320.00000000,1657411199999,2021371.01270000,1956,408527.00000000,408772.11620000,0
1657411200000,1.00050000,1.00060000,1.00050000,1.00060000,2246755.00000000,1657414799999,2247987.53410000,2588,1091566.00000000,1092220.93960000,0
1657414800000,1.00060000,1.00060000,1.00050000,1.00060000,1974685.00000000,1657418399999,1975792.51390000,2700,1201714.00000000,1202435.02840000,0
1657418400000,1.00060000,1.00060000,1.00050000,1.00060000,3171024.00000000,1657421999999,3172745.51290000,2801,1360009.00000000,1360825.00540000,0
1657422000000,1.00060000,1.00060000,1.00050000,1.00060000,3490165.00000000,1657425599999,3492120.24170000,2161,2101592.00000000,2102852.95520000,0
1657425600000,1.00060000,1.00060000,1.00050000,1.00060000,5274792.00000000,1657429199999,5277783.95720000,2357,3545612.00000000,3547739.36720000,0
1657429200000,1.00060000,1.00060000,1.00050000,1.00060000,1654768.00000000,1657432799999,1655706.20220000,1623,1108182.00000000,1108846.90920000,0
1657432800000,1.00050000,1.00060000,1.00050000,1.00060000,5913757.00000000,1657436399999,5916958.73570000,2057,2448572.00000000,2450041.14320000,0
1657436400000,1.00060000,1.00060000,1.00050000,1.00050000,2200974.00000000,1657439999999,2202116.79240000,1899,423054.00000000,423307.83240000,0
1657440000000,1.00050000,1.00060000,1.00050000,1.00050000,5158929.00000000,1657443599999,5161560.61250000,2416,521480.00000000,521792.88800000,0
1657443600000,1.00050000,1.00060000,1.00050000,1.00060000,3856174.00000000,1657447199999,3858222.18250000,3109,1200955.00000000,1201675.57300000,0
1657447200000,1.00050000,1.00060000,1.00050000,1.00060000,2546489.00000000,1657450799999,2547818.79700000,3830,565525.00000000,565864.31500000,0
1657450800000,1.00060000,1.00060000,1.00050000,1.00050000,2802305.00000000,1657454399999,2803844.35160000,3064,1381991.00000000,1382820.19460000,0
1657454400000,1.00050000,1.00060000,1.00050000,1.00060000,8837801.00000000,1657457999999,8842977.47580000,3069,7575753.00000000,7580298.45180000,0
1657458000000,1.00050000,1.00060000,1.00050000,1.00060000,3877859.00000000,1657461599999,3880050.29040000,4559,2523609.00000000,2525123.16540000,0
1657461600000,1.00060000,1.00070000,1.00050000,1.00070000,16238922.00000000,1657465199999,16248640.03760000,5281,10622563.00000000,10628995.23230000,0
1657465200000,1.00070000,1.00070000,1.00060000,1.00070000,2735118.00000000,1657468799999,2736880.89460000,2967,1218238.00000000,1219090.76660000,0
1657468800000,1.00070000,1.00070000,1.00060000,1.00060000,3275637.00000000,1657472399999,3277792.98710000,2861,1906049.00000000,1907383.23430000,0
1657472400000,1.00060000,1.00070000,1.00050000,1.00060000,10345106.00000000,1657475999999,10351022.42180000,2447,611944.00000000,612321.95030000,0
1657476000000,1.00060000,1.00060000,1.00050000,1.00060000,2523136.00000000,1657479599999,2524536.14280000,2925,1385748.00000000,1386579.44880000,0
1657479600000,1.00060000,1.00060000,1.00050000,1.00060000,4259164.00000000,1657483199999,4261460.10720000,2680,1665252.00000000,1666251.15120000,0
1657483200000,1.00060000,1.00060000,1.00050000,1.00050000,10855474.00000000,1657486799999,10861915.10510000,2791,10133681.00000000,10139761.20860000,0
1657486800000,1.00060000,1.00070000,1.00050000,1.00070000,5591906.00000000,1657490399999,5595299.74620000,3093,3192102.00000000,3194056.78970000,0
1657490400000,1.00060000,1.00070000,1.00060000,1.00070000,5334604.00000000,1657493999999,5337975.67480000,2437,1709124.00000000,1710320.38680000,0
1657494000000,1.00070000,1.00070000,1.00060000,1.00070000,2665367.00000000,1657497599999,2667021.32900000,1575,551088.00000000,551473.76160000,0
1657497600000,1.00070000,1.00070000,1.00060000,1.00070000,1323387.00000000,1657501199999,1324217.68820000,1773,366560.00000000,366816.59200000,0
1657501200000,1.00060000,1.00070000,1.00060000,1.00060000,2608197.00000000,1657504799999,2609836.88890000,2164,749707.00000000,750231.79490000,0
1657504800000,1.00070000,1.00070000,1.00060000,1.00070000,2742640.00000000,1657508399999,2744455.80960000,1915,1702256.00000000,1703447.57920000,0
1657508400000,1.00070000,1.00070000,1.00060000,1.00070000,9118702.00000000,1657511999999,9124552.87760000,2135,3796564.00000000,3799221.59480000,0
1657512000000,1.00070000,1.00070000,1.00060000,1.00070000,2201630.00000000,1657515599999,2203072.00990000,2046,1210319.00000000,1211166.22330000,0
1657515600000,1.00070000,1.00070000,1.00060000,1.00070000,5572731.00000000,1657519199999,5576160.15710000,1635,855185.00000000,855783.62950000,0
1657519200000,1.00060000,1.00070000,1.00060000,1.00070000,4115689.00000000,1657522799999,4118387.67850000,2506,2292651.00000000,2294255.85570000,0
1657522800000,1.00070000,1.00070000,1.00060000,1.00070000,19666032.00000000,1657526399999,19679146.77490000,3073,13151557.00000000,13160763.08990000,0
1657526400000,1.00060000,1.00080000,1.00060000,1.00080000,20737790.00000000,1657529999999,20752933.82020000,2094,12240505.00000000,12249707.59390000,0
1657530000000,1.00070000,1.00080000,1.00070000,1.00070000,7629560.00000000,1657533599999,7635088.46240000,1923,1877704.00000000,1879206.16320000,0
1657533600000,1.00080000,1.00080000,1.00070000,1.00080000,2820215.00000000,1657537199999,2822376.60410000,1913,1874536.00000000,1876035.62880000,0
1657537200000,1.00080000,1.00080000,1.00070000,1.00080000,3921343.00000000,1657540799999,3924320.91370000,1821,2329736.00000000,2331599.78880000,0
1657540800000,1.00070000,1.00080000,1.00070000,1.00080000,2961356.00000000,1657544399999,2963500.43940000,1974,714902.00000000,715473.92160000,0
1657544400000,1.00070000,1.00080000,1.00070000,1.00080000,4024815.00000000,1657547999999,4027787.14400000,2766,1547735.00000000,1548973.18800000,0
1657548000000,1.00070000,1.00090000,1.00070000,1.00080000,23563724.00000000,1657551599999,23582517.18240000,2958,22071964.00000000,22089666.40720000,0
1657551600000,1.00080000,1.00090000,1.00080000,1.00080000,5632481.00000000,1657555199999,5637356.06880000,2136,3690840.00000000,3694161.75600000,0
1657555200000,1.00080000,1.00090000,1.00080000,1.00090000,2429224.00000000,1657558799999,2431222.62220000,2377,552430.00000000,552927.18700000,0
1657558800000,1.00090000,1.00110000,1.00080000,1.00090000,36723446.00000000,1657562399999,36757925.27510000,4701,20066139.00000000,20084817.54520000,0
1657562400000,1.00100000,1.00110000,1.00080000,1.00100000,156769930.00000000,1657565999999,156917264.20190000,5975,83631038.00000000,83707871.62340000,0
1657566000000,1.00100000,1.00100000,1.00090000,1.00090000,3258488.00000000,1657569599999,3261596.11230000,3534,1754731.00000000,1756485.73100000,0
1657569600000,1.00100000,1.00100000,1.00090000,1.00100000,7752174.00000000,1657573199999,7759648.58680000,3037,4976302.00000000,4981278.30200000,0
1657573200000,1.00090000,1.00100000,1.00090000,1.00090000,2234033.00000000,1657576799999,2236141.11620000,3308,974865.00000000,975839.86500000,0
1657576800000,1.00100000,1.00100000,1.00080000,1.00080000,12418213.00000000,1657580399999,12429346.12750000,6388,1984199.00000000,1986052.77650000,0
1657580400000,1.00080000,1.00090000,1.00080000,1.00080000,4725987.00000000,1657583999999,4729916.44310000,4129,1486535.00000000,1487872.88150000,0
1657584000000,1.00090000,1.00090000,1.00080000,1.00080000,5113311.00000000,1657587599999,5117654.86860000,3311,2532198.00000000,2534476.97820000,0
1657587600000,1.00080000,1.00090000,1.00080000,1.00090000,6022716.00000000,1657591199999,6028019.88180000,3189,4857090.00000000,4861461.38100000,0
1657591200000,1.00090000,1.00090000,1.00080000,1.00090000,14640319.00000000,1657594799999,14653183.67740000,2741,11524222.00000000,11534593.79980000,0
1657594800000,1.00090000,1.00100000,1.00080000,1.00100000,6667350.00000000,1657598399999,6673429.03080000,2602,5385414.00000000,5390340.22670000,0
1657598400000,1.00100000,1.00100000,1.00090000,1.00100000,6670970.00000000,1657601999999,6677122.02010000,2332,1481471.00000000,1482952.47100000,0
1657602000000,1.00100000,1.00100000,1.00090000,1.00100000,2342048.00000000,1657605599999,2344250.11020000,2137,942670.00000000,943612.67000000,0
1657605600000,1.00090000,1.00100000,1.00090000,1.00090000,5789430.00000000,1657609199999,5794734.32940000,3356,938424.00000000,939362.42400000,0
1657609200000,1.00100000,1.00110000,1.00090000,1.00100000,34302847.00000000,1657612799999,34337025.47620000,5498,20988799.00000000,21009867.51710000,0
1657612800000,1.00100000,1.00100000,1.00090000,1.00100000,3506720.00000000,1657616399999,3510016.54660000,4148,1404986.00000000,1406390.98600000,0
1657616400000,1.00100000,1.00100000,1.00090000,1.00100000,7094969.00000000,1657619999999,7101622.28850000,4515,2678164.00000000,2680842.16400000,0
1657620000000,1.00090000,1.00100000,1.00090000,1.00100000,5030608.00000000,1657623599999,5035486.33600000,3385,3507888.00000000,3511395.88800000,0
1657623600000,1.00100000,1.00100000,1.00090000,1.00100000,4527559.00000000,1657627199999,4531734.35690000,3401,1005538.00000000,1006543.53800000,0
1657627200000,1.00100000,1.00100000,1.00090000,1.00100000,8662391.00000000,1657630799999,8670547.01150000,3549,3598596.00000000,3602194.59600000,0
1657630800000,1.00100000,1.00110000,1.00090000,1.00110000,16453234.00000000,1657634399999,16469749.86090000,4674,12238319.00000000,12250720.72580000,0
1657634400000,1.00100000,1.00110000,1.00100000,1.00110000,7542372.00000000,1657637999999,7550331.03750000,4361,4166655.00000000,4171238.32050000,0
1657638000000,1.00100000,1.00110000,1.00100000,1.00110000,5742825.00000000,1657641599999,5748695.51310000,5145,1276881.00000000,1278285.56910000,0
1657641600000,1.00110000,1.00110000,1.00100000,1.00100000,6914409.00000000,1657645199999,6921857.42430000,3585,5340153.00000000,5346027.16830000,0
1657645200000,1.00110000,1.00110000,1.00100000,1.00110000,12286266.00000000,1657648799999,12299530.94720000,2982,9786812.00000000,9797577.49320000,0
1657648800000,1.00110000,1.00110000,1.00100000,1.00110000,3465446.00000000,1657652399999,3469082.11760000,3159,1706716.00000000,1708593.38760000,0
1657652400000,1.00100000,1.00110000,1.00100000,1.00100000,10339303.00000000,1657655999999,10349857.86270000,4904,2155597.00000000,2157968.15670000,0
1657656000000,1.00110000,1.00110000,1.00100000,1.00100000,7456581.00000000,1657659599999,7464168.42370000,3483,1308427.00000000,1309866.26970000,0
1657659600000,1.00100000,1.00110000,1.00100000,1.00100000,2833913.00000000,1657663199999,2836816.96230000,3392,700493.00000000,701263.54230000,0
1657663200000,1.00100000,1.00110000,1.00100000,1.00100000,4941810.00000000,1657666799999,4946909.44030000,3570,1576303.00000000,1578036.93330000,0
1657666800000,1.00110000,1.00110000,1.00090000,1.00100000,5412463.00000000,1657670399999,5417694.05880000,2903,601819.00000000,602427.69900000,0
1657670400000,1.00100000,1.00100000,1.00090000,1.00100000,4514742.00000000,1657673999999,4518989.73470000,3207,1844669.00000000,1846513.66900000,0
1657674000000,1.00100000,1.00100000,1.00090000,1.00100000,1316282.00000000,1657677599999,1317546.50800000,2360,798542.00000000,799340.54200000,0
1657677600000,1.00100000,1.00100000,1.00090000,1.00100000,2782736.00000000,1657681199999,2785393.08240000,2144,1526200.00000000,1527726.20000000,0
1657681200000,1.00100000,1.00100000,1.00090000,1.00100000,1003616.00000000,1657684799999,1004565.98720000,1971,467328.00000000,467795.32800000,0
1657684800000,1.00090000,1.00100000,1.00090000,1.00100000,1905442.00000000,1657688399999,1907256.82870000,2038,999309.00000000,1000308.30900000,0
1657688400000,1.00090000,1.00100000,1.00090000,1.00090000,2667877.00000000,1657691999999,2670348.12880000,2393,700395.00000000,701095.39500000,0
1657692000000,1.00090000,1.00100000,1.00090000,1.00100000,1462496.00000000,1657695599999,1463870.77400000,2348,585276.00000000,585861.27600000,0
1657695600000,1.00100000,1.00100000,1.00090000,1.00100000,2960186.00000000,1657699199999,2962983.28190000,3066,1331145.00000000,1332476.14500000,0
1657699200000,1.00100000,1.00100000,1.00090000,1.00100000,10108700.00000000,1657702799999,10118421.78650000,2958,6239565.00000000,6245804.56500000,0
1657702800000,1.00100000,1.00110000,1.00090000,1.00100000,23944925.00000000,1657706399999,23968957.93040000,4019,17889436.00000000,17907468.56710000,0
1657706400000,1.00110000,1.00110000,1.00100000,1.00110000,4086586.00000000,1657709999999,4090779.13000000,2837,1065440.00000000,1066611.98400000,0
1657710000000,1.00100000,1.00110000,1.00090000,1.00100000,13181784.00000000,1657713599999,13194648.41660000,3044,4992335.00000000,4997327.66210000,0
1657713600000,1.00090000,1.00100000,1.00080000,1.00090000,33547895.00000000,1657717199999,33578439.09040000,7982,5196655.00000000,5201702.18490000,0
1657717200000,1.00090000,1.00090000,1.00080000,1.00090000,15868013.00000000,1657720799999,15881972.80960000,6231,12653992.00000000,12665380.59280000,0
1657720800000,1.00090000,1.00090000,1.00080000,1.00090000,15758572.00000000,1657724399999,15772507.00370000,4044,13281461.00000000,13293414.31490000,0
1657724400000,1.00090000,1.00100000,1.00080000,1.00090000,10217775.00000000,1657727999999,10226838.74940000,3228,5490963.00000000,5495971.02430000,0
1657728000000,1.00090000,1.00100000,1.00090000,1.00090000,10102536.00000000,1657731599999,10112003.09210000,4589,3748097.00000000,3751845.09700000,0
1657731600000,1.00090000,1.00100000,1.00080000,1.00090000,11766757.00000000,1657735199999,11777324.35400000,4437,2086672.00000000,2088684.02190000,0
1657735200000,1.00080000,1.00090000,1.00080000,1.00080000,3738115.00000000,1657738799999,3741223.77250000,3265,1182805.00000000,1183869.52450000,0
1657738800000,1.00090000,1.00090000,1.00080000,1.00090000,4494195.00000000,1657742399999,4498122.94820000,4105,3325922.00000000,3328915.32980000,0
1657742400000,1.00090000,1.00090000,1.00080000,1.00090000,12001430.00000000,1657745999999,12012138.47850000,3585,11073345.00000000,11083311.01050000,0
1657746000000,1.00090000,1.00090000,1.00080000,1.00090000,2184476.00000000,1657749599999,2186299.09420000,3716,755134.00000000,755813.62060000,0
1657749600000,1.00090000,1.00090000,1.00080000,1.00090000,4053663.00000000,1657753199999,4057102.59100000,3257,1966606.00000000,1968375.94540000,0
1657753200000,1.00090000,1.00090000,1.00080000,1.00080000,6740546.00000000,1657756799999,6746101.54770000,5568,1631109.00000000,1632576.99810000,0
1657756800000,1.00080000,1.00090000,1.00080000,1.00080000,7551388.00000000,1657760399999,7557519.42850000,5588,903181.00000000,903993.86290000,0
1657760400000,1.00090000,1.00090000,1.00080000,1.00090000,9447311.00000000,1657763999999,9455324.57800000,4396,4557292.00000000,4561393.56280000,0
1657764000000,1.00080000,1.00090000,1.00070000,1.00080000,31343962.00000000,1657767599999,31369171.08140000,5647,14944427.00000000,14956585.74540000,0
1657767600000,1.00080000,1.00080000,1.00070000,1.00080000,2477899.00000000,1657771199999,2479756.81400000,2579,1232847.00000000,1233833.27760000,0
1657771200000,1.00080000,1.00080000,1.00070000,1.00070000,3458466.00000000,1657774799999,3460933.86130000,2428,469351.00000000,469726.48080000,0
1657774800000,1.00070000,1.00080000,1.00070000,1.00080000,2139699.00000000,1657778399999,2141296.40650000,2208,996172.00000000,996968.93760000,0
1657778400000,1.00080000,1.00080000,1.00070000,1.00080000,2318347.00000000,1657781999999,2320050.24270000,2473,803998.00000000,804641.19840000,0
1657782000000,1.00080000,1.00080000,1.00070000,1.00080000,9804206.00000000,1657785599999,9811884.23560000,2418,8152914.00000000,8159436.33120000,0
1657785600000,1.00070000,1.00080000,1.00070000,1.00070000,3316105.00000000,1657789199999,3318553.40340000,3092,1271299.00000000,1272316.03920000,0
1657789200000,1.00070000,1.00080000,1.00070000,1.00080000,6902616.00000000,1657792799999,6907847.60780000,3033,3997766.00000000,4000964.21280000,0
1657792800000,1.00080000,1.00080000,1.00070000,1.00080000,13597545.00000000,1657796399999,13607935.12700000,3551,8718455.00000000,8725429.76400000,0
1657796400000,1.00070000,1.00080000,1.00070000,1.00080000,8555761.00000000,1657799999999,8561901.63550000,3855,1516028.00000000,1517240.82240000,0
1657800000000,1.00070000,1.00080000,1.00070000,1.00070000,7779243.00000000,1657803599999,7784782.17340000,3403,937033.00000000,937782.62640000,0
1657803600000,1.00080000,1.00080000,1.00070000,1.00080000,4708421.00000000,1657807199999,4711830.82410000,3637,1139294.00000000,1140205.43520000,0
1657807200000,1.00070000,1.00080000,1.00070000,1.00070000,7024209.00000000,1657810799999,7029507.49760000,3567,3815513.00000000,3818565.41040000,0
1657810800000,1.00070000,1.00080000,1.00070000,1.00070000,8819297.00000000,1657814399999,8825836.76400000,5777,3662561.00000000,3665491.04880000,0
1657814400000,1.00070000,1.00080000,1.00060000,1.00070000,16969848.00000000,1657817999999,16981848.61560000,5617,8895459.00000000,8901857.18860000,0
1657818000000,1.00070000,1.00080000,1.00060000,1.00070000,25611770.00000000,1657821599999,25630065.72560000,6295,23859307.00000000,23876501.99240000,0
1657821600000,1.00070000,1.00080000,1.00060000,1.00070000,23298261.00000000,1657825199999,23314794.72850000,4932,4364165.00000000,4367620.49050000,0
1657825200000,1.00060000,1.00070000,1.00060000,1.00060000,17757934.00000000,1657828799999,17769563.39160000,5278,9746312.00000000,9753134.41840000,0
1657828800000,1.00060000,1.00070000,1.00060000,1.00070000,9154617.00000000,1657832399999,9160903.36750000,1932,7935973.00000000,7941528.18110000,0
1657832400000,1.00060000,1.00070000,1.00060000,1.00070000,2589345.00000000,1657835999999,2591016.37100000,1664,1177640.00000000,1178464.34800000,0
1657836000000,1.00060000,1.00080000,1.00060000,1.00070000,7861213.00000000,1657839599999,7866803.47070000,1807,6530603.00000000,6535375.47230000,0
1657839600000,1.00070000,1.00080000,1.00070000,1.00080000,5338991.00000000,1657843199999,5342873.53860000,1620,1452449.00000000,1453610.95920000,0
1657843200000,1.00080000,1.00080000,1.00070000,1.00070000,9845418.00000000,1657846799999,9852385.83790000,2501,760453.00000000,761061.36240000,0
1657846800000,1.00080000,1.00080000,1.00060000,1.00070000,7277639.00000000,1657850399999,7282899.55750000,2286,1689592.00000000,1690941.62060000,0
1657850400000,1.00070000,1.00070000,1.00050000,1.00070000,33119954.00000000,1657853999999,33139948.41260000,3800,20058815.00000000,20071039.29160000,0
1657854000000,1.00070000,1.00070000,1.00060000,1.00060000,4600117.00000000,1657857599999,4602986.01260000,1260,1089424.00000000,1090186.59680000,0
1657857600000,1.00070000,1.00070000,1.00040000,1.00050000,38397855.00000000,1657861199999,38418930.80940000,2418,16386659.00000000,16395067.51600000,0
1657861200000,1.00050000,1.00060000,1.00050000,1.00060000,8482743.00000000,1657864799999,8487143.87150000,1640,1595000.00000000,1595957.00000000,0
1657864800000,1.00060000,1.00060000,1.00050000,1.00060000,2780388.00000000,1657868399999,2781949.04770000,1389,1708537.00000000,1709562.12220000,0
1657868400000,1.00050000,1.00060000,1.00040000,1.00050000,20332096.00000000,1657871999999,20342352.71630000,2451,5109341.00000000,5112010.30080000,0
1657872000000,1.00050000,1.00060000,1.00040000,1.00050000,27449288.00000000,1657875599999,27463047.31830000,4126,21683391.00000000,21694332.62880000,0
1657875600000,1.00050000,1.00060000,1.00050000,1.00050000,4919751.00000000,1657879199999,4922394.36160000,2469,1834861.00000000,1835961.91660000,0
1657879200000,1.00060000,1.00060000,1.00050000,1.00060000,2949069.00000000,1657882799999,2950686.70860000,1577,1431741.00000000,1432600.04460000,0
1657882800000,1.00050000,1.00060000,1.00050000,1.00050000,6231684.00000000,1657886399999,6234953.29060000,2473,1534486.00000000,1535406.69160000,0
1657886400000,1.00050000,1.00060000,1.00040000,1.00040000,12097599.00000000,1657889999999,12103845.07350000,3644,3477655.00000000,3479665.21690000,0
1657890000000,1.00050000,1.00060000,1.00040000,1.00050000,37685339.00000000,1657893599999,37703421.03530000,3279,16711369.00000000,16719954.60370000,0
1657893600000,1.00060000,1.00060000,1.00040000,1.00040000,11201794.00000000,1657897199999,11207143.38380000,2520,4659042.00000000,4661398.73590000,0
1657897200000,1.00040000,1.00050000,1.00040000,1.00050000,5886057.00000000,1657900799999,5888577.55690000,1833,1661341.00000000,1662171.67050000,0
1657900800000,1.00050000,1.00050000,1.00040000,1.00050000,8150188.00000000,1657904399999,8154002.52860000,4009,5544534.00000000,5547306.26700000,0
1657904400000,1.00050000,1.00050000,1.00040000,1.00050000,3978535.00000000,1657907999999,3980282.43900000,2257,1560250.00000000,1561030.12500000,0
1657908000000,1.00050000,1.00050000,1.00040000,1.00040000,4643342.00000000,1657911599999,4645373.52670000,2799,1741899.00000000,1742769.94950000,0
1657911600000,1.00040000,1.00050000,1.00040000,1.00040000,7157053.00000000,1657915199999,7160121.21810000,3421,2053969.00000000,2054995.98450000,0
1657915200000,1.00050000,1.00050000,1.00040000,1.00040000,3931507.00000000,1657918799999,3933186.62680000,3439,1070240.00000000,1070775.12000000,0
1657918800000,1.00040000,1.00050000,1.00030000,1.00030000,11955738.00000000,1657922399999,11960577.79670000,3035,1128559.00000000,1129068.28260000,0
1657922400000,1.00040000,1.00040000,1.00030000,1.00040000,2542797.00000000,1657925999999,2543728.97130000,1499,1691322.00000000,1691998.52880000,0
1657926000000,1.00030000,1.00040000,1.00030000,1.00030000,2451201.00000000,1657929599999,2452051.30230000,1725,1149420.00000000,1149879.76800000,0
1657929600000,1.00030000,1.00040000,1.00020000,1.00030000,26132872.00000000,1657933199999,26140719.45880000,2006,16125860.00000000,16130721.36390000,0
1657933200000,1.00040000,1.00040000,1.00030000,1.00040000,3329396.00000000,1657936799999,3330589.71890000,1553,1949001.00000000,1949780.60040000,0
1657936800000,1.00030000,1.00040000,1.00030000,1.00030000,5784187.00000000,1657940399999,5786153.35040000,1401,2310943.00000000,2311867.37720000,0
1657940400000,1.00030000,1.00040000,1.00030000,1.00030000,2485578.00000000,1657943999999,2486346.01030000,1751,223369.00000000,223458.34760000,0
1657944000000,1.00040000,1.00040000,1.00030000,1.00040000,4102195.00000000,1657947599999,4103778.49430000,1108,3528358.00000000,3529769.34320000,0
1657947600000,1.00030000,1.00040000,1.00030000,1.00030000,2971554.00000000,1657951199999,2972530.36890000,1769,849027.00000000,849366.61080000,0
1657951200000,1.00040000,1.00040000,1.00010000,1.00020000,46054775.00000000,1657954799999,46067548.71700000,3664,25420163.00000000,25427018.03020000,0
1657954800000,1.00030000,1.00030000,1.00020000,1.00030000,2246644.00000000,1657958399999,2247223.70140000,1538,1303726.00000000,1304117.11780000,0
1657958400000,1.00030000,1.00030000,1.00020000,1.00030000,5469406.00000000,1657961999999,5470742.77490000,1541,2428937.00000000,2429665.68110000,0
1657962000000,1.00030000,1.00030000,1.00020000,1.00030000,1369600.00000000,1657965599999,1369920.73080000,1347,468108.00000000,468248.43240000,0
1657965600000,1.00030000,1.00030000,1.00020000,1.00030000,2926521.00000000,1657969199999,2927295.44250000,1199,1891383.00000000,1891950.41490000,0
1657969200000,1.00020000,1.00030000,1.00020000,1.00030000,1415209.00000000,1657972799999,1415546.56870000,1266,545269.00000000,545432.58070000,0
1657972800000,1.00030000,1.00030000,1.00020000,1.00020000,2739744.00000000,1657976399999,2740407.83210000,1739,1158833.00000000,1159180.64990000,0
1657976400000,1.00020000,1.00030000,1.00020000,1.00020000,4540557.00000000,1657979999999,4541544.70490000,2259,795935.00000000,796173.78050000,0
1657980000000,1.00030000,1.00030000,1.00020000,1.00020000,3197502.00000000,1657983599999,3198335.37520000,1901,1938748.00000000,1939329.62440000,0
1657983600000,1.00020000,1.00030000,1.00020000,1.00020000,4228002.00000000,1657987199999,4229001.24610000,2554,1536457.00000000,1536917.93710000,0
1657987200000,1.00030000,1.00030000,1.00020000,1.00020000,18569616.00000000,1657990799999,18574317.04840000,5994,9871252.00000000,9874213.37560000,0
1657990800000,1.00020000,1.00030000,1.00020000,1.00030000,9086985.00000000,1657994399999,9089226.39700000,3861,4240000.00000000,4241272.00000000,0
1657994400000,1.00020000,1.00030000,1.00020000,1.00020000,3937910.00000000,1657997999999,3938803.63940000,2611,1060574.00000000,1060892.17220000,0
1657998000000,1.00030000,1.00030000,1.00020000,1.00030000,3418577.00000000,1658001599999,3419470.90670000,2912,2101913.00000000,2102543.57390000,0
1658001600000,1.00030000,1.00030000,1.00020000,1.00030000,3149466.00000000,1658005199999,3150209.92470000,2356,1140315.00000000,1140657.09450000,0
1658005200000,1.00030000,1.00030000,1.00020000,1.00020000,4356024.00000000,1658008799999,4357042.31960000,2557,1471148.00000000,1471589.34440000,0
1658008800000,1.00020000,1.00030000,1.00000000,1.00020000,35392238.00000000,1658012399999,35397273.06670000,2681,14883310.00000000,14885468.64960000,0
1658012400000,1.00020000,1.00040000,1.00010000,1.00020000,69981088.00000000,1658015999999,69999391.41030000,3849,32415059.00000000,32422392.05470000,0
1658016000000,1.00020000,1.00040000,1.00000000,1.00030000,46519070.00000000,1658019599999,46529516.31910000,2319,25326754.00000000,25331716.02690000,0
1658019600000,1.00020000,1.00030000,1.00020000,1.00020000,2785624.00000000,1658023199999,2786283.67050000,1479,1025457.00000000,1025764.63710000,0
1658023200000,1.00020000,1.00030000,1.00020000,1.00030000,1774035.00000000,1658026799999,1774509.38730000,984,1195803.00000000,1196161.74090000,0
1658026800000,1.00020000,1.00030000,1.00020000,1.00030000,3879829.00000000,1658030399999,3880804.10360000,1318,1991378.00000000,1991975.41340000,0
1658030400000,1.00020000,1.00030000,1.00020000,1.00030000,2108389.00000000,1658033999999,2108856.37050000,1198,456927.00000000,457064.07810000,0
1658034000000,1.00030000,1.00030000,1.00020000,1.00020000,2144609.00000000,1658037599999,2145078.73650000,1207,408147.00000000,408269.44410000,0
1658037600000,1.00020000,1.00030000,1.00010000,1.00020000,22870238.00000000,1658041199999,22874882.40220000,2695,11553819.00000000,11556217.45270000,0
1658041200000,1.00020000,1.00040000,1.00010000,1.00010000,48606037.00000000,1658044799999,48618240.79930000,3453,24899946.00000000,24905883.77790000,0
1658044800000,1.00010000,1.00050000,1.00010000,1.00030000,36553962.00000000,1658048399999,36566635.76410000,2785,11169342.00000000,11172408.21230000,0
1658048400000,1.00030000,1.00030000,1.00020000,1.00020000,3445275.00000000,1658051999999,3446160.60980000,1791,1965548.00000000,1966137.66440000,0
1658052000000,1.00020000,1.00030000,1.00020000,1.00020000,3797657.00000000,1658055599999,3798520.25900000,1836,1037276.00000000,1037587.18280000,0
1658055600000,1.00030000,1.00050000,1.00020000,1.00030000,103428597.00000000,1658059199999,103465997.34280000,3142,52323656.00000000,52341341.53270000,0
1658059200000,1.00030000,1.00050000,1.00020000,1.00020000,149056039.00000000,1658062799999,149107176.35440000,3189,76031084.00000000,76055513.60790000,0
1658062800000,1.00020000,1.00050000,1.00020000,1.00040000,56212571.00000000,1658066399999,56232411.78460000,4688,24875535.00000000,24884244.96870000,0
1658066400000,1.00040000,1.00050000,1.00030000,1.00030000,28306606.00000000,1658069999999,28318792.44140000,2508,11586117.00000000,11590895.57890000,0
1658070000000,1.00030000,1.00040000,1.00030000,1.00030000,2216386.00000000,1658073599999,2217090.63440000,1935,397186.00000000,397344.87440000,0
1658073600000,1.00030000,1.00040000,1.00030000,1.00030000,3750089.00000000,1658077199999,3751333.74500000,2003,1197183.00000000,1197661.87320000,0
1658077200000,1.00040000,1.00050000,1.00020000,1.00030000,58372389.00000000,1658080799999,58390593.04750000,3421,29909394.00000000,29918463.47970000,0
1658080800000,1.00030000,1.00040000,1.00030000,1.00030000,3013924.00000000,1658084399999,3014905.13330000,1846,769561.00000000,769868.82440000,0
1658084400000,1.00030000,1.00040000,1.00030000,1.00030000,2996354.00000000,1658087999999,2997399.84510000,1780,1469389.00000000,1469976.75560000,0
1658088000000,1.00030000,1.00040000,1.00030000,1.00030000,3067737.00000000,1658091599999,3068786.85690000,1443,1295358.00000000,1295876.14320000,0
1658091600000,1.00040000,1.00040000,1.00030000,1.00030000,2179481.00000000,1658095199999,2180180.62830000,1943,457840.00000000,458023.13600000,0
1658095200000,1.00030000,1.00040000,1.00030000,1.00030000,3704909.00000000,1658098799999,3706051.70230000,1565,312296.00000000,312420.91840000,0
1658098800000,1.00040000,1.00040000,1.00030000,1.00040000,1699201.00000000,1658102399999,1699776.36270000,1350,656024.00000000,656286.40960000,0
1658102400000,1.00030000,1.00040000,1.00030000,1.00030000,935697.00000000,1658105999999,936001.17430000,1189,234652.00000000,234745.86080000,0
1658106000000,1.00040000,1.00040000,1.00030000,1.00040000,2612418.00000000,1658109599999,2613267.15990000,1382,654345.00000000,654606.73800000,0
1658109600000,1.00030000,1.00040000,1.00020000,1.00020000,15368360.00000000,1658113199999,15372881.97190000,2976,2628719.00000000,2629618.15160000,0
1658113200000,1.00030000,1.00030000,1.00020000,1.00020000,2069842.00000000,1658116799999,2070341.31950000,1413,853511.00000000,853767.05330000,0
1658116800000,1.00020000,1.00030000,1.00010000,1.00030000,15733476.00000000,1658120399999,15736717.24530000,1581,8260337.00000000,8262103.36740000,0
1658120400000,1.00030000,1.00030000,1.00020000,1.00030000,12063415.00000000,1658123999999,12066367.53890000,3332,5398559.00000000,5400178.56770000,0
1658124000000,1.00020000,1.00030000,1.00010000,1.00020000,11737870.00000000,1658127599999,11740144.15040000,3398,2383108.00000000,2383701.50570000,0
1658127600000,1.00010000,1.00020000,1.00010000,1.00020000,6733400.00000000,1658131199999,6734414.20340000,3002,3408634.00000000,3409315.72680000,0
1658131200000,1.00010000,1.00020000,1.00010000,1.00010000,19944182.00000000,1658134799999,19947207.02880000,4380,10306106.00000000,10308167.22120000,0
1658134800000,1.00020000,1.00020000,1.00010000,1.00010000,10330896.00000000,1658138399999,10332155.50870000,2877,2264191.00000000,2264643.83820000,0
1658138400000,1.00010000,1.00020000,1.00010000,1.00020000,8782407.00000000,1658141999999,8783596.71710000,3046,3114764.00000000,3115386.95280000,0
1658142000000,1.00020000,1.00020000,1.00010000,1.00020000,9289553.00000000,1658145599999,9290760.83250000,2977,2788772.00000000,2789329.75440000,0
1658145600000,1.00010000,1.00020000,1.00000000,1.00010000,19815938.00000000,1658149199999,19818199.86460000,6057,13939344.00000000,13941083.88480000,0
1658149200000,1.00010000,1.00040000,1.00010000,1.00010000,129062671.00000000,1658152799999,129092820.70170000,3228,61930837.00000000,61943500.06900000,0
1658152800000,1.00020000,1.00040000,1.00010000,1.00010000,127766550.00000000,1658156399999,127797466.91900000,3936,62805159.00000000,62819339.45170000,0
1658156400000,1.00010000,1.00030000,1.00000000,1.00010000,187949534.00000000,1658159999999,187979098.77270000,5139,92554891.00000000,92568203.12660000,0
1658160000000,1.00010000,1.00020000,1.00000000,1.00010000,40575017.00000000,1658163599999,40578515.53570000,4345,18701492.00000000,18703368.20350000,0
1658163600000,1.00000000,1.00030000,1.00000000,1.00020000,76782245.00000000,1658167199999,76792055.58930000,4639,42350538.00000000,42355910.63110000,0
1658167200000,1.00010000,1.00020000,1.00010000,1.00020000,14487385.00000000,1658170799999,14490053.11530000,2328,12193768.00000000,12196206.75360000,0
1658170800000,1.00010000,1.00030000,1.00010000,1.00030000,11898152.00000000,1658174399999,11900767.24830000,2890,8041679.00000000,8043565.11200000,0
1658174400000,1.00030000,1.00030000,1.00020000,1.00030000,3267928.00000000,1658177999999,3268744.97340000,1615,1633878.00000000,1634368.16340000,0
1658178000000,1.00030000,1.00060000,1.00020000,1.00030000,305231233.00000000,1658181599999,305339902.29050000,5332,154767014.00000000,154817063.26360000,0
1658181600000,1.00030000,1.00040000,1.00020000,1.00030000,15204713.00000000,1658185199999,15209132.86030000,2534,6016245.00000000,6018049.87550000,0
1658185200000,1.00030000,1.00040000,1.00020000,1.00030000,25604457.00000000,1658188799999,25611547.54000000,4479,9541033.00000000,9543897.82790000,0
1658188800000,1.00020000,1.00040000,1.00020000,1.00020000,50657656.00000000,1658192399999,50672124.06110000,8198,22088050.00000000,22094792.56950000,0
1658192400000,1.00020000,1.00030000,1.00010000,1.00010000,12616256.00000000,1658195999999,12618607.33770000,4028,3937310.00000000,3938117.23200000,0
1658196000000,1.00010000,1.00020000,1.00010000,1.00020000,5572769.00000000,1658199599999,5573600.76090000,2577,2744840.00000000,2745388.96800000,0
1658199600000,1.00010000,1.00020000,1.00010000,1.00010000,4915721.00000000,1658203199999,4916297.42160000,3163,848495.00000000,848664.69900000,0
1658203200000,1.00020000,1.00020000,1.00010000,1.00020000,3623976.00000000,1658206799999,3624528.58930000,2325,1901917.00000000,1902297.38340000,0
1658206800000,1.00010000,1.00020000,1.00010000,1.00020000,6805428.00000000,1658210399999,6806270.52130000,2696,1619785.00000000,1620108.95700000,0
1658210400000,1.00010000,1.00020000,1.00010000,1.00010000,7708184.00000000,1658213999999,7709394.24050000,3408,4394221.00000000,4395099.84420000,0
1658214000000,1.00010000,1.00020000,1.00000000,1.00010000,13070630.00000000,1658217599999,13071726.21230000,3726,1309429.00000000,1309596.00130000,0
1658217600000,1.00000000,1.00010000,1.00000000,1.00010000,4392306.00000000,1658221199999,4392484.99400000,3429,1789940.00000000,1790118.99400000,0
1658221200000,1.00010000,1.00030000,1.00000000,1.00010000,43788197.00000000,1658224799999,43793396.96500000,3875,23670294.00000000,23673170.97680000,0
1658224800000,1.00000000,1.00030000,1.00000000,1.00000000,152357492.00000000,1658228399999,152378006.03850000,4127,88288403.00000000,88299375.36680000,0
1658228400000,1.00010000,1.00020000,1.00000000,1.00000000,12430852.00000000,1658231999999,12431807.96170000,5204,3976107.00000000,3976539.73690000,0
1658232000000,1.00010000,1.00020000,1.00000000,1.00010000,19543288.00000000,1658235599999,19545187.58060000,4325,10829592.00000000,10830753.66750000,0
1658235600000,1.00020000,1.00020000,1.00000000,1.00020000,21582509.00000000,1658239199999,21584842.00820000,7067,7005787.00000000,7006832.78080000,0
1658239200000,1.00010000,1.00020000,0.99980000,1.00000000,32879146.00000000,1658242799999,32879854.01580000,5053,13619673.00000000,13620313.00840000,0
1658242800000,1.00000000,1.00020000,0.99980000,0.99990000,74777486.00000000,1658246399999,74778233.82440000,8214,37399667.00000000,37400166.79260000,0
1658246400000,0.99990000,1.00010000,0.99990000,0.99990000,18120079.00000000,1658249999999,18119655.43880000,10435,6001581.00000000,6001688.90820000,0
1658250000000,0.99990000,1.00000000,0.99990000,0.99990000,10289776.00000000,1658253599999,10289197.09500000,5001,4500726.00000000,4500726.00000000,0
1658253600000,1.00000000,1.00010000,0.99990000,1.00000000,13206161.00000000,1658257199999,13205679.59000000,6052,4168657.00000000,4168716.54080000,0
1658257200000,1.00000000,1.00010000,0.99970000,1.00000000,29832033.00000000,1658260799999,29829774.37850000,5814,15433986.00000000,15432941.90740000,0
1658260800000,1.00000000,1.00010000,0.99990000,1.00000000,30736095.00000000,1658264399999,30735911.34810000,3746,17333230.00000000,17333230.30250000,0
1658264400000,1.00000000,1.00010000,0.99990000,0.99990000,7372089.00000000,1658267999999,7371880.30630000,4536,2494636.00000000,2494637.46150000,0
1658268000000,0.99990000,1.00000000,0.99990000,1.00000000,4321490.00000000,1658271599999,4321193.76110000,3131,1359101.00000000,1359101.00000000,0
1658271600000,1.00000000,1.00010000,0.99990000,0.99990000,10619022.00000000,1658275199999,10618826.77480000,3940,4498754.00000000,4498754.12900000,0
1658275200000,1.00000000,1.00000000,0.99970000,1.00000000,27771519.00000000,1658278799999,27768854.28660000,4731,15812811.00000000,15811478.11990000,0
1658278800000,1.00000000,1.00000000,0.99990000,1.00000000,7219098.00000000,1658282399999,7218994.61320000,3245,6185230.00000000,6185230.00000000,0
1658282400000,0.99990000,1.00000000,0.99990000,1.00000000,5651800.00000000,1658285999999,5651570.87500000,2924,3360550.00000000,3360550.00000000,0
1658286000000,0.99990000,1.00000000,0.99990000,1.00000000,7921911.00000000,1658289599999,7921453.96940000,3762,3351605.00000000,3351605.00000000,0
1658289600000,1.00000000,1.00000000,0.99990000,1.00000000,2570032.00000000,1658293199999,2569888.42980000,2888,1134330.00000000,1134330.00000000,0
1658293200000,1.00000000,1.00000000,0.99990000,0.99990000,6714806.00000000,1658296799999,6714391.11640000,2758,2565970.00000000,2565970.00000000,0
1658296800000,0.99990000,1.00000000,0.99970000,1.00000000,24027349.00000000,1658300399999,24024329.50790000,3932,7706212.00000000,7705116.08550000,0
1658300400000,0.99990000,1.00000000,0.99980000,1.00000000,22375843.00000000,1658303999999,22374019.08900000,4135,7910750.00000000,7910420.79170000,0
1658304000000,1.00000000,1.00000000,0.99990000,1.00000000,7584848.00000000,1658307599999,7584555.45020000,3598,4659350.00000000,4659350.00000000,0
1658307600000,1.00000000,1.00000000,0.99980000,0.99990000,24044514.00000000,1658311199999,24042519.70360000,3531,11645771.00000000,11645114.71400000,0
1658311200000,0.99990000,1.00000000,0.99990000,0.99990000,6671221.00000000,1658314799999,6670895.88720000,4563,3420093.00000000,3420093.00000000,0
1658314800000,0.99990000,1.00000000,0.99990000,1.00000000,8734936.00000000,1658318399999,8734646.56850000,4255,5840621.00000000,5840621.00000000,0
1658318400000,1.00000000,1.00010000,0.99980000,0.99990000,30061919.00000000,1658321999999,30060023.92700000,5837,8851597.00000000,8851388.34420000,0
1658322000000,0.99990000,1.00000000,0.99980000,1.00000000,13381831.00000000,1658325599999,13380645.92270000,5212,7965850.00000000,7965274.20230000,0
1658325600000,0.99990000,1.00000000,0.99980000,0.99980000,26256149.00000000,1658329199999,26253219.52550000,5864,10215414.00000000,10214491.30290000,0
1658329200000,0.99990000,1.00000000,0.99980000,1.00000000,26988476.00000000,1658332799999,26985794.81050000,6528,16253773.00000000,16252768.91910000,0
1658332800000,1.00000000,1.00000000,0.99980000,0.99980000,17724519.00000000,1658336399999,17723180.87640000,7524,7889837.00000000,7889564.38980000,0
1658336400000,0.99990000,1.00000000,0.99980000,0.99990000,15229255.00000000,1658339999999,15227970.33630000,4895,8736998.00000000,8736435.48800000,0
1658340000000,0.99990000,1.00000000,0.99980000,0.99990000,6219873.00000000,1658343599999,6219292.13630000,3154,2980338.00000000,2980132.07970000,0
1658343600000,0.99990000,1.00000000,0.99980000,1.00000000,8467260.00000000,1658347199999,8466855.64620000,2673,7013236.00000000,7012989.92280000,0
1658347200000,0.99990000,1.00010000,0.99990000,1.00000000,29214269.00000000,1658350799999,29214015.90960000,5990,13815179.00000000,13815196.83450000,0
1658350800000,0.99990000,1.00010000,0.99980000,0.99990000,29637753.00000000,1658354399999,29635891.56150000,3857,13592858.00000000,13592222.06860000,0
1658354400000,1.00000000,1.00000000,0.99980000,0.99990000,5510980.00000000,1658357999999,5510428.12580000,3248,3786699.00000000,3786342.80940000,0
1658358000000,0.99990000,1.00000000,0.99990000,1.00000000,2885091.00000000,1658361599999,2884978.53140000,2670,1760405.00000000,1760405.00000000,0
1658361600000,1.00000000,1.00000000,0.99980000,0.99990000,5564968.00000000,1658365199999,5564348.12560000,3019,2275647.00000000,2275427.05570000,0
1658365200000,0.99990000,0.99990000,0.99980000,0.99980000,4775692.00000000,1658368799999,4775059.92040000,3749,3230588.00000000,3230264.94120000,0
1658368800000,0.99990000,1.00000000,0.99980000,0.99990000,17231006.00000000,1658372399999,17229961.53510000,4050,7175575.00000000,7175545.73340000,0
1658372400000,0.99990000,1.00000000,0.99980000,1.00000000,9648480.00000000,1658375999999,9647556.48870000,3845,6817224.00000000,6816614.31870000,0
1658376000000,1.00000000,1.00000000,0.99990000,1.00000000,9296914.00000000,1658379599999,9296674.11030000,3086,6898017.00000000,6898017.00000000,0
1658379600000,1.00000000,1.00000000,0.99990000,1.00000000,3639709.00000000,1658383199999,3639453.66820000,2680,1086391.00000000,1086391.00000000,0
1658383200000,1.00000000,1.00020000,0.99990000,1.00010000,18492491.00000000,1658386799999,18493478.34130000,3241,12869835.00000000,12870371.79490000,0
1658386800000,1.00010000,1.00020000,0.99990000,1.00000000,19173147.00000000,1658390399999,19173733.92530000,4881,8017657.00000000,8017938.24530000,0
1658390400000,1.00000000,1.00020000,0.99990000,1.00000000,23483839.00000000,1658393999999,23484285.14100000,3176,15315187.00000000,15315442.25320000,0
1658394000000,1.00000000,1.00020000,0.99990000,1.00010000,39901930.00000000,1658397599999,39903462.43810000,3885,24347334.00000000,24348230.35560000,0
1658397600000,1.00010000,1.00010000,1.00000000,1.00010000,2770001.00000000,1658401199999,2770118.28840000,3044,1172884.00000000,1173001.28840000,0
1658401200000,1.00000000,1.00010000,1.00000000,1.00000000,4776640.00000000,1658404799999,4776904.62800000,3557,2646280.00000000,2646544.62800000,0
1658404800000,1.00010000,1.00010000,1.00000000,1.00010000,6708960.00000000,1658408399999,6709240.16460000,4916,2801646.00000000,2801926.16460000,0
1658408400000,1.00010000,1.00010000,1.00000000,1.00000000,4416496.00000000,1658411999999,4416672.61240000,3326,1766124.00000000,1766300.61240000,0
1658412000000,1.00000000,1.00010000,0.99990000,1.00000000,17479527.00000000,1658415599999,17479379.45010000,4311,5432318.00000000,5432320.20310000,0
1658415600000,1.00000000,1.00010000,0.99990000,1.00000000,19140171.00000000,1658419199999,19140092.81830000,2996,12583434.00000000,12583535.73210000,0
1658419200000,1.00010000,1.00010000,0.99990000,1.00000000,22930285.00000000,1658422799999,22930600.02570000,6080,9525447.00000000,9525855.93860000,0
1658422800000,0.99990000,1.00010000,0.99990000,1.00010000,13539649.00000000,1658426399999,13539599.99760000,4564,7015706.00000000,7015834.93680000,0
1658426400000,1.00000000,1.00010000,0.99990000,0.99990000,7623152.00000000,1658429999999,7622879.62720000,2429,678841.00000000,678866.07600000,0
1658430000000,1.00000000,1.00000000,0.99980000,0.99990000,11276098.00000000,1658433599999,11275037.55390000,3881,4636704.00000000,4636307.49440000,0
1658433600000,1.00000000,1.00000000,0.99990000,1.00000000,4420126.00000000,1658437199999,4419873.01600000,3710,1890286.00000000,1890286.00000000,0
1658437200000,1.00000000,1.00000000,0.99980000,1.00000000,9982023.00000000,1658440799999,9981133.76650000,2629,4671695.00000000,4671336.82930000,0
1658440800000,0.99990000,1.00000000,0.99990000,1.00000000,4953356.00000000,1658444399999,4953020.03840000,2644,1593740.00000000,1593740.00000000,0
1658444400000,0.99990000,1.00000000,0.99990000,0.99990000,2498139.00000000,1658447999999,2498039.51240000,2487,1503263.00000000,1503263.00000000,0
1658448000000,1.00000000,1.00000000,0.99990000,1.00000000,5956307.00000000,1658451599999,5955996.75820000,3318,2853889.00000000,2853889.00000000,0
1658451600000,1.00000000,1.00000000,0.99990000,1.00000000,3637818.00000000,1658455199999,3637694.28630000,2292,2400681.00000000,2400681.00000000,0
1658455200000,0.99990000,1.00000000,0.99990000,1.00000000,3916846.00000000,1658458799999,3916694.88450000,2006,2405691.00000000,2405691.00000000,0
1658458800000,0.99990000,1.00000000,0.99990000,0.99990000,3268208.00000000,1658462399999,3268141.27580000,1929,2600966.00000000,2600966.00000000,0
1658462400000,1.00000000,1.00000000,0.99990000,1.00000000,4850261.00000000,1658465999999,4850052.38720000,2010,2764133.00000000,2764133.00000000,0
1658466000000,1.00000000,1.00000000,0.99990000,0.99990000,3630310.00000000,1658469599999,3630091.42670000,2583,1444577.00000000,1444577.00000000,0
1658469600000,0.99990000,1.00000000,0.99990000,1.00000000,3718275.00000000,1658473199999,3718052.32230000,2391,1491498.00000000,1491498.00000000,0
1658473200000,0.99990000,1.00000000,0.99990000,1.00000000,10790094.00000000,1658476799999,10789796.51210000,3033,7815215.00000000,7815215.00000000,0
1658476800000,0.99990000,1.00000000,0.99990000,0.99990000,11526588.00000000,1658480399999,11525747.80050000,4143,3124593.00000000,3124593.00000000,0
1658480400000,1.00000000,1.00000000,0.99980000,0.99990000,18903240.00000000,1658483999999,18901865.88770000,4301,7663431.00000000,7663227.78070000,0
1658484000000,0.99990000,1.00000000,0.99980000,0.99990000,14505452.00000000,1658487599999,14503847.49490000,2493,7776327.00000000,7775662.14510000,0
1658487600000,0.99980000,1.00000000,0.99980000,0.99990000,15929783.00000000,1658491199999,15928132.73930000,3471,7507310.00000000,7506629.79490000,0
1658491200000,0.99990000,1.00000000,0.99980000,0.99980000,10241455.00000000,1658494799999,10240073.53260000,3226,2441436.00000000,2441210.53980000,0
1658494800000,0.99990000,1.00000000,0.99980000,0.99980000,16638951.00000000,1658498399999,16636667.75040000,4144,5857694.00000000,5857108.52350000,0
1658498400000,0.99980000,0.99990000,0.99980000,0.99980000,4417943.00000000,1658501999999,4417262.18950000,2412,2027781.00000000,2027578.22190000,0
1658502000000,0.99980000,0.99990000,0.99980000,0.99980000,5863004.00000000,1658505599999,5862222.07320000,4015,3906740.00000000,3906349.32600000,0
1658505600000,0.99990000,0.99990000,0.99980000,0.99980000,7140334.00000000,1658509199999,7139519.96640000,2609,6140332.00000000,6139717.96680000,0
1658509200000,0.99990000,0.99990000,0.99980000,0.99990000,9059329.00000000,1658512799999,9058324.65660000,2244,8075224.00000000,8074416.47760000,0
1658512800000,0.99990000,1.00000000,0.99980000,1.00000000,6811126.00000000,1658516399999,6810460.51800000,2802,2566141.00000000,2565957.07490000,0
1658516400000,1.00000000,1.00000000,0.99980000,1.00000000,9651933.00000000,1658519999999,9651155.07380000,3196,6439528.00000000,6439161.98700000,0
1658520000000,0.99990000,1.00000000,0.99980000,0.99980000,13098023.00000000,1658523599999,13096783.54080000,2450,5441225.00000000,5440753.31040000,0
1658523600000,0.99980000,1.00000000,0.99980000,1.00000000,3709161.00000000,1658527199999,3708842.50540000,1796,1962696.00000000,1962553.01960000,0
1658527200000,0.99990000,1.00000000,0.99990000,1.00000000,3014461.00000000,1658530799999,3014230.39780000,1822,708439.00000000,708439.00000000,0
1658530800000,1.00000000,1.00000000,0.99990000,0.99990000,1639031.00000000,1658534399999,1638918.35960000,1444,512627.00000000,512627.00000000,0
1658534400000,0.99990000,1.00000000,0.99990000,1.00000000,2331294.00000000,1658537999999,2331139.92150000,2352,790509.00000000,790509.00000000,0
1658538000000,1.00000000,1.00000000,0.99990000,1.00000000,1625602.00000000,1658541599999,1625472.93040000,1604,334906.00000000,334906.00000000,0
1658541600000,0.99990000,1.00000000,0.99980000,0.99990000,9577896.00000000,1658545199999,9576964.99420000,1862,3705976.00000000,3705661.98430000,0
1658545200000,0.99990000,0.99990000,0.99980000,0.99990000,1840865.00000000,1658548799999,1840627.79070000,1180,1309637.00000000,1309506.03630000,0
1658548800000,0.99990000,0.99990000,0.99980000,0.99980000,1456016.00000000,1658552399999,1455807.25240000,1697,824556.00000000,824473.54440000,0
1658552400000,0.99980000,0.99990000,0.99980000,0.99990000,1736886.00000000,1658555999999,1736606.83630000,1627,682135.00000000,682066.78650000,0
1658556000000,0.99990000,1.00000000,0.99980000,0.99990000,11517868.00000000,1658559599999,11516973.06110000,2067,8756567.00000000,8755963.55230000,0
1658559600000,0.99990000,1.00000000,0.99980000,0.99980000,18507928.00000000,1658563199999,18506242.97410000,2096,7162099.00000000,7161580.77720000,0
1658563200000,0.99990000,1.00000000,0.99980000,0.99990000,18009690.00000000,1658566799999,18007877.25710000,3275,9231899.00000000,9231050.72740000,0
1658566800000,0.99990000,1.00000000,0.99980000,1.00000000,10390551.00000000,1658570399999,10390029.67330000,2753,6250198.00000000,6250092.13000000,0
1658570400000,0.99990000,1.00000000,0.99980000,0.99980000,4810876.00000000,1658573999999,4810292.44790000,2183,621027.00000000,620972.86360000,0
1658574000000,0.99980000,0.99990000,0.99980000,0.99990000,3339992.00000000,1658577599999,3339457.37970000,2802,1333781.00000000,1333647.62190000,0
1658577600000,0.99990000,1.00000000,0.99980000,0.99990000,11804581.00000000,1658581199999,11803176.63500000,2738,5782886.00000000,5782307.82710000,0
1658581200000,0.99990000,1.00000000,0.99980000,1.00000000,9284643.00000000,1658584799999,9283707.86660000,2255,7926842.00000000,7926091.50150000,0
1658584800000,1.00000000,1.00000000,0.99990000,0.99990000,3864560.00000000,1658588399999,3864396.54750000,2147,2230035.00000000,2230035.00000000,0
1658588400000,0.99990000,1.00000000,0.99990000,1.00000000,4552058.00000000,1658591999999,4551847.49480000,2228,2447006.00000000,2447006.00000000,0
1658592000000,1.00000000,1.00000000,0.99990000,0.99990000,3732180.00000000,1658595599999,3732095.60860000,2586,2888266.00000000,2888266.00000000,0
1658595600000,1.00000000,1.00010000,0.99990000,1.00010000,14941930.00000000,1658599199999,14941852.51130000,2947,7296451.00000000,7296462.13260000,0
1658599200000,1.00000000,1.00010000,0.99990000,1.00000000,3645234.00000000,1658602799999,3645163.56860000,2649,1045439.00000000,1045468.48470000,0
1658602800000,0.99990000,1.00010000,0.99990000,0.99990000,11036202.00000000,1658606399999,11036048.69280000,1680,5671707.00000000,5671707.41850000,0
1658606400000,1.00000000,1.00000000,0.99990000,1.00000000,2385519.00000000,1658609999999,2385361.99460000,1483,815465.00000000,815465.00000000,0
1658610000000,1.00000000,1.00000000,0.99990000,0.99990000,2636485.00000000,1658613599999,2636360.82580000,1478,1394743.00000000,1394743.00000000,0
1658613600000,0.99990000,1.00000000,0.99990000,1.00000000,2624103.00000000,1658617199999,2623925.01250000,1621,844228.00000000,844228.00000000,0
1658617200000,0.99990000,1.00000000,0.99990000,1.00000000,1604788.00000000,1658620799999,1604701.51990000,1274,739987.00000000,739987.00000000,0
1658620800000,1.00000000,1.00000000,0.99990000,0.99990000,3051396.00000000,1658624399999,3051309.67920000,1538,2188188.00000000,2188188.00000000,0
1658624400000,0.99990000,1.00000000,0.99990000,1.00000000,3453148.00000000,1658627999999,3452997.12710000,1140,1944419.00000000,1944419.00000000,0
1658628000000,0.99990000,1.00000000,0.99990000,0.99990000,2303229.00000000,1658631599999,2303177.64400000,1463,1789669.00000000,1789669.00000000,0
1658631600000,1.00000000,1.00000000,0.99990000,1.00000000,3086484.00000000,1658635199999,3086368.73810000,1597,1933865.00000000,1933865.00000000,0
1658635200000,0.99990000,1.00000000,0.99990000,1.00000000,2641347.00000000,1658638799999,2641126.52310000,1358,436578.00000000,436578.00000000,0
1658638800000,0.99990000,1.00010000,0.99990000,1.00000000,12641846.00000000,1658642399999,12641714.59110000,3584,7513327.00000000,7513393.98570000,0
1658642400000,1.00000000,1.00010000,0.99990000,1.00010000,8486654.00000000,1658645999999,8486743.34660000,3677,4688338.00000000,4688440.97410000,0
1658646000000,1.00010000,1.00010000,1.00000000,1.00010000,2054248.00000000,1658649599999,2054309.73350000,2371,617335.00000000,617396.73350000,0
1658649600000,1.00010000,1.00010000,1.00000000,1.00010000,1132972.00000000,1658653199999,1133012.27660000,2323,402766.00000000,402806.27660000,0
1658653200000,1.00000000,1.00010000,1.00000000,1.00010000,2780623.00000000,1658656799999,2780654.09700000,2841,310970.00000000,311001.09700000,0
1658656800000,1.00000000,1.00010000,0.99990000,1.00010000,9215614.00000000,1658660399999,9215677.84190000,2604,5135109.00000000,5135196.01040000,0
1658660400000,1.00010000,1.00010000,1.00000000,1.00010000,2576104.00000000,1658663999999,2576187.38670000,2710,833867.00000000,833950.38670000,0
1658664000000,1.00000000,1.00010000,0.99990000,1.00000000,7554788.00000000,1658667599999,7554897.81140000,3174,5057901.00000000,5058031.06670000,0
1658667600000,1.00010000,1.00010000,1.00000000,1.00010000,1812809.00000000,1658671199999,1812906.36360000,2584,973636.00000000,973733.36360000,0
1658671200000,1.00010000,1.00010000,1.00000000,1.00010000,2798966.00000000,1658674799999,2799053.43420000,3385,874342.00000000,874429.43420000,0
1658674800000,1.00010000,1.00010000,0.99990000,1.00000000,13489726.00000000,1658678399999,13489627.13390000,2598,7597823.00000000,7597823.41370000,0
1658678400000,1.00000000,1.00000000,0.99990000,1.00000000,3285483.00000000,1658681999999,3285183.72740000,2045,292757.00000000,292757.00000000,0
1658682000000,1.00000000,1.00000000,0.99990000,1.00000000,2996593.00000000,1658685599999,2996504.64260000,2486,2113019.00000000,2113019.00000000,0
1658685600000,1.00000000,1.00000000,0.99990000,1.00000000,699316.00000000,1658689199999,699267.83850000,2075,217701.00000000,217701.00000000,0
1658689200000,0.99990000,1.00000000,0.99990000,1.00000000,833061.00000000,1658692799999,833003.79810000,2057,261042.00000000,261042.00000000,0
1658692800000,1.00000000,1.00000000,0.99990000,1.00000000,1968150.00000000,1658696399999,1967991.10780000,2385,379228.00000000,379228.00000000,0
1658696400000,0.99990000,1.00000000,0.99990000,0.99990000,1794796.00000000,1658699999999,1794695.90290000,2427,793825.00000000,793825.00000000,0
1658700000000,1.00000000,1.00000000,0.99990000,0.99990000,6827539.00000000,1658703599999,6826922.18780000,3492,659417.00000000,659417.00000000,0
1658703600000,0.99990000,1.00000000,0.99990000,0.99990000,1936795.00000000,1658707199999,1936689.72980000,2459,884093.00000000,884093.00000000,0
1658707200000,1.00000000,1.00000000,0.99990000,1.00000000,3233008.00000000,1658710799999,3232776.21820000,3314,915190.00000000,915190.00000000,0
1658710800000,1.00000000,1.00000000,0.99990000,1.00000000,2612845.00000000,1658714399999,2612714.52820000,3317,1308127.00000000,1308127.00000000,0
1658714400000,1.00000000,1.00000000,0.99990000,1.00000000,14977743.00000000,1658717999999,14976791.89400000,3500,5466683.00000000,5466683.00000000,0
1658718000000,1.00000000,1.00000000,0.99990000,1.00000000,8869434.00000000,1658721599999,8868859.58430000,2550,3125277.00000000,3125277.00000000,0
1658721600000,0.99990000,1.00000000,0.99990000,1.00000000,5912096.00000000,1658725199999,5911869.13230000,3004,3643419.00000000,3643419.00000000,0
1658725200000,0.99990000,1.00000000,0.99990000,1.00000000,3592289.00000000,1658728799999,3592080.38540000,2575,1506143.00000000,1506143.00000000,0
1658728800000,1.00000000,1.00000000,0.99990000,1.00000000,8040231.00000000,1658732399999,8039616.13300000,2779,1891561.00000000,1891561.00000000,0
1658732400000,0.99990000,1.00000000,0.99990000,1.00000000,11284090.00000000,1658735999999,11283578.13230000,2780,6165413.00000000,6165413.00000000,0
1658736000000,1.00000000,1.00000000,0.99990000,1.00000000,9280037.00000000,1658739599999,9279717.01530000,2714,6080190.00000000,6080190.00000000,0
1658739600000,1.00000000,1.00000000,0.99980000,1.00000000,24920487.00000000,1658743199999,24917904.80900000,3353,8586561.00000000,8585727.01940000,0
1658743200000,0.99990000,1.00000000,0.99990000,1.00000000,1991161.00000000,1658746799999,1991034.00780000,2263,721239.00000000,721239.00000000,0
1658746800000,1.00000000,1.00000000,0.99990000,1.00000000,4460892.00000000,1658750399999,4460768.25420000,2349,3223434.00000000,3223434.00000000,0
1658750400000,1.00000000,1.00000000,0.99990000,1.00000000,3574643.00000000,1658753999999,3574445.51040000,2567,1599747.00000000,1599747.00000000,0
1658754000000,1.00000000,1.00000000,0.99990000,1.00000000,5330717.00000000,1658757599999,5330553.29510000,2662,3693668.00000000,3693668.00000000,0
1658757600000,1.00000000,1.00000000,0.99990000,1.00000000,2398080.00000000,1658761199999,2397951.63000000,3040,1114380.00000000,1114380.00000000,0
1658761200000,1.00000000,1.00000000,0.99990000,0.99990000,3407238.00000000,1658764799999,3407131.83750000,2494,2345613.00000000,2345613.00000000,0
1658764800000,0.99990000,1.00000000,0.99990000,0.99990000,8520496.00000000,1658768399999,8520073.82400000,2795,4298736.00000000,4298736.00000000,0
1658768400000,1.00000000,1.00000000,0.99990000,0.99990000,7732403.00000000,1658771999999,7732321.31630000,2562,6915566.00000000,6915566.00000000,0
1658772000000,1.00000000,1.00000000,0.99990000,1.00000000,1840548.00000000,1658775599999,1840448.94640000,2192,850012.00000000,850012.00000000,0
1658775600000,1.00000000,1.00000000,0.99990000,1.00000000,5780247.00000000,1658779199999,5779948.17120000,3841,2791959.00000000,2791959.00000000,0
1658779200000,0.99990000,1.00000000,0.99990000,1.00000000,3708998.00000000,1658782799999,3708777.35920000,3316,1502590.00000000,1502590.00000000,0
1658782800000,1.00000000,1.00000000,0.99990000,1.00000000,3298722.00000000,1658786399999,3298541.84730000,2215,1497195.00000000,1497195.00000000,0
1658786400000,1.00000000,1.00000000,0.99990000,1.00000000,2572253.00000000,1658789999999,2572092.96520000,2916,971905.00000000,971905.00000000,0
1658790000000,0.99990000,1.00000000,0.99990000,0.99990000,3463804.00000000,1658793599999,3463644.67790000,2994,1870583.00000000,1870583.00000000,0
1658793600000,1.00000000,1.00000000,0.99990000,1.00000000,3956376.00000000,1658797199999,3956149.67460000,3794,1693122.00000000,1693122.00000000,0
1658797200000,0.99990000,1.00000000,0.99990000,1.00000000,1540531.00000000,1658800799999,1540448.06930000,2548,711224.00000000,711224.00000000,0
1658800800000,1.00000000,1.00000000,0.99990000,1.00000000,3327851.00000000,1658804399999,3327665.69480000,2280,1474799.00000000,1474799.00000000,0
1658804400000,1.00000000,1.00000000,0.99990000,1.00000000,6567484.00000000,1658807999999,6567049.75640000,3453,2225048.00000000,2225048.00000000,0
1658808000000,1.00000000,1.00000000,0.99990000,1.00000000,4121595.00000000,1658811599999,4121464.86010000,2189,2820196.00000000,2820196.00000000,0
1658811600000,1.00000000,1.00000000,0.99990000,0.99990000,2138246.00000000,1658815199999,2138132.91590000,1659,1007405.00000000,1007405.00000000,0
1658815200000,1.00000000,1.00000000,0.99990000,1.00000000,8534932.00000000,1658818799999,8534423.78420000,2538,3452774.00000000,3452774.00000000,0
1658818800000,1.00000000,1.00010000,0.99990000,1.00000000,15663940.00000000,1658822399999,15663781.28540000,1438,12562528.00000000,12562540.47610000,0
1658822400000,1.00000000,1.00020000,0.99990000,0.99990000,32630465.00000000,1658825999999,32631958.77780000,2106,18292093.00000000,18292861.38950000,0
1658826000000,0.99990000,1.00020000,0.99990000,1.00000000,57995120.00000000,1658829599999,57997365.96010000,1729,28947121.00000000,28947223.64770000,0
1658829600000,0.99990000,1.00000000,0.99990000,1.00000000,4788692.00000000,1658833199999,4788457.59100000,1216,2444602.00000000,2444602.00000000,0
1658833200000,1.00000000,1.00000000,0.99990000,0.99990000,2740949.00000000,1658836799999,2740758.01520000,1347,831101.00000000,831101.00000000,0
1658836800000,0.99990000,1.00000000,0.99990000,1.00000000,4159585.00000000,1658840399999,4159354.06740000,1746,1850259.00000000,1850259.00000000,0
1658840400000,1.00000000,1.00000000,0.99990000,0.99990000,6063831.00000000,1658843999999,6063432.06890000,2213,2074520.00000000,2074520.00000000,0
1658844000000,0.99990000,1.00000000,0.99990000,1.00000000,7951483.00000000,1658847599999,7951095.55760000,1809,4077059.00000000,4077059.00000000,0
1658847600000,0.99990000,1.00000000,0.99990000,0.99990000,8586353.00000000,1658851199999,8586187.77740000,1939,6934127.00000000,6934127.00000000,0
1658851200000,0.99990000,1.00000000,0.99990000,0.99990000,4961938.00000000,1658854799999,4961777.71130000,1539,3359051.00000000,3359051.00000000,0
1658854800000,0.99990000,1.00000000,0.99990000,0.99990000,2213867.00000000,1658858399999,2213715.69030000,1864,700770.00000000,700770.00000000,0
1658858400000,0.99990000,1.00000000,0.99990000,0.99990000,3575383.00000000,1658861999999,3575308.00040000,1287,2825387.00000000,2825387.00000000,0
1658862000000,0.99990000,1.00000000,0.99990000,0.99990000,2570109.00000000,1658865599999,2570010.11190000,1309,1581228.00000000,1581228.00000000,0
1658865600000,1.00000000,1.00000000,0.99990000,0.99990000,10268693.00000000,1658869199999,10268575.28180000,1628,9091511.00000000,9091511.00000000,0
1658869200000,1.00000000,1.00010000,0.99990000,1.00010000,5546030.00000000,1658872799999,5546079.16780000,2527,1987971.00000000,1988066.55440000,0
1658872800000,1.00000000,1.00030000,0.99990000,1.00000000,55265927.00000000,1658876399999,55268445.10200000,2350,27285917.00000000,27286904.86650000,0
1658876400000,1.00000000,1.00000000,0.99990000,0.99990000,2319513.00000000,1658879999999,2319337.53820000,1910,564895.00000000,564895.00000000,0
1658880000000,1.00000000,1.00000000,0.99990000,1.00000000,2718391.00000000,1658883599999,2718187.11450000,1444,679536.00000000,679536.00000000,0
1658883600000,0.99990000,1.00000000,0.99990000,0.99990000,1884089.00000000,1658887199999,1883995.95020000,1303,953591.00000000,953591.00000000,0
1658887200000,0.99990000,1.00000000,0.99990000,0.99990000,7949007.00000000,1658890799999,7948947.86860000,1070,7357693.00000000,7357693.00000000,0
1658890800000,0.99990000,1.00000000,0.99990000,1.00000000,6767400.00000000,1658894399999,6767230.90000000,1028,5076400.00000000,5076400.00000000,0
1658894400000,1.00000000,1.00010000,0.99990000,1.00000000,8088906.00000000,1658897999999,8089136.89220000,1346,6495669.00000000,6495900.52550000,0
1658898000000,1.00000000,1.00010000,0.99990000,1.00000000,13344032.00000000,1658901599999,13344181.47870000,3313,4984709.00000000,4984893.81000000,0
1658901600000,0.99990000,1.00000000,0.99990000,1.00000000,3619140.00000000,1658905199999,3619021.34760000,1332,2432616.00000000,2432616.00000000,0
1658905200000,0.99990000,1.00000000,0.99990000,0.99990000,3282691.00000000,1658908799999,3282442.22050000,1794,794896.00000000,794896.00000000,0
1658908800000,0.99990000,1.00000000,0.99990000,1.00000000,7945174.00000000,1658912399999,7944736.49800000,2080,3570154.00000000,3570154.00000000,0
1658912400000,0.99990000,1.00000000,0.99990000,0.99990000,10984995.00000000,1658915999999,10984462.24130000,1483,5657408.00000000,5657408.00000000,0
1658916000000,0.99990000,1.00000000,0.99990000,0.99990000,1933059.00000000,1658919599999,1932920.52880000,1161,548347.00000000,548347.00000000,0
1658919600000,0.99990000,1.00000000,0.99990000,1.00000000,4880292.00000000,1658923199999,4879946.45520000,2198,1424844.00000000,1424844.00000000,0
1658923200000,1.00000000,1.00000000,0.99990000,0.99990000,8988949.00000000,1658926799999,8988274.76140000,3103,2246563.00000000,2246563.00000000,0
1658926800000,0.99990000,1.00000000,0.99980000,0.99980000,14969504.00000000,1658930399999,14967932.51410000,4946,1762195.00000000,1762090.14030000,0
1658930400000,0.99980000,0.99990000,0.99980000,0.99980000,9079573.00000000,1658933999999,9078063.46330000,2941,3063779.00000000,3063472.62210000,0
1658934000000,0.99990000,0.99990000,0.99980000,0.99980000,6832513.00000000,1658937599999,6831548.73160000,2929,4022342.00000000,4021939.76580000,0
1658937600000,0.99990000,0.99990000,0.99980000,0.99980000,8361269.00000000,1658941199999,8359797.23800000,6507,2004918.00000000,2004717.50820000,0
1658941200000,0.99980000,0.99990000,0.99970000,0.99980000,18117005.00000000,1658944799999,18113410.03300000,5118,9118870.00000000,9117107.93230000,0
1658944800000,0.99980000,0.99990000,0.99970000,0.99980000,54225914.00000000,1658948399999,54215383.62260000,14041,24385491.00000000,24381455.70300000,0
1658948400000,0.99970000,0.99990000,0.99970000,0.99980000,33099000.00000000,1658951999999,33091885.17630000,11481,18382854.00000000,18379207.36110000,0
1658952000000,0.99970000,0.99980000,0.99970000,0.99970000,8100543.00000000,1658955599999,8098380.83880000,3603,2680017.00000000,2679480.99660000,0
1658955600000,0.99970000,0.99980000,0.99970000,0.99970000,4011173.00000000,1658959199999,4010167.14600000,2720,1974979.00000000,1974584.00420000,0
1658959200000,0.99980000,0.99980000,0.99970000,0.99970000,8320762.00000000,1658962799999,8318429.78630000,4031,1640149.00000000,1639820.97020000,0
1658962800000,0.99970000,0.99980000,0.99960000,0.99960000,5208215.00000000,1658966399999,5206530.83710000,3352,1713787.00000000,1713279.36850000,0
1658966400000,0.99960000,0.99980000,0.99940000,0.99980000,33741214.00000000,1658969999999,33727834.74670000,4571,17476189.00000000,17468939.70160000,0
1658970000000,0.99980000,0.99980000,0.99970000,0.99980000,3758107.00000000,1658973599999,3757162.28150000,2153,1827136.00000000,1826770.57280000,0
1658973600000,0.99980000,0.99980000,0.99970000,0.99980000,12621268.00000000,1658977199999,12618009.17850000,3767,5275589.00000000,5274533.88220000,0
1658977200000,0.99980000,0.99980000,0.99960000,0.99970000,12184236.00000000,1658980799999,12180584.87960000,4921,5494025.00000000,5492462.65510000,0
1658980800000,0.99960000,0.99980000,0.99960000,0.99970000,12489540.00000000,1658984399999,12486189.56890000,3281,8142800.00000000,8140821.39100000,0
1658984400000,0.99980000,0.99980000,0.99970000,0.99970000,7191170.00000000,1658987999999,7189135.81540000,2961,1231664.00000000,1231417.66720000,0
1658988000000,0.99970000,0.99980000,0.99970000,0.99970000,7147382.00000000,1658991599999,7145357.81520000,2743,1200298.00000000,1200057.94040000,0
1658991600000,0.99970000,0.99980000,0.99960000,0.99970000,15137248.00000000,1658995199999,15132927.06930000,3848,7647074.00000000,7645001.58700000,0
1658995200000,0.99970000,0.99980000,0.99970000,0.99980000,6475665.00000000,1658998799999,6473935.84760000,2996,2135471.00000000,2135043.90580000,0
1658998800000,0.99970000,0.99980000,0.99970000,0.99970000,5746763.00000000,1659002399999,5745412.39690000,2701,3734258.00000000,3733511.14840000,0
1659002400000,0.99970000,0.99980000,0.99970000,0.99980000,6432356.00000000,1659005999999,6430815.27750000,2293,3889843.00000000,3889065.03140000,0
1659006000000,0.99970000,0.99980000,0.99970000,0.99970000,3136384.00000000,1659009599999,3135579.49650000,1705,1364117.00000000,1363844.17660000,0
1659009600000,0.99980000,0.99980000,0.99970000,0.99970000,10965960.00000000,1659013199999,10963255.32340000,5192,5851114.00000000,5849943.77720000,0
1659013200000,0.99970000,0.99990000,0.99970000,0.99980000,35703865.00000000,1659016799999,35696340.95120000,6946,23972006.00000000,23967312.46390000,0
1659016800000,0.99990000,0.99990000,0.99980000,0.99980000,7762308.00000000,1659020399999,7761010.52360000,6216,2549852.00000000,2549597.01480000,0
1659020400000,0.99980000,0.99990000,0.99980000,0.99990000,20044494.00000000,1659023999999,20041522.28330000,8963,10371821.00000000,10370783.81790000,0
1659024000000,0.99980000,0.99990000,0.99980000,0.99980000,11632913.00000000,1659027599999,11630942.08010000,7356,3556627.00000000,3556271.33730000,0
1659027600000,0.99990000,0.99990000,0.99980000,0.99990000,9129582.00000000,1659031199999,9128141.35080000,5022,3852672.00000000,3852286.73280000,0
1659031200000,0.99990000,0.99990000,0.99980000,0.99980000,20536777.00000000,1659034799999,20533210.94320000,3869,5412986.00000000,5412444.70140000,0
1659034800000,0.99990000,0.99990000,0.99970000,0.99980000,11580070.00000000,1659038399999,11577740.27450000,2803,9450085.00000000,9448245.81370000,0
1659038400000,0.99990000,0.99990000,0.99980000,0.99980000,8423802.00000000,1659041999999,8422414.04030000,5042,2968007.00000000,2967710.19930000,0
1659042000000,0.99980000,0.99990000,0.99980000,0.99980000,4327909.00000000,1659045599999,4327190.98070000,2447,1475625.00000000,1475477.43750000,0
1659045600000,0.99980000,0.99990000,0.99980000,0.99980000,2355063.00000000,1659049199999,2354667.45610000,1943,754687.00000000,754611.53130000,0
1659049200000,0.99980000,0.99990000,0.99970000,0.99970000,8911331.00000000,1659052799999,8909645.76450000,3103,1017554.00000000,1017451.18020000,0
1659052800000,0.99980000,0.99980000,0.99960000,0.99970000,25192416.00000000,1659056399999,25184895.77000000,5196,10267024.00000000,10264017.99320000,0
1659056400000,0.99970000,0.99980000,0.99970000,0.99970000,2487861.00000000,1659059999999,2487260.13120000,2506,1454895.00000000,1454604.02100000,0
1659060000000,0.99980000,0.99980000,0.99970000,0.99980000,4212398.00000000,1659063599999,4211419.15970000,2703,2848791.00000000,2848221.24180000,0
1659063600000,0.99980000,0.99980000,0.99970000,0.99970000,8227281.00000000,1659067199999,8225088.62720000,2861,2758115.00000000,2757563.37700000,0
1659067200000,0.99980000,0.99980000,0.99970000,0.99980000,6548397.00000000,1659070799999,6546630.63120000,3094,1981503.00000000,1981106.69940000,0
1659070800000,0.99970000,0.99980000,0.99970000,0.99970000,5696889.00000000,1659074399999,5695361.86200000,3258,1819287.00000000,1818923.14260000,0
1659074400000,0.99980000,0.99980000,0.99970000,0.99980000,8023002.00000000,1659077999999,8021099.36380000,3719,5042644.00000000,5041635.47120000,0
1659078000000,0.99980000,0.99980000,0.99970000,0.99980000,8297724.00000000,1659081599999,8295909.80760000,3511,6751248.00000000,6749897.75040000,0
1659081600000,0.99970000,0.99980000,0.99970000,0.99970000,5861803.00000000,1659085199999,5860387.29620000,3723,3428371.00000000,3427685.32580000,0
1659085200000,0.99980000,0.99980000,0.99970000,0.99970000,20067078.00000000,1659088799999,20062512.72550000,3441,8338535.00000000,8336867.29300000,0
1659088800000,0.99980000,0.99980000,0.99970000,0.99970000,5034651.00000000,1659092399999,5033370.75630000,4138,2301516.00000000,2301055.69680000,0
1659092400000,0.99970000,0.99980000,0.99970000,0.99980000,7658966.00000000,1659095999999,7657096.03430000,4921,4277241.00000000,4276385.55180000,0
1659096000000,0.99970000,0.99980000,0.99970000,0.99970000,7783672.00000000,1659099599999,7781521.41420000,7671,1845158.00000000,1844788.96840000,0
1659099600000,0.99980000,0.99980000,0.99960000,0.99970000,20435935.00000000,1659103199999,20430044.11660000,7616,2423727.00000000,2423241.70780000,0
1659103200000,0.99960000,0.99980000,0.99960000,0.99960000,20056509.00000000,1659106799999,20049872.98500000,7433,7335588.00000000,7333387.35040000,0
1659106800000,0.99960000,0.99970000,0.99960000,0.99970000,8213203.00000000,1659110399999,8210167.08920000,4263,2493704.00000000,2492955.88880000,0
1659110400000,0.99970000,0.99970000,0.99960000,0.99960000,5435309.00000000,1659113999999,5433456.30920000,5259,3214328.00000000,3213363.70160000,0
1659114000000,0.99970000,0.99980000,0.99960000,0.99970000,11262862.00000000,1659117599999,11259711.97200000,4296,8857675.00000000,8855324.86920000,0
1659117600000,0.99970000,0.99980000,0.99970000,0.99970000,6073607.00000000,1659121199999,6071919.70990000,5741,1347920.00000000,1347650.41600000,0
1659121200000,0.99980000,0.99980000,0.99970000,0.99970000,2673823.00000000,1659124799999,2673112.42740000,3489,915743.00000000,915559.85140000,0
1659124800000,0.99980000,0.99980000,0.99960000,0.99960000,20435781.00000000,1659128399999,20429315.39260000,4069,8318105.00000000,8315628.39230000,0
1659128400000,0.99960000,0.99980000,0.99950000,0.99970000,32410753.00000000,1659131999999,32399758.56180000,3989,15220065.00000000,15214858.94460000,0
1659132000000,0.99960000,0.99970000,0.99960000,0.99970000,5859820.00000000,1659135599999,5857965.62080000,3724,4895488.00000000,4894019.35360000,0
1659135600000,0.99970000,0.99970000,0.99960000,0.99960000,5035083.00000000,1659139199999,5033379.97110000,4808,3110043.00000000,3109109.98710000,0
1659139200000,0.99970000,0.99980000,0.99960000,0.99970000,15499932.00000000,1659142799999,15495141.27820000,3912,7773049.00000000,7770717.08970000,0
1659142800000,0.99960000,0.99970000,0.99960000,0.99970000,3665076.00000000,1659146399999,3663786.46060000,3479,1764910.00000000,1764380.52700000,0
1659146400000,0.99960000,0.99970000,0.99960000,0.99970000,5139209.00000000,1659149999999,5137570.21290000,2954,4168965.00000000,4167714.31050000,0
1659150000000,0.99970000,0.99970000,0.99960000,0.99970000,1473861.00000000,1659153599999,1473320.61910000,2408,491635.00000000,491487.50950000,0
1659153600000,0.99970000,0.99970000,0.99960000,0.99970000,3750546.00000000,1659157199999,3749335.95200000,2070,2901704.00000000,2900833.48880000,0
1659157200000,0.99970000,0.99970000,0.99960000,0.99970000,1361314.00000000,1659160799999,1360845.13670000,1655,756623.00000000,756396.01310000,0
1659160800000,0.99970000,0.99970000,0.99960000,0.99970000,1487720.00000000,1659164399999,1487193.60410000,1771,686921.00000000,686714.92370000,0
1659164400000,0.99960000,0.99970000,0.99960000,0.99970000,6191442.00000000,1659167999999,6189413.33690000,2066,4479137.00000000,4477793.25890000,0
1659168000000,0.99970000,0.99970000,0.99960000,0.99960000,4772362.00000000,1659171599999,4770749.77910000,2179,2967239.00000000,2966348.82830000,0
1659171600000,0.99960000,0.99970000,0.99960000,0.99970000,2997467.00000000,1659175199999,2996373.79120000,2144,1057780.00000000,1057462.66600000,0
1659175200000,0.99970000,0.99980000,0.99960000,0.99980000,14937008.00000000,1659178799999,14932407.33210000,3141,11410171.00000000,11406765.69780000,0
1659178800000,0.99970000,0.99980000,0.99970000,0.99980000,4167791.00000000,1659182399999,4166754.24640000,3512,2135837.00000000,2135409.83260000,0
1659182400000,0.99970000,0.99980000,0.99970000,0.99970000,4500944.00000000,1659185999999,4499715.58310000,5053,1218663.00000000,1218419.26740000,0
1659186000000,0.99980000,0.99980000,0.99960000,0.99960000,11925315.00000000,1659189599999,11921576.52830000,6418,2829404.00000000,2828607.32270000,0
1659189600000,0.99960000,0.99970000,0.99960000,0.99970000,11416158.00000000,1659193199999,11412329.66020000,4014,7381234.00000000,7379019.62980000,0
1659193200000,0.99960000,0.99970000,0.99960000,0.99970000,10839469.00000000,1659196799999,10835388.55140000,3916,2553390.00000000,2552623.98300000,0
1659196800000,0.99960000,0.99970000,0.99960000,0.99970000,5458863.00000000,1659200399999,5456936.22340000,2952,2567686.00000000,2566915.69420000,0
1659200400000,0.99960000,0.99980000,0.99960000,0.99970000,25048068.00000000,1659203999999,25040621.55980000,4779,16607078.00000000,16602201.93050000,0
1659204000000,0.99970000,0.99980000,0.99960000,0.99970000,10722841.00000000,1659207599999,10719600.46570000,3332,1640572.00000000,1640126.79870000,0
1659207600000,0.99970000,0.99970000,0.99960000,0.99960000,4897533.00000000,1659211199999,4895923.51870000,4006,3495319.00000000,3494270.40430000,0
1659211200000,0.99970000,0.99970000,0.99960000,0.99960000,3968789.00000000,1659214799999,3967426.73980000,3578,2252554.00000000,2251878.23380000,0
1659214800000,0.99970000,0.99980000,0.99960000,0.99970000,4373660.00000000,1659218399999,4372391.75350000,3549,3078323.00000000,3077445.89280000,0
1659218400000,0.99970000,0.99980000,0.99970000,0.99980000,4315924.00000000,1659221999999,4314701.46560000,3626,722428.00000000,722283.51440000,0
1659222000000,0.99970000,0.99980000,0.99970000,0.99980000,2091212.00000000,1659225599999,2090698.73290000,2445,1140965.00000000,1140736.80700000,0
1659225600000,0.99980000,0.99980000,0.99970000,0.99980000,3219909.00000000,1659229199999,3219017.61640000,2477,745891.00000000,745741.82180000,0
1659229200000,0.99970000,0.99980000,0.99960000,0.99970000,9786823.00000000,1659232799999,9783891.16920000,3552,742286.00000000,742111.92710000,0
1659232800000,0.99970000,0.99980000,0.99960000,0.99980000,129818559.00000000,1659236399999,129779664.97620000,2831,68511289.00000000,68490804.62350000,0
1659236400000,0.99980000,0.99980000,0.99960000,0.99960000,12536357.00000000,1659239999999,12532658.45210000,2334,3665398.00000000,3664374.43350000,0
1659240000000,0.99970000,0.99980000,0.99960000,0.99970000,21182804.00000000,1659243599999,21176463.74700000,1593,10926257.00000000,10923003.88330000,0
1659243600000,0.99970000,0.99980000,0.99970000,0.99970000,2459284.00000000,1659247199999,2458641.29480000,1200,950800.00000000,950609.84000000,0
1659247200000,0.99970000,0.99980000,0.99970000,0.99970000,1197659.00000000,1659250799999,1197323.07970000,794,233774.00000000,233727.24520000,0
1659250800000,0.99970000,0.99980000,0.99970000,0.99970000,1751061.00000000,1659254399999,1750595.42830000,1291,597466.00000000,597346.50680000,0
1659254400000,0.99970000,0.99980000,0.99970000,0.99970000,2332014.00000000,1659257999999,2331391.09320000,1936,766974.00000000,766820.60520000,0
1659258000000,0.99970000,0.99980000,0.99970000,0.99980000,1455305.00000000,1659261599999,1454927.26720000,1381,588587.00000000,588469.28260000,0
1659261600000,0.99980000,0.99980000,0.99970000,0.99980000,2134263.00000000,1659265199999,2133708.05170000,1752,853306.00000000,853135.33880000,0
1659265200000,0.99980000,0.99980000,0.99970000,0.99980000,9556360.00000000,1659268799999,9553619.46950000,1810,1263775.00000000,1263522.24500000,0
1659268800000,0.99980000,0.99980000,0.99960000,0.99970000,5027104.00000000,1659272399999,5025551.17330000,1882,739502.00000000,739316.88400000,0
1659272400000,0.99960000,0.99980000,0.99960000,0.99970000,9871332.00000000,1659275999999,9868368.66050000,1792,8351407.00000000,8348966.85110000,0
1659276000000,0.99970000,0.99980000,0.99970000,0.99970000,2927101.00000000,1659279599999,2926404.41710000,2098,1815474.00000000,1815110.90520000,0
1659279600000,0.99970000,0.99980000,0.99970000,0.99980000,1925708.00000000,1659283199999,1925214.79950000,1436,845119.00000000,844949.97620000,0
1659283200000,0.99970000,0.99980000,0.99970000,0.99980000,1857300.00000000,1659286799999,1856787.18040000,1603,443704.00000000,443615.25920000,0
1659286800000,0.99970000,0.99980000,0.99970000,0.99970000,2453793.00000000,1659290399999,2453103.79160000,1193,469295.00000000,469201.14100000,0
1659290400000,0.99970000,0.99980000,0.99970000,0.99980000,7030510.00000000,1659293999999,7028700.23740000,4149,2993904.00000000,2993305.21920000,0
1659294000000,0.99980000,0.99980000,0.99970000,0.99970000,2869550.00000000,1659297599999,2868861.93660000,2465,1728016.00000000,1727670.39680000,0
1659297600000,0.99970000,0.99980000,0.99970000,0.99970000,5280426.00000000,1659301199999,5279235.81300000,1603,3939408.00000000,3938620.11840000,0
1659301200000,0.99970000,0.99990000,0.99970000,0.99980000,146899328.00000000,1659304799999,146875423.56240000,2215,72927925.00000000,72914132.90080000,0
1659304800000,0.99970000,0.99980000,0.99970000,0.99970000,4544737.00000000,1659308399999,4543466.31340000,3370,927345.00000000,927159.53100000,0
1659308400000,0.99970000,0.99980000,0.99960000,0.99960000,10125968.00000000,1659311999999,10122984.46470000,2671,2762409.00000000,2761673.48240000,0
