1698796800000,0.99960000,0.99970000,0.99960000,0.99970000,15403182.00000000,1698800399999,15397853.06530000,6607,8323381.00000000,8320883.98570000,0
1698800400000,0.99960000,0.99970000,0.99960000,0.99970000,10509066.00000000,1698803999999,10505240.35960000,4721,3779860.00000000,3778726.04200000,0
1698804000000,0.99970000,0.99980000,0.99960000,0.99970000,32186677.00000000,1698807599999,32176914.71180000,5962,16304279.00000000,16299603.88820000,0
1698807600000,0.99970000,0.99970000,0.99960000,0.99960000,4947068.00000000,1698811199999,4945304.38760000,2862,2152148.00000000,2151502.35560000,0
1698811200000,0.99970000,0.99980000,0.99960000,0.99970000,14043940.00000000,1698814799999,14039520.21970000,2177,11516493.00000000,11513044.95420000,0
1698814800000,0.99970000,0.99980000,0.99970000,0.99970000,8121654.00000000,1698818399999,8119692.46540000,4980,4749616.00000000,4748666.07680000,0
1698818400000,0.99970000,0.99980000,0.99970000,0.99980000,8757236.00000000,1698821999999,8754973.89470000,4303,3650655.00000000,3649924.86900000,0
1698822000000,0.99980000,0.99980000,0.99970000,0.99980000,5461904.00000000,1698825599999,5460644.14630000,3999,3787175.00000000,3786417.56500000,0
1698825600000,0.99970000,0.99990000,0.99970000,0.99990000,12658121.00000000,1698829199999,12655897.06170000,3289,9676888.00000000,9675312.42550000,0
1698829200000,0.99980000,0.99990000,0.99980000,0.99980000,4193611.00000000,1698832799999,4192931.14340000,2613,1588656.00000000,1588497.13440000,0
1698832800000,0.99990000,0.99990000,0.99980000,0.99980000,18594713.00000000,1698836399999,18592041.43400000,4051,10473766.00000000,10472718.62340000,0
1698836400000,0.99990000,0.99990000,0.99970000,0.99980000,15245535.00000000,1698839999999,15242688.50350000,3604,3271211.00000000,3270767.66520000,0
1698840000000,0.99980000,0.99990000,0.99970000,0.99990000,15245359.00000000,1698843599999,15242792.00110000,5490,10589926.00000000,10588368.70640000,0
1698843600000,0.99980000,0.99990000,0.99970000,0.99980000,21317361.00000000,1698847199999,21313007.00760000,9209,10205143.00000000,10203415.31440000,0
1698847200000,0.99980000,0.99990000,0.99970000,0.99970000,29452831.00000000,1698850799999,29446673.93260000,10697,11540312.00000000,11538421.92250000,0
1698850800000,0.99970000,0.99980000,0.99970000,0.99980000,13893942.00000000,1698854399999,13890438.84480000,6066,6650274.00000000,6648943.94520000,0
1698854400000,0.99970000,0.99990000,0.99970000,0.99980000,18332169.00000000,1698857999999,18328285.62050000,6486,11262070.00000000,11260092.46850000,0
1698858000000,0.99990000,0.99990000,0.99980000,0.99980000,9801477.00000000,1698861599999,9799848.60340000,4707,3318988.00000000,3318656.10120000,0
1698861600000,0.99990000,0.99990000,0.99970000,0.99980000,26003397.00000000,1698865199999,25999335.49540000,13081,14676247.00000000,14674533.49010000,0
1698865200000,0.99970000,1.00000000,0.99970000,0.99980000,26700168.00000000,1698868799999,26696087.73420000,13680,14307953.00000000,14306133.70600000,0
1698868800000,0.99990000,1.00000000,0.99960000,0.99960000,36524765.00000000,1698872399999,36517380.03970000,14301,7522438.00000000,7521396.92960000,0
1698872400000,0.99960000,0.99970000,0.99940000,0.99970000,43909377.00000000,1698875999999,43888736.09490000,10087,24181637.00000000,24171248.46120000,0
1698876000000,0.99970000,0.99970000,0.99960000,0.99970000,9599651.00000000,1698879599999,9596126.66080000,5827,3155212.00000000,3154265.43640000,0
1698879600000,0.99970000,0.99970000,0.99960000,0.99970000,16077885.00000000,1698883199999,16071990.15110000,4937,5363051.00000000,5361442.08470000,0
1698883200000,0.99960000,0.99970000,0.99950000,0.99950000,11514536.00000000,1698886799999,11509596.89880000,5625,4717268.00000000,4715415.58490000,0
1698886800000,0.99960000,0.99960000,0.99950000,0.99950000,9870612.00000000,1698890399999,9866183.24020000,7029,5065462.00000000,5063435.81520000,0
1698890400000,0.99960000,0.99960000,0.99940000,0.99940000,22005400.00000000,1698893999999,21994495.62530000,7000,7006162.00000000,7002829.86790000,0
1698894000000,0.99940000,0.99960000,0.99940000,0.99940000,20012551.00000000,1698897599999,20002674.24490000,8194,11056567.00000000,11051363.89140000,0
1698897600000,0.99940000,0.99950000,0.99940000,0.99940000,6654748.00000000,1698901199999,6650981.36590000,5448,2262147.00000000,2261015.92650000,0
1698901200000,0.99950000,0.99950000,0.99930000,0.99940000,17642961.00000000,1698904799999,17632804.68010000,7804,5209567.00000000,5206886.94100000,0
1698904800000,0.99940000,0.99950000,0.99930000,0.99950000,11272104.00000000,1698908399999,11265625.49670000,4419,5504517.00000000,5501509.98750000,0
1698908400000,0.99950000,0.99950000,0.99940000,0.99950000,9791624.00000000,1698911999999,9786433.44700000,4818,6844214.00000000,6840791.89300000,0
1698912000000,0.99950000,0.99960000,0.99940000,0.99950000,24095200.00000000,1698915599999,24083340.31860000,7089,13362195.00000000,13355948.41740000,0
1698915600000,0.99960000,0.99970000,0.99950000,0.99950000,30169836.00000000,1698919199999,30157821.14870000,6393,19791647.00000000,19784109.63790000,0
1698919200000,0.99950000,0.99970000,0.99950000,0.99950000,39714767.00000000,1698922799999,39698512.60180000,5094,26132768.00000000,26122427.22180000,0
1698922800000,0.99950000,0.99960000,0.99930000,0.99940000,22981877.00000000,1698926399999,22969601.15860000,5283,7658845.00000000,7654622.45140000,0
1698926400000,0.99940000,0.99960000,0.99900000,0.99960000,59066391.00000000,1698929999999,59031270.73740000,6511,30503718.00000000,30486861.20370000,0
1698930000000,0.99950000,0.99960000,0.99940000,0.99950000,31682714.00000000,1698933599999,31666338.12110000,11464,17866522.00000000,17857610.45810000,0
1698933600000,0.99950000,0.99970000,0.99940000,0.99960000,49335487.00000000,1698937199999,49312613.31270000,9530,27241844.00000000,27229741.95190000,0
1698937200000,0.99960000,0.99980000,0.99960000,0.99970000,25970483.00000000,1698940799999,25962996.15100000,6763,9019978.00000000,9017749.52560000,0
1698940800000,0.99970000,0.99990000,0.99970000,0.99970000,41186763.00000000,1698944399999,41178207.82770000,9736,21249299.00000000,21245202.78420000,0
1698944400000,0.99970000,1.00000000,0.99970000,0.99990000,20302744.00000000,1698947999999,20300216.84560000,4665,11886887.00000000,11885511.63810000,0
1698948000000,0.99990000,0.99990000,0.99980000,0.99980000,5803921.00000000,1698951599999,5802928.87440000,5104,1686586.00000000,1686417.34140000,0
1698951600000,0.99990000,1.00000000,0.99980000,0.99980000,22580038.00000000,1698955199999,22577395.00950000,3807,13181720.00000000,13180404.69390000,0
1698955200000,0.99980000,1.00000000,0.99980000,0.99990000,14754169.00000000,1698958799999,14752252.32430000,6818,9697756.00000000,9696827.31330000,0
1698958800000,0.99990000,1.00000000,0.99990000,1.00000000,6667271.00000000,1698962399999,6666960.10330000,2805,3558304.00000000,3558304.00000000,0
1698962400000,1.00000000,1.00000000,0.99980000,0.99980000,9939325.00000000,1698965999999,9937903.51150000,3274,976357.00000000,976281.53070000,0
1698966000000,0.99980000,0.99990000,0.99980000,0.99980000,2924086.00000000,1698969599999,2923686.06790000,3320,1848851.00000000,1848666.11490000,0
1698969600000,0.99980000,0.99990000,0.99970000,0.99970000,10139746.00000000,1698973199999,10137568.58580000,7012,1224950.00000000,1224802.24830000,0
1698973200000,0.99980000,0.99980000,0.99970000,0.99970000,12341769.00000000,1698976799999,12338487.92470000,6454,4214554.00000000,4213711.08920000,0
1698976800000,0.99970000,0.99980000,0.99970000,0.99970000,8044011.00000000,1698980399999,8041866.44620000,4083,2686495.00000000,2685957.70100000,0
1698980400000,0.99980000,0.99980000,0.99970000,0.99970000,6110173.00000000,1698983999999,6108598.96610000,2384,2590180.00000000,2589661.96400000,0
1698984000000,0.99980000,0.99980000,0.99970000,0.99970000,12118502.00000000,1698987599999,12115560.15320000,5096,6937038.00000000,6935650.59240000,0
1698987600000,0.99980000,0.99990000,0.99970000,0.99980000,9027082.00000000,1698991199999,9025113.22270000,4203,5409463.00000000,5408452.95450000,0
1698991200000,0.99980000,0.99990000,0.99970000,0.99980000,12225369.00000000,1698994799999,12222956.03640000,4012,4145345.00000000,4144672.20550000,0
1698994800000,0.99980000,0.99990000,0.99970000,0.99970000,25313064.00000000,1698998399999,25306243.92420000,5921,5063470.00000000,5062487.58220000,0
1698998400000,0.99980000,0.99980000,0.99970000,0.99980000,12025312.00000000,1699001999999,12022523.67860000,7303,8192722.00000000,8191083.45560000,0
1699002000000,0.99980000,0.99990000,0.99970000,0.99980000,21229086.00000000,1699005599999,21225587.54790000,4571,11654901.00000000,11653361.03560000,0
1699005600000,0.99980000,0.99990000,0.99980000,0.99980000,16150272.00000000,1699009199999,16148138.70530000,7362,10967597.00000000,10966500.24030000,0
1699009200000,0.99990000,0.99990000,0.99980000,0.99980000,9438750.00000000,1699012799999,9437438.25730000,5427,5760073.00000000,5759496.99270000,0
1699012800000,0.99990000,0.99990000,0.99980000,0.99980000,13234730.00000000,1699016399999,13233032.14630000,6254,9490923.00000000,9489973.90770000,0
1699016400000,0.99980000,0.99990000,0.99980000,0.99980000,17214694.00000000,1699019999999,17212202.36660000,5748,9513054.00000000,9512102.69460000,0
1699020000000,0.99980000,0.99990000,0.99970000,0.99980000,28224159.00000000,1699023599999,28218840.99880000,10626,9172495.00000000,9171036.36740000,0
1699023600000,0.99990000,0.99990000,0.99960000,0.99970000,28334205.00000000,1699027199999,28327844.58160000,8891,9412970.00000000,9411199.80020000,0
1699027200000,0.99970000,0.99980000,0.99960000,0.99960000,19331219.00000000,1699030799999,19325178.18040000,8822,5240965.00000000,5239648.71970000,0
1699030800000,0.99960000,0.99980000,0.99950000,0.99960000,19827250.00000000,1699034399999,19820304.97620000,6353,9868923.00000000,9865769.83470000,0
1699034400000,0.99970000,0.99970000,0.99950000,0.99960000,17520632.00000000,1699037999999,17513722.44620000,5757,8681911.00000000,8678586.86840000,0
1699038000000,0.99970000,1.00000000,0.99960000,0.99980000,40186132.00000000,1699041599999,40179987.98580000,5090,24498488.00000000,24494816.44960000,0
1699041600000,0.99980000,0.99990000,0.99970000,0.99970000,14742402.00000000,1699045199999,14739235.05050000,7282,2285662.00000000,2285375.24360000,0
1699045200000,0.99980000,0.99980000,0.99960000,0.99960000,6663707.00000000,1699048799999,6661384.78580000,4584,1172108.00000000,1171762.56540000,0
1699048800000,0.99960000,0.99970000,0.99960000,0.99960000,7331002.00000000,1699052399999,7328198.73580000,4060,1291366.00000000,1290978.59020000,0
1699052400000,0.99960000,0.99970000,0.99960000,0.99970000,7985860.00000000,1699055999999,7982804.28290000,4644,1386269.00000000,1385853.11930000,0
1699056000000,0.99960000,0.99970000,0.99950000,0.99960000,13337199.00000000,1699059599999,13331962.12460000,4863,5324473.00000000,5322509.94530000,0
1699059600000,0.99960000,0.99970000,0.99950000,0.99950000,10464576.00000000,1699063199999,10460186.98170000,3466,5049650.00000000,5047746.65580000,0
1699063200000,0.99950000,0.99970000,0.99950000,0.99970000,10978029.00000000,1699066799999,10974004.22320000,3590,5969742.00000000,5967808.35170000,0
1699066800000,0.99960000,0.99970000,0.99960000,0.99960000,6231378.00000000,1699070399999,6229318.28820000,2801,4328394.00000000,4327095.48180000,0
1699070400000,0.99970000,0.99970000,0.99960000,0.99960000,2882208.00000000,1699073999999,2881108.95580000,2597,538390.00000000,538228.48300000,0
1699074000000,0.99970000,0.99970000,0.99960000,0.99960000,5346945.00000000,1699077599999,5344885.09730000,3853,788753.00000000,788516.37410000,0
1699077600000,0.99970000,0.99970000,0.99960000,0.99960000,10351070.00000000,1699081199999,10347503.40980000,4827,5738378.00000000,5736656.48660000,0
1699081200000,0.99960000,0.99970000,0.99960000,0.99970000,4512821.00000000,1699084799999,4511233.93070000,3096,2180591.00000000,2179936.82270000,0
1699084800000,0.99960000,0.99970000,0.99960000,0.99970000,8168407.00000000,1699088399999,8165373.19540000,5093,2335582.00000000,2334881.32540000,0
1699088400000,0.99970000,0.99970000,0.99960000,0.99960000,10989257.00000000,1699091999999,10985670.43720000,4022,8091400.00000000,8088972.58000000,0
1699092000000,0.99970000,0.99970000,0.99960000,0.99960000,7270562.00000000,1699095599999,7267923.86010000,4511,2700849.00000000,2700038.74530000,0
1699095600000,0.99960000,0.99970000,0.99950000,0.99960000,9595219.00000000,1699099199999,9591429.67850000,5086,2008074.00000000,2007372.82580000,0
1699099200000,0.99950000,0.99960000,0.99950000,0.99960000,2729616.00000000,1699102799999,2728374.55160000,2471,1233596.00000000,1233102.56160000,0
1699102800000,0.99960000,0.99960000,0.99950000,0.99950000,5030928.00000000,1699106399999,5028693.66090000,3099,2811249.00000000,2810124.50040000,0
1699106400000,0.99960000,0.99960000,0.99950000,0.99960000,4830833.00000000,1699109999999,4828544.04240000,3555,1264589.00000000,1264083.16440000,0
1699110000000,0.99950000,0.99960000,0.99950000,0.99950000,2623725.00000000,1699113599999,2622478.66430000,3126,655268.00000000,655005.89280000,0
1699113600000,0.99960000,0.99960000,0.99950000,0.99950000,2471184.00000000,1699117199999,2470056.90650000,2858,1084985.00000000,1084551.00600000,0
1699117200000,0.99950000,0.99960000,0.99950000,0.99950000,3490271.00000000,1699120799999,3488701.04110000,2693,1751766.00000000,1751065.29360000,0
1699120800000,0.99950000,0.99960000,0.99950000,0.99960000,3013490.00000000,1699124399999,3012128.37460000,3133,1451196.00000000,1450615.52160000,0
1699124400000,0.99960000,0.99960000,0.99950000,0.99950000,4639783.00000000,1699127999999,4637514.31320000,4698,512047.00000000,511842.18120000,0
1699128000000,0.99950000,0.99960000,0.99940000,0.99940000,2767658.00000000,1699131599999,2766213.02590000,2265,1476217.00000000,1475481.30230000,0
1699131600000,0.99950000,0.99950000,0.99940000,0.99940000,8067158.00000000,1699135199999,8062407.03240000,4339,893272.00000000,892825.36400000,0
1699135200000,0.99940000,0.99950000,0.99930000,0.99950000,7713350.00000000,1699138799999,7708915.92120000,4048,5045013.00000000,5042222.76410000,0
1699138800000,0.99950000,0.99950000,0.99940000,0.99950000,5526369.00000000,1699142399999,5523433.84020000,4462,3806616.00000000,3804712.69200000,0
1699142400000,0.99940000,0.99950000,0.99920000,0.99930000,18909224.00000000,1699145999999,18897510.82750000,7041,7350629.00000000,7346230.31000000,0
1699146000000,0.99930000,0.99940000,0.99920000,0.99930000,11688956.00000000,1699149599999,11680758.55100000,4870,7880626.00000000,7875197.91310000,0
1699149600000,0.99930000,0.99940000,0.99900000,0.99930000,14651274.00000000,1699153199999,14640401.39150000,4979,6981521.00000000,6976633.59590000,0
1699153200000,0.99930000,0.99940000,0.99910000,0.99940000,18838233.00000000,1699156799999,18823967.75950000,9638,9322913.00000000,9316258.05570000,0
1699156800000,0.99930000,0.99940000,0.99920000,0.99940000,7816863.00000000,1699160399999,7811511.51210000,4963,2770777.00000000,2768963.35190000,0
1699160400000,0.99930000,0.99940000,0.99930000,0.99940000,4737482.00000000,1699163999999,4734369.31360000,3698,2035510.00000000,2034288.69400000,0
1699164000000,0.99940000,0.99940000,0.99920000,0.99940000,5755432.00000000,1699167599999,5751409.55500000,3009,3892241.00000000,3889599.99920000,0
1699167600000,0.99940000,0.99950000,0.99930000,0.99940000,14613418.00000000,1699171199999,14604163.39940000,3659,6880124.00000000,6876085.62290000,0
1699171200000,0.99940000,0.99940000,0.99920000,0.99930000,8554851.00000000,1699174799999,8548733.72710000,4130,2216367.00000000,2214984.50290000,0
1699174800000,0.99930000,0.99930000,0.99920000,0.99930000,8930486.00000000,1699178399999,8923854.13270000,4604,5125215.00000000,5121627.34950000,0
1699178400000,0.99930000,0.99930000,0.99900000,0.99930000,10356436.00000000,1699181999999,10348044.79370000,4130,3902973.00000000,3899884.99470000,0
1699182000000,0.99920000,0.99940000,0.99920000,0.99920000,17473316.00000000,1699185599999,17460891.97310000,4565,8785797.00000000,8779716.95330000,0
1699185600000,0.99930000,0.99940000,0.99920000,0.99930000,11247865.00000000,1699189199999,11239823.81240000,4221,5661255.00000000,5657308.97800000,0
1699189200000,0.99920000,0.99940000,0.99910000,0.99920000,14514500.00000000,1699192799999,14503461.09800000,6346,4934055.00000000,4930643.82180000,0
1699192800000,0.99920000,0.99930000,0.99900000,0.99910000,13867094.00000000,1699196399999,13855144.52400000,4498,5820759.00000000,5815936.48220000,0
1699196400000,0.99920000,0.99920000,0.99910000,0.99910000,3568683.00000000,1699199999999,3565590.07190000,3539,1188866.00000000,1187914.90720000,0
1699200000000,0.99910000,0.99920000,0.99910000,0.99920000,3463549.00000000,1699203599999,3460695.81640000,3085,2640105.00000000,2637992.91600000,0
1699203600000,0.99910000,0.99930000,0.99910000,0.99920000,15232006.00000000,1699207199999,15220241.00090000,6676,5734983.00000000,5730839.42300000,0
1699207200000,0.99920000,0.99940000,0.99920000,0.99930000,7384081.00000000,1699210799999,7378758.64950000,4421,4055286.00000000,4052448.10110000,0
1699210800000,0.99930000,0.99930000,0.99920000,0.99920000,4730794.00000000,1699214399999,4727149.70500000,3683,1403402.00000000,1402419.61860000,0
1699214400000,0.99920000,0.99930000,0.99920000,0.99920000,2416948.00000000,1699217999999,2415139.58400000,2632,1251424.00000000,1250548.00320000,0
1699218000000,0.99930000,0.99940000,0.99880000,0.99890000,12017872.00000000,1699221599999,12007391.05150000,7087,4054697.00000000,4051015.25850000,0
1699221600000,0.99890000,0.99920000,0.99870000,0.99920000,12765250.00000000,1699225199999,12752463.12020000,5721,8208220.00000000,8200060.64230000,0
1699225200000,0.99920000,0.99940000,0.99910000,0.99940000,12780038.00000000,1699228799999,12771142.28050000,5639,9215444.00000000,9209098.92090000,0
1699228800000,0.99940000,0.99940000,0.99910000,0.99920000,12334779.00000000,1699232399999,12325222.85820000,5452,3537701.00000000,3534993.00940000,0
1699232400000,0.99920000,0.99930000,0.99910000,0.99910000,11295873.00000000,1699235999999,11287078.84770000,4241,2575949.00000000,2574144.27750000,0
1699236000000,0.99920000,0.99920000,0.99910000,0.99910000,5613017.00000000,1699239599999,5608131.18350000,3358,1658988.00000000,1657660.80960000,0
1699239600000,0.99920000,0.99920000,0.99900000,0.99910000,8884094.00000000,1699243199999,8876468.23300000,4667,4061966.00000000,4058682.41440000,0
1699243200000,0.99920000,0.99930000,0.99910000,0.99930000,17026733.00000000,1699246799999,17012849.14320000,4234,10049393.00000000,10041412.85640000,0
1699246800000,0.99930000,0.99930000,0.99910000,0.99920000,11831787.00000000,1699250399999,11822295.47670000,6881,3915876.00000000,3912869.99420000,0
1699250400000,0.99920000,0.99930000,0.99910000,0.99910000,11748982.00000000,1699253999999,11739233.03400000,5139,4401236.00000000,4397781.58810000,0
1699254000000,0.99910000,0.99940000,0.99910000,0.99920000,15111905.00000000,1699257599999,15100618.77150000,5189,9043542.00000000,9036865.76300000,0
1699257600000,0.99930000,0.99950000,0.99920000,0.99930000,26246175.00000000,1699261199999,26227934.28280000,5159,16044858.00000000,16034107.27440000,0
1699261200000,0.99930000,0.99950000,0.99930000,0.99940000,20197805.00000000,1699264799999,20186257.20840000,4939,12852499.00000000,12845451.24250000,0
1699264800000,0.99940000,0.99970000,0.99940000,0.99950000,32015161.00000000,1699268399999,32002092.76050000,9206,17697232.00000000,17690193.89740000,0
1699268400000,0.99950000,0.99960000,0.99940000,0.99940000,11445530.00000000,1699271999999,11440024.23910000,3838,2725402.00000000,2724279.52280000,0
1699272000000,0.99950000,0.99950000,0.99940000,0.99940000,11141336.00000000,1699275599999,11135284.87450000,4905,6336761.00000000,6333592.61950000,0
1699275600000,0.99950000,0.99950000,0.99920000,0.99930000,28111375.00000000,1699279199999,28093193.96030000,9007,12877172.00000000,12869040.88230000,0
1699279200000,0.99940000,0.99940000,0.99920000,0.99920000,11850015.00000000,1699282799999,11842034.10430000,7071,5415056.00000000,5411676.14560000,0
1699282800000,0.99930000,0.99960000,0.99910000,0.99950000,43961179.00000000,1699286399999,43933548.26090000,10070,25671580.00000000,25655836.07770000,0
1699286400000,0.99950000,0.99970000,0.99950000,0.99950000,44458509.00000000,1699289999999,44441529.59540000,9860,21838547.00000000,21831098.31770000,0
1699290000000,0.99950000,0.99970000,0.99950000,0.99960000,14927437.00000000,1699293599999,14921164.88060000,6521,9347354.00000000,9343729.27150000,0
1699293600000,0.99960000,0.99980000,0.99960000,0.99970000,14827840.00000000,1699297199999,14823318.28990000,4553,8913288.00000000,8910681.17980000,0
1699297200000,0.99970000,0.99990000,0.99970000,0.99970000,19327723.00000000,1699300799999,19323559.84910000,5141,9366761.00000000,9364898.31900000,0
1699300800000,0.99970000,0.99990000,0.99970000,0.99980000,28660784.00000000,1699304399999,28654894.42250000,5403,19067542.00000000,19063889.58960000,0
1699304400000,0.99980000,0.99990000,0.99970000,0.99970000,12900778.00000000,1699307999999,12897743.51850000,6230,3830531.00000000,3829792.38280000,0
1699308000000,0.99980000,0.99980000,0.99960000,0.99970000,15914837.00000000,1699311599999,15909948.80270000,7048,9046285.00000000,9043709.37440000,0
1699311600000,0.99980000,0.99980000,0.99970000,0.99970000,9018742.00000000,1699315199999,9016248.19690000,5862,2118195.00000000,2117771.36100000,0
1699315200000,0.99980000,0.99980000,0.99960000,0.99960000,23641220.00000000,1699318799999,23632594.62040000,8090,2459093.00000000,2458462.67590000,0
1699318800000,0.99960000,0.99970000,0.99960000,0.99960000,13147074.00000000,1699322399999,13142591.17220000,5651,7760018.00000000,7757689.99460000,0
1699322400000,0.99970000,0.99970000,0.99960000,0.99960000,7376357.00000000,1699325999999,7373537.75570000,5103,1312985.00000000,1312591.10450000,0
1699326000000,0.99970000,0.99970000,0.99960000,0.99960000,7990978.00000000,1699329599999,7988317.84470000,6459,5362359.00000000,5360750.29230000,0
1699329600000,0.99970000,0.99980000,0.99960000,0.99960000,14667288.00000000,1699333199999,14662696.77860000,5220,9017782.00000000,9015089.41250000,0
1699333200000,0.99960000,0.99970000,0.99960000,0.99960000,6779711.00000000,1699336799999,6777285.94010000,4488,2868245.00000000,2867384.52650000,0
1699336800000,0.99960000,0.99970000,0.99960000,0.99960000,12139336.00000000,1699340399999,12135059.55630000,4898,5792907.00000000,5791169.12790000,0
1699340400000,0.99970000,0.99980000,0.99960000,0.99960000,10089492.00000000,1699343999999,10086509.39130000,3748,4401041.00000000,4399856.91210000,0
1699344000000,0.99960000,0.99980000,0.99960000,0.99970000,20831050.00000000,1699347599999,20826155.01700000,4726,16293864.00000000,16290353.78050000,0
1699347600000,0.99980000,0.99980000,0.99970000,0.99970000,14149504.00000000,1699351199999,14145658.29730000,5985,3991485.00000000,3990686.70300000,0
1699351200000,0.99970000,0.99980000,0.99970000,0.99970000,24029095.00000000,1699354799999,24022409.99010000,8141,5237186.00000000,5236138.56280000,0
1699354800000,0.99970000,0.99980000,0.99960000,0.99960000,17027036.00000000,1699358399999,17022340.96570000,4532,5793543.00000000,5792365.79830000,0
1699358400000,0.99960000,0.99970000,0.99960000,0.99960000,9197386.00000000,1699361999999,9193976.70260000,4412,2696570.00000000,2695761.02900000,0
1699362000000,0.99960000,0.99970000,0.99950000,0.99950000,27583234.00000000,1699365599999,27571673.31080000,4815,15285863.00000000,15279749.72290000,0
1699365600000,0.99960000,0.99960000,0.99950000,0.99950000,24655196.00000000,1699369199999,24644116.02990000,5553,12476279.00000000,12471288.48840000,0
1699369200000,0.99960000,0.99980000,0.99950000,0.99970000,38177055.00000000,1699372799999,38163486.19780000,10581,23932456.00000000,23924290.25120000,0
1699372800000,0.99980000,0.99990000,0.99970000,0.99980000,39155972.00000000,1699376399999,39148210.02380000,6332,19312624.00000000,19308993.30930000,0
1699376400000,0.99990000,0.99990000,0.99970000,0.99990000,13359205.00000000,1699379999999,13356910.11840000,6029,6980036.00000000,6979094.44120000,0
1699380000000,0.99990000,1.00000000,0.99980000,0.99980000,41723795.00000000,1699383599999,41718949.78150000,10305,21541177.00000000,21539157.07490000,0
1699383600000,0.99990000,0.99990000,0.99970000,0.99970000,32660136.00000000,1699387199999,32652535.88220000,9460,6555388.00000000,6554178.11310000,0
1699387200000,0.99970000,0.99980000,0.99970000,0.99970000,33843921.00000000,1699390799999,33834641.68680000,10025,8738631.00000000,8736883.27380000,0
1699390800000,0.99970000,0.99980000,0.99950000,0.99950000,22851883.00000000,1699394399999,22843354.72720000,6687,8585617.00000000,8582484.60380000,0
1699394400000,0.99960000,0.99960000,0.99940000,0.99950000,14659114.00000000,1699397999999,14652121.19870000,5734,5209597.00000000,5207370.00400000,0
1699398000000,0.99950000,0.99970000,0.99950000,0.99960000,12190410.00000000,1699401599999,12185652.94140000,3620,7878627.00000000,7875618.84650000,0
1699401600000,0.99960000,0.99970000,0.99950000,0.99960000,12017208.00000000,1699405199999,12011810.17690000,3109,3942349.00000000,3940776.76260000,0
1699405200000,0.99960000,0.99960000,0.99940000,0.99950000,16202838.00000000,1699408799999,16194709.63220000,3509,5634266.00000000,5631641.06320000,0
1699408800000,0.99960000,0.99960000,0.99950000,0.99960000,5316538.00000000,1699412399999,5314061.36960000,2942,1816386.00000000,1815659.44560000,0
1699412400000,0.99960000,0.99960000,0.99950000,0.99960000,10027150.00000000,1699415999999,10022814.83000000,2285,6784050.00000000,6781336.38000000,0
1699416000000,0.99960000,0.99970000,0.99950000,0.99960000,16840599.00000000,1699419599999,16833519.25920000,3210,10819107.00000000,10814801.87710000,0
1699419600000,0.99960000,0.99970000,0.99960000,0.99970000,7309836.00000000,1699423199999,7307200.92170000,2698,2888561.00000000,2887694.43170000,0
1699423200000,0.99970000,0.99970000,0.99960000,0.99960000,15322095.00000000,1699426799999,15317029.28600000,2919,10631240.00000000,10628050.62800000,0
1699426800000,0.99970000,0.99970000,0.99960000,0.99970000,10972521.00000000,1699430399999,10968502.72010000,3091,3707285.00000000,3706172.81450000,0
1699430400000,0.99960000,0.99980000,0.99960000,0.99980000,25897012.00000000,1699433999999,25889437.14320000,4542,17195059.00000000,17190157.85310000,0
1699434000000,0.99970000,0.99980000,0.99970000,0.99970000,12132656.00000000,1699437599999,12129796.71590000,3527,7805127.00000000,7803565.97460000,0
1699437600000,0.99970000,0.99980000,0.99960000,0.99970000,10338986.00000000,1699441199999,10335745.90710000,3702,2334037.00000000,2333398.52280000,0
1699441200000,0.99960000,0.99970000,0.99960000,0.99960000,4695318.00000000,1699444799999,4693621.16270000,3381,1812899.00000000,1812355.13030000,0
1699444800000,0.99970000,0.99980000,0.99960000,0.99980000,14540353.00000000,1699448399999,14536047.01190000,4858,8905416.00000000,8902850.48150000,0
1699448400000,0.99980000,0.99980000,0.99970000,0.99970000,12064426.00000000,1699451999999,12061455.96310000,4041,6492909.00000000,6491610.41820000,0
1699452000000,0.99970000,0.99980000,0.99960000,0.99970000,26477381.00000000,1699455599999,26470075.74260000,6306,16297575.00000000,16293430.50900000,0
1699455600000,0.99970000,0.99990000,0.99970000,0.99990000,26986698.00000000,1699459199999,26980542.42110000,7664,17462894.00000000,17459429.90080000,0
1699459200000,0.99980000,1.00000000,0.99980000,0.99990000,29843620.00000000,1699462799999,29840705.62240000,9089,21219579.00000000,21217954.38250000,0
1699462800000,1.00000000,1.00000000,0.99980000,0.99990000,13289049.00000000,1699466399999,13287997.50640000,4646,5836678.00000000,5836383.50910000,0
1699466400000,1.00000000,1.00000000,0.99990000,0.99990000,8263074.00000000,1699469999999,8262557.12160000,5150,3094290.00000000,3094290.00000000,0
1699470000000,0.99990000,1.00000000,0.99980000,0.99980000,7222698.00000000,1699473599999,7221760.17290000,4654,2408014.00000000,2407828.37340000,0
1699473600000,0.99980000,1.00000000,0.99980000,0.99990000,28786688.00000000,1699477199999,28782324.78330000,6852,9846697.00000000,9845715.60070000,0
1699477200000,0.99990000,0.99990000,0.99960000,0.99980000,24323299.00000000,1699480799999,24317140.01640000,7665,7977158.00000000,7975360.20500000,0
1699480800000,0.99980000,0.99990000,0.99970000,0.99980000,14681021.00000000,1699484399999,14677746.91540000,7550,9514290.00000000,9512408.01430000,0
1699484400000,0.99980000,0.99990000,0.99970000,0.99970000,21846966.00000000,1699487999999,21841292.46880000,7537,6521807.00000000,6520509.73450000,0
1699488000000,0.99970000,0.99980000,0.99960000,0.99980000,19716094.00000000,1699491599999,19710060.23460000,7269,10421269.00000000,10418246.15740000,0
1699491600000,0.99970000,0.99980000,0.99960000,0.99960000,13556281.00000000,1699495199999,13552619.53940000,7098,4866960.00000000,4865962.66300000,0
1699495200000,0.99960000,0.99980000,0.99960000,0.99980000,15426805.00000000,1699498799999,15422417.96130000,7280,11008189.00000000,11005318.43460000,0
1699498800000,0.99970000,0.99980000,0.99960000,0.99960000,14054462.00000000,1699502399999,14049771.50930000,7055,3579134.00000000,3578110.16220000,0
1699502400000,0.99970000,0.99970000,0.99960000,0.99970000,13949248.00000000,1699505999999,13944405.16510000,6323,7368643.00000000,7366432.40710000,0
1699506000000,0.99960000,0.99970000,0.99960000,0.99960000,17812432.00000000,1699509599999,17805894.16380000,7779,5871366.00000000,5869604.59020000,0
1699509600000,0.99960000,0.99970000,0.99960000,0.99960000,16809959.00000000,1699513199999,16804275.68220000,6600,10406658.00000000,10403536.00260000,0
1699513200000,0.99960000,0.99970000,0.99930000,0.99960000,41814275.00000000,1699516799999,41797038.89330000,9716,18763691.00000000,18756485.06800000,0
1699516800000,0.99960000,0.99970000,0.99950000,0.99970000,13684505.00000000,1699520399999,13679636.51680000,5273,6675733.00000000,6673668.05560000,0
1699520400000,0.99960000,0.99970000,0.99950000,0.99960000,22219936.00000000,1699523999999,22210202.13970000,6819,6747070.00000000,6744438.91290000,0
1699524000000,0.99950000,0.99960000,0.99950000,0.99950000,28461189.00000000,1699527599999,28448468.23050000,10805,15098250.00000000,15092210.70000000,0
1699527600000,0.99950000,0.99960000,0.99940000,0.99960000,18952309.00000000,1699531199999,18943245.45170000,7427,7738414.00000000,7734958.24840000,0
1699531200000,0.99960000,0.99960000,0.99950000,0.99960000,20385280.00000000,1699534799999,20375949.95260000,11774,8625926.00000000,8622475.62960000,0
1699534800000,0.99950000,0.99960000,0.99940000,0.99950000,24921116.00000000,1699538399999,24909374.69330000,8575,12481092.00000000,12475734.77940000,0
1699538400000,0.99950000,0.99960000,0.99940000,0.99950000,45450745.00000000,1699541999999,45427660.18000000,15734,28598921.00000000,28585067.25530000,0
1699542000000,0.99960000,0.99980000,0.99940000,0.99960000,86768641.00000000,1699545599999,86734917.22660000,19594,52074553.00000000,52056406.51260000,0
1699545600000,0.99970000,0.99980000,0.99950000,0.99970000,99542406.00000000,1699549199999,99512413.60060000,27501,52745675.00000000,52731526.23560000,0
1699549200000,0.99970000,0.99990000,0.99970000,0.99970000,42201332.00000000,1699552799999,42191910.82290000,10678,16139686.00000000,16136634.84430000,0
1699552800000,0.99980000,0.99990000,0.99970000,0.99980000,26766981.00000000,1699556399999,26760900.08660000,7736,16508631.00000000,16505402.02800000,0
1699556400000,0.99980000,0.99990000,0.99980000,0.99980000,20418335.00000000,1699559999999,20414880.27380000,5328,6289408.00000000,6288779.05920000,0
1699560000000,0.99990000,0.99990000,0.99970000,0.99980000,21307421.00000000,1699563599999,21303384.59380000,9234,12190042.00000000,12188128.13420000,0
1699563600000,0.99980000,0.99990000,0.99970000,0.99990000,24766994.00000000,1699567199999,24761924.84810000,10802,13585324.00000000,13583029.33830000,0
1699567200000,0.99990000,0.99990000,0.99980000,0.99990000,10861434.00000000,1699570799999,10859927.20520000,7063,6654920.00000000,6654254.50800000,0
1699570800000,0.99980000,0.99990000,0.99980000,0.99980000,12496719.00000000,1699574399999,12494806.88780000,9259,5872316.00000000,5871728.76840000,0
1699574400000,0.99990000,0.99990000,0.99980000,0.99980000,11034972.00000000,1699577999999,11033417.25050000,8843,6522449.00000000,6521796.75510000,0
1699578000000,0.99980000,1.00000000,0.99980000,0.99980000,16020762.00000000,1699581599999,16018697.96860000,6189,8364605.00000000,8363770.32040000,0
1699581600000,0.99990000,1.00000000,0.99970000,0.99980000,29233829.00000000,1699585199999,29229165.30700000,7362,11543536.00000000,11542101.41540000,0
1699585200000,0.99990000,0.99990000,0.99970000,0.99970000,24766509.00000000,1699588799999,24761227.15180000,5460,7758043.00000000,7756754.44040000,0
1699588800000,0.99980000,0.99990000,0.99970000,0.99980000,14077726.00000000,1699592399999,14075397.38070000,6191,9829788.00000000,9828330.69860000,0
1699592400000,0.99990000,1.00000000,0.99980000,0.99990000,36558399.00000000,1699595999999,36555533.77960000,7228,23877911.00000000,23876551.80370000,0
1699596000000,0.99990000,1.00000000,0.99980000,0.99990000,23019212.00000000,1699599599999,23016594.72360000,6803,9569552.00000000,9568725.23300000,0
1699599600000,1.00000000,1.00000000,0.99980000,0.99980000,18513068.00000000,1699603199999,18511091.52160000,5308,8874742.00000000,8874046.29040000,0
1699603200000,0.99980000,0.99990000,0.99980000,0.99980000,15240439.00000000,1699606799999,15238083.66220000,7561,6927500.00000000,6926807.25000000,0
1699606800000,0.99980000,0.99990000,0.99980000,0.99980000,13292290.00000000,1699610399999,13290601.83350000,6802,9702915.00000000,9701944.70850000,0
1699610400000,0.99990000,0.99990000,0.99980000,0.99980000,20772928.00000000,1699613999999,20769821.95700000,7065,10485426.00000000,10484377.45740000,0
1699614000000,0.99980000,0.99990000,0.99970000,0.99970000,20551757.00000000,1699617599999,20547295.81500000,12712,6764218.00000000,6763026.72200000,0
1699617600000,0.99980000,0.99990000,0.99970000,0.99980000,19006798.00000000,1699621199999,19003092.72390000,11534,8260574.00000000,8259446.32440000,0
1699621200000,0.99980000,0.99990000,0.99980000,0.99980000,26684549.00000000,1699624799999,26680810.44410000,9733,15983539.00000000,15981940.64610000,0
1699624800000,0.99980000,0.99990000,0.99960000,0.99960000,30556089.00000000,1699628399999,30549147.48590000,10537,10659400.00000000,10657421.40040000,0
1699628400000,0.99960000,0.99990000,0.99960000,0.99980000,35686164.00000000,1699631999999,35677667.48280000,10650,23697255.00000000,23692356.45680000,0
1699632000000,0.99980000,0.99990000,0.99980000,0.99980000,24718309.00000000,1699635599999,24714183.02080000,11877,8176826.00000000,8176008.31740000,0
1699635600000,0.99980000,0.99990000,0.99980000,0.99980000,22517034.00000000,1699639199999,22513341.56140000,7562,8109682.00000000,8108871.03180000,0
1699639200000,0.99980000,0.99990000,0.99960000,0.99960000,20464291.00000000,1699642799999,20459253.54440000,7950,3875311.00000000,3874520.07860000,0
1699642800000,0.99960000,0.99970000,0.99950000,0.99960000,22873662.00000000,1699646399999,22864725.40390000,8130,5213575.00000000,5211736.09860000,0
1699646400000,0.99960000,0.99970000,0.99950000,0.99960000,16035301.00000000,1699649999999,16028481.67650000,6373,9338593.00000000,9334901.87390000,0
1699650000000,0.99970000,0.99970000,0.99940000,0.99950000,24680600.00000000,1699653599999,24669176.02090000,10150,6073440.00000000,6070897.46470000,0
1699653600000,0.99950000,0.99960000,0.99940000,0.99950000,17119212.00000000,1699657199999,17110936.79700000,6971,7813820.00000000,7810292.41400000,0
1699657200000,0.99950000,0.99960000,0.99940000,0.99940000,18899931.00000000,1699660799999,18890704.20560000,7168,7161403.00000000,7158165.53490000,0
1699660800000,0.99950000,0.99960000,0.99940000,0.99950000,14681063.00000000,1699664399999,14673819.95390000,6900,9592452.00000000,9587861.56140000,0
1699664400000,0.99950000,0.99950000,0.99930000,0.99950000,17055434.00000000,1699667999999,17045565.16630000,10711,4889779.00000000,4887211.22660000,0
1699668000000,0.99950000,0.99950000,0.99930000,0.99950000,16009183.00000000,1699671599999,16000200.68200000,7577,7895864.00000000,7891755.92600000,0
1699671600000,0.99940000,0.99950000,0.99940000,0.99950000,5262428.00000000,1699675199999,5259470.57030000,5137,2000271.00000000,1999270.86450000,0
1699675200000,0.99950000,0.99950000,0.99930000,0.99940000,14808046.00000000,1699678799999,14799291.60830000,11811,3703879.00000000,3701860.82160000,0
1699678800000,0.99930000,0.99950000,0.99930000,0.99950000,6152792.00000000,1699682399999,6149104.25010000,18686,3324469.00000000,3322616.94330000,0
1699682400000,0.99950000,0.99950000,0.99940000,0.99940000,3571694.00000000,1699685999999,3569728.31350000,15198,1773299.00000000,1772412.35050000,0
1699686000000,0.99950000,0.99950000,0.99940000,0.99940000,8733297.00000000,1699689599999,8728439.15740000,10852,3821356.00000000,3819445.32200000,0
1699689600000,0.99940000,0.99950000,0.99940000,0.99950000,5828379.00000000,1699693199999,5825013.68830000,11032,1317157.00000000,1316498.42150000,0
1699693200000,0.99950000,0.99950000,0.99940000,0.99950000,13492653.00000000,1699696799999,13485655.75940000,8616,10983512.00000000,10978020.24400000,0
1699696800000,0.99950000,0.99950000,0.99940000,0.99940000,3151817.00000000,1699700399999,3150090.85140000,6187,1649416.00000000,1648591.29200000,0
1699700400000,0.99940000,0.99950000,0.99940000,0.99940000,4434862.00000000,1699703999999,4432333.43100000,7086,1323482.00000000,1322820.25900000,0
1699704000000,0.99940000,0.99950000,0.99940000,0.99950000,3305523.00000000,1699707599999,3303747.19850000,7024,2075123.00000000,2074085.43850000,0
1699707600000,0.99950000,0.99950000,0.99930000,0.99930000,9990040.00000000,1699711199999,9984147.12220000,9133,3338912.00000000,3337040.08350000,0
1699711200000,0.99930000,0.99950000,0.99930000,0.99940000,14178211.00000000,1699714799999,14169449.51740000,12001,9828225.00000000,9822435.08270000,0
1699714800000,0.99940000,0.99950000,0.99930000,0.99940000,11546178.00000000,1699718399999,11539172.34660000,15266,3003315.00000000,3001692.93990000,0
1699718400000,0.99940000,0.99950000,0.99930000,0.99940000,13908594.00000000,1699721999999,13899938.18400000,12019,9610159.00000000,9604457.59380000,0
1699722000000,0.99950000,0.99960000,0.99930000,0.99960000,21805133.00000000,1699725599999,21793044.40490000,14072,12092389.00000000,12086135.13570000,0
1699725600000,0.99950000,0.99980000,0.99950000,0.99970000,10806390.00000000,1699729199999,10802742.32480000,8283,6068327.00000000,6066388.79070000,0
1699729200000,0.99970000,0.99980000,0.99970000,0.99970000,12259583.00000000,1699732799999,12256087.36220000,5231,1822371.00000000,1822006.52580000,0
1699732800000,0.99970000,0.99980000,0.99970000,0.99980000,8620270.00000000,1699736399999,8617866.55210000,7254,1826331.00000000,1825965.73380000,0
1699736400000,0.99970000,0.99980000,0.99960000,0.99970000,14855987.00000000,1699739999999,14851633.73390000,6593,6777232.00000000,6775321.32230000,0
1699740000000,0.99980000,0.99980000,0.99960000,0.99970000,18314922.00000000,1699743599999,18309226.66030000,7717,8192644.00000000,8190203.73380000,0
1699743600000,0.99970000,0.99980000,0.99960000,0.99980000,15180374.00000000,1699747199999,15176426.84990000,8541,10343041.00000000,10340598.88220000,0
1699747200000,0.99980000,0.99990000,0.99970000,0.99970000,18678291.00000000,1699750799999,18673628.30800000,12732,6396595.00000000,6395323.08310000,0
1699750800000,0.99970000,0.99980000,0.99960000,0.99960000,11778372.00000000,1699754399999,11774529.65720000,7686,2236499.00000000,2235842.23050000,0
1699754400000,0.99960000,0.99970000,0.99960000,0.99960000,5551323.00000000,1699757999999,5549325.09260000,6598,2226218.00000000,2225550.13460000,0
1699758000000,0.99960000,0.99970000,0.99960000,0.99970000,7448546.00000000,1699761599999,7445996.97830000,5899,4303967.00000000,4302675.80990000,0
1699761600000,0.99970000,0.99970000,0.99960000,0.99970000,4269002.00000000,1699765199999,4267538.77420000,6084,2443750.00000000,2443016.87500000,0
1699765200000,0.99970000,0.99970000,0.99960000,0.99970000,7051390.00000000,1699768799999,7048863.25980000,4944,2938158.00000000,2937276.55260000,0
1699768800000,0.99960000,0.99970000,0.99960000,0.99970000,7408460.00000000,1699772399999,7405831.98010000,5154,3353641.00000000,3352634.90770000,0
1699772400000,0.99970000,0.99980000,0.99960000,0.99970000,13073838.00000000,1699775999999,13069986.43880000,7684,7888191.00000000,7885945.94400000,0
1699776000000,0.99980000,0.99980000,0.99970000,0.99970000,5536423.00000000,1699779599999,5534979.70270000,7244,2176296.00000000,2175860.74080000,0
1699779600000,0.99980000,0.99980000,0.99970000,0.99980000,10844451.00000000,1699783199999,10841671.59850000,6869,4739338.00000000,4738390.13240000,0
1699783200000,0.99970000,0.99980000,0.99960000,0.99970000,9112151.00000000,1699786799999,9109265.66260000,5018,3699729.00000000,3698649.78430000,0
1699786800000,0.99960000,0.99970000,0.99960000,0.99970000,2745066.00000000,1699790399999,2744064.74410000,4464,967705.00000000,967414.68850000,0
1699790400000,0.99960000,0.99970000,0.99950000,0.99960000,10526649.00000000,1699793999999,10522258.94400000,7552,3486743.00000000,3485406.45900000,0
1699794000000,0.99960000,0.99960000,0.99950000,0.99950000,11931931.00000000,1699797599999,11926598.44770000,7439,6334132.00000000,6331598.34720000,0
1699797600000,0.99950000,0.99970000,0.99950000,0.99950000,10304981.00000000,1699801199999,10300554.28640000,6996,4512641.00000000,4510839.07110000,0
1699801200000,0.99950000,0.99960000,0.99940000,0.99950000,16181796.00000000,1699804799999,16173279.67930000,7928,2774287.00000000,2773000.29010000,0
1699804800000,0.99950000,0.99960000,0.99940000,0.99960000,11424870.00000000,1699808399999,11419063.67200000,6752,6271582.00000000,6268485.60960000,0
1699808400000,0.99950000,0.99960000,0.99940000,0.99950000,13880529.00000000,1699811999999,13873202.39170000,7337,6673787.00000000,6670610.48980000,0
1699812000000,0.99950000,0.99960000,0.99950000,0.99960000,3966820.00000000,1699815599999,3965073.52600000,6961,2369360.00000000,2368412.25600000,0
1699815600000,0.99950000,0.99970000,0.99950000,0.99970000,13228012.00000000,1699819199999,13222968.29160000,8280,11205258.00000000,11201166.54070000,0
1699819200000,0.99970000,0.99970000,0.99960000,0.99970000,2835320.00000000,1699822799999,2834344.57200000,4140,1587000.00000000,1586523.90000000,0
1699822800000,0.99960000,0.99970000,0.99960000,0.99960000,6547873.00000000,1699826399999,6545584.42060000,5348,3305698.00000000,3304706.29060000,0
1699826400000,0.99960000,0.99970000,0.99960000,0.99970000,5797655.00000000,1699829999999,5795450.11410000,5050,1141761.00000000,1141418.47170000,0
1699830000000,0.99970000,0.99970000,0.99940000,0.99950000,18738111.00000000,1699833599999,18728860.81560000,8279,5778878.00000000,5776108.54500000,0
1699833600000,0.99940000,0.99950000,0.99940000,0.99940000,12059798.00000000,1699837199999,12053142.38200000,9968,5802608.00000000,5799706.69600000,0
1699837200000,0.99940000,0.99950000,0.99930000,0.99930000,20752855.00000000,1699840799999,20740663.22100000,11208,7084910.00000000,7081041.19590000,0
1699840800000,0.99940000,0.99940000,0.99930000,0.99930000,19584505.00000000,1699844399999,19571756.60480000,10105,9607583.00000000,9601818.45020000,0
1699844400000,0.99930000,0.99940000,0.99920000,0.99920000,32623853.00000000,1699847999999,32601235.78960000,12601,8546376.00000000,8540855.89960000,0
1699848000000,0.99920000,0.99940000,0.99920000,0.99920000,19973508.00000000,1699851599999,19959172.88200000,8459,9091537.00000000,9085217.95540000,0
1699851600000,0.99920000,0.99940000,0.99920000,0.99930000,14513524.00000000,1699855199999,14503252.78680000,6244,8936752.00000000,8930701.30040000,0
1699855200000,0.99930000,0.99940000,0.99920000,0.99930000,23903111.00000000,1699858799999,23886576.03130000,8015,8436870.00000000,8431237.94620000,0
1699858800000,0.99940000,0.99950000,0.99920000,0.99940000,25458190.00000000,1699862399999,25442613.92920000,8078,15969444.00000000,15960063.88080000,0
1699862400000,0.99950000,0.99960000,0.99940000,0.99950000,30737738.00000000,1699865999999,30721896.33840000,8006,19268532.00000000,19258936.14640000,0
1699866000000,0.99960000,0.99960000,0.99940000,0.99940000,9309446.00000000,1699869599999,9304827.82100000,6599,3490530.00000000,3488928.57750000,0
1699869600000,0.99940000,0.99950000,0.99940000,0.99940000,16801384.00000000,1699873199999,16792388.62950000,7900,10854599.00000000,10849171.70050000,0
1699873200000,0.99940000,0.99960000,0.99940000,0.99940000,19295660.00000000,1699876799999,19285505.91450000,13553,9965650.00000000,9960669.53750000,0
1699876800000,0.99940000,0.99970000,0.99940000,0.99960000,24637807.00000000,1699880399999,24627768.56250000,11302,19375602.00000000,19368084.68020000,0
1699880400000,0.99960000,0.99970000,0.99950000,0.99950000,19157599.00000000,1699883999999,19149846.52390000,11609,4394497.00000000,4392988.12750000,0
1699884000000,0.99950000,0.99970000,0.99950000,0.99960000,32905289.00000000,1699887599999,32893556.61390000,14674,19002429.00000000,18996277.41600000,0
1699887600000,0.99960000,0.99980000,0.99960000,0.99980000,46833013.00000000,1699891199999,46818975.69830000,15334,28250592.00000000,28243012.66970000,0
1699891200000,0.99970000,0.99990000,0.99970000,0.99970000,39106219.00000000,1699894799999,39097302.00270000,11424,20576861.00000000,20572749.23100000,0
1699894800000,0.99970000,0.99990000,0.99960000,0.99970000,40310188.00000000,1699898399999,40300765.20020000,9832,15254453.00000000,15251337.11490000,0
1699898400000,0.99970000,0.99990000,0.99970000,0.99980000,21135050.00000000,1699901999999,21131549.84550000,6699,10587431.00000000,10586044.75080000,0
1699902000000,0.99980000,0.99990000,0.99970000,0.99970000,7326125.00000000,1699905599999,7324419.49550000,5272,2917145.00000000,2916602.19760000,0
1699905600000,0.99970000,1.00000000,0.99970000,0.99970000,27430231.00000000,1699909199999,27426266.06380000,8667,13756028.00000000,13754215.98160000,0
1699909200000,0.99970000,1.00000000,0.99960000,0.99970000,64220845.00000000,1699912799999,64208410.65290000,16700,31150287.00000000,31144805.67650000,0
1699912800000,0.99970000,0.99980000,0.99970000,0.99970000,9699229.00000000,1699916399999,9696822.73230000,6232,5035010.00000000,5034002.99800000,0
1699916400000,0.99970000,0.99990000,0.99970000,0.99970000,19759355.00000000,1699919999999,19755487.70410000,4537,11580818.00000000,11578820.67300000,0
1699920000000,0.99980000,0.99980000,0.99960000,0.99970000,33770901.00000000,1699923599999,33761865.11390000,9830,14222368.00000000,14219205.29750000,0
1699923600000,0.99980000,0.99980000,0.99970000,0.99970000,14824872.00000000,1699927199999,14820938.67940000,8934,5141410.00000000,5140381.71800000,0
1699927200000,0.99970000,0.99980000,0.99970000,0.99970000,7283973.00000000,1699930799999,7282124.46910000,4794,3366610.00000000,3365936.67800000,0
1699930800000,0.99970000,0.99980000,0.99970000,0.99970000,3781787.00000000,1699934399999,3780817.36510000,4398,1649012.00000000,1648682.19760000,0
1699934400000,0.99970000,0.99980000,0.99970000,0.99970000,8509381.00000000,1699937999999,8506989.51920000,5548,1613335.00000000,1613012.33300000,0
1699938000000,0.99980000,0.99980000,0.99970000,0.99970000,11424746.00000000,1699941599999,11422087.84180000,5197,7692656.00000000,7691117.46880000,0
1699941600000,0.99970000,0.99980000,0.99970000,0.99970000,7051481.00000000,1699945199999,7049785.68880000,5263,4201331.00000000,4200490.73380000,0
1699945200000,0.99970000,0.99980000,0.99960000,0.99960000,23935895.00000000,1699948799999,23929299.19840000,5266,5852864.00000000,5851693.10940000,0
1699948800000,0.99960000,0.99980000,0.99960000,0.99970000,12841995.00000000,1699952399999,12838519.89280000,5568,8464519.00000000,8462398.25140000,0
1699952400000,0.99970000,0.99990000,0.99970000,0.99970000,24128675.00000000,1699955999999,24123283.76470000,6969,15118016.00000000,15114992.84120000,0
1699956000000,0.99970000,0.99980000,0.99970000,0.99970000,8565465.00000000,1699959599999,8563495.86300000,7840,6005025.00000000,6003823.99500000,0
1699959600000,0.99970000,0.99990000,0.99970000,0.99970000,17364641.00000000,1699963199999,17361406.32420000,8589,7278880.00000000,7277843.46400000,0
1699963200000,0.99970000,0.99980000,0.99960000,0.99960000,30326957.00000000,1699966799999,30317701.80720000,8530,9610230.00000000,9607396.50620000,0
1699966800000,0.99960000,0.99980000,0.99960000,0.99970000,37421412.00000000,1699970399999,37410085.66640000,10238,22685313.00000000,22679132.84560000,0
1699970400000,0.99970000,0.99980000,0.99960000,0.99960000,20503437.00000000,1699973999999,20497614.90520000,13011,7125981.00000000,7124326.70000000,0
1699974000000,0.99960000,0.99990000,0.99960000,0.99990000,34839944.00000000,1699977599999,34830848.83010000,9908,26155065.00000000,26148820.18240000,0
1699977600000,0.99980000,1.00000000,0.99980000,1.00000000,29269430.00000000,1699981199999,29267554.27350000,9872,15775963.00000000,15775498.34250000,0
1699981200000,0.99990000,1.00010000,0.99990000,0.99990000,26761533.00000000,1699984799999,26760930.30840000,12310,15663851.00000000,15663865.71440000,0
1699984800000,0.99990000,1.00010000,0.99980000,0.99990000,47934664.00000000,1699988399999,47934265.77320000,18583,26152498.00000000,26153289.20690000,0
1699988400000,0.99980000,1.00000000,0.99980000,0.99990000,17544672.00000000,1699991999999,17542083.45340000,10037,8158575.00000000,8157774.42030000,0
1699992000000,0.99990000,1.00000000,0.99990000,0.99990000,11130605.00000000,1699995599999,11130145.08930000,6309,6531498.00000000,6531498.00000000,0
1699995600000,0.99990000,1.00000000,0.99990000,0.99990000,11369687.00000000,1699999199999,11368954.43570000,5745,4044044.00000000,4044044.00000000,0
1699999200000,0.99990000,1.00000000,0.99980000,0.99980000,16831631.00000000,1700002799999,16829310.92570000,5721,6178819.00000000,6178207.14080000,0
1700002800000,0.99980000,0.99990000,0.99980000,0.99980000,9060017.00000000,1700006399999,9058680.21310000,4855,4752165.00000000,4751689.78350000,0
1700006400000,0.99980000,0.99990000,0.99980000,0.99980000,6087616.00000000,1700009999999,6086716.59290000,5960,3181161.00000000,3180842.88390000,0
1700010000000,0.99980000,0.99990000,0.99980000,0.99980000,7120610.00000000,1700013599999,7119538.77190000,5160,3528939.00000000,3528586.10610000,0
1700013600000,0.99980000,0.99990000,0.99980000,0.99980000,10355938.00000000,1700017199999,10354254.96750000,5591,3881551.00000000,3881162.84490000,0
1700017200000,0.99980000,0.99990000,0.99980000,0.99990000,5255603.00000000,1700020799999,5254797.71170000,5378,2458323.00000000,2458077.16770000,0
1700020800000,0.99990000,0.99990000,0.99970000,0.99970000,26344759.00000000,1700024399999,26338724.81380000,5388,9019509.00000000,9017834.82790000,0
1700024400000,0.99980000,0.99980000,0.99970000,0.99980000,17284837.00000000,1700027999999,17280189.26800000,5261,5377191.00000000,5376115.56180000,0
1700028000000,0.99970000,0.99980000,0.99970000,0.99970000,10185066.00000000,1700031599999,10182654.22020000,5654,6437400.00000000,6436112.52000000,0
1700031600000,0.99980000,0.99980000,0.99970000,0.99980000,11019183.00000000,1700035199999,11016629.55520000,6326,7523101.00000000,7521596.37980000,0
1700035200000,0.99980000,0.99990000,0.99970000,0.99990000,14702504.00000000,1700038799999,14699944.10050000,5191,9775214.00000000,9773644.27680000,0
1700038800000,0.99980000,0.99990000,0.99970000,0.99970000,16358755.00000000,1700042399999,16355629.89900000,6896,4575893.00000000,4575210.03990000,0
1700042400000,0.99970000,0.99980000,0.99960000,0.99980000,40079153.00000000,1700045999999,40067308.18480000,4851,18390705.00000000,18385493.86890000,0
1700046000000,0.99980000,0.99990000,0.99970000,0.99990000,24482362.00000000,1700049599999,24477307.86170000,9739,15969096.00000000,15965956.64270000,0
1700049600000,0.99980000,0.99990000,0.99970000,0.99980000,21797208.00000000,1700053199999,21791533.96160000,11014,4059305.00000000,4058520.92480000,0
1700053200000,0.99970000,0.99980000,0.99970000,0.99970000,20332288.00000000,1700056799999,20327249.72420000,8385,10614106.00000000,10611983.17880000,0
1700056800000,0.99970000,0.99980000,0.99970000,0.99980000,20257807.00000000,1700060399999,20253122.04750000,7279,13923896.00000000,13921111.22080000,0
1700060400000,0.99980000,0.99990000,0.99970000,0.99990000,20117848.00000000,1700063999999,20114692.57700000,6820,12695635.00000000,12693967.72390000,0
1700064000000,0.99990000,0.99990000,0.99970000,0.99980000,18002786.00000000,1700067599999,17999722.49250000,8581,8262708.00000000,8261595.42900000,0
1700067600000,0.99990000,1.00000000,0.99970000,0.99980000,25359041.00000000,1700071199999,25355811.54180000,8060,18967889.00000000,18965847.18240000,0
1700071200000,0.99990000,1.00000000,0.99980000,0.99980000,32870344.00000000,1700074799999,32866950.51200000,13271,21136976.00000000,21135265.47990000,0
1700074800000,0.99990000,1.00000000,0.99970000,0.99980000,41523836.00000000,1700078399999,41515630.24780000,11609,10485975.00000000,10484687.49130000,0
1700078400000,0.99980000,0.99980000,0.99960000,0.99970000,37844669.00000000,1700081999999,37834201.27210000,10529,13390231.00000000,13387251.15990000,0
1700082000000,0.99970000,0.99970000,0.99960000,0.99960000,22284345.00000000,1700085599999,22276221.87070000,7639,7906087.00000000,7903715.17390000,0
1700085600000,0.99960000,0.99970000,0.99950000,0.99960000,25799188.00000000,1700089199999,25789057.80130000,7911,9942979.00000000,9939298.84690000,0
1700089200000,0.99960000,0.99970000,0.99940000,0.99960000,26038456.00000000,1700092799999,26026153.82090000,6523,9933292.00000000,9928816.08620000,0
1700092800000,0.99960000,0.99960000,0.99940000,0.99960000,21529629.00000000,1700096399999,21519357.63630000,7644,10297250.00000000,10292667.78780000,0
1700096400000,0.99950000,0.99960000,0.99940000,0.99960000,24205952.00000000,1700099999999,24194500.91300000,7441,9237126.00000000,9233223.47620000,0
1700100000000,0.99950000,0.99960000,0.99940000,0.99960000,20867179.00000000,1700103599999,20856811.33210000,6705,12824874.00000000,12818807.90980000,0
1700103600000,0.99950000,0.99960000,0.99950000,0.99960000,8041908.00000000,1700107199999,8038315.15690000,5341,4281109.00000000,4279396.55640000,0
1700107200000,0.99960000,0.99960000,0.99950000,0.99950000,17260136.00000000,1700110799999,17252420.54600000,8070,9146140.00000000,9142481.54400000,0
1700110800000,0.99950000,0.99970000,0.99950000,0.99960000,15314028.00000000,1700114399999,15307813.78460000,5711,12140326.00000000,12135584.91730000,0
1700114400000,0.99970000,0.99970000,0.99960000,0.99960000,8255418.00000000,1700117999999,8252744.41020000,6786,6285774.00000000,6283888.26780000,0
1700118000000,0.99970000,0.99980000,0.99960000,0.99980000,12792330.00000000,1700121599999,12788964.85460000,6044,7099573.00000000,7097920.77120000,0
1700121600000,0.99970000,0.99980000,0.99960000,0.99980000,23312218.00000000,1700125199999,23306133.45210000,7864,12623780.00000000,12621023.05340000,0
1700125200000,0.99970000,0.99980000,0.99960000,0.99970000,20701445.00000000,1700128799999,20695562.10000000,7939,6937466.00000000,6935803.42860000,0
1700128800000,0.99970000,0.99980000,0.99960000,0.99970000,22297752.00000000,1700132399999,22289543.42050000,6677,5125822.00000000,5124313.50940000,0
1700132400000,0.99970000,0.99970000,0.99950000,0.99970000,36045378.00000000,1700135999999,36032084.88190000,12520,29443270.00000000,29432676.67450000,0
1700136000000,0.99960000,0.99980000,0.99960000,0.99980000,28857234.00000000,1700139599999,28847580.14180000,9142,17302410.00000000,17297229.44260000,0
1700139600000,0.99980000,0.99980000,0.99960000,0.99970000,36185157.00000000,1700143199999,36174445.35960000,10962,17299455.00000000,17295111.37340000,0
1700143200000,0.99970000,0.99980000,0.99950000,0.99970000,40999819.00000000,1700146799999,40985003.38900000,10249,25395457.00000000,25387224.08140000,0
1700146800000,0.99970000,0.99990000,0.99960000,0.99960000,58449987.00000000,1700150399999,58434778.82420000,11241,26659829.00000000,26653924.81710000,0
1700150400000,0.99970000,0.99990000,0.99960000,0.99980000,36331707.00000000,1700153999999,36322752.51650000,10093,27181891.00000000,27175695.59060000,0
1700154000000,0.99990000,0.99990000,0.99980000,0.99990000,8597236.00000000,1700157599999,8595683.73610000,5379,1671833.00000000,1671665.81670000,0
1700157600000,0.99980000,0.99990000,0.99970000,0.99990000,17862695.00000000,1700161199999,17859318.08680000,9185,7571168.00000000,7569965.98400000,0
1700161200000,0.99990000,0.99990000,0.99970000,0.99990000,34088656.00000000,1700164799999,34082400.29950000,14212,20608581.00000000,20605403.92470000,0
1700164800000,0.99990000,1.00000000,0.99980000,0.99980000,38921735.00000000,1700168399999,38916284.79110000,14193,21876904.00000000,21874725.51250000,0
1700168400000,0.99990000,1.00000000,0.99980000,0.99990000,12847230.00000000,1700171999999,12846068.50160000,7010,8705547.00000000,8704897.42130000,0
1700172000000,0.99990000,1.00010000,0.99980000,0.99990000,21323079.00000000,1700175599999,21322039.70590000,8585,11044229.00000000,11043798.93700000,0
1700175600000,0.99980000,1.00000000,0.99980000,0.99990000,18373194.00000000,1700179199999,18371268.68040000,5861,10607892.00000000,10607008.13110000,0
1700179200000,0.99990000,0.99990000,0.99980000,0.99980000,15602249.00000000,1700182799999,15599595.47160000,7040,4669214.00000000,4668747.07860000,0
1700182800000,0.99990000,1.00000000,0.99980000,0.99990000,13777877.00000000,1700186399999,13776795.43280000,7795,10070654.00000000,10070098.35670000,0
1700186400000,1.00000000,1.00010000,0.99980000,0.99980000,19778400.00000000,1700189999999,19777063.01780000,8684,9753225.00000000,9752861.22580000,0
1700190000000,0.99980000,0.99990000,0.99980000,0.99980000,5031082.00000000,1700193599999,5030299.34640000,3815,2235628.00000000,2235404.43720000,0
1700193600000,0.99990000,0.99990000,0.99980000,0.99980000,7441826.00000000,1700197199999,7440592.33620000,4212,2547014.00000000,2546759.29860000,0
1700197200000,0.99980000,0.99990000,0.99980000,0.99980000,10955626.00000000,1700200799999,10953898.97160000,6592,4640968.00000000,4640503.90320000,0
1700200800000,0.99980000,0.99990000,0.99980000,0.99980000,6697232.00000000,1700204399999,6696137.65910000,4768,2451055.00000000,2450809.89450000,0
1700204400000,0.99990000,0.99990000,0.99970000,0.99980000,26230484.00000000,1700207999999,26225573.84350000,7896,15471337.00000000,15468677.06840000,0
1700208000000,0.99990000,1.00000000,0.99980000,0.99990000,19584568.00000000,1700211599999,19582578.91560000,7467,13281618.00000000,13280591.79850000,0
1700211600000,0.99990000,1.00000000,0.99980000,0.99980000,12225428.00000000,1700215199999,12224445.83900000,7636,4492689.00000000,4492537.84840000,0
1700215200000,0.99980000,0.99990000,0.99970000,0.99980000,16145458.00000000,1700218799999,16142316.78480000,7708,5004651.00000000,5003836.59630000,0
1700218800000,0.99990000,0.99990000,0.99970000,0.99970000,15520582.00000000,1700222399999,15517459.96740000,6665,8264540.00000000,8263162.94580000,0
1700222400000,0.99980000,0.99980000,0.99970000,0.99970000,13027482.00000000,1700225999999,13024267.27310000,7017,6935177.00000000,6933789.96460000,0
1700226000000,0.99980000,0.99980000,0.99960000,0.99970000,31395018.00000000,1700229599999,31386929.80440000,6595,14896322.00000000,14893183.70230000,0
1700229600000,0.99970000,0.99990000,0.99970000,0.99980000,37812726.00000000,1700233199999,37804089.29490000,10616,25463055.00000000,25458089.27760000,0
1700233200000,0.99980000,0.99990000,0.99980000,0.99980000,22980674.00000000,1700236799999,22977300.47440000,10789,12226092.00000000,12224869.39080000,0
1700236800000,0.99980000,1.00000000,0.99980000,0.99980000,29350420.00000000,1700240399999,29346976.20180000,10170,19488581.00000000,19486804.45020000,0
1700240400000,0.99980000,1.00000000,0.99980000,0.99980000,21132439.00000000,1700243999999,21130117.70600000,9929,11189140.00000000,11188345.31420000,0
1700244000000,0.99980000,0.99990000,0.99980000,0.99980000,10208177.00000000,1700247599999,10206637.46290000,5625,5020983.00000000,5020480.90170000,0
1700247600000,0.99980000,0.99990000,0.99980000,0.99980000,10852498.00000000,1700251199999,10850687.31060000,5422,3598102.00000000,3597742.18980000,0
1700251200000,0.99990000,0.99990000,0.99970000,0.99970000,12582694.00000000,1700254799999,12580087.22820000,5494,3577307.00000000,3576782.29340000,0
1700254800000,0.99970000,0.99980000,0.99960000,0.99970000,15131636.00000000,1700258399999,15127257.03970000,6499,4593751.00000000,4592555.24440000,0
1700258400000,0.99970000,0.99980000,0.99960000,0.99970000,10971739.00000000,1700261999999,10968226.78520000,5882,5826384.00000000,5824691.02020000,0
1700262000000,0.99970000,0.99980000,0.99960000,0.99960000,15980788.00000000,1700265599999,15976022.84910000,6759,4339665.00000000,4338540.45070000,0
1700265600000,0.99970000,0.99970000,0.99960000,0.99960000,8974809.00000000,1700269199999,8971637.36040000,4427,4182840.00000000,4181585.14800000,0
1700269200000,0.99960000,0.99970000,0.99960000,0.99970000,3887148.00000000,1700272799999,3885793.80680000,3953,2006660.00000000,2006058.00200000,0
1700272800000,0.99970000,0.99970000,0.99960000,0.99960000,4946252.00000000,1700276399999,4944604.42650000,3145,3309273.00000000,3308280.21810000,0
1700276400000,0.99970000,0.99970000,0.99960000,0.99970000,6862719.00000000,1700279999999,6860210.50080000,5908,2365884.00000000,2365174.23480000,0
1700280000000,0.99960000,0.99970000,0.99950000,0.99960000,8303830.00000000,1700283599999,8300654.68630000,4328,1661874.00000000,1661358.29170000,0
1700283600000,0.99950000,0.99970000,0.99950000,0.99970000,22092247.00000000,1700287199999,22083732.23100000,6249,12093603.00000000,12089111.89820000,0
1700287200000,0.99960000,0.99970000,0.99960000,0.99960000,8964780.00000000,1700290799999,8961495.45290000,5577,3013649.00000000,3012744.90530000,0
1700290800000,0.99960000,0.99970000,0.99950000,0.99970000,22389047.00000000,1700294399999,22380098.79180000,9217,9958676.00000000,9954829.92750000,0
1700294400000,0.99960000,0.99980000,0.99960000,0.99960000,16397319.00000000,1700297999999,16392092.21730000,4434,10632570.00000000,10629380.66710000,0
1700298000000,0.99960000,0.99970000,0.99960000,0.99960000,9359519.00000000,1700301599999,9356017.25230000,4841,2420599.00000000,2419872.82030000,0
1700301600000,0.99970000,0.99970000,0.99960000,0.99970000,11745109.00000000,1700305199999,11740803.33760000,4514,3923812.00000000,3922634.85640000,0
1700305200000,0.99970000,0.99970000,0.99950000,0.99950000,12787834.00000000,1700308799999,12782326.25840000,5226,1842567.00000000,1841855.31630000,0
1700308800000,0.99950000,0.99970000,0.99950000,0.99960000,21047289.00000000,1700312399999,21038342.00920000,6730,10160207.00000000,10156197.37390000,0
1700312400000,0.99970000,0.99970000,0.99950000,0.99950000,16073939.00000000,1700315999999,16066439.27570000,7158,4412833.00000000,4411072.57070000,0
1700316000000,0.99960000,0.99970000,0.99950000,0.99960000,15897046.00000000,1700319599999,15890774.86740000,5988,11293301.00000000,11289042.41650000,0
1700319600000,0.99970000,0.99980000,0.99960000,0.99970000,23413172.00000000,1700323199999,23406621.26840000,7563,14551535.00000000,14547668.37880000,0
1700323200000,0.99960000,0.99970000,0.99950000,0.99960000,20206246.00000000,1700326799999,20198288.09010000,6753,3599013.00000000,3597875.02970000,0
1700326800000,0.99950000,0.99960000,0.99940000,0.99950000,18964675.00000000,1700330399999,18955402.05640000,8150,6369791.00000000,6366993.52110000,0
1700330400000,0.99950000,0.99960000,0.99950000,0.99950000,18936429.00000000,1700333999999,18927553.19300000,8246,5924075.00000000,5921705.37000000,0
1700334000000,0.99950000,0.99960000,0.99940000,0.99950000,13866847.00000000,1700337599999,13860031.90830000,5878,4991075.00000000,4988738.67980000,0
1700337600000,0.99950000,0.99960000,0.99940000,0.99960000,11885074.00000000,1700341199999,11878994.98980000,5379,4700290.00000000,4698043.98580000,0
1700341200000,0.99960000,0.99960000,0.99950000,0.99950000,4078651.00000000,1700344799999,4076701.65370000,5171,899792.00000000,899432.08320000,0
1700344800000,0.99950000,0.99960000,0.99940000,0.99950000,14027171.00000000,1700348399999,14020076.33360000,5294,4705045.00000000,4702747.86670000,0
1700348400000,0.99950000,0.99960000,0.99950000,0.99960000,9533371.00000000,1700351999999,9529023.01050000,4096,4186960.00000000,4185285.21600000,0
1700352000000,0.99950000,0.99960000,0.99940000,0.99940000,14979328.00000000,1700355599999,14972058.74380000,6879,3840996.00000000,3839308.06580000,0
1700355600000,0.99940000,0.99950000,0.99940000,0.99940000,7623724.00000000,1700359199999,7619512.97910000,4160,3632135.00000000,3630318.93250000,0
1700359200000,0.99940000,0.99950000,0.99940000,0.99940000,7113729.00000000,1700362799999,7109684.32850000,4460,2235659.00000000,2234541.17050000,0
1700362800000,0.99950000,0.99950000,0.99940000,0.99940000,11253645.00000000,1700366399999,11247293.31400000,4119,4005010.00000000,4003007.49500000,0
1700366400000,0.99940000,0.99950000,0.99940000,0.99950000,3711806.00000000,1700369999999,3709777.92690000,3327,1990105.00000000,1989109.94750000,0
1700370000000,0.99950000,0.99950000,0.99940000,0.99950000,6406833.00000000,1700373599999,6403252.56260000,3594,2636624.00000000,2635305.68800000,0
1700373600000,0.99940000,0.99950000,0.99940000,0.99940000,4925049.00000000,1700377199999,4922370.36890000,5376,2763983.00000000,2762601.00850000,0
1700377200000,0.99940000,0.99950000,0.99940000,0.99950000,3024187.00000000,1700380799999,3022549.61210000,3655,1771243.00000000,1770357.37850000,0
1700380800000,0.99950000,0.99950000,0.99940000,0.99940000,3786922.00000000,1700384399999,3784820.21560000,5460,1703688.00000000,1702836.15600000,0
1700384400000,0.99950000,0.99950000,0.99940000,0.99950000,5500491.00000000,1700387999999,5497487.64180000,5378,2969364.00000000,2967879.31800000,0
1700388000000,0.99940000,0.99950000,0.99930000,0.99930000,15979098.00000000,1700391599999,15969469.55250000,4486,5870338.00000000,5866856.39990000,0
1700391600000,0.99930000,0.99960000,0.99930000,0.99960000,44001517.00000000,1700395199999,43978123.83590000,6703,26406417.00000000,26392616.58490000,0
1700395200000,0.99950000,0.99960000,0.99950000,0.99960000,8585117.00000000,1700398799999,8581100.72690000,5367,2762854.00000000,2761748.85840000,0
1700398800000,0.99960000,0.99960000,0.99950000,0.99950000,6293018.00000000,1700402399999,6290169.77890000,3444,2982879.00000000,2981685.84840000,0
1700402400000,0.99950000,0.99960000,0.99950000,0.99960000,7839835.00000000,1700405999999,7836248.30160000,3995,3332191.00000000,3330858.12360000,0
1700406000000,0.99950000,0.99960000,0.99940000,0.99950000,7809769.00000000,1700409599999,7806056.86380000,5002,4277390.00000000,4275464.69350000,0
1700409600000,0.99960000,0.99960000,0.99950000,0.99950000,2859999.00000000,1700413199999,2858703.89330000,4030,1348928.00000000,1348388.42880000,0
1700413200000,0.99950000,0.99960000,0.99950000,0.99950000,3781934.00000000,1700416799999,3780122.90390000,4517,798709.00000000,798389.51640000,0
1700416800000,0.99950000,0.99960000,0.99940000,0.99950000,7328781.00000000,1700420399999,7325080.33030000,4661,3188745.00000000,3187179.53850000,0
1700420400000,0.99950000,0.99950000,0.99940000,0.99950000,3320084.00000000,1700423999999,3318226.57380000,3451,1346242.00000000,1345568.87900000,0
1700424000000,0.99950000,0.99960000,0.99940000,0.99950000,7367092.00000000,1700427599999,7363489.76250000,4623,5163467.00000000,5161030.54200000,0
1700427600000,0.99950000,0.99960000,0.99950000,0.99950000,5174234.00000000,1700431199999,5171735.93070000,4078,890477.00000000,890120.80920000,0
1700431200000,0.99960000,0.99960000,0.99950000,0.99960000,4328590.00000000,1700434799999,4326615.78570000,4719,1900807.00000000,1900046.67720000,0
1700434800000,0.99960000,0.99960000,0.99950000,0.99960000,10907675.00000000,1700438399999,10903095.09720000,9927,8739347.00000000,8735851.26120000,0
1700438400000,0.99950000,0.99960000,0.99950000,0.99950000,11806712.00000000,1700441999999,11801309.93090000,8953,5012869.00000000,5010863.85240000,0
1700442000000,0.99960000,0.99960000,0.99950000,0.99950000,6485964.00000000,1700445599999,6483002.26790000,6285,2812499.00000000,2811374.00040000,0
1700445600000,0.99960000,0.99960000,0.99950000,0.99950000,6904257.00000000,1700449199999,6901019.43660000,6511,2145651.00000000,2144792.73960000,0
1700449200000,0.99950000,0.99960000,0.99940000,0.99940000,11550542.00000000,1700452799999,11544943.22780000,5128,4061416.00000000,4059582.32300000,0
1700452800000,0.99950000,0.99960000,0.99940000,0.99950000,10508178.00000000,1700456399999,10502921.74920000,3628,7058618.00000000,7055311.37560000,0
1700456400000,0.99960000,0.99960000,0.99940000,0.99940000,8770071.00000000,1700459999999,8765430.83310000,4556,1380160.00000000,1379494.22870000,0
1700460000000,0.99950000,0.99950000,0.99940000,0.99940000,12774930.00000000,1700463599999,12767830.21730000,3706,5651753.00000000,5648927.12350000,0
1700463600000,0.99950000,0.99970000,0.99940000,0.99960000,29394857.00000000,1700467199999,29381853.07280000,4877,23881823.00000000,23871682.61510000,0
1700467200000,0.99960000,0.99970000,0.99950000,0.99960000,24122955.00000000,1700470799999,24113447.76010000,6461,11452334.00000000,11448054.46580000,0
1700470800000,0.99960000,0.99970000,0.99950000,0.99950000,20517632.00000000,1700474399999,20508884.80930000,6815,4928694.00000000,4926898.47660000,0
1700474400000,0.99960000,0.99960000,0.99940000,0.99950000,46998119.00000000,1700477999999,46975483.28500000,9611,19409786.00000000,19401076.54950000,0
1700478000000,0.99960000,0.99960000,0.99920000,0.99930000,37102526.00000000,1700481599999,37079514.27560000,7711,10763321.00000000,10756751.87360000,0
1700481600000,0.99940000,0.99950000,0.99930000,0.99940000,26105962.00000000,1700485199999,26091038.18200000,5669,17393084.00000000,17383553.11720000,0
1700485200000,0.99950000,0.99950000,0.99930000,0.99930000,35695209.00000000,1700488799999,35673690.33770000,6010,13727786.00000000,13719893.25180000,0
1700488800000,0.99940000,0.99950000,0.99930000,0.99940000,33515374.00000000,1700492399999,33494936.37140000,8083,18328430.00000000,18317756.22290000,0
1700492400000,0.99950000,0.99950000,0.99930000,0.99930000,21025625.00000000,1700495999999,21012218.98010000,7876,6500216.00000000,6496339.33680000,0
1700496000000,0.99940000,0.99950000,0.99920000,0.99940000,38972191.00000000,1700499599999,38946562.09230000,9784,20142561.00000000,20129904.67220000,0
1700499600000,0.99940000,0.99960000,0.99930000,0.99940000,44301760.00000000,1700503199999,44279361.30680000,13477,26344855.00000000,26332127.60250000,0
1700503200000,0.99950000,0.99950000,0.99930000,0.99930000,33714422.00000000,1700506799999,33694079.37770000,10439,12579426.00000000,12572067.26130000,0
1700506800000,0.99940000,0.99940000,0.99920000,0.99920000,16721935.00000000,1700510399999,16710119.05820000,6076,7137657.00000000,7132763.04620000,0
1700510400000,0.99930000,0.99930000,0.99910000,0.99910000,15541692.00000000,1700513999999,15529717.11480000,6384,5366761.00000000,5362986.54870000,0
1700514000000,0.99910000,0.99930000,0.99900000,0.99920000,29190522.00000000,1700517599999,29165730.59020000,7033,16952168.00000000,16938388.08950000,0
1700517600000,0.99920000,0.99950000,0.99920000,0.99930000,26984380.00000000,1700521199999,26967493.71000000,7307,15926754.00000000,15917178.74390000,0
1700521200000,0.99930000,0.99940000,0.99930000,0.99930000,15690017.00000000,1700524799999,15679810.39970000,5111,7764116.00000000,7759457.53040000,0
1700524800000,0.99930000,0.99940000,0.99930000,0.99930000,12372406.00000000,1700528399999,12364313.13640000,6351,5678206.00000000,5674799.07640000,0
1700528400000,0.99930000,0.99940000,0.99930000,0.99930000,12165097.00000000,1700531999999,12157462.91070000,4030,8814786.00000000,8809497.12840000,0
1700532000000,0.99940000,0.99940000,0.99930000,0.99930000,9446417.00000000,1700535599999,9440029.91480000,5930,2254067.00000000,2252714.55980000,0
1700535600000,0.99940000,0.99940000,0.99920000,0.99930000,30146216.00000000,1700539199999,30125460.84930000,4487,13205008.00000000,13196179.16900000,0
1700539200000,0.99930000,0.99940000,0.99920000,0.99930000,12765558.00000000,1700542799999,12757132.02870000,3867,6929878.00000000,6925575.10310000,0
1700542800000,0.99930000,0.99950000,0.99930000,0.99950000,19572906.00000000,1700546399999,19560758.32430000,6093,14517283.00000000,14508592.81810000,0
1700546400000,0.99940000,0.99950000,0.99940000,0.99940000,14456041.00000000,1700549999999,14448530.40710000,3929,11630317.00000000,11624501.84150000,0
1700550000000,0.99950000,0.99970000,0.99940000,0.99950000,55886671.00000000,1700553599999,55863898.86310000,6222,27331706.00000000,27320873.17260000,0
1700553600000,0.99960000,0.99960000,0.99950000,0.99950000,8300574.00000000,1700557199999,8296861.68380000,4385,4379708.00000000,4377956.11680000,0
1700557200000,0.99960000,0.99970000,0.99950000,0.99960000,20487751.00000000,1700560799999,20479592.29240000,4245,12344882.00000000,12340179.05160000,0
1700560800000,0.99960000,0.99970000,0.99960000,0.99960000,11248131.00000000,1700564399999,11244153.18990000,3494,5214423.00000000,5212858.67310000,0
1700564400000,0.99960000,0.99970000,0.99960000,0.99960000,11769041.00000000,1700567999999,11764876.83320000,3251,5434496.00000000,5432865.65120000,0
1700568000000,0.99960000,0.99970000,0.99960000,0.99960000,10507302.00000000,1700571599999,10503622.55030000,3546,5234711.00000000,5233140.58670000,0
1700571600000,0.99960000,0.99970000,0.99960000,0.99970000,18081903.00000000,1700575199999,18075352.09630000,5366,6818575.00000000,6816529.42750000,0
1700575200000,0.99960000,0.99980000,0.99960000,0.99960000,28871895.00000000,1700578799999,28862313.45900000,8880,16542073.00000000,16537110.38560000,0
1700578800000,0.99970000,0.99980000,0.99960000,0.99960000,60133519.00000000,1700582399999,60114729.55600000,17811,32911377.00000000,32901996.75590000,0
1700582400000,0.99960000,0.99970000,0.99960000,0.99960000,19732247.00000000,1700585999999,19725528.88990000,10016,11747887.00000000,11744362.63390000,0
1700586000000,0.99960000,0.99970000,0.99960000,0.99960000,27195472.00000000,1700589599999,27186381.77460000,12062,17879634.00000000,17874270.10980000,0
1700589600000,0.99960000,0.99980000,0.99960000,0.99970000,42058084.00000000,1700593199999,42046717.73630000,13140,25051535.00000000,25045649.30970000,0
1700593200000,0.99970000,0.99980000,0.99960000,0.99970000,57440438.00000000,1700596799999,57423228.40840000,11672,28016667.00000000,28009273.89290000,0
1700596800000,0.99980000,0.99980000,0.99960000,0.99960000,24629192.00000000,1700600399999,24622617.99870000,9612,8260811.00000000,8259157.66690000,0
1700600400000,0.99970000,0.99970000,0.99960000,0.99960000,9864014.00000000,1700603999999,9860393.02210000,4753,3246277.00000000,3245303.11690000,0
1700604000000,0.99960000,0.99970000,0.99960000,0.99960000,21007635.00000000,1700607599999,21000459.90020000,8617,12279542.00000000,12275858.13740000,0
1700607600000,0.99960000,0.99980000,0.99960000,0.99960000,29138000.00000000,1700611199999,29129413.05330000,10484,16769767.00000000,16765246.30250000,0
1700611200000,0.99960000,0.99980000,0.99960000,0.99980000,29679733.00000000,1700614799999,29671981.29450000,6271,16915243.00000000,16911415.57970000,0
1700614800000,0.99980000,0.99990000,0.99970000,0.99980000,23131065.00000000,1700618399999,23126155.50970000,6472,18108505.00000000,18104923.34420000,0
1700618400000,0.99980000,0.99990000,0.99970000,0.99990000,18641578.00000000,1700621999999,18638240.61800000,5123,9186677.00000000,9185236.55220000,0
1700622000000,0.99990000,0.99990000,0.99980000,0.99990000,23718913.00000000,1700625599999,23714809.25460000,8560,6400372.00000000,6399731.96280000,0
1700625600000,0.99990000,0.99990000,0.99970000,0.99970000,23021410.00000000,1700629199999,23017241.98130000,4863,7665795.00000000,7664725.55620000,0
1700629200000,0.99980000,0.99990000,0.99970000,0.99970000,11475870.00000000,1700632799999,11473133.29620000,3368,5838945.00000000,5837778.86290000,0
1700632800000,0.99980000,0.99980000,0.99960000,0.99970000,37469652.00000000,1700636399999,37458926.50410000,5789,16808075.00000000,16803654.63050000,0
1700636400000,0.99980000,0.99980000,0.99970000,0.99980000,9163702.00000000,1700639999999,9161523.42970000,3241,5705403.00000000,5704261.91940000,0
1700640000000,0.99980000,0.99980000,0.99970000,0.99980000,10043695.00000000,1700643599999,10041325.23330000,3196,6433418.00000000,6432131.31640000,0
1700643600000,0.99980000,0.99990000,0.99970000,0.99980000,18680814.00000000,1700647199999,18677545.91130000,4946,13901151.00000000,13899017.39400000,0
1700647200000,0.99990000,0.99990000,0.99970000,0.99980000,43147468.00000000,1700650799999,43139569.91190000,5227,14913133.00000000,14910945.61870000,0
1700650800000,0.99990000,0.99990000,0.99970000,0.99980000,18301667.00000000,1700654399999,18298426.92840000,3772,5990437.00000000,5989715.38520000,0
1700654400000,0.99980000,0.99980000,0.99970000,0.99970000,21482622.00000000,1700657999999,21478000.82670000,6410,18236133.00000000,18232485.77340000,0
1700658000000,0.99980000,0.99990000,0.99970000,0.99990000,11603478.00000000,1700661599999,11601241.32890000,6734,8695188.00000000,8693703.49130000,0
1700661600000,0.99990000,0.99990000,0.99980000,0.99980000,22229745.00000000,1700665199999,22226622.61700000,6194,13235660.00000000,13234336.43400000,0
1700665200000,0.99980000,1.00000000,0.99980000,1.00000000,31412997.00000000,1700668799999,31410872.47440000,7462,23657803.00000000,23656635.82080000,0
1700668800000,0.99990000,1.00000000,0.99980000,0.99980000,25567610.00000000,1700672399999,25564115.14570000,6190,10923832.00000000,10922824.80150000,0
1700672400000,0.99990000,0.99990000,0.99980000,0.99980000,9502518.00000000,1700675999999,9501096.33060000,5135,4788342.00000000,4787863.16580000,0
1700676000000,0.99990000,1.00010000,0.99980000,0.99990000,25948860.00000000,1700679599999,25947679.23610000,9744,15807619.00000000,15807144.74770000,0
1700679600000,1.00000000,1.00000000,0.99980000,0.99990000,12682043.00000000,1700683199999,12681155.44680000,7270,4576211.00000000,4576150.07490000,0
1700683200000,0.99990000,0.99990000,0.99970000,0.99980000,22678010.00000000,1700686799999,22673589.30220000,8329,3646544.00000000,3646099.20580000,0
1700686800000,0.99980000,0.99980000,0.99960000,0.99970000,25317899.00000000,1700690399999,25310551.23430000,9369,6009915.00000000,6008370.16650000,0
1700690400000,0.99970000,0.99980000,0.99960000,0.99960000,13145566.00000000,1700693999999,13141449.54590000,4795,8243975.00000000,8241509.56650000,0
1700694000000,0.99960000,0.99980000,0.99960000,0.99970000,13438239.00000000,1700697599999,13434982.53720000,6593,8085032.00000000,8083382.05020000,0
1700697600000,0.99980000,0.99980000,0.99960000,0.99970000,10334982.00000000,1700701199999,10332100.89300000,5072,2476061.00000000,2475542.28020000,0
1700701200000,0.99970000,0.99980000,0.99960000,0.99970000,24952656.00000000,1700704799999,24944629.87950000,4953,13360601.00000000,13356623.31570000,0
1700704800000,0.99970000,0.99970000,0.99960000,0.99960000,14739331.00000000,1700708399999,14734410.96660000,6706,9756990.00000000,9754062.90300000,0
1700708400000,0.99970000,0.99980000,0.99960000,0.99980000,13658863.00000000,1700711999999,13654828.88440000,5073,11083493.00000000,11080376.04840000,0
1700712000000,0.99980000,0.99980000,0.99970000,0.99980000,9043442.00000000,1700715599999,9041510.03030000,3984,7810629.00000000,7809066.87420000,0
1700715600000,0.99980000,0.99990000,0.99970000,0.99980000,16821731.00000000,1700719199999,16818177.20670000,4009,12712217.00000000,12709683.51140000,0
1700719200000,0.99980000,0.99980000,0.99970000,0.99980000,7955049.00000000,1700722799999,7953048.92930000,3735,3864440.00000000,3863667.11200000,0
1700722800000,0.99970000,0.99990000,0.99970000,0.99990000,24331470.00000000,1700726399999,24327061.02950000,6112,17619421.00000000,17616400.04420000,0
1700726400000,0.99990000,0.99990000,0.99980000,0.99990000,8152656.00000000,1700729999999,8151448.14460000,6152,4226758.00000000,4226335.32420000,0
1700730000000,0.99990000,0.99990000,0.99970000,0.99980000,28336382.00000000,1700733599999,28330593.38150000,7613,11700179.00000000,11697996.37470000,0
1700733600000,0.99980000,0.99990000,0.99970000,0.99980000,13936279.00000000,1700737199999,13934361.04910000,5078,10882268.00000000,10880964.00230000,0
1700737200000,0.99980000,0.99990000,0.99980000,0.99990000,21272218.00000000,1700740799999,21268596.08180000,8681,6325254.00000000,6324621.47460000,0
1700740800000,0.99980000,0.99990000,0.99980000,0.99980000,9823841.00000000,1700744399999,9822440.28470000,5481,5640529.00000000,5639964.94710000,0
1700744400000,0.99980000,0.99990000,0.99980000,0.99980000,17504128.00000000,1700747999999,17501313.18090000,8072,6860065.00000000,6859378.99350000,0
1700748000000,0.99990000,0.99990000,0.99970000,0.99980000,25654311.00000000,1700751599999,25648701.22090000,6900,11880999.00000000,11878741.37130000,0
1700751600000,0.99970000,0.99990000,0.99970000,0.99990000,18470885.00000000,1700755199999,18466889.30430000,6594,11543181.00000000,11540939.18470000,0
1700755200000,0.99990000,0.99990000,0.99980000,0.99990000,12274888.00000000,1700758799999,12273278.66090000,5149,8456385.00000000,8455539.36150000,0
1700758800000,0.99990000,0.99990000,0.99980000,0.99980000,10202444.00000000,1700762399999,10201102.00460000,3879,6984934.00000000,6984235.50660000,0
1700762400000,0.99990000,0.99990000,0.99980000,0.99980000,3779716.00000000,1700765999999,3779227.05280000,3367,2669960.00000000,2669693.00400000,0
1700766000000,0.99990000,0.99990000,0.99980000,0.99980000,7154801.00000000,1700769599999,7153762.13040000,2742,3920906.00000000,3920513.90940000,0
1700769600000,0.99980000,0.99990000,0.99980000,0.99990000,3951458.00000000,1700773199999,3950777.69380000,2489,1099854.00000000,1099744.01460000,0
1700773200000,0.99980000,0.99990000,0.99980000,0.99990000,5482463.00000000,1700776799999,5481629.40600000,2860,2628986.00000000,2628723.10140000,0
1700776800000,0.99980000,0.99990000,0.99980000,0.99990000,4000674.00000000,1700780399999,3999929.11970000,2212,552545.00000000,552489.74550000,0
1700780400000,0.99980000,1.00000000,0.99980000,0.99990000,13480298.00000000,1700783999999,13478953.30710000,3950,10291464.00000000,10290547.00600000,0
1700784000000,0.99990000,1.00000000,0.99980000,0.99990000,9336128.00000000,1700787599999,9335321.44880000,5305,1456624.00000000,1456613.52380000,0
1700787600000,0.99980000,1.00000000,0.99980000,0.99980000,16870882.00000000,1700791199999,16868560.83720000,4367,9055465.00000000,9054559.70280000,0
1700791200000,0.99980000,0.99990000,0.99980000,0.99980000,10359796.00000000,1700794799999,10358175.62810000,3526,4515873.00000000,4515421.41270000,0
1700794800000,0.99980000,0.99990000,0.99980000,0.99980000,7130371.00000000,1700798399999,7129214.55380000,2380,2696280.00000000,2696010.37200000,0
1700798400000,0.99990000,0.99990000,0.99980000,0.99980000,9463317.00000000,1700801999999,9461978.77170000,2582,5544351.00000000,5543796.56490000,0
1700802000000,0.99980000,0.99990000,0.99980000,0.99980000,6118171.00000000,1700805599999,6117282.17520000,4010,3348094.00000000,3347759.19060000,0
1700805600000,0.99990000,0.99990000,0.99980000,0.99980000,10303697.00000000,1700809199999,10302085.93810000,3003,4496775.00000000,4496325.32250000,0
1700809200000,0.99980000,0.99990000,0.99980000,0.99980000,13408157.00000000,1700812799999,13405633.16880000,6232,1578002.00000000,1577844.19980000,0
1700812800000,0.99980000,0.99990000,0.99970000,0.99970000,11765352.00000000,1700816399999,11763196.86830000,5118,2197842.00000000,2197608.31830000,0
1700816400000,0.99980000,0.99990000,0.99970000,0.99980000,19897864.00000000,1700819999999,19894565.23570000,6604,12395084.00000000,12393335.28300000,0
1700820000000,0.99990000,0.99990000,0.99970000,0.99970000,28250606.00000000,1700823599999,28245686.53600000,6191,8620035.00000000,8619086.84890000,0
1700823600000,0.99970000,0.99980000,0.99970000,0.99970000,18034751.00000000,1700827199999,18030154.33090000,5720,8137562.00000000,8135934.48760000,0
1700827200000,0.99970000,0.99980000,0.99960000,0.99970000,46946156.00000000,1700830799999,46932223.63430000,7732,21331683.00000000,21325551.75930000,0
1700830800000,0.99970000,0.99980000,0.99950000,0.99960000,34996862.00000000,1700834399999,34985896.35730000,5192,12693956.00000000,12690334.65190000,0
1700834400000,0.99970000,0.99980000,0.99960000,0.99960000,24519395.00000000,1700837999999,24511527.21410000,4833,13671875.00000000,13667802.71920000,0
1700838000000,0.99970000,0.99970000,0.99950000,0.99960000,39285451.00000000,1700841599999,39270377.26530000,7561,16143713.00000000,16138029.04260000,0
1700841600000,0.99960000,0.99970000,0.99930000,0.99940000,43538412.00000000,1700845199999,43519118.43440000,8369,16213531.00000000,16206630.59050000,0
1700845200000,0.99950000,0.99960000,0.99940000,0.99940000,36352501.00000000,1700848799999,36333733.99140000,7497,13396946.00000000,13390354.77640000,0
1700848800000,0.99950000,0.99950000,0.99940000,0.99940000,11170687.00000000,1700852399999,11164507.02630000,4308,5224385.00000000,5221772.80750000,0
1700852400000,0.99950000,0.99950000,0.99940000,0.99940000,4856678.00000000,1700855999999,4854016.40690000,3143,2524137.00000000,2522874.93150000,0
1700856000000,0.99950000,0.99950000,0.99940000,0.99940000,6669556.00000000,1700859599999,6665890.07850000,3951,3358121.00000000,3356441.93950000,0
1700859600000,0.99940000,0.99950000,0.99920000,0.99920000,30416083.00000000,1700863199999,30395566.25890000,5877,9604325.00000000,9597641.74630000,0
1700863200000,0.99930000,0.99940000,0.99900000,0.99910000,53377793.00000000,1700866799999,53334685.88870000,7336,22332913.00000000,22315050.83300000,0
1700866800000,0.99920000,0.99940000,0.99910000,0.99920000,22457018.00000000,1700870399999,22440541.28170000,4056,9691188.00000000,9684139.11260000,0
1700870400000,0.99920000,0.99940000,0.99920000,0.99930000,17497235.00000000,1700873999999,17484686.97190000,3487,12115177.00000000,12106697.62610000,0
1700874000000,0.99920000,0.99950000,0.99920000,0.99940000,23915803.00000000,1700877599999,23899871.10450000,3480,16909146.00000000,16897907.95600000,0
1700877600000,0.99930000,0.99940000,0.99930000,0.99930000,8077847.00000000,1700881199999,8072842.15520000,3323,6496481.00000000,6492583.11140000,0
1700881200000,0.99930000,0.99940000,0.99930000,0.99940000,2056708.00000000,1700884799999,2055347.38160000,2501,790772.00000000,790297.53680000,0
1700884800000,0.99940000,0.99940000,0.99930000,0.99940000,3557046.00000000,1700888399999,3554692.08380000,2050,1360160.00000000,1359343.90400000,0
1700888400000,0.99940000,0.99940000,0.99930000,0.99930000,4711356.00000000,1700891999999,4708195.02040000,2402,1369696.00000000,1368874.18240000,0
1700892000000,0.99930000,0.99940000,0.99910000,0.99930000,21149365.00000000,1700895599999,21134568.12870000,2856,6038368.00000000,6034273.29850000,0
1700895600000,0.99930000,0.99940000,0.99920000,0.99940000,27864940.00000000,1700899199999,27845297.83230000,4104,19179318.00000000,19165952.32300000,0
1700899200000,0.99940000,0.99940000,0.99930000,0.99930000,4327919.00000000,1700902799999,4325086.53520000,3248,1970785.00000000,1969602.52900000,0
1700902800000,0.99930000,0.99940000,0.99930000,0.99930000,3509548.00000000,1700906399999,3507198.23390000,3203,1069175.00000000,1068533.49500000,0
1700906400000,0.99930000,0.99940000,0.99930000,0.99930000,6327710.00000000,1700909999999,6323426.91990000,3864,1463169.00000000,1462291.09860000,0
1700910000000,0.99940000,0.99940000,0.99920000,0.99930000,17231811.00000000,1700913599999,17219905.77720000,5615,8858226.00000000,8852289.24880000,0
1700913600000,0.99930000,0.99940000,0.99920000,0.99940000,6423716.00000000,1700917199999,6419282.78640000,3333,4076149.00000000,4073434.83320000,0
1700917200000,0.99930000,0.99940000,0.99930000,0.99930000,3249133.00000000,1700920799999,3247058.19620000,2960,1995893.00000000,1994695.46420000,0
1700920800000,0.99930000,0.99940000,0.99920000,0.99930000,15574930.00000000,1700924399999,15564344.55600000,3426,7676100.00000000,7671053.81510000,0
1700924400000,0.99930000,0.99960000,0.99930000,0.99960000,15888951.00000000,1700927999999,15879943.53780000,4903,12761007.00000000,12753881.47950000,0
1700928000000,0.99960000,0.99960000,0.99940000,0.99950000,11273088.00000000,1700931599999,11267391.95170000,3022,6380961.00000000,6377818.87940000,0
1700931600000,0.99940000,0.99950000,0.99940000,0.99940000,3726824.00000000,1700935199999,3724659.63370000,3361,717281.00000000,716922.35950000,0
1700935200000,0.99940000,0.99950000,0.99940000,0.99940000,2897303.00000000,1700938799999,2895705.73620000,2819,1411180.00000000,1410474.41000000,0
1700938800000,0.99940000,0.99950000,0.99940000,0.99940000,1827737.00000000,1700942399999,1826690.21630000,2486,498585.00000000,498335.70750000,0
1700942400000,0.99950000,0.99950000,0.99940000,0.99940000,2877194.00000000,1700945999999,2875522.66050000,2686,549769.00000000,549494.11550000,0
1700946000000,0.99940000,0.99950000,0.99940000,0.99950000,3676820.00000000,1700949599999,3674831.59660000,2148,2176886.00000000,2175797.55700000,0
1700949600000,0.99950000,0.99950000,0.99940000,0.99940000,2662360.00000000,1700953199999,2660897.14000000,2106,1345560.00000000,1344887.22000000,0
1700953200000,0.99950000,0.99950000,0.99940000,0.99950000,2599079.00000000,1700956799999,2597645.96630000,2221,1264137.00000000,1263504.93150000,0
1700956800000,0.99950000,0.99950000,0.99940000,0.99940000,4140294.00000000,1700960399999,4137976.24840000,2776,1664248.00000000,1663415.87600000,0
1700960400000,0.99940000,0.99950000,0.99940000,0.99940000,4221461.00000000,1700963999999,4219059.27740000,2668,1311540.00000000,1310884.23000000,0
1700964000000,0.99940000,0.99950000,0.99940000,0.99950000,4539223.00000000,1700967599999,4536669.90940000,2271,1704432.00000000,1703579.78400000,0
1700967600000,0.99940000,0.99950000,0.99940000,0.99950000,2535344.00000000,1700971199999,2533948.53640000,1758,1257428.00000000,1256799.28600000,0
1700971200000,0.99950000,0.99950000,0.99940000,0.99950000,4988740.00000000,1700974799999,4986153.66070000,2322,4069047.00000000,4067012.47650000,0
1700974800000,0.99950000,0.99950000,0.99940000,0.99950000,1489252.00000000,1700978399999,1488420.65770000,1525,622089.00000000,621777.95550000,0
1700978400000,0.99950000,0.99950000,0.99940000,0.99950000,4410304.00000000,1700981999999,4407914.41520000,1837,2565976.00000000,2564693.01200000,0
1700982000000,0.99940000,0.99950000,0.99940000,0.99950000,6625389.00000000,1700985599999,6621959.99860000,2588,5462320.00000000,5459588.84000000,0
1700985600000,0.99950000,0.99950000,0.99940000,0.99940000,2692308.00000000,1700989199999,2690829.82990000,2037,1372147.00000000,1371460.92650000,0
1700989200000,0.99940000,0.99950000,0.99940000,0.99940000,4080862.00000000,1700992799999,4078628.86760000,2127,2153848.00000000,2152771.07600000,0
1700992800000,0.99940000,0.99950000,0.99940000,0.99950000,6982510.00000000,1700996399999,6978616.57950000,2664,2960855.00000000,2959374.57250000,0
1700996400000,0.99940000,0.99950000,0.99940000,0.99950000,7323409.00000000,1700999999999,7319481.35040000,4042,4663958.00000000,4661626.02100000,0
1701000000000,0.99950000,0.99960000,0.99940000,0.99950000,14040150.00000000,1701003599999,14032804.70010000,4185,7088811.00000000,7085289.44900000,0
1701003600000,0.99960000,0.99960000,0.99950000,0.99960000,8946282.00000000,1701007199999,8942051.51570000,2924,2426567.00000000,2425596.37320000,0
1701007200000,0.99960000,0.99960000,0.99940000,0.99960000,25688772.00000000,1701010799999,25676373.76010000,7398,13376967.00000000,13370832.15620000,0
1701010800000,0.99960000,0.99960000,0.99950000,0.99950000,6939985.00000000,1701014399999,6936847.99830000,6184,3329908.00000000,3328576.03680000,0
1701014400000,0.99950000,0.99970000,0.99940000,0.99960000,28645419.00000000,1701017999999,28632735.66430000,10092,15359343.00000000,15353075.40730000,0
1701018000000,0.99960000,0.99970000,0.99950000,0.99950000,16601297.00000000,1701021599999,16594242.56940000,3643,5729768.00000000,5727493.40250000,0
1701021600000,0.99960000,0.99960000,0.99950000,0.99960000,3705617.00000000,1701025199999,3703934.32260000,3141,1701311.00000000,1700630.47560000,0
1701025200000,0.99960000,0.99960000,0.99950000,0.99950000,3455015.00000000,1701028799999,3453500.71560000,2730,2132231.00000000,2131378.10760000,0
1701028800000,0.99950000,0.99970000,0.99950000,0.99970000,11770348.00000000,1701032399999,11765560.22000000,4945,10711998.00000000,10707720.00360000,0
1701032400000,0.99970000,0.99970000,0.99960000,0.99960000,3893500.00000000,1701035999999,3892038.47970000,2809,958797.00000000,958509.36090000,0
1701036000000,0.99970000,0.99970000,0.99960000,0.99970000,4866694.00000000,1701039599999,4864885.04850000,2651,1377261.00000000,1376847.82170000,0
1701039600000,0.99960000,0.99970000,0.99960000,0.99970000,5357478.00000000,1701043199999,5355491.80840000,3487,1567996.00000000,1567525.60120000,0
1701043200000,0.99970000,0.99970000,0.99950000,0.99950000,14195314.00000000,1701046799999,14189308.76140000,5500,5628745.00000000,5626528.83160000,0
1701046800000,0.99960000,0.99970000,0.99950000,0.99960000,9259655.00000000,1701050399999,9256100.93300000,4277,6283133.00000000,6280809.73510000,0
1701050400000,0.99960000,0.99970000,0.99950000,0.99950000,15431423.00000000,1701053999999,15425396.59980000,4394,4294314.00000000,4292802.95100000,0
1701054000000,0.99960000,0.99970000,0.99950000,0.99960000,13231296.00000000,1701057599999,13225985.23830000,4588,8418787.00000000,8415617.26730000,0
1701057600000,0.99970000,0.99970000,0.99960000,0.99960000,9320789.00000000,1701061199999,9317598.40100000,2219,5377166.00000000,5375552.85020000,0
1701061200000,0.99960000,0.99970000,0.99960000,0.99960000,10523771.00000000,1701064799999,10520294.22030000,3232,7327287.00000000,7325088.81390000,0
1701064800000,0.99960000,0.99980000,0.99960000,0.99970000,18280419.00000000,1701068399999,18274796.74930000,5801,11392140.00000000,11388837.47960000,0
1701068400000,0.99980000,0.99980000,0.99960000,0.99960000,20359562.00000000,1701071999999,20352901.72200000,5489,7324212.00000000,7322048.93290000,0
1701072000000,0.99960000,0.99980000,0.99960000,0.99960000,35106020.00000000,1701075599999,35095534.99020000,5616,20875530.00000000,20869478.37120000,0
1701075600000,0.99970000,0.99980000,0.99960000,0.99970000,10436213.00000000,1701079199999,10433397.47630000,3825,6764680.00000000,6762997.71690000,0
1701079200000,0.99980000,0.99980000,0.99960000,0.99960000,23269323.00000000,1701082799999,23262428.18050000,6971,10900165.00000000,10897295.05130000,0
1701082800000,0.99970000,0.99980000,0.99960000,0.99970000,39504718.00000000,1701086399999,39493108.56620000,6158,32765023.00000000,32755814.55980000,0
1701086400000,0.99980000,0.99980000,0.99970000,0.99970000,7740037.00000000,1701089999999,7738256.16120000,5305,5411723.00000000,5410640.65540000,0
1701090000000,0.99980000,0.99990000,0.99970000,0.99980000,24701662.00000000,1701093599999,24696654.22940000,7617,16662077.00000000,16658889.35570000,0
1701093600000,0.99990000,1.00000000,0.99970000,0.99980000,45260521.00000000,1701097199999,45254308.52610000,10480,31264505.00000000,31260999.58640000,0
1701097200000,0.99980000,0.99990000,0.99980000,0.99980000,18000100.00000000,1701100799999,17996926.20200000,8436,4262220.00000000,4261793.77800000,0
1701100800000,0.99980000,1.00000000,0.99980000,0.99980000,35939401.00000000,1701104399999,35934898.55890000,12817,22015228.00000000,22013042.71940000,0
1701104400000,0.99990000,1.00000000,0.99980000,0.99990000,16780916.00000000,1701107999999,16779082.49730000,5855,11786181.00000000,11785202.42770000,0
1701108000000,0.99990000,1.00000000,0.99980000,0.99990000,12250386.00000000,1701111599999,12249411.33330000,4212,6827977.00000000,6827629.24840000,0
1701111600000,0.99990000,1.00000000,0.99980000,0.99990000,14795185.00000000,1701115199999,14793621.26760000,5456,9767459.00000000,9766727.05610000,0
1701115200000,1.00000000,1.00000000,0.99980000,0.99990000,13375371.00000000,1701118799999,13374431.42660000,4505,6788825.00000000,6788570.37480000,0
1701118800000,1.00000000,1.00010000,0.99990000,1.00000000,13089027.00000000,1701122399999,13088841.42310000,4984,10687728.00000000,10687732.19520000,0
1701122400000,1.00010000,1.00010000,0.99990000,0.99990000,5533194.00000000,1701125999999,5533097.80650000,2913,2894986.00000000,2894998.58060000,0
1701126000000,0.99990000,1.00010000,0.99990000,1.00000000,10682490.00000000,1701129599999,10682358.21850000,4899,6273524.00000000,6273525.37610000,0
1701129600000,1.00000000,1.00000000,0.99990000,0.99990000,8579942.00000000,1701133199999,8579568.22620000,6579,4842204.00000000,4842204.00000000,0
1701133200000,1.00000000,1.00000000,0.99990000,0.99990000,12776360.00000000,1701136799999,12775582.79840000,4153,5004344.00000000,5004344.00000000,0
1701136800000,1.00000000,1.00000000,0.99990000,0.99990000,9314007.00000000,1701140399999,9313402.09570000,3325,3264964.00000000,3264964.00000000,0
1701140400000,0.99990000,1.00000000,0.99990000,0.99990000,5353191.00000000,1701143999999,5352964.80480000,3149,3091239.00000000,3091239.00000000,0
1701144000000,0.99990000,1.00000000,0.99990000,0.99990000,5309091.00000000,1701147599999,5308737.28580000,3011,1771949.00000000,1771949.00000000,0
1701147600000,0.99990000,1.00000000,0.99990000,0.99990000,9539474.00000000,1701151199999,9538820.22230000,4743,3001697.00000000,3001697.00000000,0
1701151200000,0.99990000,1.00000000,0.99990000,0.99990000,19927183.00000000,1701154799999,19925982.46650000,6403,7921848.00000000,7921848.00000000,0
1701154800000,1.00000000,1.00000000,0.99980000,0.99990000,15839896.00000000,1701158399999,15838673.15390000,5175,7936218.00000000,7935806.35740000,0
1701158400000,0.99990000,1.00000000,0.99990000,0.99990000,8933169.00000000,1701161999999,8932668.03640000,4258,3923533.00000000,3923533.00000000,0
1701162000000,1.00000000,1.00000000,0.99990000,0.99990000,15660482.00000000,1701165599999,15659973.48860000,8058,10575368.00000000,10575368.00000000,0
1701165600000,1.00000000,1.00010000,0.99990000,0.99990000,14227122.00000000,1701169199999,14226874.03130000,5469,9577409.00000000,9577427.04400000,0
1701169200000,1.00000000,1.00000000,0.99990000,0.99990000,6254892.00000000,1701172799999,6254597.32940000,4713,3308186.00000000,3308186.00000000,0
1701172800000,1.00000000,1.00000000,0.99990000,0.99990000,8000804.00000000,1701176399999,8000497.93150000,3633,4940119.00000000,4940119.00000000,0
1701176400000,0.99990000,1.00000000,0.99980000,0.99990000,21578151.00000000,1701179999999,21576359.03170000,5177,6386424.00000000,6386175.05290000,0
1701180000000,0.99990000,1.00000000,0.99980000,0.99990000,16973656.00000000,1701183599999,16972477.28000000,5243,6977920.00000000,6977768.41510000,0
1701183600000,1.00000000,1.00000000,0.99980000,0.99980000,23874558.00000000,1701187199999,23870773.90460000,6035,8366239.00000000,8365403.14950000,0
1701187200000,0.99980000,0.99990000,0.99970000,0.99970000,35284718.00000000,1701190799999,35277385.66410000,10650,15556716.00000000,15553802.34980000,0
1701190800000,0.99970000,0.99980000,0.99940000,0.99950000,43320383.00000000,1701194399999,43305319.53120000,9355,13326410.00000000,13322204.49440000,0
1701194400000,0.99950000,0.99970000,0.99950000,0.99950000,20792463.00000000,1701197999999,20783319.20920000,7745,8929328.00000000,8925779.08770000,0
1701198000000,0.99960000,0.99960000,0.99930000,0.99940000,34244902.00000000,1701201599999,34225925.97610000,9770,11853914.00000000,11847446.12440000,0
1701201600000,0.99950000,0.99950000,0.99910000,0.99920000,38382724.00000000,1701205199999,38358532.93680000,6723,11121793.00000000,11114907.97700000,0
1701205200000,0.99930000,0.99950000,0.99920000,0.99940000,26273575.00000000,1701208799999,26257099.85220000,5429,17120509.00000000,17110004.54580000,0
1701208800000,0.99940000,0.99950000,0.99940000,0.99940000,9000587.00000000,1701212399999,8995686.50870000,2895,4998609.00000000,4996109.69550000,0
1701212400000,0.99950000,0.99960000,0.99940000,0.99950000,33358949.00000000,1701215999999,33342399.81460000,3062,19332960.00000000,19323676.75180000,0
1701216000000,0.99950000,0.99970000,0.99940000,0.99960000,31992599.00000000,1701219599999,31978056.00570000,3244,9966261.00000000,9961795.47410000,0
1701219600000,0.99960000,0.99960000,0.99940000,0.99940000,13826938.00000000,1701223199999,13820160.28780000,5814,3078704.00000000,3077404.20630000,0
1701223200000,0.99940000,0.99950000,0.99920000,0.99950000,28147349.00000000,1701226799999,28129728.73570000,3586,13936134.00000000,13927522.10250000,0
1701226800000,0.99940000,0.99950000,0.99940000,0.99940000,8088332.00000000,1701230399999,8083891.95420000,2472,4129534.00000000,4127469.23300000,0
1701230400000,0.99950000,0.99950000,0.99940000,0.99940000,6732019.00000000,1701233999999,6728184.79420000,1864,2050056.00000000,2049030.97200000,0
1701234000000,0.99950000,0.99950000,0.99940000,0.99940000,8623864.00000000,1701237599999,8619243.46990000,2293,5537883.00000000,5535114.05850000,0
1701237600000,0.99950000,0.99950000,0.99940000,0.99940000,11292953.00000000,1701241199999,11286725.34120000,4086,5481130.00000000,5478389.43500000,0
1701241200000,0.99950000,0.99950000,0.99940000,0.99940000,15048540.00000000,1701244799999,15040246.13140000,4238,7352554.00000000,7348877.72300000,0
1701244800000,0.99950000,0.99950000,0.99940000,0.99940000,20835663.00000000,1701248399999,20823761.92590000,4903,6003237.00000000,6000235.38150000,0
1701248400000,0.99950000,0.99960000,0.99940000,0.99950000,33177272.00000000,1701251999999,33160548.48870000,6425,23221888.00000000,23210457.49610000,0
1701252000000,0.99960000,0.99970000,0.99950000,0.99960000,31028014.00000000,1701255599999,31014320.05690000,7091,13815759.00000000,13810232.73720000,0
1701255600000,0.99950000,0.99960000,0.99950000,0.99950000,12237572.00000000,1701259199999,12232028.58930000,4160,5753753.00000000,5751451.49880000,0
1701259200000,0.99950000,0.99960000,0.99930000,0.99930000,38999812.00000000,1701262799999,38977786.74310000,6717,10811086.00000000,10805251.49240000,0
1701262800000,0.99940000,0.99950000,0.99930000,0.99950000,23282149.00000000,1701266399999,23268186.14040000,4518,12486304.00000000,12479067.20530000,0
1701266400000,0.99940000,0.99960000,0.99940000,0.99950000,38610921.00000000,1701269999999,38590892.57770000,5866,24392472.00000000,24380276.44600000,0
1701270000000,0.99950000,0.99970000,0.99940000,0.99960000,54259709.00000000,1701273599999,54236808.87330000,8293,30723852.00000000,30710885.39180000,0
1701273600000,0.99960000,0.99980000,0.99950000,0.99960000,28005812.00000000,1701277199999,27996226.27800000,7421,17575929.00000000,17570240.58740000,0
1701277200000,0.99970000,0.99970000,0.99960000,0.99960000,21584352.00000000,1701280799999,21577002.19440000,6049,12839352.00000000,12835500.19440000,0
1701280800000,0.99960000,0.99980000,0.99960000,0.99970000,42341257.00000000,1701284399999,42328512.06680000,6218,21699100.00000000,21692764.20540000,0
1701284400000,0.99980000,0.99990000,0.99970000,0.99980000,58887104.00000000,1701287999999,58875277.94880000,6830,33112676.00000000,33106230.57980000,0
1701288000000,0.99980000,0.99990000,0.99970000,0.99990000,21221485.00000000,1701291599999,21217860.84840000,6684,18165919.00000000,18162955.52340000,0
1701291600000,0.99990000,1.00000000,0.99980000,0.99990000,18546205.00000000,1701295199999,18544157.08040000,6373,13525451.00000000,13524098.51110000,0
1701295200000,0.99990000,1.00000000,0.99980000,0.99980000,13395785.00000000,1701298799999,13394081.84670000,4200,8738537.00000000,8737663.79690000,0
1701298800000,0.99980000,0.99990000,0.99980000,0.99990000,3078705.00000000,1701302399999,3078228.09720000,3282,1388382.00000000,1388243.16180000,0
1701302400000,0.99980000,0.99990000,0.99980000,0.99990000,2592742.00000000,1701305999999,2592332.65850000,4010,1092069.00000000,1091959.79310000,0
1701306000000,0.99980000,0.99990000,0.99980000,0.99980000,10710958.00000000,1701309599999,10709393.64330000,3837,5778349.00000000,5777771.16510000,0
1701309600000,0.99980000,0.99990000,0.99980000,0.99980000,8737762.00000000,1701313199999,8736588.83510000,4169,5743875.00000000,5743300.61250000,0
1701313200000,0.99980000,0.99990000,0.99980000,0.99990000,5633063.00000000,1701316799999,5632269.80330000,2514,3334159.00000000,3333825.58410000,0
1701316800000,0.99990000,0.99990000,0.99980000,0.99980000,7984831.00000000,1701320399999,7983416.35510000,2155,1823213.00000000,1823030.67870000,0
1701320400000,0.99980000,0.99990000,0.99980000,0.99990000,6417866.00000000,1701323999999,6416809.75050000,4241,2273237.00000000,2273009.67630000,0
1701324000000,0.99990000,0.99990000,0.99980000,0.99980000,9109182.00000000,1701327599999,9107921.10710000,3200,5609435.00000000,5608874.05650000,0
1701327600000,0.99990000,0.99990000,0.99980000,0.99990000,15262983.00000000,1701331199999,15260743.23080000,3188,8128274.00000000,8127461.17260000,0
1701331200000,0.99990000,0.99990000,0.99980000,0.99990000,17514513.00000000,1701334799999,17511668.97730000,3171,6588799.00000000,6588140.12010000,0
1701334800000,0.99990000,0.99990000,0.99980000,0.99980000,14296846.00000000,1701338399999,14294999.82100000,4048,10131902.00000000,10130888.80980000,0
1701338400000,0.99990000,1.00000000,0.99980000,1.00000000,12365789.00000000,1701341999999,12364637.48910000,3453,10211464.00000000,10210633.17360000,0
1701342000000,0.99990000,1.00000000,0.99980000,0.99990000,15832333.00000000,1701345599999,15831084.93210000,4670,8413206.00000000,8412825.31660000,0
1701345600000,0.99990000,0.99990000,0.99980000,0.99990000,13718351.00000000,1701349199999,13716270.45280000,3349,6631230.00000000,6630566.87700000,0
1701349200000,0.99980000,0.99990000,0.99970000,0.99980000,27079848.00000000,1701352799999,27074318.88780000,5353,10236687.00000000,10234799.87490000,0
1701352800000,0.99980000,0.99990000,0.99980000,0.99990000,16240243.00000000,1701356399999,16238265.37050000,4897,12704191.00000000,12702920.58090000,0
1701356400000,0.99990000,1.00000000,0.99980000,0.99990000,37163079.00000000,1701359999999,37159626.48330000,8506,18126080.00000000,18124661.93050000,0
1701360000000,1.00000000,1.00000000,0.99990000,1.00000000,11567034.00000000,1701363599999,11566500.51490000,5238,6232183.00000000,6232183.00000000,0
1701363600000,0.99990000,1.00000000,0.99980000,0.99980000,11815430.00000000,1701367199999,11813897.71720000,3929,4102887.00000000,4102486.74860000,0
1701367200000,0.99980000,0.99990000,0.99980000,0.99980000,4904457.00000000,1701370799999,4903664.51670000,3006,1884081.00000000,1883892.59190000,0
1701370800000,0.99980000,0.99990000,0.99980000,0.99990000,10723573.00000000,1701374399999,10722212.14010000,3100,7838547.00000000,7837763.14530000,0
1701374400000,0.99990000,0.99990000,0.99980000,0.99980000,7004900.00000000,1701377999999,7003964.45050000,2976,4654305.00000000,4653839.56950000,0
1701378000000,0.99980000,0.99990000,0.99980000,0.99980000,4816900.00000000,1701381599999,4816136.51100000,3366,1998910.00000000,1998710.10900000,0
1701381600000,0.99990000,1.00000000,0.99980000,0.99990000,8865426.00000000,1701385199999,8864417.30910000,3847,6004739.00000000,6004141.16470000,0
1701385200000,0.99980000,1.00000000,0.99980000,0.99990000,10403591.00000000,1701388799999,10402413.85230000,4138,4517516.00000000,4517112.50140000,0
