1654041600000,1.00080000,1.00080000,1.00070000,1.00070000,11998840.00000000,1654045199999,12007824.56110000,3554,5853731.00000000,5858413.98480000,0
1654045200000,1.00080000,1.00080000,1.00070000,1.00080000,14683149.00000000,1654048799999,14694404.77350000,2011,9775692.00000000,9783512.55360000,0
1654048800000,1.00080000,1.00080000,1.00070000,1.00070000,4654114.00000000,1654052399999,4657621.06080000,1749,2491810.00000000,2493803.44800000,0
1654052400000,1.00070000,1.00080000,1.00070000,1.00080000,3869182.00000000,1654055999999,3872122.75950000,1714,2323321.00000000,2325179.65680000,0
1654056000000,1.00070000,1.00080000,1.00070000,1.00080000,7261498.00000000,1654059599999,7266953.83720000,3046,3727886.00000000,3730868.30880000,0
1654059600000,1.00070000,1.00080000,1.00070000,1.00070000,9175907.00000000,1654063199999,9183080.89060000,3054,7507557.00000000,7513563.04560000,0
1654063200000,1.00080000,1.00080000,1.00070000,1.00070000,3003628.00000000,1654066799999,3005890.44100000,1773,1599014.00000000,1600293.21120000,0
1654066800000,1.00070000,1.00080000,1.00070000,1.00070000,8577391.00000000,1654070399999,8583845.51010000,2010,4503364.00000000,4506966.69120000,0
1654070400000,1.00070000,1.00090000,1.00070000,1.00080000,24215023.00000000,1654073999999,24234522.71810000,4069,9951208.00000000,9959456.99150000,0
1654074000000,1.00080000,1.00090000,1.00080000,1.00080000,6339926.00000000,1654077599999,6345172.66380000,4314,1747230.00000000,1748802.50700000,0
1654077600000,1.00080000,1.00090000,1.00080000,1.00080000,20304030.00000000,1654081199999,20321915.88000000,3192,16426560.00000000,16441343.90400000,0
1654081200000,1.00080000,1.00100000,1.00080000,1.00080000,32374057.00000000,1654084799999,32402718.84570000,3228,12943215.00000000,12955093.78870000,0
1654084800000,1.00080000,1.00100000,1.00080000,1.00090000,30161270.00000000,1654088399999,30188267.66820000,4883,15846468.00000000,15860993.73540000,0
1654088400000,1.00090000,1.00100000,1.00080000,1.00100000,36810903.00000000,1654091999999,36844851.61500000,6553,22260669.00000000,22281530.94180000,0
1654092000000,1.00100000,1.00100000,1.00090000,1.00090000,17845522.00000000,1654095599999,17862421.34410000,5057,8383743.00000000,8392126.74300000,0
1654095600000,1.00090000,1.00100000,1.00090000,1.00100000,16316391.00000000,1654099199999,16332278.95370000,5157,12032018.00000000,12044050.01800000,0
1654099200000,1.00090000,1.00110000,1.00090000,1.00100000,15164353.00000000,1654102799999,15179256.94230000,7154,10671998.00000000,10682722.35360000,0
1654102800000,1.00100000,1.00120000,1.00100000,1.00110000,18765547.00000000,1654106399999,18785984.11180000,6912,10904041.00000000,10916251.63610000,0
1654106400000,1.00120000,1.00120000,1.00110000,1.00110000,11379494.00000000,1654109999999,11392274.55660000,3256,2631132.00000000,2634289.35840000,0
1654110000000,1.00120000,1.00120000,1.00110000,1.00120000,12525455.00000000,1654113599999,12539769.61190000,3210,5366114.00000000,5372553.33680000,0
1654113600000,1.00110000,1.00120000,1.00090000,1.00090000,29925576.00000000,1654117199999,29957620.47010000,9328,4105377.00000000,4110170.70910000,0
1654117200000,1.00090000,1.00100000,1.00090000,1.00090000,5825249.00000000,1654120799999,5830682.25770000,1786,1905336.00000000,1907241.33600000,0
1654120800000,1.00090000,1.00100000,1.00090000,1.00090000,8324637.00000000,1654124399999,8332794.26610000,1518,6650928.00000000,6657578.92800000,0
1654124400000,1.00090000,1.00100000,1.00090000,1.00090000,7657996.00000000,1654127999999,7665461.57930000,2350,5733829.00000000,5739562.82900000,0
1654128000000,1.00090000,1.00100000,1.00090000,1.00090000,6989382.00000000,1654131599999,6996051.63130000,2637,3791875.00000000,3795666.87500000,0
1654131600000,1.00090000,1.00100000,1.00090000,1.00100000,5297835.00000000,1654135199999,5302963.45210000,1643,3604006.00000000,3607610.00600000,0
1654135200000,1.00090000,1.00100000,1.00090000,1.00090000,9483760.00000000,1654138799999,9493118.25960000,2439,8228756.00000000,8236984.75600000,0
1654138800000,1.00090000,1.00110000,1.00090000,1.00100000,27636598.00000000,1654142399999,27664408.84740000,4255,11715229.00000000,11727440.73120000,0
1654142400000,1.00100000,1.00110000,1.00080000,1.00090000,15255578.00000000,1654145999999,15269634.48020000,2250,2087212.00000000,2089100.71870000,0
1654146000000,1.00080000,1.00090000,1.00080000,1.00080000,6081938.00000000,1654149599999,6087227.74570000,2630,4241953.00000000,4245770.75770000,0
1654149600000,1.00090000,1.00090000,1.00080000,1.00090000,7507226.00000000,1654153199999,7513506.19820000,1849,2744174.00000000,2746643.75660000,0
1654153200000,1.00080000,1.00090000,1.00080000,1.00090000,7622726.00000000,1654156799999,7629271.79300000,2579,4476122.00000000,4480150.50980000,0
1654156800000,1.00080000,1.00090000,1.00080000,1.00080000,5443592.00000000,1654160399999,5448296.41640000,1922,3495428.00000000,3498573.88520000,0
1654160400000,1.00080000,1.00090000,1.00080000,1.00090000,6862910.00000000,1654163999999,6868799.75870000,2402,3994307.00000000,3997901.87630000,0
1654164000000,1.00080000,1.00090000,1.00080000,1.00090000,8104447.00000000,1654167599999,8111454.55020000,3134,5239926.00000000,5244641.93340000,0
1654167600000,1.00080000,1.00090000,1.00080000,1.00090000,6105189.00000000,1654171199999,6110475.76950000,2822,4026183.00000000,4029806.56470000,0
1654171200000,1.00090000,1.00090000,1.00080000,1.00080000,6836576.00000000,1654174799999,6842442.25300000,2274,3969922.00000000,3973494.92980000,0
1654174800000,1.00090000,1.00090000,1.00080000,1.00080000,11927639.00000000,1654178399999,11937731.33570000,4261,5502245.00000000,5507197.02050000,0
1654178400000,1.00090000,1.00090000,1.00080000,1.00080000,9610164.00000000,1654181999999,9618483.06570000,3819,6309345.00000000,6315023.41050000,0
1654182000000,1.00080000,1.00090000,1.00080000,1.00080000,7280239.00000000,1654185599999,7286334.33150000,3930,2711403.00000000,2713843.26270000,0
1654185600000,1.00080000,1.00090000,1.00080000,1.00090000,10691054.00000000,1654189199999,10699917.17240000,3542,3103292.00000000,3106084.96280000,0
1654189200000,1.00080000,1.00090000,1.00080000,1.00080000,11996577.00000000,1654192799999,12006310.46660000,2345,1362050.00000000,1363275.84500000,0
1654192800000,1.00080000,1.00090000,1.00080000,1.00080000,9268174.00000000,1654196399999,9275782.41330000,2884,1938741.00000000,1940485.86690000,0
1654196400000,1.00080000,1.00090000,1.00070000,1.00080000,10765324.00000000,1654199999999,10773965.03730000,3047,3181923.00000000,3184564.97770000,0
1654200000000,1.00070000,1.00090000,1.00070000,1.00080000,13296761.00000000,1654203599999,13307270.14350000,2330,10662459.00000000,10671050.19270000,0
1654203600000,1.00080000,1.00090000,1.00080000,1.00090000,2963166.00000000,1654207199999,2965647.68540000,1667,1111526.00000000,1112526.37340000,0
1654207200000,1.00090000,1.00090000,1.00080000,1.00080000,6562263.00000000,1654210799999,6567841.82940000,2385,3290190.00000000,3293151.17100000,0
1654210800000,1.00080000,1.00090000,1.00070000,1.00070000,12965653.00000000,1654214399999,12975973.60310000,3064,1407562.00000000,1408749.88080000,0
1654214400000,1.00080000,1.00080000,1.00070000,1.00080000,2343178.00000000,1654217999999,2344947.15270000,1472,1289281.00000000,1290312.42480000,0
1654218000000,1.00080000,1.00080000,1.00070000,1.00080000,2589594.00000000,1654221599999,2591582.11430000,1690,1753985.00000000,1755388.18800000,0
1654221600000,1.00080000,1.00080000,1.00070000,1.00080000,3448340.00000000,1654225199999,3450986.18770000,1320,2323497.00000000,2325355.79760000,0
1654225200000,1.00070000,1.00080000,1.00070000,1.00070000,4653837.00000000,1654228799999,4657449.52440000,1500,3548385.00000000,3551223.70800000,0
1654228800000,1.00070000,1.00080000,1.00070000,1.00080000,5472212.00000000,1654232399999,5476498.64950000,1290,4561011.00000000,4564659.80880000,0
1654232400000,1.00070000,1.00080000,1.00070000,1.00080000,2043839.00000000,1654235999999,2045372.76450000,1255,1030772.00000000,1031596.61760000,0
1654236000000,1.00080000,1.00080000,1.00070000,1.00080000,3787293.00000000,1654239599999,3790119.94320000,1965,1758381.00000000,1759787.70480000,0
1654239600000,1.00070000,1.00080000,1.00070000,1.00070000,6336841.00000000,1654243199999,6341716.32290000,2170,4395342.00000000,4398858.27360000,0
1654243200000,1.00070000,1.00080000,1.00070000,1.00070000,6621814.00000000,1654246799999,6626767.89840000,2072,3186286.00000000,3188835.02880000,0
1654246800000,1.00070000,1.00090000,1.00070000,1.00080000,15951472.00000000,1654250399999,15964165.18940000,4488,6257531.00000000,6262612.85990000,0
1654250400000,1.00080000,1.00090000,1.00070000,1.00080000,10849707.00000000,1654253999999,10858401.77430000,5100,4295681.00000000,4299331.79210000,0
1654254000000,1.00080000,1.00090000,1.00070000,1.00080000,12454155.00000000,1654257599999,12463962.47870000,5777,10270046.00000000,10278277.40560000,0
1654257600000,1.00080000,1.00090000,1.00070000,1.00070000,18254764.00000000,1654261199999,18269654.59400000,3689,4277833.00000000,4281631.50070000,0
1654261200000,1.00080000,1.00090000,1.00070000,1.00090000,19658280.00000000,1654264799999,19673781.69630000,5932,14038080.00000000,14049476.61790000,0
1654264800000,1.00080000,1.00090000,1.00080000,1.00090000,14238926.00000000,1654268399999,14251467.01010000,5056,11498693.00000000,11509041.82370000,0
1654268400000,1.00080000,1.00100000,1.00080000,1.00090000,8759470.00000000,1654271999999,8767684.86790000,2944,6435417.00000000,6441549.99650000,0
1654272000000,1.00090000,1.00100000,1.00090000,1.00100000,13309093.00000000,1654275599999,13322097.37980000,3751,10261961.00000000,10272222.96100000,0
1654275600000,1.00090000,1.00100000,1.00090000,1.00100000,10318642.00000000,1654279199999,10328386.07270000,4606,4572949.00000000,4577521.94900000,0
1654279200000,1.00100000,1.00100000,1.00090000,1.00090000,5113360.00000000,1654282799999,5118161.30580000,2764,1992818.00000000,1994810.81800000,0
1654282800000,1.00090000,1.00110000,1.00090000,1.00100000,7974037.00000000,1654286399999,7982056.63930000,1753,6272991.00000000,6279337.55040000,0
1654286400000,1.00100000,1.00110000,1.00100000,1.00100000,3149512.00000000,1654289999999,3152842.17580000,1472,1806638.00000000,1808625.30180000,0
1654290000000,1.00100000,1.00110000,1.00100000,1.00100000,6451018.00000000,1654293599999,6457718.81130000,3021,2497933.00000000,2500680.72630000,0
1654293600000,1.00100000,1.00110000,1.00100000,1.00100000,3944100.00000000,1654297199999,3948176.80730000,3002,1327073.00000000,1328532.78030000,0
1654297200000,1.00100000,1.00110000,1.00100000,1.00100000,2635329.00000000,1654300799999,2638043.69870000,2095,793697.00000000,794570.06670000,0
1654300800000,1.00100000,1.00110000,1.00100000,1.00110000,2357374.00000000,1654304399999,2359782.04490000,1284,506709.00000000,507266.37990000,0
1654304400000,1.00100000,1.00110000,1.00090000,1.00110000,19185764.00000000,1654307999999,19205138.10310000,3604,13689727.00000000,13703605.50780000,0
1654308000000,1.00100000,1.00110000,1.00100000,1.00100000,4611219.00000000,1654311599999,4616012.80700000,1541,1825880.00000000,1827888.46800000,0
1654311600000,1.00100000,1.00110000,1.00100000,1.00100000,2227164.00000000,1654315199999,2229474.67320000,1127,835092.00000000,836010.60120000,0
1654315200000,1.00100000,1.00110000,1.00100000,1.00100000,3129457.00000000,1654318799999,3132705.98250000,1548,1195255.00000000,1196569.78050000,0
1654318800000,1.00100000,1.00110000,1.00100000,1.00110000,5385659.00000000,1654322399999,5391084.74370000,1119,400847.00000000,401287.93170000,0
1654322400000,1.00110000,1.00110000,1.00100000,1.00100000,3032549.00000000,1654325999999,3035682.08200000,1225,1005330.00000000,1006435.86300000,0
1654326000000,1.00100000,1.00110000,1.00090000,1.00090000,6604840.00000000,1654329599999,6611389.97870000,1747,3527779.00000000,3531322.05130000,0
1654329600000,1.00090000,1.00100000,1.00090000,1.00100000,6783251.00000000,1654333199999,6789464.71520000,1500,1087893.00000000,1088980.89300000,0
1654333200000,1.00090000,1.00100000,1.00090000,1.00100000,2480257.00000000,1654336799999,2482623.54110000,1441,1343098.00000000,1344441.09800000,0
1654336800000,1.00090000,1.00100000,1.00090000,1.00090000,13120478.00000000,1654340399999,13132360.58230000,2495,741521.00000000,742262.52100000,0
1654340400000,1.00090000,1.00100000,1.00080000,1.00090000,3093223.00000000,1654343999999,3096072.95610000,1765,898910.00000000,899788.94760000,0
1654344000000,1.00080000,1.00090000,1.00080000,1.00090000,4129187.00000000,1654347599999,4132670.85030000,1828,1805007.00000000,1806631.50630000,0
1654347600000,1.00080000,1.00090000,1.00080000,1.00090000,3897137.00000000,1654351199999,3900370.31060000,1861,1156010.00000000,1157050.40900000,0
1654351200000,1.00080000,1.00090000,1.00080000,1.00080000,5052485.00000000,1654354799999,5056798.11290000,2223,2711249.00000000,2713689.12410000,0
1654354800000,1.00080000,1.00090000,1.00080000,1.00090000,2395914.00000000,1654358399999,2397930.19450000,1697,994633.00000000,995528.16970000,0
1654358400000,1.00080000,1.00090000,1.00080000,1.00080000,2291424.00000000,1654361999999,2293326.79920000,1587,696600.00000000,697226.94000000,0
1654362000000,1.00080000,1.00090000,1.00080000,1.00090000,2169802.00000000,1654365599999,2171642.76740000,1649,1049258.00000000,1050202.33220000,0
1654365600000,1.00080000,1.00090000,1.00080000,1.00080000,6364652.00000000,1654369199999,6369829.89610000,1490,861745.00000000,862520.57050000,0
1654369200000,1.00080000,1.00090000,1.00080000,1.00080000,3604934.00000000,1654372799999,3607872.01610000,1215,540689.00000000,541175.62010000,0
1654372800000,1.00080000,1.00090000,1.00080000,1.00090000,1842848.00000000,1654376399999,1844419.53690000,1331,972585.00000000,973460.32650000,0
1654376400000,1.00080000,1.00090000,1.00080000,1.00090000,2499067.00000000,1654379999999,2501183.67960000,1606,1174260.00000000,1175316.83400000,0
1654380000000,1.00090000,1.00090000,1.00080000,1.00090000,6579105.00000000,1654383599999,6584506.45440000,2284,1381704.00000000,1382947.53360000,0
1654383600000,1.00090000,1.00090000,1.00080000,1.00090000,2082487.00000000,1654387199999,2084257.10020000,1123,1041106.00000000,1042042.99540000,0
1654387200000,1.00090000,1.00090000,1.00080000,1.00080000,3580181.00000000,1654390799999,3583200.58210000,1516,1554373.00000000,1555771.93570000,0
1654390800000,1.00080000,1.00090000,1.00080000,1.00080000,2481936.00000000,1654394399999,2483964.29590000,2669,427471.00000000,427855.72390000,0
1654394400000,1.00080000,1.00090000,1.00080000,1.00080000,2174762.00000000,1654397999999,2176584.91780000,2027,831082.00000000,831829.97380000,0
1654398000000,1.00090000,1.00090000,1.00080000,1.00090000,3977501.00000000,1654401599999,3980817.22560000,2051,1342248.00000000,1343456.02320000,0
1654401600000,1.00090000,1.00090000,1.00080000,1.00080000,3206624.00000000,1654405199999,3209320.87540000,1853,1315762.00000000,1316946.18580000,0
1654405200000,1.00080000,1.00090000,1.00080000,1.00080000,2886190.00000000,1654408799999,2888571.16450000,2446,722125.00000000,722774.91250000,0
1654408800000,1.00080000,1.00090000,1.00080000,1.00090000,1892575.00000000,1654412399999,1894125.88580000,1752,368258.00000000,368589.43220000,0
1654412400000,1.00080000,1.00090000,1.00080000,1.00090000,3745716.00000000,1654415999999,3748790.04700000,2603,774742.00000000,775439.26780000,0
1654416000000,1.00080000,1.00090000,1.00080000,1.00080000,2476849.00000000,1654419599999,2478931.92380000,1682,1014446.00000000,1015359.00140000,0
1654419600000,1.00080000,1.00090000,1.00080000,1.00090000,3286657.00000000,1654423199999,3289443.16720000,2354,1568416.00000000,1569827.57440000,0
1654423200000,1.00080000,1.00090000,1.00080000,1.00080000,3776118.00000000,1654426799999,3779419.44960000,1760,2805552.00000000,2808076.99680000,0
1654426800000,1.00080000,1.00090000,1.00080000,1.00080000,2461510.00000000,1654430399999,2463625.03720000,2061,1458292.00000000,1459604.46280000,0
1654430400000,1.00080000,1.00090000,1.00080000,1.00080000,6752604.00000000,1654433999999,6758543.38100000,1274,5372978.00000000,5377813.68020000,0
1654434000000,1.00080000,1.00100000,1.00080000,1.00080000,20948076.00000000,1654437599999,20967060.18120000,3411,7805102.00000000,7812267.60820000,0
1654437600000,1.00080000,1.00090000,1.00080000,1.00080000,2887055.00000000,1654441199999,2889527.89840000,1645,1632544.00000000,1634013.28960000,0
1654441200000,1.00080000,1.00090000,1.00080000,1.00080000,6242566.00000000,1654444799999,6247898.64140000,2443,3385886.00000000,3388933.29740000,0
1654444800000,1.00080000,1.00090000,1.00080000,1.00080000,9417189.00000000,1654448399999,9425384.45910000,2562,6617079.00000000,6623034.37110000,0
1654448400000,1.00080000,1.00090000,1.00080000,1.00090000,4528529.00000000,1654451999999,4532419.79340000,2212,2679702.00000000,2682113.73180000,0
1654452000000,1.00080000,1.00090000,1.00080000,1.00090000,3867718.00000000,1654455599999,3871004.66060000,1670,1924862.00000000,1926594.37580000,0
1654455600000,1.00090000,1.00100000,1.00080000,1.00100000,6452570.00000000,1654459199999,6458370.26620000,2954,3043912.00000000,3046687.20220000,0
1654459200000,1.00090000,1.00100000,1.00090000,1.00090000,3913080.00000000,1654462799999,3916647.85880000,4242,460868.00000000,461328.86800000,0
1654462800000,1.00090000,1.00100000,1.00090000,1.00100000,1980775.00000000,1654466399999,1982587.45220000,1908,297547.00000000,297844.54700000,0
1654466400000,1.00090000,1.00100000,1.00090000,1.00100000,3272734.00000000,1654469999999,3275762.02800000,2430,825674.00000000,826499.67400000,0
1654470000000,1.00090000,1.00100000,1.00090000,1.00090000,3028110.00000000,1654473599999,3030951.28570000,2134,1159867.00000000,1161026.86700000,0
1654473600000,1.00090000,1.00100000,1.00080000,1.00090000,5891352.00000000,1654477199999,5896662.94920000,3897,1703420.00000000,1705010.49670000,0
1654477200000,1.00090000,1.00090000,1.00080000,1.00090000,15540584.00000000,1654480799999,15553384.82040000,3794,3683532.00000000,3686847.17880000,0
1654480800000,1.00080000,1.00090000,1.00070000,1.00070000,28969280.00000000,1654484399999,28992441.49050000,4711,13315362.00000000,13326064.50730000,0
1654484400000,1.00080000,1.00080000,1.00070000,1.00080000,13357490.00000000,1654487999999,13367739.22860000,4686,8989856.00000000,8997047.88480000,0
1654488000000,1.00080000,1.00090000,1.00070000,1.00090000,12380404.00000000,1654491599999,12390982.23540000,2227,7629472.00000000,7636249.53200000,0
1654491600000,1.00090000,1.00090000,1.00080000,1.00080000,8031806.00000000,1654495199999,8038386.90630000,1674,1554615.00000000,1556014.15350000,0
1654495200000,1.00080000,1.00090000,1.00080000,1.00080000,5778514.00000000,1654498799999,5783426.44050000,2546,2896293.00000000,2898899.66370000,0
1654498800000,1.00090000,1.00090000,1.00080000,1.00080000,5647472.00000000,1654502399999,5652168.33990000,2534,1783623.00000000,1785228.26070000,0
1654502400000,1.00090000,1.00090000,1.00080000,1.00080000,7020412.00000000,1654505999999,7026264.61980000,3049,2362902.00000000,2365028.61180000,0
1654506000000,1.00080000,1.00090000,1.00080000,1.00090000,6456239.00000000,1654509599999,6461575.30200000,3029,1713108.00000000,1714649.79720000,0
1654509600000,1.00080000,1.00090000,1.00080000,1.00080000,12807900.00000000,1654513199999,12818435.13630000,3265,2888163.00000000,2890762.34670000,0
1654513200000,1.00080000,1.00090000,1.00070000,1.00070000,11019042.00000000,1654516799999,11027938.46740000,5134,5664630.00000000,5669315.31870000,0
1654516800000,1.00070000,1.00080000,1.00070000,1.00070000,8868319.00000000,1654520399999,8875019.70320000,4556,4928799.00000000,4932742.03920000,0
1654520400000,1.00080000,1.00090000,1.00070000,1.00090000,11425153.00000000,1654523999999,11434355.50070000,3770,6463167.00000000,6468515.50140000,0
1654524000000,1.00080000,1.00090000,1.00070000,1.00080000,24068523.00000000,1654527599999,24087858.49930000,4793,12130305.00000000,12140186.95260000,0
1654527600000,1.00080000,1.00090000,1.00080000,1.00090000,8218844.00000000,1654531199999,8225746.06640000,3660,3269912.00000000,3272854.92080000,0
1654531200000,1.00080000,1.00090000,1.00080000,1.00090000,9241889.00000000,1654534799999,9249675.13830000,2947,3926271.00000000,3929804.64390000,0
1654534800000,1.00080000,1.00090000,1.00080000,1.00080000,5103265.00000000,1654538399999,5107539.71300000,2149,1921010.00000000,1922738.90900000,0
1654538400000,1.00090000,1.00090000,1.00080000,1.00090000,2683989.00000000,1654541999999,2686283.95090000,1970,1477597.00000000,1478926.83730000,0
1654542000000,1.00080000,1.00090000,1.00080000,1.00080000,5392476.00000000,1654545599999,5397151.78860000,1820,3618078.00000000,3621334.27020000,0
1654545600000,1.00090000,1.00090000,1.00080000,1.00090000,5271757.00000000,1654549199999,5276217.42820000,2638,2430226.00000000,2432413.20340000,0
1654549200000,1.00090000,1.00090000,1.00080000,1.00080000,3514866.00000000,1654552799999,3517846.25900000,2080,1683662.00000000,1685177.29580000,0
1654552800000,1.00090000,1.00090000,1.00080000,1.00080000,2576351.00000000,1654556399999,2578514.86700000,1328,1027862.00000000,1028787.07580000,0
1654556400000,1.00090000,1.00090000,1.00080000,1.00090000,1588948.00000000,1654559999999,1590301.02950000,1363,818711.00000000,819447.83990000,0
1654560000000,1.00080000,1.00090000,1.00070000,1.00090000,42684488.00000000,1654563599999,42718777.75420000,8191,17971822.00000000,17986778.22920000,0
1654563600000,1.00080000,1.00090000,1.00080000,1.00090000,14024844.00000000,1654567199999,14036530.90530000,6383,4670301.00000000,4674504.27090000,0
1654567200000,1.00080000,1.00090000,1.00080000,1.00090000,9379321.00000000,1654570799999,9387360.95980000,4349,5365030.00000000,5369858.52700000,0
1654570800000,1.00080000,1.00090000,1.00070000,1.00080000,13176855.00000000,1654574399999,13187657.88930000,3470,5385202.00000000,5389796.07180000,0
1654574400000,1.00070000,1.00080000,1.00060000,1.00060000,16408772.00000000,1654577999999,16420255.52630000,2471,1121865.00000000,1122705.09700000,0
1654578000000,1.00060000,1.00070000,1.00050000,1.00060000,23788109.00000000,1654581599999,23802247.73390000,8900,16920140.00000000,16930295.30740000,0
1654581600000,1.00060000,1.00080000,1.00060000,1.00070000,19626164.00000000,1654585199999,19639863.53820000,6298,6125143.00000000,6129465.84080000,0
1654585200000,1.00070000,1.00080000,1.00070000,1.00070000,4158326.00000000,1654588799999,4161358.35790000,2692,1215297.00000000,1216269.23760000,0
1654588800000,1.00070000,1.00080000,1.00070000,1.00070000,6493209.00000000,1654592399999,6498066.54720000,2025,3123009.00000000,3125507.40720000,0
1654592400000,1.00070000,1.00080000,1.00070000,1.00070000,5777707.00000000,1654595999999,5781945.75690000,2054,1943620.00000000,1945174.89600000,0
1654596000000,1.00070000,1.00080000,1.00070000,1.00070000,7404667.00000000,1654599599999,7410164.18370000,2455,3139168.00000000,3141679.33440000,0
1654599600000,1.00070000,1.00080000,1.00070000,1.00070000,12143191.00000000,1654603199999,12152480.93020000,3790,7896965.00000000,7903282.57200000,0
1654603200000,1.00070000,1.00080000,1.00070000,1.00070000,8906657.00000000,1654606799999,8913284.92950000,2968,3932696.00000000,3935842.15680000,0
1654606800000,1.00070000,1.00080000,1.00070000,1.00070000,10720845.00000000,1654610399999,10729100.30290000,2983,7507114.00000000,7513119.69120000,0
1654610400000,1.00080000,1.00090000,1.00070000,1.00080000,23534098.00000000,1654613999999,23552199.56310000,5183,15934584.00000000,15947333.31760000,0
1654614000000,1.00090000,1.00110000,1.00080000,1.00080000,43433714.00000000,1654617599999,43475308.44140000,5775,20820976.00000000,20841024.40740000,0
1654617600000,1.00090000,1.00090000,1.00080000,1.00090000,6718076.00000000,1654621199999,6723890.33000000,3255,4398692.00000000,4402650.82280000,0
1654621200000,1.00080000,1.00090000,1.00080000,1.00080000,5183080.00000000,1654624799999,5187453.73620000,2198,2272722.00000000,2274767.44980000,0
1654624800000,1.00090000,1.00090000,1.00080000,1.00080000,14578449.00000000,1654628399999,14590499.08610000,3641,3873269.00000000,3876754.94210000,0
1654628400000,1.00080000,1.00090000,1.00080000,1.00080000,26283244.00000000,1654631999999,26305577.08540000,8018,13064902.00000000,13076660.41180000,0
1654632000000,1.00080000,1.00090000,1.00070000,1.00080000,17959373.00000000,1654635599999,17973777.28220000,7603,7985888.00000000,7992616.14580000,0
1654635600000,1.00080000,1.00080000,1.00070000,1.00080000,7723137.00000000,1654639199999,7728958.92160000,3300,4157257.00000000,4160582.80560000,0
1654639200000,1.00070000,1.00080000,1.00060000,1.00070000,16923903.00000000,1654642799999,16936173.81130000,4224,4545346.00000000,4548957.19630000,0
1654642800000,1.00070000,1.00070000,1.00050000,1.00070000,19433895.00000000,1654646399999,19445393.77410000,5075,12563618.00000000,12571301.30900000,0
1654646400000,1.00070000,1.00080000,1.00060000,1.00070000,14633067.00000000,1654649999999,14643300.11670000,3597,6871359.00000000,6876234.07200000,0
1654650000000,1.00070000,1.00080000,1.00060000,1.00060000,13903550.00000000,1654653599999,13913509.30200000,5271,3430327.00000000,3432997.25820000,0
1654653600000,1.00070000,1.00070000,1.00060000,1.00070000,5955011.00000000,1654657199999,5958912.95980000,2373,3289532.00000000,3291834.67240000,0
1654657200000,1.00060000,1.00070000,1.00060000,1.00070000,13563069.00000000,1654660799999,13572171.43910000,5450,9645977.00000000,9652729.18390000,0
1654660800000,1.00070000,1.00070000,1.00060000,1.00070000,7589086.00000000,1654664399999,7594169.71940000,3392,5302678.00000000,5306389.87460000,0
1654664400000,1.00060000,1.00080000,1.00060000,1.00080000,13859227.00000000,1654667999999,13868949.71980000,3511,6360490.00000000,6365034.58900000,0
1654668000000,1.00070000,1.00080000,1.00070000,1.00080000,10694758.00000000,1654671599999,10702656.55820000,3632,4122276.00000000,4125573.82080000,0
1654671600000,1.00080000,1.00080000,1.00060000,1.00060000,9360594.00000000,1654675199999,9366968.11930000,2703,3516769.00000000,3519236.06220000,0
1654675200000,1.00060000,1.00070000,1.00040000,1.00050000,27647527.00000000,1654678799999,27663147.64730000,4101,12789902.00000000,12797035.64690000,0
1654678800000,1.00060000,1.00060000,1.00050000,1.00060000,7030868.00000000,1654682399999,7034751.64880000,2671,3682148.00000000,3684357.28880000,0
1654682400000,1.00060000,1.00060000,1.00050000,1.00060000,4809881.00000000,1654685999999,4812483.10990000,2481,1971694.00000000,1972877.01640000,0
1654686000000,1.00060000,1.00060000,1.00050000,1.00060000,7839732.00000000,1654689599999,7844088.92480000,2446,4370588.00000000,4373210.35280000,0
1654689600000,1.00050000,1.00070000,1.00050000,1.00060000,14340938.00000000,1654693199999,14349357.07750000,3760,8462190.00000000,8467303.17650000,0
1654693200000,1.00060000,1.00070000,1.00060000,1.00060000,7549202.00000000,1654696799999,7554036.95580000,3191,3054346.00000000,3056484.04220000,0
1654696800000,1.00060000,1.00070000,1.00060000,1.00070000,10039913.00000000,1654700399999,10046627.86410000,3050,6909163.00000000,6913999.41410000,0
1654700400000,1.00060000,1.00070000,1.00060000,1.00060000,12935213.00000000,1654703999999,12943384.38580000,3107,4102580.00000000,4105451.80600000,0
1654704000000,1.00060000,1.00070000,1.00050000,1.00060000,24452107.00000000,1654707599999,24467311.22530000,4059,16059217.00000000,16069392.40950000,0
1654707600000,1.00070000,1.00070000,1.00060000,1.00070000,3293894.00000000,1654711199999,3296080.84150000,1993,2105051.00000000,2106524.53570000,0
1654711200000,1.00060000,1.00080000,1.00060000,1.00070000,8438046.00000000,1654714799999,8444294.34660000,2225,6248108.00000000,6252829.53890000,0
1654714800000,1.00080000,1.00080000,1.00070000,1.00080000,3975719.00000000,1654718399999,3978703.67540000,2081,2016721.00000000,2018334.37680000,0
1654718400000,1.00070000,1.00080000,1.00070000,1.00070000,4084739.00000000,1654721999999,4087795.45260000,2170,1971353.00000000,1972930.08240000,0
1654722000000,1.00070000,1.00080000,1.00070000,1.00070000,2954561.00000000,1654725599999,2956702.59210000,1838,733994.00000000,734581.19520000,0
1654725600000,1.00080000,1.00080000,1.00070000,1.00080000,4404682.00000000,1654729199999,4408046.22430000,1933,2809469.00000000,2811716.57520000,0
1654729200000,1.00070000,1.00080000,1.00070000,1.00080000,5843599.00000000,1654732799999,5848087.26800000,1947,3977487.00000000,3980668.98960000,0
1654732800000,1.00070000,1.00090000,1.00070000,1.00090000,17100675.00000000,1654736399999,17114589.59540000,3394,13295830.00000000,13306701.14720000,0
1654736400000,1.00080000,1.00090000,1.00080000,1.00080000,5580746.00000000,1654739999999,5585530.19270000,2481,3195959.00000000,3198835.36310000,0
1654740000000,1.00080000,1.00090000,1.00080000,1.00080000,2797304.00000000,1654743599999,2799673.16270000,1643,1313195.00000000,1314376.87550000,0
1654743600000,1.00080000,1.00090000,1.00080000,1.00080000,2627715.00000000,1654747199999,2629910.80510000,2620,936331.00000000,937173.69790000,0
1654747200000,1.00090000,1.00090000,1.00080000,1.00090000,2986736.00000000,1654750799999,2989222.97540000,1728,975866.00000000,976744.27940000,0
1654750800000,1.00090000,1.00090000,1.00080000,1.00080000,2804903.00000000,1654754399999,2807208.96050000,1737,620381.00000000,620939.34290000,0
1654754400000,1.00080000,1.00090000,1.00080000,1.00080000,23026968.00000000,1654757999999,23046425.38900000,1603,10358146.00000000,10367468.33140000,0
1654758000000,1.00080000,1.00090000,1.00080000,1.00090000,8458496.00000000,1654761599999,8465402.53900000,2654,1397422.00000000,1398679.67980000,0
1654761600000,1.00080000,1.00090000,1.00070000,1.00070000,10023413.00000000,1654765199999,10031691.08190000,3154,5047718.00000000,5052045.89400000,0
1654765200000,1.00070000,1.00080000,1.00070000,1.00080000,7060091.00000000,1654768799999,7065358.25400000,2379,3251903.00000000,3254504.52240000,0
1654768800000,1.00070000,1.00080000,1.00070000,1.00070000,7471814.00000000,1654772399999,7477174.29550000,1644,1300257.00000000,1301297.20560000,0
1654772400000,1.00080000,1.00080000,1.00060000,1.00070000,22367681.00000000,1654775999999,22383249.09550000,5182,10963998.00000000,10971804.42010000,0
1654776000000,1.00060000,1.00070000,1.00060000,1.00060000,8494689.00000000,1654779599999,8500358.66850000,4330,5728551.00000000,5732560.98570000,0
1654779600000,1.00060000,1.00070000,1.00060000,1.00070000,8023813.00000000,1654783199999,8029189.04300000,4313,5617552.00000000,5621484.28640000,0
1654783200000,1.00070000,1.00080000,1.00060000,1.00070000,9405369.00000000,1654786799999,9412105.15070000,3274,4990695.00000000,4994397.29640000,0
1654786800000,1.00070000,1.00080000,1.00070000,1.00070000,6071342.00000000,1654790399999,6075939.66270000,3152,3477233.00000000,3480014.78640000,0
1654790400000,1.00070000,1.00080000,1.00070000,1.00080000,5329042.00000000,1654793999999,5333071.51460000,2315,2991852.00000000,2994245.48160000,0
1654794000000,1.00080000,1.00080000,1.00070000,1.00080000,10522656.00000000,1654797599999,10530858.32000000,4117,8364608.00000000,8371299.68640000,0
1654797600000,1.00070000,1.00090000,1.00070000,1.00080000,5296175.00000000,1654801199999,5300411.43270000,2704,3979628.00000000,3982875.98680000,0
1654801200000,1.00080000,1.00090000,1.00080000,1.00080000,3941729.00000000,1654804799999,3945059.34190000,2030,1769587.00000000,1771179.62830000,0
1654804800000,1.00080000,1.00090000,1.00080000,1.00080000,5232882.00000000,1654808399999,5237338.95050000,2414,2706449.00000000,2708884.80410000,0
1654808400000,1.00080000,1.00090000,1.00080000,1.00080000,3329782.00000000,1654811999999,3332665.01600000,1302,2191904.00000000,2193876.71360000,0
1654812000000,1.00080000,1.00090000,1.00080000,1.00080000,2131938.00000000,1654815599999,2133721.95880000,1190,784084.00000000,784789.67560000,0
1654815600000,1.00090000,1.00090000,1.00080000,1.00090000,2355619.00000000,1654819199999,2357612.32650000,1242,1088313.00000000,1089292.48170000,0
1654819200000,1.00090000,1.00090000,1.00080000,1.00080000,8706233.00000000,1654822799999,8713531.14610000,2126,3331597.00000000,3334595.43730000,0
1654822800000,1.00080000,1.00090000,1.00080000,1.00080000,9938709.00000000,1654826399999,9946745.19650000,1530,852293.00000000,853060.06370000,0
1654826400000,1.00090000,1.00090000,1.00080000,1.00090000,9080212.00000000,1654829999999,9088064.64770000,977,5884781.00000000,5890077.30290000,0
1654830000000,1.00080000,1.00090000,1.00080000,1.00080000,4562170.00000000,1654833599999,4565942.18300000,2530,1224470.00000000,1225572.02300000,0
1654833600000,1.00080000,1.00090000,1.00080000,1.00080000,2244811.00000000,1654837199999,2246716.50900000,1415,1096602.00000000,1097588.94180000,0
1654837200000,1.00090000,1.00090000,1.00080000,1.00080000,2202197.00000000,1654840799999,2204046.16250000,1276,874049.00000000,874835.64410000,0
1654840800000,1.00080000,1.00090000,1.00080000,1.00080000,4023749.00000000,1654844399999,4027089.29250000,1460,1212933.00000000,1214024.63970000,0
1654844400000,1.00080000,1.00090000,1.00080000,1.00090000,3475683.00000000,1654847999999,3478575.83280000,1493,1122864.00000000,1123874.57760000,0
1654848000000,1.00090000,1.00090000,1.00080000,1.00080000,5150498.00000000,1654851599999,5154822.75890000,1950,2043605.00000000,2045444.24450000,0
1654851600000,1.00090000,1.00090000,1.00080000,1.00080000,5550120.00000000,1654855199999,5554892.53600000,2366,3324400.00000000,3327391.96000000,0
1654855200000,1.00090000,1.00090000,1.00080000,1.00080000,5149188.00000000,1654858799999,5153496.37590000,2019,1890255.00000000,1891956.22950000,0
1654858800000,1.00080000,1.00090000,1.00080000,1.00080000,3407844.00000000,1654862399999,3410678.78650000,1803,1085113.00000000,1086089.60170000,0
1654862400000,1.00090000,1.00090000,1.00080000,1.00090000,14489809.00000000,1654865999999,14502134.73960000,4285,7338924.00000000,7345529.03160000,0
1654866000000,1.00090000,1.00090000,1.00080000,1.00090000,20246601.00000000,1654869599999,20264090.23710000,8093,12919563.00000000,12931190.60670000,0
1654869600000,1.00090000,1.00090000,1.00080000,1.00090000,16135970.00000000,1654873199999,16149813.60080000,4303,9348248.00000000,9356661.42320000,0
1654873200000,1.00080000,1.00100000,1.00080000,1.00090000,10265041.00000000,1654876799999,10273894.81160000,3890,6197488.00000000,6203074.78760000,0
1654876800000,1.00090000,1.00100000,1.00090000,1.00090000,13905837.00000000,1654880399999,13919030.76230000,4529,6785090.00000000,6791875.09000000,0
1654880400000,1.00090000,1.00110000,1.00090000,1.00100000,15151002.00000000,1654883999999,15166063.70960000,2984,12420115.00000000,12432624.93820000,0
1654884000000,1.00100000,1.00110000,1.00100000,1.00100000,9110560.00000000,1654887599999,9120197.99580000,1912,5274358.00000000,5280159.79380000,0
1654887600000,1.00100000,1.00110000,1.00100000,1.00100000,9253614.00000000,1654891199999,9263507.17630000,2100,6395623.00000000,6402658.18530000,0
1654891200000,1.00110000,1.00110000,1.00100000,1.00110000,5105784.00000000,1654894799999,5111207.48810000,2292,3177041.00000000,3180535.74510000,0
1654894800000,1.00110000,1.00110000,1.00100000,1.00100000,3287827.00000000,1654898399999,3291356.02530000,2012,2411983.00000000,2414636.18130000,0
1654898400000,1.00100000,1.00110000,1.00100000,1.00100000,2699540.00000000,1654901999999,2702400.82950000,1346,1612895.00000000,1614669.18450000,0
1654902000000,1.00110000,1.00110000,1.00100000,1.00110000,2861486.00000000,1654905599999,2864525.46570000,1422,1779797.00000000,1781754.77670000,0
1654905600000,1.00110000,1.00110000,1.00100000,1.00110000,3096072.00000000,1654909199999,3099402.87250000,1711,2348005.00000000,2350587.80550000,0
1654909200000,1.00100000,1.00110000,1.00100000,1.00100000,2763596.00000000,1654912799999,2766426.05820000,1305,664622.00000000,665353.08420000,0
1654912800000,1.00100000,1.00110000,1.00100000,1.00110000,3467088.00000000,1654916399999,3470626.86910000,1137,717811.00000000,718600.59210000,0
1654916400000,1.00110000,1.00110000,1.00100000,1.00110000,1888002.00000000,1654919999999,1889991.14820000,1019,1011462.00000000,1012574.60820000,0
1654920000000,1.00100000,1.00110000,1.00100000,1.00100000,2329475.00000000,1654923599999,2331885.50030000,1189,810253.00000000,811144.27830000,0
1654923600000,1.00100000,1.00110000,1.00100000,1.00110000,4229627.00000000,1654927199999,4233956.54390000,1433,999169.00000000,1000268.08590000,0
1654927200000,1.00110000,1.00110000,1.00100000,1.00100000,1785753.00000000,1654930799999,1787586.44980000,823,476968.00000000,477492.66480000,0
1654930800000,1.00110000,1.00110000,1.00100000,1.00110000,3099130.00000000,1654934399999,3102422.74780000,1137,1936178.00000000,1938307.79580000,0
1654934400000,1.00110000,1.00110000,1.00100000,1.00100000,7140683.00000000,1654937999999,7148128.99930000,2542,3053163.00000000,3056521.47930000,0
1654938000000,1.00110000,1.00110000,1.00100000,1.00100000,15454728.00000000,1654941599999,15470859.58510000,3652,6768571.00000000,6776016.42810000,0
1654941600000,1.00100000,1.00110000,1.00100000,1.00110000,6812205.00000000,1654945199999,6819328.93920000,3212,3117342.00000000,3120771.07620000,0
1654945200000,1.00110000,1.00110000,1.00100000,1.00110000,11470004.00000000,1654948799999,11482024.40580000,5485,5504018.00000000,5510072.41980000,0
1654948800000,1.00110000,1.00130000,1.00100000,1.00110000,39693703.00000000,1654952399999,39739911.02170000,6631,18205214.00000000,18226126.19410000,0
1654952400000,1.00120000,1.00120000,1.00110000,1.00110000,24330708.00000000,1654955999999,24358454.21720000,6573,9824384.00000000,9836173.26080000,0
1654956000000,1.00120000,1.00120000,1.00100000,1.00120000,28021342.00000000,1654959599999,28052429.84390000,9689,16165722.00000000,16183902.96990000,0
1654959600000,1.00120000,1.00120000,1.00110000,1.00120000,19147430.00000000,1654963199999,19169532.51160000,6688,10403386.00000000,10415870.06320000,0
1654963200000,1.00120000,1.00120000,1.00110000,1.00120000,14922841.00000000,1654966799999,14939968.54640000,5370,7124213.00000000,7132762.05560000,0
1654966800000,1.00120000,1.00120000,1.00110000,1.00110000,6866127.00000000,1654970399999,6873900.99330000,2864,2212536.00000000,2215191.04320000,0
1654970400000,1.00110000,1.00120000,1.00110000,1.00110000,8062691.00000000,1654973999999,8072091.39430000,2879,5314342.00000000,5320719.21040000,0
1654974000000,1.00110000,1.00120000,1.00110000,1.00120000,3423489.00000000,1654977599999,3427488.19310000,1995,2333552.00000000,2336352.26240000,0
1654977600000,1.00110000,1.00120000,1.00110000,1.00120000,3404647.00000000,1654981199999,3408601.40120000,2217,2092895.00000000,2095406.47400000,0
1654981200000,1.00120000,1.00120000,1.00110000,1.00110000,5201272.00000000,1654984799999,5207259.27060000,1919,2658714.00000000,2661904.45680000,0
1654984800000,1.00120000,1.00120000,1.00110000,1.00120000,7001079.00000000,1654988399999,7009248.51080000,1377,4683239.00000000,4688858.88680000,0
1654988400000,1.00120000,1.00120000,1.00110000,1.00120000,3333524.00000000,1654991999999,3337385.93330000,2281,1950569.00000000,1952909.68280000,0
1654992000000,1.00120000,1.00130000,1.00110000,1.00120000,23080954.00000000,1654995599999,23108514.87410000,3924,10152434.00000000,10164626.33450000,0
1654995600000,1.00120000,1.00130000,1.00120000,1.00130000,4093447.00000000,1654999199999,4098452.57730000,2242,934409.00000000,935623.73170000,0
1654999200000,1.00120000,1.00150000,1.00120000,1.00130000,74111775.00000000,1655002799999,74210073.77260000,6110,32795930.00000000,32839373.92310000,0
1655002800000,1.00130000,1.00140000,1.00130000,1.00130000,14202594.00000000,1655006399999,14221693.56930000,2955,6361971.00000000,6370877.75940000,0
1655006400000,1.00130000,1.00140000,1.00130000,1.00130000,9179840.00000000,1655009999999,9192142.33250000,2422,3685405.00000000,3690564.56700000,0
1655010000000,1.00130000,1.00150000,1.00130000,1.00130000,37638043.00000000,1655013599999,37690125.74530000,4812,15548996.00000000,15570778.77310000,0
1655013600000,1.00130000,1.00140000,1.00130000,1.00130000,13118953.00000000,1655017199999,13136856.66990000,2706,8490310.00000000,8502196.43400000,0
1655017200000,1.00130000,1.00140000,1.00130000,1.00130000,7773272.00000000,1655020799999,7783841.38620000,2019,4641326.00000000,4647823.85640000,0
1655020800000,1.00130000,1.00140000,1.00130000,1.00140000,9460083.00000000,1655024399999,9472834.08960000,2064,4529817.00000000,4536158.74380000,0
1655024400000,1.00130000,1.00140000,1.00130000,1.00130000,7208356.00000000,1655027999999,7217894.92400000,1779,1680612.00000000,1682964.85680000,0
1655028000000,1.00130000,1.00140000,1.00120000,1.00130000,15932222.00000000,1655031599999,15953046.17140000,2917,4123081.00000000,4128613.21320000,0
1655031600000,1.00130000,1.00130000,1.00120000,1.00120000,6765448.00000000,1655035199999,6774058.29830000,2319,4917607.00000000,4923999.88910000,0
1655035200000,1.00120000,1.00130000,1.00120000,1.00120000,8177790.00000000,1655038799999,8188089.00760000,2012,4856596.00000000,4862909.57480000,0
1655038800000,1.00130000,1.00140000,1.00120000,1.00130000,17505134.00000000,1655042399999,17528536.56410000,2993,14601196.00000000,14620864.98950000,0
1655042400000,1.00130000,1.00140000,1.00120000,1.00130000,73324093.00000000,1655045999999,73420627.42350000,6999,41051738.00000000,41106496.44060000,0
1655046000000,1.00130000,1.00140000,1.00120000,1.00130000,14896631.00000000,1655049599999,14916237.37900000,7185,9329823.00000000,9342295.53470000,0
1655049600000,1.00130000,1.00140000,1.00130000,1.00130000,5533950.00000000,1655053199999,5541451.15080000,3022,3070158.00000000,3074456.22120000,0
1655053200000,1.00130000,1.00140000,1.00120000,1.00120000,28196382.00000000,1655056799999,28232398.94930000,5946,12044266.00000000,12059954.47670000,0
1655056800000,1.00120000,1.00130000,1.00120000,1.00130000,12779082.00000000,1655060399999,12794753.83720000,6594,3369388.00000000,3373768.20440000,0
1655060400000,1.00130000,1.00130000,1.00110000,1.00120000,15047933.00000000,1655063999999,15066089.40340000,3638,4877451.00000000,4883464.39450000,0
1655064000000,1.00110000,1.00120000,1.00110000,1.00120000,6659942.00000000,1655067599999,6667744.36680000,3771,4764306.00000000,4770023.16720000,0
1655067600000,1.00120000,1.00120000,1.00110000,1.00120000,5440423.00000000,1655071199999,5446859.05420000,2970,4515889.00000000,4521308.06680000,0
1655071200000,1.00120000,1.00120000,1.00110000,1.00110000,5874915.00000000,1655074799999,5881753.98660000,3144,3765801.00000000,3770319.96120000,0
1655074800000,1.00110000,1.00130000,1.00110000,1.00120000,5083250.00000000,1655078399999,5089404.53780000,2895,3171569.00000000,3175487.17160000,0
1655078400000,1.00120000,1.00140000,1.00120000,1.00130000,26390638.00000000,1655081999999,26423869.59230000,8505,14007373.00000000,14025595.24220000,0
1655082000000,1.00130000,1.00140000,1.00130000,1.00130000,19538389.00000000,1655085599999,19564725.03870000,7333,9361330.00000000,9374435.86200000,0
1655085600000,1.00130000,1.00140000,1.00130000,1.00130000,28307265.00000000,1655089199999,28345652.81360000,8106,15883691.00000000,15905928.16740000,0
1655089200000,1.00130000,1.00140000,1.00110000,1.00130000,83994746.00000000,1655092799999,84096955.41490000,7886,38857268.00000000,38906070.43980000,0
1655092800000,1.00130000,1.00140000,1.00120000,1.00130000,53690091.00000000,1655096399999,53759879.51290000,12178,25186136.00000000,25219821.71030000,0
1655096400000,1.00130000,1.00150000,1.00130000,1.00140000,53533919.00000000,1655099999999,53608947.42500000,10867,30422319.00000000,30466035.10440000,0
1655100000000,1.00140000,1.00150000,1.00130000,1.00150000,42149143.00000000,1655103599999,42208735.93400000,7132,19431807.00000000,19459838.83010000,0
1655103600000,1.00150000,1.00160000,1.00140000,1.00150000,36389357.00000000,1655107199999,36442546.50290000,8181,18880381.00000000,18908835.91620000,0
1655107200000,1.00150000,1.00210000,1.00150000,1.00200000,69068239.00000000,1655110799999,69184251.09260000,10161,41315876.00000000,41387015.86640000,0
1655110800000,1.00200000,1.00290000,1.00150000,1.00170000,171215716.00000000,1655114399999,171531797.68410000,18879,70681110.00000000,70814842.97110000,0
1655114400000,1.00170000,1.00360000,1.00160000,1.00230000,112291126.00000000,1655117999999,112501988.43750000,16882,51911456.00000000,52010779.99370000,0
1655118000000,1.00220000,1.00280000,1.00210000,1.00240000,109264194.00000000,1655121599999,109538932.45620000,16593,50709835.00000000,50838409.43270000,0
1655121600000,1.00230000,1.00240000,1.00150000,1.00190000,64617866.00000000,1655125199999,64743091.94840000,13335,29899083.00000000,29957543.29660000,0
1655125200000,1.00180000,1.00200000,1.00140000,1.00140000,78480673.00000000,1655128799999,78620942.58960000,12142,30966732.00000000,31023489.92820000,0
1655128800000,1.00150000,1.00180000,1.00130000,1.00160000,59974210.00000000,1655132399999,60064883.66540000,15397,38555980.00000000,38614338.48170000,0
1655132400000,1.00160000,1.00160000,1.00140000,1.00150000,42014657.00000000,1655135999999,42077594.12210000,12307,18413590.00000000,18441596.66510000,0
1655136000000,1.00140000,1.00150000,1.00130000,1.00130000,33100679.00000000,1655139599999,33146997.48680000,12656,13543113.00000000,13562854.43890000,0
1655139600000,1.00140000,1.00140000,1.00130000,1.00130000,12906522.00000000,1655143199999,12924032.43730000,5894,7319587.00000000,7329834.42180000,0
1655143200000,1.00140000,1.00150000,1.00130000,1.00130000,25541020.00000000,1655146799999,25576239.39810000,4903,13995169.00000000,14014766.90170000,0
1655146800000,1.00130000,1.00150000,1.00130000,1.00150000,18551106.00000000,1655150399999,18577436.59080000,3866,10160263.00000000,10175010.46880000,0
1655150400000,1.00140000,1.00170000,1.00140000,1.00150000,37059601.00000000,1655153999999,37117401.04610000,9663,19227965.00000000,19258220.83010000,0
1655154000000,1.00150000,1.00160000,1.00140000,1.00150000,24306393.00000000,1655157599999,24343121.69220000,4830,14043670.00000000,14065171.56650000,0
1655157600000,1.00150000,1.00160000,1.00140000,1.00140000,11745780.00000000,1655161199999,11763078.35540000,3232,6771114.00000000,6781294.95880000,0
1655161200000,1.00140000,1.00150000,1.00140000,1.00150000,17938423.00000000,1655164799999,17964460.24960000,4971,9234574.00000000,9248425.86100000,0
1655164800000,1.00150000,1.00150000,1.00140000,1.00140000,10507284.00000000,1655168399999,10522696.37320000,6949,7021756.00000000,7032288.63400000,0
1655168400000,1.00140000,1.00150000,1.00140000,1.00150000,29213987.00000000,1655171999999,29256625.70670000,10029,17391249.00000000,17417335.87350000,0
1655172000000,1.00150000,1.00150000,1.00140000,1.00150000,40002170.00000000,1655175599999,40060981.73260000,7519,28086946.00000000,28129076.41900000,0
1655175600000,1.00150000,1.00150000,1.00130000,1.00140000,43390193.00000000,1655179199999,43451402.35050000,13820,16304524.00000000,16328234.54640000,0
1655179200000,1.00140000,1.00150000,1.00120000,1.00120000,30263220.00000000,1655182799999,30303574.60770000,10842,12794338.00000000,12812070.57000000,0
1655182800000,1.00130000,1.00150000,1.00120000,1.00140000,35794950.00000000,1655186399999,35844449.99940000,7704,21357025.00000000,21386773.34630000,0
1655186400000,1.00140000,1.00150000,1.00140000,1.00140000,15245912.00000000,1655189999999,15268110.82100000,4880,8545442.00000000,8558260.16300000,0
1655190000000,1.00150000,1.00160000,1.00140000,1.00140000,23145019.00000000,1655193599999,23179060.50780000,8020,9845839.00000000,9860613.81070000,0
1655193600000,1.00140000,1.00150000,1.00140000,1.00150000,10947321.00000000,1655197199999,10963250.87540000,4733,6036260.00000000,6045314.39000000,0
1655197200000,1.00150000,1.00150000,1.00140000,1.00150000,13933706.00000000,1655200799999,13953923.84190000,4255,7106535.00000000,7117194.80250000,0
1655200800000,1.00140000,1.00150000,1.00140000,1.00150000,9049113.00000000,1655204399999,9062308.04010000,4653,5262819.00000000,5270713.22850000,0
1655204400000,1.00150000,1.00150000,1.00130000,1.00140000,47296214.00000000,1655207999999,47362004.72980000,6151,15455461.00000000,15477317.47200000,0
1655208000000,1.00140000,1.00140000,1.00120000,1.00120000,21401854.00000000,1655211599999,21429477.58450000,6213,7691752.00000000,7701891.79820000,0
1655211600000,1.00120000,1.00130000,1.00120000,1.00130000,15599432.00000000,1655215199999,15619130.05660000,5824,9787382.00000000,9800105.59660000,0
1655215200000,1.00130000,1.00130000,1.00120000,1.00120000,19651431.00000000,1655218799999,19675842.80400000,7389,8300868.00000000,8311659.12840000,0
1655218800000,1.00130000,1.00130000,1.00120000,1.00130000,23940832.00000000,1655222399999,23971180.29570000,7489,16192973.00000000,16214023.86490000,0
1655222400000,1.00120000,1.00130000,1.00120000,1.00120000,18113082.00000000,1655225999999,18135235.12420000,4779,4174258.00000000,4179684.53540000,0
1655226000000,1.00120000,1.00130000,1.00110000,1.00120000,24716015.00000000,1655229599999,24745925.46220000,5752,18292078.00000000,18314436.50390000,0
1655229600000,1.00110000,1.00120000,1.00110000,1.00120000,15615719.00000000,1655233199999,15633552.76370000,6314,6564728.00000000,6572605.67360000,0
1655233200000,1.00110000,1.00120000,1.00110000,1.00120000,19684529.00000000,1655236799999,19707104.23140000,3363,9222495.00000000,9233561.99400000,0
1655236800000,1.00120000,1.00120000,1.00110000,1.00120000,9534544.00000000,1655240399999,9545607.93470000,3116,5759363.00000000,5766274.23560000,0
1655240400000,1.00110000,1.00120000,1.00110000,1.00110000,7932074.00000000,1655243999999,7941324.88470000,3644,5256033.00000000,5262340.23960000,0
1655244000000,1.00110000,1.00120000,1.00110000,1.00120000,10673297.00000000,1655247599999,10685560.23990000,2717,5226132.00000000,5232403.35840000,0
1655247600000,1.00110000,1.00120000,1.00110000,1.00110000,4643589.00000000,1655251199999,4648988.04830000,3402,2911004.00000000,2914497.20480000,0
1655251200000,1.00120000,1.00130000,1.00110000,1.00130000,10143093.00000000,1655254799999,10155330.17310000,2919,6476314.00000000,6484311.73550000,0
1655254800000,1.00130000,1.00130000,1.00110000,1.00110000,36298986.00000000,1655258399999,36342114.73300000,3617,16724212.00000000,16744421.99100000,0
1655258400000,1.00120000,1.00130000,1.00110000,1.00120000,20289093.00000000,1655261999999,20314087.80740000,2649,12905917.00000000,12922096.76390000,0
1655262000000,1.00130000,1.00140000,1.00120000,1.00120000,38034414.00000000,1655265599999,38083667.91340000,4459,26343416.00000000,26377724.22240000,0
1655265600000,1.00130000,1.00170000,1.00120000,1.00150000,60918357.00000000,1655269199999,61009548.03220000,6120,39377662.00000000,39436573.25230000,0
1655269200000,1.00150000,1.00200000,1.00150000,1.00160000,58859113.00000000,1655272799999,58957667.22290000,9494,35649673.00000000,35709833.48090000,0
1655272800000,1.00160000,1.00200000,1.00160000,1.00160000,54250881.00000000,1655276399999,54344836.42660000,9866,27175021.00000000,27222340.65400000,0
1655276400000,1.00160000,1.00190000,1.00160000,1.00170000,101681397.00000000,1655279999999,101858382.91830000,7132,56475170.00000000,56574861.56000000,0
1655280000000,1.00170000,1.00190000,1.00160000,1.00190000,76653861.00000000,1655283599999,76785477.86200000,13484,36491929.00000000,36555745.18590000,0
1655283600000,1.00190000,1.00210000,1.00170000,1.00180000,79005688.00000000,1655287199999,79153405.58860000,12544,35298631.00000000,35366350.68290000,0
1655287200000,1.00180000,1.00210000,1.00170000,1.00170000,58632913.00000000,1655290799999,58740361.11520000,12043,21375385.00000000,21415649.00960000,0
1655290800000,1.00180000,1.00190000,1.00150000,1.00150000,50884401.00000000,1655294399999,50971100.16770000,9812,19643518.00000000,19677575.05020000,0
1655294400000,1.00160000,1.00160000,1.00150000,1.00150000,38261005.00000000,1655297999999,38321194.17290000,8512,27976654.00000000,28021416.64640000,0
1655298000000,1.00150000,1.00170000,1.00140000,1.00140000,45823826.00000000,1655301599999,45895016.80110000,12227,22402740.00000000,22438282.13600000,0
1655301600000,1.00140000,1.00150000,1.00130000,1.00150000,41812313.00000000,1655305199999,41870554.46350000,8384,22108727.00000000,22139926.81730000,0
1655305200000,1.00140000,1.00150000,1.00120000,1.00130000,25632109.00000000,1655308799999,25666750.27470000,5976,5837436.00000000,5845471.53190000,0
1655308800000,1.00120000,1.00130000,1.00120000,1.00130000,15807425.00000000,1655312399999,15827343.01420000,5500,9491042.00000000,9503380.35460000,0
1655312400000,1.00130000,1.00130000,1.00120000,1.00120000,14259589.00000000,1655315999999,14277411.55120000,5199,7110444.00000000,7119687.57720000,0
1655316000000,1.00130000,1.00130000,1.00110000,1.00120000,46233743.00000000,1655319599999,46290998.03130000,12447,22484589.00000000,22513545.18890000,0
1655319600000,1.00120000,1.00170000,1.00110000,1.00130000,53401814.00000000,1655323199999,53473673.99020000,21308,29411084.00000000,29451005.18700000,0
1655323200000,1.00130000,1.00140000,1.00130000,1.00140000,15338028.00000000,1655326799999,15358592.91730000,6021,6254809.00000000,6263565.73260000,0
1655326800000,1.00130000,1.00140000,1.00120000,1.00120000,15433885.00000000,1655330399999,15453681.77560000,6080,3767676.00000000,3772768.15060000,0
1655330400000,1.00120000,1.00130000,1.00120000,1.00120000,17582986.00000000,1655333999999,17604834.29970000,5222,7487165.00000000,7496898.31450000,0
1655334000000,1.00120000,1.00130000,1.00120000,1.00120000,14229510.00000000,1655337599999,14247351.79150000,3824,7663795.00000000,7673757.93350000,0
1655337600000,1.00120000,1.00130000,1.00120000,1.00130000,12990483.00000000,1655341199999,13006312.99170000,4984,2414121.00000000,2417259.35730000,0
1655341200000,1.00120000,1.00130000,1.00120000,1.00120000,19640935.00000000,1655344799999,19665944.81310000,3348,14406911.00000000,14425639.98430000,0
1655344800000,1.00130000,1.00130000,1.00120000,1.00120000,9408423.00000000,1655348399999,9420376.29990000,2211,6631923.00000000,6640544.49990000,0
1655348400000,1.00130000,1.00130000,1.00120000,1.00130000,8450815.00000000,1655351999999,8461637.91600000,1915,6819380.00000000,6828245.19400000,0
1655352000000,1.00130000,1.00130000,1.00120000,1.00130000,9696986.00000000,1655355599999,9709406.45180000,1765,7840686.00000000,7850878.89180000,0
1655355600000,1.00120000,1.00140000,1.00120000,1.00130000,7910918.00000000,1655359199999,7921500.55280000,2933,4167751.00000000,4173474.00020000,0
1655359200000,1.00130000,1.00140000,1.00110000,1.00110000,15145656.00000000,1655362799999,15164478.61090000,2771,3852641.00000000,3857477.28920000,0
1655362800000,1.00110000,1.00120000,1.00110000,1.00120000,9435986.00000000,1655366399999,9446889.79980000,3003,5242152.00000000,5248442.58240000,0
1655366400000,1.00110000,1.00120000,1.00110000,1.00120000,7848089.00000000,1655369999999,7857265.19100000,3121,5432931.00000000,5439450.51720000,0
1655370000000,1.00120000,1.00130000,1.00110000,1.00120000,15375367.00000000,1655373599999,15393972.14190000,3833,6594063.00000000,6602327.78620000,0
1655373600000,1.00130000,1.00130000,1.00110000,1.00120000,12972610.00000000,1655377199999,12988067.96860000,3295,4343856.00000000,4349149.46740000,0
1655377200000,1.00110000,1.00130000,1.00110000,1.00110000,27122849.00000000,1655380799999,27154926.30300000,4326,11967027.00000000,11981610.10910000,0
1655380800000,1.00120000,1.00130000,1.00110000,1.00110000,23710066.00000000,1655384399999,23738605.05970000,6089,12454210.00000000,12469425.73350000,0
1655384400000,1.00120000,1.00130000,1.00110000,1.00130000,15884535.00000000,1655387999999,15904033.06010000,4246,11570425.00000000,11584784.77830000,0
1655388000000,1.00120000,1.00130000,1.00120000,1.00120000,13883840.00000000,1655391599999,13901412.01930000,7153,9114113.00000000,9125961.34690000,0
1655391600000,1.00120000,1.00130000,1.00110000,1.00120000,31497505.00000000,1655395199999,31536049.60020000,6371,11843992.00000000,11858963.41850000,0
1655395200000,1.00110000,1.00130000,1.00110000,1.00120000,26717889.00000000,1655398799999,26749935.69510000,11963,15162850.00000000,15181303.63580000,0
1655398800000,1.00120000,1.00130000,1.00110000,1.00130000,16340876.00000000,1655402399999,16360818.16630000,4886,10782805.00000000,10796187.01590000,0
1655402400000,1.00130000,1.00130000,1.00120000,1.00130000,10082223.00000000,1655405999999,10094882.50780000,3694,5608402.00000000,5615692.92260000,0
1655406000000,1.00120000,1.00130000,1.00120000,1.00130000,10759442.00000000,1655409599999,10773159.88320000,4132,8065528.00000000,8076013.18640000,0
1655409600000,1.00130000,1.00160000,1.00120000,1.00150000,30669725.00000000,1655413199999,30713055.15530000,7152,21568320.00000000,21599204.12990000,0
1655413200000,1.00150000,1.00170000,1.00130000,1.00140000,25511841.00000000,1655416799999,25549667.15200000,3502,9202867.00000000,9216849.93060000,0
1655416800000,1.00140000,1.00140000,1.00130000,1.00130000,7954881.00000000,1655420399999,7965752.58050000,2409,5302352.00000000,5309775.29280000,0
1655420400000,1.00140000,1.00140000,1.00130000,1.00130000,6407742.00000000,1655423999999,6416498.62430000,2792,4265597.00000000,4271568.83580000,0
1655424000000,1.00130000,1.00140000,1.00130000,1.00140000,7296140.00000000,1655427599999,7306121.22170000,3385,4962397.00000000,4969344.35580000,0
1655427600000,1.00140000,1.00150000,1.00130000,1.00150000,17507839.00000000,1655431199999,17532515.37970000,3730,15367488.00000000,15389289.72030000,0
1655431200000,1.00140000,1.00150000,1.00140000,1.00140000,4851032.00000000,1655434799999,4858073.75840000,1603,2503136.00000000,2506890.70400000,0
1655434800000,1.00150000,1.00150000,1.00140000,1.00140000,5601671.00000000,1655438399999,5609791.12520000,1643,2777858.00000000,2782024.78700000,0
1655438400000,1.00150000,1.00150000,1.00140000,1.00150000,13521610.00000000,1655441999999,13541671.84480000,1826,11315908.00000000,11332881.86200000,0
1655442000000,1.00140000,1.00150000,1.00140000,1.00140000,6500409.00000000,1655445599999,6509882.49610000,2184,3729235.00000000,3734828.85250000,0
1655445600000,1.00140000,1.00150000,1.00130000,1.00140000,44564488.00000000,1655449199999,44627006.04220000,5008,16016813.00000000,16039428.16440000,0
1655449200000,1.00130000,1.00140000,1.00130000,1.00140000,6562695.00000000,1655452799999,6571668.14270000,2639,4416392.00000000,4422574.94880000,0
1655452800000,1.00140000,1.00140000,1.00130000,1.00140000,23831373.00000000,1655456399999,23862844.31580000,2328,4905309.00000000,4912176.43260000,0
1655456400000,1.00140000,1.00140000,1.00130000,1.00130000,7968026.00000000,1655459999999,7978666.66650000,2629,2822327.00000000,2826278.25780000,0
1655460000000,1.00140000,1.00140000,1.00120000,1.00130000,18768864.00000000,1655463599999,18793016.71720000,2661,8905146.00000000,8916853.64690000,0
1655463600000,1.00130000,1.00130000,1.00120000,1.00120000,7216454.00000000,1655467199999,7225410.97640000,2020,2972316.00000000,2976180.01080000,0
1655467200000,1.00120000,1.00140000,1.00120000,1.00130000,14844323.00000000,1655470799999,14863683.69700000,3311,8418598.00000000,8429688.25600000,0
1655470800000,1.00130000,1.00150000,1.00130000,1.00130000,39146877.00000000,1655474399999,39201211.89250000,2770,18390072.00000000,18415823.44260000,0
1655474400000,1.00130000,1.00140000,1.00120000,1.00120000,45922775.00000000,1655477999999,45982676.74000000,2696,12489097.00000000,12506177.49640000,0
1655478000000,1.00120000,1.00140000,1.00120000,1.00130000,22393120.00000000,1655481599999,22421764.51180000,2511,13946189.00000000,13964332.98750000,0
1655481600000,1.00130000,1.00140000,1.00130000,1.00140000,23580705.00000000,1655485199999,23612820.67910000,4312,14607626.00000000,14628076.67640000,0
1655485200000,1.00140000,1.00140000,1.00130000,1.00140000,10316101.00000000,1655488799999,10330136.52980000,2500,6245985.00000000,6254729.37900000,0
1655488800000,1.00140000,1.00140000,1.00130000,1.00130000,12992895.00000000,1655492399999,13010402.40820000,2139,6166447.00000000,6175080.02580000,0
1655492400000,1.00130000,1.00140000,1.00120000,1.00120000,12358124.00000000,1655495999999,12374300.07300000,1986,2502874.00000000,2506260.86020000,0
1655496000000,1.00120000,1.00130000,1.00120000,1.00120000,10541258.00000000,1655499599999,10554165.66690000,2565,2581573.00000000,2584929.04490000,0
1655499600000,1.00120000,1.00130000,1.00120000,1.00120000,8060191.00000000,1655503199999,8070345.72270000,1401,4824935.00000000,4831207.41550000,0
1655503200000,1.00120000,1.00130000,1.00120000,1.00130000,3757242.00000000,1655506799999,3762042.70020000,1443,2920098.00000000,2923894.12740000,0
1655506800000,1.00120000,1.00130000,1.00120000,1.00120000,2560006.00000000,1655510399999,2563267.83970000,1258,1898325.00000000,1900792.82250000,0
1655510400000,1.00130000,1.00140000,1.00120000,1.00130000,13085867.00000000,1655513999999,13102722.97350000,1707,7665058.00000000,7675040.70600000,0
1655514000000,1.00130000,1.00140000,1.00120000,1.00130000,23603717.00000000,1655517599999,23634356.25660000,1597,11508304.00000000,11523319.66750000,0
1655517600000,1.00120000,1.00140000,1.00120000,1.00130000,15579817.00000000,1655521199999,15600323.81700000,4300,5761371.00000000,5769133.44720000,0
1655521200000,1.00140000,1.00140000,1.00130000,1.00140000,3437250.00000000,1655524799999,3441886.38340000,863,1679584.00000000,1681935.41760000,0
1655524800000,1.00140000,1.00140000,1.00130000,1.00140000,2528462.00000000,1655528399999,2531953.10220000,923,2041016.00000000,2043873.42240000,0
1655528400000,1.00140000,1.00140000,1.00130000,1.00140000,7919585.00000000,1655531999999,7930519.54290000,1058,6390824.00000000,6399771.15360000,0
1655532000000,1.00140000,1.00140000,1.00130000,1.00130000,17568311.00000000,1655535599999,17592204.57490000,3272,10547706.00000000,10562472.78840000,0
1655535600000,1.00140000,1.00150000,1.00130000,1.00150000,44231524.00000000,1655539199999,44292772.23530000,8001,20624369.00000000,20653719.71830000,0
1655539200000,1.00140000,1.00160000,1.00140000,1.00150000,39325369.00000000,1655542799999,39383248.91440000,5980,20709311.00000000,20740449.68690000,0
1655542800000,1.00150000,1.00160000,1.00140000,1.00150000,40269883.00000000,1655546399999,40329834.83760000,6641,19844712.00000000,19874550.34280000,0
1655546400000,1.00140000,1.00160000,1.00140000,1.00140000,22408654.00000000,1655549999999,22441576.50160000,3334,10356173.00000000,10371731.89150000,0
1655550000000,1.00150000,1.00150000,1.00140000,1.00140000,26004238.00000000,1655553599999,26041867.46550000,4765,12235323.00000000,12253675.98450000,0
1655553600000,1.00140000,1.00150000,1.00130000,1.00130000,14259197.00000000,1655557199999,14279032.13460000,3090,3840729.00000000,3846120.22110000,0
1655557200000,1.00140000,1.00150000,1.00130000,1.00140000,17751988.00000000,1655560799999,17777173.48070000,2781,14730589.00000000,14751604.09610000,0
1655560800000,1.00140000,1.00150000,1.00140000,1.00140000,23704831.00000000,1655564399999,23739223.16620000,2544,12054028.00000000,12072109.04200000,0
1655564400000,1.00150000,1.00150000,1.00130000,1.00130000,13762873.00000000,1655567999999,13782211.13500000,2654,4397986.00000000,4404312.09810000,0
1655568000000,1.00140000,1.00140000,1.00130000,1.00140000,31773208.00000000,1655571599999,31815447.38370000,3015,9342133.00000000,9355211.98620000,0
1655571600000,1.00130000,1.00140000,1.00130000,1.00140000,24707918.00000000,1655575199999,24741576.33330000,3549,15380399.00000000,15401931.55860000,0
1655575200000,1.00140000,1.00160000,1.00130000,1.00140000,22260539.00000000,1655578799999,22292280.23990000,3718,13435098.00000000,13454368.71430000,0
1655578800000,1.00140000,1.00160000,1.00140000,1.00150000,27869221.00000000,1655582399999,27910452.46550000,5649,14336907.00000000,14358413.48800000,0
1655582400000,1.00150000,1.00190000,1.00140000,1.00170000,83796335.00000000,1655585999999,83932947.58910000,10660,39132580.00000000,39196700.76360000,0
1655586000000,1.00170000,1.00190000,1.00150000,1.00170000,41483818.00000000,1655589599999,41552909.36780000,7307,21556991.00000000,21593208.63220000,0
1655589600000,1.00170000,1.00170000,1.00150000,1.00160000,18339376.00000000,1655593199999,18368326.57070000,5040,9308818.00000000,9323852.90640000,0
1655593200000,1.00170000,1.00170000,1.00150000,1.00160000,11843244.00000000,1655596799999,11862049.92160000,3376,6820916.00000000,6831926.67790000,0
1655596800000,1.00150000,1.00160000,1.00140000,1.00140000,23294024.00000000,1655600399999,23329332.40980000,2907,9690973.00000000,9705883.26140000,0
1655600400000,1.00150000,1.00150000,1.00140000,1.00140000,7255952.00000000,1655603999999,7266632.94070000,2072,5226079.00000000,5233918.11850000,0
1655604000000,1.00150000,1.00150000,1.00140000,1.00140000,8110902.00000000,1655607599999,8122654.29690000,2295,3970341.00000000,3976296.51150000,0
1655607600000,1.00140000,1.00150000,1.00140000,1.00140000,7493162.00000000,1655611199999,7504085.14900000,1933,4327222.00000000,4333712.83300000,0
1655611200000,1.00150000,1.00160000,1.00140000,1.00150000,18859878.00000000,1655614799999,18887772.88250000,1682,14691131.00000000,14713174.31600000,0
1655614800000,1.00160000,1.00160000,1.00140000,1.00140000,21588603.00000000,1655618399999,21620937.45170000,2895,8924935.00000000,8938433.62130000,0
1655618400000,1.00140000,1.00150000,1.00140000,1.00150000,9124554.00000000,1655621999999,9137935.05340000,2455,6066778.00000000,6075878.16700000,0
1655622000000,1.00150000,1.00180000,1.00140000,1.00160000,52096001.00000000,1655625599999,52180367.35740000,3551,30949075.00000000,30999173.31350000,0
1655625600000,1.00160000,1.00180000,1.00150000,1.00160000,23128498.00000000,1655629199999,23166789.10180000,3576,13875151.00000000,13898329.74080000,0
1655629200000,1.00160000,1.00180000,1.00150000,1.00160000,22410737.00000000,1655632799999,22447357.67470000,3748,11540126.00000000,11559263.52450000,0
1655632800000,1.00160000,1.00160000,1.00150000,1.00160000,22996276.00000000,1655636399999,23032236.17640000,4912,14657624.00000000,14681076.19840000,0
1655636400000,1.00160000,1.00160000,1.00140000,1.00140000,12589551.00000000,1655639999999,12607989.34370000,3726,2975334.00000000,2979825.78690000,0
1655640000000,1.00140000,1.00150000,1.00120000,1.00130000,36041356.00000000,1655643599999,36090381.39820000,5908,13569845.00000000,13588135.93480000,0
1655643600000,1.00130000,1.00140000,1.00130000,1.00130000,8229313.00000000,1655647199999,8240638.02400000,2294,6269171.00000000,6277947.83940000,0
1655647200000,1.00140000,1.00140000,1.00130000,1.00130000,4298293.00000000,1655650799999,4304039.04350000,2395,1582626.00000000,1584841.67640000,0
1655650800000,1.00140000,1.00140000,1.00130000,1.00130000,15130124.00000000,1655654399999,15150789.33270000,3427,9961715.00000000,9975661.40100000,0
1655654400000,1.00130000,1.00140000,1.00130000,1.00140000,6869585.00000000,1655657999999,6878767.03460000,2982,2515741.00000000,2519263.03740000,0
1655658000000,1.00130000,1.00140000,1.00130000,1.00140000,5180184.00000000,1655661599999,5187214.40410000,2470,2961649.00000000,2965795.30860000,0
1655661600000,1.00130000,1.00140000,1.00130000,1.00140000,8332037.00000000,1655665199999,8343333.51360000,2668,4648655.00000000,4655163.11700000,0
1655665200000,1.00130000,1.00140000,1.00130000,1.00130000,8873758.00000000,1655668799999,8885627.18360000,3944,3332982.00000000,3337648.17480000,0
1655668800000,1.00130000,1.00140000,1.00130000,1.00130000,10148474.00000000,1655672399999,10162014.41060000,5045,3473944.00000000,3478807.52160000,0
1655672400000,1.00130000,1.00140000,1.00130000,1.00130000,7947256.00000000,1655675999999,7957929.44610000,2823,3420133.00000000,3424921.18620000,0
1655676000000,1.00130000,1.00140000,1.00130000,1.00130000,6286854.00000000,1655679599999,6295285.32730000,2392,2584171.00000000,2587788.83940000,0
1655679600000,1.00130000,1.00140000,1.00130000,1.00130000,3497707.00000000,1655683199999,3502450.20320000,1701,1961841.00000000,1964587.57740000,0
1655683200000,1.00130000,1.00140000,1.00130000,1.00130000,15456328.00000000,1655686799999,15476809.33520000,4412,3881088.00000000,3886521.52320000,0
1655686800000,1.00140000,1.00160000,1.00130000,1.00150000,31130646.00000000,1655690399999,31174789.64720000,2516,29096676.00000000,29138054.65310000,0
1655690400000,1.00150000,1.00160000,1.00140000,1.00140000,10372863.00000000,1655693999999,10388243.59280000,2487,3734835.00000000,3740458.94900000,0
1655694000000,1.00140000,1.00150000,1.00140000,1.00140000,5717548.00000000,1655697599999,5725802.96360000,1859,2503964.00000000,2507719.94600000,0
1655697600000,1.00140000,1.00150000,1.00140000,1.00150000,2108347.00000000,1655701199999,2111404.87400000,1437,1061882.00000000,1063474.82300000,0
1655701200000,1.00150000,1.00150000,1.00140000,1.00140000,5303210.00000000,1655704799999,5310932.55950000,1660,2980655.00000000,2985125.98250000,0
1655704800000,1.00150000,1.00150000,1.00140000,1.00140000,11513387.00000000,1655708399999,11530348.39700000,1876,8426552.00000000,8439191.82800000,0
1655708400000,1.00150000,1.00150000,1.00130000,1.00130000,25420026.00000000,1655711999999,25455439.36290000,2736,4237212.00000000,4243173.60490000,0
1655712000000,1.00130000,1.00140000,1.00130000,1.00140000,16125643.00000000,1655715599999,16147024.91470000,3203,4185788.00000000,4191648.10320000,0
1655715600000,1.00140000,1.00140000,1.00130000,1.00140000,35152457.00000000,1655719199999,35199512.57330000,4786,13573792.00000000,13592795.30880000,0
1655719200000,1.00130000,1.00140000,1.00120000,1.00120000,22706718.00000000,1655722799999,22736064.98390000,4076,11685751.00000000,11701053.87940000,0
1655722800000,1.00130000,1.00130000,1.00120000,1.00120000,20656550.00000000,1655726399999,20682360.56640000,4820,10227064.00000000,10240359.18320000,0
1655726400000,1.00130000,1.00130000,1.00110000,1.00110000,27978865.00000000,1655729999999,28012674.50150000,3512,6377867.00000000,6385998.66200000,0
1655730000000,1.00110000,1.00120000,1.00110000,1.00110000,13366152.00000000,1655733599999,13381578.61420000,3308,7238470.00000000,7247156.16400000,0
1655733600000,1.00120000,1.00120000,1.00110000,1.00110000,8987500.00000000,1655737199999,8997771.74710000,3075,3854971.00000000,3859596.96520000,0
1655737200000,1.00110000,1.00120000,1.00110000,1.00110000,14191645.00000000,1655740799999,14208057.55170000,3243,8017422.00000000,8027042.90640000,0
1655740800000,1.00110000,1.00130000,1.00110000,1.00120000,51463363.00000000,1655744399999,51524902.18570000,3597,23474292.00000000,23502481.87490000,0
1655744400000,1.00110000,1.00120000,1.00110000,1.00120000,7871139.00000000,1655747999999,7880283.96320000,3629,4867103.00000000,4872943.52360000,0
1655748000000,1.00120000,1.00120000,1.00110000,1.00120000,20612267.00000000,1655751599999,20636824.98140000,3431,18844877.00000000,18867490.85240000,0
1655751600000,1.00120000,1.00130000,1.00110000,1.00130000,9345500.00000000,1655755199999,9356581.17300000,3785,5452948.00000000,5459521.80180000,0
1655755200000,1.00120000,1.00130000,1.00120000,1.00120000,6014218.00000000,1655758799999,6021852.59260000,2151,4175310.00000000,4180737.90300000,0
1655758800000,1.00130000,1.00130000,1.00120000,1.00120000,6515712.00000000,1655762399999,6523711.53320000,1655,1806788.00000000,1809136.82440000,0
1655762400000,1.00130000,1.00130000,1.00120000,1.00130000,5682266.00000000,1655765999999,5689379.79820000,1757,2950790.00000000,2954626.02700000,0
1655766000000,1.00130000,1.00130000,1.00120000,1.00120000,2873301.00000000,1655769599999,2876924.94300000,1694,1759818.00000000,1762105.76340000,0
1655769600000,1.00120000,1.00130000,1.00120000,1.00130000,7698589.00000000,1655773199999,7708009.11950000,1917,1818127.00000000,1820490.56510000,0
1655773200000,1.00120000,1.00130000,1.00120000,1.00130000,4579840.00000000,1655776799999,4585579.91890000,2100,2441109.00000000,2444282.44170000,0
1655776800000,1.00120000,1.00130000,1.00120000,1.00130000,3055666.00000000,1655780399999,3059536.73550000,2007,2039363.00000000,2042014.17190000,0
1655780400000,1.00130000,1.00130000,1.00120000,1.00120000,10824406.00000000,1655783999999,10837925.54680000,2369,5302596.00000000,5309489.37480000,0
1655784000000,1.00130000,1.00130000,1.00110000,1.00120000,35014907.00000000,1655787599999,35057366.43390000,3552,28626645.00000000,28661552.27420000,0
1655787600000,1.00130000,1.00130000,1.00120000,1.00120000,15675968.00000000,1655791199999,15695157.16050000,3074,3779989.00000000,3784902.98570000,0
1655791200000,1.00120000,1.00130000,1.00110000,1.00120000,27326832.00000000,1655794799999,27358935.00270000,4418,8812154.00000000,8822787.86990000,0
1655794800000,1.00110000,1.00120000,1.00110000,1.00120000,12573384.00000000,1655798399999,12587744.82770000,3024,5301053.00000000,5307414.26360000,0
1655798400000,1.00110000,1.00120000,1.00110000,1.00110000,11749222.00000000,1655801999999,11762661.73970000,4096,5155955.00000000,5162142.14600000,0
1655802000000,1.00110000,1.00120000,1.00110000,1.00110000,12630758.00000000,1655805599999,12645507.44550000,3641,8556117.00000000,8566384.34040000,0
1655805600000,1.00110000,1.00120000,1.00110000,1.00110000,15108862.00000000,1655809199999,15126467.03540000,3430,9852872.00000000,9864695.44640000,0
1655809200000,1.00120000,1.00120000,1.00110000,1.00120000,10742622.00000000,1655812799999,10754885.63290000,3393,4467487.00000000,4472847.98440000,0
1655812800000,1.00110000,1.00120000,1.00110000,1.00120000,19254532.00000000,1655816399999,19276280.51860000,3456,5685334.00000000,5692156.40080000,0
1655816400000,1.00120000,1.00120000,1.00110000,1.00110000,12996421.00000000,1655819999999,13011214.56090000,4708,4974978.00000000,4980947.97360000,0
1655820000000,1.00110000,1.00120000,1.00100000,1.00110000,25641447.00000000,1655823599999,25668337.24770000,4955,6050174.00000000,6056851.14200000,0
1655823600000,1.00100000,1.00110000,1.00100000,1.00100000,10443579.00000000,1655827199999,10454614.78870000,3899,5922097.00000000,5928611.30670000,0
1655827200000,1.00100000,1.00110000,1.00100000,1.00100000,6706095.00000000,1655830799999,6713110.59310000,3250,3094981.00000000,3098385.47910000,0
1655830800000,1.00110000,1.00110000,1.00100000,1.00110000,11968734.00000000,1655834399999,11981406.84650000,2854,7041125.00000000,7048870.23750000,0
1655834400000,1.00110000,1.00110000,1.00100000,1.00110000,18610920.00000000,1655837999999,18631262.20540000,6282,17312854.00000000,17331898.13940000,0
1655838000000,1.00110000,1.00110000,1.00100000,1.00110000,7007312.00000000,1655841599999,7014757.22100000,2896,4379090.00000000,4383906.99900000,0
1655841600000,1.00110000,1.00120000,1.00100000,1.00120000,10857669.00000000,1655845199999,10869583.79880000,2888,8595937.00000000,8605458.39130000,0
1655845200000,1.00110000,1.00120000,1.00110000,1.00110000,5832390.00000000,1655848799999,5839241.91980000,1908,4362908.00000000,4368143.48960000,0
1655848800000,1.00120000,1.00120000,1.00110000,1.00110000,2905213.00000000,1655852399999,2908563.80230000,1728,1550680.00000000,1552540.81600000,0
1655852400000,1.00120000,1.00120000,1.00110000,1.00120000,3441585.00000000,1655855999999,3445558.64440000,2179,1879009.00000000,1881263.81080000,0
1655856000000,1.00120000,1.00120000,1.00110000,1.00120000,3725563.00000000,1655859599999,3729842.23330000,2270,1811140.00000000,1813313.36800000,0
1655859600000,1.00120000,1.00120000,1.00110000,1.00110000,3163100.00000000,1655863199999,3166699.76490000,2036,1203549.00000000,1204993.25880000,0
1655863200000,1.00120000,1.00120000,1.00110000,1.00120000,4788675.00000000,1655866799999,4794258.03540000,2381,3154929.00000000,3158714.91480000,0
1655866800000,1.00120000,1.00120000,1.00110000,1.00110000,6183984.00000000,1655870399999,6191233.32670000,2369,4469443.00000000,4474806.33160000,0
1655870400000,1.00120000,1.00120000,1.00110000,1.00110000,8343088.00000000,1655873999999,8352726.43600000,2029,4610392.00000000,4615924.47040000,0
1655874000000,1.00110000,1.00120000,1.00110000,1.00120000,5875653.00000000,1655877599999,5882306.03900000,2316,1898207.00000000,1900484.84840000,0
1655877600000,1.00110000,1.00120000,1.00110000,1.00110000,12256657.00000000,1655881199999,12270877.31120000,3186,7379885.00000000,7388740.86200000,0
1655881200000,1.00110000,1.00120000,1.00110000,1.00110000,12972050.00000000,1655884799999,12987301.97330000,2734,9827183.00000000,9838975.61960000,0
1655884800000,1.00110000,1.00120000,1.00110000,1.00120000,3850480.00000000,1655888399999,3854918.77560000,2366,2032476.00000000,2034914.97120000,0
1655888400000,1.00110000,1.00120000,1.00110000,1.00110000,12139539.00000000,1655891999999,12153329.29970000,3164,4368068.00000000,4373309.68160000,0
1655892000000,1.00120000,1.00120000,1.00110000,1.00110000,14629305.00000000,1655895599999,14645702.54790000,2438,3053124.00000000,3056787.74880000,0
1655895600000,1.00110000,1.00120000,1.00110000,1.00110000,8730066.00000000,1655899199999,8740319.69430000,2492,6506217.00000000,6514024.46040000,0
1655899200000,1.00110000,1.00120000,1.00110000,1.00110000,6453601.00000000,1655902799999,6461015.26280000,2826,3153017.00000000,3156800.62040000,0
1655902800000,1.00120000,1.00120000,1.00110000,1.00120000,11898933.00000000,1655906399999,11912678.33380000,3377,6565075.00000000,6572953.09000000,0
1655906400000,1.00110000,1.00120000,1.00110000,1.00120000,7432323.00000000,1655909999999,7440725.02070000,4289,2264654.00000000,2267371.58480000,0
1655910000000,1.00120000,1.00120000,1.00110000,1.00120000,14868246.00000000,1655913599999,14885364.01030000,4142,7629397.00000000,7638552.27640000,0
1655913600000,1.00110000,1.00120000,1.00110000,1.00120000,15569754.00000000,1655917199999,15587431.95320000,3935,5512238.00000000,5518852.68560000,0
1655917200000,1.00110000,1.00120000,1.00110000,1.00110000,13889936.00000000,1655920799999,13905744.37510000,4198,5294455.00000000,5300808.34600000,0
1655920800000,1.00120000,1.00120000,1.00110000,1.00110000,15764376.00000000,1655924399999,15782745.07450000,3125,10282609.00000000,10294948.13080000,0
1655924400000,1.00110000,1.00120000,1.00110000,1.00120000,4035070.00000000,1655927999999,4039680.67850000,2665,1721015.00000000,1723080.21800000,0
1655928000000,1.00110000,1.00120000,1.00110000,1.00120000,9383086.00000000,1655931599999,9394019.91040000,3285,6125158.00000000,6132508.18960000,0
1655931600000,1.00110000,1.00120000,1.00110000,1.00120000,4398840.00000000,1655935199999,4403942.14940000,2434,2634254.00000000,2637415.10480000,0
1655935200000,1.00120000,1.00120000,1.00110000,1.00120000,3400473.00000000,1655938799999,3404429.24900000,2463,2157287.00000000,2159875.74440000,0
1655938800000,1.00120000,1.00120000,1.00110000,1.00110000,7427000.00000000,1655942399999,7435421.44570000,2303,2517457.00000000,2520477.94840000,0
1655942400000,1.00120000,1.00120000,1.00100000,1.00110000,25442021.00000000,1655945999999,25469866.93670000,2982,1930643.00000000,1932893.82740000,0
1655946000000,1.00110000,1.00110000,1.00100000,1.00110000,8947674.00000000,1655949599999,8957067.43550000,2052,4457615.00000000,4462518.37650000,0
1655949600000,1.00100000,1.00110000,1.00100000,1.00100000,11331369.00000000,1655953199999,11343211.67060000,1849,5113016.00000000,5118640.31760000,0
1655953200000,1.00110000,1.00110000,1.00090000,1.00100000,36262052.00000000,1655956799999,36298329.59910000,3944,22725105.00000000,22747955.73750000,0
1655956800000,1.00100000,1.00100000,1.00090000,1.00090000,3769188.00000000,1655960399999,3772848.19200000,1946,2679228.00000000,2681907.22800000,0
1655960400000,1.00090000,1.00100000,1.00090000,1.00100000,2388853.00000000,1655963999999,2391131.00470000,1731,1280370.00000000,1281650.37000000,0
1655964000000,1.00090000,1.00100000,1.00090000,1.00090000,9582519.00000000,1655967599999,9591449.76500000,2644,3064979.00000000,3068043.97900000,0
1655967600000,1.00090000,1.00100000,1.00090000,1.00090000,3262805.00000000,1655971199999,3265864.66950000,2207,1231450.00000000,1232681.45000000,0
1655971200000,1.00100000,1.00100000,1.00090000,1.00100000,6950759.00000000,1655974799999,6957323.94870000,2630,3092656.00000000,3095748.65600000,0
1655974800000,1.00100000,1.00100000,1.00090000,1.00090000,9565624.00000000,1655978399999,9574514.02300000,3270,2809614.00000000,2812423.61400000,0
1655978400000,1.00090000,1.00100000,1.00090000,1.00100000,4793166.00000000,1655981999999,4797661.07500000,2884,1812256.00000000,1814068.25600000,0
1655982000000,1.00100000,1.00100000,1.00090000,1.00090000,5400022.00000000,1655985599999,5405166.53570000,2329,2845159.00000000,2848004.15900000,0
1655985600000,1.00100000,1.00100000,1.00080000,1.00080000,27016604.00000000,1655989199999,27040754.82150000,4284,9672982.00000000,9681919.38870000,0
1655989200000,1.00080000,1.00090000,1.00080000,1.00080000,22972990.00000000,1655992799999,22992925.66350000,3762,15572715.00000000,15586730.44350000,0
1655992800000,1.00080000,1.00100000,1.00080000,1.00100000,23365585.00000000,1655996399999,23386173.54970000,3854,13081112.00000000,13093257.48730000,0
1655996400000,1.00090000,1.00100000,1.00080000,1.00090000,29462895.00000000,1655999999999,29489437.26950000,7385,5317342.00000000,5322283.09580000,0
1656000000000,1.00090000,1.00090000,1.00080000,1.00080000,13024299.00000000,1656003599999,13035781.15800000,4163,10627188.00000000,10636752.46920000,0
1656003600000,1.00090000,1.00100000,1.00080000,1.00090000,14411661.00000000,1656007199999,14424781.54350000,2419,11729707.00000000,11740500.81560000,0
1656007200000,1.00100000,1.00100000,1.00090000,1.00100000,5948711.00000000,1656010799999,5954324.41050000,2522,2595706.00000000,2598301.70600000,0
1656010800000,1.00100000,1.00100000,1.00090000,1.00090000,5673440.00000000,1656014399999,5678851.96410000,3086,3058681.00000000,3061739.68100000,0
1656014400000,1.00100000,1.00100000,1.00090000,1.00100000,8887558.00000000,1656017999999,8895855.39810000,3005,2985959.00000000,2988944.95900000,0
1656018000000,1.00100000,1.00100000,1.00090000,1.00090000,4715080.00000000,1656021599999,4719621.00110000,2636,2974291.00000000,2977265.29100000,0
1656021600000,1.00100000,1.00100000,1.00090000,1.00100000,11982712.00000000,1656025199999,11993731.35580000,3625,2349150.00000000,2351499.15000000,0
1656025200000,1.00100000,1.00100000,1.00090000,1.00090000,4296955.00000000,1656028799999,4300973.85150000,3160,1515920.00000000,1517435.92000000,0
1656028800000,1.00100000,1.00100000,1.00090000,1.00100000,4598645.00000000,1656032399999,4602950.06440000,3681,1662839.00000000,1664501.83900000,0
1656032400000,1.00090000,1.00100000,1.00090000,1.00100000,4625041.00000000,1656035999999,4629404.29750000,3094,2007606.00000000,2009613.60600000,0
1656036000000,1.00100000,1.00100000,1.00090000,1.00100000,13097938.00000000,1656039599999,13110619.48580000,3525,8933416.00000000,8942349.41600000,0
1656039600000,1.00090000,1.00100000,1.00090000,1.00100000,7234476.00000000,1656043199999,7241404.69120000,2954,4176628.00000000,4180804.62800000,0
1656043200000,1.00100000,1.00100000,1.00090000,1.00090000,15492126.00000000,1656046799999,15506385.77130000,3387,3168579.00000000,3171747.57900000,0
1656046800000,1.00100000,1.00100000,1.00090000,1.00100000,5944909.00000000,1656050399999,5950476.16020000,3186,2167421.00000000,2169588.42100000,0
1656050400000,1.00100000,1.00100000,1.00090000,1.00090000,5295474.00000000,1656053999999,5300355.09550000,3469,1151689.00000000,1152840.68900000,0
1656054000000,1.00090000,1.00100000,1.00060000,1.00060000,74742655.00000000,1656057599999,74799614.72820000,7063,29361393.00000000,29384622.02450000,0
1656057600000,1.00070000,1.00090000,1.00060000,1.00070000,49142866.00000000,1656061199999,49180905.39240000,6153,22170093.00000000,22186764.18530000,0
1656061200000,1.00080000,1.00090000,1.00070000,1.00080000,29956329.00000000,1656064799999,29980188.73910000,4229,25966429.00000000,25987251.82370000,0
1656064800000,1.00080000,1.00090000,1.00080000,1.00090000,11908638.00000000,1656068399999,11918985.56060000,3447,8206502.00000000,8213887.85180000,0
1656068400000,1.00080000,1.00090000,1.00060000,1.00080000,79100236.00000000,1656071999999,79157428.14160000,5197,31585337.00000000,31607926.51690000,0
1656072000000,1.00070000,1.00080000,1.00070000,1.00070000,14577016.00000000,1656075599999,14587921.51180000,5284,7016006.00000000,7021618.80480000,0
1656075600000,1.00080000,1.00080000,1.00070000,1.00070000,21546419.00000000,1656079199999,21563135.26590000,5498,16337726.00000000,16350796.18080000,0
1656079200000,1.00070000,1.00090000,1.00070000,1.00080000,21152386.00000000,1656082799999,21170121.66430000,6304,13394840.00000000,13406385.20180000,0
1656082800000,1.00090000,1.00090000,1.00080000,1.00090000,10337952.00000000,1656086399999,10346803.35470000,4696,5809931.00000000,5815159.93790000,0
1656086400000,1.00080000,1.00090000,1.00080000,1.00090000,5749217.00000000,1656089999999,5754144.33910000,4154,3279655.00000000,3282606.68950000,0
1656090000000,1.00080000,1.00100000,1.00080000,1.00090000,12610687.00000000,1656093599999,12622250.16010000,4853,6637651.00000000,6643862.83190000,0
1656093600000,1.00100000,1.00100000,1.00090000,1.00100000,9623948.00000000,1656097199999,9632926.38850000,3635,3168353.00000000,3171521.35300000,0
1656097200000,1.00100000,1.00100000,1.00090000,1.00100000,6948049.00000000,1656100799999,6954490.36050000,4009,1881164.00000000,1883045.16400000,0
1656100800000,1.00090000,1.00100000,1.00080000,1.00090000,15117543.00000000,1656104399999,15131303.12400000,4911,1971205.00000000,1973166.59710000,0
1656104400000,1.00090000,1.00090000,1.00080000,1.00080000,6363206.00000000,1656107999999,6368618.07100000,3932,3215062.00000000,3217955.55580000,0
1656108000000,1.00090000,1.00090000,1.00080000,1.00090000,6009086.00000000,1656111599999,6014100.85130000,4291,2075825.00000000,2077693.24250000,0
1656111600000,1.00080000,1.00090000,1.00070000,1.00080000,9215506.00000000,1656115199999,9222970.88700000,5534,4228800.00000000,4232305.67560000,0
1656115200000,1.00080000,1.00080000,1.00070000,1.00080000,6941171.00000000,1656118799999,6946284.27260000,4119,2544529.00000000,2546564.62320000,0
1656118800000,1.00080000,1.00080000,1.00070000,1.00080000,5800481.00000000,1656122399999,5804956.41400000,3736,4150773.00000000,4154093.61840000,0
1656122400000,1.00080000,1.00080000,1.00070000,1.00080000,5776972.00000000,1656125999999,5781342.14870000,3483,3262683.00000000,3265293.14640000,0
1656126000000,1.00070000,1.00080000,1.00070000,1.00080000,4622543.00000000,1656129599999,4626048.73380000,3609,2699537.00000000,2701696.62960000,0
1656129600000,1.00070000,1.00080000,1.00070000,1.00080000,5436186.00000000,1656133199999,5440190.30200000,3607,1989718.00000000,1991309.77440000,0
1656133200000,1.00070000,1.00080000,1.00070000,1.00080000,5381626.00000000,1656136799999,5385689.15590000,3553,2960177.00000000,2962545.14160000,0
1656136800000,1.00080000,1.00080000,1.00070000,1.00080000,7689930.00000000,1656140399999,7695814.05420000,3809,5011032.00000000,5015040.82560000,0
1656140400000,1.00080000,1.00080000,1.00060000,1.00070000,47864697.00000000,1656143999999,47896008.23640000,5015,3524363.00000000,3526830.63050000,0
1656144000000,1.00070000,1.00070000,1.00060000,1.00070000,7013666.00000000,1656147599999,7018304.42270000,3920,4302231.00000000,4305242.56170000,0
1656147600000,1.00060000,1.00070000,1.00060000,1.00060000,4379212.00000000,1656151199999,4382011.65110000,4181,1721239.00000000,1722443.86730000,0
1656151200000,1.00070000,1.00070000,1.00060000,1.00060000,5152475.00000000,1656154799999,5155813.40570000,3981,2469207.00000000,2470935.44490000,0
1656154800000,1.00070000,1.00070000,1.00060000,1.00070000,5087932.00000000,1656158399999,5091179.66440000,3765,1949052.00000000,1950416.33640000,0
1656158400000,1.00060000,1.00070000,1.00060000,1.00060000,6030397.00000000,1656161999999,6034329.71800000,4741,3144798.00000000,3146999.35860000,0
1656162000000,1.00070000,1.00070000,1.00060000,1.00070000,5185083.00000000,1656165599999,5188465.39220000,4352,2713424.00000000,2715323.39680000,0
1656165600000,1.00070000,1.00070000,1.00060000,1.00070000,7647673.00000000,1656169199999,7652680.10130000,3734,4184975.00000000,4187904.48250000,0
1656169200000,1.00070000,1.00070000,1.00060000,1.00070000,5886295.00000000,1656172799999,5890204.32360000,4488,3775466.00000000,3778108.82620000,0
1656172800000,1.00070000,1.00070000,1.00060000,1.00070000,4556461.00000000,1656176399999,4559508.27390000,4138,3133973.00000000,3136166.78110000,0
1656176400000,1.00070000,1.00070000,1.00060000,1.00060000,5088753.00000000,1656179999999,5092089.30480000,3576,2830530.00000000,2832511.37100000,0
1656180000000,1.00070000,1.00070000,1.00060000,1.00070000,4818863.00000000,1656183599999,4821955.45440000,4571,2011366.00000000,2012773.95620000,0
1656183600000,1.00070000,1.00070000,1.00060000,1.00060000,2705978.00000000,1656187199999,2707706.58190000,4944,1049951.00000000,1050685.96570000,0
1656187200000,1.00070000,1.00070000,1.00060000,1.00060000,2324442.00000000,1656190799999,2325914.88030000,4201,782151.00000000,782698.50570000,0
1656190800000,1.00070000,1.00070000,1.00060000,1.00070000,5609275.00000000,1656194399999,5612886.77390000,5017,2462089.00000000,2463812.46230000,0
1656194400000,1.00060000,1.00070000,1.00060000,1.00070000,3759216.00000000,1656197999999,3761680.82570000,4528,2092961.00000000,2094426.07270000,0
1656198000000,1.00070000,1.00070000,1.00060000,1.00070000,2054555.00000000,1656201599999,2055919.36900000,4180,1316360.00000000,1317281.45200000,0
1656201600000,1.00070000,1.00070000,1.00060000,1.00070000,3672502.00000000,1656205199999,3674899.10220000,4625,1936010.00000000,1937365.20700000,0
1656205200000,1.00060000,1.00070000,1.00060000,1.00070000,13099854.00000000,1656208799999,13108859.44190000,4799,11455295.00000000,11463313.70650000,0
1656208800000,1.00070000,1.00080000,1.00060000,1.00080000,7533970.00000000,1656212399999,7539275.56160000,4416,6063276.00000000,6067578.20120000,0
1656212400000,1.00070000,1.00080000,1.00070000,1.00070000,3388762.00000000,1656215999999,3391259.43990000,3145,1253065.00000000,1254067.45200000,0
1656216000000,1.00080000,1.00080000,1.00070000,1.00070000,2284773.00000000,1656219599999,2286422.26500000,3128,499239.00000000,499638.39120000,0
1656219600000,1.00080000,1.00080000,1.00070000,1.00070000,4360079.00000000,1656223199999,4363309.10560000,3199,1780503.00000000,1781927.40240000,0
1656223200000,1.00080000,1.00080000,1.00070000,1.00080000,5095145.00000000,1656226799999,5098869.10780000,3525,1575063.00000000,1576323.05040000,0
1656226800000,1.00080000,1.00080000,1.00070000,1.00080000,4126824.00000000,1656230399999,4129883.86030000,3465,1710835.00000000,1712203.66800000,0
1656230400000,1.00080000,1.00080000,1.00070000,1.00070000,2940342.00000000,1656233999999,2942494.41440000,3761,941750.00000000,942503.40000000,0
1656234000000,1.00080000,1.00080000,1.00070000,1.00070000,5058306.00000000,1656237599999,5061985.13090000,3927,1383167.00000000,1384273.53360000,0
1656237600000,1.00080000,1.00080000,1.00070000,1.00080000,4180908.00000000,1656241199999,4183988.89900000,4042,1542634.00000000,1543868.10720000,0
1656241200000,1.00080000,1.00080000,1.00070000,1.00070000,6414268.00000000,1656244799999,6418932.21080000,4584,1742232.00000000,1743625.78560000,0
1656244800000,1.00080000,1.00080000,1.00070000,1.00080000,9954189.00000000,1656248399999,9961318.14670000,5412,1612144.00000000,1613433.71520000,0
1656248400000,1.00080000,1.00080000,1.00060000,1.00060000,8926355.00000000,1656251999999,8932430.55860000,4952,3076520.00000000,3078701.15300000,0
1656252000000,1.00070000,1.00070000,1.00060000,1.00070000,2773835.00000000,1656255599999,2775593.28450000,4209,939835.00000000,940492.88450000,0
1656255600000,1.00070000,1.00070000,1.00060000,1.00070000,5123291.00000000,1656259199999,5126590.01680000,4676,2250422.00000000,2251997.29540000,0
1656259200000,1.00070000,1.00070000,1.00060000,1.00070000,15398205.00000000,1656262799999,15407576.39090000,4660,1324679.00000000,1325606.27530000,0
1656262800000,1.00070000,1.00070000,1.00060000,1.00070000,3236710.00000000,1656266399999,3238770.88880000,4140,1188628.00000000,1189460.03960000,0
1656266400000,1.00070000,1.00070000,1.00060000,1.00070000,3154251.00000000,1656269999999,3156270.11870000,4329,1265681.00000000,1266566.97670000,0
1656270000000,1.00070000,1.00070000,1.00060000,1.00070000,6797690.00000000,1656273599999,6802003.88660000,3417,2352726.00000000,2354372.90820000,0
1656273600000,1.00070000,1.00070000,1.00060000,1.00070000,2777605.00000000,1656277199999,2779365.56230000,3680,939993.00000000,940650.99510000,0
1656277200000,1.00070000,1.00070000,1.00060000,1.00070000,2818439.00000000,1656280799999,2820216.83690000,2833,867735.00000000,868342.41450000,0
1656280800000,1.00060000,1.00070000,1.00060000,1.00060000,5630544.00000000,1656284399999,5634040.76610000,3011,1184397.00000000,1185226.07790000,0
1656284400000,1.00060000,1.00070000,1.00060000,1.00060000,13399917.00000000,1656287999999,13408231.71090000,2173,2747607.00000000,2749530.32490000,0
1656288000000,1.00070000,1.00070000,1.00060000,1.00070000,2469848.00000000,1656291599999,2471486.30750000,2537,1563987.00000000,1565081.79090000,0
1656291600000,1.00070000,1.00070000,1.00060000,1.00070000,2508090.00000000,1656295199999,2509708.02660000,2475,1131726.00000000,1132518.20820000,0
1656295200000,1.00070000,1.00070000,1.00060000,1.00070000,3936313.00000000,1656298799999,3938835.87970000,2307,1610919.00000000,1612046.64330000,0
1656298800000,1.00070000,1.00070000,1.00060000,1.00060000,4821478.00000000,1656302399999,4824537.86800000,2094,1669812.00000000,1670980.86840000,0
1656302400000,1.00070000,1.00070000,1.00060000,1.00060000,6013571.00000000,1656305999999,6017668.57160000,2244,4894290.00000000,4897716.00300000,0
1656306000000,1.00070000,1.00070000,1.00060000,1.00070000,12676715.00000000,1656309599999,12685457.56220000,2221,11365332.00000000,11373287.73240000,0
1656309600000,1.00060000,1.00070000,1.00060000,1.00070000,9999884.00000000,1656313199999,10006758.22020000,2122,8742898.00000000,8749018.02860000,0
1656313200000,1.00060000,1.00080000,1.00060000,1.00070000,10944258.00000000,1656316799999,10952142.29920000,3251,5232702.00000000,5236588.22150000,0
1656316800000,1.00080000,1.00080000,1.00070000,1.00080000,7494296.00000000,1656320399999,7499969.80160000,3096,4277944.00000000,4281366.35520000,0
1656320400000,1.00080000,1.00080000,1.00070000,1.00070000,10434995.00000000,1656323999999,10442869.30850000,3156,5698120.00000000,5702678.49600000,0
1656324000000,1.00070000,1.00080000,1.00070000,1.00080000,13269706.00000000,1656327599999,13279145.16570000,3460,1503715.00000000,1504917.97200000,0
1656327600000,1.00070000,1.00080000,1.00060000,1.00060000,8035381.00000000,1656331199999,8041106.80020000,3509,2065334.00000000,2066962.12010000,0
1656331200000,1.00070000,1.00080000,1.00060000,1.00080000,28607813.00000000,1656334799999,28628038.76550000,4369,26114197.00000000,26132897.80050000,0
1656334800000,1.00080000,1.00110000,1.00070000,1.00080000,86886981.00000000,1656338399999,86964984.34550000,7008,43873144.00000000,43910453.15240000,0
1656338400000,1.00090000,1.00110000,1.00080000,1.00100000,66728075.00000000,1656341999999,66792984.94560000,9535,27479284.00000000,27506896.05430000,0
1656342000000,1.00100000,1.00110000,1.00100000,1.00110000,22649084.00000000,1656345599999,22673007.88440000,6073,12748004.00000000,12762026.80440000,0
1656345600000,1.00110000,1.00110000,1.00100000,1.00110000,28327317.00000000,1656349199999,28357562.34570000,3742,19180287.00000000,19201385.31570000,0
1656349200000,1.00110000,1.00110000,1.00100000,1.00100000,16738442.00000000,1656352799999,16755644.61980000,3084,4641778.00000000,4646883.95580000,0
1656352800000,1.00100000,1.00110000,1.00100000,1.00110000,9991380.00000000,1656356399999,10002101.80000000,4047,7304200.00000000,7312234.62000000,0
1656356400000,1.00110000,1.00110000,1.00100000,1.00110000,5140739.00000000,1656359999999,5146145.13660000,3116,2653976.00000000,2656895.37360000,0
1656360000000,1.00100000,1.00110000,1.00100000,1.00100000,3242902.00000000,1656363599999,3246333.88450000,2699,1889825.00000000,1891903.80750000,0
1656363600000,1.00110000,1.00110000,1.00100000,1.00110000,3938138.00000000,1656367199999,3942283.14560000,2472,2070076.00000000,2072353.08360000,0
1656367200000,1.00100000,1.00120000,1.00100000,1.00120000,27286307.00000000,1656370799999,27315998.24000000,2990,17864790.00000000,17884450.33420000,0
1656370800000,1.00110000,1.00120000,1.00100000,1.00100000,18015129.00000000,1656374399999,18034912.81030000,2087,1682491.00000000,1684397.08390000,0
1656374400000,1.00100000,1.00110000,1.00100000,1.00110000,3468312.00000000,1656377999999,3471970.97780000,1620,1906658.00000000,1908755.32380000,0
1656378000000,1.00100000,1.00110000,1.00100000,1.00110000,4627199.00000000,1656381599999,4632005.53800000,1754,1793390.00000000,1795362.72900000,0
1656381600000,1.00100000,1.00110000,1.00100000,1.00100000,13717270.00000000,1656385199999,13732260.49630000,1632,12732263.00000000,12746268.48930000,0
1656385200000,1.00100000,1.00160000,1.00100000,1.00140000,153532254.00000000,1656388799999,153738421.59860000,4857,74667375.00000000,74765898.97880000,0
1656388800000,1.00140000,1.00150000,1.00120000,1.00120000,19902197.00000000,1656392399999,19928046.01570000,1307,8618855.00000000,8630074.36430000,0
1656392400000,1.00120000,1.00130000,1.00120000,1.00130000,9194660.00000000,1656395999999,9206315.81950000,1417,6222275.00000000,6230363.95750000,0
1656396000000,1.00130000,1.00130000,1.00120000,1.00120000,7209195.00000000,1656399599999,7218183.29360000,2682,3372596.00000000,3376980.37480000,0
1656399600000,1.00130000,1.00130000,1.00120000,1.00120000,8576861.00000000,1656403199999,8587432.24910000,3479,2790159.00000000,2793786.20670000,0
1656403200000,1.00120000,1.00130000,1.00110000,1.00110000,33487144.00000000,1656406799999,33526671.97540000,3582,6535152.00000000,6543287.78570000,0
1656406800000,1.00120000,1.00120000,1.00100000,1.00100000,12305458.00000000,1656410399999,12318768.52390000,4101,6090852.00000000,6097576.31820000,0
1656410400000,1.00110000,1.00120000,1.00100000,1.00120000,28228985.00000000,1656413999999,28260058.21480000,2985,23575906.00000000,23602021.43980000,0
1656414000000,1.00120000,1.00120000,1.00110000,1.00120000,6231670.00000000,1656417599999,6238759.32390000,2651,2344869.00000000,2347682.84280000,0
1656417600000,1.00110000,1.00120000,1.00110000,1.00110000,10004288.00000000,1656421199999,10015551.03240000,4152,2583156.00000000,2586255.78720000,0
1656421200000,1.00110000,1.00120000,1.00100000,1.00110000,14052262.00000000,1656424799999,14067852.01110000,5123,2637159.00000000,2640287.17890000,0
1656424800000,1.00100000,1.00110000,1.00100000,1.00110000,14788196.00000000,1656428399999,14803912.00720000,5603,9278112.00000000,9288317.92320000,0
1656428400000,1.00110000,1.00110000,1.00100000,1.00110000,13014726.00000000,1656431999999,13028745.45870000,5855,10047327.00000000,10058379.05970000,0
1656432000000,1.00110000,1.00120000,1.00100000,1.00110000,15134486.00000000,1656435599999,15151263.41900000,4879,13190807.00000000,13205575.30150000,0
1656435600000,1.00120000,1.00150000,1.00110000,1.00150000,39261144.00000000,1656439199999,39314622.46330000,3976,26865386.00000000,26902103.07720000,0
1656439200000,1.00150000,1.00150000,1.00120000,1.00120000,29202947.00000000,1656442799999,29242268.89030000,4079,4417380.00000000,4423514.44210000,0
1656442800000,1.00130000,1.00130000,1.00120000,1.00120000,5392995.00000000,1656446399999,5399872.00260000,3269,4054086.00000000,4059356.31180000,0
1656446400000,1.00130000,1.00130000,1.00120000,1.00130000,3933383.00000000,1656449999999,3938397.66520000,2816,2946056.00000000,2949885.87280000,0
1656450000000,1.00120000,1.00130000,1.00120000,1.00130000,2326940.00000000,1656453599999,2329866.75330000,1901,1344253.00000000,1346000.52890000,0
1656453600000,1.00130000,1.00130000,1.00120000,1.00130000,5883358.00000000,1656457199999,5890706.71520000,2378,2886856.00000000,2890608.91280000,0
1656457200000,1.00120000,1.00130000,1.00120000,1.00130000,5271670.00000000,1656460799999,5278298.88270000,2202,3028787.00000000,3032724.42310000,0
1656460800000,1.00130000,1.00130000,1.00120000,1.00130000,8074206.00000000,1656464399999,8084401.51790000,2370,5064707.00000000,5071291.11910000,0
1656464400000,1.00120000,1.00140000,1.00120000,1.00140000,17248921.00000000,1656467999999,17270979.92000000,2239,10171644.00000000,10184869.32300000,0
1656468000000,1.00130000,1.00140000,1.00130000,1.00140000,13687947.00000000,1656471599999,13706862.68950000,2283,11213584.00000000,11229283.01760000,0
1656471600000,1.00140000,1.00140000,1.00130000,1.00140000,14948463.00000000,1656475199999,14969038.10550000,2391,11421036.00000000,11437025.45040000,0
1656475200000,1.00130000,1.00160000,1.00130000,1.00160000,14119364.00000000,1656478799999,14139735.16200000,3584,12080650.00000000,12098167.62710000,0
1656478800000,1.00160000,1.00160000,1.00140000,1.00160000,16464107.00000000,1656482399999,16489042.88030000,3449,9263586.00000000,9277843.13040000,0
1656482400000,1.00150000,1.00160000,1.00150000,1.00160000,15381587.00000000,1656485999999,15405209.23530000,3332,5498548.00000000,5507345.67680000,0
1656486000000,1.00150000,1.00160000,1.00140000,1.00150000,45763620.00000000,1656489599999,45833005.91050000,3534,30912323.00000000,30959802.69800000,0
1656489600000,1.00150000,1.00160000,1.00140000,1.00150000,24688238.00000000,1656493199999,24724071.23810000,3097,8661902.00000000,8674921.13630000,0
1656493200000,1.00140000,1.00150000,1.00120000,1.00130000,30487421.00000000,1656496799999,30528159.98220000,4251,10978769.00000000,10993251.42610000,0
1656496800000,1.00130000,1.00130000,1.00120000,1.00130000,9017503.00000000,1656500399999,9028767.49800000,2227,4434944.00000000,4440709.42720000,0
1656500400000,1.00130000,1.00140000,1.00120000,1.00140000,13428377.00000000,1656503999999,13445543.28900000,3684,9431670.00000000,9443947.05070000,0
1656504000000,1.00140000,1.00140000,1.00130000,1.00130000,7360475.00000000,1656507599999,7370356.80460000,2775,3131871.00000000,3136255.61940000,0
1656507600000,1.00130000,1.00140000,1.00130000,1.00130000,27656975.00000000,1656511199999,27695108.08780000,3441,21790203.00000000,21820709.28420000,0
1656511200000,1.00140000,1.00140000,1.00120000,1.00120000,30569345.00000000,1656514799999,30608872.93950000,4033,4433924.00000000,4439920.60040000,0
1656514800000,1.00130000,1.00140000,1.00120000,1.00140000,23681865.00000000,1656518399999,23712820.85120000,2797,18211449.00000000,18235424.89480000,0
1656518400000,1.00140000,1.00140000,1.00110000,1.00120000,39932370.00000000,1656521999999,39982745.38570000,4394,7128571.00000000,7137447.82170000,0
1656522000000,1.00110000,1.00140000,1.00110000,1.00140000,31604043.00000000,1656525599999,31643736.97590000,4133,22204310.00000000,22231961.43820000,0
1656525600000,1.00130000,1.00140000,1.00130000,1.00130000,12496885.00000000,1656529199999,12513469.95600000,2188,3390055.00000000,3394801.07700000,0
1656529200000,1.00130000,1.00140000,1.00120000,1.00130000,16895701.00000000,1656532799999,16917394.38750000,2844,2850568.00000000,2854531.25090000,0
1656532800000,1.00130000,1.00130000,1.00120000,1.00130000,9934158.00000000,1656536399999,9946351.33520000,3911,2723456.00000000,2726996.49280000,0
1656536400000,1.00130000,1.00130000,1.00110000,1.00110000,9865943.00000000,1656539999999,9877855.91340000,2918,3096084.00000000,3099950.17860000,0
1656540000000,1.00110000,1.00120000,1.00110000,1.00120000,5670084.00000000,1656543599999,5676686.25150000,3325,3651591.00000000,3655972.90920000,0
1656543600000,1.00120000,1.00120000,1.00110000,1.00120000,10247523.00000000,1656547199999,10259712.95340000,3115,9176781.00000000,9187793.13720000,0
1656547200000,1.00120000,1.00130000,1.00110000,1.00120000,12647406.00000000,1656550799999,12662573.22310000,3347,10956294.00000000,10969500.88990000,0
1656550800000,1.00130000,1.00130000,1.00120000,1.00130000,3548594.00000000,1656554399999,3553022.23220000,4592,1699194.00000000,1701402.95220000,0
1656554400000,1.00130000,1.00130000,1.00120000,1.00130000,18872715.00000000,1656557999999,18896024.92930000,4640,6626713.00000000,6635327.72690000,0
1656558000000,1.00120000,1.00130000,1.00120000,1.00130000,16187339.00000000,1656561599999,16207529.44880000,6046,7656420.00000000,7666373.34600000,0
1656561600000,1.00130000,1.00150000,1.00120000,1.00130000,50872691.00000000,1656565199999,50941209.96330000,5877,25757933.00000000,25792224.55480000,0
1656565200000,1.00130000,1.00140000,1.00130000,1.00130000,7013357.00000000,1656568799999,7022664.13800000,5320,1897739.00000000,1900395.83460000,0
1656568800000,1.00130000,1.00140000,1.00120000,1.00130000,13434938.00000000,1656572399999,13452405.24300000,6976,3115728.00000000,3120028.94410000,0
1656572400000,1.00130000,1.00130000,1.00120000,1.00130000,12915000.00000000,1656575999999,12931388.49050000,6124,8904905.00000000,8916481.37650000,0
1656576000000,1.00130000,1.00140000,1.00120000,1.00130000,26490474.00000000,1656579599999,26523680.42390000,6651,12533333.00000000,12549635.34410000,0
1656579600000,1.00130000,1.00140000,1.00130000,1.00140000,19566450.00000000,1656583199999,19592756.35130000,8006,8699663.00000000,8711842.52820000,0
1656583200000,1.00140000,1.00140000,1.00110000,1.00120000,31317470.00000000,1656586799999,31355867.45470000,9443,7796242.00000000,7805678.26190000,0
1656586800000,1.00120000,1.00130000,1.00110000,1.00120000,21826460.00000000,1656590399999,21852166.82780000,8357,16506614.00000000,16526447.19750000,0
1656590400000,1.00130000,1.00130000,1.00120000,1.00130000,12932273.00000000,1656593999999,12948498.35630000,6366,7066287.00000000,7075473.17310000,0
1656594000000,1.00130000,1.00130000,1.00120000,1.00130000,9460407.00000000,1656597599999,9472078.80410000,4262,3193157.00000000,3197308.10410000,0
1656597600000,1.00130000,1.00130000,1.00120000,1.00130000,16269519.00000000,1656601199999,16289459.68670000,3610,4172639.00000000,4178063.43070000,0
1656601200000,1.00120000,1.00130000,1.00110000,1.00120000,15839531.00000000,1656604799999,15858740.35100000,5496,2956780.00000000,2960576.57840000,0
1656604800000,1.00110000,1.00120000,1.00110000,1.00110000,10554745.00000000,1656608399999,10567017.61950000,3548,6624000.00000000,6631948.80000000,0
1656608400000,1.00120000,1.00130000,1.00110000,1.00120000,14375821.00000000,1656611999999,14393128.84710000,2883,11941654.00000000,11956126.62940000,0
1656612000000,1.00120000,1.00130000,1.00120000,1.00120000,11156306.00000000,1656615599999,11170598.84990000,2493,9052827.00000000,9064595.67510000,0
1656615600000,1.00130000,1.00140000,1.00120000,1.00140000,14962579.00000000,1656619199999,14982304.30440000,3844,9456016.00000000,9468607.77970000,0
1656619200000,1.00140000,1.00140000,1.00130000,1.00130000,4293828.00000000,1656622799999,4299580.64080000,3288,1706644.00000000,1709033.30160000,0
1656622800000,1.00130000,1.00140000,1.00130000,1.00130000,5827072.00000000,1656626399999,5834913.97320000,3187,2667796.00000000,2671530.91440000,0
1656626400000,1.00130000,1.00140000,1.00130000,1.00130000,6537119.00000000,1656629999999,6545746.77720000,2265,1295225.00000000,1297038.31500000,0
1656630000000,1.00140000,1.00140000,1.00130000,1.00130000,4848050.00000000,1656633599999,4854532.20740000,3738,1797424.00000000,1799940.39360000,0
