1685577600000,27218.27000000,27355.02000000,27029.85000000,27068.90000000,16.85452000,1685581199999,458661.33571490,925,9.28496000,252456.02158150,0
1685581200000,27074.11000000,27174.78000000,27068.85000000,27089.06000000,10.60139000,1685584799999,287639.78688140,499,5.24774000,142366.29254740,0
1685584800000,27085.36000000,27117.85000000,26650.91000000,26728.55000000,28.17926000,1685588399999,756704.32760840,1120,10.20565000,273586.40279920,0
1685588400000,26723.26000000,26840.24000000,26622.32000000,26789.89000000,23.12112000,1685591999999,618323.70991170,990,10.40058000,278118.54621290,0
1685592000000,26784.13000000,26824.43000000,26759.38000000,26813.58000000,7.49985000,1685595599999,200985.68178730,343,3.04561000,81615.50830110,0
1685595600000,26810.25000000,26870.00000000,26793.45000000,26850.32000000,3.98996000,1685599199999,107088.26508370,219,2.22080000,59606.80341920,0
1685599200000,26853.75000000,26887.78000000,26783.20000000,26785.97000000,8.99829000,1685602799999,241695.21706630,358,5.75141000,154489.89623530,0
1685602800000,26790.27000000,26865.06000000,26768.02000000,26807.64000000,5.66516000,1685606399999,151922.39581810,337,3.68420000,98818.28628480,0
1685606400000,26805.48000000,26925.94000000,26792.61000000,26924.59000000,7.42633000,1685609999999,199380.69230460,378,5.02617000,134875.04167010,0
1685610000000,26920.25000000,26958.56000000,26904.55000000,26907.59000000,5.31812000,1685613599999,143224.16260470,269,3.32439000,89537.95288090,0
1685613600000,26913.93000000,26939.37000000,26863.87000000,26868.96000000,3.51861000,1685617199999,94650.96284540,219,2.66646000,71728.98187910,0
1685617200000,26867.01000000,26909.43000000,26846.43000000,26900.10000000,6.30580000,1685620799999,169456.38308110,278,3.85128000,103485.11354790,0
1685620800000,26897.54000000,26972.07000000,26800.01000000,26944.77000000,17.66048000,1685624399999,474797.05920730,754,8.25113000,221888.67100890,0
1685624400000,26949.88000000,26974.79000000,26873.30000000,26895.86000000,9.03822000,1685627999999,243330.72682470,442,6.05111000,162916.79980950,0
1685628000000,26897.34000000,26981.43000000,26840.23000000,26903.27000000,13.51684000,1685631599999,363541.51350790,577,7.67131000,206316.89530740,0
1685631600000,26901.92000000,26949.99000000,26865.31000000,26895.63000000,7.11259000,1685635199999,191409.24529390,315,4.49684000,121020.62608500,0
1685635200000,26899.39000000,27171.68000000,26800.00000000,27098.48000000,29.18426000,1685638799999,787318.22068090,987,16.81575000,453773.84528720,0
1685638800000,27096.81000000,27134.49000000,26924.86000000,26962.83000000,23.45716000,1685642399999,633657.02537860,784,11.01030000,297363.63524880,0
1685642400000,26959.01000000,27048.44000000,26945.84000000,26970.05000000,11.07297000,1685645999999,298878.30681330,390,6.48520000,175024.67474730,0
1685646000000,26965.56000000,26984.14000000,26666.66000000,26866.59000000,24.07584000,1685649599999,646383.88119040,708,12.49721000,335793.05661450,0
1685649600000,26871.34000000,26931.98000000,26834.83000000,26860.28000000,11.97362000,1685653199999,321800.41558390,405,3.80225000,102227.75379200,0
1685653200000,26869.33000000,26950.17000000,26869.33000000,26898.28000000,9.45029000,1685656799999,254357.25906390,367,2.70127000,72726.01490440,0
1685656800000,26898.77000000,26908.04000000,26848.98000000,26906.30000000,7.15473000,1685660399999,192322.88267940,318,2.05432000,55213.01710730,0
1685660400000,26886.61000000,26892.01000000,26724.73000000,26816.27000000,9.46389000,1685663999999,253811.90132330,394,2.77285000,74359.47569860,0
1685664000000,26822.41000000,26830.11000000,26506.81000000,26785.59000000,34.08069000,1685667599999,910011.66047040,1360,20.58066000,549556.06545300,0
1685667600000,26788.20000000,26852.20000000,26723.44000000,26814.08000000,17.67414000,1685671199999,473673.40986460,612,8.29602000,222330.25687810,0
1685671200000,26818.99000000,26986.43000000,26817.60000000,26964.52000000,15.30014000,1685674799999,411945.69417940,554,7.99229000,215271.25248280,0
1685674800000,26966.07000000,27019.95000000,26935.38000000,27012.26000000,7.86867000,1685678399999,212189.69496100,307,4.04852000,109169.23242700,0
1685678400000,27001.80000000,27123.43000000,26954.83000000,27076.73000000,26.00775000,1685681999999,703252.25430820,855,7.03136000,190141.85443550,0
1685682000000,27080.35000000,27228.67000000,27071.32000000,27163.95000000,33.53662000,1685685599999,910821.73105740,1088,7.68687000,208734.88629040,0
1685685600000,27160.66000000,27168.46000000,27074.44000000,27074.44000000,8.32384000,1685689199999,225911.21019670,338,2.02737000,55021.89603030,0
1685689200000,27078.88000000,27123.17000000,27049.15000000,27053.71000000,4.31377000,1685692799999,116821.21602140,273,2.44359000,66162.59974640,0
1685692800000,27055.00000000,27183.89000000,27055.00000000,27174.40000000,16.62970000,1685696399999,451390.57309980,505,4.31630000,117047.95349810,0
1685696400000,27176.58000000,27191.66000000,27074.55000000,27086.37000000,4.48527000,1685699999999,121660.54654990,274,2.62838000,71302.45291380,0
1685700000000,27087.81000000,27111.84000000,27072.83000000,27102.32000000,5.48785000,1685703599999,148651.40419700,224,1.46914000,39804.16251920,0
1685703600000,27103.47000000,27180.58000000,27079.32000000,27139.17000000,7.27736000,1685707199999,197431.24900120,410,3.16957000,85996.26798810,0
1685707200000,27139.17000000,27249.98000000,27000.87000000,27102.88000000,33.42640000,1685710799999,906668.93221090,1328,13.51633000,366636.22385570,0
1685710800000,27101.28000000,27140.40000000,26866.62000000,26919.73000000,16.48281000,1685714399999,445110.75065770,718,6.35295000,171522.46739430,0
1685714400000,26908.19000000,26996.08000000,26899.32000000,26976.67000000,17.22262000,1685717999999,464159.91081320,637,7.50532000,202269.64453470,0
1685718000000,26973.82000000,27116.58000000,26968.31000000,27103.75000000,7.94087000,1685721599999,214654.43956610,382,4.36817000,118057.28807340,0
1685721600000,27102.16000000,27129.19000000,27042.42000000,27063.67000000,15.85836000,1685725199999,429297.40607650,440,2.90331000,78618.38751060,0
1685725200000,27064.77000000,27102.04000000,27036.85000000,27061.28000000,4.98079000,1685728799999,134841.65732670,222,2.65349000,71832.84769640,0
1685728800000,27068.56000000,27200.28000000,27008.69000000,27196.83000000,11.65806000,1685732399999,315823.76525850,416,8.68268000,235200.26719660,0
1685732400000,27204.59000000,27292.53000000,27138.80000000,27242.12000000,11.96908000,1685735999999,325951.94961670,503,7.48253000,203698.34130950,0
1685736000000,27247.74000000,27296.46000000,27180.49000000,27183.15000000,18.59154000,1685739599999,506511.34430630,445,12.93499000,352486.54320690,0
1685739600000,27181.06000000,27253.89000000,27153.25000000,27220.41000000,2.14870000,1685743199999,58435.37212010,146,1.41254000,38410.59723930,0
1685743200000,27212.98000000,27306.39000000,27206.24000000,27269.93000000,4.57778000,1685746799999,124786.14127070,223,1.98481000,54114.52019570,0
1685746800000,27273.54000000,27281.72000000,27234.49000000,27256.44000000,4.31697000,1685750399999,117680.29637860,177,0.88297000,24071.16761230,0
1685750400000,27251.04000000,27251.04000000,27165.51000000,27178.18000000,3.49063000,1685753999999,94972.62315540,209,0.95417000,25967.98476040,0
1685754000000,27175.62000000,27200.76000000,27106.12000000,27142.74000000,18.10650000,1685757599999,492178.86451450,511,8.71967000,237036.38168200,0
1685757600000,27139.76000000,27177.56000000,27139.37000000,27159.83000000,2.90541000,1685761199999,78889.38893950,135,1.62156000,44031.50083230,0
1685761200000,27159.83000000,27182.49000000,27142.58000000,27150.79000000,5.29991000,1685764799999,143944.50577730,164,3.92724000,106656.20027430,0
1685764800000,27156.68000000,27171.50000000,27121.08000000,27171.50000000,4.23851000,1685768399999,115046.44868880,184,2.43217000,66013.75588240,0
1685768400000,27168.48000000,27178.11000000,27149.31000000,27166.37000000,3.78869000,1685771999999,102911.44196850,147,2.67174000,72572.38867190,0
1685772000000,27168.09000000,27223.17000000,27168.09000000,27190.58000000,5.49176000,1685775599999,149359.14410560,202,2.38811000,64940.84652040,0
1685775600000,27188.68000000,27205.25000000,27170.53000000,27179.11000000,6.58227000,1685779199999,178971.05939080,310,4.27420000,116218.96795310,0
1685779200000,27181.63000000,27190.32000000,27149.69000000,27152.68000000,3.35004000,1685782799999,91044.37005100,163,1.91116000,51946.16763340,0
1685782800000,27152.67000000,27163.95000000,27137.34000000,27161.90000000,5.64297000,1685786399999,153239.75710420,180,4.40267000,119560.92926700,0
1685786400000,27161.75000000,27189.55000000,27121.40000000,27147.68000000,10.33661000,1685789999999,280724.86066380,265,2.60804000,70821.93821910,0
1685790000000,27150.31000000,27181.70000000,27134.21000000,27140.93000000,4.48809000,1685793599999,121900.93404320,181,0.79036000,21456.20704170,0
1685793600000,27141.59000000,27180.00000000,27139.13000000,27174.78000000,2.91158000,1685797199999,79119.33061420,160,0.27181000,7385.62080230,0
1685797200000,27172.13000000,27192.41000000,27157.35000000,27176.31000000,1.81727000,1685800799999,49374.64544940,124,0.88424000,24022.41724530,0
1685800800000,27179.89000000,27207.24000000,27178.29000000,27180.48000000,2.94685000,1685804399999,80131.76785170,164,2.18480000,59409.12320550,0
1685804400000,27175.36000000,27336.56000000,27138.10000000,27309.86000000,17.82110000,1685807999999,485500.19865480,529,10.15014000,276608.49295450,0
1685808000000,27312.09000000,27325.45000000,27237.10000000,27250.62000000,18.52998000,1685811599999,505457.70644220,497,5.42845000,148073.48044710,0
1685811600000,27251.25000000,27265.30000000,27130.00000000,27175.26000000,13.10398000,1685815199999,356161.29587050,437,4.98228000,135387.98134900,0
1685815200000,27166.73000000,27192.30000000,27141.71000000,27162.79000000,7.33010000,1685818799999,199153.01380690,245,3.37440000,91666.66068000,0
1685818800000,27158.61000000,27174.55000000,27045.99000000,27107.07000000,12.63113000,1685822399999,342696.74272180,359,2.37291000,64336.14160880,0
1685822400000,27099.81000000,27136.85000000,27070.41000000,27082.49000000,9.99217000,1685825999999,270867.23313460,264,2.75972000,74831.75306890,0
1685826000000,27073.13000000,27085.90000000,26929.67000000,27015.40000000,11.65511000,1685829599999,314698.85566710,441,4.11846000,111208.43970370,0
1685829600000,27017.29000000,27091.20000000,27017.29000000,27082.13000000,4.17819000,1685833199999,113098.09713330,172,1.46293000,39613.53732430,0
1685833200000,27082.13000000,27096.20000000,27060.56000000,27084.48000000,1.90741000,1685836799999,51652.27067070,120,0.50403000,13649.87076310,0
1685836800000,27077.43000000,27081.09000000,27012.12000000,27015.95000000,4.33525000,1685840399999,117312.53215010,205,2.35294000,63676.53923860,0
1685840400000,27015.12000000,27089.79000000,26963.13000000,27050.23000000,7.49888000,1685843999999,202838.76457040,287,4.41117000,119326.46571450,0
1685844000000,27055.92000000,27112.13000000,27041.03000000,27093.72000000,7.71460000,1685847599999,208867.80204940,267,4.74911000,128581.69989860,0
1685847600000,27099.20000000,27099.20000000,27053.27000000,27072.32000000,3.10860000,1685851199999,84158.79372680,179,1.34622000,36444.25033920,0
1685851200000,27066.26000000,27092.31000000,27045.38000000,27061.86000000,2.79272000,1685854799999,75596.07060690,143,1.07287000,29036.65679930,0
1685854800000,27060.92000000,27064.54000000,27029.57000000,27043.73000000,1.08224000,1685858399999,29271.19871410,72,0.47573000,12868.46059140,0
1685858400000,27048.08000000,27150.65000000,27047.61000000,27138.52000000,2.99655000,1685861999999,81213.09731010,153,1.17770000,31905.95352690,0
1685862000000,27146.25000000,27171.67000000,27133.50000000,27149.52000000,9.43594000,1685865599999,256185.06792850,290,6.27535000,170371.88462320,0
1685865600000,27158.28000000,27162.68000000,27126.80000000,27150.63000000,2.44565000,1685869199999,66395.77873570,121,2.12536000,57698.88717540,0
1685869200000,27157.50000000,27254.57000000,27157.50000000,27221.11000000,5.77483000,1685872799999,157076.39632870,273,2.71466000,73830.74930970,0
1685872800000,27228.94000000,27234.71000000,27200.87000000,27229.72000000,1.86377000,1685876399999,50734.10465730,124,0.93561000,25468.61802920,0
1685876400000,27226.42000000,27240.90000000,27188.03000000,27200.16000000,2.10815000,1685879999999,57379.72802470,134,0.89942000,24475.40329560,0
1685880000000,27201.72000000,27223.12000000,27170.16000000,27218.70000000,2.86538000,1685883599999,77937.22717790,150,1.67472000,45544.46062730,0
1685883600000,27218.70000000,27301.75000000,27215.70000000,27257.60000000,10.32521000,1685887199999,281375.27517240,300,7.13303000,194388.14373770,0
1685887200000,27260.10000000,27270.60000000,27180.86000000,27245.37000000,6.82766000,1685890799999,185898.30026570,330,2.60509000,70940.33363110,0
1685890800000,27245.37000000,27257.37000000,27188.59000000,27188.59000000,5.19197000,1685894399999,141350.67606970,207,4.21500000,114753.56274480,0
1685894400000,27195.27000000,27206.78000000,27164.73000000,27176.43000000,3.76764000,1685897999999,102435.12136200,155,3.19406000,86835.71000000,0
1685898000000,27176.62000000,27219.43000000,27176.62000000,27188.42000000,4.94026000,1685901599999,134391.35334240,176,4.33279000,117864.71864970,0
1685901600000,27201.03000000,27218.87000000,27192.08000000,27207.24000000,2.08940000,1685905199999,56831.48480620,136,0.84949000,23108.87087310,0
1685905200000,27201.55000000,27232.00000000,27198.70000000,27221.76000000,1.96925000,1685908799999,53601.89615680,115,1.42217000,38711.24257680,0
1685908800000,27222.93000000,27280.22000000,27215.83000000,27252.90000000,3.86756000,1685912399999,105393.42394470,227,1.84815000,50354.23531740,0
1685912400000,27251.30000000,27287.13000000,27196.49000000,27204.36000000,2.21234000,1685915999999,60287.67745850,174,0.89787000,24455.45168130,0
1685916000000,27208.30000000,27465.00000000,27208.30000000,27244.30000000,30.16407000,1685919599999,824207.26609780,1010,15.87078000,433734.55207650,0
1685919600000,27252.29000000,27324.77000000,27050.01000000,27128.08000000,22.28864000,1685923199999,605971.46432880,649,8.23544000,224071.11802260,0
1685923200000,27115.59000000,27134.55000000,26979.70000000,27030.65000000,13.10738000,1685926799999,354688.74628080,494,6.05390000,163754.62623560,0
1685926800000,27031.57000000,27066.26000000,26954.66000000,27055.16000000,7.25706000,1685930399999,196142.01679100,310,3.42345000,92500.53626070,0
1685930400000,27053.73000000,27088.11000000,26880.00000000,26936.31000000,9.74343000,1685933999999,263035.99448140,401,4.08813000,110309.21856820,0
1685934000000,26934.80000000,26934.80000000,26790.52000000,26853.93000000,18.80330000,1685937599999,505276.02283230,669,8.33239000,223869.82241400,0
1685937600000,26853.93000000,26884.84000000,26784.55000000,26847.38000000,6.92301000,1685941199999,185849.29697540,290,5.30890000,142529.25150490,0
1685941200000,26838.66000000,26846.56000000,26750.01000000,26825.19000000,15.06099000,1685944799999,403687.17958300,499,7.35632000,197154.55355720,0
1685944800000,26826.38000000,26841.22000000,26778.14000000,26778.14000000,3.35689000,1685948399999,89976.60925700,235,1.63591000,43852.70949180,0
1685948400000,26778.14000000,26839.59000000,26759.24000000,26839.55000000,6.91206000,1685951999999,185326.99256310,205,3.68741000,98858.51519170,0
1685952000000,26839.76000000,26853.00000000,26799.11000000,26806.64000000,3.68761000,1685955599999,98949.16624250,176,0.93200000,25004.09013110,0
1685955600000,26806.64000000,26833.53000000,26730.44000000,26785.23000000,7.75055000,1685959199999,207599.57440110,298,2.95257000,79068.20750730,0
1685959200000,26785.23000000,26800.16000000,26723.01000000,26725.44000000,8.07140000,1685962799999,215959.07830510,364,4.69881000,125720.02947250,0
1685962800000,26723.00000000,26795.02000000,26674.90000000,26787.02000000,7.06988000,1685966399999,189134.54991700,349,4.43202000,118602.88045830,0
1685966400000,26780.00000000,26788.43000000,26660.25000000,26693.02000000,6.24874000,1685969999999,167039.67385020,352,2.64593000,70707.79955730,0
1685970000000,26690.01000000,26767.10000000,26648.09000000,26731.88000000,6.74936000,1685973599999,180352.48473370,367,3.95189000,105591.71567930,0
1685973600000,26733.44000000,26820.70000000,26709.90000000,26805.01000000,10.92055000,1685977199999,292448.93464100,509,5.37436000,143922.95699330,0
1685977200000,26807.81000000,26815.36000000,26004.44000000,26007.50000000,88.42259000,1685980799999,2338914.63889780,2452,25.96180000,687028.34528100,0
1685980800000,26009.61000000,26077.60000000,25457.50000000,25819.90000000,117.93192000,1685984399999,3039125.20886060,4102,55.63532000,1433859.81006850,0
1685984400000,25819.90000000,25819.90000000,25587.62000000,25768.70000000,35.25161000,1685987999999,906526.46205980,1118,11.70701000,301111.58993250,0
1685988000000,25768.70000000,25768.70000000,25548.45000000,25573.24000000,42.32511000,1685991599999,1086720.86450880,1104,9.76119000,250372.44785540,0
1685991600000,25564.44000000,25640.08000000,25420.00000000,25636.82000000,36.35828000,1685995199999,927343.40375540,939,15.22959000,388772.43932830,0
1685995200000,25624.41000000,25683.35000000,25596.36000000,25641.26000000,15.47623000,1685998799999,396694.92946070,559,8.64368000,221551.94241530,0
1685998800000,25630.76000000,25686.56000000,25521.02000000,25683.25000000,8.15908000,1686002399999,208745.04761040,353,4.03632000,103260.92995300,0
1686002400000,25665.77000000,25783.51000000,25656.98000000,25724.00000000,8.17744000,1686005999999,210253.87548270,428,3.86843000,99443.20764160,0
1686006000000,25709.27000000,25869.29000000,25709.27000000,25738.44000000,17.29777000,1686009599999,445857.06019780,635,8.06485000,207844.23860060,0
1686009600000,25731.53000000,25763.87000000,25678.67000000,25695.85000000,22.49081000,1686013199999,578615.16538010,773,6.84396000,176021.49482450,0
1686013200000,25699.02000000,25706.83000000,25618.31000000,25647.82000000,30.13161000,1686016799999,773025.33811560,920,15.93241000,408721.97781110,0
1686016800000,25647.27000000,25797.66000000,25606.94000000,25774.81000000,18.46886000,1686020399999,474372.01313000,472,13.36012000,342994.47763620,0
1686020400000,25774.80000000,25774.80000000,25722.71000000,25738.83000000,7.17601000,1686023999999,184746.80171770,261,2.98532000,76849.54349600,0
1686024000000,25737.20000000,25819.18000000,25730.14000000,25801.12000000,11.60158000,1686027599999,299201.44258710,231,8.75718000,225863.01156570,0
1686027600000,25802.18000000,25819.90000000,25763.48000000,25782.36000000,5.49627000,1686031199999,141731.86195250,328,3.74615000,96590.27963610,0
1686031200000,25778.24000000,25810.95000000,25759.63000000,25772.77000000,11.46044000,1686034799999,295440.78515690,331,8.07705000,208218.34238930,0
1686034800000,25773.46000000,25822.38000000,25705.99000000,25731.13000000,20.75374000,1686038399999,535054.75467620,676,11.97216000,308653.19677300,0
1686038400000,25731.13000000,25754.32000000,25679.32000000,25719.73000000,9.50769000,1686041999999,244562.26052830,488,4.22152000,108568.12233690,0
1686042000000,25717.78000000,25793.69000000,25702.22000000,25756.28000000,5.05409000,1686045599999,130073.78819820,329,2.75959000,71034.63381820,0
1686045600000,25759.94000000,25803.38000000,25746.99000000,25750.26000000,5.56091000,1686049199999,143369.60286570,393,2.49008000,64201.78445410,0
1686049200000,25750.25000000,25759.40000000,25646.67000000,25694.45000000,5.08151000,1686052799999,130579.63421820,244,2.74075000,70430.11190760,0
1686052800000,25695.83000000,25734.50000000,25357.01000000,25537.69000000,66.13359000,1686056399999,1689483.37875690,1731,28.50973000,729359.04100210,0
1686056400000,25529.91000000,25780.57000000,25390.25000000,25745.86000000,43.33898000,1686059999999,1107912.87416580,1376,25.44472000,650382.79121020,0
1686060000000,25748.72000000,26095.88000000,25748.72000000,26027.50000000,52.88779000,1686063599999,1373042.05901480,1859,26.73842000,693940.53820110,0
1686063600000,26029.64000000,26154.95000000,25935.23000000,26067.38000000,22.41624000,1686067199999,583507.70282760,773,12.40890000,322961.16321810,0
1686067200000,26073.09000000,26400.00000000,26073.09000000,26374.98000000,33.78576000,1686070799999,885443.27614400,1200,20.66527000,541576.93918940,0
1686070800000,26391.14000000,26781.57000000,26293.07000000,26664.02000000,54.77321000,1686074399999,1454652.66017940,1943,28.26523000,750545.75292040,0
1686074400000,26679.60000000,26787.69000000,26642.07000000,26707.07000000,20.23397000,1686077999999,540626.99704410,638,7.73969000,206820.29368480,0
1686078000000,26706.85000000,27212.49000000,26701.43000000,27093.74000000,43.19271000,1686081599999,1165413.18560490,1471,22.00079000,593201.00494920,0
1686081600000,27082.53000000,27222.68000000,26888.39000000,26947.52000000,41.62863000,1686085199999,1125030.51616590,1185,24.39081000,659327.18977320,0
1686085200000,26950.17000000,27097.20000000,26948.69000000,27058.66000000,11.40743000,1686088799999,308167.55723840,440,4.08970000,110463.49726360,0
1686088800000,27065.62000000,27190.39000000,27052.42000000,27168.98000000,9.40908000,1686092399999,255052.46139790,372,3.97691000,107804.18462340,0
1686092400000,27154.84000000,27362.79000000,27119.35000000,27235.00000000,24.63068000,1686095999999,670187.84348190,739,9.58320000,260705.02863650,0
1686096000000,27241.97000000,27394.76000000,27174.50000000,27192.53000000,35.98089000,1686099599999,980718.40590850,864,18.47319000,503832.03141980,0
1686099600000,27186.35000000,27225.27000000,27067.97000000,27089.31000000,20.53998000,1686103199999,557416.08521620,658,11.41277000,309622.31277910,0
1686103200000,27089.93000000,27089.93000000,26920.33000000,26946.20000000,18.41329000,1686106799999,497092.94386450,609,9.92073000,267725.91409590,0
1686106800000,26941.84000000,26965.71000000,26724.89000000,26905.54000000,19.70678000,1686110399999,529784.86928600,669,11.94103000,321150.52308790,0
1686110400000,26902.37000000,26969.05000000,26879.17000000,26944.89000000,8.61260000,1686113999999,231921.86675860,365,3.70375000,99708.98453900,0
1686114000000,26938.99000000,26987.88000000,26882.46000000,26919.07000000,5.68779000,1686117599999,153184.10444310,284,2.65335000,71441.40576540,0
1686117600000,26919.84000000,26950.15000000,26824.93000000,26839.18000000,6.16137000,1686121199999,165612.85333480,297,2.55198000,68600.11557700,0
1686121200000,26834.32000000,26901.83000000,26766.53000000,26797.55000000,11.76877000,1686124799999,315862.44437140,418,6.24480000,167673.38355640,0
1686124800000,26805.16000000,26843.79000000,26770.97000000,26822.74000000,7.71313000,1686128399999,206778.18501780,300,4.77323000,127959.69122240,0
1686128400000,26825.14000000,26825.14000000,26434.58000000,26505.84000000,28.77618000,1686131999999,767157.36714780,1058,11.64467000,310791.22857960,0
1686132000000,26480.12000000,26635.40000000,26369.06000000,26599.40000000,35.68576000,1686135599999,946429.68798130,1244,16.39693000,434801.74483140,0
1686135600000,26602.05000000,26973.67000000,26588.84000000,26904.54000000,29.77058000,1686139199999,797073.11810730,1202,13.63632000,365210.96364330,0
1686139200000,26905.76000000,26913.45000000,26750.48000000,26809.19000000,11.46699000,1686142799999,307515.42662990,523,4.29506000,115172.78777890,0
1686142800000,26809.68000000,26868.85000000,26675.23000000,26846.06000000,17.64369000,1686146399999,472096.07054960,712,7.64022000,204368.99969920,0
1686146400000,26818.34000000,26818.34000000,26347.49000000,26445.25000000,49.82383000,1686149999999,1321181.95118170,1775,20.04729000,531365.49242980,0
1686150000000,26433.41000000,26684.90000000,26265.29000000,26349.46000000,45.88194000,1686153599999,1214119.62446180,1688,20.97449000,554986.91915760,0
1686153600000,26332.49000000,26443.20000000,26256.95000000,26336.96000000,19.08829000,1686157199999,503121.26890490,857,9.31456000,245526.68470990,0
1686157200000,26331.78000000,26554.46000000,26284.18000000,26517.91000000,16.32657000,1686160799999,431660.54523380,686,10.18638000,269364.51471450,0
1686160800000,26504.51000000,26531.62000000,26445.60000000,26473.22000000,9.35681000,1686164399999,247851.05326870,374,5.45550000,144493.33814450,0
1686164400000,26472.41000000,26532.34000000,26440.20000000,26493.14000000,9.97763000,1686167999999,264305.64320870,424,6.69767000,177438.32397810,0
1686168000000,26490.39000000,26490.39000000,26320.43000000,26358.25000000,9.22246000,1686171599999,243284.30588870,376,5.51071000,145388.15342350,0
1686171600000,26359.55000000,26458.85000000,26130.62000000,26141.44000000,11.48970000,1686175199999,302079.92401140,487,5.13432000,135204.25909320,0
1686175200000,26155.69000000,26411.23000000,26136.20000000,26276.58000000,20.45737000,1686178799999,537914.23681920,585,15.27685000,401823.84699630,0
1686178800000,26287.92000000,26365.30000000,26258.51000000,26352.68000000,5.90789000,1686182399999,155465.48384650,242,3.08347000,81134.94933300,0
1686182400000,26342.46000000,26449.73000000,26314.04000000,26400.52000000,11.92080000,1686185999999,314415.57542210,500,6.20708000,163686.20244170,0
1686186000000,26393.45000000,26473.68000000,26389.23000000,26443.54000000,5.80654000,1686189599999,153542.93365540,308,3.06746000,81104.68857110,0
1686189600000,26444.85000000,26449.55000000,26375.30000000,26390.04000000,3.11025000,1686193199999,82139.65657040,163,1.01235000,26733.62894550,0
1686193200000,26389.24000000,26389.24000000,26218.34000000,26343.49000000,8.87172000,1686196799999,233327.14550380,381,3.38358000,88989.58526150,0
1686196800000,26346.23000000,26426.51000000,26329.54000000,26409.06000000,7.71581000,1686200399999,203515.78031790,245,4.15544000,109637.01305270,0
1686200400000,26401.72000000,26434.98000000,26350.14000000,26377.61000000,4.97287000,1686203999999,131342.23530080,253,3.33745000,88139.86243870,0
1686204000000,26379.96000000,26498.22000000,26291.61000000,26425.03000000,11.13577000,1686207599999,293939.39563850,390,6.88356000,181766.17243880,0
1686207600000,26428.15000000,26517.75000000,26422.42000000,26441.52000000,8.70249000,1686211199999,230358.61670960,284,4.20350000,111247.82055440,0
1686211200000,26445.63000000,26463.17000000,26405.75000000,26443.57000000,3.13163000,1686214799999,82766.26510370,241,1.54416000,40803.21575450,0
1686214800000,26441.44000000,26441.44000000,26371.49000000,26384.71000000,4.77365000,1686218399999,126040.39957100,233,1.45295000,38362.99103830,0
1686218400000,26384.71000000,26498.14000000,26371.86000000,26476.25000000,3.63030000,1686221999999,95933.41618860,302,2.13651000,56470.47017770,0
1686222000000,26485.67000000,26501.24000000,26412.40000000,26434.55000000,5.91508000,1686225599999,156459.54241140,223,2.41302000,63825.00201560,0
1686225600000,26435.42000000,26586.04000000,26375.30000000,26467.68000000,25.65136000,1686229199999,678770.39084530,827,10.76105000,284808.02425920,0
1686229200000,26465.56000000,26480.48000000,26306.70000000,26405.05000000,24.02278000,1686232799999,634204.81560520,912,13.82861000,365063.07522520,0
1686232800000,26399.53000000,26688.77000000,26351.12000000,26645.88000000,26.64029000,1686236399999,707996.82088460,853,16.51254000,438907.84446750,0
1686236400000,26659.17000000,26817.49000000,26580.10000000,26728.19000000,15.05324000,1686239999999,401557.55767910,603,5.93360000,158402.99841240,0
1686240000000,26724.13000000,26724.13000000,26418.52000000,26503.17000000,23.53506000,1686243599999,626390.46631840,697,11.13633000,296568.18726980,0
1686243600000,26502.27000000,26520.84000000,26440.85000000,26481.26000000,4.84636000,1686247199999,128340.89541450,268,2.97395000,78748.83216640,0
1686247200000,26485.93000000,26575.18000000,26444.76000000,26553.67000000,5.01392000,1686250799999,132902.72579010,219,2.23280000,59196.47477170,0
1686250800000,26552.95000000,26565.36000000,26518.76000000,26543.39000000,3.27843000,1686254399999,87018.88396790,172,2.65154000,70379.72423760,0
1686254400000,26544.41000000,26653.56000000,26524.29000000,26644.35000000,7.11400000,1686257999999,189230.32848590,336,4.77106000,126883.81503650,0
1686258000000,26639.91000000,26645.84000000,26548.59000000,26573.56000000,2.58295000,1686261599999,68671.38180870,158,1.55828000,41423.43423210,0
1686261600000,26566.37000000,26609.00000000,26532.52000000,26552.17000000,5.62453000,1686265199999,149519.64750980,195,3.62830000,96459.08793480,0
1686265200000,26543.86000000,26570.00000000,26495.32000000,26504.60000000,20.12874000,1686268799999,534612.64696110,306,2.67818000,71069.41587750,0
1686268800000,26504.61000000,26519.83000000,26434.88000000,26462.86000000,4.57707000,1686272399999,121177.00612160,286,1.73341000,45882.67085750,0
1686272400000,26462.85000000,26599.03000000,26445.36000000,26518.35000000,6.01626000,1686275999999,159665.07673280,304,2.89251000,76784.99159650,0
1686276000000,26503.47000000,26539.52000000,26253.79000000,26459.31000000,18.73752000,1686279599999,494892.63701870,705,7.33988000,193725.14792270,0
1686279600000,26462.17000000,26505.41000000,26438.73000000,26491.02000000,3.92421000,1686283199999,103906.67367590,202,2.62546000,69520.61650680,0
1686283200000,26484.55000000,26509.47000000,26424.03000000,26495.77000000,4.05280000,1686286799999,107235.76827210,179,1.87325000,49541.02819600,0
1686286800000,26492.88000000,26532.01000000,26477.33000000,26492.95000000,4.71285000,1686290399999,124920.87264650,189,3.16819000,83976.62129960,0
1686290400000,26504.88000000,26584.77000000,26475.00000000,26497.82000000,7.33315000,1686293999999,194541.07974660,312,4.58935000,121737.10222550,0
1686294000000,26492.57000000,26500.03000000,26438.07000000,26495.61000000,6.33775000,1686297599999,167786.79772500,326,3.34899000,88656.46096020,0
1686297600000,26496.71000000,26654.24000000,26493.08000000,26646.03000000,11.96121000,1686301199999,317942.76784570,517,6.56022000,174383.50787790,0
1686301200000,26646.80000000,26686.05000000,26596.88000000,26644.04000000,6.10514000,1686304799999,162588.67587310,259,3.79432000,101051.92786730,0
1686304800000,26643.84000000,26674.04000000,26607.42000000,26638.22000000,5.47874000,1686308399999,145944.86085870,253,3.11937000,83092.38623940,0
1686308400000,26631.80000000,26643.90000000,26564.32000000,26606.31000000,3.74116000,1686311999999,99550.27677110,210,1.74660000,46470.68806850,0
1686312000000,26615.55000000,26698.50000000,26615.55000000,26669.37000000,7.40139000,1686315599999,197269.18960290,382,4.67422000,124579.54517270,0
1686315600000,26678.58000000,26777.37000000,26626.87000000,26642.27000000,14.69468000,1686319199999,392220.30763490,545,7.10740000,189749.09135650,0
1686319200000,26637.50000000,26711.06000000,26537.09000000,26584.80000000,10.51142000,1686322799999,279842.66172300,515,5.38325000,143280.57311920,0
1686322800000,26591.80000000,26631.61000000,26457.59000000,26481.66000000,8.19705000,1686326399999,217596.48944500,353,3.54412000,94126.67391540,0
1686326400000,26475.66000000,26527.08000000,26439.69000000,26479.16000000,9.54885000,1686329999999,252851.51153760,323,5.38953000,142728.38978180,0
1686330000000,26479.15000000,26511.90000000,26413.59000000,26483.26000000,6.38222000,1686333599999,168890.32662450,243,2.18809000,57928.18610170,0
1686333600000,26494.24000000,26514.60000000,26414.15000000,26452.82000000,8.27219000,1686337199999,218790.19596840,296,2.27287000,60128.26419030,0
1686337200000,26448.11000000,26485.24000000,26378.76000000,26402.63000000,10.28098000,1686340799999,271565.16628280,433,5.30255000,140034.53347080,0
1686340800000,26397.37000000,26489.70000000,26394.82000000,26445.26000000,20.77542000,1686344399999,549552.12435360,524,13.73150000,363271.02370910,0
1686344400000,26447.58000000,26492.20000000,26442.51000000,26475.21000000,3.75446000,1686347999999,99329.67480490,136,1.54488000,40877.57881330,0
1686348000000,26490.01000000,26497.07000000,26456.14000000,26492.43000000,2.51895000,1686351599999,66691.14031970,147,1.86411000,49356.15830120,0
1686351600000,26492.26000000,26493.42000000,26450.93000000,26476.77000000,4.06845000,1686355199999,107686.74475630,155,2.08573000,55201.47189410,0
1686355200000,26479.91000000,26486.92000000,26448.67000000,26458.74000000,3.98615000,1686358799999,105500.89505250,186,1.58235000,41878.90133810,0
1686358800000,26459.49000000,26528.94000000,26310.82000000,26393.19000000,12.15620000,1686362399999,321209.91539160,492,5.99509000,158437.77579270,0
1686362400000,26398.00000000,26431.14000000,26280.00000000,26321.78000000,22.22704000,1686365999999,585967.35687800,667,7.05403000,185891.73643920,0
1686366000000,26315.96000000,26365.93000000,26268.71000000,26324.96000000,7.26765000,1686369599999,191360.62595790,373,2.68510000,70689.69312680,0
1686369600000,26318.06000000,26349.43000000,25718.29000000,25768.27000000,74.41569000,1686373199999,1932529.12763620,2681,23.90698000,619520.64209430,0
1686373200000,25766.94000000,25809.86000000,25477.11000000,25525.65000000,60.26099000,1686376799999,1542946.53961160,2593,25.02521000,640924.75638500,0
1686376800000,25527.24000000,25653.99000000,25469.69000000,25557.27000000,36.93506000,1686380399999,944676.38438790,1833,19.09105000,488202.93699030,0
1686380400000,25544.31000000,25751.40000000,25504.71000000,25655.17000000,28.36614000,1686383999999,727052.00048540,1204,18.48175000,473810.87091660,0
1686384000000,25656.68000000,25757.18000000,25579.25000000,25674.89000000,10.67040000,1686387599999,273799.35952910,609,6.66258000,170939.59248920,0
1686387600000,25679.77000000,25696.21000000,25623.86000000,25664.08000000,12.21846000,1686391199999,313549.96021270,394,7.75241000,198946.24221690,0
1686391200000,25666.96000000,25713.74000000,25611.49000000,25709.80000000,8.21015000,1686394799999,210815.38822370,372,3.64264000,93544.66844470,0
1686394800000,25709.81000000,25752.96000000,25667.73000000,25744.52000000,3.94261000,1686398399999,101361.31128870,265,1.94299000,49953.64123970,0
1686398400000,25730.56000000,25738.30000000,25620.13000000,25624.21000000,6.92918000,1686401999999,177795.11448340,370,3.02196000,77543.22738380,0
1686402000000,25630.01000000,25677.87000000,25585.00000000,25666.97000000,9.16686000,1686405599999,235110.70005170,399,4.07875000,104601.91722860,0
1686405600000,25664.64000000,25715.95000000,25640.09000000,25686.25000000,5.52225000,1686409199999,141810.27274760,318,3.41241000,87632.13906870,0
1686409200000,25680.44000000,25692.74000000,25613.05000000,25640.01000000,8.74775000,1686412799999,224548.47609670,297,6.25059000,160459.17442560,0
1686412800000,25641.65000000,25660.41000000,25600.10000000,25606.31000000,8.14183000,1686416399999,208614.24718540,260,2.35120000,60234.76174990,0
1686416400000,25599.02000000,26168.89000000,25404.36000000,26026.28000000,32.35756000,1686419999999,836425.06018510,1200,17.27367000,446876.24575510,0
1686420000000,26031.60000000,26049.42000000,25398.58000000,25588.55000000,31.28143000,1686423599999,803762.84878260,1087,10.10138000,259603.56213000,0
1686423600000,25575.68000000,25759.99000000,25566.45000000,25759.99000000,7.85743000,1686427199999,201575.23188550,327,4.00918000,102857.71860580,0
1686427200000,25759.99000000,25882.61000000,25696.22000000,25765.28000000,11.35859000,1686430799999,293181.05032800,466,5.80136000,149778.92574760,0
1686430800000,25766.97000000,25846.23000000,25702.80000000,25779.43000000,5.07178000,1686434399999,130656.07168010,233,2.21638000,57098.24433940,0
1686434400000,25788.67000000,25942.63000000,25772.40000000,25891.56000000,5.23556000,1686437999999,135411.58158400,245,3.05722000,79070.33798600,0
1686438000000,25900.15000000,25906.40000000,25839.85000000,25856.22000000,3.21905000,1686441599999,83265.88008180,151,1.73266000,44817.60523690,0
1686441600000,25856.23000000,25863.53000000,25748.64000000,25764.71000000,5.89382000,1686445199999,152080.13846680,240,3.44830000,89004.04934060,0
1686445200000,25765.58000000,25874.25000000,25732.33000000,25843.53000000,7.83706000,1686448799999,202192.38501510,248,5.75142000,148365.85778800,0
1686448800000,25838.16000000,25843.46000000,25762.87000000,25780.27000000,7.63688000,1686452399999,196854.67472810,281,5.12124000,131990.29205090,0
1686452400000,25778.82000000,25783.69000000,25708.10000000,25733.49000000,5.38024000,1686455999999,138546.09596520,222,3.11029000,80107.63509010,0
1686456000000,25739.84000000,25772.13000000,25653.26000000,25744.71000000,10.28705000,1686459599999,264329.88709970,380,4.27641000,109853.33276700,0
1686459600000,25742.59000000,25846.06000000,25742.59000000,25829.84000000,3.36223000,1686463199999,86682.05655340,186,1.47182000,37944.07831910,0
1686463200000,25832.29000000,25833.66000000,25780.07000000,25804.52000000,2.15765000,1686466799999,55672.28097580,106,0.68561000,17695.74825280,0
1686466800000,25799.90000000,25812.06000000,25748.26000000,25750.55000000,2.73980000,1686470399999,70624.91439780,161,0.88244000,22749.37376620,0
1686470400000,25750.03000000,25781.29000000,25706.08000000,25753.60000000,4.02799000,1686473999999,103734.04473760,146,2.44811000,63064.56191260,0
1686474000000,25753.52000000,25784.68000000,25715.83000000,25716.20000000,2.84949000,1686477599999,73391.17314670,172,1.51112000,38931.91791450,0
1686477600000,25723.90000000,25807.14000000,25714.91000000,25790.63000000,2.69649000,1686481199999,69456.45471280,116,0.60936000,15698.25020110,0
1686481200000,25790.63000000,25855.89000000,25770.06000000,25814.70000000,4.29942000,1686484799999,111029.01142160,159,3.47805000,89825.15372720,0
1686484800000,25798.82000000,25809.35000000,25760.23000000,25760.23000000,2.54628000,1686488399999,65650.93737640,108,1.42160000,36657.50949760,0
1686488400000,25766.74000000,25786.63000000,25694.00000000,25716.35000000,4.47209000,1686491999999,115081.04987940,198,0.96476000,24835.24862330,0
1686492000000,25712.09000000,25808.85000000,25712.09000000,25766.73000000,3.56847000,1686495599999,91910.40478250,229,1.38235000,35612.30509140,0
1686495600000,25760.88000000,25788.20000000,25751.66000000,25771.08000000,3.00433000,1686499199999,77406.38643850,193,1.73905000,44802.60352560,0
1686499200000,25762.97000000,25962.77000000,25752.88000000,25876.13000000,14.28382000,1686502799999,369504.66255570,431,9.83685000,254397.79706080,0
1686502800000,25882.61000000,26091.49000000,25848.09000000,25949.55000000,15.33316000,1686506399999,398318.41831080,601,7.50027000,194867.40892970,0
1686506400000,25948.66000000,26044.82000000,25938.76000000,25987.21000000,9.36819000,1686509999999,243513.57777370,413,3.56504000,92653.48788000,0
1686510000000,25994.01000000,26118.55000000,25948.02000000,26036.48000000,6.77835000,1686513599999,176546.59861680,310,2.28187000,59458.23264920,0
1686513600000,26052.56000000,26209.71000000,26052.55000000,26137.10000000,9.17703000,1686517199999,239903.79836830,363,4.60645000,120385.20748160,0
1686517200000,26139.20000000,26146.68000000,25985.63000000,26056.56000000,5.85861000,1686520799999,152687.77167980,239,1.89291000,49337.78105060,0
1686520800000,26063.89000000,26083.02000000,25768.64000000,25899.87000000,10.46746000,1686524399999,271336.59903380,463,4.16539000,107875.45857410,0
1686524400000,25905.37000000,25952.00000000,25836.89000000,25938.66000000,5.10651000,1686527999999,132236.69511410,265,2.33454000,60433.26677440,0
1686528000000,25934.80000000,26035.44000000,25868.33000000,25981.65000000,6.72149000,1686531599999,174427.17136390,324,3.20138000,83086.49081180,0
1686531600000,25980.83000000,26004.93000000,25904.46000000,25948.39000000,4.06849000,1686535199999,105583.27312600,235,1.32996000,34513.19969820,0
1686535200000,25943.81000000,25968.83000000,25637.50000000,25786.88000000,12.74597000,1686538799999,328517.07021960,500,5.37842000,138589.78672740,0
1686538800000,25772.65000000,25856.19000000,25765.04000000,25794.51000000,2.42225000,1686542399999,62512.67192830,199,1.49467000,38579.71039500,0
1686542400000,25798.81000000,25828.34000000,25762.64000000,25822.50000000,6.54715000,1686545999999,168956.42982700,238,3.70585000,95632.69867280,0
1686546000000,25821.48000000,25825.68000000,25769.90000000,25784.58000000,4.70128000,1686549599999,121314.73431100,149,2.15902000,55721.02164380,0
1686549600000,25776.18000000,25903.53000000,25753.79000000,25854.48000000,5.28933000,1686553199999,136656.70405690,199,1.73912000,44946.50919580,0
1686553200000,25853.02000000,25869.02000000,25791.27000000,25815.39000000,9.65910000,1686556799999,249481.45456590,318,3.04505000,78661.09177590,0
1686556800000,25805.83000000,25957.23000000,25795.68000000,25949.06000000,14.21154000,1686560399999,367666.03551700,305,10.85881000,280906.87839090,0
1686560400000,25947.42000000,26111.76000000,25926.14000000,25971.94000000,10.15244000,1686563999999,264292.19953850,391,6.37414000,165934.54298690,0
1686564000000,25971.00000000,26063.28000000,25951.47000000,25970.55000000,7.57072000,1686567599999,196870.45865120,320,4.91373000,127767.60219700,0
1686567600000,25969.62000000,26027.90000000,25944.33000000,25995.67000000,5.19607000,1686571199999,134946.96835920,302,2.64814000,68783.24665900,0
1686571200000,25995.27000000,25995.42000000,25904.42000000,25934.84000000,5.08216000,1686574799999,131834.51857270,232,2.19207000,56866.59388350,0
1686574800000,25932.87000000,25937.19000000,25781.11000000,25805.55000000,20.17162000,1686578399999,520936.29056810,452,4.25153000,109904.64858660,0
1686578400000,25799.33000000,25882.11000000,25739.20000000,25841.68000000,13.95640000,1686581999999,360269.90593080,481,8.37529000,216155.40469720,0
1686582000000,25849.82000000,25871.36000000,25774.48000000,25829.15000000,6.56397000,1686585599999,169470.00247110,294,2.64680000,68322.67667750,0
1686585600000,25829.76000000,25910.39000000,25789.69000000,25822.87000000,10.55623000,1686589199999,272843.63155140,373,2.49986000,64654.23240520,0
1686589200000,25826.14000000,25967.50000000,25652.27000000,25809.62000000,16.14093000,1686592799999,416697.00112360,573,11.05931000,285551.09340530,0
1686592800000,25808.63000000,25859.15000000,25756.57000000,25846.75000000,10.87240000,1686596399999,280497.48265450,370,6.55152000,168977.44022320,0
1686596400000,25845.61000000,25851.11000000,25759.38000000,25821.04000000,5.68732000,1686599999999,146764.13327710,204,2.77858000,71714.22700140,0
1686600000000,25812.38000000,25895.96000000,25802.35000000,25895.96000000,5.61359000,1686603599999,145178.83750550,226,2.48952000,64377.83350380,0
1686603600000,25893.30000000,25939.16000000,25880.19000000,25930.94000000,3.40224000,1686607199999,88166.28666310,176,1.90943000,49476.32178320,0
1686607200000,25943.49000000,25969.57000000,25890.29000000,25931.54000000,7.98552000,1686610799999,207058.13277400,216,5.90423000,153073.62705950,0
1686610800000,25941.54000000,25941.54000000,25869.05000000,25912.01000000,1.45820000,1686614399999,37778.27020080,140,0.91364000,23667.94793790,0
1686614400000,25911.22000000,26025.35000000,25822.04000000,25865.24000000,9.01953000,1686617999999,233804.94070130,412,3.68905000,95640.40404760,0
1686618000000,25859.11000000,26044.55000000,25820.00000000,25970.07000000,14.57170000,1686621599999,378084.31322230,389,6.97367000,180977.79742900,0
1686621600000,25973.78000000,26150.00000000,25936.37000000,26124.43000000,16.85171000,1686625199999,438746.78889060,442,10.72740000,279311.14848920,0
1686625200000,26116.07000000,26148.72000000,26039.82000000,26060.49000000,11.91869000,1686628799999,311093.70433480,370,5.27106000,137583.23798790,0
1686628800000,26060.43000000,26066.94000000,25974.86000000,26053.04000000,2.47293000,1686632399999,64374.75864410,144,1.84011000,47907.28194960,0
1686632400000,26047.76000000,26116.46000000,26039.58000000,26082.58000000,2.91616000,1686635999999,76057.50774710,182,2.02815000,52905.37027120,0
1686636000000,26086.82000000,26130.74000000,26056.24000000,26080.17000000,2.71013000,1686639599999,70693.06237880,147,1.31409000,34269.57737530,0
1686639600000,26092.38000000,26112.49000000,26068.68000000,26068.68000000,4.43695000,1686643199999,115776.14133200,206,1.79497000,46835.53431690,0
1686643200000,26070.81000000,26267.02000000,26058.91000000,26180.57000000,13.16101000,1686646799999,344342.48637640,444,7.93077000,207542.34581370,0
1686646800000,26176.10000000,26204.36000000,26103.92000000,26149.44000000,9.74519000,1686650399999,254786.47325970,304,4.88509000,127711.38576340,0
1686650400000,26149.89000000,26171.78000000,26113.19000000,26156.34000000,4.15532000,1686653999999,108626.35144450,215,1.77402000,46376.37101600,0
1686654000000,26158.78000000,26209.62000000,26090.04000000,26192.17000000,14.35863000,1686657599999,375407.11152740,506,9.28731000,242783.21626400,0
1686657600000,26194.77000000,26435.40000000,25910.59000000,26076.01000000,45.02128000,1686661199999,1179421.53190800,1592,21.81771000,571463.18015310,0
1686661200000,26083.88000000,26144.07000000,26001.46000000,26038.28000000,31.02471000,1686664799999,809608.17332910,739,16.92431000,441618.11578750,0
1686664800000,26031.64000000,26051.32000000,25902.10000000,25981.59000000,32.43856000,1686668399999,842223.63348690,658,10.12496000,262923.93235940,0
1686668400000,25969.43000000,25969.57000000,25718.06000000,25768.14000000,19.25285000,1686671999999,497568.04476410,800,12.63912000,326726.10929430,0
1686672000000,25752.05000000,25873.16000000,25733.71000000,25850.65000000,8.44663000,1686675599999,218149.06595290,367,4.68892000,121099.15453560,0
1686675600000,25857.34000000,25887.82000000,25778.96000000,25818.79000000,3.96469000,1686679199999,102385.04712890,193,1.54700000,39941.43125010,0
1686679200000,25815.73000000,25968.60000000,25797.96000000,25892.22000000,7.49660000,1686682799999,194190.64380360,279,5.38616000,139580.53313910,0
1686682800000,25884.65000000,25924.01000000,25865.20000000,25897.82000000,1.30679000,1686686399999,33828.03445220,191,0.46074000,11926.00330130,0
1686686400000,25879.27000000,25954.46000000,25828.13000000,25845.05000000,8.16578000,1686689999999,211319.96766100,415,4.24265000,109769.12202640,0
1686690000000,25838.14000000,25879.03000000,25814.86000000,25846.08000000,4.86255000,1686693599999,125724.75587320,236,1.58596000,41005.23994860,0
1686693600000,25844.82000000,25862.83000000,25806.48000000,25837.56000000,2.57136000,1686697199999,66426.65908130,169,0.97132000,25091.51748330,0
1686697200000,25840.96000000,25934.48000000,25840.96000000,25932.90000000,2.69068000,1686700799999,69637.66982600,161,0.82444000,21347.35341460,0
1686700800000,25928.76000000,26025.34000000,25910.80000000,25980.04000000,5.00847000,1686704399999,130080.29993790,234,3.34465000,86895.68080420,0
1686704400000,25985.86000000,26052.37000000,25952.63000000,26038.23000000,3.18797000,1686707999999,82864.90711550,197,2.56833000,66758.21478130,0
1686708000000,26047.40000000,26048.44000000,26007.47000000,26019.39000000,3.00701000,1686711599999,78244.67825890,154,1.79445000,46689.61943590,0
1686711600000,26024.36000000,26024.36000000,25958.10000000,25978.93000000,4.12319000,1686715199999,107123.19500390,214,1.76318000,45802.50931810,0
1686715200000,25984.99000000,26001.74000000,25962.97000000,25979.46000000,1.91924000,1686718799999,49871.38918920,110,1.28507000,33390.36560370,0
1686718800000,25971.16000000,25983.94000000,25834.93000000,25851.99000000,2.69351000,1686722399999,69749.15918950,167,1.07170000,27753.51287460,0
1686722400000,25843.70000000,25921.03000000,25843.70000000,25894.01000000,3.04618000,1686725999999,78853.86178140,123,1.73626000,44949.01523360,0
1686726000000,25898.38000000,25921.01000000,25866.91000000,25897.18000000,5.35483000,1686729599999,138672.94527150,221,2.15875000,55896.17604510,0
1686729600000,25890.04000000,25940.51000000,25881.71000000,25925.55000000,2.80571000,1686733199999,72699.16669690,166,1.68013000,43526.29175960,0
1686733200000,25925.85000000,25990.06000000,25911.50000000,25983.49000000,3.31446000,1686736799999,86055.30568020,153,2.71659000,70529.55705980,0
1686736800000,25978.80000000,25987.45000000,25935.74000000,25956.85000000,2.96559000,1686740399999,76990.05229850,162,1.29923000,33731.02071180,0
1686740400000,25958.03000000,26027.71000000,25949.83000000,25976.62000000,3.18293000,1686743999999,82692.18761460,216,1.83799000,47737.54032030,0
1686744000000,25975.98000000,26075.13000000,25960.27000000,26020.79000000,8.63144000,1686747599999,224452.82760440,379,4.91513000,127814.51800370,0
1686747600000,26022.58000000,26028.09000000,25930.99000000,25989.63000000,7.22223000,1686751199999,187561.95256710,329,2.75358000,71519.91114430,0
1686751200000,25988.79000000,26028.88000000,25964.60000000,25997.29000000,15.55339000,1686754799999,404099.40223020,381,12.86526000,334205.72944550,0
1686754800000,25997.26000000,26018.95000000,25944.29000000,25983.19000000,40.64849000,1686758399999,1055405.39852440,530,27.17065000,705310.74584440,0
1686758400000,25983.19000000,26004.25000000,25956.52000000,25958.29000000,1.85089000,1686761999999,48081.28457060,121,1.50262000,39032.26050420,0
1686762000000,25952.65000000,26050.26000000,25887.60000000,26000.36000000,9.60149000,1686765599999,249220.55885600,389,5.68560000,147593.12635250,0
1686765600000,26014.72000000,26084.77000000,25755.84000000,25906.19000000,34.10081000,1686769199999,883637.19765510,1136,16.80306000,435336.33719270,0
1686769200000,25906.35000000,25976.96000000,25833.13000000,25867.68000000,14.69798000,1686772799999,380726.13191510,437,8.83432000,228827.57777590,0
1686772800000,25866.85000000,25875.34000000,24824.00000000,24925.22000000,104.68901000,1686776399999,2636186.51510290,2926,32.37713000,816741.83148190,0
1686776400000,24918.42000000,25185.37000000,24828.69000000,25110.46000000,35.31490000,1686779999999,885254.10784530,1057,17.09641000,428509.06254660,0
1686780000000,25109.34000000,25109.53000000,24944.98000000,25021.98000000,17.10264000,1686783599999,428241.11276010,579,8.77529000,219646.89490580,0
1686783600000,25033.05000000,25136.61000000,24979.95000000,25128.34000000,9.31268000,1686787199999,233426.71932130,341,5.43612000,136282.62017820,0
1686787200000,25128.33000000,25200.43000000,25085.04000000,25199.74000000,14.54248000,1686790799999,365575.76200840,426,9.95231000,250207.65112370,0
1686790800000,25200.47000000,25200.47000000,25024.58000000,25057.48000000,11.75490000,1686794399999,295058.17612860,411,3.62370000,90928.21729750,0
1686794400000,25057.53000000,25126.15000000,25048.01000000,25082.37000000,13.40013000,1686797999999,336014.47247830,378,11.28049000,282842.44409660,0
1686798000000,25077.00000000,25082.60000000,25039.91000000,25053.20000000,7.26316000,1686801599999,181996.94527720,304,5.02105000,125822.98678650,0
1686801600000,25051.13000000,25051.13000000,24960.06000000,25011.28000000,22.52122000,1686805199999,563488.70658500,513,6.73446000,168467.50805730,0
1686805200000,25011.59000000,25050.08000000,24900.50000000,24977.53000000,57.46897000,1686808799999,1436303.26837300,1343,34.17940000,854230.74276140,0
1686808800000,24975.16000000,25025.29000000,24820.81000000,24866.04000000,46.22152000,1686812399999,1153415.91446190,1318,26.26688000,655795.08639200,0
1686812400000,24876.90000000,24946.34000000,24814.59000000,24920.11000000,26.99758000,1686815999999,672421.55207830,1003,20.69315000,515411.18609500,0
1686816000000,24920.11000000,24967.85000000,24872.24000000,24884.96000000,33.62478000,1686819599999,838243.19182960,782,16.30546000,406475.88002450,0
1686819600000,24878.51000000,24949.40000000,24818.55000000,24883.57000000,72.56244000,1686823199999,1806541.67062030,1376,38.46835000,957945.69065250,0
1686823200000,24879.36000000,24908.42000000,24817.85000000,24873.27000000,20.82775000,1686826799999,517874.16064390,428,5.53197000,137518.81570600,0
1686826800000,24874.29000000,25005.00000000,24750.01000000,24958.37000000,36.51365000,1686830399999,909341.59941670,1067,19.46598000,485187.21830660,0
1686830400000,24970.29000000,24991.57000000,24870.27000000,24901.98000000,44.96875000,1686833999999,1121289.53037540,1146,35.62106000,888266.10901540,0
1686834000000,24899.15000000,25048.52000000,24871.70000000,25001.54000000,50.62423000,1686837599999,1265019.31603220,1076,30.53503000,763166.09632730,0
1686837600000,24999.74000000,25042.22000000,24964.66000000,24972.49000000,30.47398000,1686841199999,762117.37289540,861,10.51385000,262971.53577350,0
1686841200000,24982.54000000,25004.68000000,24924.56000000,24931.80000000,22.93248000,1686844799999,572438.26174780,576,11.61633000,289981.92706320,0
1686844800000,24935.14000000,24993.49000000,24900.01000000,24974.09000000,28.65103000,1686848399999,714946.56795810,466,17.55494000,438091.65042290,0
1686848400000,24972.25000000,25129.96000000,24945.87000000,25120.28000000,16.75042000,1686851999999,419114.43657080,577,6.51655000,163125.29259980,0
1686852000000,25114.26000000,25363.25000000,25032.37000000,25350.69000000,52.18946000,1686855599999,1312512.48890230,932,17.81363000,448153.64333940,0
1686855600000,25364.35000000,25497.05000000,25322.15000000,25429.41000000,71.11338000,1686859199999,1808286.77283330,969,22.82079000,579965.80481240,0
1686859200000,25432.91000000,25581.88000000,25196.19000000,25550.79000000,58.95981000,1686862799999,1500055.07356840,962,22.06462000,560707.01815330,0
1686862800000,25556.93000000,25739.72000000,25492.00000000,25567.48000000,56.47241000,1686866399999,1447071.62355410,1240,20.08639000,514727.00026980,0
1686866400000,25557.28000000,25985.00000000,25526.33000000,25604.94000000,22.59569000,1686869999999,579331.92835280,504,16.27059000,417245.19491930,0
1686870000000,25609.84000000,25617.69000000,25532.47000000,25573.74000000,20.97241000,1686873599999,535922.97512820,446,13.35777000,341272.72736030,0
1686873600000,25573.74000000,25573.74000000,25409.84000000,25476.19000000,16.15705000,1686877199999,411721.37314180,420,4.23570000,107899.51880400,0
1686877200000,25473.49000000,25556.07000000,25418.28000000,25497.15000000,7.05812000,1686880799999,179824.84884810,262,3.91411000,99712.68776600,0
1686880800000,25494.94000000,25532.40000000,25464.13000000,25529.92000000,6.19683000,1686884399999,158002.62656210,210,2.02544000,51650.51648280,0
1686884400000,25530.04000000,25580.23000000,25500.14000000,25542.83000000,14.90027000,1686887999999,380319.57604080,274,3.61772000,92361.21473930,0
1686888000000,25535.07000000,25601.21000000,25496.61000000,25505.64000000,7.64670000,1686891599999,195305.25497570,271,3.38374000,86401.69932150,0
1686891600000,25505.64000000,25546.48000000,25450.00000000,25534.98000000,16.85192000,1686895199999,429637.46062350,433,6.88627000,175567.93615000,0
1686895200000,25528.68000000,25600.06000000,25510.70000000,25553.89000000,12.10287000,1686898799999,309256.37259110,332,5.48345000,140130.54168240,0
1686898800000,25553.79000000,25597.83000000,25510.43000000,25511.27000000,12.09733000,1686902399999,308987.22126200,455,6.50577000,166169.55134870,0
1686902400000,25516.84000000,25607.50000000,25515.57000000,25523.50000000,12.43408000,1686905999999,317935.19265220,358,6.90443000,176568.98517350,0
1686906000000,25519.95000000,25599.58000000,25519.95000000,25565.92000000,50.49672000,1686909599999,1291671.01980180,680,10.06040000,257294.23444530,0
1686909600000,25566.26000000,25578.54000000,25531.04000000,25543.57000000,7.12221000,1686913199999,181978.00908640,345,5.78716000,147875.31037670,0
1686913200000,25541.81000000,25542.71000000,25443.31000000,25447.21000000,19.38831000,1686916799999,494134.35623830,514,8.52840000,217359.07668920,0
1686916800000,25447.27000000,25555.56000000,25447.27000000,25541.80000000,12.28509000,1686920399999,313630.44555880,387,7.55077000,192755.97452000,0
1686920400000,25541.82000000,25601.60000000,25456.84000000,25464.12000000,7.87124000,1686923999999,200929.04486900,397,4.18484000,106834.04707460,0
1686924000000,25463.64000000,25688.76000000,25166.70000000,25573.33000000,85.26812000,1686927599999,2168312.70391280,1661,36.05714000,917569.67344420,0
1686927600000,25581.51000000,25850.75000000,25524.12000000,25784.93000000,63.88252000,1686931199999,1637258.53898640,1391,33.23285000,851449.56225790,0
1686931200000,25812.38000000,25961.25000000,25738.98000000,25936.38000000,46.63163000,1686934799999,1203773.56075980,1324,20.75992000,535956.19118220,0
1686934800000,25929.78000000,26297.81000000,25923.56000000,26288.88000000,89.79599000,1686938399999,2347154.79863650,1556,38.17029000,997827.27272130,0
1686938400000,26285.84000000,26502.06000000,26248.09000000,26335.19000000,40.65808000,1686941999999,1071691.26646020,1122,22.28089000,587409.57295440,0
1686942000000,26336.28000000,26393.90000000,26261.01000000,26356.11000000,103.42610000,1686945599999,2725760.04614860,1190,13.41384000,353299.23451130,0
1686945600000,26369.74000000,26436.27000000,26300.70000000,26392.09000000,17.49997000,1686949199999,461079.75295040,505,10.09738000,266045.23960150,0
1686949200000,26393.02000000,26398.21000000,26261.01000000,26277.71000000,12.87119000,1686952799999,338831.23577560,309,2.76143000,72727.28995140,0
1686952800000,26281.42000000,26367.44000000,26281.42000000,26354.49000000,6.89039000,1686956399999,181500.09190190,299,2.15870000,56847.90776950,0
1686956400000,26351.28000000,26365.76000000,26312.88000000,26331.71000000,7.13123000,1686959999999,187798.52648110,293,3.79287000,99879.62378130,0
1686960000000,26328.88000000,26351.89000000,26299.43000000,26299.43000000,10.47395000,1686963599999,275716.29376780,292,3.58474000,94379.72342680,0
1686963600000,26299.86000000,26320.10000000,26178.26000000,26182.14000000,7.17133000,1686967199999,188251.71942440,318,2.15592000,56584.91595610,0
1686967200000,26184.56000000,26275.33000000,26164.57000000,26260.87000000,7.20426000,1686970799999,188991.44769360,255,2.64467000,69371.92883480,0
1686970800000,26260.87000000,26283.79000000,26229.76000000,26244.89000000,5.45505000,1686974399999,143271.56206530,142,4.18961000,110048.13807240,0
1686974400000,26248.81000000,26346.31000000,26227.35000000,26344.70000000,11.09326000,1686977999999,291637.53718830,286,9.16134000,240872.38991360,0
1686978000000,26344.70000000,26808.09000000,26324.75000000,26669.82000000,51.58037000,1686981599999,1374493.70396830,1171,35.60186000,948501.73097510,0
1686981600000,26676.29000000,26761.49000000,26625.79000000,26640.00000000,28.92470000,1686985199999,772077.28192740,659,21.29450000,568383.28638900,0
1686985200000,26640.00000000,26655.44000000,26428.70000000,26572.94000000,35.45067000,1686988799999,941599.78910750,582,5.92042000,157516.76539300,0
1686988800000,26575.31000000,26635.63000000,26550.20000000,26585.76000000,12.31737000,1686992399999,327521.57341090,321,9.78084000,260067.65040490,0
1686992400000,26586.00000000,26619.62000000,26546.56000000,26584.60000000,6.37738000,1686995999999,169565.25282830,288,2.36745000,62950.71732020,0
1686996000000,26578.59000000,26620.13000000,26560.21000000,26568.52000000,5.40538000,1686999599999,143689.91940190,221,3.27864000,87150.96702670,0
1686999600000,26576.98000000,26586.75000000,26460.64000000,26491.00000000,7.73528000,1687003199999,205150.68318430,362,3.73684000,99090.95561080,0
1687003200000,26485.91000000,26564.81000000,26396.78000000,26502.30000000,12.97945000,1687006799999,343843.63462580,392,4.53378000,120097.90121220,0
1687006800000,26502.30000000,26560.28000000,26493.48000000,26535.41000000,3.99529000,1687010399999,105986.57101170,233,1.58790000,42117.23082720,0
1687010400000,26535.40000000,26543.37000000,26450.94000000,26483.51000000,8.09802000,1687013999999,214636.50958070,278,2.00366000,53098.28029820,0
1687014000000,26480.20000000,26535.48000000,26296.56000000,26397.76000000,19.40429000,1687017599999,512680.70310540,571,6.32027000,167025.26374930,0
1687017600000,26400.77000000,26491.18000000,26371.47000000,26466.13000000,5.41250000,1687021199999,143175.70846570,269,2.34761000,62102.02963040,0
1687021200000,26461.14000000,26482.91000000,26393.60000000,26414.84000000,10.35363000,1687024799999,274008.84081570,283,1.59243000,42107.69572620,0
1687024800000,26411.05000000,26528.36000000,26405.17000000,26511.10000000,5.09939000,1687028399999,135036.51425400,249,3.43633000,90977.76723900,0
1687028400000,26511.10000000,26513.32000000,26453.99000000,26469.47000000,3.36937000,1687031999999,89273.04044100,159,0.92679000,24559.41885310,0
1687032000000,26465.30000000,26541.19000000,26457.30000000,26530.04000000,5.47898000,1687035599999,145193.85854430,265,3.66221000,97038.64698270,0
1687035600000,26532.85000000,26532.85000000,26467.81000000,26505.24000000,2.81170000,1687039199999,74497.94775060,136,1.55904000,41300.32544920,0
1687039200000,26515.32000000,26586.40000000,26515.32000000,26562.81000000,4.22664000,1687042799999,112229.51985470,193,2.70288000,71773.91066290,0
1687042800000,26560.80000000,26566.03000000,26484.40000000,26504.50000000,2.49178000,1687046399999,66078.89977630,138,0.47054000,12474.90036410,0
1687046400000,26508.28000000,26530.05000000,26378.98000000,26444.63000000,8.79299000,1687049999999,232533.55924660,344,2.24779000,59436.00087340,0
1687050000000,26441.89000000,26486.19000000,26426.24000000,26479.56000000,3.12807000,1687053599999,82728.30710410,155,1.27406000,33703.10360750,0
1687053600000,26481.15000000,26502.06000000,26451.82000000,26465.99000000,1.22868000,1687057199999,32535.58698210,96,0.85879000,22740.53245120,0
1687057200000,26469.12000000,26537.98000000,26467.27000000,26537.07000000,1.83772000,1687060799999,48745.20668920,81,1.35172000,35854.04458840,0
1687060800000,26536.28000000,26544.51000000,26480.81000000,26525.21000000,3.15136000,1687064399999,83570.59533300,216,1.93339000,51265.55459040,0
1687064400000,26532.45000000,26629.59000000,26526.18000000,26534.46000000,9.68150000,1687067999999,257424.87259670,301,7.91206000,210381.86826870,0
1687068000000,26530.95000000,26578.14000000,26460.75000000,26530.42000000,8.37634000,1687071599999,222248.01059650,244,5.30196000,140712.94578160,0
1687071600000,26536.20000000,26667.00000000,26536.20000000,26565.42000000,7.96653000,1687075199999,211902.48561750,342,3.42735000,91165.45366970,0
1687075200000,26585.55000000,26588.47000000,26488.31000000,26489.93000000,7.24390000,1687078799999,192182.66942380,263,3.49680000,92754.63999550,0
1687078800000,26491.20000000,26528.33000000,26441.89000000,26522.75000000,7.86269000,1687082399999,208261.33424120,252,3.99161000,105733.70273020,0
1687082400000,26526.80000000,26526.80000000,26471.00000000,26503.77000000,2.96079000,1687085999999,78430.47602740,144,1.03147000,27318.83098700,0
1687086000000,26501.93000000,26501.93000000,26471.00000000,26499.23000000,2.15104000,1687089599999,56969.71707720,126,0.89571000,23725.42798230,0
1687089600000,26503.09000000,26567.13000000,26434.52000000,26527.94000000,6.73631000,1687093199999,178452.67126330,289,2.65925000,70473.92662920,0
1687093200000,26527.94000000,26541.88000000,26475.01000000,26478.33000000,2.65692000,1687096799999,70425.72441820,191,1.05787000,28042.93843770,0
1687096800000,26478.34000000,26564.42000000,26452.34000000,26542.16000000,9.65008000,1687100399999,255926.54878610,307,5.71383000,151537.36755120,0
1687100400000,26542.91000000,26560.68000000,26517.39000000,26550.53000000,5.01212000,1687103999999,133006.64595000,246,4.05124000,107505.06518000,0
1687104000000,26552.65000000,26637.93000000,26524.04000000,26616.39000000,8.34632000,1687107599999,221834.98665710,373,5.20520000,138320.35887460,0
1687107600000,26616.85000000,26649.97000000,26547.80000000,26624.35000000,19.61557000,1687111199999,521446.69370760,367,5.27491000,140260.70755500,0
1687111200000,26622.14000000,26639.49000000,26582.05000000,26618.49000000,2.81410000,1687114799999,74859.90620710,174,1.69349000,45042.69849350,0
1687114800000,26614.00000000,26643.88000000,26597.53000000,26643.88000000,3.21500000,1687118399999,85593.48913760,160,2.25841000,60117.25873890,0
1687118400000,26643.88000000,26689.99000000,26344.15000000,26468.84000000,28.33454000,1687121999999,750625.52573210,855,8.74173000,231734.28972030,0
1687122000000,26468.97000000,26484.55000000,26390.27000000,26396.90000000,6.84197000,1687125599999,180839.20831380,253,3.34579000,88441.26127000,0
1687125600000,26405.58000000,26452.03000000,26373.41000000,26393.10000000,9.16346000,1687129199999,241998.85909600,313,6.18269000,163268.42959430,0
1687129200000,26395.29000000,26454.46000000,26206.29000000,26336.34000000,21.67534000,1687132799999,570905.81032200,768,8.55016000,225231.56002470,0
1687132800000,26336.33000000,26394.80000000,26253.36000000,26358.97000000,9.83334000,1687136399999,259025.31371020,357,5.19347000,136860.13707330,0
1687136400000,26358.68000000,26445.27000000,26341.40000000,26430.46000000,6.05172000,1687139999999,159791.43275740,236,2.47132000,65242.27966870,0
1687140000000,26433.59000000,26465.49000000,26413.45000000,26440.21000000,4.55546000,1687143599999,120433.07932480,207,1.37226000,36281.47244250,0
1687143600000,26446.94000000,26446.94000000,26373.47000000,26389.00000000,4.60202000,1687147199999,121520.75702950,181,3.16299000,83523.76809130,0
1687147200000,26388.18000000,26429.71000000,26358.55000000,26425.36000000,3.13206000,1687150799999,82657.28857880,231,1.59931000,42211.66408510,0
1687150800000,26420.55000000,26462.66000000,26417.81000000,26462.65000000,4.83988000,1687154399999,128033.58452460,170,1.41285000,37361.19321950,0
1687154400000,26462.65000000,26469.26000000,26400.88000000,26420.39000000,21.37765000,1687157999999,565686.19639880,411,1.40832000,37227.18155690,0
1687158000000,26412.74000000,26430.53000000,26381.80000000,26423.56000000,7.21358000,1687161599999,190528.05936870,178,4.73593000,125106.07420030,0
1687161600000,26417.85000000,26449.73000000,26382.17000000,26412.32000000,6.18812000,1687165199999,163494.13357690,256,3.54811000,93758.29056140,0
1687165200000,26413.83000000,26425.53000000,26356.46000000,26390.43000000,6.88706000,1687168799999,181729.93822980,224,4.14210000,109302.27719360,0
1687168800000,26390.84000000,26421.93000000,26366.39000000,26367.75000000,6.39103000,1687172399999,168687.07456570,241,5.06477000,133676.60502370,0
1687172400000,26368.01000000,26440.92000000,26361.31000000,26438.45000000,5.88927000,1687175999999,155501.69532740,306,4.24136000,111986.61592640,0
1687176000000,26439.59000000,26567.62000000,26421.04000000,26523.51000000,9.73058000,1687179599999,257908.72482180,453,5.43760000,144089.79412320,0
1687179600000,26532.74000000,26567.16000000,26493.18000000,26523.94000000,6.33588000,1687183199999,168047.48040180,309,3.14940000,83537.15967770,0
1687183200000,26527.48000000,26530.14000000,26378.48000000,26415.73000000,9.92777000,1687186799999,262352.43806370,431,5.75620000,152075.12638460,0
1687186800000,26412.88000000,26449.36000000,26333.36000000,26431.05000000,17.28070000,1687190399999,456257.09966860,497,11.59030000,306058.26919480,0
1687190400000,26431.04000000,26511.48000000,26295.34000000,26487.20000000,14.33166000,1687193999999,378654.10599330,589,9.00772000,238018.74501270,0
1687194000000,26488.54000000,26688.96000000,26474.86000000,26640.20000000,27.34980000,1687197599999,727529.62822460,939,17.23853000,458527.16522220,0
1687197600000,26653.65000000,27050.00000000,26476.13000000,26481.36000000,84.28021000,1687201199999,2259410.26623530,2406,40.58176000,1087930.42632660,0
1687201200000,26485.95000000,26688.61000000,26368.69000000,26661.47000000,30.22620000,1687204799999,802876.90025560,1132,14.56401000,387055.77317150,0
1687204800000,26681.47000000,26854.79000000,26669.19000000,26713.35000000,29.10130000,1687208399999,778598.30259290,963,14.72809000,394057.67673360,0
1687208400000,26733.08000000,26761.62000000,26644.07000000,26753.74000000,10.87729000,1687211999999,290574.55176920,457,5.68437000,151840.87465860,0
1687212000000,26765.30000000,26824.78000000,26729.69000000,26746.23000000,8.12459000,1687215599999,217623.31590460,361,3.78608000,101397.65447050,0
1687215600000,26751.16000000,26850.28000000,26715.43000000,26841.53000000,12.72487000,1687219199999,340644.08867770,318,9.29522000,248852.26755960,0
1687219200000,26838.41000000,27036.78000000,26791.58000000,26973.27000000,18.51366000,1687222799999,498531.78681300,680,10.77957000,290254.84518260,0
1687222800000,26976.13000000,27172.14000000,26876.86000000,26892.45000000,38.60403000,1687226399999,1042319.23301420,1254,15.76307000,425943.74798520,0
1687226400000,26902.22000000,26932.02000000,26867.53000000,26905.50000000,22.10198000,1687229999999,594547.63950530,485,7.88015000,211992.93855790,0
1687230000000,26921.75000000,26966.72000000,26879.25000000,26887.35000000,7.90289000,1687233599999,212823.04957620,305,4.13988000,111490.01072350,0
1687233600000,26889.95000000,26960.01000000,26889.95000000,26953.85000000,7.33252000,1687237199999,197497.57814800,328,4.14746000,111701.05261620,0
1687237200000,26960.02000000,27027.93000000,26788.22000000,26814.84000000,27.04306000,1687240799999,728062.16191280,783,7.02416000,189050.70668890,0
1687240800000,26817.28000000,26839.49000000,26748.04000000,26783.86000000,11.09111000,1687244399999,297194.45998990,506,4.38302000,117432.10464460,0
1687244400000,26782.75000000,26833.22000000,26753.86000000,26825.35000000,4.69978000,1687247999999,125943.32866980,179,2.95948000,79290.19684410,0
1687248000000,26832.07000000,26832.07000000,26730.76000000,26749.23000000,17.61314000,1687251599999,471202.24651790,1080,10.89079000,291349.92356170,0
1687251600000,26749.23000000,26807.53000000,26698.19000000,26773.54000000,57.02610000,1687255199999,1525946.03213570,4695,44.35670000,1187037.85797170,0
1687255200000,26773.54000000,26821.52000000,26738.47000000,26765.47000000,54.44523000,1687258799999,1457857.59541400,4345,44.09427000,1180670.59374630,0
1687258800000,26765.41000000,26897.93000000,26743.01000000,26894.69000000,42.73927000,1687262399999,1144849.55430310,3244,33.29163000,891691.82840600,0
1687262400000,26899.90000000,26968.53000000,26822.92000000,26841.10000000,22.45445000,1687265999999,604062.82891270,740,8.19490000,220560.23671310,0
1687266000000,26846.52000000,26939.49000000,26777.93000000,26802.24000000,15.18042000,1687269599999,407956.75323080,665,7.22559000,194179.39995850,0
1687269600000,26802.29000000,26824.00000000,26643.72000000,26766.71000000,15.90073000,1687273199999,425101.70482800,753,6.83973000,182870.95136490,0
1687273200000,26770.13000000,27127.42000000,26731.53000000,27066.00000000,40.12396000,1687276799999,1082773.66061440,1305,14.82153000,399631.78994690,0
1687276800000,27067.72000000,27395.98000000,26993.61000000,27381.06000000,99.46264000,1687280399999,2706819.00388910,3511,40.75974000,1108993.66790120,0
1687280400000,27382.47000000,27963.45000000,27341.10000000,27788.88000000,117.87708000,1687283999999,3248991.03639840,4379,52.39230000,1445534.20055000,0
1687284000000,27793.40000000,28148.01000000,27779.40000000,28078.78000000,102.42205000,1687287599999,2864356.31559540,3824,36.75599000,1027623.81360030,0
1687287600000,28075.96000000,28126.44000000,27791.81000000,27977.49000000,96.78525000,1687291199999,2702524.84394570,3220,43.40025000,1211579.29409550,0
1687291200000,27985.65000000,28245.06000000,27876.95000000,28157.61000000,77.72837000,1687294799999,2180240.62047120,2256,47.93996000,1345058.94102570,0
1687294800000,28160.76000000,28316.48000000,28079.04000000,28134.29000000,39.51322000,1687298399999,1112949.75870240,1341,13.29401000,374292.03454050,0
1687298400000,28133.33000000,28270.81000000,28100.00000000,28207.75000000,38.03771000,1687301999999,1071816.41556910,870,23.28874000,656107.08764260,0
1687302000000,28219.54000000,28410.64000000,28163.34000000,28313.76000000,61.00740000,1687305599999,1724735.82775640,1840,33.59449000,949842.95268170,0
1687305600000,28315.90000000,28540.00000000,28263.84000000,28422.90000000,78.35171000,1687309199999,2225855.69024360,1953,28.01793000,795839.11297760,0
1687309200000,28422.20000000,29065.80000000,28400.10000000,28784.99000000,110.13075000,1687312799999,3171299.70735590,2821,62.70778000,1806046.23409070,0
1687312800000,28799.70000000,28893.08000000,28755.64000000,28785.71000000,35.70707000,1687316399999,1028829.50679120,1031,21.85680000,629728.46445300,0
1687316400000,28783.32000000,28802.65000000,28672.44000000,28706.46000000,40.01377000,1687319999999,1149395.73595900,1089,20.07568000,576771.86731210,0
1687320000000,28707.74000000,28813.45000000,28677.34000000,28789.54000000,24.39666000,1687323599999,701238.81394170,929,14.97151000,430344.13708390,0
1687323600000,28782.47000000,28979.65000000,28758.26000000,28972.18000000,18.36217000,1687327199999,529791.62879950,812,11.30246000,326139.41968590,0
1687327200000,28975.99000000,28998.72000000,28769.41000000,28851.67000000,21.04321000,1687330799999,607024.10568730,708,8.11614000,234074.23441810,0
1687330800000,28850.41000000,28914.08000000,28819.97000000,28870.61000000,9.36712000,1687334399999,270399.53422060,507,5.05015000,145781.34298850,0
1687334400000,28870.26000000,28905.33000000,28789.18000000,28819.42000000,76.00046000,1687337999999,2190668.67773400,2044,9.41032000,271358.43904670,0
1687338000000,28824.80000000,28961.42000000,28819.40000000,28918.89000000,20.24482000,1687341599999,585090.99755940,903,9.10719000,263129.58988960,0
1687341600000,28920.97000000,29200.53000000,28819.42000000,28832.03000000,52.88771000,1687345199999,1531472.30973070,2004,24.47671000,709268.96342840,0
1687345200000,28832.03000000,29034.00000000,28800.84000000,28934.88000000,23.60203000,1687348799999,682355.61499580,1156,12.18595000,352357.80760160,0
1687348800000,28923.40000000,29150.00000000,28888.44000000,28897.59000000,38.57630000,1687352399999,1119284.75258850,1507,17.58957000,510319.92978910,0
1687352400000,28878.86000000,29401.19000000,28876.25000000,29311.88000000,62.86232000,1687355999999,1832028.31061090,2020,36.43268000,1061491.45179350,0
1687356000000,29307.78000000,29581.83000000,29077.24000000,29553.78000000,96.92639000,1687359599999,2843692.00365840,3834,41.55061000,1219142.88503540,0
1687359600000,29548.92000000,30000.00000000,29478.00000000,29845.81000000,123.11751000,1687363199999,3672226.03279790,3266,76.01327000,2268438.47028740,0
1687363200000,29852.21000000,30793.43000000,29764.37000000,30163.54000000,214.96993000,1687366799999,6507550.96105350,5049,114.89419000,3480997.58263210,0
1687366800000,30170.47000000,30340.13000000,29848.33000000,30067.62000000,149.40896000,1687370399999,4488092.03928010,3350,88.12955000,2647693.39365350,0
1687370400000,30084.08000000,30291.32000000,30015.36000000,30125.23000000,47.88249000,1687373999999,1443800.96028050,1533,21.04141000,634573.47015890,0
1687374000000,30133.34000000,30179.55000000,29888.04000000,30115.80000000,45.08182000,1687377599999,1354854.35894210,1284,16.36341000,491885.24982400,0
1687377600000,30121.82000000,30135.72000000,29855.79000000,29997.42000000,46.79480000,1687381199999,1404479.43972000,1171,21.05004000,631953.01479580,0
1687381200000,29987.08000000,30031.48000000,29795.64000000,29888.60000000,26.13348000,1687384799999,781811.71912820,822,11.68538000,349566.43293900,0
1687384800000,29899.03000000,30153.84000000,29856.21000000,30119.59000000,33.73941000,1687388399999,1013701.49228910,958,15.88612000,477241.86750020,0
1687388400000,30117.94000000,30200.08000000,29984.47000000,30004.19000000,32.92529000,1687391999999,992244.84610120,954,10.18046000,306686.09725690,0
1687392000000,29996.43000000,30241.89000000,29894.48000000,30139.34000000,31.32388000,1687395599999,942230.18869030,912,16.74436000,503880.56762970,0
1687395600000,30139.35000000,30214.38000000,30066.96000000,30153.19000000,11.44186000,1687399199999,344801.41393410,414,5.37098000,161872.79775670,0
1687399200000,30167.66000000,30500.00000000,30084.34000000,30476.96000000,162.68512000,1687402799999,4929069.71550560,2435,34.31674000,1040746.60220540,0
1687402800000,30475.23000000,30487.28000000,30246.91000000,30301.85000000,70.72826000,1687406399999,2152035.01968370,1187,16.27572000,494666.19456640,0
1687406400000,30296.33000000,30350.01000000,30203.30000000,30347.13000000,109.68364000,1687409999999,3328078.81575470,887,14.21528000,430855.81348940,0
1687410000000,30349.12000000,30350.00000000,30238.41000000,30291.04000000,15.45313000,1687413599999,468242.30181460,493,6.57250000,199127.14366060,0
1687413600000,30288.78000000,30295.01000000,30042.01000000,30132.67000000,30.13930000,1687417199999,907940.00137890,789,15.70304000,473060.33662720,0
1687417200000,30126.92000000,30187.38000000,30019.80000000,30097.75000000,15.58729000,1687420799999,469066.00629500,559,6.75819000,203245.51632160,0
1687420800000,30098.10000000,30147.47000000,30038.94000000,30095.23000000,21.94514000,1687424399999,660367.07642960,526,9.31041000,280291.97007050,0
1687424400000,30101.73000000,30183.78000000,30064.46000000,30134.72000000,22.65096000,1687427999999,682671.19168310,542,7.90050000,238047.00338620,0
1687428000000,30132.24000000,30320.80000000,30102.04000000,30184.10000000,52.31423000,1687431599999,1579843.56348110,789,14.65404000,442668.45275180,0
1687431600000,30182.07000000,30189.33000000,29829.51000000,29930.34000000,45.72542000,1687435199999,1370700.09361120,1447,18.30099000,548501.25665370,0
1687435200000,29929.15000000,30135.45000000,29925.81000000,30120.25000000,20.34871000,1687438799999,611654.01428770,683,11.07277000,332775.05334710,0
1687438800000,30117.03000000,30349.46000000,30111.10000000,30237.87000000,39.32880000,1687442399999,1188786.80383290,1312,21.84385000,660312.37046430,0
1687442400000,30241.65000000,30300.41000000,29555.00000000,29765.55000000,73.52497000,1687445999999,2197824.10388600,2179,25.13734000,751572.36348510,0
1687446000000,29748.69000000,29964.07000000,29671.69000000,29865.15000000,47.97609000,1687449599999,1430662.47270490,1515,20.79294000,620063.63313560,0
1687449600000,29862.70000000,30179.99000000,29836.81000000,29983.24000000,48.61417000,1687453199999,1458450.73239740,1381,19.66575000,589962.63127610,0
1687453200000,29980.99000000,30197.81000000,29899.33000000,30152.47000000,19.34622000,1687456799999,581287.66850490,700,9.35426000,281052.20540360,0
1687456800000,30156.02000000,30179.03000000,29976.59000000,30144.89000000,15.87313000,1687460399999,477463.03330470,650,8.86921000,266808.78415640,0
1687460400000,30144.95000000,30246.25000000,30060.56000000,30237.43000000,13.55190000,1687463999999,408388.95366170,594,7.26193000,218852.60536780,0
1687464000000,30224.14000000,30265.12000000,30089.68000000,30156.39000000,16.36720000,1687467599999,493691.39311600,607,6.73287000,203089.05056510,0
1687467600000,30158.43000000,30170.94000000,29965.76000000,30051.39000000,11.69835000,1687471199999,351475.29228170,393,4.86515000,146180.09967090,0
1687471200000,30053.10000000,30091.15000000,29885.44000000,29935.29000000,15.70377000,1687474799999,470962.80486590,592,7.06439000,211917.66434990,0
1687474800000,29943.02000000,30022.25000000,29888.72000000,29894.73000000,20.35814000,1687478399999,609773.61324290,524,13.96121000,418238.43939230,0
1687478400000,29887.57000000,30062.44000000,29882.14000000,30021.21000000,12.41884000,1687481999999,372484.40484780,619,7.01304000,210286.53797640,0
1687482000000,30019.61000000,30048.50000000,29938.33000000,29939.48000000,10.54733000,1687485599999,316500.48798160,411,6.43774000,193213.72352460,0
1687485600000,29929.84000000,29990.63000000,29808.63000000,29990.63000000,11.08761000,1687489199999,331592.18550280,508,4.93280000,147639.54016790,0
1687489200000,29993.80000000,30031.45000000,29981.79000000,30013.99000000,9.54648000,1687492799999,286448.72324890,440,7.05636000,211732.07039600,0
1687492800000,30016.27000000,30090.79000000,30001.78000000,30005.14000000,9.46365000,1687496399999,284343.01334400,477,2.92781000,87956.76266670,0
1687496400000,30017.53000000,30077.74000000,29992.30000000,30048.79000000,7.97324000,1687499999999,239406.91784140,401,3.11895000,93651.82034430,0
1687500000000,30051.01000000,30066.70000000,29982.82000000,30019.23000000,7.09511000,1687503599999,213091.11587100,360,2.98500000,89643.72765340,0
1687503600000,30003.99000000,30011.38000000,29923.98000000,29935.39000000,23.37949000,1687507199999,700667.15920570,803,7.63420000,228862.45205180,0
1687507200000,29940.39000000,30049.99000000,29911.92000000,30014.48000000,6.89904000,1687510799999,207007.26401310,285,2.13050000,63910.48505810,0
1687510800000,30014.45000000,30176.59000000,29971.37000000,30139.11000000,17.78476000,1687514399999,534720.30409130,535,9.16760000,275791.05271540,0
1687514400000,30145.25000000,30204.40000000,29943.81000000,30061.98000000,17.20090000,1687517999999,517268.82101670,595,5.45394000,164119.77112180,0
1687518000000,30078.23000000,30158.58000000,30042.89000000,30150.74000000,16.20329000,1687521599999,487761.60840270,411,9.29361000,279822.58411240,0
1687521600000,30146.01000000,30238.80000000,30000.44000000,30113.51000000,40.42423000,1687525199999,1217502.66647810,925,12.74403000,384174.08586610,0
1687525200000,30109.34000000,30184.09000000,29926.34000000,30095.65000000,28.25646000,1687528799999,850470.58004350,787,12.86541000,387448.36221850,0
1687528800000,30083.93000000,30345.99000000,30022.54000000,30292.40000000,51.42005000,1687532399999,1553465.60113810,1265,29.96953000,905586.67855060,0
1687532400000,30300.23000000,31461.99000000,30267.75000000,31249.48000000,220.55726000,1687535999999,6805111.33839870,3790,105.31985000,3254652.99400510,0
1687536000000,31249.89000000,31421.56000000,30693.57000000,31107.28000000,263.83321000,1687539599999,8231054.65892580,4832,80.28604000,2501373.63567630,0
1687539600000,31100.40000000,31313.86000000,31024.80000000,31253.83000000,375.79191000,1687543199999,11712341.74952130,4334,85.83488000,2675357.10372160,0
1687543200000,31253.09000000,31300.50000000,30894.71000000,30957.81000000,211.13486000,1687546799999,6590461.21891430,2798,59.60214000,1855213.81919050,0
1687546800000,30955.56000000,30961.54000000,30635.61000000,30897.79000000,90.26410000,1687550399999,2784868.18051300,1945,42.77011000,1320051.99158230,0
1687550400000,30899.54000000,30969.96000000,30806.46000000,30924.42000000,24.42533000,1687553999999,754270.09985660,832,8.00587000,247236.06838910,0
1687554000000,30919.09000000,30936.95000000,30550.00000000,30678.52000000,23.63872000,1687557599999,727251.97323140,819,5.42566000,166719.73349360,0
1687557600000,30678.77000000,30684.56000000,30469.89000000,30668.16000000,20.25418000,1687561199999,619576.80143590,820,5.33899000,163279.71178900,0
1687561200000,30668.23000000,30712.91000000,30547.82000000,30710.13000000,18.86433000,1687564799999,577878.49482810,681,6.69386000,205076.58270550,0
1687564800000,30709.57000000,30718.56000000,30473.97000000,30503.23000000,12.68878000,1687568399999,388426.39622850,621,3.87836000,118702.33581990,0
1687568400000,30505.24000000,30645.11000000,30432.59000000,30626.41000000,13.92024000,1687571999999,425048.39863650,570,7.33051000,223973.23985050,0
1687572000000,30623.05000000,30809.66000000,30595.88000000,30772.82000000,21.25173000,1687575599999,653033.48252880,700,13.27964000,408078.96511890,0
1687575600000,30774.52000000,30790.17000000,30721.04000000,30739.92000000,13.38690000,1687579199999,411772.36818780,455,2.69139000,82756.67473560,0
1687579200000,30742.56000000,30791.89000000,30671.61000000,30717.64000000,14.55763000,1687582799999,447576.39179180,455,10.01074000,307858.37417010,0
1687582800000,30723.40000000,30770.10000000,30686.03000000,30740.01000000,6.63291000,1687586399999,203833.16173830,280,3.88616000,119416.73178940,0
1687586400000,30722.87000000,30736.00000000,30649.57000000,30720.86000000,12.19653000,1687589999999,374445.55357350,393,4.82204000,148057.78135830,0
1687590000000,30699.01000000,30714.20000000,30571.56000000,30583.53000000,8.51578000,1687593599999,260930.92471860,455,2.38676000,73122.60903450,0
1687593600000,30577.57000000,30663.43000000,30567.34000000,30621.58000000,5.62242000,1687597199999,172118.92768320,299,2.82439000,86472.78174040,0
1687597200000,30614.82000000,30651.41000000,30586.98000000,30632.26000000,7.66859000,1687600799999,234785.43031190,310,2.47108000,75656.51961650,0
1687600800000,30633.91000000,30759.02000000,30617.50000000,30758.50000000,16.71168000,1687604399999,512985.39238340,466,7.07699000,217291.48053640,0
1687604400000,30756.94000000,30756.94000000,30668.12000000,30696.54000000,3.45349000,1687607999999,106033.84203060,228,1.15175000,35359.19593820,0
1687608000000,30692.75000000,30813.40000000,30665.90000000,30722.38000000,10.95109000,1687611599999,336464.00884980,428,5.03911000,154834.73424970,0
1687611600000,30710.16000000,30732.61000000,30593.16000000,30657.83000000,8.39104000,1687615199999,257322.69756060,426,2.59322000,79517.80063230,0
1687615200000,30655.79000000,30729.65000000,30620.43000000,30705.08000000,5.36723000,1687618799999,164664.65008350,334,2.42811000,74505.78365560,0
1687618800000,30699.82000000,30709.36000000,30336.36000000,30414.06000000,75.01027000,1687622399999,2285390.85148260,1257,8.85118000,269779.22683170,0
1687622400000,30412.71000000,30529.39000000,30267.00000000,30528.25000000,18.62574000,1687625999999,566632.73401040,664,13.29916000,404540.08456330,0
1687626000000,30528.22000000,30663.08000000,30516.97000000,30601.62000000,18.79234000,1687629599999,574960.67292630,645,9.87895000,302254.64730530,0
1687629600000,30596.63000000,30716.74000000,30581.26000000,30653.67000000,15.20998000,1687633199999,466537.09629280,478,8.92156000,273627.42282670,0
1687633200000,30656.55000000,30695.81000000,30611.66000000,30643.30000000,11.36920000,1687636799999,348665.92176710,405,3.07392000,94278.62407730,0
1687636800000,30618.81000000,30633.31000000,30501.34000000,30529.36000000,6.56349000,1687640399999,200671.72744440,402,2.62575000,80284.05670720,0
1687640400000,30518.93000000,30593.11000000,30428.93000000,30523.99000000,14.05552000,1687643999999,428892.65326810,579,3.52139000,107494.63015660,0
1687644000000,30539.13000000,30562.05000000,30494.06000000,30529.54000000,6.56887000,1687647599999,200526.05790400,364,2.93084000,89466.33420410,0
1687647600000,30526.30000000,30582.18000000,30508.54000000,30544.73000000,3.41236000,1687651199999,104236.14766620,194,1.08332000,33091.02282280,0
1687651200000,30545.14000000,30596.81000000,30483.86000000,30535.77000000,5.72139000,1687654799999,174619.23346780,313,2.16024000,65948.73590920,0
1687654800000,30528.09000000,30640.82000000,30483.12000000,30627.21000000,7.65688000,1687658399999,234287.95683100,317,3.04531000,93148.70180730,0
1687658400000,30618.26000000,30699.54000000,30612.24000000,30634.30000000,8.88828000,1687661999999,272475.57011730,391,3.16138000,96939.50031350,0
1687662000000,30632.74000000,30797.66000000,30632.74000000,30762.76000000,11.09962000,1687665599999,341015.52526830,530,7.43890000,228546.43416080,0
1687665600000,30765.60000000,31052.70000000,30765.60000000,30898.17000000,40.93614000,1687669199999,1265990.16946060,1185,24.33076000,752461.92621280,0
1687669200000,30898.78000000,30949.97000000,30843.11000000,30873.54000000,10.17429000,1687672799999,314243.72201830,427,4.63296000,143085.87072710,0
1687672800000,30877.94000000,30993.40000000,30770.13000000,30886.96000000,16.41773000,1687676399999,506956.91940440,626,11.17039000,344940.16081400,0
1687676400000,30885.91000000,30885.91000000,30680.01000000,30739.59000000,12.54079000,1687679999999,385444.67927650,471,3.55266000,109140.62766960,0
1687680000000,30734.99000000,30776.10000000,30675.60000000,30749.91000000,10.05094000,1687683599999,308988.20058070,368,6.80263000,209130.54691020,0
1687683600000,30747.82000000,30747.82000000,30591.02000000,30691.20000000,6.32034000,1687687199999,193823.24369730,307,2.10240000,64490.96369040,0
1687687200000,30689.70000000,30705.28000000,30593.45000000,30631.14000000,4.14357000,1687690799999,126936.00964060,225,1.18736000,36375.51856620,0
1687690800000,30628.33000000,30733.21000000,30599.24000000,30724.00000000,7.48267000,1687694399999,229489.62790330,241,5.66104000,173618.94180300,0
1687694400000,30724.34000000,30747.13000000,30646.35000000,30678.13000000,4.41756000,1687697999999,135540.15265120,299,2.09225000,64206.50420160,0
1687698000000,30691.18000000,30703.26000000,30530.85000000,30682.56000000,12.12321000,1687701599999,371174.08817370,496,6.58502000,201719.23573790,0
1687701600000,30691.37000000,30739.44000000,30541.12000000,30566.98000000,5.40047000,1687705199999,165478.12573890,262,1.73645000,53250.19366850,0
1687705200000,30548.22000000,30644.71000000,30484.39000000,30593.33000000,14.27641000,1687708799999,436416.48758650,470,7.30182000,223249.38758800,0
1687708800000,30591.77000000,30666.46000000,30512.93000000,30597.10000000,6.36360000,1687712399999,194524.26585860,379,1.88332000,57574.57660260,0
1687712400000,30593.96000000,30621.32000000,30500.01000000,30537.56000000,8.23161000,1687715999999,251796.97119040,343,4.86205000,148731.44178720,0
1687716000000,30538.33000000,30538.33000000,30358.32000000,30465.98000000,14.08261000,1687719599999,428521.60069310,680,5.83126000,177410.77390880,0
1687719600000,30466.06000000,30466.06000000,30342.50000000,30442.44000000,10.26356000,1687723199999,312122.31091350,447,3.71830000,113048.69837060,0
1687723200000,30442.50000000,30545.32000000,30265.75000000,30384.90000000,12.46505000,1687726799999,379487.54500250,592,6.31026000,192174.03562400,0
1687726800000,30382.32000000,30495.87000000,30373.09000000,30450.16000000,9.41548000,1687730399999,286578.28986600,315,6.09755000,185584.53460420,0
1687730400000,30461.20000000,30586.05000000,30390.86000000,30508.64000000,12.22215000,1687733999999,372775.86914810,457,7.23890000,220683.98602660,0
1687734000000,30504.69000000,30508.31000000,30443.67000000,30473.45000000,6.31381000,1687737599999,192444.84719350,290,3.39965000,103618.15217140,0
1687737600000,30480.40000000,30564.92000000,30405.74000000,30405.74000000,16.78312000,1687741199999,511505.06240860,584,3.64726000,111205.66614150,0
1687741200000,30403.66000000,30414.51000000,29985.78000000,30183.71000000,64.71763000,1687744799999,1953287.43972070,1587,28.08907000,847386.34591320,0
1687744800000,30190.68000000,30253.27000000,30131.93000000,30239.17000000,10.16864000,1687748399999,307033.92786800,455,4.60343000,138985.26113170,0
1687748400000,30233.97000000,30337.64000000,30190.82000000,30312.17000000,10.04395000,1687751999999,303987.16085100,416,7.09950000,214931.42724530,0
1687752000000,30300.77000000,30329.60000000,30227.39000000,30258.25000000,5.04963000,1687755599999,152840.29695640,258,2.93930000,88967.64973450,0
1687755600000,30251.88000000,30282.55000000,30172.62000000,30224.81000000,8.53865000,1687759199999,258089.89543730,345,4.09654000,123779.19505400,0
1687759200000,30223.87000000,30488.65000000,30206.64000000,30488.65000000,23.16632000,1687762799999,703188.40488420,681,16.28958000,494478.92700050,0
1687762800000,30492.20000000,30579.71000000,30292.66000000,30421.65000000,39.51346000,1687766399999,1203691.51217240,1044,25.56032000,778754.05078770,0
1687766400000,30410.91000000,30432.85000000,30326.66000000,30413.66000000,10.00180000,1687769999999,303776.11239090,389,5.58845000,169665.04368570,0
1687770000000,30412.97000000,30424.53000000,30255.99000000,30286.42000000,9.06496000,1687773599999,274917.86407980,435,5.06626000,153717.56822590,0
1687773600000,30270.55000000,30289.59000000,30135.49000000,30271.18000000,27.80908000,1687777199999,840608.04356390,791,13.63134000,412136.65684280,0
1687777200000,30277.65000000,30347.26000000,30267.68000000,30334.16000000,11.03357000,1687780799999,334440.82034790,314,7.93060000,240371.68417590,0
1687780800000,30330.05000000,30399.93000000,30258.64000000,30359.24000000,12.22769000,1687784399999,371041.90351650,326,6.44538000,195554.95598720,0
1687784400000,30364.62000000,30653.26000000,30358.70000000,30653.26000000,31.28289000,1687787999999,953929.84085170,929,21.68683000,661224.98526360,0
1687788000000,30654.90000000,30660.66000000,30265.43000000,30400.04000000,37.85879000,1687791599999,1152815.59278080,1104,18.97578000,577861.05918920,0
1687791600000,30385.85000000,30465.26000000,30332.03000000,30422.07000000,9.57052000,1687795199999,290979.65736970,437,4.15764000,126375.33934550,0
1687795200000,30422.92000000,30430.80000000,29990.97000000,30094.41000000,38.37780000,1687798799999,1158366.38667350,1109,20.44687000,617687.55429740,0
1687798800000,30102.40000000,30169.13000000,29913.82000000,30088.78000000,34.88051000,1687802399999,1048333.04079990,943,20.80928000,625605.69204930,0
1687802400000,30083.86000000,30244.86000000,30043.06000000,30215.99000000,17.90587000,1687805999999,539516.60373710,575,8.78198000,264715.33992160,0
1687806000000,30213.81000000,30316.01000000,30071.35000000,30248.43000000,23.11084000,1687809599999,697820.34812790,768,10.16046000,306659.39046210,0
1687809600000,30251.74000000,30301.32000000,30152.26000000,30162.29000000,13.89070000,1687813199999,419673.51728950,453,5.55011000,167654.25037030,0
1687813200000,30171.30000000,30224.31000000,30120.83000000,30170.65000000,13.52070000,1687816799999,407846.89056350,370,7.32719000,220961.68591910,0
1687816800000,30150.64000000,30264.11000000,30105.80000000,30230.89000000,9.75461000,1687820399999,294640.70712390,391,5.24987000,158538.81758240,0
1687820400000,30227.45000000,30292.15000000,30200.49000000,30271.64000000,5.33229000,1687823999999,161257.96486950,267,3.03651000,91811.24866360,0
1687824000000,30272.70000000,30381.03000000,30228.03000000,30353.35000000,18.22977000,1687827599999,552844.62400140,653,10.25973000,311088.67408440,0
1687827600000,30354.07000000,30394.71000000,30279.47000000,30382.80000000,8.02670000,1687831199999,243477.17004420,338,3.66820000,111260.47936720,0
1687831200000,30376.85000000,30497.27000000,30360.57000000,30492.69000000,11.71905000,1687834799999,356529.94114120,454,7.16981000,218114.05799580,0
1687834800000,30490.65000000,30492.70000000,30366.65000000,30368.29000000,8.00172000,1687838399999,243479.81355500,335,1.89920000,57801.84390940,0
1687838400000,30375.41000000,30391.26000000,30339.58000000,30361.16000000,6.31411000,1687841999999,191763.98584990,231,2.80158000,85078.82533360,0
1687842000000,30353.43000000,30362.74000000,30250.78000000,30316.59000000,9.31118000,1687845599999,282310.62038380,363,4.41925000,133979.88207340,0
1687845600000,30316.83000000,30327.88000000,30188.78000000,30327.88000000,22.92867000,1687849199999,693437.83867900,371,4.36494000,132112.74916570,0
1687849200000,30315.34000000,30470.22000000,30211.63000000,30404.72000000,40.88272000,1687852799999,1241893.32353100,583,6.49744000,197558.16073540,0
1687852800000,30411.21000000,30447.34000000,30355.65000000,30397.71000000,10.63225000,1687856399999,323210.24918390,324,4.69797000,142801.51763580,0
1687856400000,30392.99000000,30395.23000000,30337.41000000,30375.71000000,10.93596000,1687859999999,332164.24677880,274,7.07238000,214796.30815760,0
1687860000000,30384.99000000,30698.21000000,30384.99000000,30651.87000000,53.91750000,1687863599999,1648974.27666010,1280,35.82151000,1095596.90011800,0
1687863600000,30671.05000000,30780.53000000,30541.23000000,30729.54000000,26.22458000,1687867199999,804446.47683020,683,16.58725000,509166.87977010,0
1687867200000,30741.68000000,30771.70000000,30638.33000000,30718.84000000,35.15366000,1687870799999,1079531.50148240,883,15.96124000,490223.15446680,0
1687870800000,30717.38000000,30729.87000000,30536.06000000,30609.80000000,29.33344000,1687874399999,897931.16043990,828,12.15708000,371963.21199080,0
1687874400000,30613.34000000,31015.90000000,30589.15000000,30820.42000000,75.62991000,1687877999999,2330989.03718950,1875,35.13335000,1082134.21862410,0
1687878000000,30819.75000000,30828.99000000,30380.94000000,30508.10000000,64.13663000,1687881599999,1962116.98087230,1372,31.31875000,957988.83398590,0
1687881600000,30509.06000000,30750.22000000,30465.29000000,30705.95000000,25.50113000,1687885199999,780229.54419320,834,9.79485000,299747.28221460,0
1687885200000,30715.86000000,30770.07000000,30625.11000000,30734.08000000,19.68213000,1687888799999,604244.55178710,578,6.70946000,205905.56412730,0
1687888800000,30734.16000000,30745.00000000,30640.61000000,30692.53000000,6.64502000,1687892399999,203967.54794740,306,2.48298000,76230.72318230,0
1687892400000,30691.73000000,30749.19000000,30628.08000000,30655.60000000,11.26369000,1687895999999,345771.72989460,338,3.17035000,97320.26507690,0
1687896000000,30656.20000000,30724.52000000,30561.36000000,30658.26000000,18.89334000,1687899599999,578720.04395610,484,8.59219000,263170.08531990,0
1687899600000,30650.23000000,30732.34000000,30589.45000000,30723.60000000,27.77306000,1687903199999,851561.80852920,645,16.95301000,519729.06151680,0
1687903200000,30723.60000000,30739.04000000,30583.26000000,30596.45000000,6.17631000,1687906799999,189341.27527500,271,3.01517000,92423.82101560,0
1687906800000,30587.18000000,30734.17000000,30579.41000000,30687.51000000,7.84170000,1687910399999,240427.04618380,283,4.72030000,144732.78995920,0
1687910400000,30705.46000000,30716.04000000,30469.96000000,30621.06000000,14.62498000,1687913999999,446961.37732160,601,6.71263000,205143.65312900,0
1687914000000,30619.57000000,30671.81000000,30482.28000000,30501.72000000,7.72217000,1687917599999,236013.88770970,311,4.18269000,127821.20654130,0
1687917600000,30493.95000000,30549.47000000,30342.13000000,30421.66000000,11.02769000,1687921199999,335695.99104650,356,3.63066000,110571.86574410,0
1687921200000,30421.83000000,30477.98000000,30401.22000000,30455.83000000,11.88790000,1687924799999,361937.86536560,332,2.84999000,86775.25491040,0
1687924800000,30455.58000000,30491.91000000,30392.11000000,30491.91000000,11.50323000,1687928399999,350165.70949510,319,7.06207000,214939.24239120,0
1687928400000,30481.57000000,30481.57000000,30383.67000000,30456.23000000,4.08413000,1687931999999,124295.87207660,209,2.46225000,74934.44202170,0
1687932000000,30451.78000000,30453.71000000,30343.82000000,30377.27000000,5.71663000,1687935599999,173782.67484780,240,3.56054000,108255.60737450,0
1687935600000,30378.99000000,30398.67000000,30133.25000000,30194.85000000,57.95017000,1687939199999,1752857.29202640,990,10.89640000,329589.62220060,0
1687939200000,30189.09000000,30283.48000000,30142.63000000,30283.48000000,12.56191000,1687942799999,379535.39125860,405,6.84464000,206879.41616020,0
1687942800000,30281.69000000,30331.46000000,30235.21000000,30304.24000000,10.85269000,1687946399999,328604.16738220,295,6.37677000,193064.29336950,0
1687946400000,30307.95000000,30347.34000000,30285.51000000,30337.62000000,8.75677000,1687949999999,265450.09674160,213,5.50652000,166919.43815510,0
1687950000000,30346.37000000,30384.30000000,30307.93000000,30311.49000000,7.41238000,1687953599999,224924.07715430,255,3.68900000,111951.83173330,0
1687953600000,30308.95000000,30365.10000000,30040.89000000,30098.29000000,36.14368000,1687957199999,1091769.19881840,885,20.34000000,614799.28270320,0
1687957200000,30098.29000000,30212.57000000,30008.91000000,30201.80000000,30.87563000,1687960799999,930203.68054730,787,18.13374000,546139.85881410,0
1687960800000,30200.46000000,30492.40000000,30140.90000000,30312.00000000,38.04608000,1687964399999,1154136.45892120,837,20.52448000,623115.45962830,0
1687964400000,30319.69000000,30446.28000000,30286.35000000,30410.03000000,19.60206000,1687967999999,595459.13492160,551,9.47803000,287960.08138170,0
1687968000000,30410.68000000,30469.85000000,30252.46000000,30260.16000000,11.87530000,1687971599999,360866.27386870,463,3.73146000,113281.52111970,0
1687971600000,30260.75000000,30275.29000000,30056.18000000,30143.68000000,20.79746000,1687975199999,626961.88115640,653,8.42323000,253841.95126070,0
1687975200000,30156.09000000,30256.23000000,30146.89000000,30190.40000000,8.48103000,1687978799999,256168.48429100,332,4.91566000,148491.15094560,0
1687978800000,30194.34000000,30251.66000000,29855.00000000,30110.20000000,29.69714000,1687982399999,891573.06674230,883,13.45822000,404442.08397870,0
1687982400000,30099.38000000,30142.54000000,29952.76000000,30105.87000000,25.20403000,1687985999999,757207.57428220,639,14.15217000,425139.03222970,0
1687986000000,30105.63000000,30211.34000000,30026.57000000,30140.37000000,23.03123000,1687989599999,694608.48436680,442,7.80550000,235213.11283560,0
1687989600000,30134.54000000,30178.93000000,30086.22000000,30105.17000000,7.76041000,1687993199999,233817.37552300,260,3.91563000,117966.94829990,0
1687993200000,30105.17000000,30185.09000000,30055.95000000,30090.98000000,8.06121000,1687996799999,242795.45552870,316,2.66482000,80244.08437130,0
1687996800000,30076.42000000,30175.50000000,30040.86000000,30071.88000000,11.98978000,1688000399999,361038.24578600,429,8.36218000,251773.54185600,0
1688000400000,30077.23000000,30245.37000000,30061.04000000,30163.44000000,7.21041000,1688003999999,217553.85210430,366,3.32312000,100225.29445080,0
1688004000000,30163.73000000,30204.89000000,30091.79000000,30115.81000000,15.83086000,1688007599999,477455.81056520,295,13.17273000,397284.55914430,0
1688007600000,30122.95000000,30186.70000000,30096.01000000,30166.45000000,3.06175000,1688011199999,92297.38397900,141,2.09953000,63296.51042340,0
1688011200000,30170.59000000,30217.35000000,30136.30000000,30215.75000000,4.89671000,1688014799999,147830.00091000,171,2.22072000,67000.93626120,0
1688014800000,30216.70000000,30256.18000000,30182.18000000,30182.18000000,2.21440000,1688018399999,66900.89837920,150,0.53878000,16277.60103420,0
1688018400000,30180.20000000,30245.14000000,30174.00000000,30232.37000000,2.46474000,1688021999999,74478.15778810,200,0.87099000,26319.44652420,0
1688022000000,30234.41000000,30418.74000000,30214.65000000,30336.65000000,11.64356000,1688025599999,353324.14400620,425,6.58913000,199963.58308690,0
1688025600000,30338.91000000,30440.43000000,30294.00000000,30376.81000000,43.76655000,1688029199999,1328719.70302640,679,7.30008000,221784.63822670,0
1688029200000,30371.42000000,30467.42000000,30353.32000000,30426.90000000,9.49960000,1688032799999,289128.43046430,311,3.67822000,111953.21310740,0
1688032800000,30427.59000000,30742.53000000,30396.59000000,30693.10000000,29.22511000,1688036399999,894986.29190440,850,14.83806000,454398.60013700,0
1688036400000,30695.35000000,30721.52000000,30569.60000000,30665.81000000,35.88310000,1688039999999,1098902.06422160,723,15.70941000,481187.33604620,0
1688040000000,30670.69000000,30705.66000000,30602.03000000,30620.84000000,9.97038000,1688043599999,305607.44848770,401,3.99224000,122353.63372030,0
1688043600000,30620.67000000,30836.68000000,30456.12000000,30549.42000000,61.68317000,1688047199999,1895069.11995920,1430,27.51359000,845208.11493210,0
1688047200000,30563.67000000,30650.49000000,30388.99000000,30454.12000000,27.60190000,1688050799999,843453.84487150,871,9.93290000,303527.54532440,0
1688050800000,30450.48000000,30542.70000000,30418.09000000,30475.48000000,11.57669000,1688054399999,353032.53900600,389,7.28834000,222213.52242110,0
1688054400000,30479.58000000,30573.46000000,30471.41000000,30501.43000000,16.80052000,1688057999999,512574.63822100,498,7.13980000,217878.65998350,0
1688058000000,30494.01000000,30675.76000000,30415.75000000,30538.18000000,30.60708000,1688061599999,935001.99921580,766,18.47651000,564376.62227990,0
1688061600000,30539.65000000,30618.61000000,30499.88000000,30563.82000000,7.09782000,1688065199999,216944.42933670,228,3.86389000,118050.60361340,0
1688065200000,30572.58000000,30598.16000000,30487.76000000,30589.23000000,9.81252000,1688068799999,299558.69808380,310,7.57101000,231124.18567630,0
1688068800000,30598.17000000,30640.07000000,30245.15000000,30403.12000000,45.23383000,1688072399999,1373922.80215040,1137,28.83690000,875529.84517680,0
1688072400000,30417.05000000,30451.37000000,30367.89000000,30416.96000000,5.17096000,1688075999999,157295.65806840,200,3.14715000,95730.25929220,0
1688076000000,30412.30000000,30456.58000000,30392.65000000,30403.10000000,2.62036000,1688079599999,79727.13784100,138,1.52604000,46438.69896220,0
1688079600000,30404.80000000,30518.60000000,30389.21000000,30444.20000000,12.06899000,1688083199999,367511.59304420,226,6.49093000,197655.42127530,0
1688083200000,30442.64000000,30507.30000000,30394.78000000,30438.28000000,5.88621000,1688086799999,179293.38730940,224,1.74848000,53291.42460400,0
1688086800000,30438.43000000,30438.43000000,30351.49000000,30381.55000000,10.78568000,1688090399999,327763.81713000,383,4.89351000,148673.82205490,0
1688090400000,30376.93000000,30750.00000000,30372.18000000,30657.74000000,184.49722000,1688093999999,5668738.67502300,1809,29.90071000,916574.85863140,0
1688094000000,30658.30000000,30867.25000000,30612.53000000,30728.02000000,50.46670000,1688097599999,1552114.25924540,1115,27.09259000,832799.27424030,0
1688097600000,30745.08000000,31272.89000000,30688.68000000,30838.45000000,149.13155000,1688101199999,4618762.29899590,2122,61.48975000,1907279.21261460,0
1688101200000,30872.01000000,30967.36000000,30642.48000000,30732.24000000,46.82080000,1688104799999,1443693.13180110,1370,21.16426000,652513.36235910,0
1688104800000,30733.00000000,30753.43000000,30615.31000000,30659.28000000,16.40297000,1688108399999,503016.06039690,547,8.56516000,262590.28025810,0
1688108400000,30658.63000000,30820.43000000,30637.00000000,30752.93000000,114.81172000,1688111999999,3526537.65453570,2167,51.98500000,1597441.77688480,0
1688112000000,30759.57000000,30896.15000000,30709.60000000,30852.52000000,26.41739000,1688115599999,813974.71879410,683,10.21855000,314702.97774640,0
1688115600000,30826.76000000,30830.26000000,30735.09000000,30766.72000000,17.50220000,1688119199999,538995.97412880,511,8.59571000,264788.82390650,0
1688119200000,30759.87000000,30861.53000000,30738.90000000,30806.94000000,13.00927000,1688122799999,400809.21563110,426,8.46688000,260873.76122220,0
1688122800000,30803.97000000,30936.14000000,30757.58000000,30900.60000000,27.08706000,1688126399999,834772.94135640,549,7.96078000,245550.77309860,0
1688126400000,30901.67000000,31122.39000000,30884.90000000,30993.51000000,53.30918000,1688129999999,1653170.37043860,1276,20.31612000,630116.75112030,0
1688130000000,31001.74000000,31089.28000000,29500.00000000,30136.20000000,149.03351000,1688133599999,4534420.64034740,3918,64.56059000,1961981.16440780,0
1688133600000,30127.66000000,30292.56000000,29942.41000000,30083.09000000,87.07704000,1688137199999,2621346.21332130,2163,43.16646000,1300039.36925760,0
1688137200000,30078.28000000,30199.99000000,29992.43000000,30051.28000000,23.18239000,1688140799999,697288.04246040,763,10.71456000,322389.32544600,0
1688140800000,30058.51000000,30519.01000000,29918.05000000,30389.48000000,166.20434000,1688144399999,5025830.93203960,2011,42.17956000,1275971.34262410,0
1688144400000,30397.76000000,30708.01000000,30370.18000000,30414.70000000,84.97564000,1688147999999,2595679.26882880,1914,61.21524000,1869728.95053660,0
1688148000000,30454.58000000,30521.35000000,30280.31000000,30352.90000000,40.23852000,1688151599999,1221929.72945610,1021,21.44212000,651271.63937270,0
1688151600000,30349.51000000,30471.45000000,30323.88000000,30366.31000000,12.70867000,1688155199999,386287.90778920,524,6.68373000,203111.97013020,0
1688155200000,30362.60000000,30499.13000000,30354.61000000,30383.45000000,22.08695000,1688158799999,671905.66085590,735,12.31576000,374546.13622920,0
1688158800000,30389.50000000,30471.15000000,30327.37000000,30471.15000000,17.78185000,1688162399999,540814.51034240,499,7.66272000,233050.44588270,0
1688162400000,30466.07000000,30521.07000000,30456.72000000,30472.15000000,27.37792000,1688165999999,834770.39970340,699,15.94831000,486337.31620730,0
1688166000000,30472.55000000,30535.97000000,30451.47000000,30475.10000000,33.05183000,1688169599999,1006950.11679230,635,26.12641000,795883.80199580,0
