1661990400000,20048.66000000,20134.93000000,19915.40000000,20063.18000000,707.73260000,1661993999999,14183177.18098430,8468,336.89888000,6751058.85956220,0
1661994000000,20063.56000000,20182.56000000,20050.95000000,20125.73000000,607.22625000,1661997599999,12215294.14044780,7313,267.31598000,5377655.09257980,0
1661997600000,20126.67000000,20204.95000000,20068.54000000,20118.62000000,531.97874000,1662001199999,10719390.01120790,6736,267.79393000,5395965.10133540,0
1662001200000,20118.28000000,20179.11000000,19930.39000000,20023.58000000,676.61322000,1662004799999,13586509.32761020,8958,354.38137000,7116057.17236560,0
1662004800000,20020.94000000,20094.41000000,19992.96000000,20056.08000000,444.50965000,1662008399999,8908690.11073680,7115,230.07097000,4610936.10135180,0
1662008400000,20055.28000000,20137.61000000,20031.94000000,20039.74000000,299.68786000,1662011999999,6019906.84950430,5683,148.94609000,2991790.27442970,0
1662012000000,20040.54000000,20054.58000000,19948.93000000,19980.86000000,487.68508000,1662015599999,9758696.23249780,7473,248.30020000,4968713.71996530,0
1662015600000,19979.77000000,19980.52000000,19800.00000000,19893.09000000,610.19342000,1662019199999,12142128.71771560,8507,306.91493000,6107039.74860910,0
1662019200000,19894.54000000,19938.79000000,19820.56000000,19927.19000000,446.85632000,1662022799999,8888786.11402230,5266,221.73403000,4410599.55372450,0
1662022800000,19928.39000000,19981.80000000,19829.68000000,19937.97000000,523.60062000,1662026399999,10421580.88575140,6152,269.29947000,5360052.28779860,0
1662026400000,19933.09000000,20033.06000000,19914.63000000,20017.18000000,497.87650000,1662029999999,9944020.43278680,5879,252.64714000,5046102.03750440,0
1662030000000,20017.04000000,20130.88000000,19977.00000000,20073.30000000,534.29197000,1662033599999,10702905.90464700,6492,267.19513000,5352836.73759950,0
1662033600000,20074.25000000,20095.21000000,19889.13000000,19996.11000000,548.78767000,1662037199999,10971416.09541630,6376,268.52129000,5367865.53829810,0
1662037200000,19994.07000000,20041.66000000,19900.00000000,19972.28000000,715.65828000,1662040799999,14294274.85259190,7645,349.38335000,6978845.37133100,0
1662040800000,19968.93000000,19990.09000000,19662.41000000,19693.45000000,910.87145000,1662044399999,18078057.50501030,11036,445.72046000,8846506.80470670,0
1662044400000,19693.64000000,19840.91000000,19651.71000000,19782.54000000,514.73284000,1662047999999,10165566.41371650,7174,259.64694000,5127645.41320410,0
1662048000000,19781.89000000,19822.45000000,19564.95000000,19659.84000000,601.79188000,1662051599999,11842933.12285460,7949,295.93418000,5824133.32670520,0
1662051600000,19659.84000000,19939.12000000,19635.33000000,19723.46000000,513.99982000,1662055199999,10168000.83770950,7084,244.13578000,4828974.76333260,0
1662055200000,19724.66000000,19944.00000000,19702.61000000,19813.10000000,568.73409000,1662058799999,11277512.41375880,6815,284.60524000,5642788.51043270,0
1662058800000,19815.96000000,19908.49000000,19770.84000000,19872.68000000,494.54189000,1662062399999,9804176.94885670,5772,246.65624000,4890095.62259290,0
1662062400000,19872.26000000,20095.83000000,19842.87000000,20066.21000000,793.83571000,1662065999999,15873955.70500270,7534,404.45214000,8086390.67119310,0
1662066000000,20068.34000000,20176.33000000,20033.02000000,20083.94000000,352.81675000,1662069599999,7086732.72521430,4557,183.15695000,3679036.25925120,0
1662069600000,20086.16000000,20184.91000000,20067.64000000,20078.60000000,540.95164000,1662073199999,10878202.37977830,5289,274.10649000,5511965.93897780,0
1662073200000,20079.44000000,20149.74000000,20055.00000000,20130.27000000,430.53071000,1662076799999,8652453.94279380,4557,202.02385000,4060223.66626950,0
1662076800000,20131.35000000,20134.70000000,20047.28000000,20070.00000000,414.59865000,1662080399999,8326367.07652940,4203,210.85118000,4234351.35400860,0
1662080400000,20073.62000000,20094.74000000,20007.27000000,20048.08000000,440.88676000,1662083999999,8837789.23102650,4480,225.95003000,4529273.22922970,0
1662084000000,20049.77000000,20079.61000000,19954.27000000,20030.51000000,437.52570000,1662087599999,8751114.56347270,5586,226.79974000,4536422.12136000,0
1662087600000,20031.61000000,20253.00000000,20029.82000000,20155.78000000,535.66119000,1662091199999,10809266.77985100,6903,279.88318000,5647741.43570810,0
1662091200000,20156.63000000,20295.01000000,20138.69000000,20158.52000000,311.76194000,1662094799999,6297010.41252150,5061,154.65766000,3123895.01284180,0
1662094800000,20157.73000000,20171.43000000,20079.68000000,20123.19000000,358.94559000,1662098399999,7224475.96582870,5206,172.81773000,3478792.69413670,0
1662098400000,20124.48000000,20133.55000000,20060.00000000,20104.51000000,308.58977000,1662101999999,6199695.47530780,4578,157.48099000,3163816.73314290,0
1662102000000,20103.55000000,20121.30000000,20035.68000000,20111.36000000,265.78710000,1662105599999,5338955.19470760,4028,134.91648000,2710174.60070120,0
1662105600000,20110.65000000,20136.65000000,20067.07000000,20095.62000000,216.05256000,1662109199999,4342032.56930190,3501,108.18476000,2174374.68503930,0
1662109200000,20092.36000000,20165.88000000,20073.76000000,20133.53000000,204.47254000,1662112799999,4114333.41949610,3104,94.08670000,1893027.93979090,0
1662112800000,20135.47000000,20176.14000000,20041.66000000,20064.93000000,367.39948000,1662116399999,7384885.42399250,4641,208.75122000,4195927.86265280,0
1662116400000,20063.64000000,20097.61000000,19987.99000000,20088.45000000,172.36038000,1662119999999,3454775.09009200,3270,88.23673000,1768948.70949080,0
1662120000000,20088.43000000,20356.18000000,20022.93000000,20282.21000000,923.99049000,1662123599999,18686895.53881710,12178,470.19022000,9508090.35736960,0
1662123600000,20286.09000000,20405.67000000,20242.91000000,20264.47000000,631.52040000,1662127199999,12840815.78480400,8493,292.41611000,5946831.14597050,0
1662127200000,20265.94000000,20444.42000000,20195.21000000,20364.96000000,506.74735000,1662130799999,10300086.39562530,7455,241.48208000,4908916.44121020,0
1662130800000,20367.51000000,20400.00000000,20284.76000000,20357.88000000,339.82130000,1662134399999,6912283.41120380,5544,154.70989000,3146872.80637940,0
1662134400000,20359.20000000,20382.36000000,20089.54000000,20132.75000000,445.08540000,1662137999999,9003663.58275240,7879,213.95967000,4329011.23297120,0
1662138000000,20128.82000000,20128.82000000,19757.41000000,19804.28000000,698.95719000,1662141599999,13923877.59922470,10427,338.81448000,6747890.45286220,0
1662141600000,19802.63000000,20078.87000000,19756.36000000,19935.89000000,696.51980000,1662145199999,13860852.51209880,9340,361.73705000,7200067.04761670,0
1662145200000,19933.90000000,19996.70000000,19782.47000000,19913.22000000,401.04910000,1662148799999,7974802.10194900,6765,197.73659000,3931787.35951860,0
1662148800000,19912.48000000,19980.00000000,19861.35000000,19965.72000000,291.51299000,1662152399999,5806278.56928620,4266,162.73811000,3241649.63699250,0
1662152400000,19967.46000000,20025.29000000,19918.90000000,19981.19000000,229.72211000,1662155999999,4588408.73277070,3474,120.09428000,2399056.46172930,0
1662156000000,19977.63000000,20020.75000000,19879.16000000,19989.98000000,423.34129000,1662159599999,8447757.74883620,5032,208.82756000,4167217.87689660,0
1662159600000,19991.37000000,20006.44000000,19923.44000000,19954.71000000,405.30363000,1662163199999,8088232.61340150,4544,203.67784000,4064430.85815830,0
1662163200000,19953.92000000,20056.10000000,19922.11000000,20001.99000000,470.04998000,1662166799999,9398562.32194810,6188,237.99332000,4758694.22944020,0
1662166800000,20003.04000000,20008.62000000,19932.41000000,19955.04000000,332.19012000,1662170399999,6629726.81969700,4212,161.74552000,3227972.20596880,0
1662170400000,19957.33000000,19967.54000000,19893.38000000,19939.58000000,318.21173000,1662173999999,6344351.19524900,3993,154.95425000,3089362.99204200,0
1662174000000,19940.14000000,19941.63000000,19870.37000000,19898.92000000,286.41616000,1662177599999,5701792.74742300,3579,142.44649000,2835782.58723340,0
1662177600000,19899.06000000,19959.70000000,19886.10000000,19924.37000000,293.88644000,1662181199999,5854918.44276120,4709,186.25774000,3711053.79117530,0
1662181200000,19925.33000000,19968.45000000,19925.33000000,19944.85000000,190.16709000,1662184799999,3793814.02801810,3045,92.69326000,1849245.73162510,0
1662184800000,19946.05000000,19950.61000000,19827.76000000,19885.50000000,311.87409000,1662188399999,6201351.27064100,4262,135.02935000,2684843.69952720,0
1662188400000,19885.23000000,19913.87000000,19753.68000000,19815.69000000,372.14803000,1662191999999,7384321.99928750,5103,184.92872000,3669164.42301400,0
1662192000000,19817.48000000,19856.74000000,19765.59000000,19785.94000000,350.78674000,1662195599999,6950192.44991600,4835,178.50815000,3536659.82912200,0
1662195600000,19787.42000000,19821.43000000,19728.62000000,19797.36000000,376.92319000,1662199199999,7457090.63321850,4901,177.93094000,3520060.78560550,0
1662199200000,19798.22000000,19868.68000000,19792.26000000,19850.33000000,291.02189000,1662202799999,5771556.22094250,3978,147.45087000,2924143.34881270,0
1662202800000,19850.32000000,19855.49000000,19767.35000000,19798.39000000,220.09948000,1662206399999,4362076.08551890,3692,108.95733000,2159627.95530130,0
1662206400000,19800.03000000,19860.07000000,19789.94000000,19850.99000000,242.21200000,1662209999999,4802456.96835420,3988,122.14672000,2421724.57544380,0
1662210000000,19851.00000000,19906.25000000,19820.00000000,19865.36000000,364.56596000,1662213599999,7236677.12489620,4815,176.97188000,3512944.08236850,0
1662213600000,19864.62000000,19867.54000000,19781.07000000,19818.27000000,371.88187000,1662217199999,7372462.31099570,5179,171.89290000,3407691.75006300,0
1662217200000,19819.58000000,19833.48000000,19750.00000000,19773.08000000,329.98442000,1662220799999,6531055.68512120,4912,160.01772000,3167109.44174850,0
1662220800000,19773.41000000,19835.66000000,19772.49000000,19789.37000000,283.37699000,1662224399999,5613819.80991610,3695,142.26258000,2818286.33500180,0
1662224400000,19790.92000000,19829.70000000,19753.89000000,19818.17000000,280.92877000,1662227999999,5558634.89072790,3616,146.54700000,2899772.75213600,0
1662228000000,19816.70000000,19834.53000000,19737.15000000,19753.69000000,295.22086000,1662231599999,5844395.43883220,3896,142.65199000,2824092.68744520,0
1662231600000,19755.38000000,19818.08000000,19653.06000000,19709.45000000,613.47628000,1662235199999,12100507.10375580,6475,298.66978000,5891113.29261150,0
1662235200000,19712.40000000,19749.17000000,19680.00000000,19742.46000000,354.93073000,1662238799999,6997359.31918120,4062,179.06444000,3530107.51870800,0
1662238800000,19743.39000000,19774.78000000,19728.49000000,19750.66000000,183.60766000,1662242399999,3625944.40614370,2195,88.08312000,1739388.84792510,0
1662242400000,19752.17000000,19823.52000000,19752.17000000,19796.22000000,277.55156000,1662245999999,5495556.88235660,3147,143.42549000,2839764.98946480,0
1662246000000,19795.93000000,19848.33000000,19762.23000000,19832.80000000,224.18250000,1662249599999,4438749.70211720,2681,117.30344000,2322520.91939150,0
1662249600000,19833.20000000,19863.20000000,19800.76000000,19808.27000000,310.11491000,1662253199999,6150116.83812960,3537,157.85893000,3130634.96714440,0
1662253200000,19810.19000000,19836.41000000,19774.16000000,19780.51000000,223.00596000,1662256799999,4415632.19282290,2834,111.53213000,2208465.37808130,0
1662256800000,19781.05000000,19814.07000000,19773.07000000,19792.85000000,197.12543000,1662260399999,3901629.16195870,2384,98.49980000,1949530.96034260,0
1662260400000,19792.47000000,19814.51000000,19741.81000000,19773.43000000,198.52397000,1662263999999,3925949.28806620,2310,90.53795000,1790474.56297500,0
1662264000000,19774.57000000,19812.50000000,19756.36000000,19803.03000000,149.53571000,1662267599999,2957851.95704610,1913,77.89909000,1540849.25867590,0
1662267600000,19802.23000000,19809.77000000,19764.00000000,19768.70000000,116.09880000,1662271199999,2296868.13113030,1568,54.88979000,1085902.93578240,0
1662271200000,19769.65000000,19786.06000000,19679.84000000,19700.17000000,227.22937000,1662274799999,4481730.50805460,2950,110.79587000,2185304.63193470,0
1662274800000,19696.76000000,19731.36000000,19612.01000000,19631.25000000,336.05479000,1662278399999,6617518.14839460,4055,162.84441000,3207052.03386700,0
1662278400000,19632.32000000,19758.60000000,19582.66000000,19736.53000000,430.41188000,1662281999999,8467985.61291590,4950,221.86102000,4365840.36728370,0
1662282000000,19736.10000000,19829.99000000,19729.70000000,19775.42000000,384.62483000,1662285599999,7613697.67487820,4182,191.83336000,3797304.04778460,0
1662285600000,19778.62000000,19800.00000000,19745.80000000,19755.46000000,119.21226000,1662289199999,2357056.31594480,2280,56.48425000,1116892.34335410,0
1662289200000,19757.57000000,19853.75000000,19706.60000000,19849.21000000,203.29806000,1662292799999,4017465.24616490,3231,102.85654000,2032998.89228190,0
1662292800000,19850.00000000,19938.43000000,19771.38000000,19875.16000000,370.73936000,1662296399999,7358114.76386930,5022,180.79196000,3588680.17002780,0
1662296400000,19877.20000000,19884.89000000,19681.33000000,19712.21000000,196.87458000,1662299999999,3895445.97631620,3506,79.70041000,1576676.21091650,0
1662300000000,19708.03000000,19750.75000000,19651.22000000,19748.91000000,399.48239000,1662303599999,7874549.14294590,4903,197.07122000,3884622.20589980,0
1662303600000,19748.75000000,19795.77000000,19684.61000000,19792.42000000,217.39734000,1662307199999,4290955.71234980,3820,109.71809000,2165577.63349260,0
1662307200000,19794.21000000,19919.51000000,19723.36000000,19893.24000000,376.93904000,1662310799999,7471991.36206900,5659,181.02263000,3587326.73816790,0
1662310800000,19895.84000000,19957.15000000,19830.76000000,19840.06000000,268.13167000,1662314399999,5333337.18650510,4267,132.77637000,2641282.17244310,0
1662314400000,19840.78000000,19889.78000000,19800.33000000,19848.83000000,219.63955000,1662317999999,4357332.97112490,3655,111.45787000,2211320.89396230,0
1662318000000,19849.98000000,19922.85000000,19823.45000000,19884.36000000,182.36343000,1662321599999,3626593.49541340,3196,93.79168000,1865020.05694210,0
1662321600000,19886.70000000,19930.93000000,19863.83000000,19903.49000000,206.84023000,1662325199999,4115862.87998140,3300,99.13284000,1972564.66967620,0
1662325200000,19902.68000000,19933.33000000,19831.75000000,19859.73000000,182.21897000,1662328799999,3623656.39712360,2849,91.88701000,1827380.91194560,0
1662328800000,19861.00000000,19887.13000000,19816.76000000,19835.07000000,580.44200000,1662332399999,11522312.36867310,5951,283.62478000,5630205.07911870,0
1662332400000,19836.28000000,20030.39000000,19825.02000000,20004.67000000,611.96319000,1662335999999,12204376.92016760,6860,293.40736000,5850434.69167030,0
1662336000000,20003.63000000,20062.79000000,19879.16000000,19913.82000000,471.25348000,1662339599999,9396850.35559910,6457,204.55457000,4078822.05857810,0
1662339600000,19913.65000000,19975.09000000,19815.70000000,19839.15000000,340.11366000,1662343199999,6769538.80077610,4539,155.38147000,3092271.79116360,0
1662343200000,19842.21000000,19868.69000000,19813.29000000,19853.80000000,316.00544000,1662346799999,6270037.28172540,4629,164.32734000,3260585.56076620,0
1662346800000,19854.65000000,19908.11000000,19813.05000000,19885.81000000,272.81077000,1662350399999,5420427.44417290,4298,143.33766000,2848210.18850810,0
1662350400000,19886.89000000,19918.80000000,19839.78000000,19889.44000000,212.06198000,1662353999999,4215366.02742780,3871,110.88098000,2204315.95551070,0
1662354000000,19890.39000000,19892.91000000,19680.00000000,19725.91000000,645.79332000,1662357599999,12754835.87678070,8568,292.76445000,5782920.49793100,0
1662357600000,19725.56000000,19803.07000000,19703.42000000,19786.70000000,333.35134000,1662361199999,6585196.52659960,5289,191.88085000,3790417.19705010,0
1662361200000,19788.99000000,19798.17000000,19707.70000000,19751.53000000,291.41301000,1662364799999,5754952.35775490,4690,134.33584000,2653103.31071940,0
1662364800000,19750.04000000,19799.75000000,19723.30000000,19782.37000000,301.49109000,1662368399999,5956895.50170400,5055,154.53243000,3053325.00758940,0
1662368400000,19783.65000000,19807.50000000,19729.42000000,19768.39000000,255.22363000,1662371999999,5045599.93969570,4252,112.51560000,2224671.07629250,0
1662372000000,19768.46000000,19786.27000000,19656.26000000,19689.21000000,381.35696000,1662375599999,7522492.35756930,5159,190.53222000,3757885.62803660,0
1662375600000,19691.61000000,19722.08000000,19636.00000000,19696.26000000,387.09382000,1662379199999,7620130.38423070,4905,190.21377000,3744517.30549560,0
1662379200000,19700.90000000,19759.44000000,19667.02000000,19725.31000000,375.46795000,1662382799999,7402055.31387310,5073,185.48340000,3656742.85686070,0
1662382800000,19727.23000000,19794.00000000,19708.90000000,19741.05000000,302.82316000,1662386399999,5980289.81566740,4416,134.75521000,2661339.06953510,0
1662386400000,19741.26000000,19875.55000000,19723.12000000,19844.07000000,356.93478000,1662389999999,7063156.58725670,6346,178.45374000,3531914.15280420,0
1662390000000,19845.88000000,19950.00000000,19833.87000000,19855.87000000,628.01328000,1662393599999,12487407.57395820,8736,309.00574000,6144204.15484890,0
1662393600000,19855.73000000,19910.98000000,19814.11000000,19847.40000000,406.58221000,1662397199999,8074024.76499480,5700,206.56007000,4102078.87700860,0
1662397200000,19845.70000000,19860.00000000,19790.10000000,19825.38000000,331.30101000,1662400799999,6568345.32462540,4418,172.11658000,3412360.46776650,0
1662400800000,19826.28000000,19846.52000000,19671.43000000,19742.18000000,568.64262000,1662404399999,11219135.41216230,6874,286.91961000,5660618.90988250,0
1662404400000,19742.71000000,19776.46000000,19691.40000000,19707.74000000,341.98493000,1662407999999,6750606.41080600,3958,176.06996000,3475668.08902570,0
1662408000000,19707.25000000,19793.25000000,19695.81000000,19738.08000000,337.24652000,1662411599999,6661883.59030610,4440,161.27261000,3185742.52185420,0
1662411600000,19739.98000000,19800.00000000,19701.33000000,19749.17000000,253.07659000,1662415199999,4998011.26221460,3530,132.73528000,2621308.45044140,0
1662415200000,19748.46000000,19820.00000000,19718.45000000,19803.67000000,485.71396000,1662418799999,9599858.50854630,6246,240.26850000,4748652.68285110,0
1662418800000,19804.13000000,19869.92000000,19748.30000000,19793.67000000,546.77305000,1662422399999,10826073.90835990,7385,281.22872000,5568452.06616660,0
1662422400000,19795.52000000,20172.83000000,19776.24000000,20101.19000000,865.78847000,1662425999999,17281318.87249530,11660,459.19474000,9166001.09365970,0
1662426000000,20101.50000000,20180.59000000,19760.00000000,19770.05000000,659.39237000,1662429599999,13185504.08467770,10142,332.89761000,6659049.71705180,0
1662429600000,19772.93000000,19826.06000000,19672.41000000,19815.71000000,910.70889000,1662433199999,17978277.47267770,11291,464.34311000,9166492.73972340,0
1662433200000,19816.38000000,19826.58000000,19700.00000000,19788.88000000,599.25853000,1662436799999,11841230.22693190,7605,304.35780000,6013970.60834420,0
1662436800000,19789.72000000,19853.59000000,19754.00000000,19761.65000000,447.60084000,1662440399999,8866488.12984370,6717,223.54197000,4428323.16705020,0
1662440400000,19763.14000000,19840.83000000,19730.00000000,19781.56000000,370.55372000,1662443999999,7330708.91216640,6177,185.18956000,3663971.74142430,0
1662444000000,19782.75000000,19895.00000000,19762.06000000,19859.94000000,433.44951000,1662447599999,8591582.73077170,6621,223.32567000,4426261.30816170,0
1662447600000,19857.85000000,19950.79000000,19848.18000000,19906.71000000,426.47518000,1662451199999,8489435.80907410,6500,218.16604000,4342595.30133610,0
1662451200000,19908.22000000,20029.94000000,19861.85000000,20018.48000000,380.14058000,1662454799999,7579439.20648980,6200,213.17494000,4250684.41860930,0
1662454800000,20019.58000000,20030.64000000,19873.88000000,19916.65000000,444.27984000,1662458399999,8859460.81772330,6285,212.21349000,4232093.28895330,0
1662458400000,19913.27000000,20001.81000000,19901.37000000,19913.91000000,321.64791000,1662461999999,6416563.94113430,4227,170.31618000,3397719.22306770,0
1662462000000,19913.40000000,19961.86000000,19860.00000000,19918.40000000,301.68267000,1662465599999,6006604.96816410,4657,151.86889000,3023665.92890500,0
1662465600000,19921.02000000,19996.22000000,19850.00000000,19854.95000000,361.18434000,1662469199999,7199067.03316710,6791,191.86718000,3824804.85304530,0
1662469200000,19850.43000000,19906.97000000,19708.17000000,19778.41000000,574.35622000,1662472799999,11376446.46134110,8584,256.10936000,5073991.55098320,0
1662472800000,19774.74000000,19867.17000000,19662.00000000,19839.60000000,897.64415000,1662476399999,17745619.44459510,10566,421.79979000,8336621.35318510,0
1662476400000,19839.68000000,19886.76000000,19771.25000000,19818.99000000,463.11511000,1662479999999,9177835.49422720,6294,217.94071000,4319371.47659900,0
1662480000000,19816.18000000,19859.09000000,19662.50000000,19747.43000000,400.10686000,1662483599999,7904869.16727160,6188,207.79917000,4106283.91163450,0
1662483600000,19746.84000000,19755.46000000,18900.00000000,19101.94000000,1595.46343000,1662487199999,30653864.13737200,20947,682.77650000,13109582.29595560,0
1662487200000,19101.44000000,19135.56000000,18949.90000000,18955.67000000,825.96603000,1662490799999,15716638.33626370,10359,445.90095000,8484864.53305570,0
1662490800000,18957.14000000,19015.34000000,18755.00000000,18821.51000000,802.93135000,1662494399999,15176188.39105790,10019,386.43847000,7304033.85664790,0
1662494400000,18822.43000000,19010.66000000,18652.66000000,18981.28000000,770.99775000,1662497999999,14539909.76822640,9908,351.75281000,6632709.70213570,0
1662498000000,18983.57000000,19065.20000000,18924.87000000,18979.75000000,370.61311000,1662501599999,7040545.86452110,4433,195.02841000,3706082.84293620,0
1662501600000,18978.55000000,18999.81000000,18881.64000000,18909.33000000,566.47527000,1662505199999,10728861.61405290,5712,286.26240000,5421970.23590250,0
1662505200000,18907.35000000,18918.98000000,18780.00000000,18788.60000000,685.54141000,1662508799999,12925741.90359210,6382,364.79705000,6878787.59595880,0
1662508800000,18788.87000000,18872.27000000,18654.33000000,18833.56000000,923.95341000,1662512399999,17346237.11451080,9285,444.58130000,8347902.07281370,0
1662512400000,18833.41000000,18864.36000000,18779.07000000,18788.73000000,462.73431000,1662515999999,8710212.30075690,5795,228.10063000,4293573.64515250,0
1662516000000,18785.93000000,18827.72000000,18530.00000000,18610.84000000,848.09239000,1662519599999,15836953.76602530,10352,374.55744000,6994333.93658650,0
1662519600000,18613.26000000,18753.11000000,18610.00000000,18747.12000000,518.68173000,1662523199999,9689275.02709480,6625,254.54282000,4755219.05868300,0
1662523200000,18747.05000000,18760.69000000,18672.48000000,18721.22000000,404.85413000,1662526799999,7577125.57732830,5368,193.38286000,3619291.85337750,0
1662526800000,18722.99000000,18797.47000000,18708.81000000,18759.72000000,479.04677000,1662530399999,8987503.59341830,6429,252.93157000,4745355.57778050,0
1662530400000,18761.69000000,18845.37000000,18728.11000000,18795.08000000,404.16037000,1662533999999,7591932.41728110,5892,223.67152000,4201245.47928660,0
1662534000000,18797.13000000,18827.09000000,18725.12000000,18802.55000000,337.01177000,1662537599999,6329396.42975890,5367,171.31649000,3217403.03735550,0
1662537600000,18802.36000000,18860.67000000,18771.80000000,18805.25000000,296.86605000,1662541199999,5582960.68552790,4771,149.22756000,2806491.90093470,0
1662541200000,18806.72000000,18822.99000000,18766.46000000,18788.68000000,256.64572000,1662544799999,4821434.78525900,4464,132.08076000,2481338.66211220,0
1662544800000,18790.85000000,18801.76000000,18726.17000000,18746.72000000,315.95358000,1662548399999,5926306.79153990,4313,161.16464000,3022954.99127930,0
1662548400000,18747.77000000,18781.10000000,18692.40000000,18742.22000000,317.73264000,1662551999999,5953346.87809540,4765,165.75171000,3105877.54260850,0
1662552000000,18742.31000000,18786.80000000,18675.02000000,18777.36000000,409.11726000,1662555599999,7662963.26176620,5781,208.61579000,3907543.05963130,0
1662555600000,18777.92000000,18931.57000000,18773.46000000,18843.90000000,443.30595000,1662559199999,8357553.60889530,7059,222.65674000,4197909.41231330,0
1662559200000,18841.37000000,18967.29000000,18817.38000000,18907.27000000,393.69180000,1662562799999,7441609.22658410,5949,215.17108000,4068326.35888110,0
1662562800000,18909.68000000,18939.95000000,18850.00000000,18873.84000000,394.15462000,1662566399999,7447051.45351350,5394,215.35333000,4068294.21956150,0
1662566400000,18873.84000000,18983.00000000,18855.86000000,18915.68000000,283.63847000,1662569999999,5364537.22329880,4698,146.82500000,2777080.36341560,0
1662570000000,18919.22000000,19040.56000000,18907.46000000,19000.91000000,361.79999000,1662573599999,6861729.63451130,6119,147.82827000,2803303.89606940,0
1662573600000,19006.01000000,19191.79000000,18961.02000000,19078.21000000,422.74133000,1662577199999,8050848.62269210,6401,195.96273000,3731416.06288880,0
1662577200000,19078.41000000,19202.63000000,18994.72000000,18994.72000000,361.55785000,1662580799999,6904482.34397720,5264,172.39590000,3291985.84914080,0
1662580800000,18995.88000000,19466.03000000,18985.47000000,19388.38000000,737.46515000,1662584399999,14190952.92981140,11133,390.70946000,7518568.27895550,0
1662584400000,19392.21000000,19463.48000000,19276.34000000,19361.41000000,348.31608000,1662587999999,6755063.31144560,5150,153.48642000,2976988.17016030,0
1662588000000,19368.57000000,19431.03000000,19318.01000000,19337.75000000,422.77438000,1662591599999,8190657.81213120,5248,205.90221000,3988853.20398600,0
1662591600000,19337.88000000,19353.98000000,19245.63000000,19293.97000000,323.22033000,1662595199999,6238914.18079070,4440,151.70385000,2928268.81030560,0
1662595200000,19295.68000000,19384.34000000,19237.70000000,19306.20000000,330.23986000,1662598799999,6378733.42434500,5701,176.37315000,3406717.06544020,0
1662598800000,19306.04000000,19329.27000000,19155.16000000,19185.08000000,288.30117000,1662602399999,5547518.56326180,4870,139.84367000,2691337.37589650,0
1662602400000,19184.83000000,19263.79000000,19184.83000000,19237.82000000,245.76567000,1662605999999,4725092.10106610,4062,133.30999000,2563176.11526890,0
1662606000000,19240.92000000,19272.36000000,19193.46000000,19219.29000000,159.27242000,1662609599999,3063473.53858400,3661,85.62864000,1647100.23457920,0
1662609600000,19220.14000000,19388.33000000,19211.70000000,19353.19000000,410.42271000,1662613199999,7924744.84478930,6425,206.20416000,3981563.76350540,0
1662613200000,19353.33000000,19367.70000000,19287.18000000,19303.51000000,183.07339000,1662616799999,3536343.58654350,3737,95.34199000,1841591.16859290,0
1662616800000,19303.27000000,19352.38000000,19226.34000000,19234.89000000,292.99574000,1662620399999,5652818.65425090,4742,141.30093000,2725889.89153970,0
1662620400000,19235.70000000,19267.53000000,19051.38000000,19170.90000000,661.14573000,1662623999999,12655824.64981570,10305,331.82447000,6352154.58031450,0
1662624000000,19172.50000000,19233.95000000,19145.80000000,19229.97000000,311.17139000,1662627599999,5972191.56082560,4873,150.03907000,2879467.41110870,0
1662627600000,19228.83000000,19242.35000000,19144.49000000,19187.03000000,317.86080000,1662631199999,6105142.13065740,4628,155.07170000,2978380.38190320,0
1662631200000,19186.56000000,19350.15000000,19174.83000000,19307.08000000,424.30443000,1662634799999,8182313.03751990,6511,221.46632000,4270791.95474430,0
1662634800000,19306.95000000,19400.00000000,19281.74000000,19311.89000000,308.52854000,1662638399999,5962491.28738780,5041,153.31067000,2963109.66869350,0
1662638400000,19311.56000000,19377.91000000,19102.30000000,19144.47000000,746.40425000,1662641999999,14354636.75150350,10485,369.96241000,7115188.74785890,0
1662642000000,19143.73000000,19361.21000000,19014.18000000,19227.52000000,957.68391000,1662645599999,18354918.02936880,14487,486.38172000,9322970.63925900,0
1662645600000,19229.54000000,19321.92000000,19093.28000000,19317.01000000,772.06795000,1662649199999,14834246.97698790,10302,386.99341000,7436757.05346960,0
1662649200000,19319.54000000,19351.55000000,19229.31000000,19255.33000000,366.47595000,1662652799999,7071504.65132690,6470,166.43013000,3210852.55129260,0
1662652800000,19252.94000000,19265.05000000,19093.58000000,19191.29000000,630.66869000,1662656399999,12088504.94915650,9282,303.82395000,5823542.35199550,0
1662656400000,19188.48000000,19250.00000000,19120.19000000,19202.51000000,562.77406000,1662659999999,10805768.81921870,7554,275.26887000,5285557.08545220,0
1662660000000,19202.60000000,19247.00000000,19039.75000000,19200.59000000,590.96729000,1662663599999,11341624.27713180,6838,266.12913000,5110577.82436070,0
1662663600000,19200.14000000,19354.63000000,19180.68000000,19350.90000000,313.21544000,1662667199999,6034299.67685700,5053,161.53556000,3112416.47413850,0
1662667200000,19351.54000000,19454.41000000,19331.49000000,19378.86000000,410.47108000,1662670799999,7955593.70654800,5871,196.00323000,3798741.47605450,0
1662670800000,19380.27000000,19383.88000000,19282.00000000,19332.31000000,161.35357000,1662674399999,3120288.77663970,2869,80.59492000,1558470.85409290,0
1662674400000,19330.43000000,19334.20000000,19252.76000000,19306.25000000,266.37856000,1662677999999,5139563.63683430,4086,137.47015000,2652418.89378140,0
1662678000000,19304.94000000,19344.38000000,19283.21000000,19322.34000000,204.55229000,1662681599999,3951507.54787460,3013,101.97978000,1970025.62845120,0
1662681600000,19322.70000000,19399.52000000,19294.38000000,19370.80000000,322.71238000,1662685199999,6247694.87937350,4409,160.16533000,3100734.29268090,0
1662685200000,19370.94000000,19422.47000000,19325.00000000,19336.78000000,219.42494000,1662688799999,4248881.04064830,3264,113.75778000,2203290.08425980,0
1662688800000,19337.43000000,19458.25000000,19335.23000000,19400.04000000,217.70834000,1662692399999,4222708.11681540,3654,104.69376000,2030785.69191620,0
1662692400000,19401.14000000,19957.77000000,19392.70000000,19951.36000000,877.82708000,1662695999999,17302833.31774670,11380,466.20251000,9189584.66966920,0
1662696000000,19952.57000000,20461.00000000,19930.75000000,20361.92000000,1244.56613000,1662699599999,25190039.49220260,16474,634.32091000,12835826.62805600,0
1662699600000,20360.00000000,20704.83000000,20344.14000000,20536.30000000,1189.04223000,1662703199999,24395620.05379370,13598,640.07481000,13133243.87475840,0
1662703200000,20536.50000000,20820.00000000,20481.10000000,20697.86000000,837.41427000,1662706799999,17286498.58466440,11848,385.16910000,7950111.98049740,0
1662706800000,20697.91000000,20766.79000000,20591.25000000,20635.98000000,615.87803000,1662710399999,12729539.18334330,8441,283.49002000,5859185.62294160,0
1662710400000,20634.92000000,20993.38000000,20630.00000000,20780.00000000,833.36217000,1662713999999,17281670.41935890,11569,427.72500000,8872643.76094010,0
1662714000000,20781.13000000,20794.06000000,20638.03000000,20753.04000000,629.97893000,1662717599999,13039610.82119960,9354,299.54738000,6200492.38225110,0
1662717600000,20751.46000000,21194.53000000,20719.80000000,21079.46000000,921.77557000,1662721199999,19304820.49052070,12701,484.34248000,10144752.10005970,0
1662721200000,21078.05000000,21101.34000000,20889.00000000,20943.81000000,860.06903000,1662724799999,18051543.47700720,10645,418.55201000,8784789.44244030,0
1662724800000,20942.17000000,21270.82000000,20927.29000000,21080.03000000,940.42306000,1662728399999,19830192.56194520,12551,458.31887000,9664388.35305070,0
1662728400000,21085.45000000,21100.13000000,20918.64000000,21010.85000000,1102.22623000,1662731999999,23159619.33591830,12162,540.36056000,11353802.43303010,0
1662732000000,21010.85000000,21129.35000000,20967.43000000,21107.30000000,1156.97084000,1662735599999,24356945.13316890,11872,574.79983000,12100174.82300470,0
1662735600000,21110.00000000,21347.09000000,21062.73000000,21273.39000000,832.85195000,1662739199999,17647616.40986390,11367,426.17921000,9030429.24896020,0
1662739200000,21274.31000000,21407.77000000,21147.20000000,21304.56000000,595.85923000,1662742799999,12669200.39711230,10132,275.06339000,5849021.55717240,0
1662742800000,21301.63000000,21447.08000000,21180.00000000,21249.96000000,922.33555000,1662746399999,19657278.32246820,10889,454.47610000,9685877.37877320,0
1662746400000,21250.40000000,21256.83000000,21137.04000000,21176.43000000,1048.51211000,1662749999999,22212192.36005130,11743,517.24415000,10957371.80544780,0
1662750000000,21176.43000000,21320.34000000,21160.00000000,21296.64000000,889.50978000,1662753599999,18909691.93665380,9821,439.62672000,9346082.43607920,0
1662753600000,21294.77000000,21349.53000000,21212.58000000,21301.92000000,698.76829000,1662757199999,14863941.28006480,7476,347.52830000,7392279.48947900,0
1662757200000,21299.92000000,21338.80000000,21190.00000000,21256.19000000,388.82052000,1662760799999,8269473.13011850,5452,181.42629000,3858784.28141740,0
1662760800000,21258.09000000,21405.05000000,21230.42000000,21354.47000000,592.74874000,1662764399999,12638809.84911650,7948,284.89828000,6074376.39998610,0
1662764400000,21353.41000000,21619.99000000,21255.73000000,21368.86000000,855.75243000,1662767999999,18300076.15629870,11269,423.56824000,9059797.91657090,0
1662768000000,21369.91000000,21403.31000000,21170.00000000,21264.00000000,803.92989000,1662771599999,17098437.73145020,10622,390.73803000,8310254.82478370,0
1662771600000,21265.31000000,21350.00000000,21261.28000000,21295.94000000,401.16301000,1662775199999,8542296.80960890,7049,183.75483000,3912781.17273220,0
1662775200000,21294.65000000,21322.32000000,21205.37000000,21311.10000000,286.10467000,1662778799999,6081230.75099420,6139,136.36597000,2898453.22088810,0
1662778800000,21311.29000000,21404.02000000,21286.75000000,21309.49000000,317.23742000,1662782399999,6764612.08498890,6625,153.51226000,3273810.17207380,0
1662782400000,21309.57000000,21464.28000000,21300.09000000,21460.36000000,457.87009000,1662785999999,9788356.04272850,8228,232.69732000,4974759.98000530,0
1662786000000,21460.95000000,21689.69000000,21427.20000000,21553.02000000,561.22048000,1662789599999,12098972.61993490,9572,272.23791000,5869483.54471140,0
1662789600000,21552.62000000,21593.46000000,21474.83000000,21531.89000000,316.42988000,1662793199999,6813872.50950220,7013,119.83476000,2580597.01709540,0
1662793200000,21534.77000000,21590.00000000,21257.40000000,21289.10000000,348.48324000,1662796799999,7470187.11391960,6642,171.09881000,3668978.04493760,0
1662796800000,21293.27000000,21393.53000000,21287.15000000,21336.31000000,374.07789000,1662800399999,7988675.55138760,5895,186.58865000,3984767.09948730,0
1662800400000,21334.76000000,21399.00000000,21321.73000000,21334.95000000,386.25314000,1662803999999,8249744.75678800,6121,185.13616000,3954129.13800600,0
1662804000000,21332.70000000,21394.80000000,21263.69000000,21350.02000000,345.06614000,1662807599999,7360168.66538290,5899,168.58194000,3595729.39043350,0
1662807600000,21348.68000000,21385.23000000,21291.48000000,21294.34000000,361.72589000,1662811199999,7720030.12901460,6224,143.72162000,3067107.76423780,0
1662811200000,21293.19000000,21373.80000000,21179.21000000,21316.47000000,770.44368000,1662814799999,16404553.81258960,9966,390.20058000,8308152.18328270,0
1662814800000,21315.55000000,21320.89000000,21140.28000000,21181.46000000,669.75260000,1662818399999,14224993.21277760,8534,329.97736000,7008159.98867930,0
1662818400000,21182.05000000,21290.47000000,21129.25000000,21249.93000000,662.86830000,1662821999999,14077637.99250660,7978,333.57489000,7083924.85327630,0
1662822000000,21251.70000000,21303.26000000,21000.40000000,21227.57000000,861.32035000,1662825599999,18283236.06356170,8334,375.08817000,7966743.85630910,0
1662825600000,21228.82000000,21468.40000000,21177.84000000,21416.24000000,943.50507000,1662829199999,20078562.84956140,10717,483.82225000,10296982.70362330,0
1662829200000,21412.06000000,21428.33000000,21283.30000000,21292.42000000,743.46493000,1662832799999,15858889.61131580,8600,347.28259000,7407679.45671800,0
1662832800000,21290.09000000,21490.00000000,21284.80000000,21450.63000000,668.61574000,1662836399999,14301258.02099780,8491,315.96072000,6757259.95828430,0
1662836400000,21452.13000000,21650.00000000,21440.00000000,21583.71000000,760.14008000,1662839999999,16378235.99896570,10285,351.53615000,7574923.28993060,0
1662840000000,21586.08000000,21605.31000000,21369.01000000,21429.71000000,679.01443000,1662843599999,14594802.01158970,9040,288.26725000,6196577.53255090,0
1662843600000,21429.71000000,21800.00000000,21425.13000000,21604.53000000,527.91852000,1662847199999,11384074.21550380,7192,245.45151000,5294842.17587930,0
1662847200000,21612.30000000,21816.96000000,21586.69000000,21764.66000000,1079.51867000,1662850799999,23419621.06197400,11999,492.87808000,10693836.86933190,0
1662850800000,21766.67000000,21800.94000000,21645.63000000,21653.78000000,873.85867000,1662854399999,18989990.17157220,9222,423.30008000,9199235.46038990,0
1662854400000,21654.11000000,21688.78000000,21543.95000000,21556.31000000,737.22410000,1662857999999,15935189.51338510,8630,349.27382000,7549599.00151830,0
1662858000000,21557.49000000,21677.81000000,21536.06000000,21616.80000000,777.71271000,1662861599999,16804330.52397220,8698,391.06569000,8449930.27543650,0
1662861600000,21614.09000000,21631.20000000,21454.14000000,21513.33000000,717.61327000,1662865199999,15465896.87608850,7425,354.02489000,7629895.70362580,0
1662865200000,21512.77000000,21572.41000000,21510.80000000,21549.02000000,573.77768000,1662868799999,12360425.87230660,6442,279.15988000,6013716.51551280,0
1662868800000,21550.14000000,21648.23000000,21545.63000000,21562.32000000,563.35321000,1662872399999,12168814.88038730,6152,273.53874000,5908552.91961630,0
1662872400000,21562.51000000,21624.36000000,21532.24000000,21595.77000000,556.86653000,1662875999999,12021207.65008540,6139,280.10823000,6046450.78381580,0
1662876000000,21596.64000000,21639.27000000,21354.54000000,21451.94000000,851.45712000,1662879599999,18299890.72538130,9583,419.10289000,9008046.91246790,0
1662879600000,21447.99000000,21627.96000000,21436.01000000,21617.18000000,864.91388000,1662883199999,18640920.02365720,8940,430.71371000,9282769.58718150,0
1662883200000,21617.18000000,21730.00000000,21564.68000000,21678.73000000,894.41904000,1662886799999,19363592.97025830,9706,439.28152000,9509867.80925830,0
1662886800000,21678.73000000,21704.21000000,21592.40000000,21607.66000000,758.72950000,1662890399999,16424868.34981370,8006,373.09839000,8076813.35503900,0
1662890400000,21608.90000000,21683.45000000,21578.58000000,21600.36000000,682.31227000,1662893999999,14761217.15969760,7912,309.39342000,6693033.81938800,0
1662894000000,21601.08000000,21705.96000000,21598.21000000,21618.17000000,588.58222000,1662897599999,12743488.11552100,7890,257.88159000,5583644.59811940,0
1662897600000,21617.48000000,21661.03000000,21512.00000000,21621.69000000,555.24362000,1662901199999,11995352.69932730,7914,247.19014000,5340126.47125030,0
1662901200000,21621.14000000,21631.83000000,21506.14000000,21549.18000000,557.61725000,1662904799999,12025480.66329920,6878,271.62773000,5857767.89701790,0
1662904800000,21548.91000000,21573.76000000,21461.16000000,21516.90000000,705.11766000,1662908399999,15173956.37852950,8029,358.92929000,7724124.65521510,0
1662908400000,21516.60000000,21760.29000000,21502.80000000,21648.58000000,943.79249000,1662911999999,20418624.49834240,10746,480.44842000,10393912.62578950,0
1662912000000,21649.15000000,21727.72000000,21595.07000000,21683.21000000,746.25899000,1662915599999,16172348.44350710,8357,365.06997000,7911616.70699800,0
1662915600000,21684.29000000,21869.35000000,21605.16000000,21633.70000000,421.72335000,1662919199999,9157419.40900830,6676,213.47452000,4635825.97286640,0
1662919200000,21634.75000000,21687.70000000,21537.00000000,21555.61000000,857.05177000,1662922799999,18531359.52934430,9843,399.35012000,8634785.59003040,0
1662922800000,21556.48000000,21634.33000000,21547.05000000,21623.72000000,534.78906000,1662926399999,11549964.15723150,6625,250.44111000,5408900.44262750,0
1662926400000,21622.53000000,21684.33000000,21463.18000000,21640.96000000,855.99667000,1662929999999,18477983.10772850,9974,440.53840000,9509821.33675710,0
1662930000000,21637.85000000,21774.30000000,21468.55000000,21516.98000000,569.27419000,1662933599999,12317984.51746090,6928,287.62156000,6223379.86379310,0
1662933600000,21517.08000000,21690.00000000,21514.34000000,21641.27000000,1147.83327000,1662937199999,24835421.91978570,11591,575.46089000,12450848.53625260,0
1662937200000,21641.75000000,21880.00000000,21584.69000000,21832.88000000,817.35433000,1662940799999,17725201.84458810,9483,414.79052000,8995834.59168130,0
1662940800000,21832.88000000,21861.69000000,21640.43000000,21642.36000000,538.67480000,1662944399999,11718031.70663880,8085,258.54435000,5623800.77766640,0
1662944400000,21645.98000000,22371.15000000,21577.60000000,22050.00000000,1560.29837000,1662947999999,34246270.21837390,18441,810.94018000,17801042.48836560,0
1662948000000,22051.16000000,22104.40000000,21662.61000000,21771.88000000,1414.04593000,1662951599999,30875956.84786260,16446,713.60875000,15579343.80839420,0
1662951600000,21775.04000000,21837.06000000,21558.00000000,21659.85000000,1377.36974000,1662955199999,29877839.57019700,15396,725.30345000,15733474.97088660,0
1662955200000,21662.20000000,21754.02000000,21634.04000000,21720.55000000,983.01175000,1662958799999,21330022.13900500,10225,495.99763000,10762349.63554700,0
1662958800000,21719.92000000,21797.51000000,21677.70000000,21793.37000000,974.79488000,1662962399999,21196863.21321620,10253,486.94818000,10588684.97315900,0
1662962400000,21793.05000000,21852.65000000,21702.84000000,21823.95000000,1022.36756000,1662965999999,22263490.98872790,10162,512.54130000,11161384.79560420,0
1662966000000,21823.11000000,22237.80000000,21807.83000000,22201.29000000,1819.65874000,1662969599999,40067408.60498840,19834,820.65163000,18073638.34544910,0
1662969600000,22201.41000000,22338.97000000,22120.00000000,22233.39000000,1799.61690000,1662973199999,39987874.68653330,17771,885.24065000,19670764.43512700,0
1662973200000,22236.66000000,22265.00000000,22126.00000000,22170.58000000,1278.48510000,1662976799999,28391088.74781250,13254,630.15391000,13993795.14769500,0
1662976800000,22171.52000000,22230.00000000,21976.82000000,22158.58000000,987.92660000,1662980399999,21858455.08670830,12649,507.99122000,11240242.59298170,0
1662980400000,22158.58000000,22483.33000000,22106.78000000,22318.05000000,1298.46347000,1662983999999,28891219.84946020,14665,654.64532000,14565856.37142390,0
1662984000000,22319.82000000,22432.90000000,22210.93000000,22359.44000000,1099.21139000,1662987599999,24536200.31097120,13006,566.28695000,12641124.20493250,0
1662987600000,22362.86000000,22477.91000000,22282.99000000,22397.13000000,881.43170000,1662991199999,19698648.44963690,11298,442.43598000,9888671.96757310,0
1662991200000,22399.97000000,22499.99000000,22300.00000000,22320.00000000,335.75238000,1662994799999,7517265.04389280,6928,168.93252000,3782809.03882430,0
1662994800000,22323.47000000,22350.00000000,22007.33000000,22116.74000000,448.81677000,1662998399999,9962586.05385550,8229,224.22389000,4977057.22482690,0
1662998400000,22117.10000000,22273.49000000,22014.88000000,22219.26000000,462.04887000,1663001999999,10240101.49071440,9235,235.82994000,5226852.37565700,0
1663002000000,22219.01000000,22391.50000000,22142.38000000,22357.46000000,330.40096000,1663005599999,7358099.61783560,6715,168.88697000,3761734.01957860,0
1663005600000,22361.56000000,22420.66000000,22267.77000000,22403.62000000,362.99643000,1663009199999,8110409.45085810,6790,183.37948000,4097710.23904600,0
1663009200000,22403.10000000,22457.27000000,22363.97000000,22436.08000000,213.26051000,1663012799999,4780184.98297970,4267,97.11947000,2177112.64898560,0
1663012800000,22429.37000000,22499.32000000,22370.00000000,22410.81000000,203.49322000,1663016399999,4561093.59164850,4269,103.79512000,2326460.07850910,0
1663016400000,22406.11000000,22431.41000000,22250.00000000,22327.83000000,158.65164000,1663019999999,3543882.38680470,4161,75.23810000,1680854.85931090,0
1663020000000,22340.46000000,22408.77000000,22265.76000000,22324.38000000,179.53924000,1663023599999,4009478.76049760,3917,86.30470000,1927709.93149200,0
1663023600000,22330.78000000,22406.07000000,22312.73000000,22397.88000000,112.11728000,1663027199999,2506941.36648270,2755,58.42475000,1306440.69035760,0
1663027200000,22397.03000000,22450.66000000,22111.98000000,22216.82000000,909.85946000,1663030799999,20243772.29055340,11485,441.48731000,9822852.76206490,0
1663030800000,22218.65000000,22292.56000000,22157.00000000,22242.68000000,632.68279000,1663034399999,14067313.41517410,8048,325.21617000,7230737.68416110,0
1663034400000,22244.38000000,22284.53000000,22067.04000000,22263.96000000,869.12628000,1663037999999,19276660.63268570,11081,427.97669000,9492099.45924650,0
1663038000000,22263.24000000,22287.68000000,22160.00000000,22234.91000000,753.92209000,1663041599999,16750469.73883190,9124,387.04639000,8598780.63313060,0
1663041600000,22235.51000000,22372.51000000,22180.65000000,22286.94000000,790.84933000,1663045199999,17619617.94874990,10230,402.10632000,8958459.62171310,0
1663045200000,22287.96000000,22499.99000000,22269.88000000,22389.83000000,878.79564000,1663048799999,19653511.95593530,10628,470.23125000,10518228.65587920,0
1663048800000,22389.80000000,22650.00000000,22250.00000000,22324.40000000,1059.85375000,1663052399999,23750729.13658140,13576,537.39737000,12046085.86983080,0
1663052400000,22319.84000000,22441.09000000,22261.87000000,22280.27000000,821.92486000,1663055999999,18368219.33876390,10351,415.57127000,9287733.59554480,0
1663056000000,22277.49000000,22313.76000000,22186.85000000,22234.42000000,441.25146000,1663059599999,9818637.35949740,6441,216.70269000,4822078.63854860,0
1663059600000,22237.09000000,22439.02000000,22234.13000000,22389.20000000,458.98412000,1663063199999,10255081.29380940,7190,236.26577000,5278913.08278270,0
1663063200000,22386.54000000,22600.17000000,22354.19000000,22535.01000000,430.01008000,1663066799999,9664779.13185450,6701,228.00933000,5124815.48512600,0
1663066800000,22546.18000000,22720.00000000,22489.27000000,22530.00000000,710.49188000,1663070399999,16053687.86930830,10139,362.06620000,8182037.32968470,0
1663070400000,22531.61000000,22804.78000000,21274.65000000,21403.92000000,1790.37003000,1663073999999,39274655.51677590,27528,881.90558000,19359852.43795950,0
1663074000000,21400.00000000,21516.85000000,21180.00000000,21199.56000000,957.77565000,1663077599999,20465934.18637360,16110,451.77366000,9655800.83160290,0
1663077600000,21195.07000000,21266.00000000,20861.45000000,21011.68000000,758.51050000,1663081199999,16005201.27563270,12573,353.92461000,7470579.32610250,0
1663081200000,21006.25000000,21065.20000000,20750.00000000,20837.95000000,522.45726000,1663084799999,10925762.66792150,10410,271.04169000,5669479.23010080,0
1663084800000,20829.43000000,20906.37000000,20678.88000000,20769.28000000,421.90896000,1663088399999,8770345.22481900,8156,210.83825000,4383446.85342760,0
1663088400000,20765.96000000,20924.20000000,20730.00000000,20764.01000000,281.46424000,1663091999999,5856027.37509050,6148,152.77407000,3178150.35189370,0
1663092000000,20763.24000000,20792.64000000,20232.80000000,20252.28000000,612.90289000,1663095599999,12594577.37423150,11558,286.06552000,5877920.49612410,0
1663095600000,20254.84000000,20347.44000000,20051.02000000,20286.39000000,649.26092000,1663099199999,13121907.57649610,11262,314.06634000,6348326.34513200,0
1663099200000,20289.56000000,20422.92000000,20231.95000000,20238.08000000,300.11822000,1663102799999,6093078.04441590,5830,155.27989000,3152919.15044200,0
1663102800000,20238.05000000,20253.06000000,19851.00000000,20137.85000000,244.76603000,1663106399999,4919167.09673090,5375,91.74156000,1846088.90815780,0
1663106400000,20134.02000000,20266.21000000,20077.70000000,20227.15000000,351.00539000,1663109999999,7083088.56439220,6665,190.58079000,3845540.23602390,0
1663110000000,20226.72000000,20252.75000000,20104.25000000,20172.20000000,309.11323000,1663113599999,6238950.01017700,6308,162.25914000,3275935.38111060,0
1663113600000,20171.02000000,20219.18000000,20040.00000000,20198.90000000,448.05992000,1663117199999,9033489.60219360,7063,217.56235000,4386147.30353520,0
1663117200000,20195.58000000,20313.50000000,20183.38000000,20301.14000000,408.69829000,1663120799999,8284194.96105450,6067,211.78234000,4292710.80179600,0
1663120800000,20300.99000000,20535.66000000,20287.81000000,20445.33000000,573.39567000,1663124399999,11698115.70472980,8650,298.66710000,6092793.02943170,0
1663124400000,20440.01000000,20463.44000000,20300.32000000,20325.09000000,393.71732000,1663127999999,8018489.24884790,5920,190.63231000,3882387.83579580,0
1663128000000,20324.02000000,20405.84000000,20276.09000000,20388.10000000,450.54643000,1663131599999,9169802.30553180,6339,212.48414000,4324324.71877630,0
1663131600000,20387.44000000,20407.29000000,20295.39000000,20312.39000000,322.69847000,1663135199999,6567954.57415860,4429,177.24118000,3607786.38047560,0
1663135200000,20314.43000000,20328.54000000,20219.83000000,20239.77000000,368.94550000,1663138799999,7481531.79698550,5193,177.41499000,3597601.90609020,0
1663138800000,20242.14000000,20326.88000000,20135.14000000,20240.58000000,393.44351000,1663142399999,7967646.69519310,5738,195.91773000,3967992.34340590,0
1663142400000,20240.58000000,20420.00000000,20195.54000000,20383.54000000,441.33045000,1663145999999,8956377.51871250,6532,220.19435000,4468240.26789340,0
1663146000000,20381.83000000,20403.63000000,20312.15000000,20347.35000000,341.91459000,1663149599999,6959435.83537640,4814,174.04035000,3542567.49415840,0
1663149600000,20345.50000000,20384.87000000,20310.00000000,20341.54000000,351.32331000,1663153199999,7151121.80965010,5122,182.98341000,3724654.79746060,0
1663153200000,20342.61000000,20362.45000000,20082.24000000,20222.97000000,455.39617000,1663156799999,9224026.70377430,6572,219.80305000,4452775.78677830,0
1663156800000,20226.22000000,20346.93000000,20071.86000000,20315.99000000,636.88049000,1663160399999,12884588.35397970,11002,325.17237000,6579258.45967740,0
1663160400000,20312.80000000,20390.00000000,20183.15000000,20307.75000000,596.72781000,1663163999999,12113807.10500500,10005,295.28198000,5994515.26076500,0
1663164000000,20311.43000000,20317.33000000,20109.00000000,20294.33000000,592.85733000,1663167599999,11991207.49344650,10183,294.20489000,5950706.01422070,0
1663167600000,20296.13000000,20331.54000000,20159.28000000,20180.43000000,403.40817000,1663171199999,8169405.23843440,7025,193.38667000,3916437.42649850,0
1663171200000,20180.95000000,20220.16000000,20108.78000000,20141.35000000,320.28193000,1663174799999,6461845.58672750,5720,171.31231000,3456979.26894960,0
1663174800000,20145.85000000,20241.87000000,20097.48000000,20104.00000000,262.49767000,1663178399999,5294525.64857490,5082,135.66590000,2736797.83438340,0
1663178400000,20106.80000000,20131.11000000,19621.99000000,19778.79000000,837.35686000,1663181999999,16636967.21186020,15393,392.00814000,7791082.58777380,0
1663182000000,19778.52000000,20001.94000000,19702.13000000,19948.57000000,397.06179000,1663185599999,7884188.20589500,8351,203.56022000,4042644.76569800,0
1663185600000,19947.52000000,19990.54000000,19896.64000000,19946.51000000,133.60736000,1663189199999,2664964.35688960,3437,69.23168000,1380921.12201780,0
1663189200000,19948.10000000,20230.00000000,19856.77000000,20206.55000000,161.39827000,1663192799999,3232024.72001020,3993,73.92627000,1479709.90668740,0
1663192800000,20205.92000000,20394.21000000,20139.32000000,20297.16000000,374.91998000,1663196399999,7597313.66618440,7395,177.56233000,3599303.90711330,0
1663196400000,20295.67000000,20324.32000000,20190.96000000,20228.67000000,264.28535000,1663199999999,5355914.08642400,5293,118.95419000,2410827.90267200,0
1663200000000,20232.64000000,20272.90000000,20146.65000000,20159.29000000,512.32331000,1663203599999,10354203.80652220,9217,231.11280000,4671260.06802820,0
1663203600000,20162.14000000,20200.71000000,19958.84000000,20198.09000000,454.04443000,1663207199999,9126828.27670020,8313,213.53193000,4292801.39110530,0
1663207200000,20198.87000000,20200.05000000,20016.51000000,20102.42000000,351.95702000,1663210799999,7073495.71590800,7068,159.97990000,3215319.24823230,0
1663210800000,20104.08000000,20110.00000000,19927.12000000,20024.64000000,436.69560000,1663214399999,8744117.68088910,10447,211.46177000,4234842.52431760,0
1663214400000,20026.27000000,20096.82000000,19960.00000000,20031.00000000,370.70054000,1663217999999,7427394.67499620,6699,180.63047000,3619253.12171760,0
1663218000000,20030.93000000,20200.41000000,20005.83000000,20152.22000000,357.02227000,1663221599999,7174353.97105200,7529,169.04127000,3397648.87251120,0
1663221600000,20149.78000000,20308.50000000,19984.07000000,20106.57000000,1081.84403000,1663225199999,21762950.99482450,26494,478.20954000,9620077.27669160,0
1663225200000,20101.64000000,20332.20000000,20067.86000000,20209.99000000,675.52796000,1663228799999,13646803.44800190,15939,323.28946000,6531070.78842100,0
1663228800000,20206.78000000,20233.62000000,20031.79000000,20152.25000000,452.85379000,1663232399999,9110046.62246880,9062,222.79127000,4482051.92788280,0
1663232400000,20152.48000000,20200.42000000,20057.59000000,20134.23000000,452.92561000,1663235999999,9119406.95288430,8277,253.87826000,5111898.50003670,0
1663236000000,20135.54000000,20210.06000000,20102.62000000,20156.56000000,430.15899000,1663239599999,8670307.02299630,8802,273.90355000,5520936.35177400,0
1663239600000,20156.65000000,20283.89000000,20086.43000000,20150.86000000,381.91894000,1663243199999,7695874.18907910,7059,202.99779000,4091231.50457090,0
1663243200000,20146.73000000,20191.58000000,20059.76000000,20125.51000000,458.57371000,1663246799999,9232270.32239280,7538,237.84365000,4788641.58536760,0
1663246800000,20127.68000000,20146.67000000,19986.92000000,20115.89000000,564.58173000,1663250399999,11331919.21619400,10645,287.13750000,5763754.96097890,0
1663250400000,20121.24000000,20176.27000000,19637.40000000,19702.07000000,846.59303000,1663253999999,16808381.03205610,13665,477.32590000,9467757.78325750,0
1663254000000,19698.21000000,19868.85000000,19493.61000000,19736.53000000,816.34240000,1663257599999,16077183.25492080,12326,442.52810000,8717398.15753620,0
1663257600000,19737.38000000,19871.64000000,19646.34000000,19867.85000000,346.01490000,1663261199999,6841881.02935530,7032,179.20531000,3544099.75611750,0
1663261200000,19866.49000000,19942.90000000,19788.14000000,19828.12000000,331.94793000,1663264799999,6596550.85856720,6116,193.08653000,3837676.68030110,0
1663264800000,19830.00000000,19878.38000000,19731.44000000,19761.48000000,272.68665000,1663268399999,5399623.37986630,5355,137.96156000,2731728.06298570,0
1663268400000,19762.64000000,19840.03000000,19666.38000000,19778.94000000,303.00942000,1663271999999,5986204.40318110,5990,143.63220000,2837918.32682980,0
1663272000000,19784.25000000,19853.50000000,19753.78000000,19846.71000000,174.05242000,1663275599999,3448119.33689110,3590,88.61628000,1755615.34148110,0
1663275600000,19845.25000000,19890.00000000,19781.17000000,19824.06000000,199.81187000,1663279199999,3965128.77010330,4255,131.34320000,2606337.14160960,0
1663279200000,19822.90000000,19827.02000000,19578.25000000,19728.12000000,470.54863000,1663282799999,9294304.38804490,7909,290.00056000,5730910.85096520,0
1663282800000,19729.92000000,19757.07000000,19631.01000000,19701.15000000,247.48455000,1663286399999,4873148.20342180,5000,114.93830000,2263153.45970300,0
1663286400000,19702.93000000,19787.50000000,19583.40000000,19787.50000000,396.82386000,1663289999999,7820881.06820410,7230,195.55527000,3854063.89681400,0
1663290000000,19785.18000000,19814.56000000,19704.32000000,19729.34000000,376.19800000,1663293599999,7436215.72107800,5589,188.26291000,3721257.15073510,0
1663293600000,19728.34000000,19767.57000000,19676.05000000,19749.52000000,341.98413000,1663297199999,6747106.05686720,5587,172.16409000,3396788.56617640,0
1663297200000,19747.69000000,19777.52000000,19690.00000000,19742.90000000,351.25266000,1663300799999,6930969.16123980,5018,174.92891000,3451898.52550620,0
1663300800000,19742.90000000,19857.35000000,19740.14000000,19822.10000000,447.99310000,1663304399999,8869646.69142010,6509,226.53933000,4485352.71861120,0
1663304400000,19822.77000000,19840.71000000,19738.23000000,19749.84000000,377.50473000,1663307999999,7469255.13562440,5509,196.21568000,3882066.34665450,0
1663308000000,19751.51000000,19804.96000000,19730.00000000,19762.03000000,323.87789000,1663311599999,6403692.47851960,4760,165.82992000,3278868.21924600,0
1663311600000,19764.29000000,19798.57000000,19723.30000000,19737.91000000,374.17118000,1663315199999,7393317.25437320,5469,192.48032000,3803314.06783870,0
1663315200000,19739.71000000,19756.82000000,19609.61000000,19684.80000000,482.51580000,1663318799999,9500016.72619680,9559,280.55508000,5524019.22643150,0
1663318800000,19686.78000000,19790.69000000,19683.25000000,19757.15000000,345.80516000,1663322399999,6829263.19523350,5927,192.38520000,3799221.83665780,0
1663322400000,19757.15000000,19840.42000000,19740.00000000,19795.00000000,349.33525000,1663325999999,6912033.63019890,5134,178.06691000,3523326.14552380,0
1663326000000,19794.30000000,19888.02000000,19772.81000000,19863.53000000,392.44206000,1663329599999,7778736.00529180,5935,199.02570000,3944959.31871380,0
1663329600000,19868.14000000,19874.65000000,19676.38000000,19685.66000000,550.56185000,1663333199999,10894733.36460980,7766,232.13236000,4593032.61453270,0
1663333200000,19685.66000000,19780.36000000,19442.71000000,19524.76000000,590.31923000,1663336799999,11609424.13984350,8898,297.12864000,5844850.48358970,0
1663336800000,19530.00000000,19796.24000000,19500.00000000,19660.00000000,456.42231000,1663340399999,8972980.53483470,8331,250.83210000,4931524.97675390,0
1663340400000,19659.11000000,19743.97000000,19577.15000000,19663.77000000,338.73684000,1663343999999,6660787.91041130,6397,177.49145000,3489991.75887470,0
1663344000000,19658.71000000,19660.38000000,19460.00000000,19527.87000000,332.33325000,1663347599999,6496475.92529180,6742,163.91298000,3203924.36998340,0
1663347600000,19535.18000000,19553.95000000,19330.23000000,19440.74000000,476.93973000,1663351199999,9264857.09148220,8984,239.69833000,4656690.76612460,0
1663351200000,19435.97000000,19580.00000000,19375.72000000,19556.19000000,385.78221000,1663354799999,7521999.06653430,7118,209.21603000,4079561.24353820,0
1663354800000,19559.88000000,19648.02000000,19549.87000000,19616.17000000,314.12315000,1663358399999,6156041.52368570,6090,159.93555000,3134478.99579740,0
1663358400000,19616.14000000,19754.38000000,19614.08000000,19754.38000000,207.67877000,1663361999999,4088868.38957220,4064,102.76406000,2023251.08342190,0
1663362000000,19752.98000000,19818.99000000,19710.00000000,19747.21000000,83.34669000,1663365599999,1645906.37744150,2344,45.00703000,888832.88335770,0
1663365600000,19748.63000000,19772.96000000,19700.93000000,19728.42000000,204.70989000,1663369199999,4040744.33175450,4388,101.40148000,2001602.25385650,0
1663369200000,19729.25000000,19809.27000000,19692.48000000,19802.68000000,137.75928000,1663372799999,2718543.00425790,3456,71.55059000,1412073.60329100,0
1663372800000,19801.32000000,20066.44000000,19768.36000000,19946.25000000,482.16856000,1663376399999,9601725.50010530,8251,244.32846000,4864596.46968260,0
1663376400000,19947.33000000,20056.34000000,19945.95000000,20000.27000000,425.27482000,1663379999999,8506189.41570840,6397,215.76333000,4315606.66817510,0
1663380000000,19998.12000000,20010.00000000,19866.00000000,19908.31000000,314.04511000,1663383599999,6256630.17366830,5220,154.48508000,3077519.09725700,0
1663383600000,19908.29000000,19922.59000000,19876.59000000,19884.26000000,173.76294000,1663387199999,3456929.12004050,3216,90.62876000,1802959.18384590,0
1663387200000,19885.34000000,20019.79000000,19875.06000000,19936.74000000,452.51163000,1663390799999,9024017.52430520,5628,233.79047000,4663067.09963540,0
1663390800000,19934.99000000,19936.62000000,19818.30000000,19859.40000000,473.61151000,1663394399999,9406573.98736170,6237,227.60310000,4520494.46895190,0
1663394400000,19859.02000000,19876.62000000,19787.38000000,19839.62000000,361.57071000,1663397999999,7173007.54807050,4781,189.46218000,3758631.13002030,0
1663398000000,19840.24000000,19861.46000000,19797.28000000,19842.21000000,387.38948000,1663401599999,7682465.90920520,5132,206.34047000,4091944.08529760,0
1663401600000,19841.23000000,19894.48000000,19841.23000000,19877.29000000,313.53222000,1663405199999,6231398.28564040,4311,164.14326000,3262316.29442000,0
1663405200000,19878.53000000,19915.49000000,19861.03000000,19874.44000000,295.01592000,1663408799999,5865042.51566960,4646,158.99124000,3160760.66740760,0
1663408800000,19874.42000000,19902.44000000,19810.95000000,19864.94000000,320.99806000,1663412399999,6375991.62341090,4890,157.27823000,3124258.68193360,0
1663412400000,19864.21000000,19873.93000000,19808.14000000,19808.14000000,319.58703000,1663415999999,6342610.77745060,4040,161.54184000,3206176.98832690,0
1663416000000,19811.14000000,19875.90000000,19748.75000000,19858.97000000,339.81067000,1663419599999,6736521.47644190,4715,165.15073000,3274270.45971980,0
1663419600000,19859.51000000,19906.96000000,19846.64000000,19900.14000000,278.21407000,1663423199999,5528823.98765840,3886,144.30046000,2867751.26282680,0
1663423200000,19899.67000000,19958.91000000,19870.26000000,19920.64000000,371.39982000,1663426799999,7397151.58578880,4956,178.00836000,3545343.60422500,0
1663426800000,19924.58000000,20023.49000000,19879.80000000,19963.90000000,332.95691000,1663430399999,6641930.80406910,4777,171.61179000,3423237.91026960,0
1663430400000,19963.51000000,20187.68000000,19938.38000000,20129.56000000,494.63892000,1663433999999,9939841.09909720,8229,258.45061000,5193974.78256030,0
1663434000000,20132.62000000,20184.14000000,20044.09000000,20081.67000000,340.53882000,1663437599999,6848991.54546340,5274,157.58078000,3169068.22037540,0
1663437600000,20080.04000000,20102.86000000,20025.52000000,20069.25000000,337.58997000,1663441199999,6777260.50174800,4909,162.50657000,3262354.61393510,0
1663441200000,20069.57000000,20076.73000000,19978.99000000,20010.01000000,360.07190000,1663444799999,7206724.74230460,5135,176.14500000,3525301.89550110,0
1663444800000,20010.85000000,20091.05000000,19983.48000000,20080.11000000,271.96989000,1663448399999,5447063.87311290,4193,143.91800000,2882587.89348280,0
1663448400000,20082.98000000,20094.96000000,19942.90000000,20040.00000000,222.55864000,1663451999999,4461970.44326810,3825,79.64315000,1596214.24637060,0
1663452000000,20041.64000000,20142.04000000,20026.51000000,20125.23000000,146.35100000,1663455599999,2941617.91794600,3755,75.30525000,1513606.31639090,0
1663455600000,20127.82000000,20149.99000000,20092.43000000,20113.49000000,146.95235000,1663459199999,2956802.66077840,3358,75.77566000,1524711.53580040,0
1663459200000,20114.54000000,20117.57000000,19956.45000000,19984.35000000,324.21946000,1663462799999,6486875.80803510,5601,149.22539000,2985579.70281960,0
1663462800000,19988.35000000,20057.17000000,19972.26000000,19996.72000000,242.25396000,1663466399999,4848327.34462980,3979,121.98744000,2441519.72031400,0
1663466400000,19996.65000000,20046.81000000,19996.65000000,20034.23000000,101.33668000,1663469999999,2029038.07326340,2190,49.79259000,996971.25519710,0
1663470000000,20032.37000000,20038.54000000,19950.34000000,20002.54000000,225.56514000,1663473599999,4510649.40204200,3588,99.24686000,1984808.52205340,0
1663473600000,20000.18000000,20035.99000000,19954.63000000,20012.61000000,200.04424000,1663477199999,4001736.03058070,3148,99.53451000,1991177.32580120,0
1663477200000,20011.64000000,20084.91000000,19996.91000000,20071.84000000,157.93125000,1663480799999,3165752.74580430,2737,79.10786000,1585771.08110600,0
1663480800000,20073.64000000,20097.84000000,20030.90000000,20040.80000000,154.05669000,1663484399999,3091871.87874350,3103,67.18076000,1348226.82542840,0
1663484400000,20041.20000000,20089.28000000,20034.99000000,20051.81000000,196.92580000,1663487999999,3951160.97466230,3454,93.62149000,1878349.45418860,0
1663488000000,20054.29000000,20101.51000000,20024.26000000,20053.04000000,245.77926000,1663491599999,4930792.50687000,3818,128.33865000,2574774.03318240,0
1663491600000,20053.22000000,20078.27000000,19811.84000000,19834.51000000,365.03879000,1663495199999,7284157.45367510,6231,167.69174000,3345777.93242070,0
1663495200000,19832.85000000,20059.14000000,19768.70000000,19916.36000000,439.51248000,1663498799999,8752941.17433560,7335,194.21370000,3868949.83598930,0
1663498800000,19919.64000000,19951.33000000,19882.10000000,19924.04000000,241.68027000,1663502399999,4814375.72872300,4270,124.72859000,2484761.96067940,0
1663502400000,19923.43000000,20030.00000000,19862.39000000,19988.41000000,311.92656000,1663505999999,6217629.98174190,5060,152.93853000,3048433.33416160,0
1663506000000,19992.81000000,20014.34000000,19938.41000000,19963.91000000,195.75765000,1663509599999,3911675.62394780,3745,102.26185000,2043451.12139020,0
1663509600000,19963.53000000,19965.10000000,19723.92000000,19808.05000000,243.58680000,1663513199999,4837592.35935810,5521,114.38726000,2272273.39780480,0
1663513200000,19805.82000000,19876.21000000,19774.99000000,19811.49000000,269.94668000,1663516799999,5353539.75005630,5016,134.57258000,2668860.24726320,0
1663516800000,19814.05000000,19879.52000000,19637.14000000,19748.04000000,576.61605000,1663520399999,11378811.65935980,10151,269.10689000,5310694.24747250,0
1663520400000,19745.44000000,19762.08000000,19609.53000000,19630.72000000,220.53922000,1663523999999,4342106.60246620,5554,101.38009000,1995972.42087070,0
1663524000000,19631.27000000,19719.10000000,19561.28000000,19633.97000000,350.11449000,1663527599999,6881603.25722600,7254,160.40152000,3152761.72138660,0
1663527600000,19636.78000000,19746.04000000,19593.73000000,19727.11000000,344.18140000,1663531199999,6772359.09627810,5916,159.66035000,3141888.05703490,0
1663531200000,19724.90000000,19751.16000000,19671.90000000,19719.76000000,282.43069000,1663534799999,5570478.59452700,5169,129.64205000,2556989.30668970,0
1663534800000,19719.06000000,19722.13000000,19402.19000000,19460.00000000,533.13370000,1663538399999,10408484.63194120,10175,277.60835000,5418451.76143180,0
1663538400000,19455.55000000,19480.32000000,19333.47000000,19448.30000000,614.95115000,1663541999999,11932199.72477440,9279,313.27327000,6078613.66977370,0
1663542000000,19443.88000000,19529.67000000,19376.70000000,19418.47000000,473.98324000,1663545599999,9219478.86581700,6886,242.10547000,4709094.47277970,0
1663545600000,19419.35000000,19515.96000000,19389.36000000,19457.84000000,452.27594000,1663549199999,8797858.19483190,6848,230.98718000,4493080.07909410,0
1663549200000,19461.43000000,19499.35000000,19395.25000000,19446.77000000,352.72365000,1663552799999,6860944.89915720,5141,175.04164000,3404878.44928860,0
1663552800000,19447.85000000,19477.84000000,18672.77000000,18764.45000000,1339.42696000,1663556399999,25319116.21174710,18688,651.82360000,12307005.78144790,0
1663556400000,18767.65000000,18831.89000000,18702.97000000,18776.36000000,636.65338000,1663559999999,11949819.64119350,9461,306.35271000,5750326.04902470,0
1663560000000,18778.66000000,18877.14000000,18768.40000000,18816.82000000,434.63482000,1663563599999,8174753.32370040,5985,196.19971000,3690420.80428140,0
1663563600000,18816.67000000,18831.04000000,18385.55000000,18459.87000000,721.81283000,1663567199999,13490976.77043880,9501,293.76864000,5496064.44697270,0
1663567200000,18469.29000000,18573.70000000,18247.70000000,18477.78000000,1178.12795000,1663570799999,21723802.53939500,14958,501.51755000,9252901.18810780,0
1663570800000,18474.29000000,18508.54000000,18391.11000000,18471.65000000,835.81477000,1663574399999,15420742.41716040,12568,405.81605000,7487768.36265110,0
1663574400000,18471.82000000,18526.16000000,18403.90000000,18418.56000000,587.36316000,1663577999999,10845955.47159200,7682,302.47039000,5585625.46209550,0
1663578000000,18417.29000000,18473.61000000,18370.35000000,18463.65000000,514.45756000,1663581599999,9478347.50772330,7138,252.47455000,4651555.24333720,0
1663581600000,18465.51000000,18786.52000000,18438.79000000,18778.06000000,664.73660000,1663585199999,12363460.24230300,9942,345.34638000,6422695.15119330,0
1663585200000,18780.65000000,18801.21000000,18618.09000000,18684.70000000,459.72809000,1663588799999,8597392.19637020,7508,224.91679000,4206407.66202070,0
1663588800000,18687.16000000,18866.29000000,18675.51000000,18818.95000000,520.47533000,1663592399999,9757927.23668030,7739,263.44683000,4939539.78333130,0
1663592400000,18820.84000000,19183.89000000,18739.61000000,19107.42000000,717.29094000,1663595999999,13593760.06094400,11031,354.96283000,6726881.30754440,0
1663596000000,19110.11000000,19432.66000000,19017.09000000,19305.49000000,918.04410000,1663599599999,17670668.35542640,14192,437.12332000,8414525.60850170,0
1663599600000,19307.75000000,19350.00000000,19054.37000000,19083.34000000,421.24191000,1663603199999,8096780.31905880,7089,211.89222000,4073778.14604270,0
1663603200000,19084.14000000,19231.72000000,19064.36000000,19207.22000000,266.79551000,1663606799999,5114710.34125440,4791,121.74421000,2333509.67662560,0
1663606800000,19207.92000000,19220.03000000,18929.11000000,18965.86000000,289.16356000,1663610399999,5514213.14987570,5233,139.40991000,2659307.54597660,0
1663610400000,18966.55000000,19167.27000000,18881.20000000,19165.47000000,315.19953000,1663613999999,5992020.42194170,5605,163.05456000,3099757.55281080,0
1663614000000,19164.63000000,19556.80000000,19156.11000000,19515.90000000,711.93706000,1663617599999,13808423.83722690,10736,343.28639000,6659760.22599750,0
1663617600000,19514.30000000,19647.70000000,19414.58000000,19520.72000000,391.11778000,1663621199999,7636740.51735930,6588,195.84035000,3823900.92652090,0
1663621200000,19523.39000000,19686.74000000,19480.41000000,19520.00000000,147.58757000,1663624799999,2886884.45881600,3359,74.44129000,1456119.26393560,0
1663624800000,19520.00000000,19681.69000000,19462.15000000,19604.92000000,267.05708000,1663628399999,5223188.93282300,4690,143.34249000,2804008.41483570,0
1663628400000,19600.00000000,19634.82000000,19518.01000000,19539.78000000,283.65860000,1663631999999,5550225.14712360,5018,135.68250000,2654946.12716390,0
1663632000000,19535.37000000,19637.85000000,19437.62000000,19519.73000000,726.34494000,1663635599999,14183374.12724930,9138,356.52509000,6962275.68285050,0
1663635600000,19519.62000000,19524.51000000,19377.90000000,19467.61000000,577.58811000,1663639199999,11235910.50344530,6892,282.14319000,5488548.09544440,0
1663639200000,19468.59000000,19491.35000000,19209.97000000,19470.28000000,689.14789000,1663642799999,13391858.06486400,6252,290.83662000,5656299.69025100,0
1663642800000,19471.07000000,19478.85000000,19176.99000000,19365.72000000,796.47397000,1663646399999,15388272.00866660,9765,407.61604000,7873654.86007610,0
1663646400000,19364.61000000,19369.27000000,19267.78000000,19333.66000000,595.41757000,1663649999999,11500850.18843680,6485,297.08434000,5738154.39984820,0
1663650000000,19333.67000000,19436.20000000,19320.33000000,19373.22000000,296.08794000,1663653599999,5739856.25830860,4761,142.49428000,2762332.42294390,0
1663653600000,19376.65000000,19406.51000000,19312.88000000,19383.92000000,228.26502000,1663657199999,4417993.25442770,4215,121.67245000,2355124.99330770,0
1663657200000,19379.59000000,19588.50000000,19236.20000000,19362.54000000,584.15096000,1663660799999,11351707.31888300,9329,287.17067000,5581276.69465710,0
1663660800000,19359.98000000,19428.13000000,19293.23000000,19308.56000000,393.03345000,1663664399999,7604137.96052890,6546,193.09548000,3735914.76771860,0
1663664400000,19307.33000000,19331.94000000,19154.65000000,19231.82000000,412.61986000,1663667999999,7944450.12814090,7358,204.37885000,3935200.83977980,0
1663668000000,19232.84000000,19319.12000000,19179.15000000,19311.28000000,264.61220000,1663671599999,5092526.16463870,5228,136.54138000,2627805.33910280,0
1663671600000,19308.82000000,19342.15000000,19204.08000000,19221.35000000,377.46137000,1663675199999,7273386.73153010,7138,184.70069000,3559175.88469780,0
1663675200000,19221.70000000,19232.48000000,19056.56000000,19128.28000000,605.51179000,1663678799999,11583030.98702870,10922,311.04634000,5950215.68749140,0
1663678800000,19126.19000000,19138.15000000,18780.19000000,18921.14000000,1027.91262000,1663682399999,19454639.89423180,17885,530.85521000,10047315.14734120,0
1663682400000,18924.61000000,19112.81000000,18873.99000000,19069.83000000,886.90459000,1663685999999,16808278.27577030,13536,414.62605000,7859936.69406630,0
1663686000000,19068.00000000,19268.44000000,18992.50000000,19237.70000000,559.84692000,1663689599999,10701559.55348190,9410,285.03184000,5447962.30943450,0
1663689600000,19240.66000000,19319.37000000,18970.27000000,19102.95000000,820.09533000,1663693199999,15684792.53025410,13387,402.29577000,7694539.71820860,0
1663693200000,19104.26000000,19113.14000000,18715.02000000,18769.25000000,934.89322000,1663696799999,17692460.66949560,13413,446.97238000,8460090.29031240,0
1663696800000,18765.21000000,19015.95000000,18753.15000000,18973.03000000,1051.17750000,1663700399999,19870319.22517470,14628,531.64930000,10049887.13380880,0
1663700400000,18975.82000000,19103.19000000,18951.42000000,18991.72000000,864.20765000,1663703999999,16450685.09280910,11814,432.38464000,8230332.65321590,0
1663704000000,18995.15000000,19078.01000000,18935.99000000,18973.69000000,596.20913000,1663707599999,11330455.94888520,6949,286.27568000,5440479.72681290,0
1663707600000,18973.13000000,19093.27000000,18843.93000000,18885.57000000,415.21275000,1663711199999,7873302.85317650,5566,198.97807000,3773627.89051420,0
1663711200000,18878.69000000,18969.13000000,18831.90000000,18960.92000000,716.25108000,1663714799999,13553614.82431850,8765,379.98752000,7189727.09182130,0
1663714800000,18961.33000000,18972.27000000,18781.14000000,18875.41000000,746.34083000,1663718399999,14089278.95642090,8663,414.19725000,7821301.94949010,0
1663718400000,18875.73000000,18974.25000000,18830.84000000,18933.26000000,520.39337000,1663721999999,9840083.09641980,7809,242.09405000,4578977.06099330,0
1663722000000,18936.17000000,18965.24000000,18874.24000000,18887.21000000,377.61310000,1663725599999,7146738.51249200,5252,182.75003000,3458674.43128870,0
1663725600000,18888.64000000,19062.99000000,18882.21000000,19014.53000000,407.58836000,1663729199999,7745401.71663000,6171,206.52561000,3924618.20263640,0
1663729200000,19013.55000000,19032.01000000,18983.10000000,19023.59000000,191.70101000,1663732799999,3644860.41628180,3311,96.11891000,1827526.69185960,0
1663732800000,19023.61000000,19034.54000000,18963.51000000,19002.54000000,285.82227000,1663736399999,5430107.25494030,4535,134.31503000,2551740.85203450,0
1663736400000,19004.18000000,19129.11000000,18904.01000000,18924.59000000,443.69628000,1663739999999,8442575.30784610,7544,219.86149000,4183721.74797800,0
1663740000000,18922.50000000,18990.71000000,18792.70000000,18878.88000000,626.64707000,1663743599999,11838921.37412260,10787,307.76108000,5814605.18378660,0
1663743600000,18878.74000000,18975.00000000,18799.24000000,18947.79000000,543.71603000,1663747199999,10274996.32108360,7940,278.30308000,5259606.42199510,0
1663747200000,18949.86000000,18952.35000000,18824.64000000,18877.15000000,395.04527000,1663750799999,7460109.25516510,5735,179.76649000,3394522.40008930,0
1663750800000,18871.88000000,19028.40000000,18842.10000000,19002.54000000,371.82210000,1663754399999,7033214.34440550,5819,189.54285000,3585115.54115320,0
1663754400000,18998.89000000,19155.67000000,18944.15000000,19104.54000000,351.66591000,1663757999999,6696097.36968030,5857,169.15726000,3221523.89703710,0
1663758000000,19102.94000000,19205.52000000,19082.30000000,19169.92000000,386.19153000,1663761599999,7390957.47036270,6159,186.41004000,3568006.03556200,0
1663761600000,19169.90000000,19284.71000000,19119.26000000,19248.70000000,463.00138000,1663765199999,8894608.53231750,7191,220.93516000,4244674.82540000,0
1663765200000,19250.47000000,19340.63000000,19225.74000000,19276.38000000,651.79742000,1663768799999,12570431.61982470,9450,306.04172000,5902312.88176270,0
1663768800000,19273.33000000,19477.47000000,19214.20000000,19254.76000000,649.60773000,1663772399999,12567952.29838350,10614,312.73974000,6050985.65713220,0
1663772400000,19256.43000000,19310.72000000,19082.58000000,19191.26000000,510.04356000,1663775999999,9790009.52108830,9403,238.39763000,4576823.18117790,0
1663776000000,19195.74000000,19363.05000000,19173.89000000,19239.17000000,268.97870000,1663779599999,5179920.79685780,5984,132.84501000,2558355.44402940,0
1663779600000,19235.88000000,19901.00000000,19231.49000000,19892.87000000,620.30319000,1663783199999,12047926.59281250,11602,319.80829000,6212224.70329200,0
1663783200000,19892.86000000,19957.70000000,18488.09000000,19643.05000000,2442.69977000,1663786799999,46979727.11511950,44494,1198.03713000,23055295.35480160,0
1663786800000,19643.33000000,19700.00000000,18985.06000000,19011.06000000,1509.25488000,1663790399999,29100745.25237890,27840,745.24565000,14368203.86082610,0
1663790400000,19004.76000000,19072.08000000,18845.73000000,18929.33000000,413.01910000,1663793999999,7826762.74286990,9065,206.60647000,3915650.88835910,0
1663794000000,18924.99000000,18924.99000000,18340.00000000,18471.59000000,556.32305000,1663797599999,10343928.91995980,12385,293.53440000,5454999.51758160,0
1663797600000,18471.43000000,18505.04000000,18130.00000000,18491.85000000,995.04298000,1663801199999,18254266.68272990,13803,491.78549000,9025161.65267070,0
1663801200000,18491.17000000,18585.03000000,18423.00000000,18462.23000000,364.38930000,1663804799999,6742813.36585330,7370,171.48674000,3173324.05292560,0
1663804800000,18460.01000000,18549.63000000,18359.22000000,18395.17000000,810.69490000,1663808399999,14954006.30914170,11370,414.78955000,7650847.54682360,0
1663808400000,18391.40000000,18525.45000000,18360.00000000,18520.08000000,658.40899000,1663811999999,12141385.15293140,9002,334.22903000,6163636.46944190,0
1663812000000,18514.62000000,18769.71000000,18481.37000000,18742.55000000,754.11428000,1663815599999,14012165.44066250,11109,387.26166000,7195418.85115180,0
1663815600000,18742.56000000,18786.52000000,18640.14000000,18691.71000000,711.20249000,1663819199999,13305777.85454050,11156,356.77446000,6675337.50910680,0
1663819200000,18692.18000000,18806.90000000,18662.39000000,18706.35000000,686.06707000,1663822799999,12842135.00520350,9643,360.56917000,6749091.33228710,0
1663822800000,18704.61000000,18733.83000000,18620.00000000,18671.61000000,677.72400000,1663826399999,12661611.01152140,8729,373.78995000,6984214.11335580,0
1663826400000,18669.39000000,18876.94000000,18662.24000000,18770.73000000,825.73780000,1663829999999,15492842.95808510,11917,420.17950000,7883799.64010320,0
1663830000000,18767.49000000,18969.56000000,18730.20000000,18932.04000000,661.34859000,1663833599999,12466496.24805890,9560,344.67056000,6498086.24584580,0
1663833600000,18935.32000000,19282.00000000,18907.58000000,19212.51000000,819.80185000,1663837199999,15643570.58892690,12760,411.92203000,7860934.60956690,0
1663837200000,19204.94000000,19235.48000000,19094.53000000,19185.07000000,593.61973000,1663840799999,11376128.55592230,8382,298.16238000,5713969.94230690,0
1663840800000,19181.88000000,19241.50000000,19078.77000000,19153.01000000,392.01936000,1663844399999,7510650.77088880,6281,190.20267000,3644302.01854080,0
1663844400000,19152.37000000,19271.73000000,19030.18000000,19230.06000000,559.61762000,1663847999999,10711518.38752780,8275,277.01386000,5302748.02288990,0
1663848000000,19232.13000000,19313.46000000,19106.40000000,19202.90000000,642.81198000,1663851599999,12359152.60819960,8967,312.74838000,6013383.37432530,0
1663851600000,19201.46000000,19219.53000000,18878.50000000,18878.50000000,685.36171000,1663855199999,13074500.31871940,11911,338.85420000,6464745.20873400,0
1663855200000,18898.83000000,19073.69000000,18852.61000000,18881.95000000,509.47971000,1663858799999,9665559.71186320,8966,250.86637000,4759111.18650610,0
1663858800000,18878.77000000,19026.40000000,18798.84000000,18993.34000000,444.70793000,1663862399999,8411139.55011200,7225,234.41869000,4435256.72636890,0
1663862400000,18986.42000000,19092.81000000,18782.38000000,19040.96000000,407.67662000,1663865999999,7728192.04913140,7510,205.24943000,3891637.33615650,0
1663866000000,19036.98000000,19118.42000000,18943.71000000,19072.64000000,324.05833000,1663869599999,6169166.37881730,5743,163.50442000,3112691.05968650,0
1663869600000,19066.03000000,19218.84000000,18967.30000000,19190.96000000,374.80594000,1663873199999,7153590.32226370,6071,196.06354000,3742936.79038880,0
1663873200000,19193.15000000,19492.83000000,19191.61000000,19307.25000000,570.73504000,1663876799999,11030101.06433510,8972,330.47131000,6387210.53774490,0
1663876800000,19305.12000000,19357.87000000,19239.62000000,19248.11000000,256.90548000,1663880399999,4957266.17212690,4289,129.05181000,2490056.62668150,0
1663880400000,19249.08000000,19288.03000000,19156.69000000,19174.01000000,96.10723000,1663883999999,1847996.15497920,2103,43.83987000,842878.77119860,0
1663884000000,19176.72000000,19435.05000000,19174.17000000,19395.90000000,272.45458000,1663887599999,5269502.71760730,4328,137.93783000,2667558.64386390,0
1663887600000,19396.75000000,19539.66000000,19359.17000000,19401.41000000,313.49874000,1663891199999,6091076.58796600,5337,145.81349000,2833444.09894800,0
1663891200000,19400.51000000,19466.59000000,19303.68000000,19307.05000000,304.55055000,1663894799999,5898373.31738660,4987,153.99980000,2982454.15098550,0
1663894800000,19308.26000000,19379.68000000,19224.48000000,19355.07000000,362.78921000,1663898399999,7007355.64538430,5011,185.37817000,3580831.63510330,0
1663898400000,19356.03000000,19360.58000000,19232.35000000,19295.21000000,338.15756000,1663901999999,6525509.82397590,4556,169.14208000,3263771.62181260,0
1663902000000,19294.33000000,19448.38000000,19281.56000000,19390.47000000,535.71600000,1663905599999,10387627.23920100,6762,243.04664000,4712692.20112760,0
1663905600000,19394.02000000,19500.00000000,19313.58000000,19411.15000000,420.30287000,1663909199999,8160425.29889030,6058,215.17106000,4177950.27188190,0
1663909200000,19411.82000000,19464.06000000,19356.75000000,19356.75000000,356.88911000,1663912799999,6925134.33692770,4966,178.71113000,3467815.06670270,0
1663912800000,19357.30000000,19418.42000000,19315.43000000,19331.25000000,318.10427000,1663916399999,6158105.14599450,4515,165.33134000,3200755.91737670,0
1663916400000,19330.81000000,19334.71000000,19200.78000000,19223.08000000,432.26638000,1663919999999,8328577.83041240,6548,230.38875000,4438537.85150710,0
1663920000000,19224.51000000,19271.53000000,19026.00000000,19069.43000000,446.76678000,1663923599999,8554127.41179380,6936,203.70723000,3900478.21025430,0
1663923600000,19069.72000000,19145.55000000,18962.27000000,19083.76000000,409.62519000,1663927199999,7806208.96345460,6585,210.80214000,4017292.27792010,0
1663927200000,19084.75000000,19119.84000000,18914.60000000,18966.90000000,411.91172000,1663930799999,7852068.46900260,6070,203.56751000,3881158.75043780,0
1663930800000,18962.45000000,18994.21000000,18834.53000000,18861.05000000,398.21396000,1663934399999,7529627.23092430,6929,193.53725000,3659598.89076450,0
1663934400000,18863.00000000,18962.25000000,18825.30000000,18895.48000000,366.07243000,1663937999999,6916620.19761970,5897,185.71995000,3509240.19233360,0
1663938000000,18894.11000000,19074.94000000,18623.58000000,18639.54000000,660.74819000,1663941599999,12494703.78542700,10879,338.58424000,6402607.26651340,0
1663941600000,18637.62000000,18749.31000000,18532.79000000,18677.18000000,502.28794000,1663945199999,9360968.09132510,8597,262.32170000,4888650.16151150,0
1663945200000,18676.23000000,18857.64000000,18587.18000000,18718.13000000,352.83065000,1663948799999,6605691.07056590,6786,169.84240000,3180380.38613980,0
1663948800000,18712.01000000,18786.72000000,18574.26000000,18765.46000000,352.28635000,1663952399999,6578847.66776260,6249,172.57935000,3223126.69890390,0
1663952400000,18768.72000000,18854.59000000,18631.54000000,18771.71000000,353.53469000,1663955999999,6629435.29414670,6181,184.64637000,3462544.82643120,0
1663956000000,18772.73000000,18830.16000000,18620.00000000,18634.83000000,421.43035000,1663959599999,7885520.62266710,7182,199.93733000,3742043.39250250,0
1663959600000,18632.91000000,18827.93000000,18625.23000000,18807.98000000,373.13061000,1663963199999,6987022.27512900,6455,187.31638000,3508392.51993130,0
1663963200000,18814.82000000,18954.66000000,18810.92000000,18850.44000000,251.74166000,1663966799999,4753269.64588980,3666,107.86845000,2037747.54852600,0
1663966800000,18854.79000000,19043.69000000,18801.78000000,19011.00000000,179.19360000,1663970399999,3386200.17311720,2811,116.84390000,2207338.01755540,0
1663970400000,19015.46000000,19340.94000000,18996.31000000,19330.80000000,949.29235000,1663973999999,18203267.14647950,7079,283.05016000,5428074.54443250,0
1663974000000,19330.80000000,19405.16000000,19233.99000000,19284.55000000,237.23789000,1663977599999,4589701.47595440,2912,118.84864000,2299422.45147200,0
1663977600000,19290.04000000,19311.79000000,19071.35000000,19145.77000000,690.09871000,1663981199999,13229652.76694290,7549,269.73149000,5172109.99200340,0
1663981200000,19148.74000000,19221.25000000,19074.40000000,19117.73000000,375.53287000,1663984799999,7192208.66506620,5315,184.47133000,3533111.69231870,0
1663984800000,19120.30000000,19194.99000000,19075.73000000,19127.29000000,510.18776000,1663988399999,9764079.30785490,6446,253.65035000,4854106.37750340,0
1663988400000,19128.98000000,19148.71000000,19029.31000000,19122.61000000,378.06655000,1663991999999,7220398.29263090,5076,190.80540000,3644118.12134250,0
1663992000000,19122.81000000,19186.03000000,19084.75000000,19163.68000000,316.77503000,1663995599999,6060305.55183810,4092,156.58983000,2995816.14066470,0
1663995600000,19165.95000000,19173.45000000,19095.68000000,19136.41000000,327.71478000,1663999199999,6270338.63311040,4491,160.97412000,3080138.27198370,0
1663999200000,19138.29000000,19162.43000000,19056.54000000,19078.08000000,349.02646000,1664002799999,6666320.82435460,4371,178.25227000,3404521.67528570,0
1664002800000,19078.62000000,19084.94000000,18927.49000000,18996.31000000,513.92524000,1664006399999,9765952.19025460,6413,251.92169000,4786799.24544080,0
1664006400000,18997.77000000,19085.47000000,18940.64000000,19082.04000000,544.34647000,1664009999999,10344905.24488740,6593,274.39032000,5214944.86729690,0
1664010000000,19082.95000000,19117.55000000,18965.27000000,19026.27000000,358.33311000,1664013599999,6824146.76998590,5003,168.63288000,3211475.32386040,0
1664013600000,19025.15000000,19070.08000000,18977.85000000,19038.01000000,335.82486000,1664017199999,6389809.03998860,4747,171.00967000,3253902.72646670,0
1664017200000,19038.82000000,19095.56000000,19002.88000000,19051.86000000,347.00638000,1664020799999,6612365.68737400,4666,168.31131000,3207320.63653210,0
1664020800000,19053.47000000,19200.60000000,19051.93000000,19154.55000000,500.34105000,1664024399999,9567212.50067590,6303,250.49598000,4790155.47713950,0
1664024400000,19156.56000000,19225.01000000,19109.03000000,19118.42000000,451.06227000,1664027999999,8638277.64927290,6029,213.79883000,4093891.20367750,0
1664028000000,19120.52000000,19138.87000000,19011.26000000,19086.73000000,446.88164000,1664031599999,8534734.20435520,5649,212.48813000,4058309.45148210,0
1664031600000,19087.64000000,19126.33000000,19013.10000000,19121.10000000,450.54653000,1664035199999,8589622.35611480,5951,223.20639000,4255785.56252740,0
1664035200000,19127.42000000,19194.99000000,19082.83000000,19094.65000000,418.96511000,1664038799999,8010773.71735440,5633,199.43545000,3813387.44027880,0
1664038800000,19096.29000000,19175.32000000,19057.66000000,19086.86000000,268.04667000,1664042399999,5122410.71896930,4299,119.91083000,2292003.79096760,0
1664042400000,19090.08000000,19140.00000000,19051.60000000,19129.16000000,179.70532000,1664045999999,3430549.94425880,2979,85.33724000,1629098.44761970,0
1664046000000,19131.28000000,19137.72000000,19087.58000000,19103.97000000,235.24006000,1664049599999,4494825.19867590,3364,109.99932000,2101704.11664440,0
1664049600000,19102.72000000,19152.26000000,19077.01000000,19143.16000000,209.91272000,1664053199999,4010940.38785190,3070,108.95758000,2081926.39130180,0
1664053200000,19141.69000000,19151.07000000,18800.00000000,18949.72000000,339.34513000,1664056799999,6446297.34206430,4930,154.03188000,2926268.03178520,0
1664056800000,18952.92000000,18952.92000000,18807.73000000,18885.87000000,560.16190000,1664060399999,10585981.86494830,7714,290.52610000,5490481.18897950,0
1664060400000,18887.26000000,18954.88000000,18858.65000000,18923.19000000,476.22206000,1664063999999,9007307.22923320,6507,237.66537000,4495220.04701250,0
1664064000000,18922.45000000,18992.00000000,18915.59000000,18960.66000000,303.19012000,1664067599999,5746706.46736750,5055,148.80095000,2820408.79490120,0
1664067600000,18963.43000000,18995.58000000,18917.98000000,18977.69000000,332.77164000,1664071199999,6309418.51047460,4393,164.16729000,3112612.83895000,0
1664071200000,18978.84000000,18984.04000000,18918.98000000,18947.79000000,259.16538000,1664074799999,4911992.48921290,3772,127.04735000,2408006.19549070,0
1664074800000,18949.39000000,19061.86000000,18932.44000000,19053.09000000,418.90117000,1664078399999,7965329.85200830,5407,209.50052000,3983077.18774890,0
1664078400000,19055.89000000,19071.33000000,18997.30000000,19009.42000000,179.28259000,1664081999999,3411438.07144040,2907,85.61164000,1629170.60798230,0
1664082000000,19010.70000000,19038.55000000,18941.86000000,18994.31000000,289.43567000,1664085599999,5495796.69978000,4023,150.99252000,2866928.90472820,0
1664085600000,18994.11000000,19070.25000000,18984.02000000,19026.39000000,226.52077000,1664089199999,4309034.98062380,3731,109.73411000,2087465.01103340,0
1664089200000,19026.39000000,19135.70000000,19009.54000000,19099.33000000,441.23789000,1664092799999,8418460.71358770,5723,224.89668000,4290541.76619140,0
1664092800000,19100.43000000,19123.92000000,19071.15000000,19084.33000000,289.80122000,1664096399999,5533780.39305390,4276,138.71858000,2648847.49248970,0
1664096400000,19085.00000000,19094.98000000,19028.73000000,19042.64000000,197.02657000,1664099999999,3755537.18041700,3021,95.94887000,1829000.98169840,0
1664100000000,19041.57000000,19104.92000000,18985.42000000,19071.18000000,225.31282000,1664103599999,4293371.12504450,3603,109.36416000,2084013.21872670,0
1664103600000,19072.89000000,19271.53000000,19070.06000000,19126.06000000,712.44493000,1664107199999,13625925.42657480,7791,416.41784000,7970484.97051900,0
1664107200000,19120.05000000,19145.31000000,19050.66000000,19089.74000000,212.21165000,1664110799999,4053833.53834060,3403,105.52607000,2015851.84815980,0
1664110800000,19089.76000000,19091.31000000,18871.05000000,18935.34000000,526.99513000,1664114399999,9998056.54686420,7373,236.71396000,4491123.52256640,0
1664114400000,18936.47000000,18958.96000000,18844.98000000,18917.88000000,374.33141000,1664117999999,7077983.02137670,5401,186.98093000,3535594.47715010,0
1664118000000,18920.14000000,19012.01000000,18912.57000000,18989.24000000,276.62856000,1664121599999,5248447.48235710,3870,142.10797000,2696185.22298580,0
1664121600000,18993.09000000,19127.69000000,18951.04000000,18974.23000000,422.55868000,1664125199999,8046838.35279880,6265,204.46249000,3893748.81210300,0
1664125200000,18972.82000000,19032.80000000,18872.33000000,19005.75000000,412.46013000,1664128799999,7811062.31454620,6847,206.44972000,3909496.73201110,0
1664128800000,19006.57000000,19015.24000000,18868.00000000,18939.05000000,400.35343000,1664132399999,7585780.86292110,6062,188.68790000,3575635.51491890,0
1664132400000,18934.52000000,18996.67000000,18868.15000000,18916.51000000,370.11492000,1664135999999,7008616.96801170,6077,179.82058000,3405446.48114460,0
1664136000000,18915.49000000,18958.22000000,18886.78000000,18903.83000000,292.87306000,1664139599999,5541338.27066890,4582,150.65830000,2850601.46800760,0
1664139600000,18905.98000000,18946.31000000,18700.00000000,18745.77000000,252.53625000,1664143199999,4765055.12120240,3667,129.80973000,2449594.16494830,0
1664143200000,18740.75000000,18905.34000000,18630.22000000,18787.45000000,538.23700000,1664146799999,10116041.24738660,7082,264.05109000,4964060.90372620,0
1664146800000,18789.29000000,18846.11000000,18732.74000000,18809.10000000,342.62321000,1664150399999,6437613.74986810,4716,171.88231000,3229273.35192260,0
1664150400000,18807.93000000,18956.70000000,18748.61000000,18772.71000000,461.07487000,1664153999999,8687101.60933680,6605,226.26188000,4263242.30629330,0
1664154000000,18772.14000000,18916.25000000,18720.78000000,18880.51000000,589.74400000,1664157599999,11099757.72192260,7406,299.29006000,5632780.38160330,0
1664157600000,18882.14000000,18944.08000000,18840.06000000,18851.44000000,347.10961000,1664161199999,6555982.10105980,5126,178.61418000,3373692.90744900,0
1664161200000,18856.07000000,18948.04000000,18832.48000000,18873.55000000,199.91602000,1664164799999,3773929.96057450,2781,95.51901000,1803114.82391500,0
1664164800000,18873.83000000,18919.00000000,18800.00000000,18810.68000000,172.94675000,1664168399999,3264109.44645950,2868,78.77844000,1486940.10040200,0
1664168400000,18811.22000000,18826.61000000,18740.00000000,18773.58000000,236.85814000,1664171999999,4450145.34442490,3477,110.99527000,2085571.45184140,0
1664172000000,18771.28000000,18832.03000000,18692.15000000,18701.37000000,306.63236000,1664175599999,5743976.77296560,3978,156.89538000,2939262.29417770,0
1664175600000,18703.18000000,18942.23000000,18681.05000000,18911.80000000,407.40046000,1664179199999,7684406.02488550,6626,217.37872000,4100025.36866850,0
1664179200000,18912.30000000,19298.76000000,18900.29000000,19275.37000000,432.91971000,1664182799999,8280620.71077180,5041,226.38863000,4330124.09216630,0
1664182800000,19277.31000000,19323.14000000,19065.40000000,19084.16000000,448.30444000,1664186399999,8604755.60343890,5136,227.86037000,4372835.23897310,0
1664186400000,19089.31000000,19185.27000000,19034.18000000,19094.43000000,220.50735000,1664189999999,4214688.52322010,3551,110.34249000,2109168.52084590,0
1664190000000,19095.04000000,19119.22000000,18804.93000000,18875.94000000,340.33553000,1664193599999,6440793.03288820,4830,161.28576000,3052850.56050740,0
1664193600000,18880.37000000,19143.74000000,18819.54000000,19092.40000000,302.96794000,1664197199999,5746563.57154390,5158,164.29737000,3117170.03886370,0
1664197200000,19098.45000000,19240.44000000,19028.73000000,19189.99000000,402.18871000,1664200799999,7694650.79446190,5809,201.99304000,3865117.92127300,0
1664200800000,19197.42000000,19283.81000000,19110.29000000,19137.58000000,444.79359000,1664204399999,8534290.01775870,5136,216.66583000,4157807.11635300,0
1664204400000,19137.75000000,19143.54000000,18980.74000000,19109.30000000,468.16226000,1664207999999,8928917.08220690,5578,244.32079000,4660249.20734180,0
1664208000000,19112.10000000,19120.00000000,18969.53000000,19088.70000000,286.32687000,1664211599999,5457159.37450850,3581,126.87611000,2418374.29604580,0
1664211600000,19087.75000000,19156.32000000,18981.11000000,19116.64000000,269.94004000,1664215199999,5147105.82995810,2990,131.65283000,2510903.30496390,0
1664215200000,19114.73000000,19219.20000000,19069.06000000,19177.62000000,268.04113000,1664218799999,5133196.01908340,2669,148.42364000,2842588.27760760,0
1664218800000,19175.83000000,19280.91000000,19119.85000000,19205.07000000,348.00322000,1664222399999,6678106.36098000,3809,170.23216000,3267026.88176270,0
1664222400000,19200.90000000,19209.93000000,19101.66000000,19113.58000000,211.92597000,1664225999999,4058348.88319620,2125,103.85876000,1988996.49060390,0
1664226000000,19116.10000000,19146.62000000,19075.31000000,19101.77000000,87.02133000,1664229599999,1663605.60176950,975,44.77478000,856022.22766530,0
1664229600000,19103.28000000,19211.68000000,19073.23000000,19138.07000000,207.64627000,1664233199999,3972870.34916170,1837,108.15926000,2069655.47512960,0
1664233200000,19142.26000000,19245.00000000,19117.28000000,19228.30000000,207.50480000,1664236799999,3986583.31984320,1253,151.66631000,2914508.72189210,0
1664236800000,19226.94000000,19373.33000000,19186.93000000,19346.30000000,237.85520000,1664240399999,4587645.98278240,2737,115.27608000,2223865.33382010,0
1664240400000,19347.77000000,19887.67000000,19330.03000000,19767.75000000,714.51207000,1664243999999,14054460.22825960,7657,379.72394000,7466297.85291390,0
1664244000000,19765.88000000,20075.00000000,19673.98000000,20062.32000000,412.40336000,1664247599999,8175919.67659910,4406,224.71594000,4457949.68322200,0
1664247600000,20049.12000000,20301.00000000,19951.36000000,20104.27000000,680.14600000,1664251199999,13687669.65423970,8583,342.03006000,6884849.15233770,0
1664251200000,20100.11000000,20149.20000000,19984.07000000,20047.41000000,249.99676000,1664254799999,5015975.12648790,3292,132.16398000,2652131.94238960,0
1664254800000,20050.98000000,20230.89000000,19963.31000000,20200.00000000,290.70042000,1664258399999,5840533.05512660,3721,149.07901000,2996574.61743140,0
1664258400000,20206.95000000,20407.18000000,20136.36000000,20200.50000000,440.06006000,1664261999999,8912025.22741020,4929,246.57380000,4996516.85294460,0
1664262000000,20199.78000000,20291.40000000,20170.27000000,20187.96000000,218.45097000,1664265599999,4418621.93000700,3061,96.56584000,1953473.19706910,0
1664265600000,20189.19000000,20230.00000000,20105.24000000,20139.28000000,169.11306000,1664269199999,3412489.24461970,2066,88.30734000,1782190.74776450,0
1664269200000,20148.93000000,20216.23000000,20093.12000000,20180.00000000,222.01268000,1664272799999,4473149.11209100,2241,120.43835000,2426399.83907670,0
1664272800000,20185.97000000,20278.58000000,20177.87000000,20221.55000000,234.60415000,1664276399999,4746305.62993990,2428,115.53432000,2337282.83312320,0
1664276400000,20220.64000000,20337.74000000,20176.06000000,20224.89000000,256.33654000,1664279999999,5188476.13916390,3261,123.53451000,2500537.97281640,0
1664280000000,20228.74000000,20385.00000000,20207.91000000,20275.95000000,241.51793000,1664283599999,4903068.56168070,3329,115.23567000,2339883.30854100,0
1664283600000,20274.91000000,20350.00000000,20098.96000000,20192.78000000,351.08031000,1664287199999,7087659.13678240,5144,175.73687000,3547862.27103710,0
1664287200000,20198.99000000,20245.25000000,20083.85000000,20210.00000000,282.80368000,1664290799999,5705554.01121200,4125,128.16253000,2585732.61776390,0
1664290800000,20210.06000000,20255.30000000,19863.22000000,19888.71000000,182.38108000,1664294399999,3660358.52734940,3132,70.42118000,1412779.06733370,0
1664294400000,19895.58000000,19948.52000000,18935.12000000,19113.68000000,1245.10150000,1664297999999,24272623.43464610,13721,687.09284000,13418513.37523390,0
1664298000000,19112.54000000,19116.43000000,18869.22000000,18964.78000000,463.60813000,1664301599999,8790325.89276260,5023,251.10326000,4761137.67662620,0
1664301600000,18961.56000000,19168.88000000,18817.79000000,19147.53000000,358.16125000,1664305199999,6801362.07971420,4094,187.48828000,3560745.06462370,0
1664305200000,19148.48000000,19177.38000000,18964.86000000,19081.12000000,239.71302000,1664308799999,4574180.26028860,3030,118.00776000,2251744.40902780,0
1664308800000,19081.13000000,19104.74000000,18954.83000000,19079.18000000,212.87165000,1664312399999,4050489.92234090,2014,102.81219000,1956408.76283160,0
1664312400000,19076.68000000,19079.10000000,18934.11000000,18994.64000000,108.93555000,1664315999999,2070623.54951150,1282,55.28788000,1050758.31192490,0
1664316000000,19003.91000000,19103.30000000,18928.37000000,19072.99000000,188.84609000,1664319599999,3593956.57972170,1841,98.44486000,1874142.33112950,0
1664319600000,19082.21000000,19166.25000000,19066.10000000,19076.71000000,105.19762000,1664323199999,2010598.19086210,1414,48.69183000,930746.19740480,0
1664323200000,19081.07000000,19238.35000000,19069.64000000,19097.28000000,152.84865000,1664326799999,2926872.52003240,1854,73.52691000,1407948.98574190,0
1664326800000,19097.98000000,19149.38000000,18936.04000000,18997.70000000,196.23463000,1664330399999,3730583.70833470,2485,94.58163000,1798349.47860140,0
1664330400000,19005.64000000,19025.40000000,18463.86000000,18640.09000000,540.70169000,1664333999999,10105776.55193240,6852,252.42906000,4718694.30627800,0
1664334000000,18638.79000000,18777.99000000,18626.51000000,18743.98000000,413.60472000,1664337599999,7739858.04100840,4100,205.20053000,3840443.42018120,0
1664337600000,18745.28000000,18825.08000000,18711.08000000,18763.86000000,490.69004000,1664341199999,9204237.05956250,3750,239.70409000,4496385.20392650,0
1664341200000,18762.11000000,18830.84000000,18659.94000000,18822.68000000,455.50190000,1664344799999,8543298.69086440,3639,232.74654000,4365402.22548800,0
1664344800000,18824.23000000,18879.67000000,18687.41000000,18695.72000000,548.52690000,1664348399999,10301816.74968030,4260,280.18870000,5262016.54790560,0
1664348400000,18698.22000000,18808.69000000,18619.98000000,18781.43000000,645.26193000,1664351999999,12086761.40624890,4912,331.68478000,6213693.52735700,0
1664352000000,18783.72000000,18806.88000000,18696.59000000,18738.53000000,506.33298000,1664355599999,9487413.98674190,4086,263.32766000,4934258.39231350,0
1664355600000,18740.97000000,18743.53000000,18561.54000000,18647.80000000,428.77702000,1664359199999,7995994.23350000,3725,205.97228000,3841338.14431540,0
1664359200000,18646.11000000,19148.90000000,18575.21000000,19007.68000000,677.74297000,1664362799999,12779665.10628140,7012,351.13964000,6623211.02349570,0
1664362800000,19005.51000000,19037.36000000,18860.54000000,18950.00000000,386.03526000,1664366399999,7301134.45998590,3870,195.20865000,3692169.08226490,0
1664366400000,18953.59000000,19139.55000000,18942.16000000,19070.80000000,435.93760000,1664369999999,8303826.49143960,4199,226.52071000,4314787.48894060,0
1664370000000,19070.47000000,19200.92000000,19014.89000000,19128.20000000,389.93439000,1664373599999,7452441.39880610,4617,200.52915000,3832554.34428660,0
1664373600000,19124.32000000,19475.02000000,19043.70000000,19383.75000000,465.63446000,1664377199999,8970279.94808680,5739,239.82547000,4619617.57599290,0
1664377200000,19382.51000000,19509.40000000,19352.80000000,19487.39000000,354.94770000,1664380799999,6897836.37561790,4094,184.45864000,3584805.37564510,0
1664380800000,19492.35000000,19660.00000000,19470.00000000,19507.32000000,446.77169000,1664384399999,8737116.19441630,5036,237.79661000,4650359.34248520,0
1664384400000,19509.03000000,19607.67000000,19260.88000000,19345.63000000,359.06017000,1664387999999,6999358.11772830,4020,183.73927000,3581289.91646910,0
1664388000000,19347.48000000,19630.03000000,19282.02000000,19554.76000000,281.41333000,1664391599999,5478357.16693080,3142,143.25082000,2788444.11818820,0
1664391600000,19558.41000000,19656.88000000,19461.36000000,19544.57000000,299.80031000,1664395199999,5859365.92560050,2996,147.94929000,2891779.94706030,0
1664395200000,19549.03000000,19648.30000000,19493.66000000,19564.70000000,269.19889000,1664398799999,5263468.39690950,2680,145.02904000,2835801.91939800,0
1664398800000,19569.99000000,19769.12000000,19521.96000000,19614.70000000,161.25223000,1664402399999,3158530.82747860,1904,80.11195000,1569318.25604070,0
1664402400000,19619.99000000,19663.99000000,19415.85000000,19484.62000000,88.07430000,1664405999999,1720552.12528860,1565,44.01204000,860131.44255550,0
1664406000000,19486.22000000,19584.30000000,19387.76000000,19415.11000000,82.86465000,1664409599999,1615209.85998110,1311,44.98531000,877083.03942820,0
1664409600000,19418.54000000,19525.38000000,19365.79000000,19435.33000000,100.66843000,1664413199999,1959430.93501930,1501,39.51613000,769026.44905190,0
1664413200000,19432.24000000,19600.00000000,19421.43000000,19494.78000000,72.31239000,1664416799999,1410905.07550790,1268,38.18931000,745277.02235480,0
1664416800000,19496.71000000,19527.13000000,19288.00000000,19440.48000000,62.05393000,1664420399999,1205048.56194710,1277,32.91919000,639435.27125620,0
