1690848000000,29230.03000000,29286.84000000,29206.60000000,29283.17000000,6.40165000,1690851599999,187213.96708830,142,2.44423000,71446.12957020,0
1690851600000,29279.75000000,29341.53000000,29169.48000000,29195.62000000,10.75975000,1690855199999,315127.72518600,218,4.82495000,141287.72762360,0
1690855200000,29196.74000000,29212.42000000,28687.77000000,28923.46000000,61.82455000,1690858799999,1790876.97617630,984,22.74550000,658389.60226540,0
1690858800000,28923.42000000,28941.39000000,28805.59000000,28818.27000000,29.24180000,1690862399999,844605.21005690,461,11.24074000,324650.04104840,0
1690862400000,28816.60000000,28916.25000000,28800.01000000,28855.69000000,17.97143000,1690865999999,518563.94767990,374,9.30795000,268520.82708480,0
1690866000000,28852.17000000,28913.72000000,28845.41000000,28911.26000000,5.41158000,1690869599999,156302.95199210,181,3.61540000,104412.31456290,0
1690869600000,28914.66000000,28961.51000000,28899.05000000,28913.31000000,14.15481000,1690873199999,409435.07605050,265,8.43385000,243912.31900250,0
1690873200000,28911.98000000,28933.13000000,28892.47000000,28929.25000000,15.56258000,1690876799999,449925.85824600,293,9.29795000,268786.78654430,0
1690876800000,28929.24000000,28985.68000000,28900.68000000,28985.68000000,18.34928000,1690880399999,531016.01303800,263,6.83314000,197744.66109660,0
1690880400000,28984.63000000,28984.63000000,28915.83000000,28916.38000000,11.21337000,1690883999999,324732.41574330,150,1.97153000,57041.01364840,0
1690884000000,28914.30000000,28930.75000000,28884.12000000,28917.15000000,13.22227000,1690887599999,382178.70872770,216,8.77011000,253500.86191770,0
1690887600000,28919.91000000,28919.91000000,28847.07000000,28847.07000000,7.12508000,1690891199999,205705.87786580,195,5.05949000,146077.94197430,0
1690891200000,28848.64000000,28911.72000000,28739.68000000,28864.58000000,29.85753000,1690894799999,861224.22350010,436,16.67240000,480817.01186810,0
1690894800000,28863.17000000,28899.83000000,28852.13000000,28858.68000000,12.35771000,1690898399999,356867.63558780,281,4.76459000,137531.40855150,0
1690898400000,28855.61000000,28888.16000000,28779.86000000,28813.12000000,12.46546000,1690901999999,359429.06670980,376,8.39759000,242157.97215080,0
1690902000000,28813.54000000,28956.88000000,28564.10000000,28930.65000000,93.98504000,1690905599999,2705295.60358730,1403,41.65199000,1198566.48030560,0
1690905600000,28940.84000000,29028.39000000,28846.43000000,28918.22000000,65.87974000,1690909199999,1907144.63020370,705,37.43970000,1083741.07103860,0
1690909200000,28916.15000000,28968.31000000,28908.92000000,28934.99000000,21.07777000,1690912799999,609940.42462670,284,10.26978000,297127.22580250,0
1690912800000,28939.28000000,29250.09000000,28939.28000000,29250.09000000,55.37460000,1690916399999,1611485.59742960,680,31.81474000,925734.45808910,0
1690916400000,29251.60000000,29310.57000000,29203.52000000,29261.64000000,40.67889000,1690919999999,1189882.20833930,523,20.13426000,588839.56342630,0
1690920000000,29260.05000000,29288.37000000,29162.08000000,29213.06000000,32.30070000,1690923599999,943790.92795760,336,16.26351000,475138.97700710,0
1690923600000,29213.52000000,29303.79000000,29178.77000000,29226.32000000,26.29277000,1690927199999,768673.76260520,322,12.36265000,361355.92137740,0
1690927200000,29227.44000000,29238.91000000,29186.15000000,29235.66000000,5.66170000,1690930799999,165350.85589030,136,2.44320000,71355.49785960,0
1690930800000,29238.44000000,29722.73000000,29238.44000000,29690.68000000,79.94598000,1690934399999,2356186.65403020,1418,43.68927000,1287714.26121890,0
1690934400000,29699.85000000,29820.26000000,29671.61000000,29807.08000000,48.71005000,1690937999999,1448736.33413420,1228,24.51147000,728889.01340940,0
1690938000000,29808.13000000,30057.47000000,29782.90000000,29834.52000000,46.76685000,1690941599999,1398514.23780050,1045,25.76485000,770377.04223080,0
1690941600000,29834.27000000,29872.04000000,29781.08000000,29799.72000000,16.53522000,1690945199999,493130.46927320,520,6.21641000,185336.46290470,0
1690945200000,29799.72000000,29809.78000000,29607.67000000,29614.88000000,34.64883000,1690948799999,1029434.37236510,642,15.65022000,465025.87806720,0
1690948800000,29618.05000000,29694.62000000,29567.79000000,29657.73000000,12.98023000,1690952399999,384593.06030090,472,9.21999000,273138.58980760,0
1690952400000,29656.55000000,29656.55000000,29588.62000000,29629.45000000,7.01680000,1690955999999,207794.06215290,341,4.93856000,146260.36692630,0
1690956000000,29634.22000000,29669.03000000,29545.38000000,29545.38000000,9.76675000,1690959599999,289124.83158730,402,3.67148000,108704.42559690,0
1690959600000,29548.02000000,29625.16000000,29546.89000000,29553.42000000,10.45931000,1690963199999,309532.27160690,408,6.47896000,191742.63350460,0
1690963200000,29553.19000000,29555.11000000,29366.10000000,29473.32000000,55.85530000,1690966799999,1645461.75311830,668,27.71972000,816535.47804800,0
1690966800000,29477.71000000,29491.43000000,29407.30000000,29441.29000000,12.16657000,1690970399999,358245.23562240,305,5.92650000,174566.66164150,0
1690970400000,29437.09000000,29520.00000000,29428.19000000,29517.70000000,6.55721000,1690973999999,193275.04998400,349,4.19256000,123545.32870350,0
1690974000000,29517.69000000,29554.69000000,29487.68000000,29545.98000000,28.70087000,1690977599999,847262.43638700,548,15.96046000,471151.63651960,0
1690977600000,29550.05000000,29585.74000000,29452.25000000,29452.25000000,23.29207000,1690981199999,687526.94145270,608,7.83769000,231362.79099840,0
1690981200000,29449.83000000,29451.60000000,29331.30000000,29402.94000000,20.53066000,1690984799999,603474.32891770,536,12.65054000,371837.50697010,0
1690984800000,29390.69000000,29393.85000000,29247.41000000,29262.42000000,44.25717000,1690988399999,1297179.81533110,834,26.52758000,777534.12027980,0
1690988400000,29256.83000000,29347.36000000,29161.88000000,29306.71000000,32.97155000,1690991999999,964659.00262210,653,15.53132000,454411.83770800,0
1690992000000,29302.07000000,29345.07000000,28917.20000000,29008.61000000,79.80144000,1690995599999,2326766.03574200,1151,34.81079000,1014620.02798700,0
1690995600000,29001.38000000,29234.70000000,28957.15000000,29131.81000000,41.68800000,1690999199999,1214104.49929180,887,18.69196000,544296.59613190,0
1690999200000,29126.83000000,29140.51000000,29021.74000000,29136.71000000,22.56374000,1691002799999,656551.50271400,768,9.62794000,280171.83082420,0
1691002800000,29136.71000000,29199.82000000,29118.82000000,29140.21000000,18.45754000,1691006399999,538241.40800240,740,6.02719000,175748.15855060,0
1691006400000,29135.77000000,29152.02000000,29096.05000000,29119.77000000,12.21461000,1691009999999,355754.18305260,511,7.76077000,226053.49157200,0
1691010000000,29119.76000000,29186.65000000,29049.74000000,29161.70000000,10.99170000,1691013599999,319966.33386650,542,5.23314000,152275.44981700,0
1691013600000,29161.86000000,29215.37000000,29154.07000000,29167.03000000,12.27174000,1691017199999,358162.18560860,649,5.93180000,173145.47258610,0
1691017200000,29167.04000000,29171.26000000,29117.23000000,29164.59000000,9.86257000,1691020799999,287464.12921650,482,6.14821000,179202.87699540,0
1691020800000,29167.56000000,29210.84000000,29142.20000000,29155.63000000,18.81367000,1691024399999,549004.88200820,721,12.71791000,371113.22565610,0
1691024400000,29155.63000000,29254.03000000,29140.00000000,29229.99000000,26.95639000,1691027999999,786572.80247300,857,21.31251000,621782.55818860,0
1691028000000,29230.00000000,29249.62000000,29115.34000000,29158.41000000,8.03211000,1691031599999,234441.23549260,293,4.32358000,126249.86140120,0
1691031600000,29158.41000000,29160.00000000,29115.99000000,29160.00000000,4.06981000,1691035199999,118602.82407280,217,2.51986000,73440.28544300,0
1691035200000,29160.00000000,29169.99000000,29070.63000000,29115.99000000,8.82256000,1691038799999,257109.78824260,275,7.03181000,204966.51209080,0
1691038800000,29115.99000000,29135.93000000,29075.96000000,29129.33000000,19.35728000,1691042399999,563439.44275920,1316,8.02750000,233708.76795920,0
1691042400000,29129.34000000,29135.15000000,29026.43000000,29070.22000000,39.73752000,1691045999999,1156133.57645430,1008,5.81458000,169129.98883030,0
1691046000000,29063.98000000,29080.08000000,28989.11000000,29016.61000000,27.60888000,1691049599999,801712.49820270,1113,8.63273000,250627.91884090,0
1691049600000,29016.61000000,29091.70000000,28942.38000000,29090.00000000,46.15182000,1691053199999,1340002.70338150,1597,11.07121000,321241.60466110,0
1691053200000,29090.00000000,29134.32000000,29076.77000000,29123.94000000,25.79580000,1691056799999,750616.11214640,535,20.31823000,591187.37872270,0
1691056800000,29122.79000000,29169.80000000,29122.79000000,29144.05000000,12.78816000,1691060399999,372677.17990790,397,1.90661000,55569.33730810,0
1691060400000,29144.05000000,29165.92000000,29100.67000000,29116.35000000,15.15953000,1691063999999,441509.24438520,507,10.48779000,305443.27529640,0
1691064000000,29123.19000000,29138.02000000,29044.72000000,29072.87000000,11.59971000,1691067599999,337513.43231550,338,6.77608000,197182.78999770,0
1691067600000,29077.63000000,29205.08000000,29077.63000000,29163.77000000,17.58641000,1691071199999,512564.23192710,477,9.09261000,264977.39949760,0
1691071200000,29173.16000000,29389.30000000,29156.63000000,29366.85000000,44.38029000,1691074799999,1297282.85267690,693,15.90682000,465434.08423530,0
1691074800000,29379.42000000,29396.38000000,29146.22000000,29228.89000000,30.77600000,1691078399999,900213.35762770,536,9.76692000,285697.94585870,0
1691078400000,29226.28000000,29296.46000000,29184.63000000,29277.52000000,17.56709000,1691081999999,513581.99981870,356,5.37561000,157143.01033600,0
1691082000000,29278.89000000,29342.12000000,29202.30000000,29202.30000000,59.38781000,1691085599999,1737721.27009980,626,11.66185000,341428.49294810,0
1691085600000,29203.32000000,29245.14000000,29120.00000000,29245.14000000,50.99586000,1691089199999,1487764.79847860,517,9.56481000,279094.43414980,0
1691089200000,29239.95000000,29276.50000000,29192.95000000,29256.29000000,20.20538000,1691092799999,590769.62428090,385,3.92163000,114690.44414650,0
1691092800000,29255.22000000,29332.54000000,29246.01000000,29276.80000000,37.78726000,1691096399999,1106627.46718050,547,13.45455000,394176.96024780,0
1691096400000,29280.07000000,29313.88000000,29209.92000000,29232.16000000,11.51857000,1691099999999,337264.92129670,294,6.13994000,179764.93798610,0
1691100000000,29232.16000000,29245.21000000,29145.45000000,29209.08000000,8.21218000,1691103599999,239699.05700860,352,4.15087000,121134.60475460,0
1691103600000,29209.07000000,29214.61000000,29171.85000000,29171.93000000,4.41405000,1691107199999,128878.05187130,229,1.76353000,51474.72866650,0
1691107200000,29171.79000000,29229.01000000,29145.45000000,29210.99000000,13.79608000,1691110799999,402550.15849870,441,3.17101000,92561.26754090,0
1691110800000,29209.03000000,29212.79000000,29171.86000000,29176.36000000,5.24997000,1691114399999,153244.05910960,258,2.36415000,69004.08840600,0
1691114400000,29176.36000000,29193.48000000,29086.04000000,29144.11000000,11.56894000,1691117999999,337099.06730120,294,5.37736000,156681.73915980,0
1691118000000,29143.12000000,29154.47000000,29115.87000000,29139.07000000,5.63942000,1691121599999,164304.13659980,195,1.57649000,45929.73150990,0
1691121600000,29142.39000000,29182.16000000,29108.57000000,29182.16000000,5.23988000,1691125199999,152739.40023270,163,4.66633000,136027.61925230,0
1691125200000,29182.01000000,29221.85000000,29171.32000000,29209.75000000,8.93830000,1691128799999,260989.41621960,280,5.09195000,148659.32346300,0
1691128800000,29209.75000000,29223.84000000,29154.01000000,29166.28000000,11.10768000,1691132399999,324180.66006540,293,8.06873000,235498.43852140,0
1691132400000,29164.06000000,29187.24000000,29141.03000000,29187.24000000,13.06857000,1691135999999,381081.31635290,364,6.42881000,187490.60164490,0
1691136000000,29187.23000000,29231.08000000,29150.71000000,29158.19000000,17.67257000,1691139599999,516104.65087330,466,9.92235000,289770.15247020,0
1691139600000,29158.19000000,29194.48000000,29146.95000000,29172.81000000,6.77015000,1691143199999,197523.83410880,262,5.56641000,162408.09252250,0
1691143200000,29172.81000000,29174.52000000,29120.65000000,29135.07000000,6.20178000,1691146799999,180784.45636280,244,2.75061000,80187.52282660,0
1691146800000,29136.70000000,29157.37000000,29116.70000000,29145.03000000,5.75534000,1691150399999,167667.81122100,246,4.50969000,131375.48379150,0
1691150400000,29137.12000000,29229.41000000,29101.38000000,29196.09000000,14.38902000,1691153999999,419622.49026290,405,8.09596000,236087.93561420,0
1691154000000,29197.27000000,29308.28000000,29183.31000000,29219.84000000,14.69191000,1691157599999,429639.73604270,439,5.48283000,160363.37220630,0
1691157600000,29216.21000000,29264.67000000,29148.70000000,29232.56000000,18.88050000,1691161199999,551471.77848650,421,7.90986000,231059.19783180,0
1691161200000,29244.77000000,29278.01000000,29207.24000000,29246.62000000,10.30356000,1691164799999,301420.92171800,243,4.58770000,134176.84040040,0
1691164800000,29254.19000000,29262.64000000,29227.49000000,29243.16000000,7.35912000,1691168399999,215185.56875490,285,2.20924000,64597.84503700,0
1691168400000,29243.16000000,29250.41000000,29178.01000000,29181.19000000,9.84997000,1691171999999,287827.00433340,402,2.28499000,66772.43746910,0
1691172000000,29179.41000000,29179.41000000,28926.48000000,29042.64000000,44.79875000,1691175599999,1301273.09655360,861,21.73664000,631302.98412580,0
1691175600000,29028.97000000,29073.89000000,28979.41000000,29002.71000000,24.71524000,1691179199999,717186.84975360,558,16.56839000,480766.18916420,0
1691179200000,28986.92000000,29047.08000000,28770.78000000,28951.97000000,27.92736000,1691182799999,807602.92394420,644,11.94971000,345691.15479470,0
1691182800000,28925.86000000,29061.79000000,28919.92000000,29018.40000000,14.97095000,1691186399999,434250.64810110,489,8.72752000,253152.24437600,0
1691186400000,29018.40000000,29052.98000000,29017.20000000,29017.20000000,5.98059000,1691189999999,173668.08681130,275,4.09450000,118900.92240970,0
1691190000000,29017.20000000,29085.22000000,29017.09000000,29075.11000000,12.90553000,1691193599999,374915.29548210,188,9.90485000,287737.69101310,0
1691193600000,29075.09000000,29110.06000000,29056.77000000,29075.51000000,7.65584000,1691197199999,222669.99456420,118,4.27581000,124358.35864810,0
1691197200000,29084.02000000,29089.21000000,29022.21000000,29032.43000000,4.00108000,1691200799999,116223.61744840,103,2.45089000,71180.60050170,0
1691200800000,29029.47000000,29050.00000000,29029.38000000,29048.62000000,0.70563000,1691204399999,20488.06073720,41,0.52651000,15287.08585660,0
1691204400000,29039.24000000,29061.58000000,29039.24000000,29052.59000000,1.48047000,1691207999999,43001.02001880,40,0.85618000,24868.51120330,0
1691208000000,29049.38000000,29049.38000000,28995.71000000,29013.11000000,3.13248000,1691211599999,90877.92539710,71,1.96781000,57084.76521090,0
1691211600000,29011.89000000,29053.00000000,29003.07000000,29050.59000000,4.19900000,1691215199999,121902.89131870,82,3.57320000,103732.79763230,0
1691215200000,29050.58000000,29050.58000000,29019.89000000,29023.97000000,1.68054000,1691218799999,48808.37369540,37,1.48550000,43145.10397060,0
1691218800000,29027.84000000,29027.86000000,29005.92000000,29009.73000000,1.01688000,1691222399999,29507.25391190,56,0.74094000,21498.76607220,0
1691222400000,29006.72000000,29052.98000000,29002.25000000,29049.63000000,3.98254000,1691225999999,115553.07301470,126,2.30091000,66768.15078090,0
1691226000000,29043.01000000,29044.51000000,29019.74000000,29019.74000000,1.38034000,1691229599999,40077.86382290,56,0.32824000,9530.87349480,0
1691229600000,29019.79000000,29041.44000000,29012.28000000,29023.04000000,1.70067000,1691233199999,49363.76047900,150,1.00832000,29269.98138510,0
1691233200000,29022.99000000,29041.22000000,29010.34000000,29013.23000000,1.96166000,1691236799999,56929.59460040,205,1.36398000,39583.49214330,0
1691236800000,29013.23000000,29013.23000000,28946.89000000,28979.51000000,11.61468000,1691240399999,336545.60031950,298,4.03870000,117022.29865350,0
1691240400000,28975.51000000,29000.09000000,28961.96000000,28992.82000000,2.30997000,1691243999999,66959.15229390,104,0.66263000,19204.82082820,0
1691244000000,28996.21000000,29051.59000000,28996.21000000,29038.53000000,4.88251000,1691247599999,141742.63281600,144,2.40370000,69777.13128240,0
1691247600000,29038.54000000,29044.80000000,28977.90000000,29005.54000000,4.81764000,1691251199999,139751.90473190,175,3.26223000,94627.61989720,0
1691251200000,29005.54000000,29017.69000000,28975.39000000,28997.37000000,2.89209000,1691254799999,83874.52110690,217,1.24607000,36142.58104940,0
1691254800000,28997.37000000,29034.55000000,28997.37000000,29028.05000000,1.33114000,1691258399999,38631.32418210,193,0.86535000,25111.84244710,0
1691258400000,29031.10000000,29067.98000000,29024.48000000,29048.03000000,2.12912000,1691261999999,61850.22157830,189,0.72311000,21002.62224190,0
1691262000000,29048.69000000,29053.79000000,29032.75000000,29035.36000000,1.55630000,1691265599999,45196.27384230,183,1.23779000,35944.86602360,0
1691265600000,29035.36000000,29037.39000000,29025.92000000,29025.93000000,3.55801000,1691269199999,103297.70890680,185,1.24984000,36286.89349430,0
1691269200000,29025.93000000,29054.76000000,29025.93000000,29045.35000000,1.29439000,1691272799999,37595.07967650,158,1.01200000,29391.42621440,0
1691272800000,29045.35000000,29065.91000000,29035.23000000,29063.60000000,2.34585000,1691276399999,68149.26686090,208,1.83588000,53332.90404870,0
1691276400000,29063.60000000,29063.60000000,29046.59000000,29046.60000000,1.69900000,1691279999999,49364.60736240,167,0.33187000,9642.21819300,0
1691280000000,29046.60000000,29046.60000000,29030.00000000,29041.62000000,4.02301000,1691283599999,116813.12880480,190,1.57858000,45834.41345950,0
1691283600000,29041.50000000,29042.57000000,29009.87000000,29011.49000000,1.30522000,1691287199999,37891.40620570,167,0.80179000,23278.97784520,0
1691287200000,29014.18000000,29049.95000000,29014.18000000,29037.03000000,3.39476000,1691290799999,98542.81195230,188,1.50999000,43833.09297350,0
1691290800000,29037.03000000,29037.03000000,29021.45000000,29029.06000000,1.50012000,1691294399999,43546.18052740,148,0.75003000,21771.42428150,0
1691294400000,29029.06000000,29046.89000000,29029.06000000,29043.37000000,3.98321000,1691297999999,115647.52976500,184,1.91262000,55527.05648830,0
1691298000000,29043.37000000,29068.84000000,29043.37000000,29068.84000000,5.17167000,1691301599999,150268.45790990,216,3.95786000,114998.78355190,0
1691301600000,29071.44000000,29071.44000000,29011.85000000,29036.63000000,2.02632000,1691305199999,58870.93258700,155,0.63833000,18532.67404400,0
1691305200000,29036.63000000,29075.55000000,29036.63000000,29059.41000000,3.93493000,1691308799999,114313.14552240,233,3.05257000,88676.21491440,0
1691308800000,29061.36000000,29106.40000000,29059.14000000,29075.02000000,4.11816000,1691312399999,119765.86681650,194,2.14056000,62229.82324000,0
1691312400000,29074.18000000,29074.18000000,29035.89000000,29046.70000000,4.07220000,1691315999999,118331.50342620,182,1.06530000,30954.09426480,0
1691316000000,29046.70000000,29046.70000000,29009.91000000,29031.60000000,1.75599000,1691319599999,50966.73579500,181,1.54120000,44731.89531250,0
1691319600000,29031.60000000,29041.70000000,29029.22000000,29041.42000000,1.33743000,1691323199999,38834.90587450,206,0.83080000,24125.02232760,0
1691323200000,29041.42000000,29041.42000000,28993.00000000,28997.66000000,6.64524000,1691326799999,192796.70028620,199,1.71271000,49678.60132130,0
1691326800000,28995.06000000,29001.73000000,28979.92000000,28980.95000000,2.27948000,1691330399999,66085.19683740,194,1.13950000,33034.87095870,0
1691330400000,28979.91000000,29019.13000000,28960.15000000,29001.65000000,2.06187000,1691333999999,59771.77773690,182,1.04851000,30389.60640050,0
1691334000000,29000.46000000,29014.17000000,28965.11000000,28972.46000000,12.50427000,1691337599999,362588.48912140,282,2.16213000,62689.17646430,0
1691337600000,28972.44000000,29051.60000000,28966.37000000,29051.60000000,6.31942000,1691341199999,183297.07871720,273,5.36277000,155523.25571410,0
1691341200000,29051.60000000,29058.61000000,29012.14000000,29047.92000000,9.65817000,1691344799999,280451.97578060,248,4.33956000,126050.50343040,0
1691344800000,29047.93000000,29063.93000000,29038.76000000,29047.67000000,5.79552000,1691348399999,168377.12982470,217,2.76421000,80305.53864700,0
1691348400000,29047.67000000,29059.92000000,29035.97000000,29046.97000000,2.77059000,1691351999999,80475.65143610,179,0.71772000,20850.69878050,0
1691352000000,29048.04000000,29130.54000000,29038.78000000,29093.30000000,7.13435000,1691355599999,207471.73294680,254,4.05025000,117726.16214150,0
1691355600000,29101.98000000,29161.85000000,29004.21000000,29039.26000000,12.15748000,1691359199999,354068.14356220,340,7.86759000,229173.45189590,0
1691359200000,29044.67000000,29116.09000000,29024.32000000,29054.68000000,10.88257000,1691362799999,316457.08806640,197,4.81748000,140041.02999460,0
1691362800000,29051.81000000,29064.74000000,29033.25000000,29042.97000000,2.53958000,1691366399999,73764.83587710,162,1.03833000,30154.57047890,0
1691366400000,29042.97000000,29048.30000000,28973.73000000,29003.97000000,8.46484000,1691369999999,245594.13064000,190,3.40893000,98857.26623190,0
1691370000000,29010.51000000,29158.37000000,29010.51000000,29100.28000000,11.48064000,1691373599999,334217.79300120,368,4.45514000,129651.99943490,0
1691373600000,29102.61000000,29178.39000000,29074.27000000,29146.42000000,25.71818000,1691377199999,749390.63918660,430,3.25723000,94880.61922230,0
1691377200000,29149.41000000,29156.88000000,29097.89000000,29117.62000000,3.29270000,1691380799999,95884.83381010,214,2.16130000,62933.63585450,0
1691380800000,29113.53000000,29148.47000000,29105.62000000,29137.59000000,3.81645000,1691384399999,111185.11566620,234,1.05828000,30829.68599550,0
1691384400000,29137.59000000,29137.59000000,29077.68000000,29078.53000000,7.23242000,1691387999999,210455.38080390,193,3.89055000,113192.56061550,0
1691388000000,29077.39000000,29077.40000000,29000.93000000,29000.93000000,12.24813000,1691391599999,355664.10627920,206,3.92992000,114059.97049510,0
1691391600000,29003.78000000,29056.18000000,29003.78000000,29040.22000000,3.15893000,1691395199999,91699.27845180,154,2.63061000,76359.51073780,0
1691395200000,29039.46000000,29039.46000000,29002.35000000,29011.66000000,6.36962000,1691398799999,184833.51593670,201,2.19187000,63598.05111100,0
1691398800000,29007.02000000,29044.28000000,28992.23000000,29040.52000000,49.86825000,1691402399999,1447570.28223330,346,45.38328000,1317468.91969690,0
1691402400000,29038.72000000,29097.80000000,29028.99000000,29083.13000000,85.60722000,1691405999999,2487006.44223560,541,83.75229000,2433114.62286010,0
1691406000000,29087.64000000,29087.64000000,29030.68000000,29037.11000000,3.79496000,1691409599999,110229.67246860,248,1.40072000,40687.96383670,0
1691409600000,29037.11000000,29086.67000000,28980.68000000,29017.81000000,17.93685000,1691413199999,520544.31515540,409,8.85717000,257062.91972240,0
1691413200000,29016.29000000,29035.57000000,28982.70000000,28983.34000000,14.32040000,1691416799999,415422.04303240,331,7.43142000,215572.60073940,0
1691416800000,28980.91000000,29025.93000000,28925.08000000,28978.21000000,16.43335000,1691420399999,476217.65056300,496,7.94341000,230233.84785480,0
1691420400000,28971.38000000,28983.31000000,28752.32000000,28820.69000000,53.10350000,1691423999999,1531620.82739250,1230,28.05169000,808842.42573080,0
1691424000000,28824.40000000,28933.59000000,28667.88000000,28898.33000000,39.91631000,1691427599999,1149799.58896290,1090,21.49066000,619355.49808800,0
1691427600000,28894.24000000,28951.16000000,28834.20000000,28947.45000000,15.28660000,1691431199999,441685.79225220,518,6.00160000,173412.15043280,0
1691431200000,28943.58000000,29153.70000000,28936.42000000,29054.77000000,21.06629000,1691434799999,612724.72218670,649,9.96716000,289854.01053010,0
1691434800000,29059.66000000,29120.63000000,29016.18000000,29120.63000000,12.31734000,1691438399999,358096.31538250,441,7.84140000,227953.58858020,0
1691438400000,29124.79000000,29162.61000000,29086.04000000,29162.09000000,9.57170000,1691441999999,278798.51844910,372,7.87911000,229507.14402060,0
1691442000000,29160.20000000,29244.28000000,29104.17000000,29161.93000000,25.75778000,1691445599999,751300.99803720,593,15.17523000,442671.82894220,0
1691445600000,29161.93000000,29175.37000000,29130.34000000,29149.28000000,8.53605000,1691449199999,248855.63928810,370,5.08603000,148275.20124900,0
1691449200000,29148.83000000,29186.09000000,29130.65000000,29180.19000000,1.66436000,1691452799999,48534.82898020,306,0.87683000,25571.16454190,0
1691452800000,29179.61000000,29223.76000000,29151.46000000,29223.76000000,6.68324000,1691456399999,195010.71471730,458,4.06784000,118677.75521290,0
1691456400000,29226.07000000,29226.07000000,29112.59000000,29113.00000000,9.98048000,1691459999999,290865.01540980,415,4.63567000,135049.27391850,0
1691460000000,29113.00000000,29168.78000000,29111.89000000,29138.17000000,2.72554000,1691463599999,79436.25534670,297,1.65306000,48171.45270540,0
1691463600000,29138.66000000,29172.76000000,29138.66000000,29157.96000000,3.79765000,1691467199999,110739.51999250,320,2.60740000,76035.56773810,0
1691467200000,29157.95000000,29197.43000000,29151.23000000,29183.17000000,7.51003000,1691470799999,219157.15535970,325,2.02768000,59153.94504830,0
1691470800000,29190.20000000,29288.06000000,29188.56000000,29207.89000000,12.40014000,1691474399999,362488.05521890,384,8.16868000,238797.86944890,0
1691474400000,29213.43000000,29230.00000000,29185.59000000,29185.59000000,5.32861000,1691477999999,155690.34026130,309,1.59935000,46739.40811450,0
1691478000000,29185.01000000,29190.60000000,29146.20000000,29146.20000000,8.16260000,1691481599999,238031.41668000,113,4.38506000,127881.27764280,0
1691481600000,29147.85000000,29334.45000000,29143.75000000,29149.46000000,47.52854000,1691485199999,1387089.54182700,307,44.76923000,1306624.63234610,0
1691485200000,29142.66000000,29178.39000000,29138.00000000,29165.03000000,4.75817000,1691488799999,138736.58804860,95,3.96411000,115590.34474610,0
1691488800000,29165.03000000,29284.37000000,29161.50000000,29263.31000000,18.51038000,1691492399999,540826.37346060,256,14.48518000,423065.15459840,0
1691492400000,29266.32000000,29405.47000000,29249.04000000,29401.89000000,19.49296000,1691495999999,571824.07266110,449,10.56448000,309859.04784070,0
1691496000000,29401.89000000,29570.65000000,29330.05000000,29550.26000000,68.87150000,1691499599999,2028382.99838700,1125,27.84325000,820088.18629570,0
1691499600000,29550.98000000,29641.00000000,29325.48000000,29334.74000000,46.76741000,1691503199999,1380035.16527140,1339,20.84353000,614888.30174130,0
1691503200000,29340.61000000,29517.53000000,29340.61000000,29412.08000000,24.66527000,1691506799999,725888.41000140,575,8.46980000,249093.12489860,0
1691506800000,29412.06000000,29575.77000000,29411.74000000,29511.50000000,13.38782000,1691510399999,395143.02145780,389,5.58310000,164770.59141190,0
1691510400000,29511.50000000,29808.62000000,29511.50000000,29732.52000000,70.81872000,1691513999999,2099174.53181210,1095,41.68870000,1236408.15352850,0
1691514000000,29730.66000000,29850.66000000,29670.87000000,29786.81000000,51.42569000,1691517599999,1529553.93837230,1041,20.89390000,621467.38632350,0
1691517600000,29787.56000000,29938.28000000,29752.98000000,29831.68000000,61.13073000,1691521199999,1825215.33248730,1483,22.46696000,670640.54109390,0
1691521200000,29831.43000000,29935.18000000,29824.91000000,29867.22000000,41.57228000,1691524799999,1242352.53120140,934,24.08716000,719761.09463410,0
1691524800000,29877.15000000,30010.00000000,29838.34000000,29976.10000000,38.82775000,1691528399999,1162362.81364510,969,25.17208000,753858.55597200,0
1691528400000,29976.11000000,30224.07000000,29797.64000000,29851.36000000,44.40867000,1691531999999,1332259.13534650,1020,19.06703000,572801.51856780,0
1691532000000,29851.03000000,29875.69000000,29678.66000000,29762.16000000,28.70012000,1691535599999,854331.75332110,557,19.34624000,575869.49064970,0
1691535600000,29757.76000000,29811.04000000,29749.82000000,29761.16000000,8.16800000,1691539199999,243231.87675880,178,4.59917000,136980.55223230,0
1691539200000,29763.02000000,29852.55000000,29763.02000000,29771.47000000,14.53299000,1691542799999,433142.20244860,385,4.09579000,122081.04958670,0
1691542800000,29771.46000000,29875.85000000,29752.32000000,29843.51000000,14.79367000,1691546399999,440982.60740860,338,6.51255000,194246.69884590,0
1691546400000,29846.35000000,29855.13000000,29641.40000000,29684.33000000,35.19297000,1691549999999,1046053.36711220,720,10.38824000,308698.76429770,0
1691550000000,29679.20000000,29733.14000000,29668.94000000,29701.56000000,9.09729000,1691553599999,270202.97091570,127,4.33789000,128861.51240060,0
1691553600000,29705.00000000,29757.11000000,29690.66000000,29754.76000000,7.64918000,1691557199999,227476.41857830,155,5.05427000,150314.28595340,0
1691557200000,29752.61000000,29780.75000000,29720.42000000,29728.55000000,8.94542000,1691560799999,266125.26775360,168,6.57090000,195479.50646170,0
1691560800000,29719.65000000,29736.06000000,29653.33000000,29710.19000000,21.94276000,1691564399999,651426.43006220,358,11.91494000,353726.12445850,0
1691564400000,29708.22000000,29807.17000000,29705.01000000,29807.17000000,16.07657000,1691567999999,478616.02783990,342,6.83336000,203462.20864360,0
1691568000000,29808.79000000,29826.12000000,29760.22000000,29821.67000000,13.33412000,1691571599999,397213.22901230,286,5.10911000,152187.30093810,0
1691571600000,29821.33000000,29821.33000000,29761.67000000,29768.82000000,6.87014000,1691575199999,204618.24639670,169,2.40403000,71596.07415950,0
1691575200000,29764.24000000,29830.73000000,29726.58000000,29825.84000000,17.48813000,1691578799999,520876.32540430,269,7.24361000,215723.47875600,0
1691578800000,29823.11000000,29894.38000000,29783.44000000,29881.62000000,13.18244000,1691582399999,393196.67496040,404,8.86204000,264327.30781250,0
1691582400000,29870.01000000,30078.54000000,29845.25000000,30057.13000000,37.16471000,1691585999999,1112829.26877880,629,19.94609000,597317.09516990,0
1691586000000,30066.29000000,30124.41000000,29847.91000000,29868.51000000,35.21288000,1691589599999,1054446.94077120,595,16.95037000,507695.34187840,0
1691589600000,29863.34000000,29929.08000000,29740.48000000,29740.48000000,40.22618000,1691593199999,1200330.08865660,679,18.39120000,548816.66197790,0
1691593200000,29742.72000000,29779.56000000,29663.95000000,29743.23000000,34.10862000,1691596799999,1014166.37452420,575,19.09250000,567650.93912170,0
1691596800000,29741.53000000,29757.01000000,29498.29000000,29501.02000000,34.22278000,1691600399999,1013990.95365430,606,15.81814000,468751.35186660,0
1691600400000,29498.54000000,29572.99000000,29425.01000000,29494.24000000,35.39429000,1691603999999,1043900.74167620,720,20.70512000,610685.19025130,0
1691604000000,29493.46000000,29571.65000000,29429.09000000,29504.61000000,9.34976000,1691607599999,275791.53719380,293,4.78438000,141142.40925590,0
1691607600000,29504.06000000,29528.68000000,29374.91000000,29392.96000000,8.56152000,1691611199999,251888.35639840,352,4.71409000,138686.06814150,0
1691611200000,29393.56000000,29492.47000000,29358.21000000,29476.90000000,19.92239000,1691614799999,586485.03093310,458,8.04369000,236787.16892070,0
1691614800000,29487.00000000,29535.83000000,29417.35000000,29495.53000000,7.99619000,1691618399999,235697.86759970,383,3.53840000,104325.93854550,0
1691618400000,29501.14000000,29584.29000000,29495.86000000,29581.86000000,21.70895000,1691621999999,641499.99767390,1046,15.13218000,447062.54621780,0
1691622000000,29581.86000000,29615.73000000,29546.91000000,29562.82000000,24.59547000,1691625599999,727728.95395940,1218,18.12657000,536366.55822570,0
1691625600000,29562.82000000,29625.89000000,29545.66000000,29600.00000000,21.00323000,1691629199999,621304.85926780,1062,16.89579000,499863.25082370,0
1691629200000,29600.00000000,29650.82000000,29561.16000000,29594.72000000,29.07119000,1691632799999,860769.94576010,1272,21.81312000,645896.63809590,0
1691632800000,29593.23000000,29630.23000000,29564.03000000,29566.59000000,3.51489000,1691636399999,104065.73378990,144,2.12597000,62942.46164160,0
1691636400000,29559.97000000,29593.42000000,29547.73000000,29560.08000000,3.58780000,1691639999999,106054.93870100,111,0.96236000,28453.99343710,0
1691640000000,29557.08000000,29557.08000000,29516.33000000,29518.37000000,5.03839000,1691643599999,148781.09352520,89,2.03184000,60003.00672510,0
1691643600000,29516.53000000,29592.40000000,29487.99000000,29565.40000000,15.23122000,1691647199999,449761.36575800,278,10.62495000,313689.34739020,0
1691647200000,29560.48000000,29583.40000000,29488.87000000,29490.29000000,6.50557000,1691650799999,192066.86648550,182,2.65250000,78306.80588600,0
1691650800000,29495.78000000,29541.18000000,29468.21000000,29485.02000000,8.60106000,1691654399999,253787.98416330,365,7.06229000,208391.17360010,0
1691654400000,29483.81000000,29504.64000000,29464.49000000,29487.22000000,5.73749000,1691657999999,169172.12791570,174,3.55620000,104853.66942810,0
1691658000000,29486.45000000,29525.78000000,29442.80000000,29502.86000000,4.76437000,1691661599999,140490.49718440,149,3.32413000,98037.43477350,0
1691661600000,29506.48000000,29530.18000000,29484.51000000,29521.56000000,2.86182000,1691665199999,84453.73082910,101,2.47552000,73057.33120070,0
1691665200000,29526.88000000,29526.88000000,29454.37000000,29473.69000000,8.23331000,1691668799999,242710.30734720,303,3.62637000,106868.68460450,0
1691668800000,29473.70000000,29613.93000000,29460.75000000,29523.76000000,38.74008000,1691672399999,1144521.40890730,550,25.16656000,743585.41208070,0
1691672400000,29536.15000000,29664.55000000,29499.49000000,29636.30000000,19.30448000,1691675999999,571219.25080020,344,8.68325000,256886.82717980,0
1691676000000,29648.44000000,29708.87000000,29366.07000000,29466.95000000,38.16068000,1691679599999,1127017.36466450,622,17.97262000,530757.89193420,0
1691679600000,29471.26000000,29489.60000000,29407.32000000,29437.48000000,7.93249000,1691683199999,233493.97405730,211,4.32293000,127237.87473200,0
1691683200000,29437.89000000,29446.44000000,29355.26000000,29397.87000000,33.60311000,1691686799999,987924.98547660,528,25.10145000,737885.32408260,0
1691686800000,29399.53000000,29429.04000000,29304.13000000,29375.92000000,22.51077000,1691690399999,661368.21866760,315,11.81034000,346968.19835850,0
1691690400000,29379.23000000,29444.72000000,29367.76000000,29403.48000000,11.91321000,1691693999999,350332.28428750,237,9.61717000,282804.38762530,0
1691694000000,29403.63000000,29415.06000000,29355.47000000,29404.25000000,25.90886000,1691697599999,761621.94411810,499,15.56782000,457580.83457370,0
1691697600000,29404.26000000,29450.36000000,29397.05000000,29420.88000000,20.12955000,1691701199999,592208.95177180,431,9.23026000,271538.84052760,0
1691701200000,29421.40000000,29440.53000000,29419.43000000,29437.62000000,3.85559000,1691704799999,113467.80399520,153,1.49575000,44013.47532800,0
1691704800000,29437.56000000,29451.17000000,29416.52000000,29435.76000000,2.47256000,1691708399999,72790.96523440,132,1.35850000,39992.77000200,0
1691708400000,29435.76000000,29442.54000000,29422.50000000,29427.22000000,2.01460000,1691711999999,59292.78934580,163,1.30086000,38286.52322660,0
1691712000000,29427.22000000,29472.97000000,29422.58000000,29455.07000000,17.05254000,1691715599999,502282.26456720,241,5.36063000,157872.98800720,0
1691715600000,29454.39000000,29462.09000000,29416.18000000,29422.89000000,3.00839000,1691719199999,88561.47458920,131,1.38008000,40627.84330060,0
1691719200000,29422.88000000,29422.88000000,29323.61000000,29342.71000000,4.36029000,1691722799999,128090.78113700,171,1.74770000,51338.51747570,0
1691722800000,29344.00000000,29402.51000000,29329.83000000,29375.75000000,9.20959000,1691726399999,270537.12846800,206,4.27011000,125457.98063130,0
1691726400000,29375.75000000,29395.87000000,29371.00000000,29381.41000000,3.52804000,1691729999999,103658.95605060,167,1.77589000,52178.18482020,0
1691730000000,29381.42000000,29419.13000000,29345.83000000,29419.13000000,4.58063000,1691733599999,134546.90993860,173,2.69226000,79085.66186380,0
1691733600000,29418.32000000,29426.82000000,29388.63000000,29422.85000000,3.90190000,1691737199999,114730.64565910,186,2.43963000,71730.90667390,0
1691737200000,29422.53000000,29444.66000000,29377.17000000,29377.18000000,6.85935000,1691740799999,201661.25951340,253,3.61463000,106290.46311470,0
1691740800000,29377.16000000,29408.61000000,29367.70000000,29373.73000000,8.08717000,1691744399999,237656.54711470,194,4.51207000,132599.13984940,0
1691744400000,29373.72000000,29380.99000000,29348.37000000,29351.41000000,7.50595000,1691747999999,220428.51430190,227,3.89292000,114334.88074060,0
1691748000000,29351.40000000,29386.40000000,29309.65000000,29359.93000000,9.61815000,1691751599999,282305.58664300,241,5.43324000,159457.81725320,0
1691751600000,29359.94000000,29413.34000000,29358.51000000,29413.27000000,8.25422000,1691755199999,242532.29997270,220,4.64547000,136519.95293730,0
1691755200000,29410.30000000,29425.72000000,29364.25000000,29396.71000000,19.69383000,1691758799999,579031.87331550,392,12.99221000,382009.81547430,0
1691758800000,29396.70000000,29440.34000000,29384.78000000,29434.49000000,9.49276000,1691762399999,279286.91494470,212,5.63114000,165635.91179460,0
1691762400000,29437.07000000,29529.66000000,29430.32000000,29462.44000000,25.47348000,1691765999999,750920.49204270,569,14.22855000,419428.14734290,0
1691766000000,29462.45000000,29487.42000000,29321.13000000,29357.12000000,16.80478000,1691769599999,493800.36734520,404,8.79795000,258423.98666770,0
1691769600000,29361.55000000,29397.54000000,29222.55000000,29330.28000000,35.08314000,1691773199999,1028133.62706440,530,16.86516000,494010.85339060,0
1691773200000,29330.28000000,29362.64000000,29288.04000000,29303.70000000,8.52126000,1691776799999,249816.26738140,244,4.34078000,127223.18414870,0
1691776800000,29308.07000000,29343.74000000,29297.57000000,29341.17000000,4.97970000,1691780399999,146035.49660110,144,2.31424000,67871.16958350,0
1691780400000,29340.19000000,29376.32000000,29311.34000000,29351.90000000,8.02661000,1691783999999,235509.17418650,157,4.11393000,120713.03680220,0
1691784000000,29360.65000000,29393.17000000,29360.64000000,29388.57000000,1.60363000,1691787599999,47109.69113900,88,0.88244000,25919.60653360,0
1691787600000,29388.33000000,29413.77000000,29373.95000000,29380.41000000,6.12892000,1691791199999,180143.61939450,121,2.50418000,73599.05270610,0
1691791200000,29380.41000000,29410.02000000,29372.05000000,29402.23000000,1.41612000,1691794799999,41629.56536410,65,0.99698000,29306.37923520,0
1691794800000,29402.15000000,29411.40000000,29377.41000000,29398.85000000,2.00539000,1691798399999,58955.84516630,76,0.51477000,15134.08137680,0
1691798400000,29398.85000000,29430.28000000,29378.78000000,29430.27000000,6.23780000,1691801999999,183456.94583190,107,0.84904000,24960.99863670,0
1691802000000,29430.29000000,29435.79000000,29380.97000000,29380.97000000,9.15471000,1691805599999,269232.56343230,142,1.51188000,44470.17492280,0
1691805600000,29374.81000000,29392.85000000,29368.14000000,29368.15000000,5.14259000,1691809199999,151105.63345580,90,3.37599000,99192.01440960,0
1691809200000,29368.15000000,29376.08000000,29353.93000000,29375.19000000,5.08933000,1691812799999,149447.49890210,106,2.51316000,73800.51477480,0
1691812800000,29378.44000000,29400.64000000,29378.43000000,29393.42000000,1.38348000,1691816399999,40653.94389010,39,1.20968000,35545.99629330,0
1691816400000,29391.60000000,29394.39000000,29378.18000000,29380.28000000,1.05827000,1691819999999,31095.26308070,34,0.36322000,10672.15010800,0
1691820000000,29376.19000000,29391.42000000,29359.85000000,29391.42000000,3.29621000,1691823599999,96815.46648510,65,1.84388000,54157.35752230,0
1691823600000,29391.43000000,29397.07000000,29373.21000000,29393.96000000,2.19336000,1691827199999,64460.93077630,159,1.78144000,52353.31899040,0
1691827200000,29393.95000000,29397.33000000,29367.46000000,29370.58000000,3.49638000,1691830799999,102720.91137130,91,1.07046000,31449.16145910,0
1691830800000,29370.58000000,29396.43000000,29370.57000000,29394.35000000,3.00245000,1691834399999,88211.09824530,81,2.40510000,70662.57172150,0
1691834400000,29398.62000000,29415.38000000,29396.32000000,29413.98000000,2.19778000,1691837999999,64630.43877250,68,1.81470000,53367.33343920,0
1691838000000,29413.98000000,29413.98000000,29393.52000000,29405.93000000,1.20702000,1691841599999,35480.77765440,55,0.31254000,9187.94392950,0
1691841600000,29405.93000000,29412.40000000,29395.99000000,29408.44000000,3.77204000,1691845199999,110906.20992300,86,0.57521000,16912.29112010,0
1691845200000,29408.44000000,29408.67000000,29390.28000000,29390.29000000,0.88959000,1691848799999,26154.43691250,70,0.56742000,16681.16620020,0
1691848800000,29390.96000000,29430.77000000,29390.96000000,29430.77000000,6.19998000,1691852399999,182355.91392690,117,2.65914000,78212.65657830,0
1691852400000,29430.77000000,29437.59000000,29419.54000000,29421.03000000,2.66294000,1691855999999,78370.27512720,106,1.64299000,48351.09942680,0
1691856000000,29421.04000000,29467.81000000,29421.04000000,29446.02000000,27.56088000,1691859599999,811795.56766310,448,16.93267000,498713.46212190,0
1691859600000,29446.03000000,29446.03000000,29417.46000000,29417.46000000,2.58355000,1691863199999,76050.93391140,108,0.46864000,13795.60375340,0
1691863200000,29414.99000000,29421.15000000,29403.19000000,29411.25000000,0.93237000,1691866799999,27422.53077340,67,0.44823000,13184.33453580,0
1691866800000,29410.04000000,29410.04000000,29396.62000000,29398.09000000,2.05792000,1691870399999,60511.13470930,73,1.19563000,35157.04903780,0
1691870400000,29400.55000000,29413.17000000,29400.55000000,29403.84000000,1.53102000,1691873999999,45022.29356400,87,0.72210000,21234.11267370,0
1691874000000,29400.01000000,29403.55000000,29383.25000000,29403.55000000,3.70700000,1691877599999,108960.54951120,88,2.78791000,81941.82652440,0
1691877600000,29403.55000000,29414.42000000,29403.55000000,29411.09000000,2.89163000,1691881199999,85036.46484050,78,2.21027000,64997.48708030,0
1691881200000,29411.08000000,29416.73000000,29409.47000000,29414.27000000,1.57431000,1691884799999,46306.40338090,85,0.76600000,22531.49072090,0
1691884800000,29413.34000000,29433.15000000,29407.41000000,29433.15000000,1.40866000,1691888399999,41440.31399370,57,1.14863000,33789.98326710,0
1691888400000,29433.15000000,29435.39000000,29420.76000000,29434.19000000,0.88511000,1691891999999,26049.20180760,61,0.48154000,14171.08960330,0
1691892000000,29434.79000000,29437.52000000,29428.54000000,29428.54000000,0.93902000,1691895599999,27639.98060380,57,0.24372000,7174.05634570,0
1691895600000,29428.81000000,29428.81000000,29379.81000000,29400.00000000,14.96252000,1691899199999,439877.07155820,186,5.59846000,164592.39641920,0
1691899200000,29393.95000000,29393.95000000,29367.74000000,29374.46000000,3.29919000,1691902799999,96917.45690590,60,1.11369000,32715.98150180,0
1691902800000,29374.03000000,29374.03000000,29350.00000000,29366.45000000,3.96188000,1691906399999,116327.64004950,82,0.78953000,23179.83618910,0
1691906400000,29366.45000000,29381.70000000,29361.36000000,29381.70000000,3.10066000,1691909999999,91050.39430600,60,2.70119000,79316.72849400,0
1691910000000,29381.69000000,29389.71000000,29381.20000000,29381.21000000,0.95305000,1691913599999,28004.75799780,89,0.72228000,21223.28626820,0
1691913600000,29380.01000000,29389.85000000,29374.76000000,29389.85000000,2.16283000,1691917199999,63545.51974310,68,0.92737000,27247.72961000,0
1691917200000,29389.85000000,29392.67000000,29387.74000000,29389.26000000,1.38850000,1691920799999,40808.00136970,55,1.06007000,31155.53973550,0
1691920800000,29390.12000000,29391.75000000,29385.58000000,29385.58000000,0.71013000,1691924399999,20869.77238340,86,0.42777000,12571.46881760,0
1691924400000,29385.26000000,29388.97000000,29355.62000000,29366.13000000,1.63144000,1691927999999,47931.55667160,85,1.33102000,39107.48830240,0
1691928000000,29366.13000000,29375.38000000,29360.00000000,29371.79000000,2.12143000,1691931599999,62310.29617670,94,1.41449000,41548.52684400,0
1691931600000,29373.09000000,29373.09000000,29358.40000000,29362.03000000,1.00928000,1691935199999,29634.08236170,66,0.85330000,25054.01290520,0
1691935200000,29361.06000000,29364.07000000,29351.60000000,29351.60000000,1.02183000,1691938799999,30001.29606380,88,0.60916000,17885.16982230,0
1691938800000,29351.96000000,29361.10000000,29343.65000000,29354.00000000,3.14795000,1691942399999,92399.78348090,136,2.20444000,64705.91773820,0
1691942400000,29354.00000000,29354.00000000,29313.90000000,29335.07000000,4.28494000,1691945999999,125715.15335070,118,1.32459000,38853.39416350,0
1691946000000,29335.05000000,29399.23000000,29335.05000000,29377.68000000,7.59686000,1691949599999,223180.60298330,183,4.53346000,133181.87680190,0
1691949600000,29377.69000000,29405.53000000,29373.68000000,29398.21000000,4.17249000,1691953199999,122630.09181560,137,2.68573000,78928.60178870,0
1691953200000,29398.22000000,29446.74000000,29398.22000000,29419.24000000,5.28991000,1691956799999,155650.80161240,174,3.80432000,111934.26332580,0
1691956800000,29418.96000000,29424.05000000,29396.50000000,29399.29000000,2.55359000,1691960399999,75089.57124240,110,0.62897000,18497.05744130,0
1691960400000,29399.29000000,29403.83000000,29345.17000000,29348.74000000,6.13027000,1691963999999,180053.52731810,170,4.68841000,137703.36628210,0
1691964000000,29348.74000000,29355.30000000,29250.00000000,29299.48000000,8.06043000,1691967599999,236195.06136480,277,4.70004000,137700.93869810,0
1691967600000,29289.75000000,29313.47000000,29273.42000000,29281.43000000,4.55029000,1691971199999,133300.34507820,122,2.36786000,69374.33573630,0
1691971200000,29281.10000000,29302.70000000,29220.52000000,29238.51000000,18.83552000,1691974799999,551154.71142830,396,11.91192000,348546.99070380,0
1691974800000,29237.94000000,29273.70000000,29177.62000000,29239.67000000,17.90193000,1691978399999,523318.60001450,434,10.24403000,299486.43564170,0
1691978400000,29242.43000000,29322.97000000,29079.15000000,29273.90000000,63.82331000,1691981999999,1863546.54892850,1078,33.21699000,970203.29607960,0
1691982000000,29285.27000000,29391.17000000,29285.27000000,29365.69000000,8.00495000,1691985599999,234866.53060630,215,5.27853000,154866.02862060,0
1691985600000,29368.57000000,29414.84000000,29359.29000000,29377.85000000,4.61219000,1691989199999,135538.81709810,173,1.83309000,53879.37052660,0
1691989200000,29380.52000000,29414.87000000,29380.51000000,29404.71000000,6.29476000,1691992799999,185080.59320150,167,0.74737000,21976.36968060,0
1691992800000,29416.50000000,29435.52000000,29372.67000000,29381.66000000,5.85962000,1691996399999,172288.48741300,132,2.09044000,61451.99422480,0
1691996400000,29381.89000000,29398.12000000,29359.59000000,29389.21000000,6.19080000,1691999999999,181854.35143070,268,3.10377000,91168.47393570,0
1692000000000,29385.19000000,29455.52000000,29385.19000000,29390.29000000,16.96763000,1692003599999,499148.33768860,249,6.68951000,196762.16255750,0
1692003600000,29390.29000000,29396.82000000,29351.20000000,29380.43000000,10.38232000,1692007199999,304950.84013370,202,7.26609000,213412.31528470,0
1692007200000,29380.60000000,29409.52000000,29368.45000000,29398.03000000,6.18195000,1692010799999,181642.48357360,186,2.43384000,71519.80145220,0
1692010800000,29394.71000000,29394.71000000,29348.23000000,29376.29000000,5.16001000,1692014399999,151532.44319530,206,2.86287000,84070.51434380,0
1692014400000,29376.20000000,29376.20000000,29309.76000000,29347.28000000,12.24319000,1692017999999,359151.30572060,324,6.65116000,195081.19601910,0
1692018000000,29342.96000000,29358.01000000,29292.02000000,29345.34000000,12.03195000,1692021599999,352846.54946610,382,5.28436000,154943.87649660,0
1692021600000,29345.30000000,29549.76000000,29345.30000000,29498.39000000,55.09035000,1692025199999,1622066.93182170,884,30.86537000,908646.11731250,0
1692025200000,29495.66000000,29629.18000000,29436.13000000,29562.54000000,41.21253000,1692028799999,1218030.16124180,784,19.73312000,583032.19433560,0
1692028800000,29572.08000000,29657.61000000,29572.08000000,29618.33000000,12.22707000,1692032399999,362109.34758170,352,7.48052000,221531.65893300,0
1692032400000,29618.17000000,29634.23000000,29448.01000000,29453.94000000,21.70302000,1692035999999,640461.50599730,462,12.97084000,382771.99686670,0
1692036000000,29453.93000000,29460.54000000,29227.49000000,29295.59000000,48.58985000,1692039599999,1426160.65670030,688,20.42841000,599662.28604720,0
1692039600000,29290.06000000,29354.10000000,29290.06000000,29324.94000000,9.14955000,1692043199999,268297.01166040,221,6.84587000,200729.89153770,0
1692043200000,29323.14000000,29368.14000000,29298.40000000,29368.14000000,8.36828000,1692046799999,245539.09802620,243,4.59354000,134773.98774110,0
1692046800000,29368.14000000,29378.31000000,29346.83000000,29375.32000000,11.29668000,1692050399999,331676.98275190,228,3.26702000,95903.11609110,0
1692050400000,29370.00000000,29446.94000000,29363.03000000,29406.76000000,15.31959000,1692053999999,450523.27057480,364,4.37818000,128701.61994270,0
1692054000000,29408.06000000,29412.70000000,29394.64000000,29400.82000000,1.69129000,1692057599999,49727.24723100,111,1.06309000,31257.83739580,0
1692057600000,29400.82000000,29426.49000000,29375.79000000,29405.41000000,2.65304000,1692061199999,77991.28698740,114,1.64589000,48387.01969270,0
1692061200000,29405.41000000,29420.30000000,29349.71000000,29377.33000000,6.91362000,1692064799999,203105.24196060,199,1.46383000,42998.51985580,0
1692064800000,29376.86000000,29386.89000000,29339.55000000,29344.93000000,5.64047000,1692068399999,165645.17226430,130,2.89106000,84905.79753360,0
1692068400000,29347.85000000,29364.72000000,29333.89000000,29364.72000000,2.18282000,1692071999999,64070.75997410,99,0.92760000,27225.64112100,0
1692072000000,29364.67000000,29367.87000000,29338.73000000,29339.51000000,2.56394000,1692075599999,75254.51953230,116,1.43984000,42263.05919960,0
1692075600000,29339.70000000,29352.85000000,29320.51000000,29326.36000000,2.40383000,1692079199999,70518.81415630,106,1.77297000,52012.91330890,0
1692079200000,29321.92000000,29346.00000000,29319.75000000,29335.60000000,3.95585000,1692082799999,116036.52958230,384,1.52573000,44755.73983410,0
1692082800000,29333.51000000,29390.37000000,29308.97000000,29369.54000000,6.59509000,1692086399999,193607.87784060,197,4.70689000,138213.22377680,0
1692086400000,29369.25000000,29413.62000000,29362.31000000,29386.21000000,9.21238000,1692089999999,270744.05816400,228,6.23772000,183305.50218260,0
1692090000000,29386.21000000,29408.75000000,29370.59000000,29387.55000000,6.28476000,1692093599999,184684.35580800,153,3.46728000,101879.65138780,0
1692093600000,29382.81000000,29382.81000000,29359.90000000,29363.58000000,3.18386000,1692097199999,93506.47794900,155,2.28367000,67068.02714620,0
1692097200000,29363.58000000,29364.24000000,29313.64000000,29324.58000000,17.33049000,1692100799999,508631.97550880,306,9.99692000,293404.82532450,0
1692100800000,29324.59000000,29361.59000000,29319.28000000,29331.67000000,9.10725000,1692104399999,267208.75408470,179,2.77691000,81461.63169440,0
1692104400000,29326.75000000,29376.33000000,29326.74000000,29333.42000000,4.73574000,1692107999999,139021.17533790,220,2.78100000,81636.38697390,0
1692108000000,29331.18000000,29426.11000000,29298.90000000,29412.76000000,13.94443000,1692111599999,409564.67231810,345,6.68839000,196451.59909350,0
1692111600000,29423.30000000,29459.49000000,29269.84000000,29291.63000000,32.73454000,1692115199999,960501.43128020,577,16.77076000,492051.43868020,0
1692115200000,29291.59000000,29328.47000000,29220.91000000,29244.12000000,26.75395000,1692118799999,783273.94391990,415,11.97853000,350696.65890630,0
1692118800000,29245.24000000,29305.22000000,29239.28000000,29303.69000000,10.48248000,1692122399999,306908.80012630,274,5.63983000,165109.04711340,0
1692122400000,29303.15000000,29316.64000000,29268.55000000,29289.41000000,6.39214000,1692125999999,187229.34326130,237,3.10803000,91033.54050090,0
1692126000000,29289.34000000,29289.34000000,29047.37000000,29159.09000000,26.74844000,1692129599999,779491.71662100,652,13.03376000,379636.28820050,0
1692129600000,29152.12000000,29197.77000000,29104.97000000,29165.76000000,12.96820000,1692133199999,378263.00551770,338,6.11137000,178229.47148740,0
1692133200000,29170.35000000,29209.75000000,29147.94000000,29195.61000000,9.59734000,1692136799999,280149.85283860,182,1.36282000,39790.84190950,0
1692136800000,29196.90000000,29208.19000000,29153.51000000,29154.06000000,6.31163000,1692140399999,184184.74925920,179,2.20614000,64376.45641910,0
1692140400000,29154.07000000,29187.26000000,29146.55000000,29170.96000000,12.73820000,1692143999999,371456.48910540,216,3.95217000,115242.02116820,0
1692144000000,29169.00000000,29228.09000000,29162.78000000,29197.95000000,9.57644000,1692147599999,279570.40497130,164,3.66504000,107007.13057710,0
1692147600000,29197.71000000,29216.25000000,29155.43000000,29214.00000000,12.31115000,1692151199999,359398.74282540,205,4.92887000,143880.91129490,0
1692151200000,29214.53000000,29224.00000000,29188.05000000,29216.28000000,6.38261000,1692154799999,186406.69813320,149,3.66086000,106911.52314510,0
1692154800000,29216.32000000,29218.15000000,29186.75000000,29190.96000000,4.02942000,1692158399999,117665.47355910,189,2.70928000,79109.61244390,0
1692158400000,29190.96000000,29197.01000000,29164.86000000,29172.57000000,1.83206000,1692161999999,53454.29372880,112,0.94652000,27614.65906840,0
1692162000000,29166.96000000,29173.25000000,29101.70000000,29103.79000000,23.55780000,1692165599999,686730.18039990,303,13.66038000,398228.30490040,0
1692165600000,29103.80000000,29158.12000000,29073.64000000,29158.12000000,8.04677000,1692169199999,234331.92603960,195,2.78706000,81186.53443160,0
1692169200000,29156.31000000,29175.82000000,29141.95000000,29161.02000000,3.69787000,1692172799999,107836.06739590,174,1.27838000,37279.00732460,0
1692172800000,29161.02000000,29179.64000000,29126.91000000,29144.06000000,1.92045000,1692176399999,55982.95459300,135,1.45378000,42376.88530440,0
1692176400000,29141.52000000,29142.60000000,29067.90000000,29132.11000000,16.85203000,1692179999999,490463.43678340,347,7.58017000,220640.36707160,0
1692180000000,29137.07000000,29172.70000000,29131.00000000,29165.93000000,14.42374000,1692183599999,420590.23824020,210,6.26315000,182635.03471540,0
1692183600000,29165.89000000,29165.89000000,29112.68000000,29132.49000000,9.12482000,1692187199999,265984.87391940,229,3.60048000,104969.20642710,0
1692187200000,29130.07000000,29172.66000000,29017.05000000,29124.19000000,20.64206000,1692190799999,600191.44264940,395,11.59586000,337230.19353980,0
1692190800000,29126.26000000,29139.37000000,29045.86000000,29059.57000000,23.85770000,1692194399999,693870.78623730,460,15.56256000,452593.12011380,0
1692194400000,29041.37000000,29126.35000000,29011.00000000,29122.94000000,38.04767000,1692197999999,1107040.35558190,466,9.95640000,289676.23244870,0
1692198000000,29122.94000000,29147.79000000,29062.05000000,29070.64000000,13.44212000,1692201599999,391298.41069300,394,5.18151000,150887.86491790,0
1692201600000,29070.49000000,29070.49000000,28920.00000000,29051.59000000,144.88648000,1692205199999,4200341.48131660,1426,63.64800000,1844583.01601070,0
1692205200000,29051.60000000,29140.43000000,29017.63000000,29135.20000000,20.64839000,1692208799999,600645.94998550,417,15.17596000,441354.46875110,0
1692208800000,29137.98000000,29200.64000000,29080.88000000,29136.48000000,18.05548000,1692212399999,526070.10043410,383,8.09184000,235789.42395740,0
1692212400000,29129.66000000,29129.66000000,29070.68000000,29079.73000000,7.49604000,1692215999999,218121.57994930,236,4.62564000,134594.68391170,0
1692216000000,29078.73000000,29104.56000000,28807.00000000,28940.50000000,53.43438000,1692219599999,1546451.54387530,777,19.55580000,565805.99725680,0
1692219600000,28938.76000000,28938.76000000,28837.82000000,28897.58000000,15.38399000,1692223199999,444347.66437470,406,7.45270000,215259.50257000,0
1692223200000,28897.58000000,28942.36000000,28872.70000000,28874.39000000,12.22415000,1692226799999,353328.14342840,295,3.21002000,92769.28839740,0
1692226800000,28872.40000000,28872.40000000,28691.73000000,28698.49000000,36.27080000,1692230399999,1044078.61620020,659,13.67770000,393729.70900230,0
1692230400000,28698.53000000,28751.64000000,28311.00000000,28549.47000000,135.94687000,1692233999999,3875624.63608800,2334,43.51829000,1240749.04844730,0
1692234000000,28547.12000000,28605.20000000,28515.34000000,28591.69000000,26.46857000,1692237599999,755916.33685870,545,14.07471000,401976.31124790,0
1692237600000,28602.74000000,28610.08000000,28539.39000000,28556.98000000,9.55400000,1692241199999,273053.07349000,241,4.70935000,134619.67791270,0
1692241200000,28553.33000000,28665.43000000,28546.67000000,28627.30000000,6.92726000,1692244799999,198196.33803580,295,3.74572000,107154.43788220,0
1692244800000,28627.29000000,28670.62000000,28578.31000000,28610.25000000,10.72705000,1692248399999,307072.06484650,313,6.93351000,198505.71068130,0
1692248400000,28615.23000000,28643.94000000,28597.98000000,28643.94000000,5.13828000,1692251999999,147016.35265210,190,2.55480000,73106.88139470,0
1692252000000,28647.06000000,28658.14000000,28618.00000000,28651.24000000,4.25894000,1692255599999,121981.65144940,209,2.80997000,80481.25884370,0
1692255600000,28651.22000000,28651.22000000,28564.67000000,28585.08000000,12.93418000,1692259199999,369798.12849450,345,7.80187000,223036.95624920,0
1692259200000,28585.07000000,28601.39000000,28515.46000000,28516.07000000,21.72599000,1692262799999,620322.62478660,311,11.50474000,328497.08622200,0
1692262800000,28516.07000000,28582.81000000,28485.63000000,28557.89000000,9.94715000,1692266399999,283776.50630710,276,5.90725000,168510.78952660,0
1692266400000,28559.21000000,28574.60000000,28460.15000000,28508.66000000,20.61797000,1692269999999,588398.76675930,475,11.48246000,327730.93061110,0
1692270000000,28502.91000000,28530.80000000,28448.39000000,28506.53000000,15.41351000,1692273599999,439150.97938740,388,11.59609000,330390.47865730,0
1692273600000,28506.53000000,28536.83000000,28403.10000000,28463.51000000,64.68013000,1692277199999,1841405.45715690,1282,45.38638000,1292168.76456750,0
1692277200000,28461.80000000,28511.66000000,28337.37000000,28361.94000000,43.01340000,1692280799999,1222120.81348660,965,23.31994000,662693.84533840,0
1692280800000,28362.30000000,28416.61000000,28282.84000000,28351.73000000,40.93094000,1692284399999,1159951.68044950,1022,23.19225000,657259.10029780,0
1692284400000,28350.81000000,28450.00000000,27850.00000000,27900.99000000,101.05671000,1692287999999,2840650.09481350,2022,40.19688000,1131422.71398300,0
1692288000000,27905.55000000,28052.17000000,27679.24000000,27900.72000000,91.93987000,1692291599999,2562868.13625640,1804,43.51563000,1212132.66578840,0
1692291600000,27900.72000000,28020.00000000,27900.72000000,27947.60000000,53.93829000,1692295199999,1508898.04800640,632,29.83113000,834386.96019090,0
1692295200000,27946.07000000,27993.58000000,27832.13000000,27842.37000000,19.03077000,1692298799999,530822.07924680,447,11.78709000,328702.34315080,0
1692298800000,27845.77000000,27939.42000000,27820.06000000,27854.62000000,15.16852000,1692302399999,423018.77195700,450,7.49891000,209142.82339080,0
1692302400000,27858.88000000,27882.57000000,27497.88000000,27644.25000000,68.30729000,1692305999999,1888878.01110770,1084,35.87466000,992069.62553680,0
1692306000000,27647.11000000,27702.09000000,25002.00000000,26245.01000000,670.28237000,1692309599999,17892228.04133510,7090,59.30681000,1568972.80951180,0
1692309600000,26249.10000000,26905.35000000,25932.33000000,26811.26000000,167.39947000,1692313199999,4411702.91090000,4030,78.99948000,2082687.33104970,0
1692313200000,26790.71000000,26980.46000000,26452.24000000,26624.10000000,91.11737000,1692316799999,2436229.60190430,2274,31.19159000,833301.08610070,0
1692316800000,26613.56000000,26825.12000000,26526.56000000,26740.73000000,33.09922000,1692320399999,884434.32324480,1133,16.42704000,438990.32511800,0
1692320400000,26741.03000000,26754.75000000,26556.98000000,26611.31000000,19.78844000,1692323999999,526689.38741460,623,8.66374000,230746.01010000,0
1692324000000,26613.17000000,26678.18000000,26465.18000000,26477.03000000,39.32998000,1692327599999,1044472.83228120,588,23.37421000,620420.35976500,0
1692327600000,26469.84000000,26509.47000000,26315.52000000,26390.47000000,92.60566000,1692331199999,2450598.28137470,904,35.68683000,943773.09933840,0
1692331200000,26393.95000000,26435.43000000,26163.73000000,26262.06000000,63.83857000,1692334799999,1676143.07250840,933,33.83420000,888266.98143810,0
1692334800000,26265.22000000,26531.83000000,26257.61000000,26435.88000000,45.91635000,1692338399999,1211338.58294090,817,29.16150000,769166.07099030,0
1692338400000,26440.35000000,26624.79000000,26440.35000000,26503.39000000,30.85666000,1692341999999,818600.17229180,741,19.29852000,511959.47421690,0
1692342000000,26499.98000000,26520.11000000,26409.19000000,26417.09000000,20.66545000,1692345599999,546732.53847920,570,14.16983000,374883.91274880,0
1692345600000,26412.72000000,26589.43000000,26408.28000000,26580.08000000,23.10969000,1692349199999,612189.41417850,511,17.02238000,450916.96536290,0
1692349200000,26581.60000000,26597.81000000,26417.01000000,26439.99000000,33.08563000,1692352799999,877400.67649350,599,18.74012000,497066.53184770,0
1692352800000,26446.24000000,26460.16000000,26376.22000000,26439.35000000,23.56356000,1692356399999,622807.52224910,447,13.72669000,362768.82529630,0
1692356400000,26443.54000000,26501.39000000,26377.00000000,26475.35000000,20.98079000,1692359999999,554920.24790150,451,9.94437000,263043.07266540,0
1692360000000,26479.58000000,26487.43000000,26315.00000000,26318.37000000,41.63541000,1692363599999,1098110.23465910,607,22.02193000,580817.52201410,0
1692363600000,26317.70000000,26372.38000000,26212.11000000,26221.63000000,51.18926000,1692367199999,1345410.89341620,845,27.69416000,727806.52101200,0
1692367200000,26230.31000000,26293.59000000,25955.00000000,25998.28000000,120.71473000,1692370799999,3156001.27223690,1944,37.50872000,981013.14801560,0
1692370800000,26003.59000000,26234.20000000,25917.36000000,25984.44000000,65.64905000,1692374399999,1710439.30782670,1332,36.43005000,949088.24981140,0
1692374400000,25989.50000000,26127.81000000,25761.00000000,25899.94000000,75.35944000,1692377999999,1955080.98899740,1311,28.98962000,753805.12522210,0
1692378000000,25891.79000000,26092.88000000,25620.98000000,25992.94000000,77.21288000,1692381599999,1994046.02582960,1568,36.24202000,935547.59204000,0
1692381600000,26004.54000000,26291.27000000,25904.39000000,26106.69000000,122.91610000,1692385199999,3206805.86270130,1325,69.67003000,1817416.77337320,0
1692385200000,26101.30000000,26123.73000000,25973.88000000,26040.60000000,65.80379000,1692388799999,1714312.87509560,933,33.16015000,863664.23228790,0
1692388800000,26053.49000000,26226.70000000,26028.99000000,26063.85000000,57.58689000,1692392399999,1504426.93716970,692,30.89255000,806965.18553250,0
1692392400000,26071.85000000,26163.90000000,26053.20000000,26053.20000000,30.02619000,1692395999999,783703.27501600,517,16.31411000,425740.83282710,0
1692396000000,26050.00000000,26104.17000000,26034.23000000,26062.55000000,18.53623000,1692399599999,483239.48746160,396,8.59816000,224092.71691810,0
1692399600000,26057.98000000,26089.04000000,25999.49000000,26045.23000000,23.25593000,1692403199999,605380.55728250,375,11.28450000,293746.82175370,0
1692403200000,26045.24000000,26145.91000000,26010.75000000,26086.20000000,21.50471000,1692406799999,560552.66645650,415,12.38522000,322755.75971550,0
1692406800000,26085.11000000,26093.16000000,26005.91000000,26005.91000000,15.49100000,1692410399999,403437.00692170,384,6.98112000,181773.28972560,0
1692410400000,26005.85000000,26053.90000000,25983.88000000,25993.83000000,10.19057000,1692413999999,265068.95659360,254,4.95562000,128920.06745830,0
1692414000000,25993.82000000,25993.82000000,25915.24000000,25956.75000000,18.50783000,1692417599999,480284.37017790,351,10.86446000,281850.86100300,0
1692417600000,25957.32000000,25999.56000000,25912.41000000,25983.02000000,19.09880000,1692421199999,495782.48996770,424,9.28571000,240949.29738210,0
1692421200000,25983.13000000,25988.18000000,25869.11000000,25873.03000000,17.93590000,1692424799999,464931.51788990,408,8.49600000,220223.78410490,0
1692424800000,25873.56000000,25918.38000000,25817.92000000,25824.66000000,16.62998000,1692428399999,430140.84300320,357,8.06538000,208623.31358100,0
1692428400000,25817.01000000,25912.95000000,25792.39000000,25911.43000000,22.97746000,1692431999999,594018.84397380,535,14.65361000,378969.92560330,0
1692432000000,25916.63000000,25989.97000000,25890.08000000,25924.03000000,22.10881000,1692435599999,573462.18666540,343,12.06212000,312821.42073130,0
1692435600000,25926.02000000,25958.16000000,25876.99000000,25937.43000000,21.54372000,1692439199999,558347.85006910,288,11.54286000,299224.74195370,0
1692439200000,25937.01000000,25950.43000000,25889.01000000,25906.35000000,9.74665000,1692442799999,252600.50857180,223,7.04596000,182612.09215470,0
1692442800000,25906.34000000,25935.72000000,25888.57000000,25895.11000000,11.21730000,1692446399999,290583.21237310,213,4.27000000,110582.92943940,0
1692446400000,25895.16000000,25919.49000000,25865.83000000,25907.43000000,19.54433000,1692449999999,505984.17032480,245,12.85913000,332933.43130030,0
1692450000000,25910.03000000,25969.80000000,25898.49000000,25924.22000000,15.86460000,1692453599999,411433.90667510,250,5.68996000,147608.95261470,0
1692453600000,25919.27000000,26041.23000000,25913.37000000,25970.22000000,17.93485000,1692457199999,466225.38422920,380,8.86242000,230281.07165290,0
1692457200000,25970.22000000,26221.31000000,25952.04000000,26217.43000000,59.52390000,1692460799999,1553229.50732190,758,29.51418000,769851.01297110,0
1692460800000,26209.47000000,26262.81000000,26111.85000000,26243.87000000,49.34786000,1692464399999,1291606.04296270,671,22.94481000,600422.02053410,0
1692464400000,26244.10000000,26244.10000000,26069.94000000,26084.27000000,28.21022000,1692467999999,736984.78934340,420,14.41520000,376750.90373880,0
1692468000000,26085.49000000,26130.78000000,26024.29000000,26122.79000000,24.07086000,1692471599999,627648.02467720,554,5.97794000,155879.68005120,0
1692471600000,26120.23000000,26156.88000000,26094.87000000,26123.99000000,5.48375000,1692475199999,143261.66176890,169,3.02704000,79040.45035800,0
1692475200000,26128.05000000,26154.87000000,26010.57000000,26055.13000000,31.34785000,1692478799999,817812.20760470,445,9.61799000,250926.60536830,0
1692478800000,26048.14000000,26093.32000000,26048.14000000,26080.96000000,4.82121000,1692482399999,125696.66762710,170,1.82103000,47477.30186690,0
1692482400000,26079.36000000,26082.92000000,26046.14000000,26049.18000000,4.37374000,1692485999999,114004.35741920,162,0.94124000,24535.27130970,0
1692486000000,26049.18000000,26117.49000000,26049.18000000,26095.44000000,5.37294000,1692489599999,140212.69218380,176,2.30294000,60092.95971270,0
1692489600000,26095.44000000,26184.78000000,26078.07000000,26179.80000000,6.05201000,1692493199999,158116.53874390,207,2.58852000,67610.71515140,0
1692493200000,26179.80000000,26202.78000000,26043.00000000,26067.97000000,13.70865000,1692496799999,357770.39642580,282,4.58126000,119572.13720290,0
1692496800000,26067.97000000,26100.93000000,26044.66000000,26090.57000000,8.62527000,1692500399999,224967.03361080,172,4.36049000,113720.41537240,0
1692500400000,26088.87000000,26134.70000000,26088.87000000,26101.35000000,5.24742000,1692503999999,137041.12014380,141,2.53442000,66187.49489350,0
1692504000000,26101.34000000,26128.19000000,26091.29000000,26115.45000000,3.34301000,1692507599999,87279.35237740,275,0.94829000,24759.87408190,0
1692507600000,26115.04000000,26154.60000000,26065.36000000,26087.70000000,6.18721000,1692511199999,161599.24267110,189,2.46280000,64333.57350030,0
1692511200000,26086.00000000,26090.30000000,26038.97000000,26063.18000000,13.31155000,1692514799999,346996.85006950,209,7.17255000,186960.97034310,0
1692514800000,26063.14000000,26089.90000000,26061.82000000,26085.93000000,2.60421000,1692518399999,67906.58055220,137,1.69002000,44069.89384900,0
1692518400000,26083.68000000,26108.58000000,26056.46000000,26108.58000000,2.85853000,1692521999999,74540.69091570,140,1.35735000,35387.42506190,0
1692522000000,26108.36000000,26144.47000000,26094.22000000,26144.47000000,5.93737000,1692525599999,155079.68886850,122,3.88101000,101371.72488240,0
1692525600000,26139.17000000,26154.78000000,26117.82000000,26148.27000000,10.79493000,1692529199999,282128.18333400,206,4.83844000,126443.02200320,0
1692529200000,26148.12000000,26193.55000000,26130.00000000,26176.47000000,5.17094000,1692532799999,135223.49765500,155,1.99149000,52090.02811950,0
1692532800000,26174.92000000,26192.73000000,26134.74000000,26180.49000000,9.87147000,1692536399999,258297.20624750,213,4.44174000,116228.28538680,0
1692536400000,26181.00000000,26212.47000000,26130.50000000,26135.54000000,10.15502000,1692539999999,265779.26636320,210,6.16263000,161360.08493330,0
1692540000000,26135.81000000,26149.45000000,26053.68000000,26071.13000000,27.89107000,1692543599999,728552.39828060,450,5.93384000,154980.22768760,0
1692543600000,26061.26000000,26138.37000000,25975.73000000,26104.47000000,32.53262000,1692547199999,847742.51877350,558,14.81715000,386023.71993760,0
1692547200000,26106.03000000,26120.40000000,26003.65000000,26053.23000000,23.82358000,1692550799999,620638.62135740,405,7.14404000,186150.78699830,0
1692550800000,26053.23000000,26158.29000000,26030.51000000,26117.54000000,10.80892000,1692554399999,282021.95242520,243,5.44054000,141971.32121770,0
1692554400000,26121.88000000,26150.93000000,26116.48000000,26116.48000000,7.03930000,1692557999999,183989.40948210,150,3.06845000,80187.10496580,0
1692558000000,26117.24000000,26140.60000000,26107.97000000,26135.35000000,2.88442000,1692561599999,75351.81523970,131,1.13828000,29739.85122400,0
1692561600000,26135.39000000,26296.15000000,26135.39000000,26230.58000000,21.55464000,1692565199999,564960.33395540,340,10.82438000,283722.03366750,0
1692565200000,26237.37000000,26239.20000000,26142.34000000,26175.44000000,16.72835000,1692568799999,437900.89321870,276,7.73152000,202327.20735850,0
1692568800000,26185.55000000,26223.04000000,26181.12000000,26206.79000000,15.78877000,1692572399999,413659.82491270,195,7.45215000,195241.67674890,0
1692572400000,26206.40000000,26206.79000000,26149.52000000,26190.06000000,19.28873000,1692575999999,504781.46977440,275,7.93205000,207580.40115360,0
1692576000000,26188.52000000,26191.19000000,26118.00000000,26135.09000000,14.63802000,1692579599999,382687.04006810,243,6.97813000,182407.10001380,0
1692579600000,26137.66000000,26164.91000000,26080.48000000,26137.13000000,28.51683000,1692583199999,744948.14043640,359,14.26877000,372731.18315990,0
1692583200000,26142.52000000,26157.05000000,26074.25000000,26093.06000000,14.99464000,1692586799999,391457.78538560,236,7.50618000,195930.53678780,0
1692586800000,26093.06000000,26107.29000000,26067.29000000,26087.94000000,7.31310000,1692590399999,190749.39925090,120,2.79266000,72834.67993730,0
1692590400000,26086.83000000,26086.83000000,26041.02000000,26053.60000000,10.34766000,1692593999999,269649.07306500,183,4.69522000,122330.02710870,0
1692594000000,26052.25000000,26177.07000000,26043.11000000,26102.48000000,44.22779000,1692597599999,1155172.60317140,406,21.40939000,558979.71315670,0
1692597600000,26098.89000000,26114.55000000,26021.22000000,26022.33000000,17.32963000,1692601199999,451715.96628770,306,6.78229000,176829.18631400,0
1692601200000,26022.38000000,26038.20000000,25990.18000000,26013.17000000,20.25542000,1692604799999,526933.53765110,297,9.22842000,240038.34522490,0
1692604800000,26010.82000000,26059.16000000,25975.23000000,26044.60000000,23.35158000,1692608399999,607772.70816640,311,13.16982000,342758.85161780,0
1692608400000,26048.22000000,26073.15000000,25990.64000000,26020.28000000,10.26440000,1692611999999,267190.28415990,193,5.88939000,153295.74666260,0
1692612000000,26014.70000000,26030.00000000,25878.40000000,25932.49000000,216.40243000,1692615599999,5626637.11489140,1722,120.13063000,3123383.26553130,0
1692615600000,25925.56000000,26034.97000000,25918.52000000,26021.89000000,18.92160000,1692619199999,491245.98753240,311,8.99499000,233543.52924540,0
1692619200000,26022.93000000,26074.24000000,25986.13000000,25999.67000000,25.07077000,1692622799999,652705.61255420,373,13.22509000,344292.42462830,0
1692622800000,25995.33000000,26134.57000000,25976.96000000,26127.33000000,53.23328000,1692626399999,1385626.04633100,543,28.14952000,732678.81992740,0
1692626400000,26125.23000000,26194.05000000,26052.00000000,26102.19000000,58.48098000,1692629999999,1526952.20186840,646,30.23916000,789460.92386170,0
1692630000000,26101.48000000,26126.14000000,25813.87000000,25937.61000000,91.57335000,1692633599999,2375850.68163440,1117,41.36760000,1072962.71033770,0
1692633600000,25936.35000000,26043.78000000,25932.57000000,26012.59000000,31.35259000,1692637199999,814717.61687850,549,12.70732000,330211.97563620,0
1692637200000,26012.59000000,26068.87000000,25996.21000000,26047.04000000,14.60441000,1692640799999,380245.27468860,268,7.06175000,183869.97569360,0
1692640800000,26047.03000000,26104.08000000,26023.43000000,26027.15000000,20.37429000,1692644399999,530860.52973640,267,8.94439000,233021.60292160,0
1692644400000,26027.16000000,26158.23000000,26027.16000000,26078.00000000,25.61525000,1692647999999,668515.80142800,387,13.86154000,361729.14605110,0
1692648000000,26099.45000000,26147.54000000,26089.00000000,26105.63000000,16.14261000,1692651599999,421479.40841490,314,8.69755000,227071.99856310,0
1692651600000,26104.04000000,26248.59000000,26079.53000000,26194.96000000,20.36010000,1692655199999,532571.01856310,308,12.20428000,319394.02253520,0
1692655200000,26190.31000000,26190.31000000,26127.84000000,26127.84000000,20.82737000,1692658799999,544751.56601440,276,4.23597000,110773.69401540,0
1692658800000,26127.57000000,26149.65000000,26113.97000000,26122.69000000,6.39428000,1692662399999,167073.15386560,141,4.03360000,105381.32227650,0
1692662400000,26122.72000000,26137.40000000,26089.55000000,26095.91000000,14.27339000,1692665999999,372704.15485400,214,7.10978000,185626.13407320,0
1692666000000,26097.15000000,26105.92000000,26043.66000000,26043.71000000,16.12964000,1692669599999,420622.38355160,281,7.56725000,197305.25752700,0
1692669600000,26043.00000000,26062.40000000,26037.02000000,26057.48000000,8.62698000,1692673199999,224744.71884330,162,4.55595000,118676.93654340,0
1692673200000,26057.47000000,26064.77000000,26016.58000000,26049.14000000,5.35629000,1692676799999,139468.52045180,219,3.66051000,95307.81395540,0
1692676800000,26048.13000000,26048.13000000,25996.35000000,26008.18000000,5.42956000,1692680399999,141269.35118430,304,2.80812000,73066.06317680,0
1692680400000,26005.96000000,26040.41000000,25990.49000000,26033.76000000,3.83941000,1692683999999,99878.56364120,230,2.01986000,52561.92130080,0
1692684000000,26035.16000000,26087.03000000,26021.13000000,26056.17000000,6.61660000,1692687599999,172300.02686280,368,3.79026000,98704.66180560,0
1692687600000,26054.17000000,26110.16000000,26054.17000000,26098.77000000,11.06915000,1692691199999,288576.03365110,377,3.02215000,78792.60867220,0
1692691200000,26098.78000000,26106.02000000,26043.80000000,26057.35000000,3.87311000,1692694799999,101012.71664690,191,1.71355000,44672.34270360,0
1692694800000,26057.35000000,26079.68000000,26026.88000000,26044.99000000,4.30326000,1692698399999,112095.43538330,153,1.44153000,37549.73996370,0
1692698400000,26040.38000000,26052.71000000,26018.87000000,26038.24000000,15.58238000,1692701999999,405685.99877290,244,7.75066000,201762.13554860,0
1692702000000,26038.91000000,26057.63000000,26018.74000000,26044.86000000,8.50008000,1692705599999,221305.28441830,167,3.26751000,85067.92709460,0
1692705600000,26040.34000000,26092.42000000,26036.09000000,26036.09000000,12.37580000,1692709199999,322483.35076810,226,5.52616000,144000.74406570,0
1692709200000,26034.31000000,26049.76000000,25958.15000000,25994.23000000,33.29903000,1692712799999,866148.13057390,553,18.43281000,479436.20802140,0
1692712800000,25991.77000000,26048.15000000,25934.56000000,25983.73000000,58.70632000,1692716399999,1526183.33025930,780,30.06609000,781496.28317020,0
1692716400000,25983.58000000,26012.84000000,25904.63000000,25929.50000000,56.25876000,1692719999999,1460496.33200340,627,30.38250000,788724.71789830,0
1692720000000,25914.75000000,26046.19000000,25788.00000000,26013.77000000,220.02934000,1692723599999,5700537.82936000,2294,115.07616000,2981153.00954410,0
1692723600000,26012.27000000,26024.51000000,25719.98000000,25823.32000000,154.79117000,1692727199999,4000706.87070790,1763,74.78124000,1932694.30587060,0
1692727200000,25820.73000000,25997.89000000,25762.73000000,25898.10000000,140.19214000,1692730799999,3627895.55094410,1349,74.86836000,1937467.57660360,0
1692730800000,25898.10000000,25953.79000000,25768.14000000,25768.79000000,289.77931000,1692734399999,7499210.90651360,2101,233.70302000,6048449.37379380,0
1692734400000,25778.49000000,25897.59000000,25778.49000000,25854.30000000,42.78169000,1692737999999,1105005.94542820,479,23.98835000,619552.53405700,0
1692738000000,25849.83000000,25890.85000000,25350.00000000,25660.97000000,204.95798000,1692741599999,5248806.01982750,2309,92.54948000,2370636.16349840,0
1692741600000,25660.97000000,25850.12000000,25636.48000000,25799.90000000,59.90903000,1692745199999,1542263.54257490,973,28.89261000,743936.64961760,0
1692745200000,25799.90000000,26049.30000000,25772.95000000,26033.24000000,69.07167000,1692748799999,1791801.99430280,1171,33.03970000,856777.65974090,0
1692748800000,26043.16000000,26174.36000000,26017.69000000,26027.89000000,41.58454000,1692752399999,1085053.55246370,1065,19.27809000,502757.81695900,0
1692752400000,26029.55000000,26070.23000000,25981.63000000,26037.14000000,18.32945000,1692755999999,476977.31173630,332,8.10426000,210892.37603800,0
1692756000000,26038.11000000,26075.09000000,26015.00000000,26033.90000000,106.97543000,1692759599999,2783518.34236880,724,95.97428000,2497173.95760040,0
1692759600000,26033.91000000,26063.12000000,25978.88000000,25995.73000000,9.91627000,1692763199999,257938.09207650,185,3.20813000,83447.01927990,0
1692763200000,25977.43000000,26048.13000000,25966.22000000,26040.39000000,9.51559000,1692766799999,247543.93390010,178,5.71732000,148721.91265790,0
1692766800000,26040.40000000,26042.57000000,25981.20000000,26031.48000000,12.18811000,1692770399999,317019.00258000,265,7.73882000,201283.10016370,0
1692770400000,26034.54000000,26168.27000000,26026.31000000,26048.99000000,25.66166000,1692773999999,669651.18631290,604,12.41277000,323896.43137110,0
1692774000000,26054.75000000,26118.94000000,26002.19000000,26045.24000000,29.08111000,1692777599999,757695.26025560,491,14.21639000,370370.80790630,0
1692777600000,26049.44000000,26083.20000000,26015.30000000,26021.76000000,6.55019000,1692781199999,170645.52567880,212,2.93064000,76333.70279190,0
1692781200000,26027.98000000,26044.56000000,26002.01000000,26027.97000000,12.28507000,1692784799999,319649.92144090,246,7.55783000,196661.44536440,0
1692784800000,26030.50000000,26030.50000000,25944.93000000,25954.19000000,37.04857000,1692788399999,962748.26172620,490,19.72850000,512584.43194910,0
1692788400000,25954.19000000,25957.96000000,25894.17000000,25924.58000000,23.55684000,1692791999999,610867.59291070,399,16.13796000,418495.26471620,0
1692792000000,25925.59000000,25951.14000000,25830.68000000,25838.23000000,19.44657000,1692795599999,503590.51275130,358,8.24688000,213540.30937170,0
1692795600000,25829.43000000,26022.21000000,25801.01000000,25994.97000000,24.41920000,1692799199999,632661.03951780,612,14.83760000,384310.02757890,0
1692799200000,26008.34000000,26121.36000000,25913.03000000,26029.02000000,61.43463000,1692802799999,1598504.81874930,1188,30.59839000,796126.45253090,0
1692802800000,26029.02000000,26174.26000000,26012.87000000,26133.24000000,99.33007000,1692806399999,2594081.59235770,1430,49.94692000,1304140.87715560,0
1692806400000,26132.62000000,26469.77000000,26114.19000000,26389.18000000,204.35870000,1692809999999,5384466.99101390,3240,83.32064000,2193201.91369730,0
1692810000000,26387.77000000,26599.44000000,26358.45000000,26536.72000000,104.98684000,1692813599999,2785073.37300360,2069,41.59384000,1103248.63825410,0
1692813600000,26533.92000000,26552.79000000,26430.46000000,26454.26000000,51.88113000,1692817199999,1374186.58793210,967,14.88261000,394308.91161820,0
1692817200000,26454.00000000,26800.00000000,26433.02000000,26628.02000000,108.67110000,1692820799999,2896757.89839210,1747,45.21126000,1206040.95156020,0
1692820800000,26616.74000000,26718.51000000,26529.29000000,26589.62000000,109.10076000,1692824399999,2903545.20477670,1651,49.82948000,1325904.37943140,0
1692824400000,26586.00000000,26617.14000000,26219.86000000,26317.55000000,87.69843000,1692827999999,2316352.11537640,1332,27.16764000,716651.52848370,0
1692828000000,26317.55000000,26482.12000000,26297.61000000,26443.86000000,50.86785000,1692831599999,1343036.93780120,718,23.24076000,613567.22166060,0
1692831600000,26448.23000000,26522.34000000,26400.75000000,26437.15000000,25.12705000,1692835199999,664879.97017500,445,12.45883000,329665.88764030,0
1692835200000,26426.53000000,26540.77000000,26417.88000000,26510.52000000,20.02675000,1692838799999,530515.63290810,381,12.27522000,325077.94597340,0
1692838800000,26509.59000000,26516.07000000,26345.51000000,26345.51000000,12.28958000,1692842399999,324550.28666940,333,6.06989000,160313.27594590,0
1692842400000,26350.85000000,26412.00000000,26350.85000000,26368.31000000,8.47921000,1692845999999,223679.18464020,195,5.68741000,150022.24169540,0
1692846000000,26368.31000000,26438.61000000,26368.31000000,26435.35000000,6.89030000,1692849599999,181939.37822380,141,4.09478000,108097.77173250,0
1692849600000,26435.47000000,26474.30000000,26402.76000000,26453.03000000,11.22577000,1692853199999,296761.77634270,162,2.77466000,73357.22746170,0
1692853200000,26452.49000000,26480.65000000,26408.41000000,26412.85000000,10.91872000,1692856799999,288691.90284570,224,5.19582000,137365.38840790,0
1692856800000,26417.52000000,26510.58000000,26382.16000000,26442.84000000,15.80546000,1692860399999,418104.01847230,306,8.92166000,236004.92774780,0
1692860400000,26441.68000000,26488.45000000,26430.43000000,26469.29000000,10.47235000,1692863999999,277103.53593640,254,6.46946000,171148.21800600,0
1692864000000,26472.91000000,26496.27000000,26419.56000000,26484.12000000,13.47858000,1692867599999,356639.04266110,311,5.94391000,157336.93128220,0
1692867600000,26488.33000000,26561.74000000,26423.13000000,26431.05000000,45.86256000,1692871199999,1216053.97900540,484,31.56575000,837030.84473200,0
1692871200000,26433.70000000,26467.40000000,26408.01000000,26463.40000000,11.90570000,1692874799999,314696.45765570,223,5.71844000,151152.23279090,0
1692874800000,26465.23000000,26526.40000000,26431.06000000,26431.06000000,18.08122000,1692878399999,478873.10552180,312,12.11001000,320735.84942210,0
1692878400000,26431.52000000,26432.76000000,26368.78000000,26386.01000000,8.90702000,1692881999999,235109.40957710,325,5.74043000,151512.23652890,0
1692882000000,26376.96000000,26409.45000000,26278.39000000,26346.59000000,17.88567000,1692885599999,471101.14611390,474,9.78770000,257824.13628640,0
1692885600000,26345.03000000,26358.78000000,26061.23000000,26106.31000000,42.42857000,1692889199999,1110677.50209380,1010,20.29928000,531443.83956530,0
1692889200000,26090.69000000,26156.60000000,25976.65000000,25995.12000000,37.24387000,1692892799999,970592.15475670,1031,24.02338000,626047.12290010,0
1692892800000,25979.25000000,26146.33000000,25979.25000000,26101.45000000,20.93209000,1692896399999,545390.88971370,590,14.55276000,379133.47589970,0
1692896400000,26100.71000000,26100.71000000,25858.47000000,26035.43000000,30.40579000,1692899999999,790762.32659700,622,14.40544000,374697.14479410,0
1692900000000,26042.28000000,26058.86000000,25963.50000000,26005.38000000,10.84285000,1692903599999,281913.35720640,325,7.30268000,189843.55996370,0
1692903600000,26006.29000000,26123.73000000,25988.91000000,26020.00000000,23.54076000,1692907199999,613114.27032010,559,19.38067000,504614.52784040,0
1692907200000,26027.93000000,26088.13000000,25926.56000000,26005.82000000,14.00849000,1692910799999,364504.71176170,404,6.13876000,159708.09504560,0
1692910800000,26011.42000000,26082.82000000,26006.30000000,26081.80000000,7.85332000,1692914399999,204719.92148680,286,6.67915000,174127.79444390,0
1692914400000,26081.80000000,26121.50000000,26075.22000000,26105.22000000,3.74489000,1692917999999,97735.60829750,148,1.69127000,44137.57247700,0
1692918000000,26109.77000000,26192.17000000,26055.28000000,26165.83000000,15.70716000,1692921599999,410321.39754100,281,8.19350000,214116.76886960,0
1692921600000,26164.57000000,26175.26000000,26109.58000000,26128.25000000,7.03115000,1692925199999,183764.14966930,165,4.42261000,115582.47297490,0
1692925200000,26130.02000000,26141.23000000,26081.07000000,26141.23000000,3.17338000,1692928799999,82872.68216250,140,2.19963000,57439.78046920,0
1692928800000,26139.70000000,26168.68000000,26110.79000000,26120.79000000,5.20724000,1692932399999,136107.16235150,235,2.65163000,69318.11343900,0
1692932400000,26119.10000000,26132.27000000,26009.10000000,26100.16000000,7.58980000,1692935999999,197795.00684560,303,2.72478000,71073.83908180,0
1692936000000,26100.15000000,26107.95000000,26017.63000000,26020.04000000,1.30531000,1692939599999,34024.26133820,123,0.26841000,6992.11609610,0
1692939600000,26016.77000000,26069.42000000,26001.37000000,26051.43000000,1.32717000,1692943199999,34548.85276460,94,0.63443000,16518.03472310,0
1692943200000,26053.64000000,26053.86000000,25984.00000000,26009.62000000,6.66131000,1692946799999,173222.94276190,133,1.41525000,36826.76120440,0
1692946800000,26010.34000000,26053.39000000,25961.69000000,25962.76000000,15.95180000,1692950399999,414993.26294940,317,12.20360000,317555.64927000,0
1692950400000,25967.51000000,26103.40000000,25967.51000000,26084.40000000,7.35074000,1692953999999,191604.90118020,245,2.37177000,61789.16916710,0
1692954000000,26084.60000000,26113.98000000,26067.54000000,26067.54000000,2.79954000,1692957599999,73037.92751580,119,1.39257000,36338.13558960,0
1692957600000,26070.18000000,26104.09000000,26063.82000000,26079.58000000,3.20095000,1692961199999,83507.84065290,92,1.19009000,31048.56417300,0
1692961200000,26077.68000000,26103.45000000,26072.67000000,26091.92000000,1.74949000,1692964799999,45645.15684850,89,0.60691000,15834.46234730,0
1692964800000,26097.60000000,26133.34000000,26090.00000000,26101.57000000,8.02820000,1692968399999,209656.30380310,162,3.40160000,88826.57612660,0
1692968400000,26104.56000000,26231.65000000,26050.84000000,26055.28000000,20.44054000,1692971999999,534746.92774200,569,7.33480000,191910.80396100,0
1692972000000,26055.99000000,26295.93000000,25774.00000000,25817.48000000,83.21940000,1692975599999,2164985.22579480,1854,46.46137000,1208896.18495780,0
1692975600000,25814.16000000,26031.80000000,25801.08000000,25930.18000000,34.26481000,1692979199999,888327.92549470,891,26.15967000,678076.23855480,0
1692979200000,25913.68000000,26015.72000000,25886.08000000,25913.28000000,10.15981000,1692982799999,263678.97982640,357,4.76206000,123561.14739490,0
1692982800000,25920.69000000,25965.99000000,25816.73000000,25873.57000000,10.21325000,1692986399999,264366.97653820,346,6.19373000,160254.70972500,0
1692986400000,25873.15000000,26046.63000000,25855.13000000,26032.73000000,4.87037000,1692989999999,126581.22245710,252,2.65767000,69056.13669710,0
1692990000000,26040.70000000,26044.55000000,25932.40000000,25955.87000000,6.54388000,1692993599999,170073.23331860,243,4.04406000,105116.15214850,0
1692993600000,25950.00000000,26069.70000000,25940.04000000,26053.83000000,5.24209000,1692997199999,136312.78113550,228,3.27766000,85211.76987770,0
1692997200000,26038.32000000,26068.56000000,26012.62000000,26065.62000000,6.19479000,1693000799999,161277.68236380,161,3.91511000,101908.97677760,0
1693000800000,26059.56000000,26078.49000000,26027.02000000,26039.24000000,3.62765000,1693004399999,94475.95380500,135,2.35912000,61439.18826170,0
1693004400000,26040.89000000,26046.73000000,26021.40000000,26046.73000000,3.78466000,1693007999999,98528.27514080,87,2.24240000,58373.05093860,0
1693008000000,26043.14000000,26082.05000000,26023.79000000,26028.36000000,4.58823000,1693011599999,119515.40983210,139,1.83722000,47870.25262850,0
1693011600000,26030.59000000,26066.11000000,26024.21000000,26036.04000000,4.76467000,1693015199999,124089.68532920,111,2.04857000,53347.24347090,0
1693015200000,26036.05000000,26108.20000000,26036.05000000,26061.71000000,11.05209000,1693018799999,288139.89874060,175,3.80227000,99116.64135080,0
1693018800000,26067.54000000,26083.95000000,26048.93000000,26069.51000000,1.14564000,1693022399999,29857.43952900,64,0.24349000,6347.02068560,0
1693022400000,26070.79000000,26070.80000000,26045.20000000,26061.55000000,1.53713000,1693025999999,40051.39516070,84,1.05521000,27495.72042040,0
1693026000000,26061.56000000,26063.16000000,26036.84000000,26049.32000000,2.29282000,1693029599999,59720.07292470,111,1.78028000,46369.54703700,0
1693029600000,26042.45000000,26061.11000000,26036.50000000,26061.11000000,0.53250000,1693033199999,13870.82809610,65,0.31489000,8202.53992070,0
1693033200000,26064.43000000,26070.80000000,26033.21000000,26035.02000000,2.52910000,1693036799999,65868.19021790,103,1.09979000,28645.29346460,0
1693036800000,26035.00000000,26047.12000000,25982.46000000,26026.43000000,8.78736000,1693040399999,228619.90176810,203,1.94423000,50572.28336280,0
1693040400000,26022.52000000,26023.14000000,25991.85000000,25998.40000000,0.63841000,1693043999999,16601.54996660,90,0.52389000,13623.92292520,0
1693044000000,25999.79000000,26019.87000000,25996.88000000,26019.87000000,1.23331000,1693047599999,32083.03571420,89,1.00339000,26103.32015810,0
1693047600000,26017.33000000,26033.30000000,26017.33000000,26027.19000000,0.43834000,1693051199999,11409.23928540,63,0.32335000,8416.13781150,0
1693051200000,26030.80000000,26033.60000000,25967.22000000,26011.86000000,6.13938000,1693054799999,159655.04715730,186,3.23487000,84115.48082680,0
1693054800000,26011.96000000,26030.57000000,26008.47000000,26027.00000000,1.56091000,1693058399999,40609.22095200,105,1.11888000,29107.60780400,0
1693058400000,26027.01000000,26057.78000000,26012.80000000,26050.56000000,4.34226000,1693061999999,113067.21836580,136,2.35679000,61376.19454830,0
1693062000000,26050.55000000,26060.04000000,26036.26000000,26040.51000000,1.31065000,1693065599999,34139.42180110,115,0.81905000,21334.60921130,0
1693065600000,26044.00000000,26047.99000000,26004.02000000,26028.37000000,5.65044000,1693069199999,147036.08196610,150,1.63856000,42631.55818310,0
1693069200000,26027.78000000,26027.78000000,25994.95000000,26020.26000000,1.77017000,1693072799999,46041.13803570,133,0.84572000,21998.03865480,0
1693072800000,26015.70000000,26015.70000000,25993.84000000,26008.73000000,1.51421000,1693076399999,39372.90377030,98,0.33148000,8620.39640720,0
1693076400000,26009.00000000,26030.93000000,26006.40000000,26025.01000000,2.86715000,1693079999999,74598.15520500,136,2.42735000,63156.46723420,0
1693080000000,26025.01000000,26034.12000000,26011.03000000,26022.08000000,1.73183000,1693083599999,45058.84195740,144,1.43307000,37285.14314410,0
1693083600000,26021.00000000,26034.86000000,26005.05000000,26031.04000000,0.76648000,1693087199999,19946.61071890,102,0.39837000,10366.24223590,0
1693087200000,26026.98000000,26036.44000000,26019.02000000,26020.85000000,1.49446000,1693090799999,38898.73201830,104,1.20211000,31289.89999060,0
1693090800000,26020.86000000,26023.03000000,25980.19000000,26007.48000000,5.84107000,1693094399999,151877.84527620,146,1.27855000,33249.64836050,0
1693094400000,26003.82000000,26018.34000000,25989.58000000,25989.58000000,3.25042000,1693097999999,84520.15141700,105,1.51294000,39341.79219130,0
1693098000000,25988.46000000,26003.94000000,25953.07000000,25979.56000000,2.46008000,1693101599999,63905.42741610,111,0.87062000,22624.62838190,0
1693101600000,25988.07000000,26004.70000000,25981.46000000,25990.08000000,4.87788000,1693105199999,126821.75942880,98,2.09115000,54365.84390350,0
1693105200000,25986.81000000,26012.81000000,25986.81000000,26008.01000000,1.28499000,1693108799999,33421.68071640,48,0.09894000,2572.87522920,0
1693108800000,26009.26000000,26026.31000000,26009.23000000,26026.00000000,0.50019000,1693112399999,13013.04838570,47,0.47647000,12395.92120920,0
1693112400000,26027.08000000,26033.57000000,26016.42000000,26025.56000000,1.23605000,1693115999999,32167.59215520,80,0.66249000,17241.64840940,0
1693116000000,26022.84000000,26036.40000000,26016.45000000,26033.01000000,1.01190000,1693119599999,26338.72251200,77,0.79906000,20799.56517540,0
1693119600000,26033.01000000,26042.78000000,26028.56000000,26032.31000000,2.09757000,1693123199999,54610.82540160,91,1.80741000,47057.07439970,0
1693123200000,26033.89000000,26054.74000000,26022.85000000,26043.86000000,7.26686000,1693126799999,189269.90892770,139,5.44404000,141794.94842380,0
1693126800000,26051.56000000,26064.86000000,26037.31000000,26064.86000000,6.66395000,1693130399999,173589.70180590,136,5.08420000,132429.31440730,0
1693130400000,26068.85000000,26084.25000000,26065.01000000,26071.26000000,2.19379000,1693133999999,57211.99019480,89,0.87514000,22823.57967070,0
1693134000000,26068.01000000,26069.51000000,26044.88000000,26052.85000000,1.72967000,1693137599999,45061.47585500,97,0.89824000,23403.17298820,0
1693137600000,26050.61000000,26061.78000000,26042.80000000,26061.77000000,0.60926000,1693141199999,15871.36872030,204,0.47509000,12375.94959080,0
1693141200000,26062.33000000,26077.52000000,26054.53000000,26067.22000000,1.82670000,1693144799999,47618.23157020,228,1.08182000,28199.98097320,0
1693144800000,26067.22000000,26167.38000000,26067.22000000,26133.44000000,7.53606000,1693148399999,196905.90141830,359,3.47867000,90887.40819590,0
1693148400000,26133.44000000,26151.93000000,26103.34000000,26109.81000000,8.60730000,1693151999999,224961.61114430,242,3.96820000,103714.15965710,0
1693152000000,26114.70000000,26155.11000000,26109.68000000,26150.67000000,4.97508000,1693155599999,130020.11494930,160,1.33223000,34810.89159500,0
1693155600000,26150.67000000,26167.55000000,26042.66000000,26052.49000000,8.14745000,1693159199999,212722.82037770,288,1.64481000,42949.19280990,0
1693159200000,26042.47000000,26103.98000000,26027.94000000,26094.76000000,3.67102000,1693162799999,95668.35748460,169,1.13653000,29628.03380970,0
1693162800000,26086.50000000,26151.55000000,26083.57000000,26110.65000000,3.43999000,1693166399999,89874.43219210,138,1.37809000,36004.69673020,0
1693166400000,26110.66000000,26119.11000000,26070.96000000,26080.69000000,1.53718000,1693169999999,40109.44412870,123,0.96180000,25098.90304250,0
1693170000000,26080.70000000,26122.13000000,26029.19000000,26058.85000000,9.16707000,1693173599999,238940.87202910,208,4.34176000,113165.51122840,0
1693173600000,26054.30000000,26078.61000000,26031.12000000,26077.00000000,1.56512000,1693177199999,40778.00714170,86,0.42110000,10968.98712920,0
1693177200000,26077.00000000,26095.93000000,26067.64000000,26087.31000000,4.37545000,1693180799999,114106.65055300,137,2.39766000,62527.59460870,0
1693180800000,26088.16000000,26092.20000000,25975.54000000,26015.16000000,11.04174000,1693184399999,287399.91549020,301,3.78691000,98569.00940740,0
1693184400000,26012.05000000,26047.66000000,25987.63000000,26011.83000000,5.78465000,1693187999999,150512.82366580,264,2.58938000,67376.60014270,0
1693188000000,26016.65000000,26045.08000000,26005.60000000,26023.80000000,0.78393000,1693191599999,20404.01053370,111,0.48228000,12551.53265000,0
1693191600000,26016.04000000,26036.68000000,25997.86000000,25997.86000000,6.71562000,1693195199999,174733.46701930,195,4.02148000,104626.74558620,0
1693195200000,25996.18000000,26019.40000000,25992.94000000,26013.62000000,3.76590000,1693198799999,97949.91423940,124,2.73230000,71066.53641020,0
1693198800000,26012.23000000,26021.06000000,25864.93000000,25947.45000000,15.59321000,1693202399999,404438.52422470,414,8.24515000,213868.18415200,0
1693202400000,25942.36000000,25975.09000000,25912.87000000,25932.53000000,4.30235000,1693205999999,111615.74286920,160,1.77968000,46160.73026650,0
1693206000000,25930.44000000,25939.28000000,25876.17000000,25917.17000000,4.93913000,1693209599999,127961.96832750,150,3.44603000,89281.97678750,0
1693209600000,25917.17000000,25968.60000000,25902.24000000,25951.63000000,5.89357000,1693213199999,152812.98759330,164,4.15382000,107694.56851390,0
1693213200000,25951.00000000,25952.97000000,25850.00000000,25916.28000000,22.51773000,1693216799999,583166.23444420,353,8.80163000,228026.31851780,0
1693216800000,25916.27000000,25950.69000000,25891.59000000,25933.90000000,3.64453000,1693220399999,94480.52146820,171,3.11146000,80665.67284110,0
1693220400000,25933.70000000,25985.18000000,25926.24000000,25977.50000000,3.21843000,1693223999999,83518.31435870,155,2.30515000,59815.11832920,0
1693224000000,25983.01000000,26235.36000000,25971.99000000,26118.07000000,44.45691000,1693227599999,1160980.16929000,756,25.25094000,659200.74931990,0
1693227600000,26118.07000000,26144.06000000,26072.76000000,26084.96000000,10.09022000,1693231199999,263416.55351530,345,3.63515000,94913.06930950,0
1693231200000,26089.19000000,26142.42000000,26063.24000000,26121.22000000,5.01843000,1693234799999,130962.56804610,314,2.84251000,74181.92378850,0
1693234800000,26127.42000000,26175.29000000,26034.25000000,26087.70000000,8.45662000,1693238399999,220851.94437010,300,4.87804000,127415.19499900,0
1693238400000,26088.85000000,26144.63000000,26081.39000000,26134.77000000,5.15150000,1693241999999,134515.12984190,238,2.84944000,74381.95439420,0
1693242000000,26129.84000000,26178.67000000,26121.81000000,26128.03000000,7.91049000,1693245599999,206871.61807570,234,2.42459000,63402.78728970,0
1693245600000,26126.90000000,26238.00000000,26085.30000000,26133.64000000,36.91914000,1693249199999,964659.97436300,304,34.70333000,906821.60828320,0
1693249200000,26134.02000000,26144.91000000,25906.80000000,25985.45000000,18.03625000,1693252799999,469140.07370020,462,8.52751000,221734.78724830,0
1693252800000,25975.16000000,26011.10000000,25958.35000000,25978.70000000,6.28067000,1693256399999,163280.72526820,191,4.47833000,116432.47708820,0
1693256400000,25979.67000000,25998.61000000,25934.34000000,25972.01000000,4.25504000,1693259999999,110514.03753410,165,3.00683000,78104.33602900,0
1693260000000,25972.00000000,26051.81000000,25967.12000000,26051.78000000,15.78066000,1693263599999,410314.99235270,242,9.18870000,238871.41983680,0
1693263600000,26050.15000000,26159.43000000,26035.36000000,26101.59000000,19.62973000,1693267199999,512232.81101900,327,9.78348000,255211.04795330,0
1693267200000,26101.60000000,26146.57000000,26066.75000000,26122.93000000,8.74894000,1693270799999,228368.17553970,218,5.90335000,154106.87029960,0
1693270800000,26125.03000000,26186.58000000,26080.80000000,26086.66000000,5.26237000,1693274399999,137516.80104010,209,2.96292000,77431.49813270,0
1693274400000,26087.53000000,26095.73000000,26061.90000000,26086.15000000,2.03407000,1693277999999,53055.27997250,115,1.79541000,46830.34781920,0
1693278000000,26082.56000000,26085.94000000,26047.28000000,26070.76000000,2.54342000,1693281599999,66281.88871460,129,1.40670000,36662.45570770,0
1693281600000,26064.69000000,26073.98000000,26031.29000000,26034.60000000,3.22183000,1693285199999,83927.45425030,126,1.02618000,26740.52090350,0
1693285200000,26044.59000000,26069.38000000,26018.07000000,26045.40000000,1.59855000,1693288799999,41629.76445050,127,0.96753000,25197.80263460,0
1693288800000,26043.97000000,26043.97000000,25985.01000000,25996.54000000,14.28614000,1693292399999,371451.20625960,183,0.86226000,22436.42075230,0
1693292400000,25996.54000000,26028.89000000,25974.80000000,25990.28000000,3.98288000,1693295999999,103533.56263180,155,2.28962000,59526.53331850,0
1693296000000,25988.49000000,25997.00000000,25939.27000000,25943.32000000,18.29526000,1693299599999,475155.88443830,319,9.55221000,248103.80592040,0
1693299600000,25938.08000000,25973.87000000,25933.55000000,25973.78000000,6.06206000,1693303199999,157328.33940220,214,3.87749000,100642.96260170,0
1693303200000,25972.19000000,25974.02000000,25905.00000000,25962.97000000,6.23467000,1693306799999,161728.47907720,255,2.63258000,68303.09637310,0
1693306800000,25962.33000000,26026.87000000,25946.59000000,25960.35000000,8.27452000,1693310399999,215076.78496390,228,4.82032000,125288.67576520,0
1693310400000,25957.46000000,26029.98000000,25947.14000000,26029.98000000,8.03172000,1693313999999,208701.43169340,231,3.33803000,86676.00347910,0
1693314000000,26036.28000000,26084.96000000,25991.85000000,26032.69000000,4.78763000,1693317599999,124655.16625450,246,2.44320000,63612.75877790,0
1693317600000,26033.28000000,27675.53000000,26033.28000000,27480.90000000,273.70027000,1693321199999,7412314.02472280,5784,147.39178000,3998333.53345690,0
1693321200000,27481.43000000,27537.45000000,27263.34000000,27416.70000000,75.16843000,1693324799999,2059694.31421270,2576,31.55205000,864532.02848940,0
1693324800000,27416.71000000,28121.37000000,27349.00000000,27991.50000000,123.94614000,1693328399999,3446204.25554710,3117,67.33788000,1872258.31220580,0
1693328400000,27995.49000000,28092.56000000,27791.81000000,27883.73000000,76.20976000,1693331999999,2129679.64811560,2312,27.54089000,769447.39958290,0
1693332000000,27895.89000000,28019.37000000,27832.07000000,27975.21000000,23.89465000,1693335599999,667481.09992740,1088,9.52100000,265956.47778000,0
1693335600000,27971.82000000,27994.94000000,27827.23000000,27837.12000000,25.20849000,1693339199999,703308.67899850,896,11.77773000,328377.97480750,0
1693339200000,27832.96000000,27882.52000000,27565.00000000,27572.59000000,34.01491000,1693342799999,943524.72715610,919,13.95683000,387255.37807550,0
1693342800000,27571.38000000,27735.50000000,27569.35000000,27663.98000000,25.82203000,1693346399999,714276.41275810,646,8.10422000,224180.76469360,0
1693346400000,27665.37000000,27701.79000000,27540.01000000,27639.79000000,19.24424000,1693349999999,531432.52986550,494,5.58216000,154089.92388770,0
1693350000000,27633.32000000,27781.30000000,27574.07000000,27723.23000000,17.33696000,1693353599999,479523.76101600,395,10.08560000,278878.39909390,0
1693353600000,27724.67000000,27767.56000000,27626.84000000,27630.00000000,19.58092000,1693357199999,542223.96077460,576,11.22297000,310651.20987740,0
1693357200000,27622.55000000,27639.43000000,27466.00000000,27551.98000000,19.76471000,1693360799999,544343.14678660,544,5.92274000,163050.76482660,0
1693360800000,27552.91000000,27563.42000000,27353.89000000,27406.60000000,39.89600000,1693364399999,1095158.80106020,853,8.24603000,226223.59771120,0
1693364400000,27392.19000000,27424.55000000,27284.42000000,27395.74000000,26.15986000,1693367999999,715491.40930540,543,9.91209000,271086.11248920,0
1693368000000,27389.89000000,27446.74000000,27389.89000000,27437.84000000,6.91084000,1693371599999,189503.24130460,166,4.08044000,111911.14772300,0
1693371600000,27441.18000000,27474.75000000,27432.81000000,27467.85000000,4.07048000,1693375199999,111762.92315810,193,2.86972000,78805.40446990,0
1693375200000,27446.37000000,27459.74000000,27372.61000000,27392.05000000,8.01321000,1693378799999,219610.91933020,183,1.19444000,32740.45964540,0
1693378800000,27381.32000000,27460.42000000,27381.32000000,27432.02000000,5.52091000,1693382399999,151489.44022020,255,1.90687000,52301.44490150,0
1693382400000,27436.00000000,27494.14000000,27402.21000000,27468.86000000,6.13047000,1693385999999,168305.74386290,344,2.86363000,78604.61301730,0
1693386000000,27461.69000000,27465.94000000,27304.87000000,27423.80000000,28.60101000,1693389599999,783301.77979560,570,10.71268000,293343.33657380,0
1693389600000,27427.05000000,27453.45000000,27398.16000000,27435.28000000,10.66242000,1693393199999,292594.02666310,145,9.00591000,247148.37420490,0
1693393200000,27432.67000000,27432.67000000,27330.01000000,27338.35000000,10.98162000,1693396799999,300541.38739130,266,4.26092000,116585.29191640,0
1693396800000,27336.51000000,27424.37000000,27288.98000000,27350.13000000,16.88699000,1693400399999,462158.45575650,420,8.11374000,222074.14525540,0
1693400400000,27347.67000000,27463.01000000,27157.35000000,27376.73000000,45.19766000,1693403999999,1235891.90482280,762,18.88415000,516316.80156910,0
1693404000000,27375.95000000,27427.42000000,27020.00000000,27112.79000000,79.67677000,1693407599999,2170851.91398780,1204,34.73949000,946615.86822260,0
1693407600000,27101.91000000,27292.90000000,27039.72000000,27201.95000000,43.61590000,1693411199999,1185153.30897840,795,23.41857000,636183.48507140,0
1693411200000,27202.04000000,27210.12000000,27070.20000000,27157.16000000,23.65646000,1693414799999,642218.68525740,538,9.85520000,267483.35507930,0
1693414800000,27150.69000000,27244.69000000,27113.76000000,27169.11000000,9.15249000,1693418399999,248969.70051190,300,5.71055000,155333.97285160,0
1693418400000,27160.52000000,27278.53000000,27101.43000000,27269.17000000,10.01616000,1693421999999,272079.25407810,254,4.85959000,132098.91689370,0
1693422000000,27273.63000000,27281.14000000,27173.90000000,27176.21000000,6.06509000,1693425599999,165237.28283650,189,2.57977000,70287.65555960,0
1693425600000,27177.77000000,27287.12000000,27177.77000000,27247.22000000,5.73489000,1693429199999,156249.28821950,197,3.60065000,98076.92493030,0
1693429200000,27259.23000000,27333.24000000,27245.27000000,27257.14000000,8.90353000,1693432799999,243016.81046370,169,1.87251000,51114.74325800,0
1693432800000,27257.13000000,27330.28000000,27241.36000000,27241.73000000,4.69540000,1693436399999,128069.52418900,174,2.05968000,56176.69670230,0
1693436400000,27235.89000000,27319.55000000,27225.21000000,27298.89000000,7.78075000,1693439999999,212273.41192960,179,2.94888000,80466.33397650,0
1693440000000,27299.86000000,27299.86000000,27189.06000000,27204.46000000,3.36034000,1693443599999,91503.95930650,127,2.07399000,56444.39077480,0
1693443600000,27218.29000000,27235.27000000,27177.10000000,27189.66000000,3.32125000,1693447199999,90343.70977450,108,2.07957000,56558.70326190,0
1693447200000,27195.66000000,27226.69000000,27186.81000000,27188.11000000,2.29848000,1693450799999,62526.34474330,103,0.83732000,22773.57388570,0
1693450800000,27187.90000000,27209.23000000,27178.45000000,27209.23000000,1.73818000,1693454399999,47253.29961700,79,0.30412000,8268.28405490,0
1693454400000,27211.76000000,27280.66000000,27207.91000000,27249.29000000,9.27049000,1693457999999,252597.74687690,131,0.41296000,11251.11959550,0
1693458000000,27249.51000000,27269.72000000,27222.33000000,27244.66000000,1.85503000,1693461599999,50525.61992160,90,1.03174000,28104.51848530,0
1693461600000,27248.54000000,27285.19000000,27228.31000000,27248.12000000,3.62717000,1693465199999,98843.63106440,108,1.39503000,38034.01846620,0
1693465200000,27251.89000000,27289.22000000,27235.43000000,27255.29000000,11.23501000,1693468799999,306253.92714980,184,7.18995000,195993.36909780,0
1693468800000,27261.43000000,27269.97000000,27220.06000000,27225.35000000,4.72727000,1693472399999,128751.12566740,224,1.76151000,47964.91574030,0
1693472400000,27223.60000000,27223.60000000,27187.06000000,27197.00000000,4.33443000,1693475999999,117925.01499450,188,1.13828000,30967.90313870,0
1693476000000,27194.55000000,27221.63000000,27186.87000000,27200.94000000,3.08343000,1693479599999,83883.34208560,203,2.54536000,69247.17913100,0
1693479600000,27201.64000000,27671.73000000,27196.86000000,27303.30000000,43.13002000,1693483199999,1182315.16960390,899,20.06456000,549751.21886030,0
1693483200000,27304.24000000,27316.90000000,27069.57000000,27194.20000000,20.91400000,1693486799999,568987.34999470,618,9.24578000,251551.11206060,0
1693486800000,27187.40000000,27201.60000000,27071.89000000,27148.14000000,20.61681000,1693490399999,559491.24047680,551,7.87673000,213793.96188030,0
1693490400000,27148.84000000,27182.40000000,27027.63000000,27170.44000000,19.54287000,1693493999999,529959.29478850,598,9.76459000,264707.67007650,0
1693494000000,27172.53000000,27175.34000000,26807.25000000,26914.87000000,27.66443000,1693497599999,745899.81976080,723,10.97436000,295659.66944650,0
1693497600000,26916.60000000,26920.00000000,26219.59000000,26222.60000000,90.78565000,1693501199999,2411395.63713580,2099,36.14182000,960307.07436300,0
1693501200000,26234.09000000,26390.82000000,26141.63000000,26323.84000000,37.10837000,1693504799999,976535.13537590,1216,20.16088000,530546.23969280,0
1693504800000,26328.00000000,26381.54000000,26151.79000000,26284.62000000,20.35162000,1693508399999,534677.27614780,580,6.67274000,175333.82555590,0
1693508400000,26277.64000000,26310.17000000,25905.87000000,26159.38000000,53.75365000,1693511999999,1406528.86269350,1212,22.56677000,590162.54944910,0
1693512000000,26152.60000000,26180.87000000,25956.41000000,26011.64000000,23.91559000,1693515599999,624246.38632310,863,11.25771000,293798.51530820,0
1693515600000,26017.25000000,26028.09000000,25652.01000000,26016.42000000,44.07242000,1693519199999,1140677.92183730,1249,18.40186000,476251.38788610,0
1693519200000,26013.00000000,26060.51000000,25970.76000000,26042.86000000,15.11268000,1693522799999,392980.26876570,386,8.28619000,215477.38786850,0
1693522800000,26049.25000000,26049.25000000,25905.19000000,25930.84000000,11.53353000,1693526399999,299426.94338000,310,6.07248000,157647.73397050,0
