1651363200000,37637.66000000,37810.90000000,37485.81000000,37691.78000000,205.54429000,1651366799999,7740264.68649430,3518,69.37006000,2614167.21600600,0
1651366800000,37688.01000000,38076.81000000,37402.29000000,37944.35000000,115.62226000,1651370399999,4356729.87864280,3151,40.77089000,1538012.23612710,0
1651370400000,37944.36000000,38061.16000000,37779.50000000,37824.99000000,32.15847000,1651373999999,1219628.66118260,1232,14.46025000,548355.90288880,0
1651374000000,37840.07000000,38066.11000000,37811.02000000,38048.91000000,45.89237000,1651377599999,1742028.60805070,1383,21.21231000,805278.24287500,0
1651377600000,38052.67000000,38066.10000000,37896.21000000,37948.41000000,37.47548000,1651381199999,1423503.02421710,1113,14.76567000,560861.64089420,0
1651381200000,37950.65000000,38172.85000000,37912.72000000,38062.77000000,37.93581000,1651384799999,1444142.14529570,1442,14.50709000,552264.40467100,0
1651384800000,38071.06000000,38152.91000000,37944.45000000,37960.97000000,30.04599000,1651388399999,1143208.94794820,1097,13.01013000,495003.48671100,0
1651388400000,37960.00000000,37999.41000000,37901.26000000,37974.69000000,40.78341000,1651391999999,1547738.08377110,1524,19.92931000,756310.92131990,0
1651392000000,37974.68000000,38064.40000000,37949.73000000,38034.54000000,47.54592000,1651395599999,1807602.94964010,1785,26.21031000,996409.71272940,0
1651395600000,38034.54000000,38325.03000000,37850.01000000,37979.23000000,66.70736000,1651399199999,2537182.36340930,2049,40.42275000,1539108.99962080,0
1651399200000,37980.06000000,38092.13000000,37955.17000000,38029.63000000,38.23652000,1651402799999,1454841.71967200,1449,21.85267000,831738.66996240,0
1651402800000,38034.98000000,38060.71000000,37902.62000000,37947.17000000,38.06715000,1651406399999,1445565.36225210,1380,16.01858000,608132.44727230,0
1651406400000,37947.35000000,38021.79000000,37850.00000000,37972.44000000,36.96049000,1651409999999,1401999.11570290,1607,18.86223000,715393.41048840,0
1651410000000,37984.35000000,38026.17000000,37917.56000000,37923.72000000,28.86794000,1651413599999,1096278.61877280,1187,15.69506000,595972.05348380,0
1651413600000,37926.38000000,38026.40000000,37900.02000000,37995.28000000,46.44239000,1651417199999,1762572.19013060,1534,32.86597000,1247279.49910220,0
1651417200000,37991.71000000,38666.29000000,37981.62000000,38488.48000000,143.19025000,1651420799999,5484432.87175790,3804,76.51215000,2931407.74952090,0
1651420800000,38491.27000000,38718.59000000,38398.51000000,38505.27000000,76.68537000,1651424399999,2957490.58067210,2874,39.90694000,1539142.55590790,0
1651424400000,38505.27000000,38599.69000000,38372.21000000,38387.53000000,49.02003000,1651427999999,1886526.17027290,1651,24.06380000,925891.63323450,0
1651428000000,38387.54000000,38415.05000000,37919.08000000,37939.65000000,69.22193000,1651431599999,2644064.20045510,2458,36.06435000,1376849.31760260,0
1651431600000,37925.16000000,38010.88000000,37718.65000000,37810.58000000,61.85780000,1651435199999,2341348.38060530,2237,31.77015000,1202305.46950490,0
1651435200000,37810.59000000,38340.59000000,37668.67000000,38311.71000000,45.68961000,1651438799999,1732592.50412040,2113,25.97322000,984990.82146620,0
1651438800000,38311.86000000,38444.74000000,38099.74000000,38342.01000000,27.49015000,1651442399999,1051901.56056570,1230,13.01625000,498269.15440110,0
1651442400000,38344.07000000,38586.56000000,38098.22000000,38305.34000000,47.07679000,1651445999999,1803390.93477390,2299,25.43730000,974535.77226410,0
1651446000000,38311.08000000,38626.01000000,38245.29000000,38469.56000000,41.60738000,1651449599999,1600299.54492210,1773,22.26803000,856193.06633350,0
1651449600000,38467.62000000,38818.65000000,38442.01000000,38669.59000000,56.89751000,1651453199999,2199589.55820650,2320,30.84566000,1192488.83318580,0
1651453200000,38673.43000000,38745.32000000,38494.15000000,38498.47000000,28.80640000,1651456799999,1112326.41059470,1397,13.63578000,526610.17546040,0
1651456800000,38497.06000000,38651.97000000,38374.74000000,38617.59000000,51.37656000,1651460399999,1978093.30542020,1910,27.18284000,1046974.43538110,0
1651460400000,38620.07000000,38718.70000000,38620.07000000,38676.79000000,27.39452000,1651463999999,1059467.53157020,1111,16.22326000,627460.37596300,0
1651464000000,38676.79000000,39127.29000000,38605.25000000,38980.86000000,77.15563000,1651467599999,2992989.89767680,2168,52.95529000,2054195.22578140,0
1651467600000,38977.14000000,39032.77000000,38882.61000000,39019.06000000,35.88992000,1651471199999,1398295.52860660,1526,14.28758000,556691.49905610,0
1651471200000,39011.64000000,39159.24000000,38934.35000000,38934.35000000,49.79922000,1651474799999,1943244.09388320,1966,23.00734000,897940.67443420,0
1651474800000,38930.78000000,39040.07000000,38829.53000000,38887.62000000,33.17704000,1651478399999,1293244.25329070,1746,16.87837000,657835.44422120,0
1651478400000,38883.50000000,38994.07000000,38774.51000000,38937.37000000,70.90055000,1651481999999,2757246.77800490,2134,20.61523000,802001.19378480,0
1651482000000,38928.58000000,39076.89000000,38776.23000000,38790.62000000,46.13528000,1651485599999,1795752.70679200,1925,14.00180000,544938.51261150,0
1651485600000,38781.91000000,38862.70000000,38661.34000000,38719.08000000,33.45061000,1651489199999,1296956.96600770,1573,16.19109000,627706.08806120,0
1651489200000,38713.76000000,38758.09000000,38478.55000000,38535.64000000,46.77260000,1651492799999,1805870.69789520,1792,25.75622000,994034.75780970,0
1651492800000,38529.48000000,38703.88000000,38424.74000000,38497.54000000,59.24597000,1651496399999,2284951.53256590,2389,31.32042000,1207875.92396380,0
1651496400000,38497.04000000,39197.86000000,38247.30000000,38919.28000000,132.60029000,1651499999999,5140147.06761220,4884,76.04286000,2946652.06641840,0
1651500000000,38917.05000000,39111.00000000,38607.13000000,38836.35000000,97.82640000,1651503599999,3803569.77553440,3943,54.84105000,2132847.25083500,0
1651503600000,38842.58000000,38898.57000000,38600.00000000,38696.07000000,67.77222000,1651507199999,2625515.61603120,2453,37.03231000,1434388.15231890,0
1651507200000,38692.06000000,38930.80000000,38507.07000000,38548.02000000,100.30513000,1651510799999,3882857.05861270,2714,67.61406000,2618724.63540830,0
1651510800000,38547.99000000,38618.92000000,38194.77000000,38375.04000000,111.53215000,1651514399999,4284926.48222760,2909,48.49376000,1861763.83820720,0
1651514400000,38354.22000000,38446.05000000,38017.99000000,38203.82000000,96.89492000,1651517999999,3700330.69852560,2402,56.08742000,2142363.36415570,0
1651518000000,38208.86000000,38592.62000000,38154.16000000,38549.10000000,87.53644000,1651521599999,3360735.27990480,2332,51.65644000,1983398.84576530,0
1651521600000,38550.94000000,38607.56000000,38307.11000000,38311.73000000,54.79480000,1651525199999,2106110.54599230,1449,28.65336000,1101432.49269620,0
1651525200000,38309.80000000,38757.85000000,38281.26000000,38631.14000000,26.07781000,1651528799999,1004882.43786960,1072,14.95646000,576298.18553740,0
1651528800000,38631.13000000,38893.47000000,38567.50000000,38588.83000000,40.93949000,1651532399999,1583421.15499530,1431,22.65856000,876445.58272360,0
1651532400000,38591.55000000,38739.21000000,38463.71000000,38519.91000000,44.40765000,1651535999999,1714297.03193600,1364,27.46303000,1060549.27718340,0
1651536000000,38520.02000000,38561.02000000,38378.58000000,38407.16000000,35.21325000,1651539599999,1354805.94390380,1467,19.10868000,735214.89975570,0
1651539600000,38403.17000000,38516.03000000,38356.83000000,38516.03000000,43.91914000,1651543199999,1688639.80931930,1683,24.87915000,956597.29355970,0
1651543200000,38515.16000000,38599.39000000,38312.27000000,38401.82000000,40.46279000,1651546799999,1555612.54036010,1731,24.08429000,925734.94782800,0
1651546800000,38395.61000000,38715.17000000,38392.51000000,38510.31000000,60.15470000,1651550399999,2317271.57063640,2065,37.03204000,1426620.29705450,0
1651550400000,38510.30000000,38550.89000000,38445.83000000,38496.78000000,33.48696000,1651553999999,1288824.97618660,1557,17.28531000,665260.49344900,0
1651554000000,38496.79000000,38532.30000000,38379.37000000,38515.25000000,52.96920000,1651557599999,2036522.03405590,1696,19.76468000,760202.63481530,0
1651557600000,38517.16000000,38566.62000000,38441.14000000,38460.44000000,28.30317000,1651561199999,1089912.29090230,1265,14.35182000,552725.06337660,0
1651561200000,38462.63000000,38562.60000000,38413.86000000,38556.35000000,30.81545000,1651564799999,1185785.86131750,1439,15.24342000,586530.16779230,0
1651564800000,38556.36000000,38646.55000000,38530.30000000,38535.25000000,44.49142000,1651568399999,1717258.57274420,1560,17.53660000,676928.33145530,0
1651568400000,38533.82000000,38560.59000000,38434.82000000,38452.59000000,31.97318000,1651571999999,1230990.19468860,1302,16.80459000,646998.52444850,0
1651572000000,38452.59000000,38465.95000000,38363.87000000,38413.19000000,37.47971000,1651575599999,1439981.96259650,1220,17.95228000,689734.82234820,0
1651575600000,38411.05000000,38566.40000000,38269.83000000,38562.56000000,61.12947000,1651579199999,2349784.82597490,1652,28.35223000,1089670.32096540,0
1651579200000,38564.99000000,38602.95000000,38413.86000000,38442.60000000,37.38812000,1651582799999,1440016.66431320,1339,18.06766000,695760.16516280,0
1651582800000,38445.00000000,38473.43000000,38156.15000000,38363.83000000,80.71091000,1651586399999,3093249.70856160,2669,39.35722000,1508570.63339240,0
1651586400000,38375.69000000,38475.69000000,38168.36000000,38281.68000000,63.50879000,1651589999999,2431517.27552630,2487,31.39345000,1201947.31449170,0
1651590000000,38266.68000000,38416.07000000,38203.08000000,38319.18000000,58.19941000,1651593599999,2230551.93233400,2162,33.04343000,1266366.73402580,0
1651593600000,38322.07000000,38390.92000000,38067.32000000,38142.58000000,80.88719000,1651597199999,3088895.01705790,2195,46.32497000,1769000.72664250,0
1651597200000,38147.76000000,38306.62000000,38037.53000000,38043.25000000,68.43204000,1651600799999,2612401.02561820,1925,36.16978000,1380370.01982860,0
1651600800000,38043.24000000,38043.24000000,37562.58000000,37761.93000000,123.51431000,1651604399999,4665088.80992080,3799,63.22441000,2387491.33857220,0
1651604400000,37764.62000000,37777.61000000,37515.01000000,37708.70000000,100.59525000,1651607999999,3788204.45818740,3106,47.68774000,1795860.74813680,0
1651608000000,37714.81000000,37860.13000000,37520.76000000,37762.35000000,62.19533000,1651611599999,2342650.27799710,1754,29.64153000,1115779.09554490,0
1651611600000,37782.07000000,38039.80000000,37620.59000000,37796.90000000,42.34059000,1651615199999,1601033.15845200,1802,20.99517000,793581.58819700,0
1651615200000,37789.70000000,37873.35000000,37728.73000000,37732.09000000,29.68268000,1651618799999,1122246.14695430,1029,18.36692000,694437.51418850,0
1651618800000,37732.10000000,37755.73000000,37630.00000000,37723.95000000,24.13070000,1651622399999,909320.51964260,860,14.82160000,558536.65935050,0
1651622400000,37722.62000000,37954.05000000,37660.09000000,37891.19000000,24.03421000,1651625999999,908481.43499980,1169,12.82275000,484775.28270700,0
1651626000000,37895.90000000,37981.27000000,37866.98000000,37874.00000000,21.30812000,1651629599999,807879.37712230,891,10.38172000,393590.46078500,0
1651629600000,37880.53000000,38045.21000000,37876.70000000,37963.03000000,26.94172000,1651633199999,1022460.97245730,1113,12.69612000,481811.28176380,0
1651633200000,37958.65000000,38093.85000000,37955.79000000,38010.49000000,49.69076000,1651636799999,1888650.33968860,1109,39.08146000,1485271.96885220,0
1651636800000,38011.10000000,38086.90000000,37939.18000000,37991.05000000,23.22209000,1651640399999,882260.05856250,848,13.46382000,511525.35734630,0
1651640400000,37992.91000000,38125.14000000,37968.00000000,38086.13000000,39.58353000,1651643999999,1505716.87071970,1432,16.03712000,609999.49676110,0
1651644000000,38086.13000000,38420.85000000,38076.95000000,38398.09000000,77.06165000,1651647599999,2950908.23143250,3103,46.80635000,1791948.96376100,0
1651647600000,38400.01000000,38742.00000000,38237.12000000,38694.38000000,91.59909000,1651651199999,3525451.70352220,3514,52.87457000,2036049.79280550,0
1651651200000,38694.91000000,39041.12000000,38667.80000000,38965.85000000,80.30786000,1651654799999,3120327.90439980,2837,45.22170000,1757505.57702660,0
1651654800000,38982.05000000,39073.12000000,38807.44000000,38875.60000000,75.24952000,1651658399999,2929232.72211580,2397,38.69640000,1506451.91334790,0
1651658400000,38878.86000000,39057.29000000,38844.70000000,38981.08000000,79.55415000,1651661999999,3099741.33510340,2985,39.00108000,1519676.60102310,0
1651662000000,38988.75000000,39047.16000000,38864.24000000,38999.59000000,56.94015000,1651665599999,2219790.81245620,2024,22.14739000,863208.96714760,0
1651665600000,38999.60000000,39164.96000000,38852.10000000,38957.24000000,83.44669000,1651669199999,3253306.80418890,2692,39.13731000,1525751.36126320,0
1651669200000,38951.72000000,39089.48000000,38705.79000000,38712.98000000,81.18778000,1651672799999,3159255.27386310,2555,43.36887000,1687603.31212740,0
1651672800000,38719.79000000,38864.63000000,38661.11000000,38780.32000000,95.25649000,1651676399999,3695020.24176480,2687,46.72280000,1812217.12459150,0
1651676400000,38780.31000000,39075.83000000,38714.71000000,38970.82000000,70.88116000,1651679999999,2753449.02357540,2668,34.69414000,1347654.59338980,0
1651680000000,38963.03000000,39466.03000000,38862.30000000,39186.92000000,73.12775000,1651683599999,2862902.35472350,2908,38.78360000,1518719.78916850,0
1651683600000,39186.93000000,39241.96000000,38810.71000000,38973.95000000,57.57337000,1651687199999,2244634.94754730,2394,27.46398000,1070616.07624080,0
1651687200000,38980.61000000,39780.00000000,38611.35000000,39615.27000000,210.98859000,1651690799999,8275661.65187190,6702,114.50388000,4493495.60131770,0
1651690800000,39645.62000000,40026.12000000,39532.20000000,39841.40000000,132.11017000,1651694399999,5258372.13705900,4307,65.79366000,2619535.31757310,0
1651694400000,39848.21000000,39925.88000000,39740.63000000,39800.59000000,78.16080000,1651697999999,3114414.74903600,1907,49.95068000,1990623.57342280,0
1651698000000,39805.57000000,39885.45000000,39707.68000000,39745.80000000,29.15589000,1651701599999,1160304.54180150,1413,18.16533000,722874.81773640,0
1651701600000,39756.18000000,39772.17000000,39671.00000000,39687.36000000,33.31837000,1651705199999,1323304.90444360,1159,15.60957000,619975.76016030,0
1651705200000,39676.58000000,39727.58000000,39600.00000000,39693.77000000,28.18924000,1651708799999,1117662.42181690,1089,14.27270000,565908.75422320,0
1651708800000,39683.50000000,39740.39000000,39539.22000000,39651.25000000,55.12379000,1651712399999,2185806.05942680,1564,33.73193000,1337570.09262380,0
1651712400000,39650.02000000,39702.33000000,39594.45000000,39622.74000000,27.65426000,1651715999999,1096173.23461270,1352,13.99635000,554862.94534130,0
1651716000000,39624.31000000,39790.37000000,39592.70000000,39766.16000000,44.21461000,1651719599999,1755384.02292610,1231,22.69469000,900990.30022890,0
1651719600000,39770.26000000,39770.26000000,39674.59000000,39729.12000000,30.56490000,1651723199999,1213996.49151890,816,14.90863000,592082.16662410,0
1651723200000,39727.15000000,39758.32000000,39679.84000000,39745.60000000,29.20978000,1651726799999,1159942.59558700,864,11.56888000,459455.44831030,0
1651726800000,39743.32000000,39834.39000000,39545.94000000,39595.80000000,40.44123000,1651730399999,1603766.75186030,1495,16.51455000,655100.62829050,0
1651730400000,39595.81000000,39678.76000000,39523.57000000,39537.31000000,21.80325000,1651733999999,863464.04439250,960,8.54555000,338487.50260190,0
1651734000000,39537.08000000,39616.87000000,39517.28000000,39580.84000000,22.64086000,1651737599999,895799.15243050,1041,11.42344000,451943.42465000,0
1651737600000,39580.85000000,39625.75000000,39439.88000000,39477.50000000,29.32470000,1651741199999,1159255.55480080,1162,15.67669000,619656.22181100,0
1651741200000,39475.73000000,39553.21000000,39410.98000000,39477.43000000,23.74238000,1651744799999,937315.26056750,1091,9.91289000,391251.88236720,0
1651744800000,39469.52000000,39618.68000000,39453.18000000,39508.63000000,39.41898000,1651748399999,1558033.84782910,1533,20.55839000,812393.44129190,0
1651748400000,39508.63000000,39573.95000000,39448.77000000,39491.96000000,42.72298000,1651751999999,1687632.18163270,1509,25.86050000,1021417.92470660,0
1651752000000,39491.95000000,39543.19000000,39448.50000000,39501.21000000,34.44351000,1651755599999,1360471.46052790,1327,18.31029000,723254.72419690,0
1651755600000,39503.17000000,39503.17000000,38941.53000000,38988.02000000,97.83292000,1651759199999,3838858.01693620,2495,48.57998000,1906298.72946690,0
1651759200000,38959.26000000,39044.20000000,38093.97000000,38212.86000000,282.14203000,1651762799999,10871158.24519690,5921,136.37968000,5259765.61650060,0
1651762800000,38192.57000000,38216.58000000,36550.00000000,36904.98000000,436.69629000,1651766399999,16241928.86758850,12180,190.49940000,7086248.56470340,0
1651766400000,36898.58000000,37309.09000000,36787.01000000,37034.06000000,147.94898000,1651769999999,5472124.94827170,4478,69.72440000,2578009.69460400,0
1651770000000,37036.56000000,37160.38000000,36752.25000000,36810.63000000,85.74472000,1651773599999,3168734.20521790,2780,44.23591000,1634897.77985330,0
1651773600000,36809.95000000,36840.34000000,36000.00000000,36382.34000000,295.74958000,1651777199999,10757195.37995520,6538,126.73588000,4610325.63821690,0
1651777200000,36374.19000000,36382.48000000,35558.20000000,36323.15000000,302.63204000,1651780799999,10888478.23628060,8662,136.15280000,4898869.72237350,0
1651780800000,36314.19000000,36462.53000000,36103.31000000,36462.53000000,253.63076000,1651784399999,9195889.09815240,4649,101.46291000,3678867.62696340,0
1651784400000,36462.20000000,36602.14000000,36309.23000000,36438.23000000,109.60136000,1651787999999,3997495.58695580,2216,40.43234000,1473450.70016300,0
1651788000000,36449.51000000,36488.29000000,36208.69000000,36230.00000000,78.86267000,1651791599999,2870962.08136830,1984,34.20612000,1244853.07689390,0
1651791600000,36230.00000000,36592.12000000,36229.80000000,36542.54000000,74.28972000,1651795199999,2708598.09861340,2122,41.66120000,1518833.79619780,0
1651795200000,36547.10000000,36659.41000000,36288.46000000,36367.84000000,59.67620000,1651798799999,2178854.72518610,1791,25.16984000,918722.19640220,0
1651798800000,36366.15000000,36399.21000000,36132.61000000,36300.05000000,52.50789000,1651802399999,1904194.86412680,1645,28.15146000,1021163.94003710,0
1651802400000,36302.81000000,36553.85000000,36296.35000000,36416.78000000,103.49143000,1651805999999,3771840.22590960,3102,53.02223000,1932325.94351500,0
1651806000000,36428.75000000,36464.90000000,36357.15000000,36456.76000000,40.32009000,1651809599999,1468095.45373890,1359,23.10813000,841419.45358260,0
1651809600000,36456.88000000,36465.39000000,36266.99000000,36425.35000000,79.50941000,1651813199999,2892035.62917530,2622,35.26606000,1282779.61422580,0
1651813200000,36424.83000000,36499.07000000,36375.09000000,36492.36000000,39.71398000,1651816799999,1447655.76097910,1600,17.91610000,653049.81034030,0
1651816800000,36492.38000000,36542.74000000,36387.75000000,36406.00000000,60.44667000,1651820399999,2204108.90451580,1674,28.98663000,1056924.42743370,0
1651820400000,36398.72000000,36444.44000000,35825.55000000,36372.03000000,123.20552000,1651823999999,4452349.18019200,3398,56.84988000,2052640.93585220,0
1651824000000,36364.62000000,36497.19000000,35950.91000000,36215.04000000,62.57540000,1651827599999,2267232.94621740,2164,25.76561000,934730.56879290,0
1651827600000,36209.59000000,36410.68000000,36161.45000000,36399.53000000,46.75432000,1651831199999,1697053.93399320,2461,24.98667000,907039.77995920,0
1651831200000,36396.34000000,36417.11000000,35790.01000000,35933.92000000,126.45588000,1651834799999,4562490.80240610,2892,50.98462000,1842880.24362030,0
1651834800000,35938.26000000,36109.14000000,35573.14000000,35781.65000000,193.34699000,1651838399999,6923209.54898970,4644,58.34435000,2090186.81266280,0
1651838400000,35775.53000000,36331.15000000,35686.10000000,35817.18000000,172.92059000,1651841999999,6223398.70949900,4365,84.75769000,3053934.21018430,0
1651842000000,35821.36000000,36054.39000000,35264.01000000,35765.59000000,200.34128000,1651845599999,7138167.53776930,5582,99.16829000,3534722.39386430,0
1651845600000,35742.55000000,36229.39000000,35627.85000000,36136.94000000,269.82994000,1651849199999,9699740.11121260,6590,160.10709000,5755467.41936620,0
1651849200000,36135.12000000,36421.26000000,35945.24000000,35990.79000000,139.28738000,1651852799999,5035853.97073430,3519,73.64257000,2661548.28876530,0
1651852800000,35988.46000000,36236.74000000,35921.76000000,36207.87000000,109.51253000,1651856399999,3953785.52930880,3723,37.57538000,1356294.44938400,0
1651856400000,36220.45000000,36232.30000000,35849.25000000,35875.06000000,71.76057000,1651859999999,2584369.83852450,2615,32.79913000,1181338.50173750,0
1651860000000,35881.55000000,36084.32000000,35826.29000000,35931.39000000,66.41971000,1651863599999,2386472.49648560,2102,35.98968000,1293235.67331760,0
1651863600000,35942.38000000,36138.27000000,35833.12000000,35985.98000000,89.52781000,1651867199999,3219797.14175880,2184,53.11628000,1909447.37533630,0
1651867200000,35991.97000000,36107.76000000,35857.23000000,36054.90000000,43.72500000,1651870799999,1571245.71617670,1396,24.41592000,877111.61612300,0
1651870800000,36072.43000000,36093.60000000,35895.11000000,35955.87000000,21.43143000,1651874399999,771635.19726160,915,7.36056000,264975.87985130,0
1651874400000,35952.29000000,36074.76000000,35876.33000000,35993.61000000,49.38986000,1651877999999,1777281.40841480,1658,26.63320000,958547.85816850,0
1651878000000,35993.62000000,36206.12000000,35990.76000000,36003.71000000,43.18134000,1651881599999,1556459.96672290,1384,27.30459000,984151.51506430,0
1651881600000,36003.73000000,36054.52000000,35934.60000000,35980.87000000,29.60897000,1651885199999,1065588.06678070,1158,13.61079000,489798.15953740,0
1651885200000,35980.86000000,36034.18000000,35904.93000000,36011.39000000,20.45562000,1651888799999,735809.22452600,918,9.81097000,352947.29036050,0
1651888800000,36008.45000000,36018.35000000,35924.77000000,35942.26000000,25.27126000,1651892399999,908725.97863870,971,14.83759000,533495.73720580,0
1651892400000,35936.03000000,35948.76000000,35749.40000000,35789.66000000,35.32840000,1651895999999,1266987.32842660,1349,18.18667000,652215.16267490,0
1651896000000,35804.43000000,35867.78000000,35718.99000000,35731.90000000,29.16980000,1651899599999,1044140.10580820,1283,14.40117000,515521.24179360,0
1651899600000,35736.58000000,35888.12000000,35716.31000000,35884.97000000,24.64641000,1651903199999,883081.70027890,1075,12.22939000,438132.57301930,0
1651903200000,35888.09000000,35898.33000000,35782.45000000,35797.03000000,28.75072000,1651906799999,1029975.01316390,1060,11.69936000,419164.56533470,0
1651906800000,35796.25000000,35944.76000000,35773.51000000,35913.97000000,27.59897000,1651910399999,989899.12681850,1175,14.49595000,519882.13481780,0
1651910400000,35910.83000000,36052.08000000,35870.96000000,36011.19000000,36.70229000,1651913999999,1320080.84612710,1550,18.51626000,666010.42476030,0
1651914000000,36004.47000000,36044.06000000,35954.17000000,35973.21000000,41.78996000,1651917599999,1504223.48994570,1486,20.00312000,719976.17975740,0
1651917600000,35970.82000000,36121.46000000,35943.00000000,36074.25000000,60.41335000,1651921199999,2176250.21854980,1608,42.54087000,1532297.78410570,0
1651921200000,36075.84000000,36121.71000000,35990.50000000,36042.50000000,71.68961000,1651924799999,2584274.71887310,1843,46.02762000,1658844.67122870,0
1651924800000,36042.49000000,36046.35000000,35959.00000000,36018.63000000,36.37327000,1651928399999,1309765.17040810,961,23.26374000,837598.44627010,0
1651928400000,36018.64000000,36034.08000000,35856.51000000,35890.00000000,56.81304000,1651931999999,2040199.91473700,1782,22.33399000,802068.81934440,0
1651932000000,35891.09000000,35986.48000000,35875.31000000,35949.97000000,27.62141000,1651935599999,991957.72965670,1004,15.77642000,566476.65659300,0
1651935600000,35950.07000000,36068.07000000,35933.33000000,35953.20000000,36.18583000,1651939199999,1301937.60762790,1272,21.88695000,787385.37626270,0
1651939200000,35953.99000000,35968.79000000,35879.77000000,35949.81000000,38.76043000,1651942799999,1392676.57140440,1181,24.47773000,879481.74255840,0
1651942800000,35951.53000000,35951.53000000,35808.46000000,35866.42000000,21.60557000,1651946399999,775600.86808700,843,6.30836000,226425.94138600,0
1651946400000,35867.59000000,35991.81000000,35859.65000000,35880.94000000,31.73920000,1651949999999,1140273.15292770,974,15.65637000,562392.50736090,0
1651950000000,35883.30000000,35911.81000000,35842.09000000,35869.70000000,25.86866000,1651953599999,928203.88781080,875,10.76222000,386106.46819820,0
1651953600000,35857.05000000,35863.14000000,35726.46000000,35768.49000000,45.21719000,1651957199999,1618311.40959090,1578,22.76947000,814915.55252790,0
1651957200000,35771.40000000,35803.78000000,34963.19000000,34996.27000000,123.29779000,1651960799999,4354883.59256820,3994,36.88357000,1305362.05233200,0
1651960800000,35020.94000000,35317.54000000,34694.70000000,35038.35000000,159.87000000,1651964399999,5607088.37461420,4556,55.36327000,1942543.87961460,0
1651964400000,35038.30000000,35769.87000000,35008.99000000,35459.36000000,155.07724000,1651967999999,5497663.80926860,4154,78.97886000,2798276.55715850,0
1651968000000,35461.08000000,35499.86000000,35058.71000000,35096.52000000,63.97617000,1651971599999,2258350.43208260,2131,35.78738000,1263404.83630860,0
1651971600000,35100.39000000,35222.12000000,34677.00000000,34824.46000000,111.89961000,1651975199999,3915372.28407690,3169,44.73632000,1564700.77969680,0
1651975200000,34805.95000000,34905.82000000,34289.00000000,34555.74000000,203.89913000,1651978799999,7045570.41241110,5356,76.94731000,2660265.23919170,0
1651978800000,34537.56000000,34615.35000000,34202.60000000,34469.49000000,136.64186000,1651982399999,4703259.40319230,3683,61.05268000,2101957.43210800,0
1651982400000,34461.30000000,34666.93000000,34387.05000000,34387.10000000,82.58531000,1651985999999,2853850.43752350,2493,39.29116000,1358220.37923100,0
1651986000000,34390.57000000,34467.60000000,34311.29000000,34436.76000000,90.74913000,1651989599999,3123934.53802990,2111,27.86060000,958614.67998740,0
1651989600000,34450.32000000,34938.28000000,34450.32000000,34771.79000000,77.72559000,1651993199999,2693276.12151400,2532,45.80262000,1586787.49022240,0
1651993200000,34781.38000000,34894.72000000,34582.67000000,34592.27000000,73.11015000,1651996799999,2538914.80578090,2400,30.78846000,1069174.45373650,0
1651996800000,34590.40000000,34725.22000000,34496.91000000,34657.49000000,124.01814000,1652000399999,4292627.62635450,2898,39.10168000,1353462.74001670,0
1652000400000,34656.23000000,34699.26000000,34517.90000000,34562.89000000,64.79734000,1652003999999,2241109.27527050,1943,30.36264000,1050074.34605510,0
1652004000000,34565.72000000,34789.51000000,34512.12000000,34722.02000000,142.42506000,1652007599999,4936107.09880030,3037,57.35692000,1988355.68240050,0
1652007600000,34732.56000000,34855.37000000,34707.43000000,34778.01000000,94.14005000,1652011199999,3272885.52819580,2331,25.75873000,895333.57646030,0
1652011200000,34778.01000000,34831.43000000,34582.00000000,34618.15000000,81.80388000,1652014799999,2838711.65978030,2965,27.12451000,940366.75736100,0
1652014800000,34612.86000000,34665.97000000,34350.14000000,34361.57000000,152.54985000,1652018399999,5269963.96447890,3652,79.47538000,2746071.46316080,0
1652018400000,34369.78000000,34571.57000000,34292.00000000,34442.39000000,138.70119000,1652021999999,4776909.41122140,3906,67.71285000,2332112.58375650,0
1652022000000,34442.40000000,34581.37000000,34333.88000000,34336.91000000,53.92470000,1652025599999,1859461.59074180,2192,24.88782000,858426.20299930,0
1652025600000,34344.89000000,34534.25000000,34300.68000000,34364.10000000,70.40107000,1652029199999,2423397.04002730,2087,25.50738000,877629.48606500,0
1652029200000,34370.67000000,34370.67000000,33700.00000000,34059.95000000,339.87903000,1652032799999,11549486.66736350,7414,123.26214000,4188175.74255230,0
1652032800000,34053.33000000,34608.74000000,33852.59000000,34502.92000000,188.03893000,1652036399999,6446647.56352750,3464,107.66363000,3696415.72489470,0
1652036400000,34504.34000000,34720.30000000,34476.29000000,34582.78000000,62.79229000,1652039999999,2172284.19760980,1540,28.30788000,979113.18662210,0
1652040000000,34574.36000000,34622.27000000,34211.35000000,34218.23000000,86.87316000,1652043599999,2990217.45157560,1789,22.65854000,780916.82038000,0
1652043600000,34228.40000000,34467.72000000,34228.40000000,34448.69000000,37.92783000,1652047199999,1302026.13395670,1008,14.00988000,480567.04351960,0
1652047200000,34446.13000000,34460.19000000,34027.79000000,34265.45000000,55.37717000,1652050799999,1894719.11957390,1746,25.29555000,865195.20834450,0
1652050800000,34260.00000000,34278.14000000,33909.20000000,34026.72000000,57.79236000,1652054399999,1969806.77004990,1651,21.35724000,727942.61419200,0
1652054400000,34031.91000000,34230.00000000,33972.91000000,34128.99000000,69.19387000,1652057999999,2360930.89996160,1923,31.14689000,1062356.48711470,0
1652058000000,34129.00000000,34220.50000000,34018.11000000,34039.80000000,36.36534000,1652061599999,1240646.98610660,1409,15.28737000,521661.15000080,0
1652061600000,34036.45000000,34052.13000000,33258.66000000,33497.26000000,186.82393000,1652065199999,6271322.55194700,4388,73.84204000,2480524.61963320,0
1652065200000,33484.23000000,33835.56000000,33389.09000000,33550.99000000,82.09999000,1652068799999,2762719.15667310,1948,39.82725000,1340003.08610100,0
1652068800000,33556.89000000,33816.33000000,33510.00000000,33633.12000000,50.16484000,1652072399999,1688327.84871510,1197,31.39988000,1056053.91496050,0
1652072400000,33639.17000000,33719.39000000,33465.65000000,33501.46000000,68.57805000,1652075999999,2303341.36983240,1975,26.02042000,874028.77232860,0
1652076000000,33504.71000000,33587.54000000,33334.21000000,33564.17000000,76.52483000,1652079599999,2560311.08074830,2045,26.41683000,884007.54722080,0
1652079600000,33557.57000000,33737.16000000,33506.47000000,33520.31000000,68.09039000,1652083199999,2287405.62565640,2232,32.24079000,1083100.46657000,0
1652083200000,33516.70000000,33747.50000000,33136.73000000,33678.43000000,163.86704000,1652086799999,5484189.82245170,2862,77.71797000,2602146.60460370,0
1652086800000,33667.65000000,33766.55000000,33419.56000000,33497.04000000,107.75922000,1652090399999,3617452.48087900,2051,69.75553000,2342555.89134560,0
1652090400000,33488.27000000,33536.84000000,32645.33000000,32805.25000000,325.39258000,1652093999999,10761588.54582220,6672,161.96485000,5360134.19077170,0
1652094000000,32814.63000000,33163.41000000,32654.58000000,33105.24000000,277.79568000,1652097599999,9153887.16240690,5751,146.23576000,4824863.65979440,0
1652097600000,33111.74000000,33126.41000000,32815.10000000,32846.49000000,174.94584000,1652101199999,5772667.54518330,4855,79.23781000,2614055.24834130,0
1652101200000,32854.14000000,33412.69000000,32729.60000000,33019.56000000,281.88599000,1652104799999,9302149.59571180,6498,133.36926000,4401949.00225120,0
1652104800000,33026.71000000,33054.40000000,32433.14000000,32452.22000000,391.27542000,1652108399999,12804487.41414210,6405,226.44608000,7415896.70914260,0
1652108400000,32440.25000000,32675.26000000,32068.46000000,32338.82000000,283.20398000,1652111999999,9167867.55284500,6214,129.01313000,4179184.74715390,0
1652112000000,32338.81000000,32570.93000000,31603.04000000,31687.60000000,319.18511000,1652115599999,10237172.08483050,7421,135.79318000,4360128.38797020,0
1652115600000,31690.86000000,31931.33000000,30982.00000000,31266.72000000,609.54177000,1652119199999,19221846.81921140,10410,298.09488000,9413338.30184460,0
1652119200000,31258.28000000,31437.00000000,30333.00000000,30773.20000000,474.33605600,1652122799999,14652933.57978626,10496,185.94442000,5747342.56001070,0
1652122800000,30777.95000000,31096.67000000,30390.27000000,30976.48000000,280.55337000,1652126399999,8608010.56108490,6579,141.79797000,4354162.03488440,0
1652126400000,30946.15000000,31881.33000000,30636.67000000,30921.92000000,355.80593000,1652129999999,11134133.61666550,9256,160.81204000,5035771.03739830,0
1652130000000,30949.86000000,31515.56000000,30766.01000000,30818.36000000,218.89485000,1652133599999,6830471.52639970,5474,79.07888000,2466658.62736250,0
1652133600000,30826.88000000,31328.15000000,30644.84000000,31080.96000000,151.34967000,1652137199999,4696085.62094700,5128,60.50290000,1877585.86615390,0
1652137200000,31085.21000000,31302.96000000,30042.81000000,30080.03000000,215.01913000,1652140799999,6560668.74001334,5570,77.24131000,2364896.03316310,0
1652140800000,30059.50000000,30996.42000000,29742.01000000,30768.46000000,629.80636200,1652144399999,18976558.46744438,12466,248.64896000,7505651.77788430,0
1652144400000,30784.68000000,31600.00000000,30661.24000000,30884.25000000,288.64432000,1652147999999,8943307.73374000,7055,110.01450000,3412668.22772890,0
1652148000000,30884.25000000,31485.93000000,30780.67000000,31033.04000000,149.10910000,1652151599999,4642151.38196310,3710,86.31177000,2688139.98601370,0
1652151600000,31038.97000000,31203.05000000,30620.45000000,30635.56000000,129.32898000,1652155199999,3985890.84550330,3128,43.64605000,1346283.44830730,0
1652155200000,30637.77000000,31344.71000000,30599.90000000,31213.65000000,122.79479000,1652158799999,3803004.59449610,3155,49.56308000,1536006.72461990,0
1652158800000,31213.65000000,31996.81000000,31196.02000000,31819.82000000,235.76395000,1652162399999,7461500.73282060,4815,103.64957000,3278112.79278880,0
1652162400000,31817.56000000,32687.08000000,31807.59000000,32082.64000000,235.20754000,1652165999999,7588824.78465200,5225,124.40019000,4014107.11182630,0
1652166000000,32090.85000000,32207.63000000,31593.79000000,31593.79000000,148.51628000,1652169599999,4740289.20221080,3354,65.55079000,2092578.57028570,0
1652169600000,31607.95000000,32013.66000000,31554.76000000,31747.89000000,186.08211000,1652173199999,5912503.34191980,3427,118.04461000,3750697.61491640,0
1652173200000,31769.28000000,31925.72000000,31278.38000000,31390.60000000,222.91891000,1652176799999,7028399.52214970,3743,109.70711000,3458980.63311560,0
1652176800000,31383.88000000,31560.97000000,31235.89000000,31302.20000000,144.61809000,1652180399999,4541536.66548610,3629,63.40887000,1990061.14516210,0
1652180400000,31299.68000000,31817.42000000,31256.29000000,31621.90000000,161.57006000,1652183999999,5094919.00676580,4066,57.97244000,1830068.35564580,0
1652184000000,31609.62000000,32290.89000000,31510.66000000,32147.77000000,183.36122000,1652187599999,5839390.62243510,4361,81.59920000,2604603.34257230,0
1652187600000,32154.63000000,32361.69000000,31499.74000000,31791.62000000,197.67217000,1652191199999,6307808.94918290,5237,96.90110000,3091911.48963960,0
1652191200000,31811.15000000,32195.68000000,30850.41000000,31078.03000000,189.33896000,1652194799999,5959072.18103210,5561,97.67483000,3074862.43709350,0
1652194800000,31076.51000000,31526.97000000,30860.34000000,31305.75000000,202.47345000,1652198399999,6303573.36572190,4570,94.91548000,2955318.74100420,0
1652198400000,31316.83000000,31439.06000000,30963.45000000,31217.45000000,107.08672000,1652201999999,3341801.34269080,3200,47.40166000,1478922.66356680,0
1652202000000,31205.29000000,31791.76000000,31196.87000000,31675.01000000,120.19133000,1652205599999,3791279.96175520,3206,53.35062000,1681261.47505510,0
1652205600000,31683.76000000,31784.34000000,31415.51000000,31611.54000000,103.49367000,1652209199999,3272993.18160860,2703,50.84163000,1607680.05282540,0
1652209200000,31616.90000000,31691.43000000,31200.01000000,31326.53000000,77.75836000,1652212799999,2444871.91037220,2308,36.15508000,1137322.36476820,0
1652212800000,31323.10000000,31348.55000000,30895.22000000,30997.68000000,64.16912000,1652216399999,1994765.01282770,2164,22.89985000,712199.29083430,0
1652216400000,31007.36000000,31137.81000000,30234.20000000,30234.20000000,222.91146000,1652219999999,6813380.80661300,4825,57.46897000,1759629.19240010,0
1652220000000,30237.02000000,30926.47000000,30151.01000000,30774.01000000,182.18175000,1652223599999,5569015.18025450,5706,92.61154000,2830796.16399620,0
1652223600000,30778.26000000,31243.21000000,30684.43000000,31015.35000000,85.11302000,1652227199999,2639162.31603170,3068,39.02134000,1210521.60721750,0
1652227200000,31001.62000000,31334.91000000,30800.80000000,31029.79000000,176.38157000,1652230799999,5484862.80636080,4142,45.52353000,1414894.44609600,0
1652230800000,31026.16000000,31084.07000000,30690.00000000,30767.06000000,68.64162000,1652234399999,2121342.38235020,2651,33.33251000,1029977.51690440,0
1652234400000,30757.80000000,31530.37000000,30621.72000000,31463.26000000,93.93804000,1652237999999,2931198.70664220,3540,55.30464000,1725836.39415830,0
1652238000000,31472.72000000,31750.00000000,31150.02000000,31198.88000000,93.23075000,1652241599999,2926965.77347960,3187,43.83071000,1377287.62285760,0
1652241600000,31191.04000000,31389.04000000,31061.78000000,31207.86000000,103.16862000,1652245199999,3222169.63275530,3315,54.52410000,1703115.85264340,0
1652245200000,31207.02000000,31888.00000000,31073.05000000,31433.20000000,171.93960000,1652248799999,5423196.03187890,5199,89.80380000,2832869.41830210,0
1652248800000,31428.24000000,31505.00000000,30350.12000000,30461.18000000,158.67728000,1652252399999,4938917.58101550,6148,54.97895000,1711066.79186490,0
1652252400000,30491.04000000,30783.38000000,30200.00000000,30598.87000000,233.29981000,1652255999999,7096979.99731940,7979,96.60271000,2939268.75642760,0
1652256000000,30605.66000000,31399.89000000,30370.92000000,31387.04000000,255.30110000,1652259599999,7870521.70062170,8276,124.33929000,3835162.93550120,0
1652259600000,31387.06000000,31768.05000000,30947.78000000,31749.62000000,220.12153000,1652263199999,6914291.35141960,5928,106.02596000,3330880.87222930,0
1652263200000,31746.91000000,32142.12000000,31572.18000000,31830.86000000,197.38859000,1652266799999,6286101.58200160,5529,101.56665000,3236302.60710820,0
1652266800000,31830.86000000,31893.59000000,31395.26000000,31490.64000000,221.75210000,1652270399999,7005407.47825090,6201,87.99181000,2781676.89440070,0
1652270400000,31495.23000000,31749.33000000,28717.00000000,29235.26000000,899.38563100,1652273999999,26982678.63283770,20912,257.88668000,7802685.66318220,0
1652274000000,29210.19000000,32350.00000000,28600.00000000,31116.51000000,712.61348000,1652277599999,21259317.15440922,18818,346.08172000,10380953.91659050,0
1652277600000,31132.65000000,31999.00000000,30500.01000000,31758.39000000,310.18236000,1652281199999,9698364.60229600,11700,136.15358000,4261905.27195470,0
1652281200000,31778.72000000,31800.00000000,30727.13000000,30931.44000000,229.18927000,1652284799999,7159968.18986440,7241,69.86927000,2181342.10055820,0
1652284800000,30927.39000000,31093.71000000,30122.69000000,30283.41000000,217.87862000,1652288399999,6666929.32823750,8102,84.17635000,2575116.13416370,0
1652288400000,30253.72000000,30322.37000000,29350.00000000,29848.65000000,272.45048000,1652291999999,8135279.69267120,9060,94.55462000,2828376.82234000,0
1652292000000,29823.22000000,30412.44000000,29503.83000000,29843.72000000,284.50266000,1652295599999,8495476.67121220,7643,176.54543000,5269067.02399800,0
1652295600000,29831.37000000,29969.27000000,29101.00000000,29287.65000000,272.09313000,1652299199999,8032797.06189410,7492,100.38628000,2969752.57538190,0
1652299200000,29297.36000000,29568.35000000,28100.00000000,28390.33000000,502.85419300,1652302799999,14532889.18193980,13640,206.95547000,5996214.00123430,0
1652302800000,28397.76000000,29377.68000000,27700.01000000,28978.00000000,696.83026900,1652306399999,19771600.64595530,16628,221.13468200,6268017.68694186,0
1652306400000,28988.28000000,29248.95000000,28100.01000000,28733.45000000,286.36971000,1652309999999,8245902.14340850,8584,108.03619000,3109650.46718280,0
1652310000000,28741.27000000,28977.93000000,28500.00000000,28963.59000000,189.29150000,1652313599999,5435337.64182940,6719,92.52675000,2656706.14511210,0
1652313600000,28951.06000000,30100.00000000,28816.65000000,29708.49000000,402.58745000,1652317199999,11919531.34959150,20240,184.33231000,5437882.57075020,0
1652317200000,29710.51000000,29905.88000000,28975.18000000,29103.92000000,293.86493000,1652320799999,8683565.12438330,10823,126.45797000,3732983.79939960,0
1652320800000,29090.08000000,29344.99000000,28564.05000000,28668.75000000,210.58526000,1652324399999,6084614.48980680,7671,89.96779000,2599545.23555090,0
1652324400000,28668.74000000,28830.09000000,28080.41000000,28219.50000000,280.14425000,1652327999999,7981983.14453350,10738,112.75291000,3212265.66332530,0
1652328000000,28228.59000000,28302.58000000,26956.34000000,27617.28000000,945.99075200,1652331599999,26147281.26565272,36154,422.51230900,11684554.65322330,0
1652331600000,27617.28000000,27691.62000000,26300.00000000,26644.40000000,1262.73986000,1652335199999,33824627.39030043,47372,488.58893000,13117030.03217560,0
1652335200000,26644.41000000,27626.64000000,25818.00000000,25999.99000000,1178.25447000,1652338799999,31291950.67717110,37842,456.39576000,12137402.89793470,0
1652338800000,25918.47000000,28399.00000000,24427.94000000,27590.00000000,2029.48177400,1652342399999,53210059.49809254,39680,756.33842000,19979348.61453970,0
1652342400000,27626.63000000,28349.99000000,26951.84000000,27548.85000000,982.67644000,1652345999999,26976355.16551970,29337,499.58686000,13752680.37366810,0
1652346000000,27541.74000000,27951.00000000,27000.00000000,27566.67000000,769.02969000,1652349599999,21220055.85712220,27110,310.13344000,8560876.07824770,0
1652349600000,27572.47000000,28666.00000000,27091.66000000,28198.39000000,905.22544000,1652353199999,25277708.82533430,31709,516.81926000,14461351.03745660,0
1652353200000,28190.11000000,29100.23000000,28014.66000000,28236.01000000,784.87945000,1652356799999,22304841.36992180,25977,384.91710000,10942788.37749530,0
1652356800000,28224.48000000,28836.37000000,27750.00000000,28312.59000000,549.19931000,1652360399999,15429971.08944490,15430,188.41900000,5298985.59583210,0
1652360400000,28314.81000000,28790.33000000,27695.00000000,28013.32000000,490.93096000,1652363999999,13819489.87188950,12454,225.07823000,6323296.96147720,0
1652364000000,28021.86000000,29600.00000000,27760.01000000,29412.93000000,834.85864000,1652367599999,23945102.75898580,23756,414.34327000,11904315.14166210,0
1652367600000,29438.71000000,29944.99000000,28900.00000000,28900.00000000,909.63097000,1652371199999,26655423.74865840,19252,465.21378000,13632487.69883330,0
1652371200000,28900.00000000,29892.00000000,28800.00000000,29626.77000000,388.02586000,1652374799999,11402732.88675120,11404,163.15434000,4797500.16931300,0
1652374800000,29625.75000000,29696.98000000,28450.00000000,28537.36000000,227.58570000,1652378399999,6615515.26966000,6946,100.35999000,2919829.28591400,0
1652378400000,28537.56000000,28708.86000000,28007.14000000,28263.95000000,216.84499000,1652381999999,6152974.44746600,6315,98.96527000,2808960.09080460,0
1652382000000,28255.10000000,28799.67000000,28135.98000000,28558.82000000,270.57882000,1652385599999,7719221.59835680,7462,86.38128000,2463846.96196470,0
1652385600000,28558.89000000,28887.52000000,28427.86000000,28537.14000000,196.24073000,1652389199999,5616431.17649250,5127,98.27268000,2813924.50141080,0
1652389200000,28541.83000000,28541.83000000,27893.16000000,28371.58000000,320.07765000,1652392799999,9049370.42270530,6690,144.10048000,4070188.34677690,0
1652392800000,28352.95000000,28768.74000000,28269.31000000,28736.91000000,193.72476000,1652396399999,5516335.05462900,4564,85.71910000,2441441.92196850,0
1652396400000,28763.07000000,29241.18000000,28751.13000000,28933.32000000,343.02904000,1652399999999,9947815.40946520,6191,148.81076000,4317960.82340840,0
1652400000000,28939.44000000,29533.43000000,28680.92000000,29457.18000000,374.84629000,1652403599999,10939219.24527160,8100,146.68135000,4285787.16637440,0
1652403600000,29461.27000000,29662.32000000,29166.99000000,29427.70000000,253.97609000,1652407199999,7466738.77420860,5279,132.52234000,3898550.70787810,0
1652407200000,29436.65000000,30160.00000000,29327.88000000,30048.83000000,411.39473000,1652410799999,12275210.63136330,8200,232.63489000,6946011.57100270,0
1652410800000,30044.63000000,30740.59000000,29926.56000000,30503.35000000,401.90098000,1652414399999,12211447.25102750,8675,191.06609000,5805430.17290740,0
1652414400000,30506.40000000,30535.54000000,30180.62000000,30387.34000000,410.47569000,1652417999999,12447519.69552430,7116,288.57776000,8747706.48014090,0
1652418000000,30386.06000000,30985.17000000,30350.00000000,30465.40000000,373.72220000,1652421599999,11474632.98092950,8601,168.89968000,5187687.87584760,0
1652421600000,30461.18000000,30620.38000000,30259.50000000,30316.25000000,251.58125000,1652425199999,7657997.38270130,5976,97.84293000,2978175.48046830,0
1652425200000,30311.08000000,30507.28000000,29800.00000000,30109.71000000,266.51709000,1652428799999,8048498.79794090,5295,130.28425000,3933173.04309450,0
1652428800000,30104.11000000,30397.64000000,30104.11000000,30277.08000000,179.24075000,1652432399999,5417118.82554880,4147,71.52514000,2161367.97331160,0
1652432400000,30271.32000000,30740.79000000,30271.32000000,30396.20000000,242.20504000,1652435999999,7372812.71077080,4295,135.31175000,4115510.90493070,0
1652436000000,30398.81000000,30526.53000000,30138.44000000,30443.03000000,191.50398000,1652439599999,5814369.78624430,3722,84.99962000,2581261.08415240,0
1652439600000,30443.00000000,30724.76000000,30223.07000000,30619.97000000,190.82497000,1652443199999,5813029.12617800,4677,92.84702000,2828115.56395870,0
1652443200000,30642.85000000,30792.55000000,30416.72000000,30692.41000000,243.84612000,1652446799999,7472753.21084360,5154,154.47528000,4735938.38553740,0
1652446800000,30681.27000000,30842.33000000,30288.81000000,30725.33000000,252.81569000,1652450399999,7733971.47816710,5357,125.19249000,3828469.88884340,0
1652450400000,30724.54000000,30987.99000000,30587.24000000,30676.31000000,259.51304000,1652453999999,7997984.46756210,5972,108.69139000,3349932.85827530,0
1652454000000,30656.78000000,30693.23000000,30187.39000000,30309.63000000,337.71221000,1652457599999,10293052.45957740,7143,97.15842000,2961620.63372560,0
1652457600000,30309.40000000,30481.53000000,29652.63000000,29891.33000000,646.15994000,1652461199999,19490796.54152140,7966,350.81725000,10592411.45113990,0
1652461200000,29891.10000000,31000.00000000,29525.01000000,29559.43000000,354.05223000,1652464799999,10631842.69781300,6518,140.36685000,4233725.17459580,0
1652464800000,29569.41000000,30198.77000000,29011.12000000,30073.36000000,457.56755000,1652468399999,13561223.09227400,7005,257.26656000,7643151.84518840,0
1652468400000,30068.55000000,30168.37000000,29666.65000000,30021.04000000,317.14235000,1652471999999,9509357.35496330,6838,190.78346000,5723316.43045390,0
1652472000000,30033.28000000,30085.69000000,29733.60000000,29741.55000000,204.22396000,1652475599999,6112889.43610700,3091,132.06550000,3953647.00645850,0
1652475600000,29735.54000000,30197.14000000,29661.04000000,29992.43000000,121.63884000,1652479199999,3634158.40104160,2196,50.63345000,1513768.23939710,0
1652479200000,29992.81000000,30180.45000000,29744.50000000,29755.43000000,76.88843000,1652482799999,2299420.74568210,2308,37.58296000,1124013.90232340,0
1652482800000,29755.43000000,29789.48000000,29154.00000000,29233.66000000,146.83647000,1652486399999,4313287.77359300,3808,77.16691000,2266773.86391240,0
1652486400000,29231.25000000,29569.95000000,29159.39000000,29456.40000000,124.46391000,1652489999999,3656020.36438450,2853,74.00065000,2173312.58889060,0
1652490000000,29456.41000000,29754.55000000,29322.00000000,29651.98000000,88.66645000,1652493599999,2621493.32248230,2617,49.25974000,1456293.41389730,0
1652493600000,29660.81000000,29884.02000000,29453.59000000,29468.84000000,120.70167000,1652497199999,3575407.74816880,2964,74.18255000,2198793.87183930,0
1652497200000,29467.79000000,29629.20000000,29410.78000000,29529.58000000,126.81132000,1652500799999,3741546.28540620,3343,74.23866000,2190524.15691390,0
1652500800000,29516.32000000,29533.76000000,29168.33000000,29296.50000000,76.07776000,1652504399999,2231149.62197750,2438,36.09717000,1058682.78345120,0
1652504400000,29287.55000000,29461.58000000,29216.60000000,29388.12000000,55.95405000,1652507999999,1642496.04127150,1749,31.34628000,920128.30461100,0
1652508000000,29389.62000000,29540.63000000,29328.89000000,29448.43000000,71.74424000,1652511599999,2110989.91179740,1953,37.97260000,1116688.97844310,0
1652511600000,29450.01000000,29521.60000000,29344.58000000,29370.50000000,59.69344000,1652515199999,1757803.86052090,2033,33.91134000,998890.00098420,0
1652515200000,29373.41000000,29563.90000000,29308.60000000,29480.00000000,91.45041000,1652518799999,2689306.75479980,3261,39.90264000,1174532.63522370,0
1652518800000,29479.51000000,29530.00000000,29314.21000000,29432.78000000,155.67872000,1652522399999,4575258.80120840,4343,80.34605000,2362116.80777960,0
1652522400000,29430.16000000,29430.16000000,29192.21000000,29254.71000000,139.53534000,1652525999999,4092240.55452590,4205,49.42206000,1449406.34841840,0
1652526000000,29259.30000000,29333.33000000,28724.90000000,29004.24000000,363.34922000,1652529599999,10527963.07940780,8087,184.25443000,5337745.81097950,0
1652529600000,29003.46000000,29198.52000000,28890.53000000,29033.41000000,167.49326000,1652533199999,4867979.08254820,4371,46.92294000,1363178.46785050,0
1652533200000,29042.17000000,29102.29000000,28734.67000000,28782.98000000,253.72130000,1652536799999,7327608.51912200,6090,107.58649000,3103110.06734080,0
1652536800000,28783.44000000,28921.28000000,28607.40000000,28882.46000000,225.53639000,1652540399999,6484891.15119840,5807,85.94730000,2471944.32686370,0
1652540400000,28886.31000000,29038.72000000,28721.26000000,28759.52000000,183.75015000,1652543999999,5299716.18654540,4606,52.34157000,1509742.57733930,0
1652544000000,28760.07000000,29620.44000000,28557.11000000,29301.39000000,223.85435000,1652547599999,6517073.36049760,5372,113.62071000,3310760.46928780,0
1652547600000,29307.13000000,29593.02000000,29199.90000000,29566.40000000,264.17369000,1652551199999,7770004.42835880,6224,83.78094000,2464813.33823950,0
1652551200000,29572.01000000,29896.69000000,29434.01000000,29490.27000000,212.69017000,1652554799999,6309386.97946580,5317,90.36897000,2682352.11580250,0
1652554800000,29486.30000000,29604.89000000,29254.54000000,29301.50000000,92.02514000,1652558399999,2706570.27225110,2902,33.18536000,975807.72830560,0
1652558400000,29305.29000000,29606.92000000,29259.62000000,29340.68000000,74.85409000,1652561999999,2201910.32205270,2396,33.18917000,975898.69005880,0
1652562000000,29340.75000000,29830.61000000,29324.12000000,29664.55000000,58.33579000,1652565599999,1725066.28852370,1846,22.76196000,672793.89071750,0
1652565600000,29672.18000000,30303.97000000,29475.88000000,30190.40000000,237.69473000,1652569199999,7099619.51842580,4547,154.09369000,4608449.93557850,0
1652569200000,30207.11000000,30259.21000000,29862.16000000,30046.47000000,117.74474000,1652572799999,3538546.95276520,3507,51.90718000,1559638.00080730,0
1652572800000,30044.52000000,30235.14000000,29896.51000000,29924.29000000,76.25969000,1652576399999,2291336.18166670,2735,42.98420000,1291796.89217480,0
1652576400000,29923.97000000,29961.12000000,29777.61000000,29889.53000000,65.12361000,1652579999999,1944483.55673170,2143,19.63994000,586470.64672320,0
1652580000000,29893.20000000,30028.41000000,29704.94000000,29804.25000000,42.29128000,1652583599999,1261360.89978750,1641,17.59350000,524826.56456440,0
1652583600000,29819.96000000,29848.87000000,29424.12000000,29678.30000000,57.99888000,1652587199999,1717953.53058890,1732,21.96400000,650899.66973570,0
1652587200000,29678.30000000,29751.54000000,29423.86000000,29564.12000000,37.60305000,1652590799999,1114055.97348790,1448,18.43387000,546151.44713030,0
1652590800000,29559.60000000,29795.17000000,29454.10000000,29752.76000000,62.70643000,1652594399999,1860575.41085450,1564,19.81365000,587181.04939550,0
1652594400000,29770.17000000,29973.43000000,29674.70000000,29919.89000000,76.60673000,1652597999999,2282022.44471470,2011,47.89550000,1426671.35601900,0
1652598000000,29921.75000000,30022.75000000,29748.40000000,29786.96000000,104.77552000,1652601599999,3128552.36225920,2784,42.88843000,1281063.36504510,0
1652601600000,29783.01000000,29815.41000000,29500.01000000,29552.10000000,105.16966000,1652605199999,3114680.36046030,2560,59.92824000,1773645.59068590,0
1652605200000,29552.10000000,29746.70000000,29516.61000000,29718.47000000,49.26033000,1652608799999,1459805.91663070,1793,23.91227000,708766.99840350,0
1652608800000,29720.51000000,29903.98000000,29529.52000000,29902.26000000,96.28494000,1652612399999,2861111.67632130,2483,42.55815000,1265064.46829200,0
1652612400000,29909.44000000,30279.79000000,29745.77000000,30209.21000000,218.75112000,1652615999999,6589375.53490120,4582,69.30791000,2083990.00871890,0
1652616000000,30207.46000000,30622.53000000,30149.08000000,30273.38000000,199.93330000,1652619599999,6065998.17800270,4596,105.16974000,3192018.93377210,0
1652619600000,30273.96000000,30359.53000000,29912.07000000,30144.20000000,192.51206000,1652623199999,5807443.43599390,3395,72.91629000,2201724.73154680,0
1652623200000,30138.68000000,30178.50000000,29742.82000000,29944.60000000,159.74469000,1652626799999,4784522.61173580,4115,93.13487000,2790010.23705050,0
1652626800000,29937.73000000,30137.38000000,29813.87000000,29971.30000000,123.46370000,1652630399999,3696234.52318270,2586,73.68356000,2206728.34064210,0
1652630400000,29973.95000000,30250.52000000,29915.78000000,30176.05000000,107.92256000,1652633999999,3245391.51720270,2623,58.23568000,1750292.26383560,0
1652634000000,30175.91000000,30250.00000000,29926.13000000,29952.31000000,41.91060000,1652637599999,1262443.42243270,1426,17.39656000,524092.65940310,0
1652637600000,29965.09000000,30391.16000000,29906.08000000,30276.23000000,158.05109000,1652641199999,4762399.72146410,3627,92.79538000,2797741.56916080,0
1652641200000,30277.27000000,30460.91000000,30156.21000000,30423.34000000,144.65818000,1652644799999,4380664.33752210,2841,84.92522000,2570594.14345250,0
1652644800000,30419.38000000,31130.00000000,30314.45000000,31005.68000000,503.47243000,1652648399999,15552289.50369230,6678,313.31478000,9672771.36185610,0
1652648400000,31015.23000000,31162.75000000,30832.94000000,31036.06000000,127.11545000,1652651999999,3937687.13373380,2633,63.11141000,1955131.22603050,0
1652652000000,31043.86000000,31434.24000000,31042.11000000,31053.01000000,167.92646000,1652655599999,5235948.82705730,4342,80.97036000,2524563.58507880,0
1652655600000,31053.87000000,31351.35000000,31012.77000000,31291.08000000,210.43315000,1652659199999,6558781.37365490,3885,78.23820000,2439828.87443270,0
1652659200000,31292.17000000,31292.17000000,31015.14000000,31071.36000000,139.40273000,1652662799999,4340794.18969620,3065,63.74106000,1983854.91893360,0
1652662800000,31071.35000000,31114.90000000,30653.06000000,30729.95000000,114.96561000,1652666399999,3544411.88274130,2968,44.57698000,1372979.91613600,0
1652666400000,30739.57000000,30739.57000000,30209.18000000,30456.43000000,179.41317000,1652669999999,5463825.66834930,3546,65.99049000,2009569.29257010,0
1652670000000,30457.57000000,30479.79000000,30174.16000000,30287.22000000,200.78859000,1652673599999,6079188.68619280,3679,45.53624000,1378905.77233170,0
1652673600000,30288.54000000,30402.51000000,30100.00000000,30293.10000000,110.82591000,1652677199999,3354523.40027600,2853,63.33190000,1916203.60640470,0
1652677200000,30291.33000000,30432.43000000,30212.45000000,30255.59000000,72.51241000,1652680799999,2201181.89547250,1831,29.09436000,882989.89752930,0
1652680800000,30245.31000000,30245.31000000,29332.39000000,29542.16000000,472.12253000,1652684399999,14008605.36909770,7865,257.94532000,7655469.22518190,0
1652684400000,29533.20000000,29698.78000000,29277.73000000,29559.54000000,134.29631000,1652687999999,3959266.87711650,3399,67.49244000,1990347.42685590,0
1652688000000,29560.10000000,29851.48000000,29540.53000000,29760.22000000,150.46980000,1652691599999,4473402.53337470,3134,91.57679000,2723079.65139550,0
1652691600000,29760.78000000,29760.78000000,29442.85000000,29586.97000000,156.01780000,1652695199999,4619686.45463150,3627,74.89594000,2217274.89752790,0
1652695200000,29591.83000000,30168.42000000,29400.00000000,30145.43000000,158.05835000,1652698799999,4718075.89299700,4274,82.57276000,2466219.33379670,0
1652698800000,30152.70000000,30157.92000000,29890.00000000,29919.01000000,137.38589000,1652702399999,4121086.78048260,3292,83.35934000,2500350.58584660,0
1652702400000,29921.34000000,30220.64000000,29553.59000000,29877.77000000,287.78081000,1652705999999,8593338.27997790,6955,164.76246000,4920734.39172400,0
1652706000000,29859.99000000,30071.27000000,29346.55000000,29481.43000000,351.46014000,1652709599999,10461061.67081380,7595,176.18255000,5247979.57779280,0
1652709600000,29491.85000000,29804.74000000,29431.40000000,29454.45000000,155.01353000,1652713199999,4593206.15826450,3681,87.98988000,2606512.12457010,0
1652713200000,29441.49000000,29694.73000000,29300.00000000,29632.98000000,135.41431000,1652716799999,3992138.00969630,3463,69.94957000,2063393.37364130,0
1652716800000,29628.83000000,29701.47000000,29011.69000000,29274.94000000,253.37265000,1652720399999,7433532.55937720,4999,87.69413000,2574087.02285410,0
1652720400000,29276.33000000,29797.69000000,29214.55000000,29681.98000000,129.63484000,1652723999999,3827769.55190500,3249,71.73140000,2116543.39621350,0
1652724000000,29689.25000000,29943.71000000,29634.83000000,29880.23000000,104.76078000,1652727599999,3124146.52835910,2574,50.89138000,1517015.98563010,0
1652727600000,29874.37000000,29943.13000000,29507.45000000,29565.24000000,89.74718000,1652731199999,2669454.42856230,2266,36.20568000,1076867.80396080,0
1652731200000,29537.15000000,29910.83000000,29507.46000000,29905.58000000,64.89339000,1652734799999,1924518.81309710,1877,34.62705000,1027325.92431430,0
1652734800000,29905.98000000,30220.96000000,29870.77000000,30137.98000000,227.33300000,1652738399999,6836154.31178160,3342,140.03454000,4213320.72103690,0
1652738400000,30144.62000000,30189.47000000,29919.31000000,29974.00000000,131.15002000,1652741999999,3945333.61819710,2822,54.95624000,1654220.65902350,0
1652742000000,29981.38000000,30067.11000000,29789.26000000,29828.42000000,56.05613000,1652745599999,1675863.84270460,1480,27.24523000,814142.21838670,0
1652745600000,29832.32000000,30179.74000000,29766.16000000,30112.47000000,101.58209000,1652749199999,3049378.98061580,2439,45.27157000,1358150.46139800,0
1652749200000,30122.49000000,30137.52000000,29743.25000000,29956.62000000,98.57942000,1652752799999,2949121.59675150,2166,41.11630000,1229481.82621370,0
1652752800000,29956.63000000,30096.96000000,29855.93000000,30025.02000000,51.69980000,1652756399999,1549199.90739110,1428,24.88244000,745397.98950900,0
1652756400000,30021.18000000,30528.93000000,29981.54000000,30317.31000000,153.31856000,1652759999999,4647112.88177240,3138,87.49688000,2654052.78367450,0
1652760000000,30320.53000000,30413.17000000,30204.25000000,30338.33000000,57.96443000,1652763599999,1756009.67663190,1480,23.40475000,709217.56045480,0
1652763600000,30339.65000000,30503.36000000,30240.49000000,30422.96000000,83.45118000,1652767199999,2532943.30554080,2092,43.87621000,1332107.23994880,0
1652767200000,30430.79000000,30497.99000000,30126.10000000,30489.58000000,128.44326000,1652770799999,3902174.54607790,2314,42.16267000,1281306.16743590,0
1652770800000,30497.68000000,30534.76000000,30313.06000000,30376.58000000,61.10641000,1652774399999,1858068.60636920,1441,25.37332000,771517.46760410,0
1652774400000,30374.16000000,30744.35000000,30239.54000000,30539.66000000,116.93390000,1652777999999,3568178.86001280,2680,46.23978000,1413056.04927960,0
1652778000000,30539.65000000,30696.94000000,30532.59000000,30610.06000000,69.78372000,1652781599999,2136250.10620220,1708,30.88755000,945180.15552840,0
1652781600000,30607.10000000,30625.10000000,30418.38000000,30425.98000000,129.08311000,1652785199999,3937362.41734090,2391,50.44893000,1538824.82704620,0
1652785200000,30417.79000000,30491.29000000,30243.60000000,30286.27000000,146.53585000,1652788799999,4449429.18565540,2989,68.74774000,2086676.90483250,0
1652788800000,30283.32000000,30611.57000000,30252.97000000,30553.65000000,241.99066000,1652792399999,7373612.56837190,4728,128.01426000,3899858.81032530,0
1652792400000,30556.71000000,30798.00000000,30342.76000000,30487.16000000,316.72485000,1652795999999,9682607.23547990,5157,109.26551000,3339699.20698170,0
1652796000000,30485.59000000,30521.08000000,29906.25000000,30030.39000000,211.41128000,1652799599999,6380376.40864050,4868,92.83858000,2801988.17847520,0
1652799600000,30025.92000000,30193.21000000,29940.14000000,30116.09000000,178.51475000,1652803199999,5364490.84190120,3619,97.32838000,2925331.82329520,0
1652803200000,30115.29000000,30184.78000000,29844.87000000,30111.91000000,127.81368000,1652806799999,3839681.65739560,3053,68.14962000,2047679.23281240,0
1652806800000,30107.11000000,30224.87000000,30050.01000000,30050.01000000,102.13745000,1652810399999,3080071.21904470,2319,51.88199000,1564511.72229560,0
1652810400000,30055.43000000,30209.42000000,29414.20000000,29814.57000000,322.06875000,1652813999999,9572589.49812040,6757,159.29126000,4735462.07639790,0
1652814000000,29808.17000000,30278.53000000,29779.47000000,30057.51000000,222.79070000,1652817599999,6702021.51272220,4556,110.33133000,3319639.51732050,0
1652817600000,30052.24000000,30177.96000000,29993.71000000,30070.01000000,135.69522000,1652821199999,4082220.90775010,2555,47.74184000,1436193.44523470,0
1652821200000,30068.09000000,30626.99000000,30048.69000000,30519.83000000,61.26987000,1652824799999,1857745.05824360,1804,35.49364000,1076272.24511930,0
1652824800000,30522.51000000,30650.00000000,30211.36000000,30313.43000000,87.61120000,1652828399999,2664390.46334820,2421,36.36645000,1107136.75905650,0
1652828400000,30317.69000000,30530.60000000,30317.69000000,30398.05000000,69.52475000,1652831999999,2116823.82402480,2073,29.64813000,902622.26875840,0
1652832000000,30412.27000000,30681.61000000,30385.63000000,30467.24000000,91.69109000,1652835599999,2800970.24968680,2845,45.02333000,1375686.84485720,0
1652835600000,30467.24000000,30481.03000000,30032.69000000,30086.97000000,111.91674000,1652839199999,3385886.68330720,2900,52.49368000,1586649.68274840,0
1652839200000,30086.97000000,30192.47000000,30051.43000000,30183.36000000,63.49382000,1652842799999,1913785.20487720,1613,29.78320000,897680.33255520,0
1652842800000,30178.88000000,30198.34000000,29710.26000000,29792.35000000,137.98075000,1652846399999,4129982.69225080,3209,68.03720000,2038571.44038070,0
1652846400000,29790.85000000,29899.17000000,29700.97000000,29793.76000000,86.80850000,1652849999999,2586957.25750860,1775,41.53483000,1238320.88258940,0
1652850000000,29789.02000000,30008.73000000,29764.65000000,29996.92000000,84.96768000,1652853599999,2543996.43364830,1757,55.23556000,1654059.15372890,0
1652853600000,29993.22000000,30053.99000000,29705.25000000,29705.26000000,82.80247000,1652857199999,2474163.51822120,2038,38.10579000,1139353.27008380,0
1652857200000,29709.99000000,29882.18000000,29648.56000000,29873.71000000,95.86119000,1652860799999,2853397.16727080,2018,46.54817000,1385612.30325070,0
1652860800000,29878.53000000,29920.53000000,29713.88000000,29845.16000000,55.18075000,1652864399999,1644514.68706720,1486,23.82028000,709904.87044840,0
1652864400000,29842.74000000,29991.77000000,29731.89000000,29924.77000000,97.24407000,1652867999999,2903899.31430960,2424,53.41917000,1595260.39717900,0
1652868000000,29924.62000000,30011.83000000,29869.05000000,29917.04000000,69.75181000,1652871599999,2088437.40835510,1755,34.71802000,1039637.80381410,0
1652871600000,29917.05000000,29935.92000000,29720.77000000,29797.56000000,124.04760000,1652875199999,3696854.38541050,3103,61.56363000,1834619.82277290,0
1652875200000,29802.56000000,29871.39000000,29492.09000000,29519.88000000,182.80647000,1652878799999,5425825.91499610,4779,70.39811000,2090622.27290160,0
1652878800000,29517.06000000,29643.84000000,29253.81000000,29312.34000000,418.03146000,1652882399999,12307786.86263290,7921,253.59816000,7466906.88476120,0
1652882400000,29311.34000000,29461.09000000,29020.46000000,29200.28000000,294.85029000,1652885999999,8627850.03504900,7284,142.11224000,4160773.95519450,0
1652886000000,29199.62000000,29200.56000000,28838.00000000,28945.00000000,396.00086000,1652889599999,11482007.84536870,8170,217.39785000,6304233.95896980,0
1652889600000,28944.90000000,29224.81000000,28703.16000000,29183.65000000,373.36318000,1652893199999,10799295.66025830,7548,200.43779000,5789695.04693250,0
1652893200000,29184.73000000,29192.88000000,28894.55000000,28943.24000000,267.97368000,1652896799999,7781769.62862360,5124,99.90050000,2901564.19208320,0
1652896800000,28948.41000000,29224.47000000,28847.53000000,29169.28000000,179.64695000,1652900399999,5216648.41795810,4222,99.34449000,2885691.97540630,0
1652900400000,29175.04000000,29497.18000000,29050.17000000,29234.22000000,450.44933000,1652903999999,13182570.46966850,7742,259.26684000,7585588.67946610,0
1652904000000,29235.16000000,29250.53000000,28920.92000000,29196.25000000,127.30563000,1652907599999,3706318.79010700,2776,68.33935000,1988944.97692440,0
1652907600000,29196.50000000,29299.00000000,29061.37000000,29161.39000000,106.27946000,1652911199999,3100719.01585790,1883,66.24370000,1932644.37568950,0
1652911200000,29165.90000000,29366.35000000,28765.85000000,28929.81000000,325.99604000,1652914799999,9464655.61901240,5097,211.01783000,6123795.64558770,0
1652914800000,28926.67000000,29054.69000000,28616.56000000,28672.98000000,353.33924000,1652918399999,10216448.94099420,5375,239.82786000,6940274.31481120,0
1652918400000,28672.08000000,29013.50000000,28658.63000000,28870.34000000,137.36380000,1652921999999,3960213.49878080,3459,62.31870000,1796702.79254550,0
1652922000000,28870.33000000,28999.99000000,28678.45000000,28724.60000000,106.00268000,1652925599999,3062819.47497730,2861,52.16850000,1507781.79953140,0
1652925600000,28729.89000000,29298.91000000,28650.63000000,29132.92000000,140.44801000,1652929199999,4066934.76812540,3559,76.31710000,2209405.83402350,0
1652929200000,29123.34000000,29278.88000000,29043.18000000,29163.24000000,185.91254000,1652932799999,5425506.43401270,4006,77.14268000,2250020.13190900,0
1652932800000,29163.45000000,29254.08000000,29045.80000000,29056.60000000,57.37864000,1652936399999,1672122.97822830,1941,29.40119000,856929.40083110,0
1652936400000,29056.05000000,29163.11000000,28990.28000000,29022.42000000,110.28942000,1652939999999,3205133.94369570,2780,49.19335000,1429650.96584380,0
1652940000000,29022.96000000,29386.07000000,29022.96000000,29283.26000000,135.99761000,1652943599999,3968728.97327730,3148,59.94666000,1749337.27792980,0
1652943600000,29287.64000000,29316.97000000,29042.33000000,29157.34000000,128.45017000,1652947199999,3748938.62124740,3265,60.28806000,1759977.18014720,0
1652947200000,29157.51000000,29217.59000000,28932.44000000,28934.67000000,98.33596000,1652950799999,2860323.85931520,2629,44.55798000,1296198.10136650,0
1652950800000,28932.43000000,29018.83000000,28819.05000000,28969.52000000,221.07318000,1652954399999,6393735.71586890,4677,123.43566000,3569068.61761800,0
1652954400000,28974.00000000,29238.82000000,28898.25000000,29171.34000000,175.57273000,1652957999999,5102566.90491220,3969,96.99789000,2819347.91412440,0
1652958000000,29171.32000000,29500.00000000,29084.04000000,29466.28000000,195.62616000,1652961599999,5734616.30767350,4407,117.26164000,3437520.22236640,0
1652961600000,29481.41000000,29799.99000000,29322.54000000,29465.11000000,355.83349000,1652965199999,10492926.91989420,6383,163.72089000,4831801.01762500,0
1652965200000,29465.12000000,29746.02000000,29321.09000000,29483.48000000,352.51246000,1652968799999,10423938.89151460,7060,163.10187000,4820987.32128950,0
1652968800000,29483.37000000,29922.00000000,29471.20000000,29832.92000000,268.97298000,1652972399999,7996634.73924850,5668,107.86698000,3207827.91818960,0
1652972400000,29832.64000000,30500.00000000,29769.91000000,30348.72000000,486.96364000,1652975999999,14708109.06907190,9895,259.58248000,7845892.37587330,0
1652976000000,30354.79000000,30416.05000000,30062.17000000,30121.02000000,272.27652000,1652979599999,8228287.37593900,5885,94.18773000,2845996.61149840,0
1652979600000,30122.93000000,30235.64000000,29933.44000000,30155.27000000,275.01343000,1652983199999,8272984.19069590,4930,84.47047000,2538959.96629060,0
1652983200000,30160.67000000,30350.00000000,30104.24000000,30194.52000000,203.74954000,1652986799999,6157760.94364810,3529,101.19541000,3057728.57724980,0
1652986800000,30184.75000000,30271.97000000,29936.69000000,29936.69000000,114.51012000,1652990399999,3439416.62796210,2352,49.97036000,1501550.71967350,0
1652990400000,29932.90000000,30239.56000000,29915.26000000,30238.08000000,165.64682000,1652993999999,4985500.59641540,3017,89.03712000,2679714.05181290,0
1652994000000,30239.52000000,30450.00000000,30170.34000000,30242.00000000,139.07891000,1652997599999,4211857.13140160,2625,63.77743000,1931589.23458160,0
1652997600000,30244.06000000,30244.06000000,30081.86000000,30141.66000000,90.69443000,1653001199999,2732990.89430190,1990,46.09811000,1388957.81071440,0
1653001200000,30151.94000000,30386.04000000,30082.33000000,30289.75000000,177.78262000,1653004799999,5373598.55158490,2280,91.89625000,2778919.88050530,0
1653004800000,30289.54000000,30329.91000000,30111.48000000,30227.06000000,65.92861000,1653008399999,1992165.90328740,1856,33.69677000,1017835.47216940,0
1653008400000,30227.16000000,30738.42000000,30097.94000000,30443.47000000,570.68474000,1653011999999,17440921.91754680,7191,369.81750000,11297284.64037180,0
1653012000000,30439.65000000,30478.26000000,30193.41000000,30297.42000000,80.64284000,1653015599999,2441803.26475670,2021,46.10869000,1396401.57222460,0
1653015600000,30295.72000000,30308.86000000,30100.69000000,30140.51000000,73.36580000,1653019199999,2215054.81120960,1979,28.58755000,862886.67164600,0
1653019200000,30136.18000000,30205.89000000,29980.00000000,30064.83000000,63.95855000,1653022799999,1925469.28582260,1947,28.89706000,870071.29746530,0
1653022800000,30064.24000000,30161.88000000,29991.76000000,30157.43000000,59.47855000,1653026399999,1787825.32171010,1937,30.85450000,927410.54274830,0
1653026400000,30153.23000000,30156.90000000,29766.77000000,29978.83000000,114.68385000,1653029999999,3433124.06295550,3658,52.32510000,1566084.92950350,0
1653030000000,29959.66000000,30327.90000000,29936.88000000,30232.58000000,189.01597000,1653033599999,5698586.91991320,4490,92.99509000,2803079.85183510,0
1653033600000,30232.58000000,30376.90000000,30125.26000000,30160.92000000,103.95850000,1653037199999,3144056.87189630,3277,44.33832000,1341239.93941900,0
1653037200000,30160.86000000,30364.32000000,30093.32000000,30277.24000000,237.32735000,1653040799999,7180787.75347420,4181,76.17342000,2302467.34778680,0
1653040800000,30277.24000000,30417.50000000,30236.61000000,30397.26000000,124.22303000,1653044399999,3764398.98960000,3055,50.40984000,1527741.07488530,0
1653044400000,30394.08000000,30632.83000000,30223.15000000,30398.37000000,198.29661000,1653047999999,6031519.93125780,4792,72.06986000,2192130.58954580,0
1653048000000,30397.84000000,30425.59000000,30000.00000000,30225.45000000,120.78362000,1653051599999,3651399.28910710,4026,51.03922000,1543884.42636340,0
1653051600000,30226.17000000,30496.41000000,30075.75000000,30339.10000000,264.06934000,1653055199999,7997091.04021120,6741,142.03165000,4302043.47988840,0
1653055200000,30335.17000000,30342.07000000,29400.00000000,29463.94000000,840.56421000,1653058799999,25069536.19952300,11569,201.47987000,5995575.82645320,0
1653058800000,29459.95000000,29466.71000000,29050.00000000,29118.14000000,706.74378000,1653062399999,20673585.62071810,11589,188.89048000,5523705.81031430,0
1653062400000,29120.05000000,29120.05000000,28700.00000000,28866.36000000,410.05511000,1653065999999,11867035.25683010,9585,127.02621000,3674651.22890040,0
1653066000000,28862.85000000,29100.28000000,28700.01000000,28924.57000000,209.81120000,1653069599999,6053709.48947620,6186,111.66800000,3222495.04260530,0
1653069600000,28924.57000000,29055.76000000,28779.02000000,28977.97000000,119.80627000,1653073199999,3462672.26144880,3513,44.09556000,1273790.94357050,0
1653073200000,28974.47000000,29459.09000000,28901.81000000,29264.33000000,169.41487000,1653076799999,4939447.09599340,4621,75.93353000,2213767.04428170,0
1653076800000,29255.60000000,29318.57000000,28986.19000000,29104.04000000,160.06132000,1653080399999,4671653.31173960,3389,74.78597000,2182216.99690640,0
1653080400000,29104.07000000,29272.85000000,29095.31000000,29140.77000000,69.35074000,1653083999999,2026676.03242570,1758,20.69730000,604534.49134410,0
1653084000000,29145.90000000,29289.64000000,29105.51000000,29116.65000000,76.32340000,1653087599999,2228972.04104430,1910,26.45015000,772209.35178570,0
1653087600000,29116.58000000,29357.76000000,29116.58000000,29166.98000000,61.17913000,1653091199999,1788465.51104560,2160,33.17319000,969498.43221060,0
1653091200000,29166.98000000,29312.78000000,29118.89000000,29238.39000000,131.52974000,1653094799999,3846822.52814920,2639,61.90266000,1808896.46876740,0
1653094800000,29238.39000000,29262.82000000,28911.46000000,29108.07000000,66.29365000,1653098399999,1929081.44917530,2556,32.64379000,950122.45596640,0
1653098400000,29116.27000000,29221.45000000,29032.31000000,29188.13000000,19.87952000,1653101999999,579629.64813260,1002,8.70628000,253835.40276940,0
1653102000000,29189.86000000,29246.99000000,29084.89000000,29218.09000000,38.56203000,1653105599999,1123899.49787780,1642,16.07759000,468621.33636600,0
1653105600000,29219.49000000,29241.18000000,29174.08000000,29215.58000000,34.80660000,1653109199999,1016885.71230490,1264,18.13641000,529857.79988370,0
1653109200000,29215.59000000,29286.41000000,29187.61000000,29245.41000000,41.82146000,1653112799999,1222504.01445040,1472,20.78953000,607703.42048710,0
1653112800000,29245.91000000,29336.61000000,29189.91000000,29321.54000000,38.19313000,1653116399999,1117994.18265480,1526,18.79081000,550046.35811610,0
1653116400000,29321.55000000,29527.98000000,29280.73000000,29381.92000000,69.28257000,1653119999999,2038626.32283590,2110,37.35030000,1098938.99659380,0
1653120000000,29383.88000000,29436.43000000,29314.12000000,29324.32000000,110.21148000,1653123599999,3236252.91218900,2221,75.52577000,2217533.57924540,0
1653123600000,29324.33000000,29352.13000000,29206.71000000,29293.31000000,193.23489000,1653127199999,5656484.47243770,2705,146.43845000,4285925.08525410,0
1653127200000,29305.63000000,29385.86000000,29182.11000000,29260.97000000,60.89161000,1653130799999,1782299.32160950,1590,28.12846000,823125.08372560,0
1653130800000,29260.96000000,29277.61000000,29121.88000000,29249.47000000,44.07145000,1653134399999,1287504.85564330,1796,15.50033000,452863.53778120,0
1653134400000,29249.46000000,29304.48000000,29152.64000000,29254.36000000,55.79309000,1653137999999,1631631.96520710,2060,29.26204000,855732.84811690,0
1653138000000,29256.26000000,29334.97000000,29200.91000000,29274.85000000,40.35126000,1653141599999,1180966.33949180,1405,20.94522000,612949.22062390,0
1653141600000,29274.76000000,29440.13000000,29221.09000000,29368.06000000,86.45707000,1653145199999,2536757.47608520,2478,43.76806000,1284466.23113810,0
1653145200000,29365.58000000,29646.11000000,29239.49000000,29510.43000000,108.38989000,1653148799999,3188743.55779030,3277,60.63958000,1784241.64520120,0
1653148800000,29512.76000000,29616.72000000,29459.09000000,29524.28000000,87.32654000,1653152399999,2578703.46878270,2930,34.36903000,1014530.97310060,0
1653152400000,29525.05000000,29560.43000000,29358.73000000,29369.85000000,60.04185000,1653155999999,1767115.97122010,2185,28.80403000,847820.27263410,0
1653156000000,29370.97000000,29452.21000000,29364.70000000,29439.00000000,37.63384000,1653159599999,1107035.11873280,1607,16.93787000,498259.49982910,0
1653159600000,29437.47000000,29552.23000000,29390.53000000,29419.93000000,40.16984000,1653163199999,1183127.15369940,1762,22.28580000,656399.78665440,0
1653163200000,29419.95000000,29483.02000000,29322.00000000,29392.10000000,44.86271000,1653166799999,1319170.67446170,1810,19.97761000,587520.34897970,0
1653166800000,29392.10000000,29420.28000000,29303.79000000,29314.94000000,22.43528000,1653170399999,659130.52680470,954,10.18193000,299127.65880300,0
1653170400000,29314.76000000,29373.77000000,29277.20000000,29373.76000000,50.06489000,1653173999999,1467560.91859380,1273,35.23157000,1032782.78727250,0
1653174000000,29373.76000000,29490.66000000,29368.40000000,29405.04000000,38.07287000,1653177599999,1120341.41486250,1300,18.23968000,536686.46839430,0
1653177600000,29404.14000000,29477.50000000,29353.08000000,29439.88000000,39.59120000,1653181199999,1164506.35469810,1269,22.60799000,664980.18976740,0
1653181200000,29440.51000000,29507.71000000,29440.51000000,29467.42000000,24.63768000,1653184799999,726081.26235160,1173,9.86149000,290610.94370950,0
1653184800000,29466.81000000,29474.20000000,29331.61000000,29355.83000000,37.27501000,1653188399999,1095735.46755470,1511,16.35081000,480735.32141510,0
1653188400000,29355.87000000,29452.07000000,29292.48000000,29320.25000000,53.21888000,1653191999999,1562580.92037820,1723,22.77848000,668744.16989100,0
1653192000000,29316.48000000,29321.87000000,29200.00000000,29245.82000000,66.77207000,1653195599999,1954417.67178240,1849,29.94740000,876692.65155510,0
1653195600000,29245.66000000,29380.17000000,29228.45000000,29330.42000000,75.45763000,1653199199999,2213502.47112390,1752,24.06537000,705891.36036350,0
1653199200000,29331.72000000,29376.90000000,29322.08000000,29364.46000000,45.37275000,1653202799999,1331940.35695540,1312,30.85483000,905771.21257720,0
1653202800000,29363.12000000,29415.89000000,29317.14000000,29397.17000000,120.09058000,1653206399999,3526355.16937800,1914,79.84464000,2344830.24265270,0
1653206400000,29397.17000000,29553.51000000,29383.19000000,29515.56000000,102.30699000,1653209999999,3015347.67776140,2733,43.82756000,1291281.90886400,0
1653210000000,29517.41000000,30166.66000000,29501.75000000,30110.21000000,175.69202000,1653213599999,5243950.72626690,5931,107.84909000,3218762.43161050,0
1653213600000,30110.22000000,30279.35000000,30070.58000000,30152.50000000,158.44716000,1653217199999,4779844.76002490,4515,67.22399000,2027720.49474380,0
1653217200000,30149.80000000,30216.29000000,29770.00000000,29856.19000000,158.83957000,1653220799999,4763189.94142600,4652,85.94665000,2576823.07780230,0
1653220800000,29857.26000000,30190.57000000,29857.26000000,30130.77000000,112.67782000,1653224399999,3384067.12334090,2746,57.46235000,1725232.24496090,0
1653224400000,30131.25000000,30131.25000000,29935.91000000,30039.57000000,53.76127000,1653227999999,1615202.69574530,2009,24.60779000,739329.30450370,0
1653228000000,30039.56000000,30108.04000000,29891.96000000,29926.31000000,202.55393000,1653231599999,6066277.54981820,3348,150.34071000,4500473.08056030,0
1653231600000,29926.86000000,29949.63000000,29632.92000000,29806.97000000,118.36733000,1653235199999,3526508.77742000,3197,52.80791000,1572477.27223020,0
1653235200000,29806.97000000,29931.75000000,29701.62000000,29893.31000000,60.65405000,1653238799999,1809644.97435880,1981,29.31465000,874632.01687340,0
1653238800000,29892.62000000,30143.63000000,29778.18000000,29896.29000000,212.53926000,1653242399999,6370976.64819110,4272,62.12055000,1862011.85813710,0
1653242400000,29897.05000000,30017.75000000,29804.90000000,30006.47000000,73.71920000,1653245999999,2206368.83272550,2098,27.85396000,833669.28897070,0
1653246000000,30003.75000000,30052.77000000,29878.02000000,29903.88000000,42.74269000,1653249599999,1280706.54024420,1561,15.51337000,464902.72811510,0
1653249600000,29902.77000000,30057.53000000,29878.80000000,29905.35000000,77.14127000,1653253199999,2312026.42502890,1969,28.96324000,868201.75634010,0
1653253200000,29901.28000000,30046.45000000,29878.02000000,29985.83000000,53.84059000,1653256799999,1613474.09831420,1195,27.83090000,833945.63603910,0
1653256800000,29984.67000000,30450.00000000,29984.67000000,30243.37000000,142.58407000,1653260399999,4313086.12416100,3600,79.34651000,2400175.69295580,0
1653260400000,30244.40000000,30451.32000000,30244.40000000,30259.73000000,160.01420000,1653263999999,4857451.46074010,3218,101.78706000,3090251.16437410,0
1653264000000,30260.66000000,30430.17000000,30160.71000000,30249.08000000,102.40207000,1653267599999,3100113.01914870,3463,51.09080000,1546516.44673960,0
1653267600000,30250.22000000,30250.22000000,30139.84000000,30190.71000000,72.41347000,1653271199999,2185863.80602070,2211,33.92612000,1024298.73655900,0
1653271200000,30189.10000000,30189.26000000,30020.25000000,30095.67000000,65.80318000,1653274799999,1979968.32084780,2371,30.94399000,931013.20283240,0
1653274800000,30096.15000000,30175.25000000,30064.89000000,30138.06000000,54.97400000,1653278399999,1655655.80060680,1930,20.50491000,617577.22068980,0
1653278400000,30138.05000000,30218.44000000,30082.99000000,30098.22000000,61.17225000,1653281999999,1844579.85818750,2166,30.92912000,932648.41301380,0
1653282000000,30097.01000000,30300.00000000,30077.85000000,30284.00000000,76.05781000,1653285599999,2294836.57683340,2633,32.77574000,989234.08759460,0
1653285600000,30274.10000000,30661.68000000,30258.40000000,30456.84000000,213.87598000,1653289199999,6510140.02958260,5317,131.87425000,4015842.82759440,0
1653289200000,30456.21000000,30634.82000000,30386.78000000,30423.09000000,139.44596000,1653292799999,4254042.59415960,4114,71.67428000,2187147.68728210,0
1653292800000,30425.99000000,30492.75000000,30258.31000000,30319.02000000,100.40932000,1653296399999,3048483.16315580,2918,46.13797000,1400929.26652460,0
1653296400000,30323.59000000,30488.26000000,30271.54000000,30414.51000000,160.37640000,1653299999999,4865592.42143230,3313,73.33929000,2224675.39161200,0
1653300000000,30417.95000000,30525.12000000,30381.55000000,30456.76000000,119.28308000,1653303599999,3631266.90270420,3125,52.13046000,1587153.93363460,0
1653303600000,30461.06000000,30590.36000000,30311.79000000,30371.75000000,138.80025000,1653307199999,4226343.47455650,3513,60.27057000,1836494.52849320,0
1653307200000,30373.10000000,30595.06000000,30325.92000000,30354.87000000,105.71485000,1653310799999,3216907.09785700,3139,47.02452000,1430895.58392600,0
1653310800000,30355.24000000,30523.48000000,30134.34000000,30295.82000000,327.25650000,1653314399999,9941111.98090370,7948,170.55297000,5181339.96495760,0
1653314400000,30296.46000000,30307.06000000,29933.00000000,30226.29000000,264.59926000,1653317999999,7980949.04731910,6984,119.24329000,3597152.51916650,0
1653318000000,30223.87000000,30454.17000000,30196.90000000,30342.78000000,130.07261000,1653321599999,3950387.93814020,3555,54.70375000,1661630.40872900,0
1653321600000,30340.30000000,30558.00000000,30128.20000000,30224.15000000,183.14191000,1653325199999,5559761.09380190,3972,88.16367000,2676576.83540570,0
1653325200000,30225.87000000,30225.87000000,30006.24000000,30070.39000000,128.02033000,1653328799999,3851617.37077420,3403,59.05057000,1776321.61773210,0
1653328800000,30071.64000000,30131.74000000,29787.48000000,29842.34000000,131.26024000,1653332399999,3939789.90454330,3682,52.13680000,1564902.86439850,0
1653332400000,29841.95000000,29841.95000000,29015.55000000,29060.66000000,463.75768000,1653335999999,13612942.95741780,8714,204.43352000,6002181.02744210,0
1653336000000,29066.93000000,29527.41000000,29012.00000000,29317.31000000,332.89796000,1653339599999,9737420.01257080,5935,191.31269000,5593986.40945970,0
1653339600000,29317.36000000,29462.82000000,29261.86000000,29310.86000000,87.29633000,1653343199999,2562065.63847280,2675,37.23208000,1092812.88752180,0
1653343200000,29310.86000000,29310.86000000,29001.00000000,29182.47000000,139.24580000,1653346799999,4057169.95552560,3480,69.13419000,2014805.15786770,0
1653346800000,29178.45000000,29178.45000000,28846.16000000,29068.78000000,253.20668000,1653350399999,7352785.72956200,4052,90.36135000,2626727.30602130,0
1653350400000,29078.95000000,29227.93000000,29026.59000000,29110.70000000,101.06491000,1653353999999,2946713.79652300,2977,48.37041000,1410497.56895510,0
1653354000000,29110.70000000,29214.06000000,29068.26000000,29195.97000000,72.36723000,1653357599999,2108761.08644030,2073,36.81663000,1072826.48965580,0
1653357600000,29195.97000000,29279.44000000,29158.47000000,29237.44000000,79.01018000,1653361199999,2309362.75848260,2215,36.12585000,1055860.64406860,0
1653361200000,29235.04000000,29296.00000000,29207.11000000,29271.40000000,38.70908000,1653364799999,1132607.94337640,1484,15.96351000,467053.96381180,0
1653364800000,29271.40000000,29406.38000000,29219.75000000,29324.86000000,61.05169000,1653368399999,1790479.46679650,2172,33.53291000,983462.96301150,0
1653368400000,29327.07000000,29396.08000000,29286.29000000,29316.06000000,50.81932000,1653371999999,1491121.21565590,1876,20.78659000,609947.29314360,0
1653372000000,29316.06000000,29367.90000000,29210.28000000,29306.77000000,109.15001000,1653375599999,3197937.91567100,2665,61.87593000,1812397.75224620,0
1653375600000,29306.77000000,29409.06000000,29280.01000000,29374.56000000,62.73152000,1653379199999,1841408.53428590,2225,37.20275000,1092141.25744730,0
1653379200000,29369.52000000,29374.63000000,29117.40000000,29123.69000000,115.24574000,1653382799999,3371962.64727660,2901,54.04915000,1581832.40645130,0
1653382800000,29122.81000000,29321.72000000,29091.08000000,29310.34000000,107.03065000,1653386399999,3128581.42826210,3108,57.41108000,1678140.45849010,0
1653386400000,29307.83000000,29335.52000000,29230.56000000,29306.51000000,87.32303000,1653389999999,2556916.41387030,2561,41.34804000,1210872.16382820,0
1653390000000,29310.11000000,29402.91000000,29204.16000000,29267.39000000,75.04597000,1653393599999,2199103.26256610,2180,42.73425000,1252309.18456080,0
1653393600000,29260.44000000,29412.11000000,29116.84000000,29225.55000000,112.10085000,1653397199999,3276524.27343280,3246,62.70569000,1833305.25043000,0
1653397200000,29225.98000000,29454.73000000,28850.00000000,28930.36000000,246.76396000,1653400799999,7190432.46871980,4865,101.74210000,2968429.03587390,0
1653400800000,28917.48000000,29089.80000000,28637.01000000,29032.77000000,350.22620000,1653404399999,10105013.03981500,7048,152.40634000,4398978.37849460,0
1653404400000,29034.07000000,29620.57000000,28850.00000000,29360.10000000,318.98048000,1653407999999,9306082.91137530,6339,140.56139000,4105434.63454090,0
1653408000000,29358.29000000,29572.96000000,29213.39000000,29294.58000000,252.96359000,1653411599999,7430790.47151750,4887,162.67571000,4779682.80809110,0
1653411600000,29297.24000000,29371.25000000,29122.42000000,29317.98000000,134.06223000,1653415199999,3919027.79248240,3425,51.87055000,1516482.32359060,0
1653415200000,29313.92000000,29457.49000000,29068.56000000,29145.77000000,116.51788000,1653418799999,3414203.40054450,3618,54.97348000,1611022.59568580,0
1653418800000,29140.42000000,29441.79000000,29130.19000000,29360.20000000,93.48212000,1653422399999,2739512.92404300,2746,43.24723000,1267569.09158720,0
1653422400000,29363.16000000,29465.74000000,29230.76000000,29435.28000000,70.52006000,1653425999999,2069697.52093440,2328,30.92108000,907422.57721500,0
1653426000000,29434.54000000,29620.00000000,29402.34000000,29556.50000000,69.78771000,1653429599999,2059383.43350600,2465,30.71784000,906224.52083850,0
1653429600000,29559.41000000,29612.09000000,29497.60000000,29572.77000000,121.95827000,1653433199999,3604909.50025140,2689,46.37249000,1370376.41731480,0
1653433200000,29576.72000000,29820.00000000,29552.23000000,29628.65000000,105.49076000,1653436799999,3131670.52901420,2461,49.77629000,1478006.79888650,0
1653436800000,29628.68000000,29664.13000000,29530.30000000,29587.11000000,54.51732000,1653440399999,1612561.31930660,1691,26.46830000,782709.96893020,0
1653440400000,29590.64000000,29774.70000000,29534.91000000,29762.88000000,44.38672000,1653443999999,1316158.70592160,1551,24.32945000,721491.64349060,0
1653444000000,29758.00000000,30270.00000000,29704.36000000,30079.36000000,147.41795000,1653447599999,4424690.35410360,4236,97.65379000,2932680.31467900,0
1653447600000,30080.87000000,30192.12000000,30037.20000000,30164.28000000,43.74546000,1653451199999,1317694.05130340,1790,23.07010000,694917.02709530,0
1653451200000,30164.22000000,30179.51000000,30029.14000000,30066.98000000,33.84732000,1653454799999,1018234.48541630,1571,15.64064000,470494.46676610,0
1653454800000,30063.95000000,30100.86000000,29817.11000000,29832.62000000,68.46012000,1653458399999,2051542.50662070,2474,35.44299000,1062225.01640430,0
1653458400000,29835.26000000,29878.98000000,29632.33000000,29775.37000000,72.06701000,1653461999999,2143864.02503700,3242,37.42092000,1112997.06663860,0
1653462000000,29775.37000000,29826.24000000,29662.06000000,29664.32000000,52.45680000,1653465599999,1560333.40309020,1851,27.39234000,815147.39717360,0
1653465600000,29669.46000000,29900.06000000,29533.41000000,29784.82000000,75.29650000,1653469199999,2238608.56540270,2319,41.53171000,1234973.69568080,0
1653469200000,29784.22000000,29842.61000000,29656.36000000,29776.20000000,86.48639000,1653472799999,2572107.84267660,2027,42.12979000,1253285.62972110,0
1653472800000,29780.07000000,29826.66000000,29652.04000000,29694.47000000,55.97410000,1653476399999,1664552.09292420,1887,27.29437000,811531.91942470,0
1653476400000,29688.40000000,29726.39000000,29315.92000000,29378.36000000,150.79666000,1653479999999,4440991.66628870,4162,68.11978000,2005723.39489720,0
1653480000000,29374.46000000,29589.62000000,29315.85000000,29536.07000000,138.73475000,1653483599999,4086665.15247130,3757,77.64274000,2287498.80369860,0
1653483600000,29535.58000000,29826.55000000,29454.75000000,29676.49000000,157.82709000,1653487199999,4672672.90095920,4201,89.17544000,2639761.43669350,0
1653487200000,29678.34000000,29872.54000000,29626.17000000,29752.80000000,161.85593000,1653490799999,4816653.23473710,4110,83.97855000,2498532.83327790,0
1653490800000,29750.06000000,29792.05000000,29553.67000000,29592.98000000,105.51039000,1653494399999,3130970.70489480,3251,41.70967000,1237419.55512590,0
1653494400000,29593.39000000,29741.10000000,29395.21000000,29527.95000000,171.28994000,1653497999999,5059604.19278910,3976,78.26011000,2312663.27973040,0
1653498000000,29529.74000000,29754.86000000,29505.47000000,29676.49000000,107.80319000,1653501599999,3195094.42280050,2744,45.46523000,1347368.78634020,0
1653501600000,29683.69000000,30040.00000000,29304.31000000,29853.98000000,338.81644000,1653505199999,10097192.46057750,6861,148.07743000,4416910.82286070,0
1653505200000,29855.42000000,29947.35000000,29534.48000000,29559.36000000,117.38904000,1653508799999,3489555.11643960,2851,57.91102000,1720951.01735990,0
1653508800000,29561.60000000,29780.06000000,29525.61000000,29759.77000000,104.85332000,1653512399999,3107590.06351940,1957,61.51793000,1823174.36201340,0
1653512400000,29761.13000000,29814.49000000,29706.75000000,29801.65000000,63.97776000,1653515999999,1903729.92392120,1385,26.60228000,791377.48685930,0
1653516000000,29800.51000000,29850.00000000,29722.46000000,29755.44000000,52.01797000,1653519599999,1548966.46824430,1394,22.20530000,661166.89870900,0
1653519600000,29753.63000000,29757.28000000,29510.83000000,29512.86000000,93.50811000,1653523199999,2771294.07576640,2172,49.24292000,1459174.05546770,0
1653523200000,29512.72000000,29845.08000000,29471.03000000,29753.56000000,104.09897000,1653526799999,3091434.53371480,2986,57.51028000,1707637.24874320,0
1653526800000,29756.87000000,29797.81000000,29626.92000000,29647.43000000,63.59528000,1653530399999,1889638.37188980,1987,29.78762000,884865.76127780,0
1653530400000,29648.23000000,29852.37000000,29644.62000000,29777.32000000,64.55699000,1653533999999,1921096.83060580,1784,34.26077000,1019491.34940110,0
1653534000000,29772.44000000,29819.37000000,29645.27000000,29810.29000000,88.27646000,1653537599999,2625856.05604110,2081,37.87141000,1126114.54685350,0
1653537600000,29810.29000000,29845.54000000,29718.03000000,29737.79000000,59.30616000,1653541199999,1767110.22470810,1617,31.40207000,935705.53539760,0
1653541200000,29740.26000000,29820.46000000,29628.01000000,29679.90000000,59.63432000,1653544799999,1770807.29552570,2134,26.73727000,794202.76087840,0
1653544800000,29679.90000000,29709.47000000,29400.58000000,29647.26000000,175.31672000,1653548399999,5181617.24604930,3419,70.22622000,2075470.07235120,0
1653548400000,29647.46000000,29710.00000000,29535.92000000,29695.76000000,73.71115000,1653551999999,2183544.63914090,2160,39.63424000,1174034.67342640,0
1653552000000,29695.82000000,29709.58000000,28850.00000000,28975.65000000,365.87300000,1653555599999,10682243.02995370,7691,162.84541000,4754653.29201770,0
1653555600000,28975.65000000,29224.97000000,28850.76000000,29156.94000000,233.23640000,1653559199999,6773446.79329920,4847,139.64602000,4054610.48627470,0
1653559200000,29156.94000000,29224.97000000,29084.42000000,29107.96000000,127.11994000,1653562799999,3706659.22093390,2768,59.09453000,1722925.23386640,0
1653562800000,29109.20000000,29154.56000000,28880.00000000,28972.51000000,360.33491000,1653566399999,10459928.05778090,6076,174.27287000,5058371.70346140,0
1653566400000,28967.53000000,29107.17000000,28753.64000000,28919.21000000,243.69180000,1653569999999,7044513.99017040,5737,132.69022000,3836160.15055860,0
1653570000000,28918.07000000,28954.30000000,27989.00000000,28781.74000000,804.57206000,1653573599999,22879291.38622680,17499,369.95741000,10519955.15599440,0
1653573600000,28781.74000000,29332.11000000,28773.14000000,29221.89000000,490.23091000,1653577199999,14272964.01294600,9785,281.99305000,8209672.33806900,0
1653577200000,29222.97000000,29468.67000000,29191.62000000,29362.95000000,189.28154000,1653580799999,5556702.34474270,4190,90.39751000,2654037.63578370,0
1653580800000,29364.53000000,29760.00000000,29338.35000000,29557.12000000,366.14757000,1653584399999,10834501.41841220,6650,172.87628000,5113448.00630860,0
1653584400000,29555.97000000,29649.99000000,29433.50000000,29614.95000000,149.59108000,1653587999999,4421300.59994710,3044,51.70052000,1527888.43198630,0
1653588000000,29609.31000000,29615.84000000,29458.59000000,29577.00000000,137.63562000,1653591599999,4067904.74889550,2888,39.94324000,1180063.19481430,0
1653591600000,29575.53000000,29589.12000000,29347.37000000,29352.17000000,146.42472000,1653595199999,4310200.56626500,3274,56.79107000,1671542.69960120,0
1653595200000,29350.85000000,29561.35000000,29257.27000000,29428.58000000,132.39851000,1653598799999,3890670.55871270,3036,44.56681000,1309507.03664760,0
1653598800000,29428.43000000,29653.14000000,29428.43000000,29545.38000000,85.63460000,1653602399999,2530275.70595870,1880,57.31102000,1693409.45260820,0
1653602400000,29545.76000000,29657.34000000,29458.59000000,29473.47000000,58.01416000,1653605999999,1713742.13461410,1529,33.17012000,979637.66828250,0
1653606000000,29475.00000000,29522.25000000,29142.25000000,29174.16000000,130.45410000,1653609599999,3828800.01084440,3237,58.32283000,1712202.65708960,0
1653609600000,29168.15000000,29358.46000000,29011.16000000,29039.86000000,129.61080000,1653613199999,3779997.61201080,4506,64.39866000,1878816.82300410,0
1653613200000,29044.40000000,29099.64000000,28837.02000000,28925.63000000,153.64515000,1653616799999,4451763.75991070,5827,75.53486000,2188571.49465590,0
1653616800000,28931.99000000,29054.52000000,28801.57000000,28953.17000000,210.48072000,1653620399999,6078711.41321840,5164,131.66275000,3801121.68634360,0
1653620400000,28955.25000000,29115.21000000,28939.56000000,28986.10000000,83.14605000,1653623999999,2413411.83196290,2957,39.91147000,1158586.61791560,0
1653624000000,28987.71000000,29085.72000000,28836.58000000,28895.08000000,102.62988000,1653627599999,2970602.59081830,3519,46.66339000,1350860.57810790,0
1653627600000,28895.96000000,29016.91000000,28612.00000000,28768.92000000,144.65947000,1653631199999,4170679.18234450,4181,72.17157000,2080195.13954560,0
1653631200000,28763.68000000,29006.32000000,28600.00000000,28946.19000000,247.12658000,1653634799999,7117429.09556610,4992,97.96744000,2816745.39515020,0
1653634800000,28946.18000000,29177.17000000,28869.14000000,28955.02000000,150.69467000,1653638399999,4370064.96316920,3753,70.62265000,2048034.61460930,0
1653638400000,28956.60000000,29108.90000000,28750.91000000,28898.42000000,157.79895000,1653641999999,4572460.63290740,4061,71.11639000,2061190.40342170,0
1653642000000,28911.45000000,29057.71000000,28852.02000000,29007.65000000,104.26918000,1653645599999,3019794.79340420,2900,47.24790000,1368291.99556970,0
1653645600000,29007.13000000,29017.76000000,28747.41000000,28797.97000000,124.88796000,1653649199999,3605799.74116920,3049,77.13442000,2226080.86812210,0
1653649200000,28797.05000000,29041.39000000,28771.36000000,28881.04000000,99.84559000,1653652799999,2887220.61685140,3069,52.15182000,1508225.50278980,0
1653652800000,28879.43000000,29294.59000000,28829.22000000,29228.12000000,186.17657000,1653656399999,5415849.56986780,5193,85.41080000,2485519.62340460,0
1653656400000,29222.56000000,29348.19000000,29100.00000000,29294.47000000,155.70599000,1653659999999,4549565.57260110,3424,70.53479000,2060933.26836070,0
1653660000000,29296.91000000,29310.00000000,28703.29000000,28757.30000000,283.58906000,1653663599999,8238413.39259270,5013,103.95924000,3018029.92719260,0
1653663600000,28757.29000000,28924.34000000,28600.00000000,28820.02000000,217.26388000,1653667199999,6250977.49574180,4455,108.16223000,3113081.45946370,0
1653667200000,28816.31000000,28904.88000000,28624.42000000,28704.38000000,160.48911000,1653670799999,4612183.42571640,3315,77.18649000,2217977.65598790,0
1653670800000,28699.98000000,28828.20000000,28300.01000000,28350.85000000,446.00427000,1653674399999,12709941.04794520,6953,255.32162000,7278438.68799460,0
1653674400000,28354.54000000,28453.85000000,28250.00000000,28429.08000000,226.39170000,1653677999999,6421882.88171400,3957,156.96996000,4453480.14886220,0
1653678000000,28430.86000000,29023.22000000,28374.34000000,28848.17000000,268.08862000,1653681599999,7654735.81888250,4697,170.88272000,4874281.16246550,0
1653681600000,28846.96000000,28982.29000000,28689.96000000,28726.95000000,153.68390000,1653685199999,4434398.75877750,2647,66.46590000,1917887.36894250,0
1653685200000,28722.33000000,28811.21000000,28661.29000000,28690.14000000,76.79144000,1653688799999,2208261.24379040,1565,32.21830000,926112.15171610,0
1653688800000,28683.06000000,28881.72000000,28612.35000000,28796.70000000,72.72589000,1653692399999,2095488.10147250,1854,21.66292000,624025.35223710,0
1653692400000,28795.27000000,28825.85000000,28493.47000000,28598.09000000,94.42566000,1653695999999,2704774.00221320,2764,44.29487000,1268682.96250370,0
1653696000000,28598.09000000,28797.04000000,28527.03000000,28769.92000000,155.46636000,1653699599999,4465680.10011170,3309,54.63145000,1568361.34372310,0
1653699600000,28769.92000000,28807.84000000,28497.15000000,28581.52000000,134.66419000,1653703199999,3851625.14056050,3016,61.73867000,1765895.37105200,0
1653703200000,28583.77000000,28706.85000000,28562.03000000,28648.52000000,39.72442000,1653706799999,1137634.60294090,1450,15.57421000,445927.94836060,0
1653706800000,28651.90000000,28808.79000000,28596.17000000,28786.41000000,67.08469000,1653710399999,1926704.84846660,2363,35.34364000,1015008.63906140,0
1653710400000,28785.70000000,28853.25000000,28718.36000000,28799.81000000,43.22477000,1653713999999,1244347.02579540,1382,26.33181000,758002.73963480,0
1653714000000,28799.34000000,28920.31000000,28741.46000000,28843.97000000,50.62137000,1653717599999,1459831.66339410,1700,27.06292000,780599.11374700,0
1653717600000,28844.04000000,28893.71000000,28798.87000000,28832.18000000,40.34908000,1653721199999,1163439.59832340,1434,19.78745000,570553.04366530,0
1653721200000,28833.28000000,28879.24000000,28784.27000000,28849.59000000,48.93015000,1653724799999,1410199.62395030,1525,25.86137000,745361.26355600,0
1653724800000,28849.60000000,28895.11000000,28744.45000000,28809.84000000,63.98074000,1653728399999,1844505.19536720,1766,29.37520000,846778.63318760,0
1653728400000,28810.61000000,28857.07000000,28737.56000000,28769.66000000,55.52014000,1653731999999,1598867.40159340,1686,31.68827000,912468.42012020,0
1653732000000,28771.44000000,28819.99000000,28724.69000000,28772.92000000,39.18917000,1653735599999,1127573.04785600,1289,20.83288000,599404.83061750,0
1653735600000,28772.92000000,28895.12000000,28746.92000000,28800.00000000,53.56035000,1653739199999,1543991.20030950,1608,31.58808000,910460.64724700,0
1653739200000,28794.50000000,29002.21000000,28760.40000000,28954.48000000,62.96824000,1653742799999,1819515.47378020,2166,29.88611000,863579.83661860,0
1653742800000,28951.62000000,29200.00000000,28915.17000000,29046.00000000,186.43965000,1653746399999,5426980.40810740,3711,118.72122000,3458286.95197430,0
1653746400000,29046.01000000,29073.87000000,28898.60000000,28926.16000000,86.20559000,1653749999999,2498834.77979120,2220,34.14208000,989377.09478410,0
1653750000000,28926.16000000,29050.66000000,28869.66000000,28955.55000000,54.91347000,1653753599999,1590208.97407810,1829,25.29460000,732583.28575700,0
1653753600000,28956.65000000,29023.34000000,28873.78000000,28882.03000000,58.89658000,1653757199999,1705497.65671990,1796,25.44920000,736988.05319380,0
1653757200000,28881.38000000,28993.56000000,28701.01000000,28852.74000000,94.32483000,1653760799999,2722765.03919600,2745,51.04989000,1474074.42789440,0
1653760800000,28858.48000000,28988.02000000,28857.30000000,28977.62000000,31.13686000,1653764399999,900602.23443740,1320,14.14012000,408886.21295550,0
1653764400000,28971.36000000,29032.43000000,28906.80000000,28989.22000000,38.30768000,1653767999999,1109471.14674050,1372,17.22679000,499085.14281150,0
1653768000000,28988.23000000,29000.44000000,28950.10000000,28985.24000000,23.25298000,1653771599999,673749.31107960,867,12.35865000,358074.01295270,0
1653771600000,28989.95000000,29028.54000000,28950.10000000,28983.39000000,31.76082000,1653775199999,920860.61316370,1060,13.42872000,389406.82303850,0
1653775200000,28983.39000000,29007.65000000,28926.73000000,28959.16000000,24.45658000,1653778799999,708307.59947840,981,14.53086000,420860.52136070,0
1653778800000,28957.08000000,29119.92000000,28957.08000000,28997.42000000,69.72151000,1653782399999,2025272.19785670,1620,52.35725000,1520914.15246930,0
1653782400000,28997.43000000,29014.40000000,28937.34000000,28972.73000000,27.78535000,1653785999999,805089.27849910,1216,12.07893000,350021.13533730,0
1653786000000,28972.73000000,28993.67000000,28869.66000000,28893.43000000,35.33765000,1653789599999,1022076.57198070,1446,15.98323000,462327.96031600,0
1653789600000,28893.43000000,28898.75000000,28810.56000000,28873.08000000,50.02435000,1653793199999,1443367.28442250,1601,24.81639000,716007.38708530,0
1653793200000,28873.09000000,28961.85000000,28840.86000000,28953.12000000,35.27800000,1653796799999,1019568.79315800,1107,23.22373000,671208.57369390,0
1653796800000,28948.96000000,28954.65000000,28883.24000000,28909.87000000,13.82310000,1653800399999,399846.61322320,703,7.15286000,206902.25979630,0
1653800400000,28907.36000000,29022.38000000,28903.37000000,29012.34000000,24.40061000,1653803999999,706743.97973410,951,14.75364000,427355.31032250,0
1653804000000,29011.74000000,29031.12000000,28955.28000000,28996.96000000,18.95752000,1653807599999,549519.16531950,782,8.84938000,256501.38442780,0
1653807600000,28996.96000000,29009.09000000,28964.44000000,28977.95000000,19.11012000,1653811199999,553824.03912980,781,8.26773000,239611.58493800,0
1653811200000,28977.94000000,29167.15000000,28955.08000000,29032.16000000,63.10532000,1653814799999,1834121.88042580,1939,30.89972000,898198.97135230,0
1653814800000,29032.40000000,29048.63000000,28925.27000000,28961.72000000,48.41302000,1653818399999,1403172.83304340,1601,22.62501000,655547.09460980,0
1653818400000,28961.72000000,29182.33000000,28960.99000000,29128.19000000,85.59395000,1653821999999,2490432.56028980,2475,46.84720000,1363033.76028850,0
1653822000000,29128.71000000,29204.59000000,29079.57000000,29182.40000000,75.10574000,1653825599999,2188697.68539790,1859,46.43500000,1352783.42418330,0
1653825600000,29183.72000000,29450.00000000,29169.74000000,29351.45000000,169.69025000,1653829199999,4977857.30941640,4266,81.53942000,2391761.27532900,0
1653829200000,29351.79000000,29450.00000000,29282.79000000,29301.27000000,54.75290000,1653832799999,1606549.72214880,2104,25.58150000,750681.33277660,0
1653832800000,29302.35000000,29354.91000000,29256.12000000,29271.50000000,46.96549000,1653836399999,1376184.04487540,1711,22.50828000,659510.85554000,0
1653836400000,29258.10000000,29258.10000000,29135.18000000,29181.65000000,52.16058000,1653839999999,1522059.54416030,1858,26.25174000,765906.03975330,0
1653840000000,29184.29000000,29311.14000000,29184.28000000,29252.26000000,87.11149000,1653843599999,2547933.55812700,2251,25.20130000,737459.01939420,0
1653843600000,29253.62000000,29333.32000000,29146.47000000,29195.94000000,62.32844000,1653847199999,1822981.27919930,1574,30.58992000,894823.57997770,0
1653847200000,29195.94000000,29213.39000000,29127.01000000,29133.16000000,37.74619000,1653850799999,1101075.27581500,1212,22.62764000,659991.15226870,0
1653850800000,29133.47000000,29163.23000000,29000.00000000,29096.86000000,61.77040000,1653854399999,1796399.12053380,1649,27.42727000,797840.18777380,0
1653854400000,29096.85000000,29152.83000000,29058.09000000,29152.39000000,49.29532000,1653857999999,1435364.21822540,1442,28.81199000,838841.83787630,0
1653858000000,29151.45000000,29211.13000000,29139.43000000,29205.65000000,20.34793000,1653861599999,593521.00143490,853,10.18826000,297138.94596030,0
1653861600000,29212.31000000,29573.69000000,29148.69000000,29394.90000000,168.43973000,1653865199999,4946616.09975350,3707,87.07195000,2557837.09348610,0
1653865200000,29391.15000000,29470.84000000,29353.93000000,29438.12000000,53.31880000,1653868799999,1568867.87019570,1699,23.53240000,692430.59686160,0
1653868800000,29438.12000000,29455.88000000,29278.90000000,29290.85000000,52.04212000,1653872399999,1527235.79486130,1926,23.15254000,679542.65400180,0
1653872400000,29290.72000000,29750.00000000,29288.70000000,29740.98000000,146.54439000,1653875999999,4327531.84939300,4160,62.38660000,1843053.30535120,0
1653876000000,29740.76000000,30471.00000000,29739.43000000,30188.00000000,533.26095000,1653879599999,16032332.06337370,8981,307.85373000,9264546.49006970,0
1653879600000,30188.59000000,30458.99000000,30177.35000000,30320.75000000,232.20728000,1653883199999,7032236.55526910,5355,117.43190000,3558404.56666340,0
1653883200000,30323.16000000,30394.84000000,30206.98000000,30300.50000000,88.52153000,1653886799999,2681548.16760610,2668,41.05559000,1243740.07754240,0
1653886800000,30300.51000000,30449.50000000,30264.70000000,30429.97000000,122.66872000,1653890399999,3721427.48432530,3667,53.44195000,1621028.48384420,0
1653890400000,30435.74000000,30875.48000000,30389.95000000,30676.02000000,404.40351000,1653893999999,12397261.25938760,7669,217.95432000,6682429.52225350,0
1653894000000,30675.21000000,30714.81000000,30514.41000000,30612.10000000,167.93655000,1653897599999,5139815.87902490,3506,72.77286000,2227101.13247150,0
1653897600000,30612.10000000,30715.96000000,30546.78000000,30710.13000000,195.24077000,1653901199999,5984044.45338310,4020,49.30608000,1511615.31520220,0
1653901200000,30708.34000000,30741.86000000,30508.85000000,30698.59000000,134.84880000,1653904799999,4132717.82095520,3538,54.86282000,1681387.73466580,0
1653904800000,30691.48000000,30731.98000000,30540.45000000,30575.09000000,149.18613000,1653908399999,4567475.84484200,3433,48.98570000,1499623.98435760,0
1653908400000,30575.46000000,30684.95000000,30559.01000000,30643.42000000,113.61149000,1653911999999,3480277.39511430,2353,36.12840000,1106392.82567130,0
1653912000000,30643.42000000,30930.12000000,30342.88000000,30514.22000000,215.08969000,1653915599999,6579799.79948270,5510,107.02428000,3276065.66287250,0
1653915600000,30514.21000000,30549.21000000,30250.00000000,30492.42000000,177.64531000,1653919199999,5398681.91595840,3865,95.53659000,2902522.85831320,0
1653919200000,30498.31000000,30723.57000000,30422.42000000,30443.78000000,134.44395000,1653922799999,4109324.71436710,3718,64.39930000,1968810.34570500,0
1653922800000,30444.15000000,30646.27000000,30424.21000000,30613.55000000,92.34424000,1653926399999,2821399.17997000,2658,42.43931000,1296472.53190300,0
1653926400000,30613.58000000,30703.57000000,30548.00000000,30600.68000000,90.35186000,1653929999999,2766540.61895880,3068,41.62547000,1274621.21671510,0
1653930000000,30603.73000000,30777.00000000,30565.06000000,30685.40000000,116.29054000,1653933599999,3568195.31682570,2672,54.91693000,1684964.40192980,0
1653933600000,30684.01000000,30702.30000000,30625.32000000,30654.21000000,59.77211000,1653937199999,1833340.13031130,1967,29.22815000,896482.29041830,0
1653937200000,30652.08000000,30835.23000000,30554.65000000,30619.65000000,85.45851000,1653940799999,2622936.15462560,2423,35.48822000,1088999.57005380,0
1653940800000,30620.23000000,31398.72000000,30530.78000000,31254.37000000,482.88662000,1653944399999,15007939.29170350,9146,229.76439000,7142056.72219680,0
1653944400000,31254.38000000,32170.88000000,31033.82000000,31784.25000000,547.09848000,1653947999999,17338561.22250070,11249,292.53963000,9278499.64362390,0
1653948000000,31787.35000000,31885.24000000,31465.62000000,31746.83000000,221.72402000,1653951599999,7013568.56259500,6003,98.50577000,3116481.79160150,0
1653951600000,31746.51000000,31872.75000000,31597.65000000,31710.39000000,118.61617000,1653955199999,3765455.39479860,4090,54.13331000,1718677.12245920,0
1653955200000,31711.44000000,31836.27000000,31383.01000000,31551.39000000,118.77614000,1653958799999,3755336.21864780,3852,49.01753000,1549969.35018280,0
1653958800000,31552.09000000,31600.42000000,31420.72000000,31533.89000000,58.94119000,1653962399999,1857637.41903740,2145,25.98301000,818942.83970270,0
1653962400000,31537.48000000,31694.12000000,31501.18000000,31670.24000000,89.71924000,1653965999999,2836731.38976200,2397,32.25864000,1019792.62659050,0
1653966000000,31674.62000000,31804.41000000,31605.52000000,31750.17000000,125.27400000,1653969599999,3973784.92620480,3299,60.55606000,1920831.68592540,0
1653969600000,31752.29000000,31785.34000000,31624.34000000,31664.50000000,73.01187000,1653973199999,2315099.57788730,1677,27.96137000,886464.54011150,0
1653973200000,31669.61000000,31719.40000000,31600.01000000,31622.00000000,115.76361000,1653976799999,3665183.24945940,2654,75.78683000,2399306.43411050,0
1653976800000,31616.01000000,31637.02000000,31401.63000000,31475.89000000,182.17791000,1653980399999,5741693.54649110,3690,69.22914000,2181481.44272670,0
1653980400000,31479.34000000,31563.87000000,31459.72000000,31547.82000000,73.71775000,1653983999999,2323871.04622070,2231,33.27357000,1048819.29455650,0
1653984000000,31550.36000000,31711.51000000,31545.41000000,31604.34000000,115.65590000,1653987599999,3657580.45827370,3067,67.29096000,2128163.63375760,0
1653987600000,31603.53000000,31624.47000000,31476.25000000,31524.24000000,116.76599000,1653991199999,3683543.38946110,3288,54.76727000,1727414.83077310,0
1653991200000,31523.66000000,31669.60000000,31493.38000000,31648.65000000,103.70698000,1653994799999,3277954.59878480,2817,46.68783000,1475637.23181290,0
1653994800000,31651.83000000,31816.49000000,31639.69000000,31747.00000000,108.78105000,1653998399999,3453143.97788480,3282,54.93306000,1743636.40141570,0
1653998400000,31747.00000000,31781.79000000,31523.12000000,31592.67000000,146.25132000,1654001999999,4628119.35752970,4305,72.74136000,2301540.23914080,0
1654002000000,31590.22000000,31904.80000000,31210.00000000,31378.72000000,332.03196000,1654005599999,10455244.00061630,7716,153.94164000,4845245.89869550,0
1654005600000,31362.43000000,31714.02000000,31199.97000000,31660.18000000,253.88048000,1654009199999,7987348.30219690,6069,122.00722000,3837163.18376770,0
1654009200000,31660.61000000,32176.68000000,31534.42000000,32030.79000000,194.64229000,1654012799999,6199554.41520680,5319,92.47128000,2946103.78387570,0
1654012800000,32033.43000000,32374.17000000,31813.97000000,32136.36000000,448.27679000,1654016399999,14395611.01688370,8943,208.46077000,6699812.88705800,0
1654016400000,32127.30000000,32172.95000000,31865.70000000,32104.25000000,165.26447000,1654019999999,5290726.08498980,3972,76.99364000,2463193.63629500,0
1654020000000,32096.50000000,32133.65000000,31562.87000000,31657.91000000,176.24370000,1654023599999,5620970.14718010,4232,86.35361000,2755882.44847530,0
1654023600000,31654.53000000,31761.79000000,31555.45000000,31598.53000000,115.11794000,1654027199999,3645003.72082180,3067,59.21353000,1874647.38981770,0
1654027200000,31605.29000000,31785.78000000,31350.69000000,31785.78000000,162.49300000,1654030799999,5139548.98175870,2736,65.10469000,2062285.39583820,0
1654030800000,31789.42000000,31800.85000000,31645.08000000,31692.80000000,51.79052000,1654034399999,1643981.54135950,1438,21.08406000,669291.91841580,0
1654034400000,31690.27000000,31871.23000000,31659.12000000,31842.71000000,75.70494000,1654037999999,2405425.63200600,2098,37.70418000,1198178.48848460,0
1654038000000,31844.77000000,31911.59000000,31749.11000000,31773.10000000,81.80508000,1654041599999,2604805.01776540,2305,34.95480000,1113065.77447750,0
