1696118400000,26966.22000000,26997.83000000,26956.71000000,26993.52000000,3.57985000,1696121999999,96556.34016100,147,2.56678000,69230.44527590,0
1696122000000,26993.52000000,27033.40000000,26984.23000000,27028.64000000,4.45741000,1696125599999,120367.46951760,154,2.15180000,58107.91257690,0
1696125600000,27020.57000000,27050.09000000,27020.57000000,27027.83000000,1.96699000,1696129199999,53178.41268000,124,0.64187000,17352.61072460,0
1696129200000,27027.84000000,27052.82000000,27007.77000000,27048.17000000,3.65644000,1696132799999,98830.16893650,235,1.45272000,39259.25518330,0
1696132800000,27049.90000000,27050.33000000,27024.75000000,27048.44000000,3.20454000,1696136399999,86630.77932340,399,0.51105000,13814.85968010,0
1696136400000,27048.52000000,27077.88000000,27045.38000000,27077.88000000,3.67463000,1696139999999,99436.24236320,160,1.64718000,44572.42875970,0
1696140000000,27078.12000000,27144.29000000,27078.12000000,27134.84000000,6.77759000,1696143599999,183714.87378780,341,2.67742000,72574.24889960,0
1696143600000,27132.73000000,27159.90000000,27102.07000000,27111.84000000,16.54117000,1696147199999,448841.50601240,367,3.94456000,107022.53511900,0
1696147200000,27111.84000000,27158.62000000,27091.25000000,27138.78000000,1.58260000,1696150799999,42934.05879940,134,0.58549000,15879.42186720,0
1696150800000,27144.31000000,27233.58000000,27144.31000000,27224.33000000,13.22650000,1696154399999,359659.88556820,380,5.10566000,138820.72818950,0
1696154400000,27228.83000000,27294.97000000,27170.64000000,27212.94000000,13.36042000,1696157999999,363824.91326350,419,6.38503000,173902.21992000,0
1696158000000,27199.77000000,27244.83000000,27171.63000000,27195.66000000,11.76888000,1696161599999,320234.41453590,365,4.11008000,111835.70646710,0
1696161600000,27193.79000000,27204.32000000,27130.14000000,27195.51000000,13.37066000,1696165199999,363184.29476680,351,3.76217000,102212.48748700,0
1696165200000,27193.61000000,27199.26000000,27153.62000000,27194.91000000,7.65087000,1696168799999,207918.89643470,347,3.29536000,89557.06958240,0
1696168800000,27195.05000000,27235.85000000,27091.14000000,27115.68000000,12.75769000,1696172399999,346430.09705400,491,4.62584000,125534.85221390,0
1696172400000,27123.59000000,27155.18000000,27110.43000000,27152.86000000,6.94318000,1696175999999,188370.84107900,210,5.06880000,137519.34117650,0
1696176000000,27152.87000000,27157.01000000,27084.71000000,27111.82000000,5.62240000,1696179599999,152542.57167050,235,3.20618000,87004.46880330,0
1696179600000,27114.65000000,27142.62000000,27049.26000000,27076.81000000,6.13203000,1696183199999,166121.97763170,227,2.59866000,70383.08916140,0
1696183200000,27079.70000000,27102.67000000,27078.11000000,27099.17000000,2.06330000,1696186799999,55896.46693240,144,0.66661000,18058.58638940,0
1696186800000,27092.34000000,27111.42000000,27078.21000000,27108.46000000,4.65415000,1696190399999,126129.08681830,188,1.71446000,46460.26763720,0
1696190400000,27106.35000000,27146.35000000,27037.67000000,27111.96000000,8.85807000,1696193999999,240036.61682740,288,3.02276000,81926.14191070,0
1696194000000,27117.82000000,27190.84000000,27096.88000000,27188.50000000,4.22580000,1696197599999,114687.93069470,152,2.17025000,58906.84164190,0
1696197600000,27165.67000000,28049.39000000,27157.81000000,27991.60000000,146.72494000,1696201199999,4085361.79358220,3115,89.19660000,2484476.54301390,0
1696201200000,27994.98000000,28020.19000000,27861.44000000,27984.22000000,28.56778000,1696204799999,798208.78652370,757,14.64850000,409274.56376730,0
1696204800000,27995.74000000,28056.76000000,27881.69000000,27931.61000000,78.70474000,1696208399999,2199768.86331890,1352,18.27695000,511072.43467410,0
1696208400000,27924.54000000,27968.06000000,27834.27000000,27923.99000000,22.37190000,1696211999999,623933.69036550,639,4.96763000,138582.21043570,0
1696212000000,27922.23000000,28005.07000000,27901.11000000,27987.16000000,23.51375000,1696215599999,657514.57172670,776,7.33148000,205054.65538900,0
1696215600000,27987.16000000,28216.91000000,27960.50000000,28126.96000000,45.86607000,1696219199999,1287223.43466350,815,22.11097000,620804.72207060,0
1696219200000,28130.06000000,28152.09000000,28022.64000000,28071.68000000,29.64752000,1696222799999,832272.16472870,727,14.55861000,408586.14962080,0
1696222800000,28078.12000000,28118.14000000,27925.65000000,27983.62000000,32.18193000,1696226399999,902027.46530310,771,11.21635000,314371.44069200,0
1696226400000,27983.62000000,28112.97000000,27951.11000000,28104.76000000,18.83223000,1696229999999,527721.13395270,446,6.78706000,190273.45565730,0
1696230000000,28100.63000000,28433.71000000,28100.63000000,28308.50000000,78.86826000,1696233599999,2228212.05314200,1478,46.40192000,1310821.37556370,0
1696233600000,28320.70000000,28485.50000000,28257.92000000,28283.69000000,98.03849000,1696237199999,2779614.67484210,2139,22.61587000,641798.14372540,0
1696237200000,28291.10000000,28337.99000000,28224.60000000,28306.15000000,42.63143000,1696240799999,1206266.15061460,909,16.87363000,477503.60252960,0
1696240800000,28299.56000000,28352.56000000,28281.99000000,28318.30000000,15.86819000,1696244399999,449344.95530420,470,5.00341000,141697.67074040,0
1696244400000,28318.73000000,28375.89000000,28203.67000000,28214.64000000,26.18414000,1696247999999,740534.87326490,675,9.67575000,273625.50176990,0
1696248000000,28213.04000000,28360.20000000,28210.27000000,28346.97000000,38.41002000,1696251599999,1086643.41613270,1018,13.56622000,383813.08499050,0
1696251600000,28334.81000000,28550.00000000,28307.25000000,28542.05000000,49.19687000,1696255199999,1397116.99245970,1495,20.73585000,589158.11937290,0
1696255200000,28550.00000000,28590.83000000,28193.88000000,28321.65000000,35.38083000,1696258799999,1002865.69093900,1191,16.25969000,460644.66894820,0
1696258800000,28320.92000000,28429.92000000,28003.57000000,28045.47000000,54.00776000,1696262399999,1524439.05369680,1310,25.30985000,714106.52941560,0
1696262400000,28033.28000000,28132.64000000,27869.03000000,28005.23000000,66.15374000,1696265999999,1853786.78654510,1372,38.79725000,1087078.64068000,0
1696266000000,27998.03000000,28122.44000000,27913.09000000,28062.76000000,29.54641000,1696269599999,828258.53124250,625,18.83410000,528047.56155900,0
1696269600000,28062.56000000,28108.83000000,27663.11000000,27805.05000000,41.76132000,1696273199999,1162617.58501440,1046,19.24968000,535960.37053620,0
1696273200000,27790.06000000,27977.84000000,27641.54000000,27975.04000000,39.44866000,1696276799999,1096368.51337610,925,21.01446000,584202.85202400,0
1696276800000,27960.52000000,27960.52000000,27826.24000000,27845.16000000,9.14005000,1696280399999,254667.68342610,369,5.38842000,150141.18018810,0
1696280400000,27845.16000000,27876.71000000,27294.92000000,27481.51000000,92.17707000,1696283999999,2537653.53537040,1436,18.99953000,523681.11210430,0
1696284000000,27472.97000000,27565.86000000,27361.90000000,27563.53000000,29.68125000,1696287599999,815447.15462760,695,11.89510000,326791.48915730,0
1696287600000,27552.09000000,27617.20000000,27475.93000000,27500.70000000,24.98602000,1696291199999,688514.10555470,583,9.76460000,269047.26389310,0
1696291200000,27502.90000000,27570.21000000,27404.00000000,27433.05000000,26.19251000,1696294799999,719911.85111710,642,8.01087000,220209.02096900,0
1696294800000,27435.54000000,27568.50000000,27387.50000000,27563.63000000,15.38948000,1696298399999,422798.66617870,428,9.14030000,251167.79775020,0
1696298400000,27556.63000000,27615.78000000,27523.74000000,27585.43000000,7.87169000,1696301999999,217032.98371620,299,5.65031000,155776.48667130,0
1696302000000,27585.44000000,27637.57000000,27537.83000000,27600.30000000,9.87364000,1696305599999,272380.90850130,278,5.66591000,156289.89277220,0
1696305600000,27603.08000000,27647.49000000,27545.55000000,27631.52000000,12.57180000,1696309199999,346950.33038360,349,7.12689000,196707.46105030,0
1696309200000,27631.52000000,27635.87000000,27573.62000000,27573.83000000,6.30757000,1696312799999,174115.84774300,347,3.21178000,88669.70767200,0
1696312800000,27570.00000000,27673.75000000,27564.33000000,27635.83000000,6.23328000,1696316399999,172178.82194570,227,4.93677000,136361.66584960,0
1696316400000,27637.71000000,27647.89000000,27522.08000000,27547.72000000,9.74323000,1696319999999,268638.91800710,294,5.02394000,138492.28084560,0
1696320000000,27539.04000000,27640.34000000,27539.04000000,27592.93000000,12.61213000,1696323599999,348053.35424760,252,6.71398000,185284.85351980,0
1696323600000,27592.93000000,27619.81000000,27547.44000000,27553.88000000,45.67721000,1696327199999,1259778.81916910,644,30.02185000,828031.80838530,0
1696327200000,27555.01000000,27633.17000000,27555.01000000,27626.40000000,58.89944000,1696330799999,1624820.00339000,792,45.68943000,1260357.07821230,0
1696330800000,27633.92000000,27634.22000000,27475.13000000,27561.68000000,21.45909000,1696334399999,591087.33904590,527,11.05160000,304365.39516360,0
1696334400000,27561.68000000,27564.84000000,27422.61000000,27473.31000000,31.90068000,1696337999999,876948.13112740,770,14.53685000,399557.59477190,0
1696338000000,27473.31000000,27584.11000000,27394.16000000,27549.51000000,22.68565000,1696341599999,623535.50618240,632,11.59257000,318578.49327050,0
1696341600000,27550.78000000,27550.78000000,27272.76000000,27357.80000000,46.02520000,1696345199999,1260282.46635570,1106,23.88741000,653918.14499110,0
1696345200000,27346.54000000,27416.77000000,27236.65000000,27342.95000000,40.43504000,1696348799999,1105216.76657030,970,32.73755000,894855.07760280,0
1696348800000,27340.65000000,27447.95000000,27317.50000000,27386.74000000,32.62879000,1696352399999,893381.31193350,917,26.63543000,729281.18088860,0
1696352400000,27383.61000000,27486.93000000,27383.61000000,27432.35000000,16.61360000,1696355999999,455870.01999790,650,9.85121000,270312.70586390,0
1696356000000,27434.07000000,27446.44000000,27300.65000000,27309.28000000,28.79213000,1696359599999,787626.11295900,757,24.94221000,682273.36432870,0
1696359600000,27300.06000000,27429.17000000,27253.26000000,27278.39000000,24.98265000,1696363199999,682662.36717480,597,15.67324000,428279.91000800,0
1696363200000,27276.11000000,27397.24000000,27170.07000000,27396.91000000,33.80819000,1696366799999,922430.52708680,787,21.03988000,574118.90974320,0
1696366800000,27398.07000000,27461.78000000,27361.75000000,27399.66000000,10.61430000,1696370399999,290866.72408610,378,3.92100000,107478.91170870,0
1696370400000,27400.08000000,27413.91000000,27273.52000000,27404.33000000,15.56810000,1696373999999,425644.75183140,500,7.42937000,203146.14523440,0
1696374000000,27402.47000000,27471.21000000,27384.18000000,27432.30000000,13.00333000,1696377599999,356727.04880110,460,4.81371000,132045.03372710,0
1696377600000,27430.23000000,27437.79000000,27203.49000000,27301.73000000,35.57572000,1696381199999,972065.54822000,837,16.76634000,458131.97857360,0
1696381200000,27307.16000000,27353.89000000,27260.91000000,27338.16000000,18.57597000,1696384799999,507558.89214770,429,14.76652000,403495.45524660,0
1696384800000,27337.19000000,27511.52000000,27314.49000000,27411.76000000,20.95003000,1696388399999,574621.71696310,547,12.05374000,330516.74184930,0
1696388400000,27413.13000000,27466.73000000,27410.27000000,27432.24000000,5.17208000,1696391999999,141871.27074880,176,3.45901000,94873.25560350,0
1696392000000,27426.53000000,27426.54000000,27379.95000000,27385.26000000,5.44771000,1696395599999,149277.28111370,188,3.11573000,85366.27043370,0
1696395600000,27387.82000000,27408.97000000,27355.72000000,27408.97000000,4.15128000,1696399199999,113662.55249120,221,2.73478000,74870.60966920,0
1696399200000,27410.52000000,27417.55000000,27353.11000000,27417.55000000,2.74160000,1696402799999,75102.15699430,140,1.56932000,42987.03966110,0
1696402800000,27420.20000000,27455.57000000,27404.51000000,27455.57000000,5.48819000,1696406399999,150520.22129380,194,3.51052000,96280.03468750,0
1696406400000,27457.85000000,27572.71000000,27435.80000000,27518.17000000,23.15035000,1696409999999,636824.75056470,398,14.16197000,389447.98811130,0
1696410000000,27518.17000000,27635.41000000,27506.29000000,27632.78000000,14.34744000,1696413599999,395533.28596190,360,8.61660000,237482.92301340,0
1696413600000,27629.43000000,27641.83000000,27520.89000000,27528.14000000,27.83856000,1696417199999,767691.16977110,562,7.75085000,213954.39042750,0
1696417200000,27528.14000000,27606.07000000,27522.06000000,27577.05000000,23.52615000,1696420799999,648812.61586630,587,4.07328000,112305.26590590,0
1696420800000,27576.75000000,27634.06000000,27539.35000000,27577.37000000,38.14041000,1696424399999,1052794.51991720,649,4.63296000,127781.96206790,0
1696424400000,27570.24000000,27579.61000000,27408.55000000,27417.55000000,34.36000000,1696427999999,945222.09040770,911,6.22125000,171077.10309710,0
1696428000000,27419.16000000,27460.49000000,27330.08000000,27383.01000000,18.64267000,1696431599999,510763.54150990,588,9.05673000,248091.70860130,0
1696431600000,27384.71000000,27471.98000000,27360.32000000,27406.83000000,10.50049000,1696435199999,287933.55566240,365,6.31386000,173129.70531960,0
1696435200000,27397.61000000,27594.75000000,27397.61000000,27524.06000000,21.83862000,1696438799999,600656.80047980,529,10.82429000,297748.08327600,0
1696438800000,27526.25000000,27582.87000000,27505.03000000,27541.16000000,9.25466000,1696442399999,254832.26726660,323,5.38464000,148256.52546070,0
1696442400000,27539.89000000,27629.56000000,27521.64000000,27623.90000000,14.47452000,1696445999999,399003.08485340,332,6.76251000,186362.02107520,0
1696446000000,27627.69000000,27835.16000000,27529.17000000,27618.40000000,53.17583000,1696449599999,1472395.04763010,1206,24.62915000,682142.28574640,0
1696449600000,27618.40000000,27739.61000000,27567.57000000,27652.19000000,23.43719000,1696453199999,648722.67671740,661,7.26810000,201176.60059230,0
1696453200000,27652.19000000,27796.95000000,27649.93000000,27688.70000000,13.09814000,1696456799999,363114.45701640,397,6.97057000,193248.81690750,0
1696456800000,27687.06000000,27777.54000000,27661.02000000,27751.83000000,18.78316000,1696460399999,520676.50671950,447,3.76633000,104457.84682980,0
1696460400000,27751.84000000,27833.08000000,27751.84000000,27784.16000000,26.93814000,1696463999999,748750.17652440,647,4.96179000,137919.58665540,0
1696464000000,27783.55000000,27898.09000000,27722.79000000,27822.33000000,29.48474000,1696467599999,818792.99485180,741,6.31554000,175630.50668440,0
1696467600000,27815.99000000,27816.89000000,27694.44000000,27733.19000000,18.10708000,1696471199999,502388.28637700,496,5.67952000,157528.97972750,0
1696471200000,27735.68000000,27736.98000000,27665.28000000,27681.08000000,10.79524000,1696474799999,298975.75706550,304,2.76597000,76599.80221390,0
1696474800000,27681.09000000,27712.54000000,27653.35000000,27655.62000000,4.40590000,1696478399999,121980.52693020,163,1.52482000,42221.08156060,0
1696478400000,27656.01000000,27694.23000000,27647.70000000,27691.54000000,4.93270000,1696481999999,136483.47152420,171,2.79442000,77329.57833780,0
1696482000000,27695.20000000,27704.04000000,27641.00000000,27642.69000000,5.41519000,1696485599999,149851.61981840,177,2.49277000,68980.61125780,0
1696485600000,27642.69000000,27665.37000000,27612.59000000,27664.08000000,6.30734000,1696489199999,174358.57168730,191,3.41834000,94494.25361100,0
1696489200000,27660.00000000,27660.00000000,27554.55000000,27607.40000000,18.16397000,1696492799999,501214.97208640,326,10.11476000,279070.32108670,0
1696492800000,27605.83000000,27669.44000000,27596.04000000,27650.70000000,6.29697000,1696496399999,173941.55240050,239,3.60294000,99487.26257220,0
1696496400000,27647.91000000,27725.15000000,27637.92000000,27684.21000000,8.76227000,1696499999999,242586.41254910,226,4.44208000,122984.90184920,0
1696500000000,27686.82000000,27749.03000000,27661.95000000,27734.89000000,10.50477000,1696503599999,290951.03186580,285,4.93557000,136691.45338840,0
1696503600000,27746.01000000,27770.27000000,27705.46000000,27731.79000000,18.32211000,1696507199999,508184.40515720,286,10.07213000,279315.39936120,0
1696507200000,27729.21000000,27773.87000000,27681.17000000,27729.46000000,16.65916000,1696510799999,461737.75279240,365,6.60253000,183002.72528830,0
1696510800000,27729.39000000,28099.99000000,27728.11000000,28005.47000000,46.38036000,1696514399999,1296188.44696070,1103,21.97324000,613808.14445050,0
1696514400000,28004.26000000,28129.57000000,27936.23000000,27975.40000000,36.47710000,1696517999999,1021860.72061210,939,12.74679000,357235.84166110,0
1696518000000,27968.15000000,27977.41000000,27412.58000000,27563.90000000,42.57339000,1696521599999,1179144.88467440,1098,17.44156000,482886.25437870,0
1696521600000,27561.81000000,27618.97000000,27381.20000000,27454.71000000,41.49286000,1696525199999,1139708.94848820,931,20.77211000,570571.76794810,0
1696525200000,27451.74000000,27542.89000000,27361.06000000,27483.85000000,22.65983000,1696528799999,622357.92735630,660,13.17589000,361841.19066690,0
1696528800000,27494.02000000,27542.47000000,27422.03000000,27497.39000000,24.72790000,1696532399999,679648.88024390,604,11.75906000,323131.24919050,0
1696532400000,27491.78000000,27529.00000000,27436.33000000,27475.59000000,9.97175000,1696535999999,274192.43064310,347,3.10001000,85206.72118720,0
1696536000000,27480.76000000,27507.41000000,27414.92000000,27476.10000000,8.28710000,1696539599999,227655.31944710,297,4.39381000,120673.95464360,0
1696539600000,27480.32000000,27510.44000000,27455.28000000,27455.28000000,3.31871000,1696543199999,91178.19657110,178,2.50551000,68833.50977840,0
1696543200000,27454.34000000,27473.12000000,27390.93000000,27440.63000000,5.43066000,1696546799999,148962.68861510,285,3.96388000,108744.67888480,0
1696546800000,27440.63000000,27468.46000000,27405.56000000,27412.69000000,6.92789000,1696550399999,190062.14487150,242,4.48831000,123114.47809260,0
1696550400000,27414.24000000,27474.14000000,27397.42000000,27463.93000000,18.54459000,1696553999999,508952.68845360,303,1.88137000,51615.42206530,0
1696554000000,27461.54000000,27541.78000000,27460.73000000,27516.89000000,7.65698000,1696557599999,210572.91622150,249,4.19065000,115224.60479450,0
1696557600000,27524.65000000,27594.15000000,27519.55000000,27542.73000000,7.66701000,1696561199999,211317.55048380,284,3.02798000,83448.85016570,0
1696561200000,27549.80000000,27579.34000000,27535.50000000,27566.02000000,2.63967000,1696564799999,72743.38122900,151,0.78160000,21537.12531800,0
1696564800000,27563.32000000,27567.32000000,27494.88000000,27529.33000000,3.93383000,1696568399999,108285.68368750,172,1.31218000,36115.66722830,0
1696568400000,27532.60000000,27536.95000000,27481.71000000,27500.59000000,2.99142000,1696571999999,82279.38167770,186,1.34382000,36957.00167720,0
1696572000000,27505.31000000,27523.38000000,27465.18000000,27495.80000000,2.50914000,1696575599999,69003.00313970,163,1.26486000,34774.88440850,0
1696575600000,27495.22000000,27653.89000000,27491.70000000,27642.36000000,14.42477000,1696579199999,397896.88821690,423,7.42684000,204847.28637320,0
1696579200000,27646.77000000,27671.74000000,27610.30000000,27625.06000000,11.43871000,1696582799999,316131.15266200,302,6.32639000,174846.80809840,0
1696582800000,27627.72000000,27713.96000000,27596.10000000,27707.72000000,16.62488000,1696586399999,459329.46172900,299,11.12859000,307325.24582190,0
1696586400000,27698.71000000,27803.97000000,27673.97000000,27679.16000000,16.03175000,1696589999999,444842.54776660,478,8.05343000,223495.54425840,0
1696590000000,27679.05000000,27774.92000000,27627.62000000,27762.97000000,9.91251000,1696593599999,274544.44988860,369,3.97408000,110084.99922110,0
1696593600000,27767.23000000,27769.60000000,27206.71000000,27254.82000000,33.81218000,1696597199999,928485.12612930,941,15.71429000,431366.61399470,0
1696597200000,27256.55000000,27700.39000000,27185.64000000,27521.35000000,33.90657000,1696600799999,930519.29874360,960,22.14787000,607842.77524600,0
1696600800000,27529.32000000,27707.02000000,27473.13000000,27678.87000000,18.59649000,1696604399999,513761.69358070,651,7.16062000,197716.05901310,0
1696604400000,27672.24000000,28049.13000000,27637.44000000,27951.17000000,36.10612000,1696607999999,1006389.87734160,1213,11.78851000,328618.95493400,0
1696608000000,27954.47000000,28028.61000000,27808.32000000,27884.62000000,34.69230000,1696611599999,968857.76149340,910,8.61143000,240394.98859980,0
1696611600000,27884.14000000,28011.67000000,27799.05000000,27975.99000000,14.47629000,1696615199999,404026.64481370,586,4.19049000,116920.58802240,0
1696615200000,27969.42000000,28005.81000000,27878.25000000,27916.37000000,16.21277000,1696618799999,452940.68662380,624,3.39638000,94847.99205740,0
1696618800000,27899.71000000,28047.73000000,27889.80000000,27963.45000000,21.18930000,1696622399999,592795.20155950,554,5.60581000,156772.99462810,0
1696622400000,27963.46000000,28031.12000000,27910.48000000,27988.55000000,15.15340000,1696625999999,423820.29596090,555,3.09568000,86560.12696590,0
1696626000000,27986.63000000,28294.46000000,27945.08000000,28057.21000000,22.12833000,1696629599999,622644.60003310,588,12.37167000,348154.65145820,0
1696629600000,28055.74000000,28144.96000000,27973.15000000,27994.27000000,11.90252000,1696633199999,334179.88112030,377,5.72459000,160738.12323980,0
1696633200000,27984.69000000,27991.13000000,27876.22000000,27949.00000000,8.03102000,1696636799999,224305.51052660,311,4.44516000,124176.63748280,0
1696636800000,27949.70000000,27966.27000000,27853.74000000,27921.83000000,6.40280000,1696640399999,178667.41275030,265,2.97281000,82948.70512330,0
1696640400000,27927.17000000,27965.38000000,27887.91000000,27911.09000000,3.57801000,1696643999999,99906.86241620,211,0.82940000,23156.07546440,0
1696644000000,27914.13000000,27934.73000000,27886.58000000,27897.42000000,3.21511000,1696647599999,89745.31006700,194,1.18399000,33037.95950470,0
1696647600000,27899.30000000,27956.87000000,27886.18000000,27915.97000000,4.55705000,1696651199999,127239.49769680,196,1.64165000,45835.54134220,0
1696651200000,27915.88000000,27949.20000000,27914.65000000,27928.69000000,1.87571000,1696654799999,52398.08332230,123,0.91228000,25482.18414700,0
1696654800000,27927.49000000,27955.12000000,27903.38000000,27918.24000000,3.91182000,1696658399999,109260.85505660,185,2.30085000,64254.37735520,0
1696658400000,27906.69000000,27928.63000000,27891.24000000,27911.60000000,8.42628000,1696661999999,235209.32914640,410,4.77142000,133191.58992420,0
1696662000000,27902.70000000,27931.61000000,27901.82000000,27901.82000000,2.42403000,1696665599999,67662.63400010,115,0.69116000,19293.04082720,0
1696665600000,27904.25000000,28027.05000000,27894.70000000,28019.45000000,5.44327000,1696669199999,152234.44310660,234,3.55983000,99553.55326420,0
1696669200000,28029.95000000,28034.95000000,27947.73000000,27964.00000000,5.36718000,1696672799999,150189.65954410,181,1.84680000,51682.74019690,0
1696672800000,27964.23000000,27975.69000000,27944.34000000,27965.60000000,2.45536000,1696676399999,68652.13003890,125,1.97646000,55264.66909210,0
1696676400000,27962.48000000,28027.84000000,27949.81000000,27952.55000000,5.06766000,1696679999999,141868.68079980,223,2.81471000,78804.84049640,0
1696680000000,27957.58000000,27999.89000000,27957.58000000,27982.04000000,3.72753000,1696683599999,104275.25711640,203,0.83964000,23487.37232750,0
1696683600000,27971.78000000,27998.99000000,27907.93000000,27951.13000000,6.25794000,1696687199999,174972.82137010,198,2.64860000,74091.70151020,0
1696687200000,27953.63000000,27969.60000000,27930.94000000,27968.11000000,3.20341000,1696690799999,89542.47560940,148,1.56578000,43768.96693210,0
1696690800000,27968.11000000,27984.84000000,27919.79000000,27953.64000000,6.25831000,1696694399999,174946.90493950,245,2.31476000,64724.77941180,0
1696694400000,27957.62000000,27981.59000000,27949.04000000,27958.61000000,1.73446000,1696697999999,48500.14454660,132,0.77587000,21692.83665460,0
1696698000000,27958.05000000,27977.25000000,27920.34000000,27950.75000000,4.04793000,1696701599999,113173.55190470,205,0.92082000,25739.53014870,0
1696701600000,27952.47000000,27962.78000000,27883.50000000,27898.57000000,5.15726000,1696705199999,143939.77764880,213,1.62810000,45444.75535890,0
1696705200000,27914.68000000,27935.92000000,27868.43000000,27871.24000000,5.58132000,1696708799999,155700.41017640,192,2.33767000,65217.99442100,0
1696708800000,27876.06000000,27941.09000000,27871.61000000,27932.48000000,4.27135000,1696712399999,119187.33382220,151,1.58720000,44263.08023590,0
1696712400000,27939.61000000,27976.24000000,27929.33000000,27949.00000000,4.55076000,1696715999999,127203.94171460,102,3.74784000,104766.50452150,0
1696716000000,27948.99000000,27972.41000000,27940.39000000,27971.66000000,3.75687000,1696719599999,105044.38843150,123,0.69738000,19497.36535540,0
1696719600000,27969.45000000,27980.00000000,27960.50000000,27969.65000000,2.73986000,1696723199999,76641.62414800,105,1.83358000,51290.42855190,0
1696723200000,27971.08000000,27999.47000000,27967.26000000,27985.89000000,3.66721000,1696726799999,102647.20437390,127,0.94331000,26395.49898330,0
1696726800000,27982.66000000,28037.17000000,27955.74000000,28026.75000000,5.64011000,1696730399999,157987.97199950,171,3.38675000,94881.06052060,0
1696730400000,28036.94000000,28110.58000000,27999.44000000,28029.76000000,4.98951000,1696733999999,139923.49068380,200,2.00315000,56193.59229860,0
1696734000000,28034.58000000,28107.34000000,28017.47000000,28083.88000000,3.84809000,1696737599999,107996.04157320,184,1.60039000,44888.05559070,0
1696737600000,28089.97000000,28094.00000000,27944.57000000,27953.94000000,5.11104000,1696741199999,143061.47009910,212,1.51680000,42431.89096050,0
1696741200000,27947.83000000,27963.13000000,27884.12000000,27962.62000000,7.27210000,1696744799999,203126.96244100,223,2.41176000,67373.01402160,0
1696744800000,27955.00000000,27972.43000000,27904.17000000,27916.70000000,3.47513000,1696748399999,97107.62116190,129,1.68968000,47210.00469700,0
1696748400000,27908.03000000,27937.96000000,27900.02000000,27922.21000000,2.00108000,1696751999999,55874.39827380,101,1.40145000,39127.15836240,0
1696752000000,27922.21000000,27956.76000000,27889.47000000,27930.81000000,4.20073000,1696755599999,117302.62427610,144,1.12759000,31495.59520480,0
1696755600000,27930.80000000,27954.55000000,27861.42000000,27897.21000000,7.27869000,1696759199999,203131.66365550,210,2.71823000,75878.73419510,0
1696759200000,27893.02000000,27914.06000000,27801.48000000,27830.20000000,3.53301000,1696762799999,98376.51255440,187,1.03645000,28854.08804560,0
1696762800000,27827.79000000,27869.59000000,27816.90000000,27826.18000000,5.04098000,1696766399999,140402.40459860,140,1.07676000,29985.04843040,0
1696766400000,27823.17000000,27887.99000000,27817.67000000,27826.91000000,10.86786000,1696769999999,302778.99463470,250,5.79493000,161465.35982730,0
1696770000000,27827.55000000,28012.47000000,27711.19000000,27934.18000000,24.64451000,1696773599999,686621.25176570,539,11.22670000,313125.69934520,0
1696773600000,27929.58000000,27988.92000000,27889.46000000,27953.47000000,4.64098000,1696777199999,129659.59581180,239,2.26723000,63342.26151980,0
1696777200000,27947.75000000,27967.01000000,27898.93000000,27910.63000000,4.18708000,1696780799999,116953.61550390,166,1.52851000,42678.69860450,0
1696780800000,27910.63000000,27956.05000000,27886.36000000,27926.35000000,43.98895000,1696784399999,1229208.95859030,1751,12.72394000,355410.85564240,0
1696784400000,27930.78000000,27963.51000000,27893.75000000,27895.08000000,3.61428000,1696787999999,100891.25767220,146,2.06230000,57560.29236520,0
1696788000000,27892.92000000,27892.92000000,27825.63000000,27889.38000000,6.44996000,1696791599999,179712.75485190,241,3.23442000,90126.29285750,0
1696791600000,27893.13000000,27934.31000000,27893.13000000,27908.87000000,7.27074000,1696795199999,202937.36812530,231,5.02815000,140336.47453480,0
1696795200000,27908.86000000,27946.45000000,27891.01000000,27922.93000000,3.02828000,1696798799999,84538.39312870,265,1.35228000,37743.08593750,0
1696798800000,27921.08000000,27996.79000000,27906.15000000,27940.66000000,7.12045000,1696802399999,199024.36254950,362,4.54161000,126914.87703730,0
1696802400000,27927.79000000,27952.12000000,27816.58000000,27932.97000000,5.13740000,1696805999999,143238.40856200,251,1.91856000,53521.58180400,0
1696806000000,27932.96000000,27956.31000000,27908.96000000,27934.94000000,2.57313000,1696809599999,71891.32637320,134,0.88322000,24675.85681610,0
1696809600000,27932.95000000,27934.08000000,27819.57000000,27837.00000000,15.92789000,1696813199999,444035.33726880,596,4.55557000,126944.02670750,0
1696813200000,27835.96000000,27998.46000000,27810.77000000,27964.60000000,9.45748000,1696816799999,264208.19418300,276,5.67990000,158662.27438270,0
1696816800000,27983.48000000,27996.83000000,27932.91000000,27952.50000000,7.99174000,1696820399999,223444.68931170,326,3.53876000,98937.63699630,0
1696820400000,27952.51000000,27974.58000000,27928.84000000,27931.77000000,1.93178000,1696823999999,53996.38378980,139,1.35740000,37942.71492990,0
1696824000000,27938.88000000,27960.41000000,27938.66000000,27944.09000000,1.78559000,1696827599999,49899.27646420,71,0.96864000,27067.88720720,0
1696827600000,27943.37000000,27945.07000000,27875.88000000,27875.88000000,1.50594000,1696831199999,42025.52097790,132,0.32412000,9045.51694290,0
1696831200000,27875.88000000,27925.90000000,27868.91000000,27914.04000000,6.13074000,1696834799999,171046.45531760,186,2.01988000,56342.07077150,0
1696834800000,27911.18000000,27918.75000000,27824.26000000,27836.90000000,12.16677000,1696838399999,338923.41608360,275,3.87210000,107890.84477990,0
1696838400000,27824.25000000,27848.04000000,27728.47000000,27753.55000000,15.94441000,1696841999999,443073.20995210,423,4.46533000,124095.71739250,0
1696842000000,27752.50000000,27801.31000000,27450.00000000,27548.75000000,38.24272000,1696845599999,1056035.32718710,897,19.78417000,546032.61931990,0
1696845600000,27550.45000000,27614.60000000,27480.18000000,27534.76000000,25.78669000,1696849199999,710060.85504370,603,10.67297000,293857.73191010,0
1696849200000,27538.91000000,27538.91000000,27407.91000000,27471.58000000,49.47742000,1696852799999,1359721.63589410,773,38.44102000,1056478.96610540,0
1696852800000,27463.84000000,27551.27000000,27390.60000000,27438.20000000,26.49157000,1696856399999,727579.89527370,598,13.47723000,370151.57766770,0
1696856400000,27438.19000000,27532.03000000,27380.01000000,27521.23000000,15.20209000,1696859999999,417350.64751580,480,8.75659000,240430.10477350,0
1696860000000,27521.22000000,27577.17000000,27466.88000000,27501.31000000,18.59533000,1696863599999,511686.67232290,424,9.16444000,252197.70550870,0
1696863600000,27501.19000000,27550.25000000,27442.89000000,27442.89000000,24.12351000,1696867199999,663223.98668710,466,14.21078000,390703.53255080,0
1696867200000,27449.53000000,27552.59000000,27270.57000000,27405.44000000,52.44125000,1696870799999,1436629.15967130,1110,23.88287000,654323.98019140,0
1696870800000,27409.79000000,27595.43000000,27354.67000000,27595.43000000,29.63194000,1696874399999,815114.95426030,579,15.63251000,430172.89659390,0
1696874400000,27598.89000000,27743.16000000,27570.13000000,27570.13000000,22.08367000,1696877999999,610603.26948450,609,11.86613000,328069.27319420,0
1696878000000,27564.57000000,27647.83000000,27545.59000000,27613.18000000,27.76518000,1696881599999,766305.22326290,495,4.76920000,131592.45941710,0
1696881600000,27614.64000000,27657.68000000,27562.48000000,27576.95000000,7.03545000,1696885199999,194277.43276850,280,2.14763000,59280.24434950,0
1696885200000,27576.65000000,27644.63000000,27564.04000000,27629.91000000,6.02571000,1696888799999,166333.37794650,213,4.34006000,119784.29933730,0
1696888800000,27611.75000000,27643.28000000,27581.67000000,27601.09000000,4.85402000,1696892399999,133984.33050490,149,1.61595000,44607.27950670,0
1696892400000,27593.69000000,27621.89000000,27576.98000000,27593.50000000,4.14495000,1696895999999,114362.51931220,118,2.25137000,62118.91771400,0
1696896000000,27594.85000000,27638.80000000,27555.00000000,27556.45000000,10.72784000,1696899599999,296062.77838790,245,4.32682000,119395.98727330,0
1696899600000,27557.48000000,27616.02000000,27506.79000000,27605.66000000,10.18901000,1696903199999,280796.23721520,219,4.26469000,117526.99431970,0
1696903200000,27600.90000000,27712.07000000,27578.14000000,27695.46000000,13.32057000,1696906799999,367857.04086940,427,4.23226000,116953.02672030,0
1696906800000,27684.13000000,27684.13000000,27634.79000000,27638.45000000,3.19800000,1696910399999,88424.99520590,148,1.29801000,35890.40804950,0
1696910400000,27635.41000000,27635.41000000,27590.59000000,27606.69000000,7.07693000,1696913999999,195382.42430250,196,2.55567000,70558.82849310,0
1696914000000,27605.96000000,27615.69000000,27578.01000000,27612.76000000,9.98496000,1696917599999,275580.60606510,238,0.61526000,16977.64241080,0
1696917600000,27612.77000000,27661.69000000,27612.77000000,27657.73000000,14.99695000,1696921199999,414541.10838320,391,5.76050000,159232.90876850,0
1696921200000,27659.55000000,27707.95000000,27644.32000000,27652.63000000,14.49563000,1696924799999,401128.98879240,351,3.54977000,98217.64705500,0
1696924800000,27652.62000000,27736.71000000,27643.14000000,27678.88000000,11.50398000,1696928399999,318453.04369450,280,2.06018000,57043.31451760,0
1696928400000,27681.84000000,27681.84000000,27645.68000000,27663.94000000,5.36631000,1696931999999,148455.73448470,286,1.80176000,49837.45822850,0
1696932000000,27668.00000000,27679.70000000,27605.46000000,27614.02000000,7.39635000,1696935599999,204434.67504140,211,3.83017000,105855.54521470,0
1696935600000,27616.21000000,27620.00000000,27508.49000000,27508.49000000,18.85533000,1696939199999,519956.59258260,374,6.44749000,177775.42795810,0
1696939200000,27507.23000000,27535.13000000,27406.34000000,27423.87000000,20.85215000,1696942799999,573116.44145180,446,7.38725000,202959.91934570,0
1696942800000,27425.77000000,27480.58000000,27347.41000000,27391.63000000,19.61010000,1696946399999,537550.37563010,564,12.42616000,340657.64349840,0
1696946400000,27398.56000000,27627.12000000,27367.79000000,27448.50000000,30.48753000,1696949999999,838065.08301070,814,19.48894000,535507.31473300,0
1696950000000,27433.95000000,27478.04000000,27351.30000000,27412.42000000,16.22100000,1696953599999,444585.60775730,478,8.66361000,237413.66072300,0
1696953600000,27410.02000000,27514.06000000,27345.96000000,27441.85000000,20.69009000,1696957199999,567588.52891010,527,9.49586000,260462.81114620,0
1696957200000,27438.54000000,27459.10000000,27343.78000000,27364.73000000,19.34910000,1696960799999,529762.20190290,545,8.43911000,231071.83420430,0
1696960800000,27371.52000000,27395.79000000,27294.97000000,27355.02000000,12.23856000,1696964399999,334735.65268660,396,5.16886000,141337.79121520,0
1696964400000,27355.85000000,27414.22000000,27321.57000000,27395.52000000,12.45155000,1696967999999,340876.87979260,382,8.52005000,233214.00802020,0
1696968000000,27394.92000000,27429.30000000,27325.47000000,27402.16000000,10.59794000,1696971599999,290191.01256490,313,6.68213000,182982.16191850,0
1696971600000,27405.01000000,27471.09000000,27380.89000000,27429.75000000,6.83121000,1696975199999,187455.90521660,212,3.77810000,103683.59415310,0
1696975200000,27428.78000000,27473.81000000,27428.71000000,27450.87000000,3.57026000,1696978799999,98017.93372590,147,2.01018000,55178.22747660,0
1696978800000,27450.82000000,27462.08000000,27385.39000000,27390.51000000,4.18808000,1696982399999,114904.62113100,140,1.93080000,52976.88167000,0
1696982400000,27390.50000000,27480.08000000,27389.59000000,27466.41000000,4.27708000,1696985999999,117328.72942730,248,2.66233000,73055.09557450,0
1696986000000,27468.69000000,27477.05000000,27421.78000000,27440.52000000,4.38017000,1696989599999,120186.47255940,156,2.73941000,75154.96332520,0
1696989600000,27441.97000000,27441.97000000,27055.09000000,27122.86000000,27.46622000,1696993199999,747318.01482340,689,8.49875000,231097.10559570,0
1696993200000,27120.02000000,27160.25000000,27015.09000000,27016.16000000,54.22771000,1696996799999,1467211.68901670,793,12.59050000,340775.60491410,0
1696996800000,27015.15000000,27132.73000000,26980.00000000,27132.73000000,11.59504000,1697000399999,313986.06932110,382,6.75200000,182885.73999710,0
1697000400000,27125.06000000,27144.70000000,27063.04000000,27118.40000000,8.13855000,1697003999999,220535.99515290,243,3.44668000,93378.48699120,0
1697004000000,27124.44000000,27124.44000000,27062.34000000,27065.71000000,7.24923000,1697007599999,196351.60685260,259,3.17386000,85975.65117240,0
1697007600000,27072.83000000,27100.84000000,27019.39000000,27019.72000000,25.60450000,1697011199999,692893.94201570,578,19.41314000,525349.06085310,0
1697011200000,27020.76000000,27114.40000000,27017.43000000,27104.25000000,16.43992000,1697014799999,445071.79101530,430,13.45145000,364209.98323790,0
1697014800000,27108.39000000,27289.51000000,27089.75000000,27289.51000000,20.48529000,1697018399999,556474.16717910,591,14.56455000,395606.90183140,0
1697018400000,27283.87000000,27330.68000000,27220.32000000,27279.46000000,12.42476000,1697021999999,338889.55506830,343,5.94489000,162150.99803300,0
1697022000000,27284.47000000,27295.89000000,27174.86000000,27194.38000000,10.45977000,1697025599999,284604.95192840,313,3.93636000,107107.98945400,0
1697025600000,27198.72000000,27263.55000000,27047.80000000,27166.83000000,21.11626000,1697029199999,573471.77112940,501,8.58885000,233293.78370500,0
1697029200000,27172.37000000,27187.33000000,27075.28000000,27142.16000000,10.67968000,1697032799999,289592.78815130,349,3.95858000,107306.80012970,0
1697032800000,27146.10000000,27165.83000000,27034.04000000,27084.12000000,11.10536000,1697036399999,300764.76679510,325,6.96679000,188666.45333560,0
1697036400000,27091.04000000,27105.95000000,26744.46000000,26783.03000000,58.30360000,1697039999999,1568684.71524000,1534,24.26529000,651674.87286430,0
1697040000000,26784.60000000,26790.57000000,26597.48000000,26684.35000000,38.22490000,1697043599999,1020973.14304730,1223,24.10540000,643922.77649170,0
1697043600000,26677.17000000,26710.81000000,26529.30000000,26626.84000000,46.29393000,1697047199999,1232850.50078200,997,20.78991000,553539.84471590,0
1697047200000,26623.12000000,26703.68000000,26579.15000000,26680.05000000,23.47372000,1697050799999,625078.94171740,591,8.50457000,226459.22949640,0
1697050800000,26681.05000000,26786.03000000,26670.98000000,26755.94000000,13.78000000,1697054399999,368222.04654880,375,6.74852000,180290.77755890,0
1697054400000,26755.95000000,26770.54000000,26685.61000000,26719.99000000,15.90586000,1697057999999,424920.87130180,406,8.05789000,215271.99752280,0
1697058000000,26716.11000000,26758.84000000,26672.99000000,26721.49000000,10.61389000,1697061599999,283429.84577540,282,4.57788000,122248.88299910,0
1697061600000,26721.50000000,26796.63000000,26711.79000000,26779.62000000,10.56379000,1697065199999,282594.32594670,270,6.68852000,178870.81952320,0
1697065200000,26778.01000000,26877.43000000,26745.89000000,26868.87000000,10.08430000,1697068799999,270460.98705840,260,5.45090000,146212.18866680,0
1697068800000,26863.24000000,26881.68000000,26792.32000000,26800.29000000,7.30347000,1697072399999,195956.82791950,262,3.39500000,91085.10462720,0
1697072400000,26798.76000000,26799.80000000,26731.95000000,26774.30000000,5.48945000,1697075999999,146876.28658010,211,3.79573000,101542.79928200,0
1697076000000,26771.27000000,26938.40000000,26748.10000000,26898.08000000,9.98623000,1697079599999,267989.10917120,274,5.56321000,149318.29240940,0
1697079600000,26896.93000000,26909.96000000,26820.43000000,26840.05000000,6.48877000,1697083199999,174242.30908880,207,1.60976000,43237.01904120,0
1697083200000,26838.73000000,26841.54000000,26807.94000000,26814.48000000,3.39895000,1697086799999,91177.91539200,224,1.47497000,39562.96937160,0
1697086800000,26814.48000000,26865.00000000,26776.07000000,26865.00000000,6.59329000,1697090399999,176816.20696030,328,2.83423000,76001.99615710,0
1697090400000,26871.48000000,26912.87000000,26831.96000000,26865.62000000,6.88491000,1697093999999,185081.32440410,291,3.41338000,91763.85613740,0
1697094000000,26865.46000000,26869.71000000,26800.01000000,26807.73000000,11.31238000,1697097599999,303633.51681170,302,4.65073000,124845.04545270,0
1697097600000,26809.06000000,26816.69000000,26765.50000000,26792.35000000,9.21698000,1697101199999,246935.64943060,291,4.93621000,132241.11876310,0
1697101200000,26790.76000000,26813.91000000,26653.58000000,26725.82000000,23.60798000,1697104799999,631344.32857340,518,7.53173000,201351.73499150,0
1697104800000,26740.08000000,26773.46000000,26727.17000000,26748.91000000,7.40853000,1697108399999,198181.78619510,258,3.72469000,99626.65527250,0
1697108400000,26750.62000000,26857.87000000,26716.77000000,26829.39000000,7.73243000,1697111999999,207033.76099860,198,4.16191000,111445.74240030,0
1697112000000,26831.07000000,26851.02000000,26750.40000000,26822.19000000,11.97048000,1697115599999,320885.02742750,377,5.07558000,136045.97497870,0
1697115600000,26820.61000000,26858.36000000,26678.32000000,26755.68000000,11.41052000,1697119199999,305436.62691230,371,5.36601000,143607.66093840,0
1697119200000,26748.29000000,26762.35000000,26626.49000000,26688.97000000,17.79226000,1697122799999,474816.22801140,502,7.42708000,198213.13381180,0
1697122800000,26688.93000000,26720.08000000,26615.48000000,26660.03000000,11.66986000,1697126399999,311247.07820840,381,6.36118000,169700.06537400,0
1697126400000,26667.68000000,26789.73000000,26569.00000000,26656.77000000,25.73989000,1697129999999,686810.18713890,568,11.80397000,315072.09235090,0
1697130000000,26662.33000000,26681.30000000,26542.12000000,26626.83000000,14.48382000,1697133599999,385347.46374700,539,8.30281000,220869.43599820,0
1697133600000,26632.01000000,26718.98000000,26583.33000000,26646.13000000,10.99319000,1697137199999,292968.11241010,293,4.86802000,129722.89384260,0
1697137200000,26642.92000000,26728.87000000,26618.68000000,26702.98000000,6.84829000,1697140799999,182674.20604370,246,4.32592000,115369.20812510,0
1697140800000,26695.40000000,26748.51000000,26695.40000000,26732.07000000,5.87137000,1697144399999,156934.49713630,229,2.77976000,74297.37689890,0
1697144400000,26737.00000000,26754.93000000,26701.26000000,26750.15000000,6.09329000,1697147999999,162804.27690710,158,1.55069000,41443.01153770,0
1697148000000,26751.51000000,26764.38000000,26720.52000000,26744.35000000,3.00585000,1697151599999,80362.50787320,131,1.78658000,47760.65269830,0
1697151600000,26736.33000000,26757.21000000,26696.05000000,26751.89000000,8.32930000,1697155199999,222561.55245010,193,3.22888000,86294.01637810,0
1697155200000,26748.19000000,26853.70000000,26742.99000000,26817.04000000,10.90007000,1697158799999,292316.87943100,385,4.21457000,113017.68369290,0
1697158800000,26822.28000000,26866.84000000,26784.35000000,26784.35000000,5.43578000,1697162399999,145824.79827470,208,3.04092000,81588.85327700,0
1697162400000,26787.27000000,26801.46000000,26770.38000000,26801.05000000,13.59272000,1697165999999,364095.47108790,222,8.60018000,230380.26812940,0
1697166000000,26801.44000000,26823.36000000,26762.45000000,26774.77000000,3.02577000,1697169599999,81046.51840010,145,1.79979000,48208.70654800,0
1697169600000,26774.78000000,26797.31000000,26769.24000000,26793.34000000,2.85437000,1697173199999,76454.26482620,107,2.11997000,56782.63700410,0
1697173200000,26794.57000000,26815.56000000,26772.71000000,26812.02000000,3.12662000,1697176799999,83782.90450180,139,1.84063000,49328.76904710,0
1697176800000,26812.90000000,26847.42000000,26792.76000000,26795.82000000,4.05557000,1697180399999,108736.15385710,134,2.80236000,75122.70925710,0
1697180400000,26801.48000000,26928.13000000,26801.48000000,26863.17000000,8.44409000,1697183999999,226950.43502300,335,4.92011000,132231.65592820,0
1697184000000,26863.47000000,26892.25000000,26783.99000000,26786.98000000,7.31010000,1697187599999,196027.30137950,363,2.70417000,72523.58177550,0
1697187600000,26786.97000000,26814.60000000,26718.72000000,26726.16000000,7.54712000,1697191199999,202012.51363140,276,4.35658000,116637.76496860,0
1697191200000,26727.59000000,26776.23000000,26727.59000000,26764.61000000,4.77008000,1697194799999,127637.20903400,161,3.34715000,89555.59956430,0
1697194800000,26766.76000000,26842.62000000,26766.76000000,26808.07000000,4.69923000,1697198399999,125972.79880160,176,3.38406000,90709.56140790,0
1697198400000,26819.82000000,26930.94000000,26759.28000000,26913.60000000,11.15349000,1697201999999,299563.59875190,344,6.39803000,171812.06227780,0
1697202000000,26925.10000000,26950.00000000,26822.34000000,26842.70000000,14.17567000,1697205599999,380816.72485750,475,4.71345000,126649.95638990,0
1697205600000,26830.81000000,26841.25000000,26731.05000000,26749.33000000,13.52457000,1697209199999,362407.76649460,462,4.83907000,129660.42986730,0
1697209200000,26746.62000000,26771.32000000,26676.59000000,26697.34000000,10.02408000,1697212799999,267851.03716580,422,7.25023000,193741.35758940,0
1697212800000,26695.45000000,26799.55000000,26691.51000000,26781.94000000,11.96589000,1697216399999,320276.35756870,322,7.62766000,204115.31094350,0
1697216400000,26790.34000000,26790.34000000,26673.09000000,26763.92000000,15.21917000,1697219999999,406899.18914240,391,8.08460000,216146.08631080,0
1697220000000,26755.86000000,26779.71000000,26720.55000000,26737.73000000,3.51436000,1697223599999,93983.96018250,162,2.68351000,71750.26325810,0
1697223600000,26731.03000000,26771.72000000,26713.19000000,26771.34000000,6.46510000,1697227199999,172960.53857650,214,2.96902000,79431.55752000,0
1697227200000,26767.27000000,27053.63000000,26738.26000000,26971.22000000,24.32305000,1697230799999,654018.68106980,449,12.91043000,346932.79619540,0
1697230800000,26975.27000000,27120.47000000,26840.20000000,27009.81000000,50.24282000,1697234399999,1356823.10488620,923,28.29616000,764443.51024940,0
1697234400000,27009.81000000,27074.23000000,26751.28000000,26820.62000000,25.57056000,1697237999999,688193.45322880,852,7.66442000,206609.68622880,0
1697238000000,26825.79000000,26860.08000000,26760.86000000,26859.55000000,8.07330000,1697241599999,216484.92568770,377,4.35488000,116788.61302810,0
1697241600000,26860.18000000,26902.32000000,26847.36000000,26888.12000000,3.29052000,1697245199999,88407.96357040,200,1.07187000,28798.00487260,0
1697245200000,26887.08000000,26925.42000000,26841.46000000,26911.85000000,2.06400000,1697248799999,55495.63101930,122,1.08719000,29218.32491030,0
1697248800000,26911.86000000,26928.76000000,26885.29000000,26903.14000000,4.91001000,1697252399999,132084.60155600,227,2.93545000,78969.19866720,0
1697252400000,26902.94000000,26982.58000000,26902.94000000,26929.66000000,6.54215000,1697255999999,176316.05563250,252,3.83933000,103479.28975430,0
1697256000000,26929.66000000,26932.88000000,26901.85000000,26902.06000000,2.91209000,1697259599999,78389.60751060,140,1.31519000,35396.71120730,0
1697259600000,26904.55000000,26938.07000000,26884.03000000,26884.03000000,2.33289000,1697263199999,62782.55848800,117,1.01956000,27433.78588600,0
1697263200000,26886.23000000,26896.22000000,26854.08000000,26861.66000000,4.11088000,1697266799999,110460.23898370,182,1.32906000,35714.93534890,0
1697266800000,26859.05000000,26871.87000000,26841.45000000,26863.13000000,3.56028000,1697270399999,95632.27017210,134,1.36894000,36774.44213100,0
1697270400000,26869.17000000,26879.35000000,26847.85000000,26863.04000000,4.68290000,1697273999999,125779.40113790,165,3.42737000,92051.58653200,0
1697274000000,26870.62000000,26880.43000000,26868.96000000,26874.42000000,1.57473000,1697277599999,42318.42039690,85,0.72179000,19396.17061390,0
1697277600000,26882.77000000,26900.92000000,26866.01000000,26877.98000000,2.64177000,1697281199999,71023.58196760,100,1.45992000,39251.17541820,0
1697281200000,26876.87000000,26876.88000000,26849.05000000,26869.62000000,2.97554000,1697284799999,79920.69675390,147,0.30886000,8296.72678560,0
1697284800000,26871.07000000,26894.54000000,26850.00000000,26891.48000000,3.49799000,1697288399999,93954.94246530,156,1.19218000,32024.09775390,0
1697288400000,26891.49000000,26910.19000000,26882.44000000,26908.71000000,5.86073000,1697291999999,157638.88143760,228,2.60878000,70179.64267290,0
1697292000000,26907.46000000,26907.46000000,26869.50000000,26882.82000000,3.27090000,1697295599999,87952.41211830,291,0.82129000,22079.45915290,0
1697295600000,26885.55000000,26943.63000000,26878.32000000,26941.65000000,6.83103000,1697299199999,183776.25067680,352,3.95238000,106327.79600150,0
1697299200000,26940.14000000,26948.75000000,26902.92000000,26926.64000000,7.56826000,1697302799999,203730.33793560,321,2.78002000,74836.30864610,0
1697302800000,26926.64000000,26926.64000000,26886.33000000,26889.14000000,6.44300000,1697306399999,173355.71741690,262,1.86327000,50146.47908830,0
1697306400000,26888.26000000,26891.02000000,26868.87000000,26871.10000000,1.92180000,1697309999999,51655.72006580,153,0.54674000,14695.22071250,0
1697310000000,26871.68000000,26880.44000000,26850.00000000,26864.75000000,7.02697000,1697313599999,188794.44487570,265,2.87141000,77148.83030810,0
1697313600000,26864.23000000,26864.40000000,26821.78000000,26846.20000000,6.26143000,1697317199999,168082.58794240,215,1.43770000,38589.41981130,0
1697317200000,26846.20000000,26881.48000000,26790.96000000,26822.93000000,5.25355000,1697320799999,140928.20180480,204,1.43697000,38553.42676580,0
1697320800000,26822.92000000,26854.55000000,26822.92000000,26848.63000000,3.15488000,1697324399999,84674.03106910,156,1.76724000,47422.82615500,0
1697324400000,26849.71000000,26868.77000000,26849.50000000,26852.97000000,2.58153000,1697327999999,69338.94294650,112,1.40771000,37811.13329420,0
1697328000000,26853.82000000,26855.55000000,26814.96000000,26845.00000000,3.25241000,1697331599999,87276.74609100,163,2.10095000,56373.30193660,0
1697331600000,26848.07000000,26908.99000000,26846.03000000,26888.91000000,1.41966000,1697335199999,38146.42480090,90,0.44490000,11954.54713420,0
1697335200000,26891.55000000,26903.54000000,26871.93000000,26881.55000000,4.18123000,1697338799999,112398.77468500,153,2.46239000,66193.57955030,0
1697338800000,26886.10000000,26907.75000000,26872.70000000,26878.97000000,3.93068000,1697342399999,105692.43151870,151,1.79907000,48370.52216600,0
1697342400000,26888.76000000,26888.76000000,26870.54000000,26883.63000000,1.89558000,1697345999999,50945.37557660,59,1.43996000,38698.93151790,0
1697346000000,26882.09000000,26883.20000000,26877.08000000,26882.08000000,0.59079000,1697349599999,15881.28574540,44,0.20311000,5460.06758460,0
1697349600000,26880.35000000,26880.42000000,26872.37000000,26879.30000000,0.77052000,1697353199999,20709.91039210,120,0.17012000,4572.55084280,0
1697353200000,26878.80000000,26880.40000000,26873.57000000,26878.34000000,1.23162000,1697356799999,33102.16938400,67,0.73171000,19665.50680450,0
1697356800000,26886.67000000,26908.68000000,26882.17000000,26906.11000000,3.23199000,1697360399999,86925.19160930,114,2.30135000,61892.33802960,0
1697360400000,26903.98000000,26921.03000000,26897.96000000,26899.99000000,4.19805000,1697363999999,112953.88660110,159,1.94081000,52214.10233930,0
1697364000000,26901.36000000,26901.36000000,26895.74000000,26900.60000000,2.29358000,1697367599999,61695.73527980,121,1.30113000,34998.13492130,0
1697367600000,26896.25000000,26896.25000000,26845.64000000,26855.00000000,2.02499000,1697371199999,54403.05252750,203,0.61615000,16550.39713320,0
1697371200000,26854.98000000,26854.98000000,26825.54000000,26840.47000000,2.14144000,1697374799999,57469.16837430,130,1.21764000,32676.17362010,0
1697374800000,26837.98000000,26963.54000000,26807.76000000,26863.40000000,25.17234000,1697378399999,676772.71862180,586,11.69471000,314469.31826680,0
1697378400000,26859.31000000,26914.34000000,26859.31000000,26873.81000000,2.52887000,1697381999999,67996.04597140,142,0.98941000,26595.09535260,0
1697382000000,26873.81000000,26908.76000000,26853.86000000,26899.47000000,3.29523000,1697385599999,88605.48278150,134,1.09802000,29517.86584300,0
1697385600000,26899.32000000,26929.70000000,26892.20000000,26929.09000000,3.27480000,1697389199999,88116.33767800,158,0.71410000,19214.91884250,0
1697389200000,26928.16000000,27014.57000000,26923.82000000,26972.85000000,10.16938000,1697392799999,274239.95522000,290,6.84048000,184480.52037170,0
1697392800000,26982.20000000,27061.57000000,26956.78000000,27057.26000000,6.88780000,1697396399999,186019.61915820,205,3.44626000,93087.68522970,0
1697396400000,27057.30000000,27080.09000000,26986.95000000,27044.23000000,6.66379000,1697399999999,180167.47900630,209,3.63008000,98127.78347070,0
1697400000000,27044.95000000,27229.93000000,27015.29000000,27206.29000000,34.65120000,1697403599999,940895.29198920,702,22.00363000,597690.22366300,0
1697403600000,27205.17000000,27229.39000000,27087.52000000,27182.30000000,14.28651000,1697407199999,387946.29091010,426,6.32094000,171709.32671500,0
1697407200000,27189.40000000,27294.02000000,27076.04000000,27109.55000000,21.23520000,1697410799999,577802.39134140,617,5.49682000,149511.17299650,0
1697410800000,27100.91000000,27161.03000000,27042.49000000,27155.95000000,11.86837000,1697414399999,321379.21201350,454,4.45972000,120769.57350210,0
1697414400000,27158.02000000,27197.34000000,27115.98000000,27150.26000000,10.48354000,1697417999999,284706.06379590,485,2.14220000,58178.07838270,0
1697418000000,27151.48000000,27281.94000000,27147.66000000,27199.08000000,5.88650000,1697421599999,160254.11159920,251,1.91835000,52219.19816320,0
1697421600000,27199.09000000,27287.81000000,27183.71000000,27192.37000000,12.42883000,1697425199999,338526.28560350,292,7.65473000,208497.18692010,0
1697425200000,27197.89000000,27239.72000000,27166.01000000,27235.64000000,81.60033000,1697428799999,2219992.34783350,729,43.78096000,1190972.77070630,0
1697428800000,27239.28000000,27280.40000000,27196.99000000,27254.85000000,8.97653000,1697432399999,244505.31511590,265,1.65171000,44973.97053030,0
1697432400000,27254.18000000,27973.78000000,27254.18000000,27916.60000000,141.97827000,1697435999999,3941463.65187450,2524,71.77069000,1990750.57995200,0
1697436000000,27923.99000000,27973.13000000,27788.93000000,27820.42000000,49.50555000,1697439599999,1380343.58690340,1293,8.09645000,225773.99029910,0
1697439600000,27815.74000000,27927.27000000,27807.56000000,27856.50000000,75.07421000,1697443199999,2093255.65722840,1429,10.99112000,306334.84597000,0
1697443200000,27855.80000000,27908.25000000,27815.85000000,27815.88000000,24.42762000,1697446799999,680713.87151710,518,4.88423000,136098.86091250,0
1697446800000,27815.77000000,27815.77000000,27650.01000000,27770.69000000,131.05517000,1697450399999,3633042.05901160,3638,18.12869000,502431.29827520,0
1697450400000,27775.15000000,27796.79000000,27699.37000000,27776.77000000,13.86501000,1697453999999,384935.55750430,357,3.27660000,90928.04382630,0
1697454000000,27776.77000000,27782.37000000,27684.32000000,27757.68000000,8.83416000,1697457599999,245058.22382610,282,3.87692000,107542.18572510,0
1697457600000,27757.38000000,27895.37000000,27714.87000000,27891.04000000,25.32179000,1697461199999,704436.23311060,685,6.37559000,177336.71496510,0
1697461200000,27901.12000000,30075.99000000,27750.00000000,28002.53000000,313.05129000,1697464799999,8972872.40627720,5938,172.01465000,4942158.39983000,0
1697464800000,28010.54000000,28380.07000000,27891.75000000,28189.99000000,55.49016000,1697468399999,1560947.26736750,1306,26.82705000,754314.47028920,0
1697468400000,28200.00000000,28225.24000000,28037.88000000,28065.35000000,27.38771000,1697471999999,770038.66326090,649,11.02990000,310022.51617170,0
1697472000000,28070.64000000,28183.99000000,28070.64000000,28094.04000000,32.07269000,1697475599999,901741.80985110,639,11.25629000,316405.86144930,0
1697475600000,28093.00000000,28253.23000000,28093.00000000,28248.24000000,29.50497000,1697479199999,831654.95613920,709,10.87944000,306679.38717210,0
1697479200000,28240.19000000,28603.86000000,28240.19000000,28567.65000000,61.11323000,1697482799999,1735635.93123510,1212,25.10398000,713158.74599980,0
1697482800000,28562.02000000,28820.89000000,28402.94000000,28463.91000000,42.72774000,1697486399999,1223259.03355660,1202,16.84965000,482320.58052540,0
1697486400000,28484.60000000,28650.98000000,28335.80000000,28406.76000000,21.52136000,1697489999999,613196.79408090,616,8.59891000,245017.30115270,0
1697490000000,28417.71000000,28467.96000000,28241.18000000,28439.33000000,20.02819000,1697493599999,568047.21076430,521,7.34613000,208396.79093520,0
1697493600000,28449.73000000,28578.11000000,28399.73000000,28525.87000000,9.16770000,1697497199999,261165.68255590,356,3.24329000,92399.68215640,0
1697497200000,28521.33000000,28557.95000000,28451.28000000,28515.43000000,20.80331000,1697500799999,592961.02255250,500,9.60351000,273683.97954630,0
1697500800000,28512.66000000,28564.15000000,28247.32000000,28296.91000000,44.12888000,1697504399999,1254338.20778260,907,12.59548000,357613.77791240,0
1697504400000,28292.42000000,28441.67000000,28288.42000000,28367.44000000,10.40270000,1697507999999,295008.53213010,336,3.71369000,105303.01109530,0
1697508000000,28349.36000000,28403.86000000,28307.17000000,28384.21000000,9.24432000,1697511599999,262170.38560910,287,1.70155000,48245.83945770,0
1697511600000,28381.23000000,28387.02000000,28259.80000000,28281.55000000,9.21039000,1697515199999,260760.71471820,285,0.78939000,22353.56025430,0
1697515200000,28280.41000000,28280.41000000,28075.00000000,28193.79000000,17.39787000,1697518799999,490204.26789890,481,6.01318000,169359.17669020,0
1697518800000,28197.92000000,28238.87000000,28156.23000000,28230.84000000,6.92600000,1697522399999,195317.92870490,197,3.29762000,93017.63324900,0
1697522400000,28228.60000000,28253.86000000,28132.10000000,28246.89000000,12.57015000,1697525999999,354243.57194930,318,5.74493000,161873.78785500,0
1697526000000,28241.57000000,28477.65000000,28219.02000000,28427.67000000,14.64408000,1697529599999,414618.18984060,503,5.44688000,154255.90732890,0
1697529600000,28439.02000000,28530.86000000,28363.40000000,28468.65000000,23.72969000,1697533199999,675032.98104050,561,12.72221000,361886.22264600,0
1697533200000,28453.72000000,28489.33000000,28378.50000000,28457.54000000,11.38262000,1697536799999,323644.32748030,353,4.77027000,135687.37638370,0
1697536800000,28456.94000000,28615.83000000,28418.43000000,28519.73000000,19.91416000,1697540399999,567900.29280790,541,11.34329000,323507.38524210,0
1697540400000,28513.13000000,28540.60000000,28431.59000000,28432.61000000,10.63365000,1697543999999,302813.01391460,365,4.92823000,140319.93355700,0
1697544000000,28432.62000000,28481.82000000,28198.14000000,28235.72000000,31.20215000,1697547599999,884152.02899320,951,11.48288000,325301.09680230,0
1697547600000,28230.51000000,28407.49000000,28153.64000000,28311.01000000,48.16543000,1697551199999,1361809.32150990,1263,17.46674000,493855.37847810,0
1697551200000,28311.21000000,28530.79000000,28289.83000000,28476.47000000,42.79227000,1697554799999,1216232.05293710,1297,8.24718000,234524.11254660,0
1697554800000,28481.67000000,28587.28000000,28448.43000000,28482.59000000,25.00324000,1697558399999,713169.88603930,788,9.82184000,280132.47377490,0
1697558400000,28472.48000000,28624.45000000,28440.30000000,28602.64000000,32.54547000,1697561999999,929097.05863060,833,9.51632000,271333.44489240,0
1697562000000,28603.71000000,28628.46000000,28379.11000000,28440.39000000,25.24210000,1697565599999,718668.49882190,723,9.69257000,275832.95187020,0
1697565600000,28442.04000000,28505.27000000,28328.23000000,28370.50000000,20.86161000,1697569199999,592964.71585530,497,5.12471000,145641.85325630,0
1697569200000,28375.01000000,28529.32000000,28366.94000000,28525.41000000,16.94080000,1697572799999,481812.29572850,531,6.24621000,177649.83220220,0
1697572800000,28528.67000000,28554.15000000,28454.56000000,28455.33000000,15.26211000,1697576399999,435173.51023990,421,6.45150000,183947.21916040,0
1697576400000,28450.62000000,28567.74000000,28420.84000000,28496.15000000,11.53186000,1697579999999,328663.62248470,259,4.83325000,137802.59435260,0
1697580000000,28495.34000000,28497.11000000,28386.50000000,28429.76000000,13.01077000,1697583599999,370092.36791900,347,4.12026000,117172.62487280,0
1697583600000,28429.76000000,28458.12000000,28399.00000000,28405.72000000,3.64082000,1697587199999,103515.34544730,193,1.13303000,32208.90124620,0
1697587200000,28405.72000000,28450.24000000,28336.65000000,28388.69000000,12.24323000,1697590799999,347720.96469810,447,2.60969000,74066.36890810,0
1697590800000,28388.70000000,28430.52000000,28334.80000000,28366.02000000,5.81413000,1697594399999,164976.68548910,295,2.02459000,57443.69201250,0
1697594400000,28366.03000000,28522.97000000,28366.03000000,28482.37000000,7.21951000,1697597999999,205368.56249480,477,2.17500000,61889.76245000,0
1697598000000,28487.16000000,28532.85000000,28459.66000000,28526.18000000,5.56650000,1697601599999,158626.00831720,202,1.83837000,52406.20564770,0
1697601600000,28526.18000000,28984.27000000,28458.21000000,28724.15000000,48.36916000,1697605199999,1387633.05521200,1071,17.68238000,508169.34484310,0
1697605200000,28760.87000000,28866.88000000,28650.38000000,28702.11000000,45.83641000,1697608799999,1317244.82011160,1004,23.43836000,673428.42127790,0
1697608800000,28705.87000000,28755.07000000,28629.89000000,28684.38000000,9.80518000,1697612399999,281388.33765780,342,6.72677000,193067.94047030,0
1697612400000,28680.58000000,28680.58000000,28494.26000000,28505.21000000,14.53068000,1697615999999,415180.24988070,512,6.13669000,175318.69933290,0
1697616000000,28502.28000000,28572.07000000,28481.61000000,28567.17000000,18.72966000,1697619599999,534510.79435840,383,12.57801000,358935.28782530,0
1697619600000,28568.57000000,28607.41000000,28255.22000000,28271.09000000,63.76398000,1697623199999,1820399.72654300,1005,24.29407000,693749.12594270,0
1697623200000,28277.98000000,28426.51000000,28270.53000000,28384.84000000,22.35286000,1697626799999,634268.08354730,635,8.24577000,233923.84553700,0
1697626800000,28386.25000000,28430.55000000,28343.91000000,28355.95000000,13.46653000,1697630399999,382358.20767090,324,9.52865000,270602.34243640,0
1697630400000,28355.27000000,28419.04000000,28295.35000000,28344.61000000,16.53082000,1697633999999,468730.41783800,474,5.70040000,161649.30439290,0
1697634000000,28334.37000000,28396.55000000,28274.84000000,28350.52000000,15.43506000,1697637599999,437549.05994580,490,6.25651000,177376.35542680,0
1697637600000,28311.58000000,28376.51000000,28154.86000000,28201.72000000,34.11424000,1697641199999,963563.21589080,783,16.00606000,452028.54102590,0
1697641200000,28200.01000000,28290.93000000,28166.01000000,28257.52000000,21.42523000,1697644799999,605121.82554070,488,10.52257000,297073.77400390,0
1697644800000,28255.83000000,28409.00000000,28234.09000000,28356.86000000,58.95673000,1697648399999,1670043.63663270,845,17.70957000,501787.75238180,0
1697648400000,28355.95000000,28450.00000000,28337.92000000,28338.71000000,29.10620000,1697651999999,826695.72460170,542,17.07935000,484983.66527320,0
1697652000000,28336.17000000,28376.87000000,28290.99000000,28308.28000000,17.27010000,1697655599999,489312.48895370,352,5.36379000,151980.42694920,0
1697655600000,28302.77000000,28347.62000000,28250.41000000,28254.16000000,15.16923000,1697659199999,429029.59522070,439,5.93792000,167945.47635780,0
1697659200000,28253.76000000,28310.29000000,28181.42000000,28260.57000000,13.36481000,1697662799999,377583.57604750,386,4.87593000,137757.65736050,0
1697662800000,28258.75000000,28293.12000000,28225.36000000,28276.25000000,10.58625000,1697666399999,299241.18189140,308,3.73849000,105619.23097680,0
1697666400000,28275.72000000,28350.45000000,28251.73000000,28349.42000000,7.19855000,1697669999999,203826.56994540,200,5.09530000,144280.15838800,0
1697670000000,28351.08000000,28378.20000000,28310.74000000,28327.15000000,10.47033000,1697673599999,296708.03523000,290,3.31213000,93857.51985320,0
1697673600000,28327.15000000,28399.97000000,28299.30000000,28399.97000000,12.98849000,1697677199999,368077.58817370,382,6.23351000,176717.82800830,0
1697677200000,28391.84000000,28423.64000000,28130.44000000,28249.45000000,39.89232000,1697680799999,1128278.82833110,831,13.09458000,370180.69535040,0
1697680800000,28239.26000000,28275.01000000,28180.00000000,28213.91000000,23.94526000,1697684399999,675654.09641970,431,12.61466000,355930.30133310,0
1697684400000,28217.51000000,28271.92000000,28209.16000000,28262.53000000,8.73291000,1697687999999,246690.51711340,235,4.06754000,114909.05398540,0
1697688000000,28262.26000000,28296.18000000,28237.53000000,28290.38000000,8.04548000,1697691599999,227394.02977020,206,4.25250000,120178.47310680,0
1697691600000,28288.80000000,28353.46000000,28280.99000000,28313.10000000,7.82813000,1697695199999,221732.40688400,218,4.53682000,128488.91909470,0
1697695200000,28314.72000000,28329.12000000,28281.70000000,28296.86000000,8.76243000,1697698799999,248028.46710320,220,2.43792000,68985.06170980,0
1697698800000,28295.95000000,28348.35000000,28248.98000000,28338.53000000,10.09805000,1697702399999,285697.20945270,339,3.34687000,94659.07986320,0
1697702400000,28337.64000000,28384.77000000,28311.78000000,28341.34000000,14.08696000,1697705999999,399346.39326030,390,4.46715000,126648.87998770,0
1697706000000,28331.33000000,28419.92000000,28290.49000000,28409.38000000,12.48495000,1697709599999,354199.29692580,340,4.95021000,140390.44683840,0
1697709600000,28410.55000000,28525.16000000,28389.54000000,28479.49000000,27.68640000,1697713199999,787838.10363240,645,11.33094000,322414.79838580,0
1697713200000,28489.98000000,28501.92000000,28411.84000000,28453.35000000,9.79191000,1697716799999,278491.57524330,345,4.43462000,126116.67510340,0
1697716800000,28455.57000000,28588.24000000,28426.55000000,28485.83000000,39.37631000,1697720399999,1122342.37307770,1070,14.72682000,419732.96418060,0
1697720400000,28483.18000000,28596.90000000,28438.99000000,28491.52000000,37.80475000,1697723999999,1078164.77224410,1179,12.90537000,368145.94789670,0
1697724000000,28492.07000000,28759.48000000,28455.32000000,28687.68000000,61.75597000,1697727599999,1765401.82644250,1582,22.16317000,633926.81622780,0
1697727600000,28690.84000000,28841.46000000,28582.77000000,28692.73000000,75.70967000,1697731199999,2172469.26493260,1639,21.77792000,625531.18537420,0
1697731200000,28689.94000000,28943.65000000,28619.11000000,28635.44000000,61.19927000,1697734799999,1758718.47666710,1531,23.37603000,671853.92087280,0
1697734800000,28633.86000000,28708.81000000,28474.35000000,28558.78000000,55.34317000,1697738399999,1583489.88852680,1226,16.12693000,461417.56010610,0
1697738400000,28558.79000000,28713.11000000,28535.50000000,28664.40000000,38.87839000,1697741999999,1113557.93770890,1065,14.58968000,417876.26291010,0
1697742000000,28657.25000000,28785.68000000,28657.25000000,28772.17000000,15.67243000,1697745599999,450285.40152500,493,5.97190000,171536.92854370,0
1697745600000,28767.58000000,28892.22000000,28701.90000000,28723.04000000,55.59721000,1697749199999,1600253.31889990,1277,16.53871000,476287.31142800,0
1697749200000,28723.04000000,28750.14000000,28618.70000000,28618.70000000,23.41048000,1697752799999,671083.29974890,1008,5.65014000,162015.56288600,0
1697752800000,28616.61000000,28725.48000000,28613.79000000,28664.31000000,13.76495000,1697756399999,394680.65587350,513,4.80806000,137759.31829220,0
1697756400000,28657.26000000,28734.81000000,28644.19000000,28730.92000000,11.61384000,1697759999999,333266.72076760,493,2.60192000,74632.20792620,0
1697760000000,28733.29000000,28790.64000000,28651.29000000,28661.56000000,11.30731000,1697763599999,324756.95553010,408,4.17216000,119850.78208140,0
1697763600000,28655.80000000,28673.73000000,28595.85000000,28673.73000000,13.06347000,1697767199999,374062.42730680,358,7.06392000,202286.96183190,0
1697767200000,28666.58000000,29200.00000000,28656.63000000,28991.81000000,54.40453000,1697770799999,1573979.82524240,1139,33.97504000,982535.58626720,0
1697770800000,28999.11000000,29417.44000000,28932.45000000,29243.11000000,272.46226000,1697774399999,7941280.19892290,3698,51.89787000,1513531.62352050,0
1697774400000,29249.73000000,29367.41000000,29188.91000000,29330.58000000,46.11851000,1697777999999,1349944.04337820,938,22.60741000,661814.66208310,0
1697778000000,29335.58000000,29346.34000000,29136.91000000,29234.18000000,64.30916000,1697781599999,1878270.25864870,1131,46.53889000,1359097.90633510,0
1697781600000,29234.17000000,29300.00000000,29195.02000000,29300.00000000,18.15361000,1697785199999,531022.79361250,456,8.39082000,245344.70255270,0
1697785200000,29299.16000000,29428.64000000,29240.99000000,29258.60000000,40.65870000,1697788799999,1191822.31573520,1005,13.96083000,409347.01927060,0
1697788800000,29258.92000000,29860.00000000,29244.95000000,29751.33000000,76.40627000,1697792399999,2264580.69264910,1795,44.47466000,1317826.51531230,0
1697792400000,29753.29000000,29873.10000000,29671.52000000,29819.53000000,64.12622000,1697795999999,1909399.97135380,1290,38.49011000,1146336.10931370,0
1697796000000,29815.87000000,30250.00000000,29789.16000000,29867.29000000,108.25767000,1697799599999,3244215.34212900,2196,58.56849000,1755612.49406050,0
1697799600000,29867.31000000,30058.61000000,29821.05000000,29860.18000000,82.95571000,1697803199999,2484455.86027790,1735,38.93616000,1165826.07267740,0
1697803200000,29860.63000000,29932.78000000,29409.33000000,29539.77000000,115.46525000,1697806799999,3422640.93236460,2378,51.36801000,1522536.92734300,0
1697806800000,29530.88000000,29685.88000000,29483.80000000,29671.98000000,83.94779000,1697810399999,2482856.99704300,1835,34.74775000,1028282.14632300,0
1697810400000,29672.71000000,29751.72000000,29441.00000000,29616.10000000,75.19522000,1697813999999,2224883.68810750,1547,32.43639000,959639.40411110,0
1697814000000,29608.93000000,29616.62000000,29492.73000000,29559.49000000,35.08232000,1697817599999,1036930.86641000,1041,17.67136000,522233.13817010,0
1697817600000,29555.46000000,29600.73000000,29452.68000000,29505.58000000,30.85388000,1697821199999,911284.47115770,688,16.12955000,476306.24944040,0
1697821200000,29505.58000000,29535.24000000,29334.87000000,29526.37000000,49.66361000,1697824799999,1462809.30043030,901,24.43843000,719782.50445410,0
1697824800000,29525.25000000,29568.09000000,29479.72000000,29501.12000000,21.34737000,1697828399999,630210.42486210,576,10.12436000,298867.80338400,0
1697828400000,29498.32000000,29579.27000000,29415.61000000,29570.61000000,29.65882000,1697831999999,874908.75517530,658,15.06905000,444409.77740100,0
1697832000000,29577.67000000,29656.47000000,29528.20000000,29599.70000000,51.49362000,1697835599999,1524243.04596070,939,21.02954000,622305.27345600,0
1697835600000,29596.80000000,29656.49000000,29589.97000000,29626.17000000,12.31842000,1697839199999,365031.91326960,326,3.16888000,93881.29672100,0
1697839200000,29627.33000000,29693.11000000,29605.87000000,29685.31000000,17.66566000,1697842799999,523693.22769350,376,6.75692000,200280.48803740,0
1697842800000,29679.07000000,29804.64000000,29665.73000000,29686.24000000,29.49417000,1697846399999,876822.93034990,628,13.46820000,400394.29599780,0
1697846400000,29686.24000000,29705.17000000,29605.68000000,29635.50000000,8.31042000,1697849999999,246423.65434870,256,3.54164000,105028.55614750,0
1697850000000,29636.78000000,29650.34000000,29529.84000000,29547.37000000,8.14977000,1697853599999,241111.02786910,204,4.02356000,119015.40419110,0
1697853600000,29545.02000000,29556.34000000,29481.21000000,29494.23000000,6.39615000,1697857199999,188779.38507560,244,2.78263000,82130.47952790,0
1697857200000,29500.82000000,29635.78000000,29478.21000000,29613.98000000,10.63692000,1697860799999,314534.54595660,270,6.32174000,186897.33944880,0
1697860800000,29619.89000000,29641.02000000,29567.02000000,29568.20000000,5.99582000,1697864399999,177452.78348930,181,1.97488000,58450.33573940,0
1697864400000,29568.25000000,29599.40000000,29554.31000000,29584.28000000,4.69222000,1697867999999,138750.73652740,137,2.43270000,71921.19485670,0
1697868000000,29592.15000000,29742.69000000,29592.15000000,29714.87000000,12.58671000,1697871599999,373735.85848960,362,9.14411000,271521.43057590,0
1697871600000,29714.86000000,29737.65000000,29667.50000000,29711.62000000,5.40225000,1697875199999,160452.96916620,231,3.62558000,107674.40589430,0
1697875200000,29709.75000000,29730.51000000,29670.71000000,29673.77000000,20.35348000,1697878799999,604644.26527460,300,15.76216000,468280.68004520,0
1697878800000,29676.86000000,29872.38000000,29649.04000000,29850.60000000,19.00104000,1697882399999,565104.49407760,447,12.05988000,358643.76698190,0
1697882400000,29849.76000000,29884.60000000,29764.64000000,29781.72000000,19.40197000,1697885999999,578185.39141580,413,13.01600000,387830.30427000,0
1697886000000,29782.97000000,29858.99000000,29773.58000000,29815.43000000,11.55143000,1697889599999,344445.01335010,364,5.12237000,152736.09471650,0
1697889600000,29822.54000000,29836.74000000,29757.13000000,29777.81000000,11.11063000,1697893199999,330998.01726670,327,5.17250000,154075.53708990,0
1697893200000,29778.35000000,29808.40000000,29695.36000000,29789.38000000,21.86459000,1697896799999,650715.81569200,513,11.84359000,352411.81159030,0
1697896800000,29785.31000000,29921.18000000,29764.94000000,29899.47000000,33.26924000,1697900399999,992798.07018450,733,18.83396000,561953.21329950,0
1697900400000,29889.52000000,29983.07000000,29788.30000000,29946.76000000,43.46891000,1697903999999,1299598.81163420,965,23.49403000,702370.36484600,0
1697904000000,29944.26000000,29965.90000000,29859.08000000,29880.32000000,24.15216000,1697907599999,722689.53666980,590,12.27329000,367214.15036140,0
1697907600000,29880.32000000,30184.99000000,29862.16000000,30161.35000000,43.17210000,1697911199999,1297257.05683990,1018,24.13690000,725305.63562420,0
1697911200000,30157.55000000,30393.05000000,29973.48000000,30215.54000000,71.04659000,1697914799999,2140217.65722700,1505,33.19912000,1000315.54328510,0
1697914800000,30220.47000000,30290.99000000,30044.94000000,30175.88000000,29.32023000,1697918399999,883967.34180680,926,14.01857000,422652.15803600,0
1697918400000,30164.38000000,30172.02000000,29948.05000000,30024.86000000,29.47158000,1697921999999,885519.44337430,821,10.87631000,326785.00850680,0
1697922000000,30030.08000000,30073.54000000,29991.00000000,29998.64000000,9.04563000,1697925599999,271625.30318090,300,3.85820000,115839.94906130,0
1697925600000,30000.08000000,30048.65000000,29958.86000000,30017.10000000,9.41213000,1697929199999,282422.79492860,310,4.44444000,133338.52191930,0
1697929200000,30010.68000000,30010.68000000,29861.66000000,29922.17000000,11.93038000,1697932799999,357115.65785930,378,4.21004000,126004.19059350,0
1697932800000,29924.46000000,30014.01000000,29903.68000000,29982.72000000,11.30784000,1697936399999,338751.60630930,325,5.76303000,172623.30691160,0
1697936400000,29988.88000000,30084.89000000,29875.92000000,29947.60000000,44.88366000,1697939999999,1346712.52445030,673,9.53090000,285882.00406950,0
1697940000000,29943.55000000,29943.55000000,29854.94000000,29878.48000000,5.61947000,1697943599999,167959.85808740,232,1.62466000,48567.34878610,0
1697943600000,29878.48000000,29929.22000000,29860.62000000,29917.11000000,3.97595000,1697947199999,118836.69290830,167,1.88800000,56452.88044370,0
1697947200000,29917.01000000,30012.98000000,29911.98000000,29972.14000000,5.39742000,1697950799999,161726.78784310,215,2.37056000,71015.67146960,0
1697950800000,29971.05000000,30285.35000000,29971.05000000,30134.60000000,49.31201000,1697954399999,1483588.15601830,853,33.32008000,1002416.29361530,0
1697954400000,30131.48000000,30231.78000000,30077.20000000,30092.86000000,20.96652000,1697957999999,631795.46340820,643,12.05493000,363287.04295370,0
1697958000000,30092.76000000,30092.76000000,29671.70000000,29838.34000000,36.06892000,1697961599999,1077968.43305990,1020,12.80617000,382383.38930860,0
1697961600000,29835.46000000,29901.55000000,29799.86000000,29855.25000000,13.19306000,1697965199999,393887.19626280,465,5.97187000,178274.56109450,0
1697965200000,29846.22000000,30005.04000000,29835.83000000,29898.68000000,11.72638000,1697968799999,351100.78524380,418,5.67581000,169899.11848330,0
1697968800000,29901.68000000,29966.06000000,29882.76000000,29921.68000000,8.92318000,1697972399999,267028.81124720,249,4.79690000,143558.84252030,0
1697972400000,29915.21000000,29952.54000000,29839.49000000,29926.35000000,5.95301000,1697975999999,177988.62029190,320,2.56502000,76674.55247620,0
1697976000000,29927.92000000,29968.56000000,29901.70000000,29909.72000000,6.79863000,1697979599999,203545.19779860,272,2.46234000,73704.85637720,0
1697979600000,29904.59000000,29991.69000000,29902.19000000,29959.81000000,7.65700000,1697983199999,229269.69445030,237,5.98481000,179195.92239140,0
1697983200000,29963.22000000,29964.49000000,29801.00000000,29891.12000000,14.58175000,1697986799999,435766.82471410,436,5.39760000,161238.04825040,0
1697986800000,29887.43000000,29894.30000000,29802.09000000,29842.34000000,7.04163000,1697990399999,210226.84888210,278,3.56393000,106391.54643710,0
1697990400000,29843.47000000,29900.99000000,29823.57000000,29882.36000000,11.46293000,1697993999999,342387.71093530,403,7.10687000,212300.46226090,0
1697994000000,29883.13000000,29957.99000000,29883.13000000,29928.54000000,11.40689000,1697997599999,341366.68450780,334,7.92317000,237100.13123230,0
1697997600000,29928.17000000,29947.47000000,29901.00000000,29901.00000000,2.03397000,1698001199999,60852.16227260,137,1.02806000,30756.60759180,0
1698001200000,29901.00000000,29944.49000000,29836.63000000,29860.88000000,8.52623000,1698004799999,254901.27241480,263,6.19839000,185293.65194280,0
1698004800000,29860.89000000,29895.93000000,29839.31000000,29855.82000000,9.33996000,1698008399999,278952.96706460,284,3.37906000,100943.69295730,0
1698008400000,29855.65000000,29859.20000000,29728.32000000,29771.56000000,6.58637000,1698011999999,196371.23796060,264,3.46809000,103422.61331030,0
1698012000000,29764.05000000,30064.20000000,29725.91000000,30045.58000000,23.90810000,1698015599999,715795.49611950,708,15.35840000,459723.07458800,0
1698015600000,30051.37000000,30058.29000000,29926.20000000,30002.43000000,14.25680000,1698019199999,427443.04004460,569,9.39812000,281782.39393160,0
1698019200000,30002.55000000,30190.30000000,29892.89000000,30129.81000000,26.62164000,1698022799999,799180.77432490,812,13.59223000,408276.96788710,0
1698022800000,30128.53000000,30629.00000000,30088.98000000,30360.60000000,89.25607000,1698026399999,2708963.32106670,1987,48.63245000,1476260.43394040,0
1698026400000,30354.50000000,30413.85000000,30191.43000000,30383.30000000,35.59650000,1698029999999,1079041.35843220,848,21.19992000,642604.06272870,0
1698030000000,30383.42000000,30810.00000000,30296.65000000,30738.91000000,71.54190000,1698033599999,2189538.98496100,1404,41.16814000,1258685.01837820,0
1698033600000,30750.00000000,30869.41000000,30573.84000000,30669.46000000,164.25215000,1698037199999,5052599.70455470,6279,39.41717000,1210149.56708800,0
1698037200000,30669.47000000,30950.00000000,30601.17000000,30799.44000000,66.43262000,1698040799999,2048258.52821270,1493,30.19812000,931148.26603370,0
1698040800000,30801.94000000,30999.00000000,30682.38000000,30682.38000000,60.36849000,1698044399999,1860690.44419310,1561,24.71522000,762065.80533020,0
1698044400000,30682.96000000,30770.26000000,30437.38000000,30530.05000000,37.66816000,1698047999999,1153938.41585730,1105,20.83055000,637965.17804140,0
1698048000000,30527.39000000,30727.36000000,30473.17000000,30708.90000000,28.18657000,1698051599999,861488.07103070,885,16.63684000,508495.05306440,0
1698051600000,30701.21000000,30710.37000000,30370.87000000,30488.08000000,28.34888000,1698055199999,865032.56353440,1076,13.98571000,426704.72014550,0
1698055200000,30488.08000000,30586.15000000,30484.32000000,30567.21000000,14.22876000,1698058799999,434468.76838500,484,8.41879000,257046.19905860,0
1698058800000,30568.83000000,30782.02000000,30561.57000000,30661.92000000,28.00504000,1698062399999,858381.35375540,704,15.68616000,480825.36834040,0
1698062400000,30665.17000000,30764.19000000,30593.75000000,30672.65000000,29.26180000,1698065999999,897293.56217690,850,14.74100000,451909.32376580,0
1698066000000,30672.57000000,30719.52000000,30401.56000000,30614.41000000,45.84812000,1698069599999,1401156.65503700,1202,22.36702000,683381.75436040,0
1698069600000,30615.18000000,30857.28000000,30600.33000000,30786.04000000,47.43944000,1698073199999,1457663.05415360,1268,20.51310000,630452.31258310,0
1698073200000,30793.35000000,30981.71000000,30769.54000000,30897.71000000,61.67559000,1698076799999,1904062.40311820,1504,29.10429000,898681.21028800,0
1698076800000,30897.84000000,31310.42000000,30802.81000000,31239.43000000,172.42590000,1698080399999,5354400.12102190,2359,43.50081000,1348792.72059920,0
1698080400000,31232.05000000,31330.23000000,30822.80000000,31005.55000000,61.76004000,1698083999999,1921871.88537300,1650,37.60909000,1170980.60333950,0
1698084000000,31005.08000000,31203.85000000,30686.76000000,31185.64000000,85.55163000,1698087599999,2650452.25049810,1798,38.45535000,1191289.28409180,0
1698087600000,31193.79000000,31437.80000000,31102.05000000,31368.56000000,93.94861000,1698091199999,2938621.47634380,2202,46.76263000,1462660.63891660,0
1698091200000,31366.58000000,31850.00000000,31336.67000000,31531.62000000,89.14161000,1698094799999,2818671.44310970,2204,48.20558000,1523958.80100210,0
1698094800000,31538.85000000,31672.44000000,31439.03000000,31634.04000000,31.55590000,1698098399999,996051.37191410,895,14.46410000,456560.84823710,0
1698098400000,31647.73000000,35141.15000000,31615.05000000,33363.03000000,218.14699000,1698101999999,7214215.68171650,5932,110.31235000,3636707.34446310,0
1698102000000,33363.00000000,33562.40000000,32556.14000000,33071.98000000,172.40163000,1698105599999,5689079.17306650,4995,77.73492000,2569929.18198030,0
1698105600000,33083.09000000,33773.56000000,32849.00000000,33541.60000000,139.87121000,1698109199999,4662245.51145710,3690,71.88468000,2398089.79058790,0
1698109200000,33534.39000000,34200.47000000,33485.79000000,34200.47000000,115.28933000,1698112799999,3897120.66002960,2952,69.53039000,2351210.57909980,0
1698112800000,34180.53000000,35254.05000000,34135.91000000,34578.89000000,127.32461000,1698116399999,4417900.31475260,4460,60.61782000,2103310.15033370,0
1698116400000,34578.89000000,34741.02000000,34041.60000000,34073.29000000,111.63138000,1698119999999,3848531.63711170,3113,73.31761000,2527236.57383200,0
1698120000000,34058.52000000,34537.71000000,34037.17000000,34373.53000000,65.09230000,1698123599999,2237001.66456510,2077,37.07360000,1273592.24090660,0
1698123600000,34394.52000000,34584.60000000,33800.01000000,33900.79000000,66.12025000,1698127199999,2269464.78017850,1966,39.00604000,1339273.32401970,0
1698127200000,33907.20000000,34120.92000000,33800.00000000,33971.10000000,94.33941000,1698130799999,3206543.79450900,2526,54.84294000,1864478.43650800,0
1698130800000,33978.24000000,34023.11000000,33692.97000000,34008.99000000,112.53654000,1698134399999,3814825.52286470,2431,24.96840000,846735.22737300,0
1698134400000,34009.61000000,34214.80000000,33947.51000000,34138.02000000,68.90271000,1698137999999,2347393.17596940,1505,29.96753000,1021173.84906350,0
1698138000000,34108.69000000,34494.45000000,34053.21000000,34335.28000000,48.11171000,1698141599999,1650714.32396850,1236,26.05952000,894067.24950870,0
1698141600000,34349.35000000,34475.87000000,34267.41000000,34455.41000000,35.69919000,1698145199999,1227552.35036420,960,18.01638000,619400.13986170,0
1698145200000,34455.43000000,34875.29000000,34431.04000000,34547.89000000,95.40228000,1698148799999,3302827.06057880,2179,49.97501000,1730875.67697430,0
1698148800000,34545.87000000,34866.28000000,34463.81000000,34578.88000000,64.28619000,1698152399999,2226999.55913450,1572,32.19015000,1115200.55659500,0
1698152400000,34584.72000000,34600.02000000,34137.78000000,34447.03000000,63.38640000,1698155999999,2181962.39512020,1474,28.11033000,967624.62256660,0
1698156000000,34431.39000000,34463.80000000,34047.10000000,34431.61000000,63.12132000,1698159599999,2164658.44064100,1569,35.26414000,1209597.04826230,0
1698159600000,34424.78000000,34598.10000000,33252.45000000,33675.08000000,189.59740000,1698163199999,6410398.13374340,3455,94.19100000,3185085.70071190,0
1698163200000,33673.41000000,34378.64000000,33498.87000000,33934.29000000,50.68254000,1698166799999,1719423.74432820,1214,24.75422000,839603.10365250,0
1698166800000,33934.29000000,34092.81000000,33767.36000000,33781.15000000,35.38538000,1698170399999,1200767.95920930,748,19.60336000,665150.36502080,0
1698170400000,33784.95000000,33926.63000000,33381.46000000,33856.78000000,52.79122000,1698173999999,1778021.99281740,891,28.76936000,969716.38963360,0
1698174000000,33840.80000000,33881.51000000,33669.78000000,33796.67000000,17.08696000,1698177599999,577074.48508630,484,7.64182000,257966.17716340,0
1698177600000,33777.43000000,33962.03000000,33625.28000000,33639.80000000,43.06678000,1698181199999,1454970.32657680,659,26.69239000,901593.84919630,0
1698181200000,33628.15000000,34227.49000000,33459.00000000,34125.04000000,58.18712000,1698184799999,1962083.59661170,999,29.65644000,999374.51704570,0
1698184800000,34121.45000000,34219.36000000,33862.37000000,34144.93000000,44.16547000,1698188399999,1505206.15126650,840,21.71635000,740085.85282630,0
1698188400000,34140.00000000,34215.10000000,33734.93000000,33925.44000000,36.15217000,1698191999999,1227951.67772340,914,17.25979000,586059.33915000,0
1698192000000,33925.54000000,34048.19000000,33033.03000000,34018.42000000,57.10367000,1698195599999,1931761.41499130,1027,24.16042000,819815.42231570,0
1698195600000,34012.06000000,34367.74000000,34006.30000000,34195.79000000,60.64092000,1698199199999,2073119.18897040,1059,35.78115000,1222517.80176980,0
1698199200000,34188.68000000,34200.00000000,33968.49000000,34003.08000000,29.30844000,1698202799999,998902.01786660,797,13.05883000,445119.65147860,0
1698202800000,34003.08000000,34067.37000000,33925.51000000,33995.85000000,10.18084000,1698206399999,346058.48737230,405,4.82625000,164076.53207110,0
1698206400000,34005.68000000,34208.09000000,33938.10000000,34190.93000000,15.52363000,1698209999999,528842.70950650,401,7.55468000,257394.06604850,0
1698210000000,34198.73000000,34198.73000000,33913.59000000,34013.87000000,22.34195000,1698213599999,760719.23404100,640,6.82290000,232320.81010190,0
1698213600000,34011.06000000,34190.04000000,34011.06000000,34129.58000000,16.86871000,1698217199999,575769.19676250,751,7.76514000,265015.10688500,0
1698217200000,34129.58000000,34200.98000000,33692.48000000,33862.18000000,40.48744000,1698220799999,1373337.93946910,1045,17.54220000,595279.16082760,0
1698220800000,33859.29000000,34026.46000000,33789.69000000,33955.57000000,28.31451000,1698224399999,960386.58682940,624,15.39359000,522101.80637410,0
1698224400000,33955.93000000,34325.50000000,33882.96000000,34101.94000000,43.55814000,1698227999999,1487770.02230970,945,19.27391000,658405.82518270,0
1698228000000,34100.05000000,34243.51000000,34052.69000000,34243.51000000,17.99642000,1698231599999,614934.56847710,443,8.70572000,297443.51054780,0
1698231600000,34249.97000000,34438.46000000,34173.12000000,34200.36000000,17.03717000,1698235199999,583711.60537490,617,8.32033000,284923.76952710,0
1698235200000,34200.36000000,34438.24000000,34200.36000000,34341.20000000,43.70995000,1698238799999,1500101.42937380,1028,19.77100000,678527.58684570,0
1698238800000,34341.20000000,34670.83000000,34285.02000000,34495.81000000,56.30655000,1698242399999,1940757.92388670,1674,23.07411000,795439.85191990,0
1698242400000,34493.69000000,34823.58000000,34347.71000000,34774.89000000,76.99665000,1698245999999,2659855.39224980,1824,26.90218000,930429.47279520,0
1698246000000,34779.96000000,35017.30000000,34643.64000000,34852.47000000,55.41264000,1698249599999,1931687.20393660,1337,31.60914000,1102532.24333420,0
1698249600000,34843.99000000,35133.79000000,34478.79000000,34500.00000000,57.64026000,1698253199999,2008041.89619630,1544,25.88336000,901316.13938270,0
1698253200000,34494.11000000,34704.64000000,34387.18000000,34685.21000000,14.87783000,1698256799999,514591.28661100,764,6.15008000,212738.46805100,0
1698256800000,34653.54000000,34748.74000000,34444.45000000,34666.13000000,20.13592000,1698260399999,696743.43704330,771,8.57306000,296498.03222230,0
1698260400000,34673.79000000,34796.24000000,34550.12000000,34752.12000000,47.70084000,1698263999999,1653033.23790470,1259,26.95956000,934139.35556400,0
1698264000000,34741.90000000,34854.49000000,34607.82000000,34673.63000000,44.02209000,1698267599999,1529671.24392440,1017,20.39399000,708770.41454990,0
1698267600000,34675.74000000,34771.05000000,34533.34000000,34569.61000000,17.21227000,1698271199999,596229.62252930,560,7.72437000,267563.07275740,0
1698271200000,34561.78000000,34662.03000000,34496.18000000,34607.09000000,7.27831000,1698274799999,251839.94273730,355,3.12515000,108128.26301660,0
1698274800000,34613.46000000,34632.68000000,34265.66000000,34504.34000000,36.65272000,1698278399999,1262307.81768130,794,16.59691000,571365.32777180,0
1698278400000,34504.00000000,34713.90000000,34432.66000000,34679.73000000,22.62587000,1698281999999,782009.71861240,533,14.20693000,491340.34172170,0
1698282000000,34685.17000000,34804.52000000,34652.88000000,34698.11000000,20.51298000,1698285599999,712225.12980100,593,9.33626000,324196.66413510,0
1698285600000,34693.37000000,34801.95000000,34657.45000000,34763.38000000,14.01702000,1698289199999,486712.09406560,507,7.92145000,275024.71188870,0
1698289200000,34761.99000000,34834.39000000,34719.32000000,34804.94000000,19.23206000,1698292799999,668803.12064080,746,10.23523000,355878.97451700,0
1698292800000,34804.91000000,34825.91000000,34677.34000000,34696.61000000,12.72254000,1698296399999,441884.34423420,537,5.24918000,182276.10757230,0
1698296400000,34700.37000000,34708.43000000,34520.11000000,34528.87000000,17.62001000,1698299999999,609525.01066320,564,4.50617000,155858.98827470,0
1698300000000,34530.71000000,34645.30000000,34425.01000000,34624.63000000,16.89580000,1698303599999,583373.14340720,532,9.43088000,325647.57973750,0
1698303600000,34620.79000000,34789.47000000,34563.28000000,34659.93000000,25.74112000,1698307199999,892767.44725280,743,11.73731000,407071.46013850,0
1698307200000,34647.32000000,34738.11000000,34507.72000000,34521.10000000,30.91179000,1698310799999,1069129.51794690,922,15.55662000,537956.11470040,0
1698310800000,34534.12000000,34590.48000000,34417.96000000,34444.21000000,47.28538000,1698314399999,1629569.07407540,2378,8.75512000,301868.39474310,0
1698314400000,34442.42000000,34461.38000000,34091.68000000,34284.70000000,49.90636000,1698317999999,1714928.61044040,2471,15.03153000,516124.60149020,0
1698318000000,34280.37000000,34330.47000000,33970.89000000,34111.95000000,54.48732000,1698321599999,1858789.37250470,1454,20.62575000,704227.96747960,0
1698321600000,34107.34000000,34340.46000000,34085.08000000,34263.97000000,31.21349000,1698325199999,1068765.23535980,966,11.02565000,377169.55882880,0
1698325200000,34262.49000000,34375.52000000,34175.94000000,34175.94000000,38.54042000,1698328799999,1321438.71418340,1491,12.43628000,426492.98214410,0
1698328800000,34178.29000000,34344.35000000,33861.81000000,34204.52000000,45.50008000,1698332399999,1553873.63585590,1737,17.50716000,597727.93358190,0
1698332400000,34206.99000000,34258.92000000,33867.82000000,34042.50000000,71.97550000,1698335999999,2447521.96194420,2182,32.57732000,1107512.52096550,0
1698336000000,34042.50000000,34080.60000000,33732.40000000,33767.74000000,69.03778000,1698339599999,2344863.82031950,2522,25.76215000,874630.87494160,0
1698339600000,33759.07000000,33962.08000000,33742.00000000,33941.13000000,18.72737000,1698343199999,633976.97647170,594,12.07098000,408605.81286970,0
1698343200000,33943.36000000,34087.51000000,33932.22000000,33971.85000000,48.55300000,1698346799999,1651595.87964770,973,7.44895000,253415.31101410,0
1698346800000,33973.88000000,34135.48000000,33908.17000000,34061.51000000,28.67979000,1698350399999,975827.85683870,773,12.39872000,421767.47445880,0
1698350400000,34036.92000000,34206.64000000,34031.10000000,34197.09000000,15.93909000,1698353999999,543998.36271850,539,6.88445000,234952.22998620,0
1698354000000,34189.14000000,34217.59000000,34079.07000000,34113.89000000,6.19154000,1698357599999,211407.90884170,249,1.32424000,45210.71354710,0
1698357600000,34132.14000000,34252.41000000,34131.39000000,34246.86000000,8.22346000,1698361199999,281156.56984850,355,3.91863000,133973.51202170,0
1698361200000,34236.81000000,34283.58000000,34144.41000000,34155.73000000,6.44612000,1698364799999,220543.78586190,215,2.35730000,80663.87858900,0
1698364800000,34155.73000000,34167.98000000,33981.35000000,34022.11000000,7.16030000,1698368399999,243985.34854940,262,2.25789000,76937.96819360,0
1698368400000,34019.02000000,34052.01000000,33793.09000000,33845.00000000,17.48058000,1698371999999,592787.81185110,610,6.69904000,227074.56177980,0
1698372000000,33855.56000000,34153.22000000,33813.32000000,34091.42000000,29.48749000,1698375599999,1004931.47550740,585,24.68461000,841514.04019190,0
1698375600000,34089.76000000,34143.77000000,34051.10000000,34123.21000000,4.24010000,1698379199999,144620.70848690,145,3.20937000,109471.09704040,0
1698379200000,34119.66000000,34185.99000000,34002.54000000,34097.30000000,23.06650000,1698382799999,785689.98091230,396,17.78390000,605797.81046490,0
1698382800000,34101.27000000,34118.97000000,33976.61000000,34092.08000000,14.92288000,1698386399999,508423.38167090,312,5.85729000,199563.98883650,0
1698386400000,34087.82000000,34249.03000000,34073.35000000,34246.80000000,10.36868000,1698389999999,354188.57748780,307,7.55185000,257943.77220580,0
1698390000000,34227.96000000,34237.87000000,33928.96000000,33951.66000000,33.50553000,1698393599999,1141536.76380950,980,11.85313000,404527.82585600,0
1698393600000,33962.89000000,34141.30000000,33954.00000000,34089.35000000,21.38877000,1698397199999,728274.76641100,851,7.77091000,264540.08349540,0
1698397200000,34093.44000000,34182.51000000,34085.94000000,34163.37000000,11.82132000,1698400799999,403513.32369330,422,5.69577000,194367.38412530,0
1698400800000,34164.58000000,34178.97000000,34071.73000000,34076.82000000,7.68743000,1698404399999,262315.56211520,265,2.71591000,92660.59308010,0
1698404400000,34076.89000000,34103.59000000,33977.80000000,34041.74000000,17.50989000,1698407999999,596049.96482920,439,10.47642000,356692.15529840,0
1698408000000,34051.19000000,34198.19000000,33911.89000000,34113.71000000,34.32399000,1698411599999,1168090.25841230,747,19.53066000,664621.16400830,0
1698411600000,34126.37000000,34203.89000000,34094.54000000,34163.21000000,19.01426000,1698415199999,649519.38622770,948,6.12428000,209175.39852170,0
1698415200000,34163.74000000,34168.33000000,33850.98000000,33903.27000000,30.12428000,1698418799999,1023617.04530630,886,12.30583000,418102.31142950,0
1698418800000,33905.21000000,34119.53000000,33826.98000000,33995.00000000,26.27174000,1698422399999,892142.52253600,675,10.91097000,370623.47507560,0
1698422400000,33997.75000000,34040.25000000,33854.05000000,33875.38000000,10.02759000,1698425999999,340584.78260410,384,3.69623000,125517.44561360,0
1698426000000,33875.37000000,33887.44000000,33413.22000000,33613.21000000,55.27558000,1698429599999,1859516.32971450,1323,28.17843000,947845.40330840,0
1698429600000,33602.64000000,33677.21000000,33407.22000000,33595.20000000,18.83682000,1698433199999,632224.98190420,666,9.71982000,326217.52726330,0
1698433200000,33597.69000000,33713.83000000,33596.23000000,33685.51000000,13.07731000,1698436799999,440057.70086130,448,6.12277000,206033.95785390,0
1698436800000,33702.01000000,33875.10000000,33682.87000000,33837.73000000,10.64410000,1698440399999,359610.06927670,407,5.71508000,193132.05089680,0
1698440400000,33834.40000000,33865.29000000,33779.15000000,33853.40000000,7.65654000,1698443999999,259081.13399440,341,3.80262000,128665.79469880,0
1698444000000,33847.99000000,33881.37000000,33803.38000000,33809.08000000,6.17750000,1698447599999,209039.09534530,605,1.79996000,60908.19006720,0
1698447600000,33814.44000000,33948.30000000,33794.71000000,33905.00000000,9.53350000,1698451199999,323147.73603220,655,3.10461000,105248.15139880,0
1698451200000,33902.10000000,33938.45000000,33867.76000000,33899.00000000,3.15559000,1698454799999,107000.31559030,313,1.59329000,54025.19593740,0
1698454800000,33899.00000000,33919.82000000,33872.56000000,33919.82000000,2.82199000,1698458399999,95641.33362010,346,1.53532000,52028.19538320,0
1698458400000,33920.49000000,34157.60000000,33909.79000000,34100.53000000,13.40106000,1698461999999,456342.41158020,679,7.30160000,248631.16640600,0
1698462000000,34097.18000000,34100.47000000,34016.62000000,34069.85000000,11.14894000,1698465599999,379786.45906190,523,6.58079000,224144.61631740,0
1698465600000,34064.74000000,34098.54000000,34030.13000000,34083.50000000,4.45713000,1698469199999,151828.20645830,382,1.55358000,52918.56434260,0
1698469200000,34094.32000000,34189.28000000,34075.74000000,34106.83000000,7.96536000,1698472799999,271825.48654090,544,3.99224000,136212.15173900,0
1698472800000,34093.39000000,34123.29000000,34044.26000000,34062.76000000,6.59586000,1698476399999,224780.45924460,321,1.92506000,65626.36988820,0
1698476400000,34064.91000000,34092.59000000,34042.59000000,34050.43000000,2.62142000,1698479999999,89316.29417960,207,2.05819000,70123.47076880,0
1698480000000,34053.17000000,34104.22000000,34034.67000000,34087.38000000,12.43101000,1698483599999,423678.64833930,385,6.84572000,233301.59408960,0
1698483600000,34095.66000000,34117.53000000,34060.40000000,34095.59000000,4.97199000,1698487199999,169517.83872480,310,3.73904000,127471.66798870,0
1698487200000,34092.29000000,34111.00000000,34075.49000000,34097.81000000,3.62372000,1698490799999,123544.01599170,443,1.73787000,59248.93146010,0
1698490800000,34108.43000000,34492.25000000,34101.11000000,34180.62000000,37.75416000,1698494399999,1294073.22712310,1784,18.76838000,643302.90610300,0
1698494400000,34177.77000000,34211.56000000,33935.43000000,34018.58000000,18.47288000,1698497999999,629477.76956580,1062,5.82053000,198356.56244000,0
1698498000000,34030.69000000,34139.29000000,33940.50000000,34138.78000000,9.97633000,1698501599999,339720.08452990,579,5.44795000,185528.30432290,0
1698501600000,34144.13000000,34159.69000000,34053.25000000,34103.16000000,6.53400000,1698505199999,222825.42058840,470,2.50547000,85429.93466970,0
1698505200000,34100.31000000,34240.43000000,34077.38000000,34198.66000000,10.40106000,1698508799999,355529.28064640,470,4.91464000,167987.41930330,0
1698508800000,34192.67000000,34194.73000000,34117.08000000,34130.72000000,8.58386000,1698512399999,293104.22483150,489,3.14564000,107402.45304190,0
1698512400000,34139.52000000,34149.50000000,34087.40000000,34142.43000000,8.93668000,1698515999999,304977.43145080,300,4.18011000,142638.51145280,0
1698516000000,34139.25000000,34226.37000000,34081.00000000,34175.69000000,7.93912000,1698519599999,271046.10877840,301,4.05362000,138408.59963460,0
1698519600000,34167.68000000,34182.31000000,34117.28000000,34118.85000000,3.27929000,1698523199999,111990.77320190,183,2.18097000,74488.27849470,0
1698523200000,34118.63000000,34150.65000000,34101.04000000,34134.31000000,7.46861000,1698526799999,254886.62682430,268,4.08706000,139468.67136910,0
1698526800000,34130.75000000,34199.82000000,34130.75000000,34199.82000000,4.80047000,1698530399999,164054.04240930,155,2.34907000,80272.74782020,0
1698530400000,34191.51000000,34191.51000000,34069.30000000,34111.34000000,5.76586000,1698533999999,196721.80609140,297,1.98723000,67823.90071880,0
1698534000000,34111.33000000,34120.32000000,34073.24000000,34093.33000000,6.27410000,1698537599999,213914.14408360,300,3.78684000,129106.25893140,0
1698537600000,34086.40000000,34106.19000000,34045.65000000,34077.57000000,3.35245000,1698541199999,114236.63885080,325,1.62245000,55273.31658600,0
1698541200000,34082.32000000,34100.49000000,33960.21000000,34010.43000000,7.39494000,1698544799999,251516.93689650,705,4.11045000,139777.66383440,0
1698544800000,34007.87000000,34038.31000000,33970.54000000,34036.05000000,2.74208000,1698548399999,93256.38195650,267,1.20666000,41034.96571830,0
1698548400000,34033.63000000,34033.63000000,33963.57000000,33972.55000000,2.33222000,1698551999999,79313.81454750,200,1.37055000,46615.16155910,0
1698552000000,33982.06000000,34055.12000000,33939.08000000,34023.89000000,8.14903000,1698555599999,277297.50588530,467,2.45396000,83467.40971470,0
1698555600000,34019.64000000,34044.02000000,34012.05000000,34037.27000000,1.15661000,1698559199999,39363.54586700,258,0.30835000,10493.00993380,0
1698559200000,34033.36000000,34144.26000000,34020.41000000,34095.69000000,3.15547000,1698562799999,107609.19464620,283,1.60485000,54720.12299440,0
1698562800000,34095.70000000,34134.23000000,34064.44000000,34086.38000000,1.90774000,1698566399999,65038.07630320,222,0.99491000,33912.12834060,0
1698566400000,34083.03000000,34262.77000000,34080.87000000,34245.10000000,6.37027000,1698569999999,217838.37270570,515,3.51488000,120174.78239330,0
1698570000000,34247.41000000,34283.91000000,34174.26000000,34220.15000000,6.32142000,1698573599999,216341.83492400,522,2.81859000,96461.32011500,0
1698573600000,34220.12000000,34232.61000000,34162.49000000,34172.05000000,6.13309000,1698577199999,209743.65479010,247,2.96577000,101433.85470040,0
1698577200000,34183.00000000,34322.32000000,34165.94000000,34261.89000000,2.31750000,1698580799999,79410.54188420,409,1.33308000,45659.12839340,0
1698580800000,34261.73000000,34427.27000000,34261.73000000,34424.49000000,11.64613000,1698584399999,400285.13529100,612,5.93619000,204030.07105980,0
1698584400000,34426.37000000,34511.39000000,34334.57000000,34385.62000000,10.83806000,1698587999999,373013.02167450,1112,3.89286000,133940.01701340,0
1698588000000,34383.57000000,34520.24000000,34340.64000000,34483.29000000,10.58065000,1698591599999,364460.54158810,959,4.71713000,162505.73080340,0
1698591600000,34488.58000000,34570.58000000,34420.96000000,34455.90000000,18.37684000,1698595199999,633883.95500680,1110,4.25956000,146945.36028580,0
1698595200000,34459.30000000,34467.74000000,34377.05000000,34405.65000000,5.33153000,1698598799999,183424.40295770,574,3.18010000,109409.32569750,0
1698598800000,34408.91000000,34753.35000000,34386.37000000,34575.46000000,27.10144000,1698602399999,937784.82519450,1561,13.71299000,474312.59503210,0
1698602400000,34572.97000000,34756.76000000,34566.47000000,34687.16000000,15.89579000,1698605999999,551284.42746620,1254,7.66751000,265852.53675840,0
1698606000000,34696.24000000,34709.12000000,34532.08000000,34578.94000000,12.05636000,1698609599999,417155.00016690,724,4.57159000,158166.94369920,0
1698609600000,34575.57000000,34646.42000000,34543.86000000,34584.63000000,8.15178000,1698613199999,282007.47317040,592,2.96916000,102697.46319360,0
1698613200000,34583.91000000,34662.54000000,34415.85000000,34448.51000000,15.97722000,1698616799999,552629.37011310,711,6.52724000,225640.92996320,0
1698616800000,34448.13000000,34736.88000000,34448.13000000,34716.74000000,24.91427000,1698620399999,863295.64204150,757,8.63084000,298874.68243220,0
1698620400000,34713.98000000,34713.98000000,34469.46000000,34533.50000000,20.04760000,1698623999999,693048.70642380,582,8.43107000,291518.44330840,0
1698624000000,34546.07000000,34582.68000000,34462.38000000,34469.23000000,14.99877000,1698627599999,518003.37020070,594,6.79077000,234476.91889780,0
1698627600000,34469.22000000,34531.89000000,34420.03000000,34448.00000000,8.18240000,1698631199999,282084.44291640,468,4.06623000,140174.75050060,0
1698631200000,34423.20000000,34423.20000000,34194.66000000,34328.30000000,51.75230000,1698634799999,1775636.24217870,1588,28.57890000,980357.59408450,0
1698634800000,34333.11000000,34334.68000000,34244.05000000,34279.17000000,9.81002000,1698638399999,336394.20896400,536,4.55725000,156253.04052590,0
1698638400000,34279.16000000,34357.02000000,34233.74000000,34327.41000000,14.82739000,1698641999999,508578.03939250,532,6.35373000,217883.05193560,0
1698642000000,34327.28000000,34356.09000000,34232.49000000,34265.18000000,12.45491000,1698645599999,427032.40308680,525,5.97348000,204781.81960360,0
1698645600000,34263.12000000,34328.13000000,34196.30000000,34307.00000000,13.43685000,1698649199999,460502.80082200,562,5.51228000,188970.19788410,0
1698649200000,34297.71000000,34354.27000000,34134.47000000,34204.16000000,28.07896000,1698652799999,961101.18388880,976,13.73968000,470269.60031910,0
1698652800000,34201.96000000,34442.51000000,34174.12000000,34396.97000000,33.65309000,1698656399999,1154991.11354680,1776,14.85115000,509578.29971800,0
1698656400000,34395.41000000,34676.61000000,34389.04000000,34537.48000000,42.12942000,1698659999999,1454812.21689650,1838,23.00977000,794698.23984890,0
1698660000000,34540.12000000,34582.38000000,34432.90000000,34544.68000000,29.03844000,1698663599999,1002135.46152300,1149,13.88208000,479289.84112720,0
1698663600000,34539.58000000,34663.29000000,34482.54000000,34611.89000000,31.49938000,1698667199999,1090050.07849790,1084,14.01551000,484812.87805660,0
1698667200000,34611.90000000,34859.28000000,34557.74000000,34611.51000000,65.26528000,1698670799999,2265791.80528180,2468,28.42309000,986724.72270170,0
1698670800000,34596.97000000,34774.77000000,34477.74000000,34670.54000000,53.05217000,1698674399999,1839125.02946720,1750,19.41301000,672880.23068210,0
1698674400000,34675.38000000,34845.84000000,34562.27000000,34627.83000000,59.77926000,1698677999999,2072495.62836100,2328,23.07938000,800142.83842500,0
1698678000000,34620.53000000,34771.48000000,34610.14000000,34661.58000000,158.20921000,1698681599999,5490913.71129220,3328,23.28507000,807963.01795770,0
1698681600000,34667.87000000,34667.87000000,34375.01000000,34472.87000000,32.38683000,1698685199999,1118671.85014850,1505,11.71535000,404766.87747200,0
1698685200000,34472.87000000,34479.00000000,34079.93000000,34324.19000000,57.16601000,1698688799999,1957460.93063040,2427,23.94239000,819999.18172520,0
1698688800000,34323.91000000,34375.00000000,34283.08000000,34325.15000000,14.77360000,1698692399999,507224.21465050,807,7.15531000,245633.00316620,0
1698692400000,34331.12000000,34456.43000000,34301.03000000,34440.73000000,15.86807000,1698695999999,545721.28602370,650,9.93606000,341714.70862110,0
1698696000000,34444.93000000,34456.69000000,34337.50000000,34433.15000000,13.82138000,1698699599999,475322.70597160,786,5.91503000,203328.25604140,0
1698699600000,34432.41000000,34583.93000000,34375.30000000,34524.10000000,11.76794000,1698703199999,405902.86188350,524,7.18125000,247660.25171760,0
1698703200000,34552.32000000,34552.32000000,34463.68000000,34473.60000000,16.76572000,1698706799999,578235.49098630,484,7.21899000,248965.99975130,0
1698706800000,34485.51000000,34524.26000000,34463.00000000,34487.74000000,14.83693000,1698710399999,511611.21875240,472,3.99254000,137671.63831980,0
1698710400000,34489.06000000,35100.00000000,34470.46000000,34524.41000000,69.76273000,1698713999999,2415211.23433930,1301,51.68383000,1791452.60408430,0
1698714000000,34527.39000000,34552.61000000,34412.18000000,34465.49000000,11.07554000,1698717599999,381683.14549820,580,3.56460000,122831.42833230,0
1698717600000,34466.07000000,34479.36000000,34280.00000000,34369.55000000,11.29112000,1698721199999,388138.13600250,786,5.48425000,188491.16255640,0
1698721200000,34368.59000000,34394.79000000,34217.71000000,34222.65000000,18.54062000,1698724799999,635812.21004580,1113,9.61278000,329646.25461700,0
1698724800000,34218.96000000,34300.25000000,34200.00000000,34250.44000000,9.29327000,1698728399999,318292.26676070,497,4.52576000,154975.88312210,0
1698728400000,34254.35000000,34347.57000000,34178.08000000,34295.24000000,6.59986000,1698731999999,226203.19412570,599,3.26940000,112105.19818860,0
1698732000000,34295.24000000,34361.37000000,34147.09000000,34253.75000000,13.55967000,1698735599999,464860.05665480,693,7.19372000,246570.66024920,0
1698735600000,34253.93000000,34308.17000000,34103.82000000,34169.31000000,17.49762000,1698739199999,597996.00382530,856,5.07258000,173374.61206800,0
1698739200000,34162.42000000,34434.39000000,34047.69000000,34419.38000000,37.34779000,1698742799999,1280253.84333930,1607,18.65725000,640075.98408040,0
1698742800000,34412.96000000,34470.12000000,34354.45000000,34431.43000000,96.83509000,1698746399999,3330724.44262960,1594,90.19587000,3102238.50096900,0
1698746400000,34431.41000000,34461.52000000,34364.30000000,34443.13000000,15.33686000,1698749999999,527898.21725960,642,7.64552000,263141.59908870,0
1698750000000,34441.94000000,34545.85000000,34400.00000000,34499.64000000,16.55072000,1698753599999,570637.70961080,926,8.58549000,295956.74691580,0
1698753600000,34506.83000000,34534.49000000,34282.84000000,34307.67000000,24.50509000,1698757199999,843330.95913260,930,11.04665000,380386.88532450,0
1698757200000,34311.27000000,34352.64000000,34158.63000000,34225.24000000,18.18024000,1698760799999,622988.76566210,896,8.25143000,282739.55184640,0
1698760800000,34225.03000000,34376.32000000,34150.00000000,34333.30000000,28.80244000,1698764399999,986888.59231420,1433,12.27959000,420898.38131910,0
1698764400000,34325.96000000,34374.99000000,34168.16000000,34275.68000000,23.06901000,1698767999999,790589.60623570,1440,11.49997000,394210.77717100,0
1698768000000,34286.24000000,34523.26000000,34236.61000000,34431.52000000,23.25832000,1698771599999,799910.80647430,1298,12.69550000,436412.10429080,0
1698771600000,34433.60000000,34438.44000000,34362.73000000,34383.67000000,11.78703000,1698775199999,405374.88375480,791,5.33705000,183510.44509610,0
1698775200000,34392.53000000,34499.72000000,34351.85000000,34485.36000000,13.64937000,1698778799999,469851.50566040,734,8.74561000,301024.71474240,0
1698778800000,34492.09000000,34619.11000000,34441.20000000,34544.32000000,23.47020000,1698782399999,809965.34387900,1065,12.75967000,440322.73372480,0
1698782400000,34535.81000000,34728.44000000,34519.74000000,34648.36000000,41.49521000,1698785999999,1435861.93861750,1464,21.46429000,742515.74233500,0
1698786000000,34655.30000000,34736.55000000,34439.73000000,34480.80000000,25.63871000,1698789599999,887013.12435710,842,10.08175000,348772.12584220,0
1698789600000,34492.17000000,34650.66000000,34458.47000000,34572.26000000,10.62228000,1698793199999,366911.52035330,521,5.20470000,179784.31227820,0
1698793200000,34573.23000000,34676.41000000,34527.63000000,34656.42000000,8.66245000,1698796799999,299769.95151490,539,3.71493000,128554.72615010,0
