1659312000000,23306.59000000,23401.94000000,23221.80000000,23381.57000000,165.67115000,1659315599999,3864657.84383620,3768,81.66482000,1905717.35804350,0
1659315600000,23385.21000000,23453.07000000,23336.92000000,23426.94000000,162.00679000,1659319199999,3792414.85653960,3963,68.85979000,1612060.89586700,0
1659319200000,23426.56000000,23474.91000000,23376.92000000,23431.04000000,155.98809000,1659322799999,3656785.81069010,4301,63.92551000,1498273.62505380,0
1659322800000,23432.41000000,23442.34000000,23322.49000000,23382.42000000,98.23995000,1659326399999,2295771.77701580,3280,49.58909000,1158673.43496410,0
1659326400000,23384.75000000,23425.05000000,23353.99000000,23398.94000000,78.36079000,1659329999999,1833156.71775380,3482,41.02284000,959693.03096950,0
1659330000000,23401.28000000,23430.61000000,23276.21000000,23334.97000000,140.80838000,1659333599999,3288307.74692250,3483,66.14416000,1544854.87081900,0
1659333600000,23335.89000000,23353.43000000,23122.47000000,23232.60000000,176.87120000,1659337199999,4109589.69259480,4557,85.36592000,1983543.14267980,0
1659337200000,23235.36000000,23353.70000000,23121.27000000,23333.99000000,266.86092000,1659340799999,6196646.83363120,4893,143.61818000,3336149.73588820,0
1659340800000,23333.24000000,23390.68000000,23279.19000000,23291.50000000,119.74705000,1659344399999,2794389.53368480,2889,60.28131000,1406799.60345320,0
1659344400000,23298.22000000,23383.75000000,23257.52000000,23317.31000000,104.37197000,1659347999999,2435642.40582540,2532,53.70797000,1253592.14574100,0
1659348000000,23318.88000000,23326.42000000,22979.34000000,23045.12000000,376.69094000,1659351599999,8711091.75930190,6351,181.57505000,4199046.01052900,0
1659351600000,23046.33000000,23280.64000000,22952.00000000,23235.20000000,216.83043000,1659355199999,5017937.30866370,5247,109.15604000,2526988.42118080,0
1659355200000,23236.92000000,23314.44000000,23121.61000000,23148.28000000,150.26714000,1659358799999,3486071.93369890,3763,74.79617000,1735565.92388710,0
1659358800000,23146.35000000,23336.73000000,22972.63000000,23257.63000000,395.42195000,1659362399999,9145181.31288730,8266,235.99725000,5459315.56867120,0
1659362400000,23248.26000000,23517.51000000,23223.07000000,23449.23000000,373.97130000,1659365999999,8751740.59151590,8520,191.42314000,4480432.89970710,0
1659366000000,23446.93000000,23470.00000000,23287.76000000,23335.28000000,209.32577000,1659369599999,4887900.01431690,4374,121.38882000,2834699.89068940,0
1659369600000,23327.71000000,23358.59000000,23146.16000000,23204.48000000,222.84131000,1659373199999,5176990.07964750,5031,106.64195000,2477740.01486880,0
1659373200000,23207.74000000,23214.73000000,22889.92000000,22969.54000000,305.79939000,1659376799999,7039360.35250540,6162,146.47546000,3371784.76459770,0
1659376800000,22968.71000000,23000.89000000,22851.25000000,22958.39000000,174.06643000,1659380399999,3991007.88833630,3876,91.94479000,2108225.32253300,0
1659380400000,22961.99000000,23045.98000000,22875.07000000,22962.05000000,198.81635000,1659383999999,4565895.76143700,4050,109.16550000,2507347.92246740,0
1659384000000,22960.90000000,23136.48000000,22921.36000000,23125.78000000,144.21881000,1659387599999,3317815.04824040,3518,84.64036000,1947118.87988290,0
1659387600000,23124.32000000,23135.77000000,22954.40000000,23024.51000000,154.68031000,1659391199999,3563689.79717440,2873,63.50593000,1463581.11595570,0
1659391200000,23022.48000000,23201.54000000,22917.45000000,23172.97000000,241.64481000,1659394799999,5571172.61286500,4868,107.40481000,2476543.25214460,0
1659394800000,23174.92000000,23424.40000000,23174.15000000,23274.01000000,362.31415000,1659398399999,8448453.11061800,6094,203.92092000,4755155.77688650,0
1659398400000,23275.98000000,23450.00000000,23164.82000000,23193.55000000,241.00081000,1659401999999,5613085.14897190,5582,111.31585000,2592508.72461040,0
1659402000000,23191.86000000,23250.25000000,22951.40000000,23005.96000000,209.29733000,1659405599999,4832509.22550570,5474,87.42356000,2019392.51559760,0
1659405600000,23001.60000000,23078.88000000,22833.54000000,22930.67000000,313.34834000,1659409199999,7189630.54047100,5815,151.16678000,3468516.49409200,0
1659409200000,22916.63000000,22997.36000000,22777.00000000,22858.06000000,269.34289000,1659412799999,6157765.50853230,5718,122.68719000,2806350.83869480,0
1659412800000,22860.10000000,22907.06000000,22760.01000000,22865.52000000,166.05234000,1659416399999,3792068.21077940,4268,87.67274000,2001872.19928910,0
1659416400000,22864.35000000,22913.84000000,22839.22000000,22859.61000000,110.47210000,1659419999999,2527580.50095390,2942,48.39201000,1107305.08810470,0
1659420000000,22859.77000000,22944.10000000,22854.72000000,22881.17000000,154.65408000,1659423599999,3542120.24931200,3407,63.95752000,1464842.16838330,0
1659423600000,22883.29000000,22922.04000000,22724.99000000,22898.71000000,264.67214000,1659427199999,6038299.72499700,6036,120.78979000,2755770.86150780,0
1659427200000,22893.41000000,22910.68000000,22788.96000000,22815.09000000,179.90632000,1659430799999,4110692.32379830,4026,81.29538000,1857569.11384280,0
1659430800000,22813.63000000,22849.99000000,22658.97000000,22719.29000000,387.95350000,1659434399999,8828692.03758800,6713,160.95708000,3662536.47408050,0
1659434400000,22720.35000000,22878.40000000,22681.15000000,22865.80000000,241.35200000,1659437999999,5500929.45158850,4540,107.76923000,2457170.10132040,0
1659438000000,22860.15000000,22976.17000000,22844.10000000,22888.94000000,200.12469000,1659441599999,4586704.70508130,4929,96.79449000,2218739.67183970,0
1659441600000,22889.56000000,22914.28000000,22671.42000000,22742.38000000,299.62174000,1659445199999,6833206.43591450,5759,132.23501000,3015885.61817070,0
1659445200000,22743.67000000,22890.62000000,22710.23000000,22809.30000000,287.72245000,1659448799999,6561052.99355820,6235,147.43584000,3362331.67670600,0
1659448800000,22806.89000000,23153.11000000,22675.17000000,23034.24000000,528.25268000,1659452399999,12101650.95180000,10579,269.01363000,6162123.59928190,0
1659452400000,23032.73000000,23109.09000000,22813.56000000,22982.77000000,295.32468000,1659455999999,6778665.79876290,6083,164.23081000,3771202.17688980,0
1659456000000,22985.47000000,23467.56000000,22953.80000000,23384.53000000,1080.76601000,1659459599999,25132696.84103970,16247,694.10195000,16140674.05834170,0
1659459600000,23382.12000000,23445.69000000,23152.42000000,23198.34000000,309.56041000,1659463199999,7215777.30030840,6423,161.78495000,3772406.99550320,0
1659463200000,23188.06000000,23280.00000000,22964.92000000,22986.20000000,231.99159000,1659466799999,5372244.32105870,5277,128.81658000,2984055.64115640,0
1659466800000,22988.49000000,23097.60000000,22872.14000000,22951.01000000,165.00344000,1659470399999,3792258.46422140,4215,82.14770000,1888563.91474860,0
1659470400000,22959.88000000,23064.81000000,22863.41000000,23035.05000000,151.99566000,1659473999999,3494224.96865330,3246,71.27264000,1639030.07283900,0
1659474000000,23030.43000000,23144.86000000,22950.00000000,23102.50000000,69.75763000,1659477599999,1606453.28125120,2066,35.97507000,828687.48713850,0
1659477600000,23096.38000000,23152.11000000,23002.10000000,23107.19000000,151.28985000,1659481199999,3494008.69059910,3562,75.54098000,1745050.06719830,0
1659481200000,23108.79000000,23136.87000000,22934.62000000,22990.83000000,116.72936000,1659484799999,2688308.74577830,3768,57.56355000,1325970.50633020,0
1659484800000,22991.78000000,23071.42000000,22732.58000000,22795.21000000,255.25243000,1659488399999,5835081.49164380,5911,101.59870000,2324483.10119160,0
1659488400000,22798.27000000,22838.73000000,22692.27000000,22807.39000000,208.77545000,1659491999999,4752432.79138750,5613,98.15903000,2234874.54378450,0
1659492000000,22805.70000000,22859.43000000,22731.01000000,22781.74000000,172.33053000,1659495599999,3928503.81749300,4220,87.65516000,1998370.86323720,0
1659495600000,22779.29000000,22888.27000000,22768.83000000,22867.84000000,125.75884000,1659499199999,2871933.05366950,3652,60.28168000,1376651.36222330,0
1659499200000,22870.25000000,22906.70000000,22830.27000000,22837.61000000,174.27193000,1659502799999,3983909.51196210,4070,74.81972000,1710617.35503350,0
1659502800000,22833.31000000,22961.37000000,22803.51000000,22919.14000000,123.51876000,1659506399999,2828536.19906380,3862,62.04820000,1420943.46869530,0
1659506400000,22917.97000000,23081.42000000,22917.97000000,23045.85000000,124.45934000,1659509999999,2864446.54787400,3997,72.80112000,1675344.19713390,0
1659510000000,23047.80000000,23078.19000000,22963.87000000,22994.08000000,159.21852000,1659513599999,3664803.61919190,3925,82.92933000,1908897.33781670,0
1659513600000,22991.62000000,23303.67000000,22991.37000000,23298.85000000,305.10147000,1659517199999,7075327.11335700,7108,166.39593000,3860053.94605180,0
1659517200000,23301.56000000,23401.11000000,23261.20000000,23388.64000000,412.21872000,1659520799999,9623438.45700170,8096,230.28604000,5376707.28499620,0
1659520800000,23389.51000000,23455.00000000,23335.36000000,23412.07000000,335.85900000,1659524399999,7861616.52112450,7044,183.40350000,4293971.93210490,0
1659524400000,23415.57000000,23480.00000000,23298.99000000,23409.86000000,284.18958000,1659527999999,6649402.66618960,6397,157.24532000,3679861.48035570,0
1659528000000,23405.67000000,23644.21000000,23250.00000000,23270.17000000,473.16304000,1659531599999,11083502.63771860,10182,242.31577000,5678511.51248900,0
1659531600000,23270.51000000,23404.09000000,23230.11000000,23346.79000000,318.53915000,1659535199999,7426446.01754000,7071,169.87707000,3960701.26257320,0
1659535200000,23341.42000000,23443.31000000,23209.86000000,23307.84000000,356.29883000,1659538799999,8312509.49238420,6916,190.04880000,4434363.38098060,0
1659538800000,23308.70000000,23410.54000000,23261.22000000,23358.37000000,190.73690000,1659542399999,4451526.48116070,5159,99.68557000,2326231.58400670,0
1659542400000,23363.79000000,23532.20000000,23261.72000000,23444.91000000,203.35511000,1659545999999,4759606.20664280,4993,106.43378000,2491757.68759860,0
1659546000000,23443.31000000,23582.00000000,23404.94000000,23454.12000000,218.71183000,1659549599999,5137870.78231350,4975,108.54040000,2549895.66646750,0
1659549600000,23453.27000000,23534.27000000,23361.36000000,23494.29000000,152.18737000,1659553199999,3570742.68227980,3945,73.28532000,1719469.61791320,0
1659553200000,23496.51000000,23544.30000000,23426.82000000,23466.12000000,183.36099000,1659556799999,4305827.36409900,4637,95.61853000,2245772.69975680,0
1659556800000,23469.57000000,23491.66000000,23249.01000000,23327.92000000,191.86191000,1659560399999,4480105.68158220,5154,97.05683000,2266689.53603810,0
1659560400000,23327.95000000,23372.09000000,23252.67000000,23274.98000000,82.36073000,1659563999999,1920099.61083950,3028,49.00942000,1142575.35460130,0
1659564000000,23270.54000000,23281.97000000,22885.56000000,22936.94000000,389.61775000,1659567599999,8990015.18610880,7705,192.97549000,4453703.73674880,0
1659567600000,22933.37000000,22941.16000000,22725.60000000,22822.24000000,309.68703000,1659571199999,7064089.72811370,6923,152.71945000,3484625.87010990,0
1659571200000,22823.17000000,23030.09000000,22795.91000000,23009.38000000,275.57016000,1659574799999,6317900.72721900,5916,130.52896000,2992005.74852920,0
1659574800000,23011.08000000,23277.99000000,23002.52000000,23145.32000000,274.20309000,1659578399999,6347105.92603030,6132,142.11499000,3290198.09133840,0
1659578400000,23151.66000000,23198.75000000,23084.50000000,23141.23000000,249.95096000,1659581999999,5785382.65888890,5486,124.39580000,2879166.31640480,0
1659582000000,23141.96000000,23160.47000000,23035.85000000,23098.80000000,224.92967000,1659585599999,5194170.72231730,5270,102.17757000,2359532.07329600,0
1659585600000,23102.42000000,23178.51000000,23072.65000000,23091.19000000,145.43665000,1659589199999,3362890.34485770,3940,72.99905000,1688052.90117330,0
1659589200000,23091.60000000,23166.50000000,23056.52000000,23128.00000000,165.64458000,1659592799999,3826104.25852740,4271,95.73732000,2211578.14752640,0
1659592800000,23128.81000000,23189.43000000,22821.77000000,22945.87000000,341.92229000,1659596399999,7847155.16920130,7849,170.77961000,3917933.40949410,0
1659596400000,22940.66000000,23035.75000000,22913.32000000,22954.03000000,184.68534000,1659599999999,4243976.93211420,4749,95.22034000,2188350.89753330,0
1659600000000,22955.55000000,22956.16000000,22775.32000000,22805.77000000,273.85190000,1659603599999,6261274.86646130,5625,126.60453000,2894791.16995050,0
1659603600000,22806.90000000,22913.70000000,22789.09000000,22875.84000000,179.73114000,1659607199999,4106846.85357350,4488,91.67569000,2095216.49077710,0
1659607200000,22874.58000000,22965.82000000,22831.74000000,22869.19000000,293.86673000,1659610799999,6731028.85019930,6371,147.51060000,3378983.95591280,0
1659610800000,22866.09000000,22926.85000000,22807.23000000,22890.02000000,213.02541000,1659614399999,4872052.52161390,4697,122.20443000,2795057.13682380,0
1659614400000,22889.02000000,22989.56000000,22750.00000000,22902.00000000,274.88538000,1659617999999,6285868.45528870,6475,150.55992000,3443778.12258080,0
1659618000000,22902.00000000,23143.04000000,22843.54000000,23036.50000000,294.66801000,1659621599999,6774404.33332800,8067,148.19447000,3406794.46066610,0
1659621600000,23033.02000000,23163.18000000,22773.69000000,22922.51000000,456.58642000,1659625199999,10463941.67858870,9397,212.52082000,4876196.05085500,0
1659625200000,22921.71000000,22956.99000000,22759.48000000,22934.28000000,287.52841000,1659628799999,6575302.50001000,6186,133.77014000,3060361.94178280,0
1659628800000,22934.17000000,22988.46000000,22527.80000000,22589.14000000,384.93187000,1659632399999,8750919.29533070,8253,171.87045000,3907784.36483660,0
1659632400000,22587.77000000,22652.84000000,22556.41000000,22633.91000000,357.40661000,1659635999999,8079748.92504240,6701,197.15053000,4457251.64639730,0
1659636000000,22637.70000000,22717.19000000,22390.00000000,22553.72000000,475.81157000,1659639599999,10735711.74731120,9146,210.35704000,4746232.19872450,0
1659639600000,22543.95000000,22640.13000000,22428.75000000,22454.15000000,284.38144000,1659643199999,6407623.61003820,6548,139.75869000,3149869.56969250,0
1659643200000,22455.22000000,22555.26000000,22442.39000000,22512.77000000,214.19600000,1659646799999,4820222.36856620,4637,106.18217000,2389602.53047890,0
1659646800000,22512.42000000,22569.55000000,22483.00000000,22495.73000000,79.18400000,1659650399999,1783338.11882920,2277,35.38246000,796840.18122210,0
1659650400000,22495.38000000,22656.50000000,22450.00000000,22626.24000000,177.43369000,1659653999999,4003475.50977440,4777,97.18229000,2193080.51962570,0
1659654000000,22627.17000000,22675.00000000,22573.04000000,22623.46000000,165.61139000,1659657599999,3748093.00860960,4391,88.00057000,1991773.21716060,0
1659657600000,22620.23000000,22682.03000000,22586.04000000,22635.37000000,162.97798000,1659661199999,3690080.23279260,4552,81.28520000,1840546.53089700,0
1659661200000,22634.40000000,22920.17000000,22631.73000000,22893.63000000,234.09272000,1659664799999,5329371.05093510,5591,124.18668000,2827509.24422880,0
1659664800000,22899.39000000,23193.24000000,22864.10000000,23051.28000000,576.16908000,1659668399999,13279662.05279140,9567,359.30321000,8288014.91351360,0
1659668400000,23051.88000000,23209.15000000,23049.16000000,23178.80000000,210.47319000,1659671999999,4867040.12924840,5101,101.05714000,2336935.99375760,0
1659672000000,23177.02000000,23246.20000000,23098.45000000,23156.75000000,153.79172000,1659675599999,3563662.02469940,4296,76.37052000,1769973.81035730,0
1659675600000,23159.09000000,23226.63000000,23068.85000000,23195.54000000,134.26991000,1659679199999,3104103.74462790,3998,72.72651000,1681312.15204570,0
1659679200000,23196.09000000,23431.06000000,23196.09000000,23287.86000000,254.30477000,1659682799999,5924874.19712270,6403,144.95328000,3377782.68747970,0
1659682800000,23284.56000000,23297.67000000,23160.58000000,23189.28000000,273.99183000,1659686399999,6359665.52355860,5441,151.10147000,3506728.37879440,0
1659686400000,23189.70000000,23260.00000000,23099.05000000,23150.00000000,275.33066000,1659689999999,6377769.87201080,5422,153.58719000,3557813.01585250,0
1659690000000,23150.00000000,23189.66000000,23123.43000000,23134.75000000,155.90366000,1659693599999,3610193.59812050,3274,84.53305000,1957800.20556290,0
1659693600000,23136.55000000,23259.47000000,23108.62000000,23199.37000000,275.28170000,1659697199999,6384743.19323670,4492,157.10252000,3643985.77048490,0
1659697200000,23201.42000000,23444.86000000,23152.17000000,23404.42000000,729.79612000,1659700799999,17006324.00969050,10450,506.17429000,11796463.04092770,0
1659700800000,23413.18000000,23478.31000000,22915.38000000,23017.67000000,773.78804000,1659704399999,17933994.21831740,13109,395.17652000,9155036.77178330,0
1659704400000,23016.38000000,23101.26000000,22875.65000000,23052.88000000,397.98748000,1659707999999,9157782.38396840,8768,200.59653000,4616959.87378560,0
1659708000000,23046.22000000,23369.81000000,23029.41000000,23176.91000000,383.75284000,1659711599999,8912246.94720540,8328,194.42608000,4516191.05739060,0
1659711600000,23180.05000000,23203.75000000,22958.29000000,22990.49000000,359.95389000,1659715199999,8300906.36246060,7758,190.13620000,4385211.37070450,0
1659715200000,22992.89000000,23071.52000000,22910.00000000,23037.36000000,193.27870000,1659718799999,4444137.35923960,5601,97.15406000,2233826.51418190,0
1659718800000,23038.67000000,23100.00000000,22807.55000000,22831.11000000,332.14352000,1659722399999,7627795.85610870,7444,179.83694000,4130405.43189480,0
1659722400000,22825.95000000,22890.17000000,22710.01000000,22808.47000000,208.81141000,1659725999999,4765228.80611560,4987,101.43425000,2316072.73178130,0
1659726000000,22809.91000000,22960.43000000,22777.00000000,22931.86000000,131.57543000,1659729599999,3011042.75914970,3970,73.75635000,1687829.76296610,0
1659729600000,22931.92000000,23002.86000000,22842.52000000,22984.62000000,160.11546000,1659733199999,3672915.59131900,4324,61.91242000,1420192.60137200,0
1659733200000,22986.91000000,23235.59000000,22981.97000000,23110.78000000,223.66116000,1659736799999,5170887.22500930,5134,116.32900000,2689241.06064990,0
1659736800000,23114.67000000,23284.24000000,23114.67000000,23251.71000000,199.63157000,1659740399999,4630825.22008900,4148,84.42388000,1958417.14541270,0
1659740400000,23251.25000000,23340.70000000,23158.67000000,23310.94000000,219.54114000,1659743999999,5102557.19568470,5431,124.77562000,2900157.28300870,0
1659744000000,23316.21000000,23355.00000000,23206.41000000,23267.14000000,164.89030000,1659747599999,3838944.59355430,4960,73.93242000,1721133.47013190,0
1659747600000,23270.66000000,23296.62000000,23188.90000000,23225.38000000,113.10994000,1659751199999,2629051.97621340,3339,53.66493000,1247402.74849140,0
1659751200000,23218.41000000,23290.53000000,23192.18000000,23274.19000000,144.12178000,1659754799999,3347390.87022630,3337,76.94368000,1787189.78007870,0
1659754800000,23270.94000000,23289.37000000,23155.35000000,23176.50000000,116.60932000,1659758399999,2705802.37294770,3340,55.79675000,1294610.55327330,0
1659758400000,23178.44000000,23227.84000000,23167.64000000,23212.85000000,72.45591000,1659761999999,1680841.51700770,2389,34.58906000,802447.82840660,0
1659762000000,23211.60000000,23237.73000000,23138.54000000,23199.32000000,129.52107000,1659765599999,3003349.21129560,3565,58.56274000,1358106.83175840,0
1659765600000,23202.67000000,23212.85000000,23145.69000000,23192.13000000,66.15595000,1659769199999,1533722.86310680,2135,36.01112000,834895.11167410,0
1659769200000,23193.28000000,23238.92000000,23165.80000000,23206.27000000,107.93215000,1659772799999,2504147.01818430,2821,52.81462000,1225339.54024110,0
1659772800000,23210.31000000,23261.03000000,23101.16000000,23158.66000000,194.28564000,1659776399999,4507329.29275530,4715,108.80682000,2524712.14359450,0
1659776400000,23158.52000000,23199.29000000,23139.74000000,23176.11000000,68.44198000,1659779999999,1585695.33169680,2000,36.40571000,843575.14375750,0
1659780000000,23177.10000000,23215.94000000,23171.62000000,23183.70000000,100.97777000,1659783599999,2341739.58313830,2145,55.32033000,1282888.69362490,0
1659783600000,23185.39000000,23205.88000000,23151.19000000,23161.16000000,51.53550000,1659787199999,1194597.92056070,1995,21.57315000,500121.75580070,0
1659787200000,23163.40000000,23209.52000000,23159.10000000,23176.32000000,74.77927000,1659790799999,1733508.59152340,2217,31.50691000,730420.97081400,0
1659790800000,23178.84000000,23240.00000000,23169.04000000,23192.77000000,52.43458000,1659794399999,1216877.83166240,1903,28.22923000,655112.82267610,0
1659794400000,23193.01000000,23236.71000000,23174.05000000,23219.06000000,51.39139000,1659797999999,1192591.90160020,1941,20.33644000,472026.65903440,0
1659798000000,23224.31000000,23235.24000000,23173.95000000,23204.58000000,47.29270000,1659801599999,1097399.78500930,1835,21.05091000,488539.00680000,0
1659801600000,23204.99000000,23227.43000000,23146.72000000,23159.25000000,74.18503000,1659805199999,1721168.58544240,2519,40.44513000,938395.43033950,0
1659805200000,23155.68000000,23261.97000000,22986.28000000,23132.26000000,267.92991000,1659808799999,6204485.55657260,6320,159.11310000,3687050.02416730,0
1659808800000,23135.12000000,23215.94000000,23085.98000000,23186.03000000,156.05966000,1659812399999,3613968.00825090,4680,71.26409000,1649966.53254190,0
1659812400000,23185.31000000,23207.66000000,23148.85000000,23185.75000000,120.10933000,1659815999999,2785207.05947310,4356,65.78311000,1525670.22799700,0
1659816000000,23188.50000000,23203.79000000,23100.00000000,23180.74000000,78.91913000,1659819599999,1826963.17592330,2642,38.62778000,894347.69357010,0
1659819600000,23174.26000000,23209.99000000,23168.76000000,23183.77000000,67.84343000,1659823199999,1573540.77666030,2183,32.72420000,759137.79032820,0
1659823200000,23183.77000000,23222.02000000,23150.00000000,23177.66000000,78.24778000,1659826799999,1813838.35571000,2195,44.03993000,1021140.45517390,0
1659826800000,23179.25000000,23179.25000000,22916.42000000,22954.82000000,212.29087000,1659830399999,4887481.98071000,5573,88.65642000,2040824.01263350,0
1659830400000,22960.86000000,23055.63000000,22850.35000000,22891.92000000,198.45759000,1659833999999,4557456.25454690,5456,99.56705000,2286439.76515260,0
1659834000000,22890.84000000,22944.02000000,22861.54000000,22913.17000000,135.08554000,1659837599999,3094349.18492040,4236,66.76730000,1529533.85458410,0
1659837600000,22918.40000000,23007.74000000,22908.66000000,22999.51000000,78.03157000,1659841199999,1791382.64963090,2284,36.36602000,834865.73254540,0
1659841200000,23000.25000000,23044.82000000,22974.68000000,22995.01000000,73.18460000,1659844799999,1683642.40175580,2656,34.34807000,790322.70993130,0
1659844800000,22998.45000000,23028.87000000,22941.70000000,22954.67000000,202.22462000,1659848399999,4646825.28276100,3402,65.40528000,1503118.97495790,0
1659848400000,22954.36000000,23004.00000000,22951.09000000,22973.52000000,48.32911000,1659851999999,1110577.63538610,1541,26.60182000,611329.26100380,0
1659852000000,22973.36000000,23025.51000000,22968.54000000,23009.07000000,71.34598000,1659855599999,1641165.44883700,2247,37.38678000,860038.93048240,0
1659855600000,23010.99000000,23033.91000000,22996.56000000,23016.89000000,78.88403000,1659859199999,1815486.90325090,1921,43.37521000,998345.86022940,0
1659859200000,23019.15000000,23028.83000000,22907.40000000,22927.69000000,105.58645000,1659862799999,2425394.83039440,2937,50.13836000,1151450.30980250,0
1659862800000,22927.12000000,22985.31000000,22892.64000000,22983.35000000,119.48042000,1659866399999,2741699.99137740,2737,54.77576000,1256809.37296410,0
1659866400000,22985.65000000,23094.39000000,22963.03000000,23004.12000000,78.78063000,1659869999999,1812733.88439100,1861,53.23911000,1225360.71222140,0
1659870000000,23001.66000000,23056.52000000,22965.44000000,23042.93000000,69.35922000,1659873599999,1595362.95224910,2320,36.29790000,834911.98447860,0
1659873600000,23045.00000000,23153.95000000,22977.03000000,23119.15000000,173.59443000,1659877199999,4010037.49207750,4401,84.85495000,1960808.29402080,0
1659877200000,23122.24000000,23189.43000000,23122.24000000,23157.03000000,83.56266000,1659880799999,1934780.21973210,2848,40.46235000,936902.21536280,0
1659880800000,23156.57000000,23182.10000000,23059.28000000,23122.02000000,93.75604000,1659884399999,2167788.33474690,2641,43.28979000,1000922.56731800,0
1659884400000,23121.05000000,23127.19000000,23005.91000000,23021.12000000,152.55732000,1659887999999,3516648.86025770,3649,74.83690000,1725013.88707610,0
1659888000000,23023.92000000,23137.95000000,22997.70000000,23095.86000000,67.27690000,1659891599999,1553247.05096350,2684,29.54093000,681916.75560390,0
1659891600000,23097.16000000,23300.00000000,23095.62000000,23244.86000000,223.04090000,1659895199999,5179696.26344320,5187,117.46960000,2728041.23692880,0
1659895200000,23244.56000000,23297.64000000,23185.00000000,23219.15000000,135.24776000,1659898799999,3145072.62419140,3399,71.10030000,1653700.01303730,0
1659898800000,23221.41000000,23224.80000000,23143.26000000,23160.60000000,100.78922000,1659902399999,2337453.10815630,2725,50.84163000,1179161.55787730,0
1659902400000,23164.11000000,23278.79000000,23154.58000000,23267.66000000,77.70370000,1659905999999,1804872.90456890,2430,38.76119000,900483.69751170,0
1659906000000,23271.28000000,23403.15000000,23268.37000000,23315.33000000,158.86105000,1659909599999,3706243.99416530,3909,95.93108000,2237901.35069820,0
1659909600000,23315.74000000,23325.56000000,23220.15000000,23247.52000000,114.19054000,1659913199999,2657360.89621530,2838,55.37036000,1288654.04811910,0
1659913200000,23249.44000000,23256.82000000,23058.10000000,23178.29000000,156.39701000,1659916799999,3619447.58063300,3747,72.64310000,1681735.46252910,0
1659916800000,23178.70000000,23351.69000000,23157.67000000,23265.43000000,237.68081000,1659920399999,5527417.16084330,4290,111.86740000,2602358.88759740,0
1659920400000,23270.00000000,23278.00000000,23171.79000000,23223.91000000,89.01892000,1659923999999,2066588.27128380,2916,43.30027000,1005249.01178870,0
1659924000000,23220.81000000,23330.00000000,23207.86000000,23309.30000000,109.53676000,1659927599999,2549641.33341340,3412,63.44983000,1476904.50103940,0
1659927600000,23309.46000000,23345.41000000,23260.00000000,23308.34000000,154.40213000,1659931199999,3598779.41396510,3161,89.20854000,2079400.55679040,0
1659931200000,23310.05000000,23362.04000000,23282.86000000,23345.71000000,142.21818000,1659934799999,3317514.83567990,2643,79.06413000,1844707.23299780,0
1659934800000,23345.91000000,23467.27000000,23336.59000000,23435.15000000,165.79449000,1659938399999,3879736.21257470,4104,86.36785000,2021384.36472680,0
1659938400000,23438.58000000,23795.68000000,23438.58000000,23735.22000000,510.18055000,1659941999999,12044849.18770030,8788,290.50490000,6856163.80113470,0
1659942000000,23738.23000000,23854.75000000,23689.23000000,23813.60000000,278.32551000,1659945599999,6623635.76971500,5254,135.38872000,3222591.83273710,0
1659945600000,23818.54000000,24180.36000000,23777.66000000,24135.86000000,552.85832000,1659949199999,13255062.13109730,9133,320.72315000,7687217.60813720,0
1659949200000,24142.58000000,24196.86000000,24059.90000000,24102.31000000,334.16882000,1659952799999,8067736.00640410,5856,172.44035000,4163362.04931730,0
1659952800000,24096.32000000,24128.33000000,24000.30000000,24066.49000000,254.24777000,1659956399999,6123466.20616450,4098,137.44360000,3310473.65091580,0
1659956400000,24063.01000000,24186.46000000,24019.26000000,24170.22000000,216.15079000,1659959999999,5207020.47021670,4060,113.97425000,2745866.23326840,0
1659960000000,24169.70000000,24299.00000000,24074.96000000,24126.84000000,479.87944000,1659963599999,11594136.29000480,6488,219.78376000,5310333.42508080,0
1659963600000,24126.62000000,24219.19000000,24013.04000000,24165.86000000,300.82042000,1659967199999,7253634.44570900,5973,157.19023000,3790619.34999210,0
1659967200000,24164.21000000,24233.75000000,24082.06000000,24152.38000000,263.09364000,1659970799999,6356418.84718520,5284,147.49248000,3563849.63429110,0
1659970800000,24155.96000000,24213.20000000,23892.00000000,23994.49000000,485.85340000,1659974399999,11688259.53360510,7633,246.04351000,5919521.58119120,0
1659974400000,23996.62000000,24015.09000000,23840.00000000,23946.14000000,359.45757000,1659977999999,8598916.48720120,5641,182.49865000,4365334.17559320,0
1659978000000,23941.19000000,23994.37000000,23908.98000000,23968.91000000,147.01153000,1659981599999,3521709.10436020,3263,72.10193000,1727278.14009090,0
1659981600000,23968.33000000,23984.04000000,23880.74000000,23922.53000000,188.52588000,1659985199999,4513715.09550200,3443,101.07542000,2420338.31147100,0
1659985200000,23922.45000000,23961.45000000,23800.00000000,23932.80000000,235.51134000,1659988799999,5629531.72330530,3995,105.72396000,2527442.16992700,0
1659988800000,23932.92000000,24108.69000000,23912.04000000,24071.45000000,235.93272000,1659992399999,5662311.14276520,3568,125.08047000,3001898.50972320,0
1659992400000,24071.45000000,24072.20000000,23770.87000000,23853.48000000,247.10701000,1659995999999,5898031.35998520,3990,128.13484000,3058047.42269190,0
1659996000000,23853.48000000,23860.57000000,23680.00000000,23815.89000000,215.45267000,1659999599999,5126653.33290860,4023,99.74681000,2373434.59903970,0
1659999600000,23818.83000000,23931.10000000,23758.82000000,23812.30000000,202.40803000,1660003199999,4821994.68555350,4842,102.10619000,2432246.44888720,0
1660003200000,23811.82000000,23876.27000000,23734.17000000,23795.04000000,115.49747000,1660006799999,2751985.23809350,3432,54.87381000,1307359.72786670,0
1660006800000,23800.80000000,23841.97000000,23715.48000000,23736.93000000,266.82989000,1660010399999,6347643.45707170,5644,138.03285000,3283890.27131970,0
1660010400000,23734.51000000,23824.23000000,23633.33000000,23816.37000000,209.55125000,1660013999999,4975474.05100520,5017,95.44942000,2266807.12855870,0
1660014000000,23809.79000000,23854.53000000,23788.01000000,23836.20000000,157.10965000,1660017599999,3743469.88064940,3535,81.41537000,1939860.77564250,0
1660017600000,23835.43000000,23910.21000000,23797.46000000,23887.43000000,125.17047000,1660021199999,2986031.51110010,3018,67.14577000,1602025.96158850,0
1660021200000,23894.04000000,23933.73000000,23859.85000000,23872.57000000,143.73131000,1660024799999,3433254.76716070,3473,76.23909000,1821079.04575110,0
1660024800000,23877.57000000,23882.47000000,23759.80000000,23854.51000000,138.27066000,1660028399999,3291746.65546490,3799,74.07601000,1763323.07043110,0
1660028400000,23853.51000000,23910.30000000,23820.00000000,23882.76000000,168.11233000,1660031999999,4011578.42291600,4001,99.62364000,2377521.62513700,0
1660032000000,23882.76000000,23893.52000000,23773.88000000,23785.43000000,146.15522000,1660035599999,3482760.57018660,3827,70.58034000,1682037.23574360,0
1660035600000,23780.32000000,23834.18000000,23456.39000000,23478.30000000,346.81209000,1660039199999,8195971.54951410,6871,167.51846000,3960492.30606380,0
1660039200000,23482.19000000,23533.70000000,23341.44000000,23359.50000000,413.01433000,1660042799999,9674057.94232590,7500,189.93288000,4449110.58595630,0
1660042800000,23358.81000000,23419.82000000,23189.00000000,23264.46000000,428.22407000,1660046399999,9988216.24968630,7380,207.31426000,4835775.81307720,0
1660046400000,23269.47000000,23309.28000000,23203.08000000,23247.67000000,378.62260000,1660049999999,8807767.72699650,6750,197.56866000,4595843.26414280,0
1660050000000,23249.99000000,23329.30000000,23033.94000000,23073.15000000,471.37908000,1660053599999,10948375.44558130,8900,247.70733000,5753736.01294360,0
1660053600000,23069.33000000,23126.85000000,22870.00000000,23102.45000000,437.47515000,1660057199999,10069343.61310360,9193,223.85247000,5154889.64423950,0
1660057200000,23104.75000000,23162.44000000,23036.31000000,23083.23000000,135.42318000,1660060799999,3129849.88135230,3447,59.43509000,1373876.02628740,0
1660060800000,23081.81000000,23124.85000000,22983.10000000,23075.03000000,229.79223000,1660064399999,5301281.51467740,4967,119.57016000,2758508.29103860,0
1660064400000,23073.38000000,23136.17000000,22974.68000000,23059.05000000,186.75605000,1660067999999,4308440.95366980,3837,87.20371000,2012152.47257230,0
1660068000000,23059.10000000,23078.37000000,22992.65000000,23061.29000000,137.07932000,1660071599999,3158629.40855000,3500,67.21796000,1548916.61461040,0
1660071600000,23060.00000000,23101.81000000,23011.30000000,23060.00000000,134.38270000,1660075199999,3098935.50418650,3453,66.72406000,1538794.99475190,0
1660075200000,23065.02000000,23188.22000000,23058.42000000,23142.39000000,181.94202000,1660078799999,4207573.37490490,4154,97.27209000,2249330.81704040,0
1660078800000,23145.79000000,23220.30000000,23131.95000000,23197.65000000,99.43519000,1660082399999,2305635.56754190,2753,47.70378000,1106218.61926130,0
1660082400000,23195.76000000,23270.51000000,23133.10000000,23177.59000000,177.07758000,1660085999999,4108775.73220430,3507,87.75219000,2036113.80884300,0
1660086000000,23177.95000000,23248.18000000,23139.37000000,23156.08000000,156.28188000,1660089599999,3625690.35058040,3333,69.94591000,1622779.56358680,0
1660089600000,23151.59000000,23154.85000000,22664.29000000,22778.59000000,488.08511000,1660093199999,11163518.49308410,9454,216.16417000,4942158.09702670,0
1660093200000,22771.26000000,22954.16000000,22763.20000000,22892.22000000,307.11627000,1660096799999,7023621.64069150,6650,162.29836000,3712141.04022860,0
1660096800000,22890.76000000,22943.35000000,22768.87000000,22917.69000000,255.75689000,1660100399999,5846284.89500730,5727,130.96167000,2993988.91274480,0
1660100400000,22917.87000000,22941.72000000,22854.85000000,22861.94000000,175.25088000,1660103999999,4012803.91580220,3992,91.70697000,2100060.34339410,0
1660104000000,22870.92000000,23008.67000000,22856.85000000,22948.22000000,239.14019000,1660107599999,5483166.45015580,4586,111.98573000,2568233.53733410,0
1660107600000,22946.48000000,22970.90000000,22887.24000000,22906.32000000,154.14276000,1660111199999,3535216.47286980,3681,69.58666000,1595908.64959800,0
1660111200000,22909.43000000,22982.65000000,22837.70000000,22941.29000000,145.19467000,1660114799999,3326404.44565670,3206,76.83246000,1760538.02171890,0
1660114800000,22944.00000000,23018.12000000,22932.39000000,22972.57000000,210.22267000,1660118399999,4830214.17749890,3640,109.33378000,2512299.93942160,0
1660118400000,22976.67000000,23144.75000000,22972.24000000,23112.92000000,330.71864000,1660121999999,7620067.83419690,5640,176.04299000,4057707.55735440,0
1660122000000,23114.19000000,23136.64000000,23032.89000000,23087.02000000,192.29002000,1660125599999,4438556.15660850,4621,106.02698000,2447371.83980490,0
1660125600000,23091.66000000,23097.20000000,22980.00000000,23068.52000000,306.89315000,1660129199999,7073116.76791160,6355,160.11561000,3690251.14184100,0
1660129200000,23072.54000000,23208.90000000,23055.85000000,23135.09000000,345.32045000,1660132799999,7984310.48317380,7070,176.58049000,4083291.44151310,0
1660132800000,23130.83000000,24068.17000000,23017.94000000,24003.54000000,1675.70828000,1660136399999,39633816.33204000,26818,817.52147000,19331928.63160280,0
1660136400000,24005.25000000,24197.92000000,23870.00000000,24032.00000000,836.12646000,1660139999999,20107564.92484990,16927,431.95977000,10391222.90958130,0
1660140000000,24029.50000000,24094.99000000,23841.42000000,24015.25000000,635.33497000,1660143599999,15227422.47274860,12092,328.35058000,7871847.35098560,0
1660143600000,24015.62000000,24095.17000000,23931.19000000,24006.01000000,443.29536000,1660147199999,10641958.75255570,9764,218.89800000,5255624.68352920,0
1660147200000,24005.99000000,24096.79000000,23937.70000000,23969.24000000,412.87351000,1660150799999,9913072.50679210,9698,209.34690000,5026291.06911870,0
1660150800000,23972.36000000,23975.43000000,23836.67000000,23917.04000000,354.06451000,1660154399999,8468353.91516740,7849,176.78732000,4228691.63273910,0
1660154400000,23922.86000000,23944.48000000,23483.38000000,23602.34000000,708.67277000,1660157999999,16821259.07468650,13350,368.71888000,8754659.61902200,0
1660158000000,23600.00000000,23711.97000000,23544.22000000,23643.37000000,280.73020000,1660161599999,6631967.67199540,6626,146.16558000,3453154.88899170,0
1660161600000,23641.27000000,23938.87000000,23630.00000000,23900.00000000,383.72637000,1660165199999,9116384.83212970,8082,192.96771000,4584463.37061180,0
1660165200000,23900.75000000,24235.88000000,23784.54000000,23966.54000000,429.82030000,1660168799999,10294361.40707540,11221,230.43906000,5519210.28260000,0
1660168800000,23963.84000000,24031.62000000,23811.54000000,23848.50000000,345.99011000,1660172399999,8273648.09771400,7781,163.53628000,3910199.99206380,0
1660172400000,23846.54000000,23973.36000000,23829.18000000,23959.95000000,231.84048000,1660175999999,5544567.13354050,4936,110.06529000,2632169.19283760,0
1660176000000,23959.41000000,24099.69000000,23920.00000000,24057.39000000,439.25461000,1660179599999,10548520.07764320,9931,258.90152000,6217920.13525840,0
1660179600000,24060.71000000,24497.86000000,24050.00000000,24442.96000000,649.49807000,1660183199999,15797217.10363680,14675,365.11669000,8879172.14952740,0
1660183200000,24449.72000000,24472.01000000,24203.64000000,24273.30000000,346.77826000,1660186799999,8438393.75238950,8726,175.18785000,4263422.19322410,0
1660186800000,24275.10000000,24385.12000000,24219.80000000,24333.38000000,315.52869000,1660190399999,7673364.61517780,7057,163.69149000,3980943.27050810,0
1660190400000,24334.66000000,24546.93000000,24295.79000000,24529.49000000,302.78015000,1660193999999,7390375.85709370,8255,160.97321000,3929599.98443430,0
1660194000000,24531.77000000,24668.19000000,24483.82000000,24570.67000000,414.26689000,1660197599999,10186899.51858590,12046,218.28296000,5367803.92085920,0
1660197600000,24571.89000000,24634.73000000,24497.81000000,24554.19000000,366.04145000,1660201199999,8992138.98369090,11125,170.31081000,4184551.01293350,0
1660201200000,24550.81000000,24750.00000000,24367.03000000,24437.96000000,496.65631000,1660204799999,12202160.28863160,13831,283.25768000,6961311.28292320,0
1660204800000,24444.00000000,24565.69000000,24360.39000000,24537.64000000,389.84046000,1660208399999,9540509.03388840,10121,220.26674000,5391252.66023040,0
1660208400000,24535.09000000,24549.90000000,24449.05000000,24454.55000000,230.13198000,1660211999999,5638442.89676640,7251,117.38197000,2876121.48572950,0
1660212000000,24454.43000000,24531.35000000,24394.49000000,24490.82000000,218.88532000,1660215599999,5356940.58250830,7531,111.44841000,2727776.90742160,0
1660215600000,24490.54000000,24695.61000000,24477.61000000,24571.22000000,433.09721000,1660219199999,10646474.54225450,9890,199.00531000,4892758.05123100,0
1660219200000,24570.95000000,24928.38000000,24552.04000000,24871.14000000,917.52925000,1660222799999,22686724.14628080,21799,464.01643000,11475667.90352890,0
1660222800000,24873.09000000,24890.41000000,24526.22000000,24742.55000000,647.34383000,1660226399999,16000496.17729410,16782,310.73844000,7681683.61654670,0
1660226400000,24744.08000000,24880.00000000,24438.09000000,24574.31000000,713.22186000,1660229999999,17594492.51821010,15551,325.10165000,8025918.33930190,0
1660230000000,24575.11000000,24593.97000000,24298.32000000,24354.76000000,473.98673000,1660233599999,11581072.14062100,13830,221.18347000,5404615.64557100,0
1660233600000,24354.04000000,24502.91000000,24259.93000000,24345.03000000,461.18490000,1660237199999,11229556.49390990,12261,256.54376000,6248860.60746890,0
1660237200000,24352.04000000,24430.37000000,24283.23000000,24351.91000000,250.93300000,1660240799999,6113533.55746900,7435,138.87074000,3383791.74638670,0
1660240800000,24352.18000000,24353.57000000,24087.00000000,24157.37000000,425.14203000,1660244399999,10284964.73996010,11222,213.48995000,5165316.03220860,0
1660244400000,24158.75000000,24235.01000000,24087.23000000,24235.01000000,247.34669000,1660247999999,5976333.49372050,7379,119.12309000,2878359.49651810,0
1660248000000,24231.24000000,24248.64000000,24035.00000000,24215.66000000,264.24071000,1660251599999,6383475.79607410,7528,131.75252000,3183166.14315350,0
1660251600000,24216.12000000,24338.55000000,24057.14000000,24195.10000000,144.06120000,1660255199999,3483245.49630680,5632,75.51390000,1825866.12310890,0
1660255200000,24195.10000000,24220.00000000,23901.00000000,23906.18000000,363.27578000,1660258799999,8745464.27929900,9093,190.72921000,4591623.88148680,0
1660258800000,23901.02000000,23972.94000000,23865.43000000,23942.46000000,363.68816000,1660262399999,8703297.08807080,9363,172.22228000,4121223.41549800,0
1660262400000,23945.54000000,24017.34000000,23769.36000000,23979.12000000,442.23717000,1660265999999,10577659.59490070,10613,236.19426000,5651807.74719390,0
1660266000000,23978.03000000,24014.40000000,23864.32000000,23918.12000000,179.82652000,1660269599999,4304732.30068220,5672,94.98697000,2273797.32881440,0
1660269600000,23919.96000000,24108.76000000,23806.66000000,24021.20000000,286.85584000,1660273199999,6870401.69605890,8323,134.06538000,3210244.61322790,0
1660273200000,24025.39000000,24078.01000000,23953.27000000,24022.94000000,230.51090000,1660276799999,5534507.76281710,6532,121.26291000,2912049.45134900,0
1660276800000,24025.40000000,24061.13000000,23921.53000000,23942.31000000,148.19437000,1660280399999,3554501.25124920,5542,81.02028000,1943438.52894660,0
1660280400000,23941.64000000,24065.04000000,23935.20000000,23963.31000000,201.99797000,1660283999999,4844994.74197740,7831,111.05609000,2664157.24211250,0
1660284000000,23961.45000000,24001.46000000,23892.43000000,23964.34000000,194.75082000,1660287599999,4662441.00209920,6787,106.80499000,2557016.47308630,0
1660287600000,23960.98000000,24000.00000000,23914.90000000,23970.42000000,241.59601000,1660291199999,5788387.94937630,6957,133.15506000,3190465.79690060,0
1660291200000,23974.91000000,24006.44000000,23923.33000000,23936.90000000,225.38018000,1660294799999,5403219.39570650,6150,129.33211000,3100708.50685520,0
1660294800000,23933.16000000,24158.42000000,23910.08000000,23999.12000000,335.38077000,1660298399999,8065213.22740940,8044,184.91973000,4447321.74259580,0
1660298400000,23997.45000000,24008.85000000,23707.30000000,23759.74000000,284.76756000,1660301999999,6798361.75067980,8820,140.55442000,3356195.62999050,0
1660302000000,23756.95000000,23827.50000000,23588.13000000,23683.95000000,408.94692000,1660305599999,9701663.99100730,9134,185.69747000,4404779.18552820,0
1660305600000,23683.19000000,23816.97000000,23659.99000000,23793.97000000,233.53544000,1660309199999,5547744.90342590,7035,125.24621000,2975903.39453700,0
1660309200000,23796.17000000,23943.83000000,23735.90000000,23841.55000000,496.97914000,1660312799999,11840665.19141720,13245,262.78298000,6261693.28013530,0
1660312800000,23836.42000000,23884.95000000,23700.60000000,23827.34000000,400.21284000,1660316399999,9531907.69413180,11388,196.88594000,4690556.16863030,0
1660316400000,23829.96000000,24020.48000000,23812.84000000,23993.12000000,369.56137000,1660319999999,8844803.97024460,10390,171.44395000,4103429.51981800,0
1660320000000,23994.78000000,24093.49000000,23958.79000000,23998.87000000,343.36533000,1660323599999,8249773.35409870,8853,171.87073000,4129692.82234350,0
1660323600000,23999.99000000,24062.18000000,23987.45000000,24018.36000000,440.32494000,1660327199999,10576990.63679980,9662,206.14404000,4951981.90933860,0
1660327200000,24019.69000000,24299.75000000,23987.35000000,24138.46000000,413.72850000,1660330799999,9979844.92938320,10139,227.14775000,5479379.61847690,0
1660330800000,24139.61000000,24268.54000000,24131.98000000,24190.03000000,235.85842000,1660334399999,5707891.39988430,8055,100.16820000,2423904.66994150,0
1660334400000,24183.99000000,24297.86000000,24057.36000000,24233.87000000,282.45090000,1660337999999,6821572.85355020,7822,137.07693000,3310666.48153070,0
1660338000000,24234.27000000,24256.93000000,24101.05000000,24124.40000000,96.93094000,1660341599999,2342860.16233280,3625,48.87381000,1181260.24570340,0
1660341600000,24125.61000000,24261.09000000,24085.56000000,24247.31000000,176.09428000,1660345199999,4254319.11199280,5509,80.11359000,1935172.69946030,0
1660345200000,24251.22000000,24470.83000000,24213.55000000,24411.19000000,344.09622000,1660348799999,8387516.53381700,10155,172.95872000,4216983.28778710,0
1660348800000,24415.09000000,24506.00000000,24343.92000000,24495.84000000,289.02691000,1660352399999,7057900.98378260,7960,147.57388000,3604835.58116150,0
1660352400000,24500.00000000,24614.97000000,24452.33000000,24567.75000000,301.57098000,1660355999999,7395494.35686900,9309,163.86738000,4018688.31065400,0
1660356000000,24573.26000000,24703.44000000,24526.18000000,24696.21000000,337.18598000,1660359599999,8291021.02475970,8256,184.66469000,4541468.79833230,0
1660359600000,24687.83000000,24821.57000000,24611.40000000,24804.31000000,491.81762000,1660363199999,12159625.71491830,12018,282.17676000,6977223.37790860,0
1660363200000,24804.74000000,24856.60000000,24707.84000000,24740.82000000,342.28965000,1660366799999,8479693.46452850,9875,219.98818000,5450267.51014960,0
1660366800000,24747.54000000,24761.69000000,24667.88000000,24725.87000000,236.88980000,1660370399999,5855782.82499780,7081,135.18586000,3342012.61230730,0
1660370400000,24725.73000000,24900.00000000,24621.90000000,24664.52000000,446.71612000,1660373999999,11081393.68479140,11833,291.52324000,7233666.17635140,0
1660374000000,24666.44000000,24719.75000000,24566.62000000,24583.94000000,194.80109000,1660377599999,4802804.26828060,6358,98.42693000,2426701.48740000,0
1660377600000,24581.99000000,24666.13000000,24376.69000000,24416.03000000,237.73618000,1660381199999,5831423.83279010,7104,119.12261000,2923162.33228170,0
1660381200000,24414.38000000,24660.56000000,24365.22000000,24594.92000000,323.86291000,1660384799999,7933763.32673890,8290,172.04670000,4215065.34638020,0
1660384800000,24598.40000000,24614.61000000,24414.61000000,24512.80000000,269.24679000,1660388399999,6601740.86389450,8072,136.00089000,3334773.01808930,0
1660388400000,24509.62000000,24516.91000000,24295.06000000,24447.87000000,210.19254000,1660391999999,5133665.07174150,7531,112.49549000,2747495.36729100,0
1660392000000,24447.57000000,24484.96000000,24311.45000000,24454.37000000,203.54539000,1660395599999,4969261.51645280,6461,132.66385000,3238832.17387970,0
1660395600000,24455.98000000,24547.47000000,24423.50000000,24470.53000000,337.87352000,1660399199999,8271232.23901820,8908,229.95487000,5629845.16062470,0
1660399200000,24470.85000000,24557.13000000,24433.67000000,24481.53000000,275.23187000,1660402799999,6741191.70986780,7703,138.72645000,3398253.88998200,0
1660402800000,24482.42000000,24610.62000000,24448.52000000,24522.42000000,365.70750000,1660406399999,8971150.88448940,8488,222.74666000,5464479.22291550,0
1660406400000,24524.31000000,24572.28000000,24460.51000000,24492.12000000,194.79045000,1660409999999,4774662.39198300,6098,104.91890000,2571961.89868240,0
1660410000000,24493.98000000,24584.76000000,24466.25000000,24578.67000000,201.24990000,1660413599999,4937020.68091000,6110,104.40001000,2561249.09899840,0
1660413600000,24579.16000000,24607.00000000,24401.84000000,24461.39000000,206.22474000,1660417199999,5052841.04535020,6434,97.90187000,2398995.91405460,0
1660417200000,24461.38000000,24504.40000000,24338.53000000,24406.60000000,199.65853000,1660420799999,4878725.81381310,5649,93.18121000,2277156.86786090,0
1660420800000,24404.76000000,24513.29000000,24325.94000000,24493.96000000,209.35184000,1660424399999,5115202.96515010,6092,104.90317000,2563335.01224830,0
1660424400000,24491.01000000,24553.00000000,24466.99000000,24506.82000000,124.98269000,1660427999999,3062067.96921370,4151,61.00157000,1494600.09296220,0
1660428000000,24505.87000000,24538.44000000,24392.45000000,24399.09000000,187.12444000,1660431599999,4578061.42903350,5486,85.22481000,2085341.40383530,0
1660431600000,24397.02000000,24508.52000000,24369.59000000,24452.92000000,171.19642000,1660435199999,4182215.41702810,5245,90.76606000,2217528.85077830,0
1660435200000,24451.65000000,24524.44000000,24351.57000000,24520.75000000,190.18850000,1660438799999,4643228.58072150,6327,101.68042000,2482425.94060410,0
1660438800000,24520.79000000,24646.42000000,24420.00000000,24595.01000000,269.85390000,1660442399999,6629129.21633570,6794,132.64116000,3258709.14132020,0
1660442400000,24594.98000000,24623.89000000,24511.13000000,24602.91000000,100.84328000,1660445999999,2478525.20259200,3728,53.21234000,1307960.99890330,0
1660446000000,24602.05000000,24633.36000000,24548.94000000,24578.08000000,79.50295000,1660449599999,1954592.57128220,3224,42.56729000,1046568.71911970,0
1660449600000,24577.82000000,24650.00000000,24506.81000000,24574.89000000,92.61111000,1660453199999,2276214.89574080,3631,47.59232000,1169687.86623250,0
1660453200000,24573.60000000,24624.59000000,24530.00000000,24592.51000000,81.33225000,1660456799999,1999466.76267710,2968,38.67019000,950682.78917070,0
1660456800000,24590.28000000,24690.00000000,24590.28000000,24683.12000000,125.85519000,1660460399999,3100318.40415740,3537,54.41710000,1340643.80211890,0
1660460400000,24681.82000000,25061.63000000,24673.29000000,24881.87000000,652.66713000,1660463999999,16241041.01781370,13068,351.82686000,8754246.50171980,0
1660464000000,24879.70000000,24890.80000000,24602.20000000,24668.22000000,515.12405000,1660467599999,12756733.30308090,11272,239.42589000,5929953.72106980,0
1660467600000,24667.02000000,24817.30000000,24632.36000000,24759.65000000,397.00781000,1660471199999,9820940.25125860,7080,240.31124000,5947764.32115350,0
1660471200000,24758.94000000,24765.60000000,24615.26000000,24629.02000000,176.27922000,1660474799999,4352046.00645510,4822,91.03119000,2247904.27385200,0
1660474800000,24629.23000000,24684.42000000,24529.31000000,24573.70000000,134.58771000,1660478399999,3311696.58655310,4321,63.66601000,1566467.60141930,0
1660478400000,24568.35000000,24600.96000000,24476.34000000,24537.36000000,186.20844000,1660481999999,4565949.03144770,4951,90.24418000,2213123.94093420,0
1660482000000,24535.70000000,24543.83000000,24406.00000000,24480.00000000,210.20212000,1660485599999,5145128.13937570,6127,110.68605000,2709632.90186690,0
1660485600000,24480.00000000,24540.10000000,24463.53000000,24521.81000000,142.03739000,1660489199999,3479376.99780980,4835,84.68625000,2074001.72473140,0
1660489200000,24522.14000000,24546.04000000,24474.74000000,24529.57000000,136.69120000,1660492799999,3350067.69333220,3550,60.23170000,1476202.38335870,0
1660492800000,24533.14000000,24568.65000000,24309.38000000,24321.07000000,290.39027000,1660496399999,7095799.55389380,7619,141.19146000,3450304.59341610,0
1660496400000,24318.11000000,24335.77000000,24180.00000000,24238.55000000,425.58123000,1660499999999,10325562.18963820,9591,202.25313000,4907434.84618190,0
1660500000000,24237.11000000,24307.37000000,24153.98000000,24293.96000000,247.13309000,1660503599999,5992538.88392340,5785,131.22259000,3181958.37113580,0
1660503600000,24292.27000000,24334.78000000,24250.00000000,24292.20000000,115.52099000,1660507199999,2806039.63044470,3146,60.48927000,1469360.00167820,0
1660507200000,24291.25000000,24357.34000000,24257.59000000,24320.33000000,151.70297000,1660510799999,3688144.27342110,3654,67.10824000,1631323.67369400,0
1660510800000,24320.23000000,24439.47000000,24281.00000000,24351.95000000,156.96530000,1660514399999,3823422.25881680,4048,67.17330000,1635619.99875650,0
1660514400000,24351.66000000,24376.38000000,24180.00000000,24265.66000000,328.99411000,1660517999999,7987744.10762240,7185,164.00703000,3981609.16442630,0
1660518000000,24264.51000000,24367.18000000,24245.45000000,24312.88000000,201.95724000,1660521599999,4907560.81966050,4961,112.15811000,2725264.93816330,0
1660521600000,24316.89000000,24419.11000000,24173.94000000,24406.12000000,312.19443000,1660525199999,7585772.56295120,8180,177.30788000,4308635.44991970,0
1660525200000,24404.63000000,24675.31000000,24343.12000000,24654.30000000,502.14181000,1660528799999,12306248.10797790,11491,290.75751000,7125093.62644590,0
1660528800000,24650.04000000,24951.24000000,24647.84000000,24928.43000000,572.45102000,1660532399999,14203024.13463230,12273,344.40317000,8546512.10305900,0
1660532400000,24926.45000000,25220.00000000,24794.96000000,24876.60000000,906.46851000,1660535999999,22660035.37170550,19716,488.18771000,12202513.63758410,0
1660536000000,24871.89000000,24891.15000000,24699.20000000,24857.85000000,442.33423000,1660539599999,10968767.08346490,9683,227.81563000,5650029.10886540,0
1660539600000,24858.00000000,24985.94000000,24757.47000000,24829.86000000,481.79178000,1660543199999,11968020.16925440,10799,265.72609000,6601786.10325810,0
1660543200000,24829.84000000,24837.04000000,24090.63000000,24141.22000000,946.58310000,1660546799999,23104323.84144840,19044,460.42009000,11233971.14206820,0
1660546800000,24140.71000000,24218.73000000,23936.04000000,24033.15000000,925.91565000,1660550399999,22288816.76748820,17148,466.09328000,11219725.30417650,0
1660550400000,24031.05000000,24088.70000000,23876.82000000,24048.76000000,490.01872000,1660553999999,11764590.58750740,11304,240.56965000,5776068.61819250,0
1660554000000,24048.93000000,24210.00000000,23999.80000000,24180.98000000,339.44917000,1660557599999,8174890.27925520,9131,169.99646000,4094023.67232840,0
1660557600000,24181.76000000,24318.33000000,24136.89000000,24274.45000000,384.49254000,1660561199999,9305621.32308480,9395,193.30708000,4679653.50464640,0
1660561200000,24277.09000000,24320.35000000,24000.41000000,24056.41000000,456.77087000,1660564799999,11034948.60784040,9822,209.86174000,5069844.80752290,0
1660564800000,24058.22000000,24199.67000000,23904.44000000,23956.71000000,460.07387000,1660568399999,11068006.68782160,10215,243.83705000,5866320.14781940,0
1660568400000,23960.21000000,24210.19000000,23940.19000000,24174.67000000,711.40373000,1660571999999,17143710.71660240,14254,403.63705000,9728277.26478530,0
1660572000000,24164.38000000,24206.73000000,24088.40000000,24123.77000000,459.18917000,1660575599999,11084558.30949720,9499,232.49829000,5612486.34585520,0
1660575600000,24120.00000000,24272.73000000,24055.34000000,24233.67000000,418.12949000,1660579199999,10104262.64203210,8868,214.91311000,5194084.53873170,0
1660579200000,24237.40000000,24285.71000000,24160.00000000,24262.65000000,364.81561000,1660582799999,8839242.68054390,8400,183.72888000,4451997.48189620,0
1660582800000,24263.46000000,24279.27000000,24079.20000000,24121.97000000,293.63667000,1660586399999,7099711.10028600,7779,143.29319000,3464918.75426370,0
1660586400000,24120.84000000,24145.27000000,24012.00000000,24104.05000000,264.38896000,1660589999999,6371857.25199650,6816,136.20310000,3282646.06190090,0
1660590000000,24104.05000000,24160.77000000,23970.02000000,23985.54000000,391.24602000,1660593599999,9411344.78773120,9182,201.75709000,4853469.10836100,0
1660593600000,23986.80000000,24114.83000000,23977.06000000,24073.13000000,303.87115000,1660597199999,7304350.54886610,7934,145.38496000,3494664.81739960,0
1660597200000,24071.05000000,24146.15000000,23990.00000000,24031.40000000,178.74024000,1660600799999,4304326.44084610,5115,84.84848000,2043458.82663160,0
1660600800000,24030.70000000,24149.79000000,23977.00000000,24023.56000000,912.12971000,1660604399999,21938265.52345660,13642,254.87590000,6132412.00246120,0
1660604400000,24018.95000000,24197.99000000,23780.95000000,24097.01000000,936.75781000,1660607999999,22471189.29778520,18962,449.61922000,10786823.14997800,0
1660608000000,24098.03000000,24166.53000000,23964.76000000,24130.21000000,546.52884000,1660611599999,13155240.32416520,12335,270.48723000,6510804.56616310,0
1660611600000,24128.28000000,24255.35000000,24104.50000000,24113.83000000,390.79205000,1660615199999,9451504.94841560,9850,196.64515000,4756161.95183710,0
1660615200000,24113.83000000,24206.41000000,24028.36000000,24051.35000000,324.41801000,1660618799999,7823654.78587310,8494,170.94813000,4122771.69669010,0
1660618800000,24050.98000000,24197.43000000,23860.50000000,24086.93000000,583.68439000,1660622399999,14024741.44742520,13513,276.79951000,6652144.68806020,0
1660622400000,24093.37000000,24148.41000000,23942.88000000,23962.45000000,319.04881000,1660625999999,7672174.50155070,7708,163.73698000,3937327.28895940,0
1660626000000,23961.55000000,24018.35000000,23806.50000000,23953.61000000,344.39801000,1660629599999,8234715.30702800,9431,171.04139000,4089774.75229080,0
1660629600000,23952.35000000,24045.26000000,23921.28000000,24003.67000000,185.14799000,1660633199999,4443218.46677990,6623,101.30101000,2431113.43377370,0
1660633200000,24004.14000000,24073.24000000,23940.00000000,24073.24000000,162.39446000,1660636799999,3898667.17524520,6468,86.29054000,2071710.10961700,0
1660636800000,24069.17000000,24087.54000000,23975.86000000,23997.68000000,201.64824000,1660640399999,4843743.53434070,6890,96.78992000,2324972.50401290,0
1660640400000,23998.38000000,24128.69000000,23987.61000000,24083.83000000,251.66965000,1660643999999,6061121.13796380,7334,125.07943000,3012284.87726570,0
1660644000000,24087.08000000,24109.89000000,23999.00000000,24015.40000000,177.79733000,1660647599999,4275686.27219650,5265,93.64570000,2251860.19938840,0
1660647600000,24017.11000000,24152.96000000,23995.51000000,24040.44000000,442.64905000,1660651199999,10654088.41279920,8913,229.28254000,5518169.66289360,0
1660651200000,24043.97000000,24095.87000000,23897.52000000,23944.01000000,318.35746000,1660654799999,7642499.58826390,8883,154.74204000,3714796.96735270,0
1660654800000,23943.28000000,24030.30000000,23862.88000000,23906.93000000,342.62782000,1660658399999,8202486.60792390,10258,176.36429000,4222184.22930560,0
1660658400000,23900.26000000,23924.90000000,23685.00000000,23725.05000000,537.63076000,1660661999999,12793965.30618160,14912,279.32332000,6647894.11314760,0
1660662000000,23718.45000000,23931.11000000,23674.00000000,23902.72000000,346.55826000,1660665599999,8252736.51501120,10341,163.27278000,3888522.50172220,0
1660665600000,23903.42000000,23923.79000000,23692.67000000,23815.34000000,340.07862000,1660669199999,8092651.59701550,9233,168.48239000,4008849.44440870,0
1660669200000,23811.27000000,23899.78000000,23783.51000000,23866.98000000,385.48611000,1660672799999,9193870.84219250,9338,172.46495000,4113174.40148300,0
1660672800000,23865.13000000,24057.87000000,23704.51000000,23835.50000000,497.11947000,1660676399999,11875951.46650300,13137,255.70553000,6109726.01469210,0
1660676400000,23837.88000000,23971.42000000,23798.52000000,23935.68000000,257.75515000,1660679999999,6161780.87563170,7787,133.95356000,3201946.29697320,0
1660680000000,23936.20000000,23994.79000000,23902.73000000,23983.77000000,250.46021000,1660683599999,5998015.08443220,6535,120.37100000,2882519.57690670,0
1660683600000,23980.94000000,23995.79000000,23880.55000000,23951.82000000,150.56090000,1660687199999,3604602.44688710,4679,78.96967000,1890615.45111900,0
1660687200000,23951.26000000,23953.75000000,23807.12000000,23849.05000000,233.57753000,1660690799999,5575509.78574230,6890,120.36400000,2873306.56173270,0
1660690800000,23847.92000000,23902.52000000,23818.57000000,23858.07000000,201.08976000,1660694399999,4799404.26343830,6206,105.49156000,2517842.68933540,0
1660694400000,23856.51000000,24040.13000000,23828.80000000,24010.39000000,338.79702000,1660697999999,8112045.05412960,9978,179.41946000,4295100.78629440,0
1660698000000,24012.71000000,24066.00000000,23936.85000000,23946.85000000,363.71170000,1660701599999,8729874.96493930,8885,164.96254000,3960079.44033140,0
1660701600000,23946.98000000,24067.00000000,23902.40000000,23994.19000000,227.31663000,1660705199999,5451548.38851110,5936,117.15997000,2810315.47906940,0
1660705200000,23995.21000000,24085.86000000,23990.99000000,24008.76000000,251.58907000,1660708799999,6049635.99049520,6867,133.78927000,3216935.68356300,0
1660708800000,24008.83000000,24091.80000000,24006.88000000,24069.51000000,127.24936000,1660712399999,3059303.52685490,4561,63.31880000,1522330.77612590,0
1660712400000,24070.32000000,24180.72000000,24064.66000000,24167.50000000,225.63252000,1660715999999,5443677.87326570,7273,111.15458000,2681462.78845540,0
1660716000000,24165.26000000,24449.21000000,24163.17000000,24410.40000000,522.31484000,1660719599999,12724500.80150790,12847,294.99663000,7184581.11528110,0
1660719600000,24405.99000000,24428.31000000,23764.31000000,23787.61000000,734.26875000,1660723199999,17637356.71711860,17425,337.54369000,8109027.72505910,0
1660723200000,23791.81000000,23878.11000000,23734.62000000,23814.78000000,399.59038000,1660726799999,9509249.70036510,9719,206.28572000,4909247.36443330,0
1660726800000,23811.10000000,23925.95000000,23797.94000000,23832.91000000,287.08721000,1660730399999,6848492.56817140,7081,141.11954000,3366783.85541370,0
1660730400000,23830.80000000,23839.95000000,23685.71000000,23794.38000000,338.18895000,1660733999999,8036961.50997060,8316,168.65112000,4008329.86161310,0
1660734000000,23799.31000000,23831.83000000,23687.46000000,23748.45000000,324.31520000,1660737599999,7708873.62945230,7301,159.85820000,3799962.74594780,0
1660737600000,23749.15000000,23763.07000000,23532.65000000,23675.92000000,660.57049000,1660741199999,15619589.05269820,15770,332.73748000,7867855.63498780,0
1660741200000,23670.23000000,23682.92000000,23325.64000000,23428.56000000,693.94473000,1660744799999,16330303.71092630,17468,337.47081000,7941293.97450400,0
1660744800000,23424.66000000,23479.48000000,23323.97000000,23349.91000000,399.36804000,1660748399999,9344416.16454950,10273,211.53765000,4949854.87191110,0
1660748400000,23351.30000000,23467.17000000,23335.78000000,23397.02000000,264.87042000,1660751999999,6198014.45335450,6492,152.51091000,3569030.23137120,0
1660752000000,23394.99000000,23497.30000000,23332.20000000,23419.32000000,291.23495000,1660755599999,6814566.83635690,7363,163.16647000,3818623.46207080,0
1660755600000,23421.94000000,23482.66000000,23360.00000000,23472.09000000,178.67642000,1660759199999,4182688.97383230,5451,91.13720000,2133722.07508540,0
1660759200000,23468.94000000,23642.50000000,23350.00000000,23450.39000000,641.03698000,1660762799999,15070694.32041650,15377,338.79803000,7965019.21492390,0
1660762800000,23454.06000000,23498.61000000,23233.15000000,23279.55000000,423.50212000,1660766399999,9868478.55344370,9412,223.97137000,5218478.69902240,0
1660766400000,23275.77000000,23421.95000000,23179.10000000,23405.15000000,337.86314000,1660769999999,7881274.53981430,7718,163.94893000,3825227.55571360,0
1660770000000,23406.10000000,23406.10000000,23242.39000000,23334.90000000,258.18596000,1660773599999,6015947.58688360,6354,143.74695000,3348433.47722450,0
1660773600000,23331.44000000,23387.70000000,23245.70000000,23348.97000000,254.32205000,1660777199999,5933833.11770180,6512,129.05691000,3011005.58285200,0
1660777200000,23349.91000000,23379.22000000,23289.64000000,23342.67000000,223.98105000,1660780799999,5226091.30740630,5964,111.02712000,2590539.70776820,0
1660780800000,23341.75000000,23479.47000000,23287.25000000,23457.85000000,364.58858000,1660784399999,8531166.93913500,8568,191.15275000,4473188.80148910,0
1660784400000,23455.96000000,23498.73000000,23410.66000000,23472.84000000,226.65148000,1660787999999,5314955.08443350,5396,117.79760000,2762517.26207200,0
1660788000000,23472.80000000,23524.00000000,23419.33000000,23463.87000000,215.46644000,1660791599999,5056352.22590310,5035,110.03975000,2582526.13998930,0
1660791600000,23460.80000000,23499.58000000,23419.81000000,23436.24000000,161.42950000,1660795199999,3787135.89657430,3846,68.08535000,1597533.49868320,0
1660795200000,23438.24000000,23452.47000000,23341.33000000,23380.10000000,178.78337000,1660798799999,4183673.36992080,5581,85.94300000,2011288.11988000,0
1660798800000,23381.41000000,23468.53000000,23370.25000000,23392.22000000,132.86431000,1660802399999,3113126.61966480,4941,61.43252000,1439393.48223050,0
1660802400000,23392.22000000,23466.49000000,23346.00000000,23357.93000000,190.31950000,1660805999999,4454066.48489690,5803,90.13490000,2109665.48562550,0
1660806000000,23357.23000000,23442.63000000,23326.95000000,23414.69000000,247.75264000,1660809599999,5795570.27747520,6950,136.63485000,3196283.32282010,0
1660809600000,23414.69000000,23474.22000000,23345.21000000,23465.75000000,200.28295000,1660813199999,4689268.23655450,6576,97.74410000,2288600.43050560,0
1660813200000,23468.63000000,23544.77000000,23437.11000000,23535.39000000,284.29169000,1660816799999,6674042.87815430,6331,141.25963000,3316519.41209950,0
1660816800000,23537.94000000,23586.14000000,23463.30000000,23481.30000000,191.24635000,1660820399999,4498189.66252620,5830,78.98300000,1857800.98798700,0
1660820400000,23482.11000000,23538.17000000,23464.36000000,23534.97000000,135.61502000,1660823999999,3186428.74557550,4414,69.54013000,1634012.12127150,0
1660824000000,23535.31000000,23600.00000000,23465.76000000,23573.41000000,264.99894000,1660827599999,6237308.28026190,8301,137.58968000,3238673.66371510,0
1660827600000,23573.44000000,23575.00000000,23436.00000000,23449.67000000,327.35284000,1660831199999,7694302.80107000,8217,161.69642000,3801192.45090910,0
1660831200000,23447.87000000,23511.07000000,23356.08000000,23422.56000000,186.99389000,1660834799999,4382784.26619100,6876,89.45709000,2097097.82305020,0
1660834800000,23423.70000000,23491.62000000,23375.54000000,23448.84000000,148.27814000,1660838399999,3474462.48639650,5421,70.96588000,1663029.32929900,0
1660838400000,23452.38000000,23478.71000000,23250.03000000,23334.07000000,269.36619000,1660841999999,6289250.41394140,7254,133.62907000,3120206.05283480,0
1660842000000,23334.92000000,23418.74000000,23260.00000000,23271.11000000,163.40595000,1660845599999,3817561.42217910,6156,76.26891000,1781911.15272520,0
1660845600000,23271.11000000,23365.22000000,23236.00000000,23318.22000000,160.07478000,1660849199999,3727508.37130060,5940,82.94577000,1931654.64270880,0
1660849200000,23320.00000000,23433.29000000,23300.41000000,23347.67000000,150.19615000,1660852799999,3511288.34564000,5460,76.37940000,1785795.13483890,0
1660852800000,23349.89000000,23447.17000000,23316.80000000,23415.81000000,100.78582000,1660856399999,2357787.54440140,4421,49.85532000,1166386.05083460,0
1660856400000,23413.20000000,23426.16000000,23337.00000000,23365.90000000,70.72702000,1660859999999,1653917.34666640,3325,30.55902000,714659.13140460,0
1660860000000,23364.69000000,23400.31000000,23319.56000000,23345.41000000,159.29007000,1660863599999,3721639.78082300,4984,81.89874000,1913578.09745510,0
1660863600000,23345.38000000,23385.44000000,23109.51000000,23191.31000000,365.95162000,1660867199999,8502222.35649330,9718,187.35300000,4352713.62475940,0
1660867200000,23191.02000000,23207.81000000,22880.54000000,22929.43000000,554.10919000,1660870799999,12742536.98787370,13532,277.10040000,6373518.73776110,0
1660870800000,22928.76000000,22960.30000000,22712.79000000,22759.42000000,441.69412000,1660874399999,10081115.57852870,11545,205.76989000,4697651.20743300,0
1660874400000,22761.33000000,22829.61000000,22710.02000000,22815.88000000,314.77371000,1660877999999,7167791.20413280,8253,168.60451000,3839117.95826230,0
1660878000000,22817.34000000,22834.77000000,22737.62000000,22764.65000000,354.56449000,1660881599999,8077148.47299410,8172,225.72949000,5142474.76939910,0
1660881600000,22767.93000000,22835.66000000,22746.12000000,22790.00000000,204.60705000,1660885199999,4664092.43183710,6235,96.07886000,2190285.32827090,0
1660885200000,22789.93000000,22837.02000000,22767.52000000,22812.50000000,185.61898000,1660888799999,4231919.76835430,6170,71.73289000,1635823.17342880,0
1660888800000,22811.57000000,22818.81000000,21400.00000000,21911.82000000,1161.21108000,1660892399999,25666624.58910870,24085,468.15621000,10361782.13098130,0
1660892400000,21911.62000000,22145.07000000,21855.23000000,21914.16000000,601.71899000,1660895999999,13224597.48475320,10790,305.79580000,6720767.21653170,0
1660896000000,21909.38000000,21917.15000000,21678.35000000,21786.10000000,667.40742000,1660899599999,14550504.30914800,12154,332.91191000,7258483.07871540,0
1660899600000,21782.15000000,21830.01000000,21624.81000000,21753.21000000,440.62124000,1660903199999,9579418.38125320,9340,214.19331000,4656596.84439690,0
1660903200000,21754.39000000,21800.00000000,21580.45000000,21620.74000000,459.47475000,1660906799999,9967178.63432160,9026,224.80894000,4877408.07177650,0
1660906800000,21616.96000000,21640.00000000,21266.99000000,21472.83000000,878.65076000,1660910399999,18848827.11523230,17806,410.22746000,8800582.63584520,0
1660910400000,21468.79000000,21594.55000000,21261.15000000,21536.13000000,720.92147000,1660913999999,15457241.16264940,14904,353.10038000,7570651.34089190,0
1660914000000,21535.70000000,21569.11000000,21391.79000000,21400.71000000,401.62212000,1660917599999,8630711.14226520,9234,196.84205000,4230447.28290960,0
1660917600000,21401.84000000,21492.93000000,21321.79000000,21337.13000000,425.34009000,1660921199999,9104534.32937570,8506,225.00762000,4816656.78188300,0
1660921200000,21336.62000000,21484.19000000,21279.60000000,21441.23000000,362.10444000,1660924799999,7741071.77304160,8363,188.42854000,4028159.01021780,0
1660924800000,21441.06000000,21656.31000000,21415.42000000,21525.91000000,474.62040000,1660928399999,10214789.96316090,10571,241.53591000,5198704.54286970,0
1660928400000,21531.25000000,21581.54000000,21396.62000000,21464.77000000,327.94472000,1660931999999,7043586.87725420,7091,163.96814000,3521467.13613950,0
1660932000000,21463.34000000,21467.92000000,21309.93000000,21371.47000000,266.55376000,1660935599999,5696932.20848260,6682,126.97442000,2713873.60586030,0
1660935600000,21374.41000000,21459.26000000,21149.39000000,21327.94000000,491.84170000,1660939199999,10494935.60548180,10819,236.02505000,5038432.53112430,0
1660939200000,21325.74000000,21381.46000000,21165.01000000,21274.19000000,374.43845000,1660942799999,7966283.95413520,9129,175.24760000,3728226.89096510,0
1660942800000,21276.79000000,21327.43000000,20913.13000000,21082.96000000,451.80289000,1660946399999,9550231.83968300,8743,212.82988000,4499494.36734270,0
1660946400000,21081.08000000,21322.45000000,20900.01000000,20975.35000000,857.75619000,1660949999999,18092506.21005170,14136,413.60266000,8725668.58998940,0
1660950000000,20977.37000000,21050.38000000,20777.25000000,20833.33000000,857.54615000,1660953599999,17942020.54413080,13794,410.36669000,8587596.36105070,0
1660953600000,20837.10000000,21191.49000000,20795.27000000,20993.24000000,646.48678000,1660957199999,13583129.58065240,11393,330.25841000,6939739.48438840,0
1660957200000,20994.78000000,21104.06000000,20983.07000000,20995.93000000,335.05769000,1660960799999,7049538.08856620,6398,168.40204000,3543190.36310890,0
1660960800000,20999.91000000,21179.53000000,20992.39000000,21132.11000000,327.06728000,1660964399999,6902248.37687820,6069,162.00526000,3418918.42083080,0
1660964400000,21133.98000000,21176.43000000,21094.87000000,21143.80000000,215.99617000,1660967999999,4564166.47557000,4834,104.81494000,2214930.07075140,0
1660968000000,21144.01000000,21281.87000000,21080.44000000,21241.59000000,271.23703000,1660971599999,5735999.39381270,5463,139.09687000,2941424.65828660,0
1660971600000,21242.03000000,21255.38000000,21086.53000000,21130.66000000,353.85673000,1660975199999,7490615.09620060,5999,177.21764000,3751636.23579470,0
1660975200000,21133.06000000,21329.00000000,21124.74000000,21311.84000000,355.80040000,1660978799999,7553848.77487170,6570,187.85864000,3988006.28766470,0
1660978800000,21317.11000000,21373.73000000,21265.43000000,21308.43000000,332.73420000,1660982399999,7091497.37073990,7449,164.37737000,3503330.15663180,0
1660982400000,21310.28000000,21315.35000000,21177.68000000,21200.15000000,218.59657000,1660985999999,4643047.99072680,5267,110.39196000,2344570.86645630,0
1660986000000,21200.41000000,21232.19000000,21118.10000000,21210.00000000,232.65490000,1660989599999,4929471.13509000,5254,100.67482000,2133329.08139190,0
1660989600000,21212.38000000,21258.62000000,21104.34000000,21231.11000000,259.18979000,1660993199999,5489643.33522080,5924,132.82485000,2813303.36332470,0
1660993200000,21231.10000000,21281.32000000,21184.90000000,21236.63000000,196.47079000,1660996799999,4172486.67565050,5118,95.30863000,2024094.29805340,0
1660996800000,21236.63000000,21321.28000000,21174.71000000,21243.19000000,365.60096000,1661000399999,7772370.07047350,7764,169.66753000,3607544.63434040,0
1661000400000,21242.19000000,21339.91000000,21232.64000000,21322.12000000,251.51759000,1661003999999,5349610.20315120,5540,126.07384000,2681737.35396760,0
1661004000000,21324.17000000,21345.79000000,21221.55000000,21255.58000000,172.85196000,1661007599999,3679666.00747000,4599,87.95210000,1872511.91524420,0
1661007600000,21257.89000000,21317.80000000,21168.37000000,21300.68000000,215.91531000,1661011199999,4589613.89459580,4744,97.93524000,2082324.99625230,0
1661011200000,21302.51000000,21357.87000000,21230.00000000,21240.43000000,202.70813000,1661014799999,4317537.86113630,5898,100.22393000,2134806.46035520,0
1661014800000,21239.84000000,21324.10000000,21165.94000000,21259.18000000,280.45556000,1661018399999,5957139.74788130,7175,134.76590000,2862696.99202000,0
1661018400000,21256.82000000,21324.52000000,21078.64000000,21107.07000000,372.26384000,1661021999999,7894655.44382200,8247,172.55639000,3659793.21444820,0
1661022000000,21111.72000000,21149.21000000,20942.87000000,20990.19000000,597.22670000,1661025599999,12567326.77081880,12142,302.89107000,6373196.60420910,0
1661025600000,20988.40000000,21162.38000000,20799.74000000,20821.09000000,494.93903000,1661029199999,10385193.97252990,10982,236.81156000,4969468.17454970,0
1661029200000,20819.12000000,21140.75000000,20761.12000000,21123.42000000,484.04681000,1661032799999,10144296.70315680,9585,230.98032000,4840379.41169020,0
1661032800000,21122.36000000,21247.40000000,21056.27000000,21135.55000000,440.29620000,1661036399999,9308454.36813230,8896,231.17653000,4887407.82807060,0
1661036400000,21137.11000000,21216.27000000,21079.97000000,21135.02000000,447.33462000,1661039999999,9465778.37529420,8554,271.51017000,5746809.03050570,0
1661040000000,21137.92000000,21280.00000000,21121.51000000,21167.11000000,469.80288000,1661043599999,9969622.69297860,8322,295.08309000,6263291.33903560,0
1661043600000,21167.11000000,21279.99000000,21160.84000000,21261.10000000,190.98198000,1661047199999,4053780.61349260,5217,84.56896000,1794880.04773190,0
1661047200000,21260.89000000,21320.00000000,21216.44000000,21263.83000000,337.60847000,1661050799999,7182227.26214070,5734,201.26974000,4282675.44599790,0
1661050800000,21264.13000000,21268.31000000,21160.13000000,21208.98000000,200.37713000,1661054399999,4249257.75627320,4507,102.21421000,2167545.81416170,0
1661054400000,21210.62000000,21280.94000000,21180.00000000,21199.88000000,141.62987000,1661057999999,3004794.85265930,3793,63.37047000,1344403.59560640,0
1661058000000,21200.44000000,21243.22000000,21164.52000000,21228.75000000,145.29373000,1661061599999,3080771.93912110,3676,71.28713000,1511609.58608520,0
1661061600000,21230.48000000,21241.01000000,21070.00000000,21114.29000000,211.85661000,1661065199999,4481919.13045140,5753,106.64069000,2255811.88021540,0
1661065200000,21117.79000000,21251.93000000,21067.87000000,21247.71000000,191.79463000,1661068799999,4054300.67298620,5161,87.64871000,1853002.61190280,0
1661068800000,21249.88000000,21470.00000000,21226.11000000,21355.66000000,812.42606000,1661072399999,17366382.00279270,12559,574.13718000,12275752.11232940,0
1661072400000,21357.75000000,21490.00000000,21327.03000000,21433.52000000,299.86916000,1661075999999,6427101.24643130,6964,171.24700000,3671715.90575130,0
1661076000000,21435.31000000,21469.28000000,21366.35000000,21377.58000000,170.28818000,1661079599999,3646809.56643760,4563,82.13592000,1758984.83267360,0
1661079600000,21375.55000000,21550.00000000,21367.27000000,21522.87000000,356.27831000,1661083199999,7654923.99765200,6413,241.63681000,5193610.76531180,0
1661083200000,21524.66000000,21580.00000000,21469.67000000,21473.52000000,357.39822000,1661086799999,7695024.19335290,6151,179.90373000,3875412.90308540,0
1661086800000,21474.53000000,21502.15000000,21384.31000000,21398.27000000,186.39486000,1661090399999,3994314.73468220,4811,92.33440000,1978972.49020620,0
1661090400000,21401.54000000,21426.30000000,21318.15000000,21409.51000000,191.94153000,1661093999999,4104670.16069730,5148,93.83862000,2006901.99864840,0
1661094000000,21412.01000000,21440.27000000,21364.33000000,21420.05000000,101.74738000,1661097599999,2178620.24182600,3077,47.29450000,1012706.66187130,0
1661097600000,21421.74000000,21500.00000000,21329.59000000,21406.62000000,238.13402000,1661101199999,5099795.39555410,5923,117.15813000,2509013.94308030,0
1661101200000,21408.20000000,21500.00000000,21405.31000000,21460.20000000,162.10232000,1661104799999,3478499.10423820,3999,75.51500000,1620421.61839140,0
1661104800000,21461.65000000,21516.60000000,21384.58000000,21480.59000000,122.23378000,1661108399999,2621037.27060980,3471,60.50856000,1297603.67006150,0
1661108400000,21481.09000000,21579.99000000,21450.00000000,21511.12000000,211.42649000,1661111999999,4546460.26697510,4530,93.72496000,2015847.85302900,0
1661112000000,21512.62000000,21796.70000000,21462.13000000,21466.37000000,485.70924000,1661115599999,10482798.41781600,8621,322.91155000,6972554.35582390,0
1661115600000,21470.97000000,21700.83000000,21466.87000000,21533.13000000,355.49101000,1661119199999,7674470.41737140,7918,163.06594000,3519701.88257970,0
1661119200000,21532.62000000,21668.92000000,21277.53000000,21566.60000000,636.34332000,1661122799999,13676581.84126010,12126,309.91631000,6661403.72718350,0
1661122800000,21568.51000000,21643.68000000,21508.57000000,21514.97000000,272.66206000,1661126399999,5882020.20874940,4945,126.03836000,2718727.35776240,0
1661126400000,21518.06000000,21530.30000000,21390.00000000,21452.04000000,298.03999000,1661129999999,6397827.65128210,6473,144.72827000,3106913.07085180,0
1661130000000,21453.24000000,21478.58000000,21361.50000000,21444.15000000,364.83887000,1661133599999,7814562.17403160,6627,190.52231000,4080346.89458480,0
1661133600000,21444.08000000,21487.65000000,21375.11000000,21473.54000000,215.12426000,1661137199999,4610767.67218150,4522,112.13922000,2403598.52595360,0
1661137200000,21474.83000000,21505.40000000,21409.34000000,21413.75000000,229.57295000,1661140799999,4926383.77547990,5051,107.80241000,2313252.67381000,0
1661140800000,21415.78000000,21490.89000000,21342.26000000,21467.18000000,264.97056000,1661144399999,5673649.10143590,5711,145.15459000,3108068.44367960,0
1661144400000,21468.00000000,21494.52000000,21399.18000000,21426.96000000,226.91052000,1661147999999,4867448.20330430,5249,107.73732000,2311412.62602270,0
1661148000000,21426.96000000,21446.53000000,21285.00000000,21351.93000000,447.88016000,1661151599999,9569867.90438960,7435,206.92365000,4421770.46333720,0
1661151600000,21352.76000000,21379.25000000,21049.04000000,21096.62000000,571.79174000,1661155199999,12129120.05156310,9412,294.04030000,6235832.91815430,0
1661155200000,21092.80000000,21196.28000000,20881.81000000,21188.22000000,911.37171000,1661158799999,19149660.41168030,14616,439.21864000,9230207.19715060,0
1661158800000,21190.75000000,21262.44000000,21089.00000000,21172.50000000,361.91815000,1661162399999,7657776.42644000,7355,205.69527000,4352921.60265380,0
1661162400000,21173.17000000,21334.80000000,21106.10000000,21280.80000000,358.91721000,1661165999999,7621065.60461960,6223,183.74122000,3902099.48813610,0
1661166000000,21282.78000000,21325.49000000,21179.55000000,21250.11000000,327.38810000,1661169599999,6959607.17967240,5494,155.34182000,3302309.01835610,0
1661169600000,21246.09000000,21345.78000000,21144.55000000,21207.47000000,433.62915000,1661173199999,9207621.43246150,7807,222.68323000,4728188.56694800,0
1661173200000,21207.90000000,21372.13000000,21076.97000000,21306.09000000,500.77477000,1661176799999,10628809.85438600,9096,253.87188000,5389086.52038490,0
1661176800000,21300.00000000,21383.34000000,21177.02000000,21198.08000000,523.34443000,1661180399999,11123058.17986880,9510,286.87057000,6096919.66887210,0
1661180400000,21198.08000000,21437.29000000,21191.81000000,21393.68000000,317.88942000,1661183999999,6773094.66121390,6943,163.07266000,3474794.53060510,0
1661184000000,21401.85000000,21547.85000000,21313.43000000,21329.84000000,364.04300000,1661187599999,7783620.49624280,7789,205.21122000,4387730.72016540,0
1661187600000,21329.89000000,21342.21000000,21190.76000000,21229.29000000,224.14246000,1661191199999,4765011.47461100,5161,112.89662000,2399899.74815970,0
1661191200000,21231.94000000,21239.55000000,20962.03000000,21020.94000000,339.33152000,1661194799999,7154058.17639630,7131,156.95862000,3308827.36893330,0
1661194800000,21015.91000000,21119.19000000,20991.08000000,21049.61000000,268.11280000,1661198399999,5643690.59728730,5636,127.74618000,2688777.94226210,0
1661198400000,21054.36000000,21188.12000000,21045.30000000,21125.85000000,299.60674000,1661201999999,6330192.17492200,6588,127.05817000,2684031.31633650,0
1661202000000,21127.90000000,21138.43000000,21043.00000000,21098.83000000,129.24543000,1661205599999,2726195.39318710,3190,61.45349000,1296290.44670130,0
1661205600000,21102.84000000,21240.15000000,21089.12000000,21169.39000000,350.50148000,1661209199999,7425426.72954860,6034,183.38673000,3885160.05860400,0
1661209200000,21174.42000000,21420.00000000,21150.26000000,21396.05000000,401.47500000,1661212799999,8544707.47535730,7792,201.20520000,4282794.65658460,0
1661212800000,21398.93000000,21464.57000000,21283.36000000,21298.86000000,420.75862000,1661216399999,8995087.96188700,7996,205.66751000,4397083.74834650,0
1661216400000,21301.74000000,21407.50000000,21288.03000000,21303.74000000,289.09094000,1661219999999,6169796.96840230,5495,140.11705000,2990612.18714560,0
1661220000000,21306.35000000,21357.14000000,21257.02000000,21344.21000000,310.09871000,1661223599999,6605691.09769930,5381,161.76020000,3445657.77842330,0
1661223600000,21344.70000000,21374.12000000,21218.82000000,21242.98000000,198.61790000,1661227199999,4232623.06984260,4497,106.98629000,2279979.33314810,0
1661227200000,21239.37000000,21316.78000000,21221.29000000,21265.58000000,221.22459000,1661230799999,4704876.84257800,4265,112.19804000,2386168.21861260,0
1661230800000,21263.32000000,21284.65000000,20933.49000000,20962.36000000,485.96226000,1661234399999,10238710.73979070,8975,232.63541000,4902544.66659930,0
1661234400000,20964.10000000,21088.73000000,20887.76000000,21080.04000000,388.08654000,1661237999999,8147177.74891270,6719,191.97183000,4030395.69433280,0
1661238000000,21083.08000000,21305.30000000,21065.01000000,21303.20000000,480.70384000,1661241599999,10183764.00012890,8223,255.53481000,5414202.93916570,0
1661241600000,21301.63000000,21549.99000000,21301.08000000,21452.02000000,676.48831000,1661245199999,14503277.39704590,10605,317.12474000,6798742.24613700,0
1661245200000,21453.09000000,21579.00000000,21288.81000000,21441.42000000,464.24934000,1661248799999,9943639.92409890,8697,230.15336000,4929401.78991880,0
1661248800000,21442.93000000,21457.13000000,21316.80000000,21416.30000000,441.87112000,1661252399999,9449945.61344930,7850,216.62865000,4633018.14592920,0
1661252400000,21413.92000000,21493.51000000,21348.10000000,21457.27000000,383.89437000,1661255999999,8218608.97107720,6576,181.79127000,3891915.60056140,0
1661256000000,21459.04000000,21515.15000000,21334.12000000,21348.90000000,192.88244000,1661259599999,4129129.33557550,4539,94.33235000,2019435.53964620,0
1661259600000,21353.58000000,21600.00000000,21327.51000000,21521.60000000,427.67128000,1661263199999,9177269.73665630,8332,192.14771000,4122471.19254990,0
1661263200000,21520.11000000,21681.34000000,21418.10000000,21467.23000000,497.82089000,1661266799999,10741403.98263230,9738,235.12831000,5071108.31508100,0
1661266800000,21468.69000000,21582.21000000,21342.00000000,21471.96000000,328.22521000,1661270399999,7051652.78289350,6545,150.97451000,3243698.76988170,0
1661270400000,21470.54000000,21481.43000000,21356.71000000,21463.58000000,251.94970000,1661273999999,5396494.82934870,5434,113.93581000,2440250.70808970,0
1661274000000,21466.99000000,21518.12000000,21394.03000000,21410.00000000,175.39076000,1661277599999,3764239.69775600,4290,84.66190000,1817276.55104610,0
1661277600000,21408.60000000,21601.58000000,21397.45000000,21542.34000000,222.62963000,1661281199999,4789120.23689950,5388,113.31024000,2437877.09060350,0
1661281200000,21544.18000000,21575.11000000,21488.24000000,21522.17000000,196.36785000,1661284799999,4227580.67771580,4561,88.97828000,1915635.02150410,0
1661284800000,21522.16000000,21651.15000000,21458.54000000,21477.86000000,231.88518000,1661288399999,4991676.65863360,5100,121.66668000,2618751.78817600,0
1661288400000,21478.94000000,21512.22000000,21430.00000000,21491.33000000,139.90750000,1661291999999,3004094.30165960,3024,66.16813000,1421007.66932790,0
1661292000000,21489.87000000,21587.18000000,21471.42000000,21475.78000000,312.93080000,1661295599999,6735995.27039430,5039,154.65979000,3329206.89605720,0
1661295600000,21477.07000000,21603.94000000,21456.77000000,21525.71000000,274.71315000,1661299199999,5915597.45731500,4821,128.97030000,2777177.10662560,0
1661299200000,21526.08000000,21554.23000000,21325.76000000,21386.88000000,461.41199000,1661302799999,9888056.12690120,6563,234.46077000,5024867.01388800,0
1661302800000,21387.13000000,21430.00000000,21172.55000000,21262.01000000,423.47388000,1661306399999,9021830.54451070,7072,213.97919000,4558941.49662870,0
1661306400000,21261.40000000,21363.63000000,21149.18000000,21199.58000000,364.85364000,1661309999999,7759048.50483320,5899,175.54157000,3733606.75407150,0
1661310000000,21202.84000000,21293.22000000,21165.44000000,21263.20000000,232.31017000,1661313599999,4933370.74617500,4301,116.38192000,2471442.60534120,0
1661313600000,21262.10000000,21359.40000000,21236.97000000,21329.67000000,184.08883000,1661317199999,3917622.01844420,3852,96.80633000,2060407.61486700,0
1661317200000,21329.95000000,21506.25000000,21314.62000000,21422.26000000,347.36690000,1661320799999,7438759.52459540,6539,180.64750000,3868522.38618760,0
1661320800000,21423.03000000,21470.22000000,21300.01000000,21405.53000000,293.82387000,1661324399999,6284272.74098120,5360,146.49894000,3133602.74849740,0
1661324400000,21404.63000000,21451.71000000,21243.23000000,21319.60000000,458.29248000,1661327999999,9778250.60786930,7654,212.69465000,4538706.45757450,0
1661328000000,21320.67000000,21440.27000000,21303.65000000,21340.61000000,325.73676000,1661331599999,6960598.32025970,6568,171.87585000,3672648.88390880,0
1661331600000,21340.48000000,21396.29000000,21288.81000000,21312.26000000,210.42420000,1661335199999,4490250.66023090,3965,109.47257000,2335805.31246720,0
1661335200000,21314.05000000,21387.89000000,21260.05000000,21279.89000000,248.95741000,1661338799999,5309397.60337800,4586,137.79438000,2938936.88307470,0
1661338800000,21282.54000000,21476.19000000,21271.55000000,21440.00000000,270.68529000,1661342399999,5791847.51535920,5500,134.17855000,2870903.42299770,0
1661342400000,21442.32000000,21522.95000000,21422.44000000,21487.10000000,149.30579000,1661345999999,3204952.17892060,3983,77.40534000,1661549.73406280,0
1661346000000,21484.48000000,21511.41000000,21375.21000000,21440.00000000,124.03668000,1661349599999,2660520.77864010,4066,66.19273000,1419792.70054910,0
1661349600000,21442.20000000,21559.35000000,21397.95000000,21470.21000000,185.24676000,1661353199999,3980589.85532110,5325,88.58037000,1903320.26829020,0
1661353200000,21470.15000000,21650.00000000,21453.00000000,21617.12000000,213.83579000,1661356799999,4610634.13813900,5818,97.53349000,2103400.64356580,0
1661356800000,21613.77000000,21900.00000000,21608.96000000,21721.91000000,300.24443000,1661360399999,6529590.57829590,7257,161.39903000,3510050.43091430,0
1661360400000,21717.00000000,21785.80000000,21606.91000000,21631.24000000,214.26872000,1661363999999,4640945.67471640,5465,137.06306000,2968264.45412500,0
1661364000000,21632.30000000,21727.70000000,21622.56000000,21674.20000000,100.69095000,1661367599999,2182941.31851650,2853,50.40738000,1092912.66610130,0
1661367600000,21675.40000000,21807.59000000,21672.48000000,21711.86000000,105.22884000,1661371199999,2288162.60609750,2819,39.54351000,860028.07511820,0
1661371200000,21709.63000000,21760.00000000,21678.10000000,21692.77000000,90.49870000,1661374799999,1965063.58889580,2751,34.24281000,743512.76749390,0
1661374800000,21692.77000000,21719.03000000,21560.00000000,21592.00000000,69.41163000,1661378399999,1501312.28838560,1717,30.46724000,659176.99945180,0
1661378400000,21593.87000000,21654.76000000,21450.78000000,21494.91000000,466.47664000,1661381999999,10043263.62582170,6947,233.09030000,5019418.10066010,0
1661382000000,21495.96000000,21531.47000000,21360.41000000,21369.10000000,276.39079000,1661385599999,5925593.76658920,5693,138.83321000,2976714.83569100,0
1661385600000,21370.80000000,21487.56000000,21312.00000000,21480.00000000,353.14016000,1661389199999,7558154.50727760,6752,180.65540000,3866604.26921220,0
1661389200000,21483.74000000,21637.32000000,21462.85000000,21552.87000000,336.92454000,1661392799999,7262181.91870370,5736,168.53745000,3632737.59454080,0
1661392800000,21551.16000000,21580.24000000,21509.66000000,21526.13000000,200.82969000,1661396399999,4325426.46869270,4390,101.53783000,2186934.74765850,0
1661396400000,21528.97000000,21596.42000000,21428.30000000,21467.34000000,211.77027000,1661399999999,4555870.01297290,4783,109.94901000,2365311.71950490,0
1661400000000,21466.17000000,21562.28000000,21460.11000000,21540.13000000,131.68119000,1661403599999,2834318.28244780,3266,74.35867000,1600505.21127830,0
1661403600000,21542.51000000,21590.00000000,21492.24000000,21558.24000000,217.89549000,1661407199999,4694123.84318190,5058,114.23073000,2460877.51386130,0
1661407200000,21557.90000000,21749.76000000,21548.57000000,21691.34000000,457.50272000,1661410799999,9914477.86262830,9550,223.35150000,4839874.00368280,0
1661410800000,21693.36000000,21772.61000000,21672.44000000,21742.96000000,264.08285000,1661414399999,5737203.26891900,6834,126.69429000,2752418.36016350,0
1661414400000,21742.72000000,21819.08000000,21677.38000000,21686.34000000,211.01278000,1661417999999,4588241.29458490,6347,98.66159000,2145621.68417740,0
1661418000000,21687.12000000,21724.95000000,21635.85000000,21708.60000000,171.85916000,1661421599999,3725493.92247210,4850,85.49630000,1853333.80411140,0
1661421600000,21707.51000000,21720.00000000,21609.13000000,21619.81000000,139.29781000,1661425199999,3019802.35500140,3963,70.40441000,1526459.72511540,0
1661425200000,21622.93000000,21738.54000000,21614.58000000,21720.18000000,181.13848000,1661428799999,3928065.18749100,5134,95.97695000,2081296.81842070,0
1661428800000,21719.91000000,21788.99000000,21626.66000000,21673.36000000,272.94174000,1661432399999,5920360.89415920,6982,151.16715000,3279398.94753460,0
1661432400000,21673.42000000,21741.94000000,21572.91000000,21712.33000000,283.27028000,1661435999999,6127532.26793160,7108,139.99397000,3028598.16155520,0
1661436000000,21709.57000000,21767.03000000,21645.11000000,21658.66000000,275.42902000,1661439599999,5979786.63655910,5960,144.76617000,3143035.83984280,0
1661439600000,21659.40000000,21670.00000000,21484.21000000,21566.28000000,331.55933000,1661443199999,7155476.21033230,6553,142.83912000,3082803.35054240,0
1661443200000,21565.61000000,21594.23000000,21424.77000000,21447.81000000,302.27714000,1661446799999,6502846.17668070,6247,135.49678000,2914498.68595110,0
1661446800000,21444.10000000,21599.71000000,21433.65000000,21572.73000000,388.70070000,1661450399999,8366515.97678030,6498,202.06032000,4349111.12814040,0
1661450400000,21575.37000000,21588.10000000,21497.37000000,21539.95000000,238.77168000,1661453999999,5144828.43976290,4303,127.80585000,2753628.88278630,0
1661454000000,21540.38000000,21647.79000000,21511.89000000,21604.95000000,208.46321000,1661457599999,4501199.63547620,4200,117.02362000,2526673.92969150,0
1661457600000,21605.13000000,21672.70000000,21551.45000000,21646.31000000,183.88309000,1661461199999,3974994.08709420,3668,99.37966000,2148373.27055450,0
1661461200000,21647.72000000,21682.05000000,21562.19000000,21583.12000000,124.67403000,1661464799999,2694509.71891610,2863,61.30253000,1325071.46280110,0
1661464800000,21581.52000000,21627.49000000,21542.18000000,21576.30000000,228.40469000,1661468399999,4930202.46562940,3477,119.96494000,2589492.44874310,0
1661468400000,21576.00000000,21620.92000000,21516.55000000,21561.75000000,218.45535000,1661471999999,4712880.86849950,4009,111.63304000,2408131.05266150,0
1661472000000,21557.61000000,21569.05000000,21433.03000000,21477.62000000,380.66636000,1661475599999,8185281.73640890,6745,198.67944000,4272337.30200160,0
1661475600000,21479.31000000,21597.54000000,21466.44000000,21559.95000000,300.90759000,1661479199999,6477119.62144070,4632,185.57071000,3995383.05215510,0
1661479200000,21559.73000000,21644.74000000,21547.10000000,21599.34000000,401.19667000,1661482799999,8662019.03943380,5469,264.05857000,5702245.77121750,0
1661482800000,21600.48000000,21633.94000000,21549.82000000,21552.21000000,182.79644000,1661486399999,3944380.67750770,3255,105.81679000,2283569.73547760,0
1661486400000,21554.17000000,21567.56000000,21512.80000000,21531.21000000,131.75132000,1661489999999,2838058.01711150,3612,67.61224000,1456443.35588670,0
1661490000000,21532.14000000,21535.83000000,21344.10000000,21405.26000000,428.71348000,1661493599999,9187744.67747360,7920,217.18720000,4654815.49297190,0
1661493600000,21403.84000000,21465.37000000,21375.00000000,21427.03000000,253.01114000,1661497199999,5420532.34154040,4909,131.84670000,2824432.90708850,0
1661497200000,21426.41000000,21460.11000000,21328.33000000,21454.58000000,332.36830000,1661500799999,7112964.17860800,5814,164.17995000,3513816.54374060,0
1661500800000,21455.31000000,21470.00000000,21392.96000000,21416.17000000,303.17367000,1661504399999,6496374.59175800,6251,152.23925000,3261976.81792490,0
1661504400000,21417.88000000,21456.12000000,21407.33000000,21436.99000000,176.89531000,1661507999999,3791439.92023780,3778,91.15274000,1953757.89533090,0
1661508000000,21439.45000000,21447.56000000,21352.00000000,21396.26000000,223.22443000,1661511599999,4778681.03308680,3917,104.99520000,2247653.20369820,0
1661511600000,21397.91000000,21417.60000000,21111.00000000,21191.90000000,586.88684000,1661515199999,12448249.69975240,9103,278.48807000,5906483.81734180,0
1661515200000,21190.62000000,21697.39000000,21156.20000000,21640.00000000,518.39393000,1661518799999,11111532.80271070,11074,272.10607000,5832244.37138780,0
1661518800000,21640.23000000,21877.04000000,21628.00000000,21755.40000000,740.99517000,1661522399999,16114080.55031850,13144,335.24106000,7290544.56495490,0
1661522400000,21754.35000000,21808.20000000,21137.99000000,21161.73000000,1429.85380000,1661525999999,30653000.82777450,26786,632.41828000,13562974.48526280,0
1661526000000,21161.32000000,21166.70000000,20623.45000000,20779.64000000,1319.05938000,1661529599999,27456493.03005660,21436,686.08758000,14281493.92598790,0
1661529600000,20779.64000000,20835.95000000,20535.00000000,20723.23000000,699.22053000,1661533199999,14462726.97984170,10910,373.47183000,7725880.95114290,0
1661533200000,20720.43000000,20776.30000000,20631.41000000,20648.82000000,275.93900000,1661536799999,5715355.45648260,6021,130.45854000,2702426.89138370,0
1661536800000,20650.14000000,20736.49000000,20537.60000000,20695.12000000,440.78839000,1661540399999,9092514.43073920,7914,233.63355000,4818294.29356850,0
1661540400000,20692.81000000,20731.97000000,20616.82000000,20643.21000000,256.19688000,1661543999999,5295674.37822290,5308,125.70836000,2598265.41402760,0
1661544000000,20646.60000000,20749.14000000,20637.65000000,20646.15000000,231.40554000,1661547599999,4789382.02271310,4316,96.74341000,2002434.17482420,0
1661547600000,20645.40000000,20682.63000000,20569.61000000,20641.43000000,139.21901000,1661551199999,2872762.39999160,2713,70.82862000,1461507.98176200,0
1661551200000,20640.66000000,20685.34000000,20582.19000000,20613.04000000,334.68579000,1661554799999,6906800.07192280,5490,173.07629000,3571798.51009510,0
1661554800000,20614.37000000,20629.50000000,20074.00000000,20238.97000000,1214.21125000,1661558399999,24629362.53012060,17241,542.09538000,10993410.55790400,0
1661558400000,20237.96000000,20402.13000000,20144.60000000,20310.80000000,541.19686000,1661561999999,10962602.73812820,8742,281.21102000,5696593.67833930,0
1661562000000,20308.22000000,20343.50000000,20247.97000000,20280.42000000,317.16956000,1661565599999,6436411.80215480,4910,162.48370000,3297494.09173070,0
1661565600000,20278.97000000,20296.07000000,20135.48000000,20205.60000000,429.69799000,1661569199999,8692521.63556770,6699,214.20002000,4333375.40819770,0
1661569200000,20206.86000000,20248.84000000,20187.19000000,20204.44000000,362.60119000,1661572799999,7331696.13305810,5287,196.81787000,3979730.15213560,0
1661572800000,20205.07000000,20232.06000000,20116.82000000,20147.80000000,311.69224000,1661576399999,6289338.40922390,4995,152.40534000,3075406.45832410,0
1661576400000,20148.57000000,20166.81000000,19930.00000000,20131.15000000,571.40918000,1661579999999,11459815.39999970,9192,259.92555000,5214240.88364070,0
1661580000000,20130.74000000,20248.66000000,20093.76000000,20161.34000000,356.41292000,1661583599999,7181796.39311350,6120,179.25093000,3611853.55984880,0
1661583600000,20160.13000000,20280.08000000,20134.81000000,20272.23000000,414.23196000,1661587199999,8368198.45657880,6522,211.87033000,4280021.80839820,0
1661587200000,20272.37000000,20282.52000000,20189.53000000,20202.67000000,309.87800000,1661590799999,6273920.58574180,6054,163.52982000,3310840.70159190,0
1661590800000,20204.00000000,20214.29000000,20136.86000000,20148.25000000,284.53937000,1661594399999,5739260.19856130,4472,138.02289000,2783865.17399600,0
1661594400000,20149.87000000,20245.22000000,20145.93000000,20181.21000000,349.99936000,1661597999999,7070877.44728470,5321,172.99048000,3494959.92400650,0
1661598000000,20183.26000000,20255.40000000,20167.43000000,20211.94000000,295.70616000,1661601599999,5974861.41519710,4476,160.34516000,3239902.55738100,0
1661601600000,20210.23000000,20242.12000000,20138.52000000,20191.62000000,193.86437000,1661605199999,3917082.92623940,3425,100.35848000,2027950.09796580,0
1661605200000,20188.91000000,20236.36000000,20099.14000000,20173.31000000,302.52854000,1661608799999,6102197.14439140,5008,148.95089000,3003978.31396060,0
1661608800000,20174.52000000,20214.36000000,20050.00000000,20070.84000000,223.78663000,1661612399999,4507637.66828320,4663,103.15500000,2078412.93110580,0
1661612400000,20061.99000000,20099.60000000,19800.00000000,19972.91000000,739.55754000,1661615999999,14770291.41317410,11060,347.51748000,6943548.21687700,0
1661616000000,19976.01000000,20025.95000000,19840.00000000,20003.68000000,521.73278000,1661619599999,10397336.59245930,8474,258.30310000,5147508.62782960,0
1661619600000,20001.88000000,20096.51000000,19969.94000000,19984.09000000,295.97341000,1661623199999,5925963.49806180,5686,144.72894000,2898000.95366090,0
1661623200000,19984.12000000,20019.99000000,19944.82000000,19959.01000000,209.05634000,1661626799999,4176546.07763040,4055,99.64060000,1990717.05713620,0
1661626800000,19960.19000000,20048.30000000,19930.16000000,20019.48000000,177.19715000,1661630399999,3541672.56576790,3686,89.52412000,1789546.69628180,0
1661630400000,20014.26000000,20039.70000000,19942.33000000,20008.55000000,197.56018000,1661633999999,3948465.20828780,3988,99.11451000,1981165.01174270,0
1661634000000,20008.55000000,20064.89000000,19873.58000000,19878.44000000,176.55161000,1661637599999,3526450.69715060,2655,94.79871000,1894305.00985030,0
1661637600000,19877.58000000,20100.00000000,19861.00000000,20018.74000000,393.62937000,1661641199999,7862740.76956360,6497,199.12790000,3977492.23142960,0
1661641200000,20020.88000000,20085.35000000,19992.55000000,20034.31000000,205.36322000,1661644799999,4114324.09376390,4245,106.20872000,2128017.94648850,0
1661644800000,20036.26000000,20050.00000000,19924.83000000,19992.60000000,209.78502000,1661648399999,4191307.73257410,4363,104.64078000,2090663.93468510,0
1661648400000,19990.99000000,20083.70000000,19971.73000000,20019.48000000,159.69593000,1661651999999,3200395.25088130,3421,89.52812000,1794411.52500910,0
1661652000000,20021.31000000,20164.12000000,19990.00000000,20004.03000000,237.29953000,1661655599999,4761002.67361960,4088,120.41122000,2415791.81393650,0
1661655600000,20004.02000000,20056.90000000,19970.17000000,19991.36000000,112.42562000,1661659199999,2249589.90881930,2393,56.54766000,1131555.51383010,0
1661659200000,19993.16000000,20013.13000000,19952.41000000,19996.44000000,120.12349000,1661662799999,2400504.05019010,2567,55.96342000,1118505.78782020,0
1661662800000,19994.32000000,20058.80000000,19935.10000000,20055.27000000,156.29132000,1661666399999,3124210.94109700,2821,75.03451000,1500315.22101740,0
1661666400000,20053.56000000,20094.94000000,20020.01000000,20035.39000000,106.41549000,1661669999999,2133404.66622520,2354,54.72693000,1097314.63720380,0
1661670000000,20037.40000000,20083.70000000,20004.56000000,20054.94000000,110.42484000,1661673599999,2213661.11153300,2704,54.72264000,1096998.56176700,0
1661673600000,20055.14000000,20108.03000000,19994.73000000,20036.00000000,156.36760000,1661677199999,3135966.49780020,3068,73.25212000,1469156.19190150,0
1661677200000,20036.73000000,20048.82000000,19998.00000000,20016.79000000,114.37079000,1661680799999,2290319.46357450,2207,56.06160000,1122726.42060920,0
1661680800000,20021.01000000,20032.24000000,19958.00000000,19996.11000000,177.99494000,1661684399999,3557854.28663180,3183,73.70324000,1473525.19507150,0
1661684400000,19996.11000000,20040.99000000,19942.44000000,20034.74000000,195.30008000,1661687999999,3905276.42253520,3987,90.97322000,1819268.27244070,0
1661688000000,20033.39000000,20058.09000000,19892.11000000,19921.91000000,223.56987000,1661691599999,4469009.85079620,4294,113.06595000,2260634.90165380,0
1661691600000,19925.33000000,19980.00000000,19908.31000000,19938.77000000,242.34235000,1661695199999,4833170.11431460,4321,128.03225000,2553390.05364380,0
1661695200000,19939.52000000,20005.17000000,19809.86000000,19919.01000000,426.73053000,1661698799999,8495090.79866520,6891,215.99023000,4299820.90351960,0
1661698800000,19920.00000000,20044.93000000,19904.34000000,20025.12000000,303.87327000,1661702399999,6071221.86743150,5119,137.58686000,2748823.68922340,0
1661702400000,20021.50000000,20156.55000000,19978.91000000,19990.96000000,393.02149000,1661705999999,7888591.77666620,6209,198.07030000,3976070.69092320,0
1661706000000,19991.02000000,20058.80000000,19950.30000000,19982.39000000,254.09207000,1661709599999,5082513.04938710,3823,138.50244000,2770644.18577830,0
1661709600000,19985.51000000,20042.74000000,19974.76000000,20010.61000000,117.98542000,1661713199999,2360654.33441290,2317,57.49247000,1150290.25454430,0
1661713200000,20012.09000000,20064.39000000,19950.04000000,19971.58000000,169.14117000,1661716799999,3382497.43171950,3040,81.65937000,1633149.45826340,0
1661716800000,19972.65000000,20047.13000000,19961.57000000,19989.13000000,214.01551000,1661720399999,4280632.75403120,3198,107.89660000,2158216.59167350,0
1661720400000,19989.13000000,20048.30000000,19942.82000000,19962.94000000,137.19473000,1661723999999,2743425.77269450,2519,73.90441000,1478025.22467380,0
1661724000000,19962.94000000,20031.03000000,19874.27000000,19901.39000000,918.87074000,1661727599999,18312321.20204670,11503,445.60151000,8880618.29914620,0
1661727600000,19898.95000000,19918.22000000,19521.59000000,19557.34000000,1181.80200000,1661731199999,23299435.11462990,16868,597.03141000,11768699.06440120,0
1661731200000,19555.78000000,19752.17000000,19551.69000000,19639.85000000,869.92134000,1661734799999,17081420.10116580,13452,409.75278000,8046153.10458870,0
1661734800000,19640.03000000,19680.08000000,19585.97000000,19659.17000000,689.88782000,1661738399999,13541682.71943210,9034,329.88909000,6475666.49240600,0
1661738400000,19658.33000000,19792.35000000,19644.13000000,19762.54000000,602.03082000,1661741999999,11878929.06671240,8196,320.24755000,6320399.49856480,0
1661742000000,19763.79000000,19963.38000000,19733.00000000,19865.49000000,681.39095000,1661745599999,13514535.08058700,9560,347.04579000,6883829.80138380,0
1661745600000,19868.73000000,19939.07000000,19783.08000000,19804.80000000,456.50125000,1661749199999,9059649.71340420,7318,237.64728000,4716423.42838110,0
1661749200000,19806.66000000,19835.51000000,19730.50000000,19753.85000000,383.76636000,1661752799999,7595673.94505280,6238,187.29633000,3706989.61913330,0
1661752800000,19754.55000000,19892.11000000,19754.55000000,19850.04000000,404.86475000,1661756399999,8025958.77110690,6384,193.39856000,3833538.53480080,0
1661756400000,19852.61000000,19909.42000000,19789.57000000,19896.36000000,657.40440000,1661759999999,13052353.75952380,9655,353.23061000,7012660.44842000,0
1661760000000,19897.66000000,19922.68000000,19792.41000000,19792.55000000,451.98408000,1661763599999,8971851.62227080,6446,211.50877000,4198216.50071890,0
1661763600000,19794.37000000,19860.37000000,19753.61000000,19842.00000000,464.67874000,1661767199999,9210049.27093070,6482,215.84468000,4278140.37073860,0
1661767200000,19842.73000000,19862.48000000,19800.25000000,19828.60000000,461.84838000,1661770799999,9160426.23098460,6433,259.18807000,5140727.95007950,0
1661770800000,19832.33000000,19843.35000000,19760.50000000,19822.55000000,466.54298000,1661774399999,9239025.75114140,7071,233.57513000,4625418.68104160,0
1661774400000,19822.15000000,20054.99000000,19805.86000000,19894.74000000,762.91869000,1661777999999,15194226.44916560,10262,371.08308000,7390798.79946510,0
1661778000000,19896.80000000,20148.21000000,19895.73000000,20081.12000000,1063.62801000,1661781599999,21317773.02749610,14185,540.80811000,10842044.81761420,0
1661781600000,20082.05000000,20392.00000000,20073.60000000,20165.80000000,1137.93389000,1661785199999,23031236.54894130,13961,571.22505000,11564930.56648620,0
1661785200000,20163.96000000,20283.31000000,20152.76000000,20261.00000000,740.40906000,1661788799999,14964532.95128240,8929,370.31553000,7484362.03165210,0
1661788800000,20263.87000000,20440.13000000,20243.75000000,20315.65000000,683.29869000,1661792399999,13879033.39717820,8769,348.93500000,7087346.45950350,0
1661792400000,20319.89000000,20330.63000000,20193.24000000,20280.27000000,532.97727000,1661795999999,10800895.92381000,5798,273.66771000,5545610.51974650,0
1661796000000,20280.49000000,20291.40000000,20119.63000000,20175.11000000,620.13922000,1661799599999,12523848.68940690,7443,307.25716000,6205237.51120960,0
1661799600000,20175.20000000,20201.58000000,20078.88000000,20097.72000000,646.29898000,1661803199999,13006347.09351930,7916,320.73509000,6454737.31911110,0
1661803200000,20097.07000000,20199.95000000,20079.31000000,20177.11000000,360.11603000,1661806799999,7256672.70998360,5306,185.75063000,3742748.21340520,0
1661806800000,20178.17000000,20226.10000000,20128.49000000,20203.25000000,190.96432000,1661810399999,3854677.30982340,3367,92.29956000,1863057.28810890,0
1661810400000,20202.02000000,20243.49000000,20155.90000000,20204.08000000,631.19057000,1661813999999,12748728.81959020,7406,317.89093000,6420786.31199340,0
1661814000000,20202.93000000,20350.00000000,20120.45000000,20286.58000000,753.14638000,1661817599999,15250007.94438540,9304,372.67732000,7546158.67179470,0
1661817600000,20285.75000000,20297.78000000,20187.50000000,20255.32000000,670.69815000,1661821199999,13571922.31007690,8605,333.21196000,6742692.07167790,0
1661821200000,20256.15000000,20299.78000000,20111.72000000,20163.11000000,672.06655000,1661824799999,13585771.42641620,9274,350.54430000,7086817.26647120,0
1661824800000,20164.42000000,20204.68000000,20127.80000000,20198.18000000,359.33348000,1661828399999,7248920.69419550,6545,186.21086000,3756527.93974630,0
1661828400000,20199.44000000,20280.00000000,20163.87000000,20271.36000000,537.73460000,1661831999999,10875617.65678430,7000,270.81905000,5477104.31862220,0
1661832000000,20271.44000000,20544.12000000,20253.65000000,20466.05000000,774.54957000,1661835599999,15811199.91532390,11531,405.36377000,8274553.77006140,0
1661835600000,20468.94000000,20471.61000000,20365.58000000,20415.89000000,411.61241000,1661839199999,8400215.88820720,6792,208.62483000,4257838.92121760,0
1661839200000,20418.06000000,20461.20000000,20375.00000000,20395.90000000,370.11972000,1661842799999,7553064.17429010,6201,189.73954000,3872512.80179730,0
1661842800000,20396.99000000,20578.88000000,20382.71000000,20439.19000000,558.34687000,1661846399999,11429784.06073400,9284,277.32032000,5676672.81706190,0
1661846400000,20437.55000000,20513.22000000,20383.68000000,20403.37000000,406.90233000,1661849999999,8321368.48442240,7031,185.43798000,3792316.52993610,0
1661850000000,20402.17000000,20447.68000000,20383.21000000,20422.28000000,394.14028000,1661853599999,8046685.44401980,5022,196.01928000,4001935.24037460,0
1661853600000,20422.46000000,20511.52000000,20334.77000000,20394.40000000,646.44034000,1661857199999,13204253.94948520,7453,303.94365000,6209066.26237460,0
1661857200000,20397.74000000,20419.40000000,20359.59000000,20406.50000000,435.51318000,1661860799999,8879576.60068790,5376,216.86708000,4421659.05115750,0
1661860800000,20406.57000000,20449.60000000,20282.91000000,20338.68000000,574.34346000,1661864399999,11693340.09061460,8214,279.77697000,5696915.62429090,0
1661864400000,20338.38000000,20450.00000000,20241.39000000,20273.06000000,759.62254000,1661867999999,15466970.93238980,11330,376.34746000,7663253.11047530,0
1661868000000,20274.07000000,20306.09000000,19722.66000000,19833.74000000,1053.87271000,1661871599999,21079467.45043750,17154,530.85206000,10616220.15909980,0
1661871600000,19832.62000000,19842.84000000,19651.00000000,19755.04000000,873.27558000,1661875199999,17251500.19440400,13623,447.00758000,8830413.04856970,0
1661875200000,19757.06000000,19941.99000000,19542.00000000,19614.88000000,1004.72935000,1661878799999,19822171.85970950,14812,485.03724000,9572604.94506450,0
1661878800000,19616.55000000,19728.47000000,19561.14000000,19686.65000000,766.42646000,1661882399999,15050134.99403020,9511,385.78687000,7575537.35899910,0
1661882400000,19686.58000000,19810.00000000,19677.29000000,19777.39000000,594.51708000,1661885999999,11733078.89052700,8962,303.94931000,5998530.92957070,0
1661886000000,19778.26000000,20100.00000000,19758.63000000,19949.42000000,1193.67839000,1661889599999,23829721.05820310,17508,594.70288000,11873670.32369130,0
1661889600000,19950.80000000,20058.66000000,19843.75000000,19977.04000000,810.90307000,1661893199999,16178152.72941850,10189,431.17994000,8602206.49004240,0
1661893200000,19977.22000000,20008.98000000,19814.11000000,19884.71000000,424.56618000,1661896799999,8461873.49203200,5732,222.40678000,4432707.66670730,0
1661896800000,19885.66000000,19914.14000000,19774.25000000,19909.94000000,838.36290000,1661900399999,16639157.69214480,10676,411.64397000,8170249.27056140,0
1661900400000,19910.74000000,19930.32000000,19745.61000000,19810.83000000,655.45701000,1661903999999,13002442.25840550,8233,329.85757000,6543126.33877640,0
1661904000000,19815.75000000,19992.65000000,19800.00000000,19963.57000000,572.42309000,1661907599999,11401663.23040880,8236,281.20705000,5601341.67444590,0
1661907600000,19962.84000000,20254.77000000,19941.84000000,20235.97000000,830.53580000,1661911199999,16687227.93404650,12516,422.59990000,8491113.47752840,0
1661911200000,20238.14000000,20419.19000000,20238.14000000,20333.99000000,693.13041000,1661914799999,14097297.87318850,10859,340.82115000,6931255.48596100,0
1661914800000,20336.01000000,20464.33000000,20296.27000000,20402.36000000,477.80009000,1661918399999,9742217.55142390,7817,237.78533000,4848535.27566710,0
1661918400000,20406.38000000,20445.17000000,20331.17000000,20340.36000000,508.56200000,1661921999999,10363849.85769600,7264,249.30849000,5080480.59358490,0
1661922000000,20343.50000000,20385.84000000,20306.10000000,20351.46000000,500.40396000,1661925599999,10181396.28723380,6868,256.74470000,5223917.05228030,0
1661925600000,20352.71000000,20498.24000000,20205.39000000,20247.83000000,816.19984000,1661929199999,16576768.62399280,10582,413.59891000,8399448.42870220,0
1661929200000,20249.14000000,20308.46000000,20184.78000000,20256.95000000,691.39592000,1661932799999,14006818.54501010,9060,357.76009000,7247932.75364540,0
1661932800000,20256.13000000,20331.69000000,20119.46000000,20234.42000000,852.38007000,1661936399999,17246073.08540730,10462,436.46143000,8831062.36797510,0
1661936400000,20232.71000000,20238.61000000,20161.14000000,20176.85000000,652.98463000,1661939999999,13193155.89756200,7284,323.63368000,6539029.82735480,0
1661940000000,20176.85000000,20409.65000000,20153.50000000,20333.88000000,767.69911000,1661943599999,15578883.06606850,8916,394.66488000,8008786.17036870,0
1661943600000,20332.78000000,20388.31000000,20261.35000000,20316.38000000,678.68301000,1661947199999,13782968.59752840,7940,358.05181000,7271754.90471960,0
1661947200000,20311.92000000,20425.52000000,20192.41000000,20307.06000000,813.70208000,1661950799999,16522254.87031590,9200,421.10546000,8550581.62528970,0
1661950800000,20306.45000000,20429.74000000,20218.75000000,20307.03000000,1018.78313000,1661954399999,20711461.65006600,12828,510.29341000,10374388.36787970,0
1661954400000,20307.77000000,20348.29000000,20093.75000000,20105.75000000,1218.13048000,1661957999999,24666961.46052050,15486,606.86112000,12289485.69839570,0
1661958000000,20107.32000000,20164.97000000,19873.29000000,20140.48000000,1113.34716000,1661961599999,22316298.26351800,16616,565.64241000,11339032.39044320,0
1661961600000,20143.60000000,20215.43000000,20016.96000000,20039.80000000,899.89835000,1661965199999,18087316.31941270,10660,476.55994000,9579415.13328180,0
1661965200000,20040.03000000,20147.01000000,19877.34000000,19980.20000000,988.56863000,1661968799999,19809841.71899020,11414,536.43560000,10752862.17690130,0
1661968800000,19982.26000000,20047.68000000,19937.50000000,19999.67000000,750.92488000,1661972399999,15012571.62792280,9217,374.79983000,7493116.10366570,0
1661972400000,20002.38000000,20327.61000000,19985.91000000,20228.42000000,1020.92912000,1661975999999,20606738.96137490,12828,525.41394000,10605114.00248730,0
1661976000000,20227.94000000,20243.94000000,20136.88000000,20191.44000000,385.30615000,1661979599999,7785296.16195520,5877,185.00676000,3738897.05877850,0
1661979600000,20194.57000000,20325.83000000,20160.00000000,20282.94000000,237.80441000,1661983199999,4808078.56750680,3898,126.36075000,2554742.26492440,0
1661983200000,20275.63000000,20294.02000000,20086.43000000,20153.31000000,688.99328000,1661986799999,13882404.32803660,7546,348.94741000,7030654.45538470,0
1661986800000,20152.64000000,20154.55000000,19964.52000000,20048.11000000,569.92331000,1661990399999,11413317.43555350,7055,284.52587000,5697969.20752680,0
