1656633600000,19936.19000000,20886.99000000,19637.42000000,20265.75000000,647.59013000,1656637199999,13075286.96096520,10896,336.87673000,6792395.88833020,0
1656637200000,20264.85000000,20450.99000000,20233.46000000,20386.11000000,327.50319000,1656640799999,6661782.04445770,6400,167.92648000,3416074.88770130,0
1656640800000,20392.29000000,20525.89000000,20242.42000000,20270.37000000,205.28519000,1656644399999,4178158.10409880,4829,102.47410000,2085952.77877410,0
1656644400000,20267.07000000,20284.83000000,19641.21000000,19705.30000000,293.62917000,1656647999999,5873868.43082100,5866,136.16181000,2728310.13183260,0
1656648000000,19705.33000000,19738.24000000,19345.00000000,19382.79000000,331.56036000,1656651599999,6479793.36164600,6321,149.37299000,2922044.04671210,0
1656651600000,19379.87000000,19548.81000000,19282.00000000,19439.81000000,250.14215000,1656655199999,4855647.48130190,5564,149.12955000,2894592.73388310,0
1656655200000,19439.70000000,19466.39000000,19337.56000000,19382.77000000,228.90614000,1656658799999,4439612.19990060,4666,134.66857000,2611821.24739210,0
1656658800000,19371.10000000,19640.80000000,19312.67000000,19557.74000000,262.61124000,1656662399999,5119522.89046180,4919,153.64155000,2995795.72371210,0
1656662400000,19556.23000000,19772.48000000,19450.86000000,19497.48000000,275.69720000,1656665999999,5406249.58105740,5638,140.04192000,2746512.31298130,0
1656666000000,19497.48000000,19535.55000000,19344.01000000,19399.45000000,261.36250000,1656669599999,5083593.59903540,5406,127.23646000,2474373.77170300,0
1656669600000,19401.71000000,19560.03000000,18975.60000000,19049.53000000,488.54302000,1656673199999,9395838.19650880,7286,221.58484000,4266324.13457810,0
1656673200000,19049.10000000,19202.44000000,18950.00000000,19166.68000000,234.44023000,1656676799999,4482158.33943510,4293,118.03447000,2256571.65827410,0
1656676800000,19163.00000000,19323.69000000,19107.21000000,19268.75000000,241.55686000,1656680399999,4645808.22584490,3907,129.30958000,2486406.84427430,0
1656680400000,19264.92000000,19643.84000000,19190.88000000,19441.04000000,454.14523000,1656683999999,8812155.92848350,6742,207.30512000,4021775.98460890,0
1656684000000,19436.68000000,19514.12000000,19242.76000000,19387.05000000,250.44352000,1656687599999,4847048.64716930,4269,101.79724000,1971751.09342860,0
1656687600000,19387.15000000,19460.51000000,19178.44000000,19267.73000000,342.59568000,1656691199999,6628844.88697730,4175,227.57986000,4406440.20075230,0
1656691200000,19267.75000000,19438.79000000,19230.09000000,19328.91000000,284.85704000,1656694799999,5513177.64081010,4207,99.76686000,1930972.78042210,0
1656694800000,19327.69000000,19500.00000000,19301.86000000,19464.71000000,114.15737000,1656698399999,2215828.21733790,2524,67.15903000,1303874.72238680,0
1656698400000,19464.74000000,19517.23000000,19369.40000000,19415.10000000,128.91352000,1656701999999,2508151.10809030,2997,59.63936000,1160170.87771050,0
1656702000000,19415.11000000,19421.08000000,19255.63000000,19370.11000000,114.48838000,1656705599999,2211746.70448510,2593,61.01272000,1178633.02335200,0
1656705600000,19370.42000000,19664.19000000,19325.07000000,19406.48000000,233.68544000,1656709199999,4554916.71869100,4338,104.72723000,2041691.60486820,0
1656709200000,19410.19000000,19538.01000000,19315.72000000,19378.21000000,98.49507000,1656712799999,1913797.67384580,1823,58.56066000,1138124.00987200,0
1656712800000,19374.97000000,19392.89000000,19263.05000000,19279.25000000,97.91042000,1656716399999,1894437.78599870,2925,40.62279000,785832.93461040,0
1656716400000,19277.16000000,19437.71000000,19195.47000000,19256.66000000,133.19996000,1656719999999,2575757.28433780,2752,57.04289000,1102928.05380190,0
1656720000000,19259.37000000,19366.22000000,19144.65000000,19146.03000000,121.66989000,1656723599999,2343803.89042040,3132,61.53808000,1185802.57000940,0
1656723600000,19151.36000000,19270.93000000,19127.90000000,19206.87000000,100.38825000,1656727199999,1927968.24083910,2488,55.74223000,1070365.78625820,0
1656727200000,19207.90000000,19259.89000000,19085.62000000,19174.56000000,119.89217000,1656730799999,2298403.45729060,2587,47.94400000,919588.29311690,0
1656730800000,19174.17000000,19202.06000000,19044.40000000,19105.06000000,96.20670000,1656734399999,1838382.17190420,2123,48.15925000,920189.75802940,0
1656734400000,19110.81000000,19209.45000000,19089.27000000,19173.99000000,110.07098000,1656737999999,2108231.92473430,2433,66.30816000,1269819.49620370,0
1656738000000,19172.15000000,19279.31000000,19155.42000000,19216.45000000,128.22972000,1656741599999,2463346.37749850,2243,61.32459000,1178401.94809500,0
1656741600000,19216.45000000,19256.79000000,19164.55000000,19193.28000000,44.75936000,1656745199999,860257.65017580,1275,23.99225000,461131.44170820,0
1656745200000,19193.27000000,19251.54000000,19039.01000000,19106.42000000,128.78706000,1656748799999,2468932.32686400,2507,57.90643000,1110722.68063100,0
1656748800000,19105.88000000,19172.16000000,19049.44000000,19089.96000000,71.23541000,1656752399999,1361898.43406020,1726,36.09585000,690116.75705770,0
1656752400000,19090.11000000,19161.44000000,18966.08000000,19144.51000000,115.82153000,1656755999999,2207388.24670070,2653,56.23645000,1072100.67617530,0
1656756000000,19148.92000000,19295.17000000,19112.01000000,19218.30000000,136.93807000,1656759599999,2627457.61487770,2911,71.12121000,1364965.11817610,0
1656759600000,19218.88000000,19250.00000000,19138.08000000,19171.44000000,71.17268000,1656763199999,1365914.86921410,1983,33.44097000,641802.13491810,0
1656763200000,19170.39000000,19425.93000000,19130.04000000,19318.48000000,242.60256000,1656766799999,4679956.53405530,4290,101.32865000,1953785.24962720,0
1656766800000,19319.86000000,19322.80000000,19198.31000000,19241.84000000,99.62243000,1656770399999,1916824.80047650,2215,42.84469000,824408.80663440,0
1656770400000,19242.45000000,19335.00000000,19229.50000000,19259.42000000,99.47845000,1656773999999,1918613.49091550,2176,53.85259000,1038588.95835290,0
1656774000000,19259.45000000,19276.47000000,19147.90000000,19203.14000000,96.03370000,1656777599999,1844820.13048550,2342,39.78290000,764017.37912740,0
1656777600000,19208.06000000,19308.45000000,19164.74000000,19269.70000000,128.84861000,1656781199999,2479930.04798960,2238,50.24969000,967511.71662510,0
1656781200000,19271.29000000,19327.98000000,19259.42000000,19277.21000000,59.01523000,1656784799999,1138058.51621370,1504,30.38429000,585898.11418250,0
1656784800000,19277.74000000,19375.00000000,19235.84000000,19296.30000000,89.14925000,1656788399999,1719328.16798880,1760,53.31942000,1028320.22984300,0
1656788400000,19296.31000000,19381.60000000,19174.99000000,19239.76000000,118.82883000,1656791999999,2289248.87314440,2581,47.48089000,914721.29282080,0
1656792000000,19249.78000000,19262.11000000,19181.39000000,19242.13000000,50.54004000,1656795599999,971650.25550810,1371,25.81239000,496204.18611720,0
1656795600000,19239.87000000,19467.87000000,19224.93000000,19335.99000000,717.42305000,1656799199999,13875017.53388050,7407,568.64808000,11003902.84096840,0
1656799200000,19335.99000000,19432.42000000,19291.66000000,19305.87000000,287.08622000,1656802799999,5555465.25478960,3187,197.88278000,3831543.65823780,0
1656802800000,19308.06000000,19341.79000000,19174.99000000,19228.05000000,137.19795000,1656806399999,2640006.38594380,2001,77.42603000,1490096.45493570,0
1656806400000,19228.20000000,19268.58000000,19150.68000000,19222.20000000,98.77190000,1656809999999,1896804.46581600,1972,34.87726000,669865.33034630,0
1656810000000,19226.08000000,19233.33000000,19147.91000000,19166.43000000,44.82395000,1656813599999,860024.47622150,1332,20.69857000,397230.89437670,0
1656813600000,19159.28000000,19266.54000000,19159.28000000,19238.22000000,39.55022000,1656817199999,760104.97343130,1151,24.78977000,476455.22494680,0
1656817200000,19238.22000000,19283.13000000,19212.31000000,19242.96000000,37.58945000,1656820799999,723421.45202530,1048,17.65167000,339740.58904640,0
1656820800000,19242.97000000,19298.56000000,18758.35000000,19252.18000000,177.12927000,1656824399999,3373565.33281340,3856,75.95538000,1449085.22624960,0
1656824400000,19237.90000000,19379.33000000,19002.53000000,19018.09000000,221.42093000,1656827999999,4241112.97668760,4257,124.78138000,2390011.27687960,0
1656828000000,19025.56000000,19162.74000000,19000.00000000,19127.17000000,87.71588000,1656831599999,1674377.40307860,2138,45.29281000,864655.95019200,0
1656831600000,19128.40000000,19136.50000000,19067.76000000,19112.38000000,56.30823000,1656835199999,1075333.69035380,1620,27.96639000,534094.31919410,0
1656835200000,19115.26000000,19136.68000000,18909.52000000,18994.87000000,109.45757000,1656838799999,2083196.36467010,2635,48.21773000,917773.05103230,0
1656838800000,18987.94000000,19063.82000000,18924.61000000,19020.23000000,173.03472000,1656842399999,3283039.43378130,3170,79.92182000,1516157.66290530,0
1656842400000,19020.23000000,19092.36000000,19007.44000000,19054.21000000,67.21665000,1656845999999,1280677.69951190,1620,34.51070000,657528.34854500,0
1656846000000,19049.50000000,19128.30000000,19040.15000000,19068.22000000,91.18930000,1656849599999,1741320.26049810,1616,67.78448000,1294621.80870670,0
1656849600000,19068.22000000,19103.07000000,18959.37000000,19046.17000000,74.45549000,1656853199999,1417869.47698690,1679,35.93972000,684442.65234340,0
1656853200000,19048.07000000,19062.80000000,18940.01000000,18950.01000000,85.14998000,1656856799999,1617923.11328020,1502,49.69980000,944405.97186500,0
1656856800000,18952.93000000,19079.16000000,18942.49000000,19057.62000000,45.72775000,1656860399999,869832.74736310,1167,26.56522000,505318.91287430,0
1656860400000,19057.59000000,19093.34000000,19010.97000000,19028.64000000,70.90023000,1656863999999,1350723.52974810,1802,37.78087000,719846.16886520,0
1656864000000,19023.10000000,19179.02000000,18988.80000000,19135.08000000,97.00854000,1656867599999,1852442.98546990,2258,46.93611000,896429.22633030,0
1656867600000,19136.95000000,19229.99000000,19093.06000000,19185.20000000,100.57877000,1656871199999,1924730.80333780,1504,61.83951000,1183563.39542040,0
1656871200000,19203.94000000,19291.70000000,19160.93000000,19214.88000000,79.96350000,1656874799999,1535925.94328750,1814,43.66970000,838887.78465370,0
1656874800000,19219.81000000,19537.49000000,19205.65000000,19472.35000000,163.95770000,1656878399999,3178103.89417790,3390,95.76774000,1856607.54228580,0
1656878400000,19471.18000000,19628.23000000,19393.90000000,19425.48000000,197.11424000,1656881999999,3841396.26144660,4094,102.91584000,2005555.09540000,0
1656882000000,19420.15000000,19446.43000000,19241.33000000,19277.01000000,77.74306000,1656885599999,1502388.90725520,1834,42.95632000,829835.35972180,0
1656885600000,19272.83000000,19367.34000000,19200.01000000,19280.85000000,58.07416000,1656889199999,1119965.61030040,1515,31.50721000,607874.03108500,0
1656889200000,19287.83000000,19314.79000000,19193.76000000,19290.38000000,68.58888000,1656892799999,1321576.15951280,1725,32.60932000,628253.34795850,0
1656892800000,19293.94000000,19390.07000000,19197.66000000,19243.98000000,171.86800000,1656896399999,3311430.31121680,3074,86.90098000,1675462.12623990,0
1656896400000,19242.03000000,19247.85000000,19120.85000000,19205.78000000,96.16454000,1656899999999,1842616.63572870,2180,44.03084000,843773.22222020,0
1656900000000,19206.11000000,19213.33000000,19042.06000000,19049.42000000,114.47307000,1656903599999,2190809.11098790,2072,62.24388000,1192145.96900690,0
1656903600000,19046.56000000,19108.31000000,19033.07000000,19078.56000000,73.25979000,1656907199999,1397870.26045140,1494,23.48791000,447968.11090110,0
1656907200000,19080.44000000,19127.45000000,19062.01000000,19102.61000000,65.79615000,1656910799999,1256622.77952420,1505,38.00188000,725803.66643750,0
1656910800000,19104.48000000,19129.44000000,19089.63000000,19114.32000000,42.32888000,1656914399999,808912.58144870,1183,21.22835000,405665.37297170,0
1656914400000,19115.79000000,19169.90000000,19063.34000000,19073.35000000,68.18991000,1656917999999,1304762.16584000,2008,35.73877000,683956.86423280,0
1656918000000,19078.90000000,19121.19000000,19062.55000000,19099.03000000,92.12833000,1656921599999,1759252.15053460,2559,45.30047000,865024.67387740,0
1656921600000,19099.00000000,19155.67000000,19087.80000000,19126.76000000,57.48518000,1656925199999,1099671.60658060,1822,28.03249000,536311.99883220,0
1656925200000,19126.76000000,19420.77000000,19120.71000000,19346.03000000,237.58081000,1656928799999,4585566.29856340,3697,127.75664000,2465685.00344670,0
1656928800000,19351.33000000,19529.48000000,19351.33000000,19450.01000000,233.24603000,1656932399999,4535553.29187450,4353,123.02038000,2391961.62451050,0
1656932400000,19450.01000000,19826.60000000,19432.77000000,19787.74000000,311.93208000,1656935999999,6115782.66534920,5765,146.68645000,2877558.48516090,0
1656936000000,19786.50000000,19868.46000000,19621.38000000,19691.65000000,323.44716000,1656939599999,6379835.35895360,5192,132.78977000,2618858.34511530,0
1656939600000,19691.64000000,19733.44000000,19501.93000000,19507.51000000,211.15768000,1656943199999,4142006.51718170,4367,93.34511000,1831986.93768990,0
1656943200000,19509.86000000,19617.71000000,19475.36000000,19593.32000000,171.45852000,1656946799999,3349671.99015010,3412,67.26359000,1314549.97806000,0
1656946800000,19592.62000000,20099.99000000,19590.30000000,19781.76000000,325.01199000,1656950399999,6455414.13832620,5477,176.25352000,3499115.19134520,0
1656950400000,19782.11000000,19810.14000000,19655.11000000,19718.13000000,104.91238000,1656953999999,2068755.08891110,2595,50.95363000,1004869.31670710,0
1656954000000,19718.12000000,20038.04000000,19697.03000000,19877.87000000,284.10616000,1656957599999,5651062.35235350,4942,128.96523000,2562513.15687680,0
1656957600000,19877.87000000,19948.21000000,19805.00000000,19905.42000000,168.29449000,1656961199999,3344598.62737500,4050,77.27893000,1535957.70712910,0
1656961200000,19912.47000000,19981.70000000,19750.33000000,19806.37000000,301.07279000,1656964799999,5971275.60346410,3980,192.48207000,3816873.95084420,0
1656964800000,19814.02000000,19852.44000000,19704.00000000,19756.13000000,196.19084000,1656968399999,3880247.66752470,2662,148.03620000,2928143.63366650,0
1656968400000,19763.36000000,20000.00000000,19723.29000000,19939.23000000,79.31564000,1656971999999,1572451.12793770,1770,42.01545000,833504.55071930,0
1656972000000,19936.43000000,20250.00000000,19854.56000000,20143.09000000,206.93084000,1656975599999,4144491.09497270,3861,121.87385000,2441576.98497460,0
1656975600000,20145.11000000,20326.59000000,20087.84000000,20211.75000000,236.42921000,1656979199999,4779805.13456790,4615,122.99903000,2486469.29268270,0
1656979200000,20214.13000000,20458.35000000,20151.50000000,20373.60000000,380.78928000,1656982799999,7736283.83490930,5565,180.85082000,3670003.53187990,0
1656982800000,20377.18000000,20405.00000000,20230.53000000,20280.12000000,181.89609000,1656986399999,3692927.59947800,3131,56.67263000,1150107.44579000,0
1656986400000,20274.35000000,20282.27000000,20130.09000000,20152.19000000,154.21295000,1656989999999,3114063.87888950,2397,99.19893000,2002777.24913320,0
1656990000000,20152.07000000,20293.16000000,20152.07000000,20285.41000000,150.73661000,1656993599999,3045865.80652050,2162,82.80065000,1672932.93002270,0
1656993600000,20291.20000000,20294.58000000,20160.00000000,20250.80000000,84.22887000,1656997199999,1703354.41515960,2125,35.46688000,717081.93661460,0
1656997200000,20252.81000000,20448.87000000,20212.09000000,20275.60000000,185.70472000,1657000799999,3775831.18482000,3412,112.12072000,2279680.30482000,0
1657000800000,20272.21000000,20413.92000000,20268.96000000,20362.05000000,168.14682000,1657004399999,3422059.26172140,2763,73.13897000,1488266.49186290,0
1657004400000,20364.40000000,20372.81000000,20150.00000000,20187.54000000,150.33622000,1657007999999,3042578.21371670,3160,61.79960000,1250599.22223940,0
1657008000000,20193.12000000,20193.12000000,19781.98000000,19873.33000000,325.37171000,1657011599999,6489861.09659310,5632,151.58352000,3022091.52943940,0
1657011600000,19867.26000000,19911.52000000,19613.33000000,19751.60000000,523.92958000,1657015199999,10346255.66633870,6001,168.33310000,3325024.48745850,0
1657015200000,19751.60000000,19799.43000000,19680.57000000,19719.12000000,125.47427000,1657018799999,2476185.63964130,2789,59.94452000,1182746.29521630,0
1657018800000,19719.20000000,19780.33000000,19457.79000000,19496.82000000,232.56888000,1657022399999,4565699.30192460,4620,93.06615000,1827435.23966860,0
1657022400000,19494.44000000,19548.16000000,19337.98000000,19350.69000000,341.60050000,1657025999999,6638062.94117380,5766,183.58939000,3567762.84335640,0
1657026000000,19347.62000000,19509.93000000,19256.64000000,19381.56000000,268.63715000,1657029599999,5204808.55473910,5951,127.08040000,2462306.10364260,0
1657029600000,19378.00000000,19569.33000000,19350.54000000,19442.66000000,213.33533000,1657033199999,4153247.80644200,4354,100.89252000,1964602.71699520,0
1657033200000,19438.62000000,19516.64000000,19301.69000000,19497.54000000,184.83071000,1657036799999,3589726.37574010,4704,90.28276000,1753672.09456290,0
1657036800000,19497.54000000,19684.39000000,19464.14000000,19531.70000000,204.48972000,1657040399999,4000710.63033540,4746,89.39118000,1749326.56860580,0
1657040400000,19530.41000000,19761.47000000,19522.30000000,19678.74000000,200.31533000,1657043999999,3940466.55236450,4369,80.79228000,1588901.09400340,0
1657044000000,19687.08000000,20110.05000000,19652.21000000,20095.17000000,207.49026000,1657047599999,4119756.13482610,4719,116.52289000,2314189.56475650,0
1657047600000,20095.56000000,20484.15000000,20043.64000000,20377.82000000,392.68797000,1657051199999,7956096.96533240,6757,244.21582000,4947042.63254410,0
1657051200000,20375.69000000,20733.30000000,20341.40000000,20439.77000000,371.97317000,1657054799999,7642298.89181060,7480,173.17784000,3558236.33705250,0
1657054800000,20436.90000000,20479.18000000,20150.29000000,20347.70000000,180.30478000,1657058399999,3665026.79938710,3866,67.12120000,1364494.70675130,0
1657058400000,20350.00000000,20416.67000000,20227.64000000,20410.43000000,110.02562000,1657061999999,2236881.47316970,2548,48.71958000,990373.08141620,0
1657062000000,20416.66000000,20416.66000000,20093.98000000,20156.88000000,162.05910000,1657065599999,3273717.38767020,3140,67.59403000,1365527.42189180,0
1657065600000,20153.79000000,20361.33000000,20079.16000000,20240.98000000,185.63536000,1657069199999,3753790.26532760,3663,97.11142000,1963355.26416610,0
1657069200000,20243.51000000,20297.70000000,19807.39000000,19866.63000000,170.50192000,1657072799999,3413379.45779770,3580,74.83729000,1498580.24497670,0
1657072800000,19852.81000000,19954.39000000,19744.00000000,19841.40000000,137.36327000,1657076399999,2726181.23354420,3325,66.73159000,1324560.29846780,0
1657076400000,19841.40000000,19966.42000000,19744.85000000,19930.83000000,104.85525000,1657079999999,2083512.99687040,2907,44.23107000,878490.62937700,0
1657080000000,19930.84000000,20300.00000000,19882.22000000,20077.80000000,295.43820000,1657083599999,5947679.22283530,5008,171.50891000,3452560.69316290,0
1657083600000,20073.77000000,20174.86000000,19889.84000000,20026.66000000,146.61227000,1657087199999,2934111.40369030,3492,72.60786000,1453291.13864260,0
1657087200000,20027.32000000,20079.67000000,19846.95000000,20065.24000000,125.24248000,1657090799999,2500727.01625490,3088,68.01953000,1358600.89314210,0
1657090800000,20073.32000000,20216.48000000,20059.14000000,20140.77000000,137.70509000,1657094399999,2775133.50370870,3027,75.71573000,1526177.36473170,0
1657094400000,20140.76000000,20271.90000000,20066.86000000,20162.66000000,146.45604000,1657097999999,2957825.41122670,3140,72.91005000,1472695.64719150,0
1657098000000,20159.07000000,20265.85000000,20095.15000000,20175.74000000,103.08547000,1657101599999,2080194.47177200,2519,51.92892000,1047858.43000590,0
1657101600000,20179.30000000,20198.51000000,20026.43000000,20111.31000000,114.94148000,1657105199999,2312082.16241080,2696,49.05462000,986548.17408760,0
1657105200000,20113.13000000,20136.37000000,20023.36000000,20084.57000000,157.67356000,1657108799999,3167188.30955700,2774,50.35047000,1011173.16394830,0
1657108800000,20083.73000000,20164.32000000,19938.16000000,20133.82000000,178.63775000,1657112399999,3583494.99928260,3272,65.52803000,1314287.25715720,0
1657112400000,20134.22000000,20349.93000000,20020.90000000,20206.37000000,333.82795000,1657115999999,6728037.69476530,4523,156.80359000,3161984.46151720,0
1657116000000,20207.55000000,20270.27000000,20082.94000000,20172.48000000,144.66761000,1657119599999,2918269.89950920,3074,65.92007000,1329815.49149250,0
1657119600000,20177.32000000,20179.79000000,20020.69000000,20124.69000000,151.79255000,1657123199999,3049281.41844840,2468,38.45534000,773003.69527440,0
1657123200000,20128.81000000,20304.77000000,20110.62000000,20281.16000000,147.79033000,1657126799999,2987375.44783210,3378,81.80353000,1653498.66405160,0
1657126800000,20281.19000000,20388.54000000,20215.59000000,20257.16000000,132.47888000,1657130399999,2688007.00211770,2758,69.34275000,1407646.45815970,0
1657130400000,20240.00000000,20423.00000000,20163.97000000,20366.74000000,244.28615000,1657133999999,4961837.33684970,4080,99.57731000,2020701.81485510,0
1657134000000,20361.04000000,20463.38000000,20253.13000000,20304.77000000,130.12825000,1657137599999,2650410.93271110,2757,59.78545000,1218711.08237040,0
1657137600000,20306.64000000,20423.67000000,20257.35000000,20385.06000000,117.08273000,1657141199999,2378721.65060180,2281,57.72885000,1172786.07114870,0
1657141200000,20374.96000000,20416.96000000,20287.03000000,20340.09000000,60.30857000,1657144799999,1228004.41673560,1459,24.06745000,490189.55749970,0
1657144800000,20332.95000000,20593.57000000,20328.84000000,20495.44000000,213.70557000,1657148399999,4377929.94884900,3828,84.36472000,1727942.72196020,0
1657148400000,20496.09000000,20653.00000000,20471.44000000,20543.51000000,246.73635000,1657151999999,5081777.73883610,3671,71.25530000,1466286.13709580,0
1657152000000,20543.14000000,20584.18000000,20459.88000000,20514.03000000,100.00668000,1657155599999,2052188.47117210,2608,37.96772000,779145.81381430,0
1657155600000,20514.04000000,20544.11000000,20448.61000000,20495.11000000,91.58489000,1657159199999,1876984.18767410,2217,32.24051000,660594.08048260,0
1657159200000,20496.68000000,20526.16000000,20363.55000000,20398.39000000,98.47650000,1657162799999,2011903.15093290,2308,42.48952000,867975.24278640,0
1657162800000,20396.47000000,20469.33000000,20373.37000000,20459.78000000,86.10249000,1657166399999,1757079.33466160,1651,27.95724000,570728.30855540,0
1657166400000,20463.82000000,20475.10000000,20333.93000000,20393.86000000,304.22444000,1657169999999,6197317.13311820,3048,232.20666000,4728938.05039350,0
1657170000000,20396.63000000,20423.34000000,20240.55000000,20281.63000000,132.43918000,1657173599999,2694773.80293150,2835,50.69381000,1032043.98761330,0
1657173600000,20281.09000000,20349.67000000,20261.82000000,20317.04000000,96.20916000,1657177199999,1952858.93468890,2011,53.85647000,1093125.52219580,0
1657177200000,20317.05000000,20448.86000000,20306.96000000,20423.97000000,113.10852000,1657180799999,2305141.19408020,2556,58.18119000,1185954.27390510,0
1657180800000,20422.19000000,20533.31000000,20375.30000000,20505.34000000,129.10134000,1657184399999,2639827.30754140,3079,64.61115000,1321156.37584990,0
1657184400000,20501.40000000,20605.12000000,20446.46000000,20541.57000000,199.43043000,1657187999999,4091394.52555930,3751,95.75196000,1964023.55065210,0
1657188000000,20544.27000000,20568.36000000,20444.77000000,20481.24000000,153.79806000,1657191599999,3153179.21868230,2860,80.40195000,1648227.67287930,0
1657191600000,20481.24000000,20491.85000000,20410.47000000,20491.85000000,117.35434000,1657195199999,2400198.18342790,2696,60.30666000,1233492.64564600,0
1657195200000,20490.81000000,20491.95000000,20365.59000000,20410.25000000,188.18958000,1657198799999,3842432.40501740,4099,81.59658000,1665981.07276860,0
1657198800000,20410.63000000,20539.09000000,20356.30000000,20521.72000000,223.73977000,1657202399999,4574065.05760780,4502,106.33149000,2173816.68859000,0
1657202400000,20521.82000000,20947.36000000,20485.03000000,20900.54000000,675.28741000,1657205999999,14024834.29648320,10832,313.56218000,6510793.33765310,0
1657206000000,20899.85000000,21008.30000000,20812.67000000,20869.83000000,238.65576000,1657209599999,4985243.58583370,5033,115.02173000,2402930.83067370,0
1657209600000,20869.68000000,21182.42000000,20845.54000000,21072.90000000,342.20144000,1657213199999,7188078.79222160,6225,153.39430000,3224724.30781570,0
1657213200000,21073.83000000,21084.97000000,20812.67000000,20889.99000000,221.23846000,1657216799999,4625633.61700840,4129,95.33958000,1992864.61406410,0
1657216800000,20900.21000000,21389.93000000,20874.88000000,21339.92000000,721.35528000,1657220399999,15313744.50247900,8738,520.31956000,11055116.67016630,0
1657220400000,21342.85000000,21824.85000000,21290.00000000,21797.80000000,835.97500000,1657223999999,18030297.40581150,12427,393.37538000,8492045.30608300,0
1657224000000,21800.79000000,21825.01000000,21503.60000000,21610.66000000,396.41380000,1657227599999,8572316.98736920,6442,168.99638000,3653572.77614180,0
1657227600000,21609.45000000,21715.40000000,21555.60000000,21654.62000000,126.04309000,1657231199999,2726075.94550070,2808,56.80974000,1229139.62934640,0
1657231200000,21654.78000000,21749.57000000,21576.88000000,21615.06000000,192.18901000,1657234799999,4156890.66053850,3550,65.31001000,1413008.91592550,0
1657234800000,21615.12000000,21706.47000000,21549.70000000,21601.31000000,130.74079000,1657238399999,2828811.95423360,3093,63.32964000,1370153.04629940,0
1657238400000,21613.90000000,21727.74000000,21560.95000000,21715.00000000,189.55940000,1657241999999,4100420.43172960,3718,98.42874000,2127652.16842860,0
1657242000000,21715.00000000,22500.00000000,21627.01000000,22127.21000000,591.92250000,1657245599999,13075312.66904000,8637,381.45545000,8422457.50197400,0
1657245600000,22127.22000000,22146.47000000,21870.39000000,21980.74000000,273.73634000,1657249199999,6022021.23355450,5764,115.30659000,2536432.52577370,0
1657249200000,21980.94000000,22119.85000000,21928.38000000,22119.05000000,150.21794000,1657252799999,3310434.27837930,3674,86.04032000,1896284.72249540,0
1657252800000,22118.41000000,22228.72000000,21956.62000000,21968.55000000,174.68141000,1657256399999,3857463.52675280,4177,82.79849000,1829652.43728440,0
1657256400000,21969.88000000,22051.64000000,21745.83000000,21828.12000000,196.52663000,1657259999999,4307231.76183930,4233,103.21062000,2261887.36281260,0
1657260000000,21832.26000000,21869.46000000,21749.44000000,21810.71000000,243.89993000,1657263599999,5317257.17168270,4344,132.75169000,2893197.20096480,0
1657263600000,21812.53000000,21841.21000000,21710.45000000,21785.20000000,115.66933000,1657267199999,2520096.64173740,3159,50.95219000,1109943.75329880,0
1657267200000,21785.19000000,21805.20000000,21414.61000000,21414.61000000,245.30549000,1657270799999,5307939.62919740,5458,110.01677000,2379406.29022300,0
1657270800000,21419.92000000,21569.20000000,21300.00000000,21555.71000000,331.56392000,1657274399999,7109519.44133340,5363,197.37384000,4231479.75808310,0
1657274400000,21554.26000000,21716.70000000,21482.83000000,21523.05000000,260.62647000,1657277999999,5633233.59566080,4374,130.44814000,2818255.35885760,0
1657278000000,21522.86000000,21652.92000000,21451.86000000,21563.84000000,165.42871000,1657281599999,3568476.31151300,3611,83.22117000,1795813.04384570,0
1657281600000,21569.77000000,21697.66000000,21167.77000000,21368.11000000,308.26826000,1657285199999,6607848.07604020,7521,145.56727000,3120307.61183660,0
1657285200000,21369.12000000,21481.13000000,21184.61000000,21257.72000000,225.63013000,1657288799999,4816248.51384320,6235,110.31364000,2354773.20460100,0
1657288800000,21254.03000000,21835.37000000,21187.61000000,21747.98000000,648.81101000,1657292399999,14016699.35756480,11685,294.78763000,6367394.10283290,0
1657292400000,21753.78000000,22167.93000000,21695.31000000,21950.41000000,965.53438000,1657295999999,21136535.93548530,16054,483.97686000,10602013.06600400,0
1657296000000,21947.30000000,21960.16000000,21522.24000000,21680.13000000,386.09599000,1657299599999,8374137.01357180,9207,156.62673000,3398350.67186060,0
1657299600000,21676.69000000,21820.51000000,21618.08000000,21741.60000000,294.82415000,1657303199999,6408889.77765300,6644,137.34973000,2985914.35277390,0
1657303200000,21743.77000000,21884.80000000,21640.33000000,21723.86000000,356.51221000,1657306799999,7762621.91426700,7675,174.36510000,3797247.93610530,0
1657306800000,21723.42000000,21861.47000000,21650.76000000,21797.74000000,476.14443000,1657310399999,10360111.01582970,9341,245.37883000,5339009.07119010,0
1657310400000,21790.85000000,22097.71000000,21756.17000000,21843.10000000,448.88419000,1657313999999,9815602.02137760,9545,208.47497000,4558641.91152560,0
1657314000000,21845.76000000,22005.16000000,21677.70000000,21687.65000000,202.44200000,1657317599999,4423120.33680360,5333,114.42535000,2498568.22381820,0
1657317600000,21681.64000000,21829.91000000,21671.99000000,21758.65000000,247.05306000,1657321199999,5376342.03838110,6555,118.85918000,2586658.49842790,0
1657321200000,21761.26000000,21945.80000000,21526.68000000,21580.10000000,298.03810000,1657324799999,6503351.11052000,6728,146.84668000,3203928.93823190,0
1657324800000,21574.24000000,21679.21000000,21415.97000000,21534.41000000,727.09216000,1657328399999,15684843.19706550,13089,349.87343000,7546422.40971720,0
1657328400000,21533.19000000,21584.47000000,21380.00000000,21494.06000000,577.74361000,1657331999999,12418918.53372210,9971,252.02817000,5418297.24575980,0
1657332000000,21494.67000000,21623.50000000,21480.86000000,21568.92000000,640.29746000,1657335599999,13794458.71071910,9750,315.28571000,6790016.41606450,0
1657335600000,21568.92000000,21614.93000000,21450.94000000,21597.11000000,575.77025000,1657339199999,12403299.05412390,10033,292.21050000,6295470.74356120,0
1657339200000,21596.33000000,21621.94000000,21495.55000000,21538.43000000,448.46182000,1657342799999,9666213.36154310,8462,217.65310000,4691386.54700730,0
1657342800000,21540.00000000,21598.79000000,21473.16000000,21503.97000000,376.71558000,1657346399999,8109627.55819560,7624,194.31423000,4183219.02662170,0
1657346400000,21504.10000000,21564.84000000,21477.07000000,21549.39000000,397.41934000,1657349999999,8554254.71591760,7879,157.70933000,3393736.96116550,0
1657350000000,21547.24000000,21709.00000000,21541.91000000,21639.78000000,342.37756000,1657353599999,7406918.45156020,7117,177.20427000,3833192.30919200,0
1657353600000,21638.91000000,21722.36000000,21585.57000000,21712.69000000,506.40324000,1657357199999,10968990.79760320,7903,247.64199000,5362187.81086160,0
1657357200000,21711.33000000,21717.87000000,21590.51000000,21640.64000000,411.81552000,1657360799999,8912540.86232050,7831,205.16406000,4440515.07295230,0
1657360800000,21641.89000000,21735.69000000,21612.92000000,21722.90000000,476.83016000,1657364399999,10336980.76772760,7849,225.55095000,4889783.91340120,0
1657364400000,21724.29000000,21758.67000000,21312.19000000,21439.44000000,617.48884000,1657367999999,13367173.66600490,10335,332.00304000,7187442.26273890,0
1657368000000,21439.44000000,21594.65000000,21372.68000000,21503.36000000,684.07228000,1657371599999,14695931.02093350,10788,339.95444000,7303275.50096640,0
1657371600000,21504.58000000,21615.39000000,21488.61000000,21551.20000000,558.78151000,1657375199999,12050228.35495670,9691,287.92331000,6209256.58659030,0
1657375200000,21549.45000000,21705.88000000,21525.60000000,21583.03000000,565.84237000,1657378799999,12235073.57828500,10215,283.88899000,6139077.69484810,0
1657378800000,21584.63000000,21642.34000000,21526.68000000,21537.59000000,502.67138000,1657382399999,10856561.72940150,8763,250.01613000,5399664.42973900,0
1657382400000,21534.62000000,21705.82000000,21519.83000000,21683.95000000,459.44565000,1657385999999,9920117.83764310,8427,228.56051000,4934825.75462170,0
1657386000000,21685.90000000,21969.30000000,21655.34000000,21869.79000000,467.21019000,1657389599999,10175710.58843230,9203,233.36701000,5083384.01377650,0
1657389600000,21869.13000000,21907.67000000,21715.75000000,21745.48000000,342.49702000,1657393199999,7470543.86461060,6983,162.27842000,3539498.41817890,0
1657393200000,21740.06000000,21760.63000000,21509.13000000,21610.34000000,367.21411000,1657396799999,7936127.26263760,7577,174.59798000,3773541.63284850,0
1657396800000,21610.77000000,21689.07000000,21572.97000000,21668.10000000,371.59979000,1657400399999,8037904.20358910,6794,186.48965000,4033918.10887710,0
1657400400000,21670.06000000,21739.00000000,21623.51000000,21697.25000000,217.20861000,1657403999999,4710267.42220470,4385,105.67012000,2291433.40695990,0
1657404000000,21697.40000000,21741.88000000,21581.56000000,21617.78000000,168.20484000,1657407599999,3648061.59067160,4115,83.68008000,1814978.27121120,0
1657407600000,21619.34000000,21637.00000000,21528.18000000,21580.13000000,270.59766000,1657411199999,5841604.84781960,6258,129.26125000,2790528.22083210,0
1657411200000,21580.39000000,21595.61000000,21351.20000000,21360.77000000,487.90029000,1657414799999,10484624.36744760,10160,242.87550000,5219401.23647870,0
1657414800000,21357.47000000,21485.09000000,21320.78000000,21403.56000000,384.31107000,1657418399999,8233766.40365760,8060,194.28725000,4163136.91001130,0
1657418400000,21401.38000000,21485.77000000,21111.83000000,21298.45000000,582.41751000,1657421999999,12408159.35879020,12321,287.13507000,6117654.68583090,0
1657422000000,21297.76000000,21334.41000000,21216.77000000,21281.59000000,371.29418000,1657425599999,7902317.54855850,7645,177.57084000,3779383.11912450,0
1657425600000,21281.75000000,21299.32000000,21153.65000000,21264.89000000,359.33631000,1657429199999,7626425.68560020,7272,168.03550000,3566617.86714160,0
1657429200000,21263.92000000,21365.26000000,21254.86000000,21348.76000000,365.85925000,1657432799999,7797434.35411550,7610,181.25417000,3862986.57233890,0
1657432800000,21348.60000000,21352.45000000,21212.49000000,21283.18000000,325.18036000,1657436399999,6926313.83245260,6691,158.13984000,3368403.76262160,0
1657436400000,21285.82000000,21348.00000000,21232.29000000,21326.83000000,315.26870000,1657439999999,6712463.26263790,6346,160.76605000,3422789.53184830,0
1657440000000,21326.04000000,21412.61000000,21242.56000000,21314.54000000,351.99184000,1657443599999,7505478.28493960,7591,175.64279000,3745441.23521490,0
1657443600000,21313.37000000,21350.00000000,21276.35000000,21318.30000000,286.24431000,1657447199999,6102529.87281230,5987,144.57945000,3082444.18740220,0
1657447200000,21313.92000000,21342.56000000,21200.01000000,21267.47000000,361.76470000,1657450799999,7700629.33263970,7138,179.60841000,3823202.84568200,0
1657450800000,21264.68000000,21292.23000000,21163.55000000,21289.71000000,397.14880000,1657454399999,8430803.53489050,8335,189.64998000,4026581.70686990,0
1657454400000,21287.41000000,21332.40000000,21258.65000000,21295.28000000,370.09429000,1657457999999,7880916.68593330,7962,186.18207000,3964636.70971290,0
1657458000000,21296.34000000,21301.80000000,20938.57000000,21066.37000000,563.66176000,1657461599999,11901340.23979270,11609,291.27036000,6149930.57901370,0
1657461600000,21065.01000000,21066.07000000,20822.96000000,20849.99000000,545.64454000,1657465199999,11418107.41089380,13436,246.38658000,5155303.45636580,0
1657465200000,20850.18000000,20965.14000000,20819.84000000,20886.24000000,465.86570000,1657468799999,9737491.34138400,10890,247.10018000,5164372.39456190,0
1657468800000,20887.00000000,21025.11000000,20645.64000000,20920.97000000,605.11505000,1657472399999,12594571.54490110,13625,324.14165000,6744966.91203300,0
1657472400000,20918.62000000,20969.17000000,20863.10000000,20889.52000000,264.73239000,1657475999999,5533269.59469960,6574,129.28805000,2702489.80816000,0
1657476000000,20890.64000000,20913.41000000,20752.76000000,20833.86000000,280.99519000,1657479599999,5852150.04757910,7142,142.34073000,2964453.81424130,0
1657479600000,20831.65000000,20916.85000000,20702.29000000,20908.36000000,233.36517000,1657483199999,4854556.03441510,6278,119.32491000,2482339.18207660,0
1657483200000,20908.36000000,20998.69000000,20821.73000000,20974.16000000,307.92331000,1657486799999,6439462.41018260,7658,144.79746000,3027950.66556850,0
1657486800000,20976.40000000,21173.26000000,20953.85000000,21023.10000000,259.61959000,1657490399999,5471973.75231910,6186,115.41801000,2432192.37969280,0
1657490400000,21025.23000000,21025.24000000,20683.39000000,20826.05000000,654.55133000,1657493999999,13616730.31234090,13013,317.68800000,6608339.14058910,0
1657494000000,20826.79000000,20867.10000000,20700.54000000,20849.48000000,201.74949000,1657497599999,4197370.02271170,4300,91.23841000,1898666.61237720,0
1657497600000,20849.45000000,20849.61000000,20663.26000000,20799.11000000,335.36864000,1657501199999,6959814.42180370,7657,164.54761000,3414730.47298240,0
1657501200000,20798.66000000,20805.85000000,20508.30000000,20541.03000000,405.76813000,1657504799999,8363156.86560320,8680,193.39019000,3985766.60429020,0
1657504800000,20538.33000000,20585.78000000,20438.81000000,20535.21000000,361.21521000,1657508399999,7410734.28664380,7417,179.86326000,3690112.40665630,0
1657508400000,20534.71000000,20654.48000000,20466.75000000,20530.14000000,318.65178000,1657511999999,6557734.81695410,6846,152.82156000,3145374.25263740,0
1657512000000,20525.96000000,20593.90000000,20414.80000000,20516.45000000,277.36402000,1657515599999,5687443.89323690,6231,135.47467000,2778229.41481080,0
1657515600000,20517.10000000,20564.40000000,20455.19000000,20491.77000000,166.84866000,1657519199999,3421407.44652620,5073,83.41622000,1710612.31326250,0
1657519200000,20491.05000000,20512.38000000,20293.62000000,20386.03000000,347.63227000,1657522799999,7094173.83973250,7258,154.53154000,3154526.42589160,0
1657522800000,20385.23000000,20464.92000000,20367.68000000,20425.40000000,205.66921000,1657526399999,4201909.99015010,5007,104.14383000,2127785.82385040,0
1657526400000,20425.39000000,20545.04000000,20396.19000000,20516.19000000,297.82801000,1657529999999,6100469.90037300,6075,167.10975000,3423315.92414000,0
1657530000000,20515.06000000,20615.74000000,20483.60000000,20533.37000000,199.69402000,1657533599999,4102256.01775320,4929,105.13847000,2159973.70650760,0
1657533600000,20535.37000000,20620.00000000,20497.58000000,20515.09000000,196.83820000,1657537199999,4046372.32859750,4663,94.39308000,1940483.04978360,0
1657537200000,20513.03000000,20572.41000000,20411.34000000,20457.25000000,219.42273000,1657540799999,4498631.62582810,5171,111.26793000,2281486.76042800,0
1657540800000,20456.25000000,20603.47000000,20401.76000000,20577.22000000,291.71343000,1657544399999,5984373.36241980,6823,180.06266000,3694620.59373690,0
1657544400000,20575.14000000,20755.17000000,20257.76000000,20356.41000000,557.94703000,1657547999999,11417756.89986720,12506,266.66031000,5459275.24709290,0
1657548000000,20356.42000000,20476.04000000,20268.85000000,20369.22000000,360.40474000,1657551599999,7350304.81214020,8834,193.75813000,3952466.89920640,0
1657551600000,20370.24000000,20451.35000000,20343.60000000,20422.80000000,269.17831000,1657555199999,5488481.18411070,7050,147.29345000,3003446.99564340,0
1657555200000,20422.90000000,20507.06000000,20385.09000000,20401.61000000,285.39205000,1657558799999,5833849.96862900,6248,138.47003000,2830662.35051950,0
1657558800000,20401.30000000,20650.47000000,20398.10000000,20595.68000000,379.90663000,1657562399999,7809387.21697270,7229,214.22913000,4403921.81971050,0
1657562400000,20596.95000000,20689.64000000,20536.78000000,20549.97000000,236.67338000,1657565999999,4873435.20255830,5370,118.67201000,2443864.33353540,0
1657566000000,20551.37000000,20570.20000000,20399.02000000,20485.69000000,244.79605000,1657569599999,5012753.92079460,5674,117.26884000,2401268.31401930,0
1657569600000,20485.99000000,20543.98000000,20353.90000000,20411.19000000,198.78131000,1657573199999,4068021.18019080,4855,97.51301000,1995917.31656290,0
1657573200000,20416.38000000,20418.18000000,20151.00000000,20220.00000000,189.40880000,1657576799999,3845906.19942650,5286,95.20841000,1933868.94697450,0
1657576800000,20217.73000000,20217.73000000,19955.38000000,19990.90000000,590.83086000,1657580399999,11850237.50544880,10275,262.84392000,5272852.27876130,0
1657580400000,19987.40000000,20035.23000000,19862.90000000,19947.17000000,384.27295000,1657583999999,7667955.96638350,7558,186.71040000,3725271.99799930,0
1657584000000,19948.74000000,19991.16000000,19776.99000000,19795.70000000,404.09994000,1657587599999,8029971.65616120,9607,185.26483000,3682011.97752530,0
1657587600000,19798.45000000,19938.37000000,19785.17000000,19873.74000000,326.58290000,1657591199999,6490082.64137040,7770,166.50191000,3308555.70947380,0
1657591200000,19872.55000000,19970.29000000,19865.59000000,19955.92000000,176.62612000,1657594799999,3519761.22893260,4964,82.73948000,1648882.89014480,0
1657594800000,19954.43000000,19955.76000000,19859.72000000,19925.83000000,177.83940000,1657598399999,3540559.25350930,5177,92.59526000,1843462.35452120,0
1657598400000,19922.45000000,20016.64000000,19910.00000000,19987.02000000,138.76974000,1657601999999,2770327.05440140,4939,69.25110000,1382542.03516140,0
1657602000000,19987.74000000,20042.63000000,19924.43000000,19936.08000000,146.45784000,1657605599999,2928796.69358510,4406,71.69213000,1434045.98475400,0
1657605600000,19933.20000000,19933.20000000,19785.00000000,19828.01000000,231.59602000,1657609199999,4600796.31566110,6087,110.05119000,2186099.61923660,0
1657609200000,19826.45000000,19851.20000000,19601.66000000,19708.14000000,593.30509000,1657612799999,11688526.98866140,13501,285.19036000,5617879.23511140,0
1657612800000,19712.66000000,19799.99000000,19647.66000000,19753.30000000,314.55416000,1657616399999,6205404.83053830,7962,142.76040000,2816313.20283420,0
1657616400000,19751.30000000,19787.84000000,19537.61000000,19582.21000000,318.69063000,1657619999999,6262578.97543720,8930,139.06678000,2733835.34554040,0
1657620000000,19585.77000000,19698.39000000,19570.70000000,19605.18000000,237.08285000,1657623599999,4655638.83231420,6693,122.92320000,2413668.37785670,0
1657623600000,19597.38000000,19817.37000000,19580.83000000,19757.71000000,341.92716000,1657627199999,6743986.70897560,8162,173.88436000,3429971.83693490,0
1657627200000,19757.01000000,19948.49000000,19754.63000000,19854.98000000,333.33788000,1657630799999,6618046.64382370,8364,185.78467000,3689070.35972430,0
1657630800000,19859.28000000,20048.64000000,19748.95000000,19765.52000000,507.21092000,1657634399999,10083974.91152740,11705,256.48997000,5101959.22765910,0
1657634400000,19763.37000000,19923.00000000,19672.45000000,19899.84000000,462.66593000,1657637999999,9161577.99523780,11164,247.30168000,4897222.55646500,0
1657638000000,19894.83000000,19978.51000000,19840.83000000,19866.02000000,322.64266000,1657641599999,6421892.89527640,7449,154.78710000,3080525.29959830,0
1657641600000,19867.26000000,19986.83000000,19857.80000000,19883.85000000,269.81745000,1657645199999,5373651.17273790,6856,131.95250000,2628131.66376420,0
1657645200000,19881.81000000,19908.84000000,19800.21000000,19856.69000000,222.67037000,1657648799999,4420693.54549300,6418,109.87761000,2181483.41626220,0
1657648800000,19858.25000000,19871.27000000,19682.34000000,19710.26000000,255.03711000,1657652399999,5046076.27617050,6079,122.59439000,2426037.70574960,0
1657652400000,19709.11000000,19711.05000000,19260.00000000,19379.73000000,821.63094000,1657655999999,15983748.78800980,15848,377.53370000,7346810.32215100,0
1657656000000,19373.08000000,19538.20000000,19359.42000000,19445.56000000,304.10075000,1657659599999,5913254.85353900,7163,147.51206000,2869014.19812180,0
1657659600000,19441.30000000,19503.42000000,19326.33000000,19328.31000000,126.52391000,1657663199999,2459109.08003550,3973,49.57444000,963675.52748300,0
1657663200000,19328.31000000,19459.51000000,19220.00000000,19356.73000000,277.68507000,1657666799999,5377459.06771330,6915,124.58519000,2412916.03701780,0
1657666800000,19357.48000000,19435.03000000,19212.01000000,19312.15000000,204.59768000,1657670399999,3958413.81276550,5457,100.33117000,1941388.72987080,0
1657670400000,19309.06000000,19426.39000000,19241.15000000,19409.87000000,224.94942000,1657673999999,4348369.58144850,7413,108.91579000,2105470.06743470,0
1657674000000,19410.71000000,19457.69000000,19361.36000000,19407.73000000,163.79885000,1657677599999,3178670.15800000,5183,77.83581000,1510498.99753390,0
1657677600000,19409.99000000,19535.95000000,19409.99000000,19489.54000000,190.14894000,1657681199999,3704398.56256230,5212,85.45416000,1664945.63998960,0
1657681200000,19489.17000000,19570.79000000,19442.41000000,19454.46000000,168.53121000,1657684799999,3285484.76548300,4663,82.11037000,1600876.64855300,0
1657684800000,19453.94000000,19505.69000000,19404.14000000,19462.81000000,134.47417000,1657688399999,2617010.08175780,3700,71.36549000,1388900.43092870,0
1657688400000,19460.98000000,19559.99000000,19421.66000000,19498.30000000,144.08267000,1657691999999,2809320.95922880,4034,75.95930000,1481102.43077200,0
1657692000000,19498.87000000,19538.61000000,19451.95000000,19527.61000000,185.84809000,1657695599999,3622158.71275000,4453,92.65283000,1805892.28466850,0
1657695600000,19530.00000000,19870.45000000,19476.13000000,19688.68000000,455.27950000,1657699199999,8938135.49782220,8413,226.61081000,4449936.18238590,0
1657699200000,19687.88000000,19907.14000000,19645.81000000,19835.01000000,385.88716000,1657702799999,7636328.49092730,7708,188.92707000,3738427.26705750,0
1657702800000,19834.15000000,19881.44000000,19752.11000000,19788.83000000,222.24307000,1657706399999,4405354.08514000,4666,114.16627000,2263371.08211420,0
1657706400000,19784.88000000,19796.85000000,19685.07000000,19767.00000000,181.99727000,1657709999999,3593883.25268680,4040,85.32266000,1684948.02785250,0
1657710000000,19767.93000000,19866.72000000,19738.74000000,19826.55000000,319.02039000,1657713599999,6318089.65254730,6664,161.42170000,3196664.27889340,0
1657713600000,19824.98000000,20100.00000000,18900.00000000,19155.42000000,1493.47190000,1657717199999,28912606.73669340,24944,675.76598000,13091242.29653310,0
1657717200000,19147.71000000,19345.83000000,18910.53000000,19278.68000000,981.22571000,1657720799999,18781330.86319950,19353,494.83772000,9473559.66363080,0
1657720800000,19272.34000000,19694.54000000,19180.00000000,19562.15000000,726.07150000,1657724399999,14101277.32229620,14496,355.10646000,6897504.50039390,0
1657724400000,19563.80000000,19680.00000000,19309.96000000,19435.34000000,431.78894000,1657727999999,8423381.10556850,8562,226.74545000,4425359.93529110,0
1657728000000,19437.68000000,19623.44000000,19213.26000000,19616.29000000,630.39894000,1657731599999,12210275.23585850,11181,307.94060000,5966267.77174870,0
1657731600000,19618.35000000,20033.34000000,19603.15000000,19869.99000000,642.03977000,1657735199999,12719458.83002580,13279,286.40576000,5674687.04235550,0
1657735200000,19869.95000000,19877.74000000,19659.50000000,19833.14000000,387.50315000,1657738799999,7655492.23362520,8047,192.84753000,3810058.31868150,0
1657738800000,19827.58000000,19855.25000000,19621.74000000,19634.53000000,494.23410000,1657742399999,9741370.18970500,8087,196.37365000,3872330.16244810,0
1657742400000,19630.00000000,19729.25000000,19573.74000000,19656.45000000,332.71305000,1657745999999,6534319.33765580,5751,129.94518000,2552657.02032580,0
1657746000000,19651.81000000,19945.71000000,19630.00000000,19913.90000000,274.36271000,1657749599999,5432165.37740210,5766,98.32641000,1945841.96068150,0
1657749600000,19914.32000000,20007.59000000,19812.58000000,19830.94000000,285.20749000,1657753199999,5671640.56436980,5107,131.48076000,2615365.48201310,0
1657753200000,19830.52000000,20328.74000000,19823.00000000,20221.77000000,639.58475000,1657756799999,12881499.78493010,12269,293.28199000,5909702.71146590,0
1657756800000,20220.00000000,20405.38000000,20151.74000000,20289.76000000,527.66037000,1657760399999,10689189.48491080,10433,234.35511000,4748443.81347970,0
1657760400000,20290.56000000,20410.25000000,20210.00000000,20267.45000000,312.27260000,1657763999999,6332136.05483510,6309,148.75057000,3016582.64303440,0
1657764000000,20267.45000000,20293.48000000,20166.68000000,20242.51000000,286.67163000,1657767599999,5799582.23164620,4895,131.78279000,2666082.67465130,0
1657767600000,20243.25000000,20360.57000000,20191.52000000,20204.68000000,238.07376000,1657771199999,4826279.72229770,5018,122.12783000,2475963.52965950,0
1657771200000,20210.83000000,20261.84000000,20044.63000000,20069.71000000,253.80187000,1657774799999,5113568.80805510,5647,109.32294000,2202246.12122900,0
1657774800000,20071.22000000,20203.70000000,20034.06000000,20100.51000000,234.75046000,1657778399999,4722586.79647800,4880,114.28845000,2299648.22591640,0
1657778400000,20098.71000000,20132.69000000,19887.11000000,20011.34000000,362.54878000,1657781999999,7254585.85624280,7028,161.40934000,3230062.64507460,0
1657782000000,20012.43000000,20038.07000000,19909.39000000,19975.94000000,177.82396000,1657785599999,3551276.50074850,4338,81.48923000,1627639.23838520,0
1657785600000,19979.16000000,20040.67000000,19722.13000000,19750.70000000,313.68330000,1657789199999,6238498.41868380,6986,144.70458000,2877988.01973860,0
1657789200000,19752.25000000,19820.00000000,19672.17000000,19809.73000000,292.37354000,1657792799999,5774016.35650520,5999,127.63394000,2520795.65163030,0
1657792800000,19810.11000000,19837.07000000,19720.48000000,19773.40000000,325.13548000,1657796399999,6430950.11782290,6116,191.74200000,3792162.11488260,0
1657796400000,19767.19000000,19790.68000000,19621.13000000,19721.66000000,379.70942000,1657799999999,7487636.12673080,8053,186.59715000,3679821.12283730,0
1657800000000,19720.36000000,19860.00000000,19600.00000000,19767.21000000,432.13582000,1657803599999,8535528.46581970,8792,210.13257000,4150755.08891790,0
1657803600000,19767.72000000,19910.45000000,19628.17000000,19752.92000000,517.27912000,1657807199999,10209452.59147770,10150,292.25265000,5771119.06841440,0
1657807200000,19750.00000000,19937.20000000,19660.00000000,19880.59000000,494.06787000,1657810799999,9765842.32401580,9063,267.09765000,5278895.64839780,0
1657810800000,19881.71000000,20461.53000000,19881.71000000,20375.98000000,704.10438000,1657814399999,14223475.58405230,12830,346.92836000,7009776.85524090,0
1657814400000,20373.75000000,20499.99000000,20126.89000000,20206.52000000,544.34801000,1657817999999,11044757.71467580,9977,272.74000000,5533585.71019580,0
1657818000000,20208.72000000,20766.39000000,20170.00000000,20724.12000000,509.31966000,1657821599999,10438211.12360510,11799,282.58001000,5790522.45992460,0
1657821600000,20725.60000000,20775.00000000,20610.99000000,20687.89000000,341.71061000,1657825199999,7067135.40957850,7570,183.28188000,3790673.67169750,0
1657825200000,20685.78000000,20885.40000000,20570.38000000,20595.53000000,579.12501000,1657828799999,11986521.68642310,10157,271.39488000,5619655.96030670,0
1657828800000,20596.98000000,20690.00000000,20504.19000000,20665.39000000,196.43193000,1657832399999,4045793.90146990,5036,96.20222000,1981610.71795640,0
1657832400000,20666.78000000,20700.13000000,20422.85000000,20461.28000000,94.18854000,1657835999999,1937775.80917460,3472,47.54906000,978179.25000220,0
1657836000000,20464.96000000,20550.58000000,20432.29000000,20489.34000000,128.91198000,1657839599999,2641973.18149290,3804,65.59979000,1344281.65601940,0
1657839600000,20489.34000000,20590.00000000,20453.78000000,20577.85000000,128.96656000,1657843199999,2648749.22512860,3544,68.35561000,1403950.27010580,0
1657843200000,20574.27000000,20593.44000000,20376.00000000,20384.08000000,256.81857000,1657846799999,5255763.14502240,5539,118.58788000,2426765.33030540,0
1657846800000,20382.33000000,20637.93000000,20368.26000000,20615.24000000,176.58793000,1657850399999,3612800.39655760,4533,88.94589000,1819865.22760350,0
1657850400000,20614.07000000,20816.31000000,20421.08000000,20475.30000000,444.72798000,1657853999999,9174008.95311740,10308,222.13398000,4583955.39546850,0
1657854000000,20480.00000000,20621.94000000,20433.07000000,20599.29000000,208.86704000,1657857599999,4287126.34091490,5167,102.73559000,2108970.58616730,0
1657857600000,20601.62000000,20690.55000000,20483.75000000,20531.44000000,215.22035000,1657861199999,4432611.79474090,5983,106.78267000,2199823.25947030,0
1657861200000,20535.67000000,20669.11000000,20500.94000000,20652.61000000,184.42312000,1657864799999,3796107.48837240,4826,95.08155000,1957450.52493360,0
1657864800000,20652.60000000,20684.79000000,20580.57000000,20591.76000000,152.99503000,1657868399999,3156242.44460750,4353,75.66478000,1561070.16930400,0
1657868400000,20590.71000000,20918.55000000,20551.77000000,20822.73000000,424.55604000,1657871999999,8818012.69756750,9773,216.01990000,4486494.86977360,0
1657872000000,20824.00000000,21020.40000000,20710.00000000,20850.30000000,417.63887000,1657875599999,8714058.55891420,9150,223.27088000,4659532.43815970,0
1657875600000,20854.01000000,21037.52000000,20831.07000000,20885.62000000,413.32054000,1657879199999,8651922.91872840,8847,212.26953000,4443800.60732820,0
1657879200000,20884.60000000,20916.60000000,20792.50000000,20859.84000000,279.91951000,1657882799999,5835845.03339960,5622,131.90437000,2749878.99081630,0
1657882800000,20858.13000000,20941.96000000,20752.10000000,20760.88000000,287.70123000,1657886399999,5993780.97259550,5866,124.23143000,2588611.13559790,0
1657886400000,20761.75000000,21032.57000000,20749.25000000,20975.68000000,437.85155000,1657889999999,9136922.14242270,9814,205.74861000,4295648.53165000,0
1657890000000,20975.86000000,21076.92000000,20782.68000000,20847.77000000,524.27010000,1657893599999,10978196.94756170,10977,257.54767000,5392905.96875360,0
1657893600000,20852.50000000,20997.11000000,20846.38000000,20884.21000000,452.08411000,1657897199999,9458960.60406910,9626,224.73294000,4702485.77774930,0
1657897200000,20884.16000000,20953.33000000,20770.91000000,20783.65000000,326.25261000,1657900799999,6809952.62425020,6476,162.40581000,3390176.48381880,0
1657900800000,20784.70000000,20806.33000000,20614.25000000,20750.10000000,596.56989000,1657904399999,12364111.08507270,10495,323.30977000,6701470.71255000,0
1657904400000,20746.20000000,20917.00000000,20732.75000000,20773.78000000,448.74028000,1657907999999,9340069.77098410,8867,244.33006000,5084983.79027170,0
1657908000000,20776.25000000,21047.47000000,20762.28000000,21027.15000000,340.92584000,1657911599999,7128118.09245760,7348,177.49032000,3711851.24089980,0
1657911600000,21026.13000000,21195.97000000,20934.54000000,21160.62000000,351.15450000,1657915199999,7386656.88635760,7371,179.98561000,3787502.85853890,0
1657915200000,21160.00000000,21195.00000000,20885.98000000,20924.04000000,302.39966000,1657918799999,6362356.81672850,8530,131.74407000,2771664.15970760,0
1657918800000,20931.46000000,21011.47000000,20825.02000000,20964.85000000,144.35215000,1657922399999,3020263.21724960,3965,70.35444000,1472276.17344420,0
1657922400000,20961.58000000,20984.37000000,20809.23000000,20884.50000000,139.29652000,1657925999999,2908284.70178290,3632,58.59553000,1223676.43393450,0
1657926000000,20887.45000000,20939.38000000,20752.67000000,20824.97000000,234.40661000,1657929599999,4884105.98469370,4876,87.27599000,1818535.54246520,0
1657929600000,20828.95000000,20857.70000000,20666.49000000,20680.38000000,208.95013000,1657933199999,4334511.75177240,5134,102.14006000,2118934.57091940,0
1657933200000,20680.64000000,20752.49000000,20631.44000000,20716.26000000,125.93133000,1657936799999,2606404.60114510,3363,62.62309000,1296107.79601580,0
1657936800000,20711.16000000,20740.37000000,20600.00000000,20696.11000000,147.10607000,1657940399999,3040134.80147040,3782,72.38480000,1496039.46514450,0
1657940400000,20700.00000000,20761.48000000,20680.23000000,20732.71000000,121.94091000,1657943999999,2526091.82415480,3166,50.29716000,1042252.75685040,0
1657944000000,20731.01000000,20759.23000000,20647.99000000,20738.02000000,192.82050000,1657947599999,3992794.70858240,4422,91.72609000,1899426.79932940,0
1657947600000,20741.50000000,20744.38000000,20510.01000000,20599.27000000,211.21146000,1657951199999,4366893.52081170,4159,84.89581000,1755013.40088620,0
1657951200000,20590.44000000,20617.71000000,20469.66000000,20540.29000000,287.26880000,1657954799999,5900825.80671280,6175,139.85379000,2872613.04846980,0
1657954800000,20543.78000000,20616.69000000,20494.77000000,20542.71000000,187.23702000,1657958399999,3849338.10515880,4163,93.38735000,1920322.74233730,0
1657958400000,20540.00000000,20653.27000000,20535.62000000,20602.47000000,173.82033000,1657961999999,3581085.39077070,4027,88.60277000,1825533.71720960,0
1657962000000,20601.36000000,20634.13000000,20570.00000000,20606.88000000,71.10067000,1657965599999,1464743.84505390,2366,35.11655000,723474.14893300,0
1657965600000,20607.46000000,20681.44000000,20587.32000000,20629.14000000,92.18786000,1657969199999,1902008.61692260,2713,46.19965000,953184.54957390,0
1657969200000,20628.45000000,20671.26000000,20601.56000000,20610.00000000,110.35908000,1657972799999,2277483.54585650,2792,44.26817000,913667.25412910,0
1657972800000,20613.41000000,20740.00000000,20585.00000000,20691.38000000,181.62518000,1657976399999,3751402.60851120,3765,86.20013000,1780873.10249420,0
1657976400000,20690.02000000,20857.08000000,20680.00000000,20836.40000000,378.37505000,1657979999999,7861239.42109980,6823,185.07169000,3845234.54139070,0
1657980000000,20834.44000000,20868.96000000,20730.00000000,20810.82000000,259.67900000,1657983599999,5401924.04137100,4741,130.76474000,2720124.14434580,0
1657983600000,20812.23000000,20955.95000000,20808.75000000,20937.26000000,307.30787000,1657987199999,6422082.04063980,5613,157.72844000,3296491.25541050,0
1657987200000,20938.09000000,21487.72000000,20921.60000000,21458.24000000,1138.87059000,1657990799999,24158961.15213270,21015,586.36276000,12436365.94796070,0
1657990800000,21461.55000000,21582.85000000,21220.88000000,21238.28000000,656.39666000,1657994399999,14075131.41487170,12962,326.50705000,7002164.21656840,0
1657994400000,21239.27000000,21354.09000000,21190.00000000,21284.66000000,360.62668000,1657997999999,7673053.34798580,7138,187.16142000,3982144.07602510,0
1657998000000,21280.92000000,21389.98000000,21150.00000000,21183.59000000,408.52053000,1658001599999,8691203.42630650,8335,241.03069000,5128617.54599450,0
1658001600000,21183.41000000,21221.01000000,20909.09000000,21202.56000000,606.03392000,1658005199999,12770064.34594070,9758,324.57102000,6838551.19666260,0
1658005200000,21200.96000000,21336.95000000,21078.12000000,21191.24000000,224.67180000,1658008799999,4763526.88424770,4727,120.26628000,2550213.91304520,0
1658008800000,21194.86000000,21310.00000000,21130.21000000,21292.15000000,214.35279000,1658012399999,4549103.31899910,4257,123.03070000,2611500.14238890,0
1658012400000,21287.41000000,21296.23000000,21152.88000000,21190.00000000,143.48079000,1658015999999,3042904.40471960,3569,68.47833000,1452459.37574810,0
1658016000000,21191.49000000,21343.50000000,21184.01000000,21294.47000000,220.26246000,1658019599999,4686598.82331990,5441,109.94823000,2339297.19318110,0
1658019600000,21293.48000000,21334.31000000,21080.36000000,21151.56000000,225.79562000,1658023199999,4782200.25471660,5350,112.28249000,2377751.49032070,0
1658023200000,21156.06000000,21240.36000000,21124.41000000,21157.47000000,201.07473000,1658026799999,4259213.35650340,3909,108.81410000,2305418.45979880,0
1658026800000,21154.64000000,21456.43000000,21150.77000000,21318.65000000,236.91786000,1658030399999,5054446.60332070,5205,110.10772000,2347849.38963260,0
1658030400000,21318.66000000,21471.43000000,21227.99000000,21255.65000000,189.76417000,1658033999999,4049288.63727330,4323,97.47569000,2080630.11251200,0
1658034000000,21257.78000000,21390.00000000,21247.67000000,21352.43000000,164.40607000,1658037599999,3505967.57473300,3966,87.11112000,1857593.22361410,0
1658037600000,21350.68000000,21591.90000000,21342.23000000,21572.69000000,355.49045000,1658041199999,7624047.04404630,7287,211.90034000,4544825.21211790,0
1658041200000,21573.95000000,21672.23000000,21453.59000000,21466.03000000,326.36757000,1658044799999,7035319.81023950,7466,141.31738000,3045773.41282610,0
1658044800000,21466.27000000,21511.43000000,21366.59000000,21448.02000000,336.11811000,1658048399999,7200161.34863510,7409,200.51390000,4295400.20101830,0
1658048400000,21446.81000000,21544.84000000,21249.83000000,21363.36000000,324.18385000,1658051999999,6928184.10757390,6661,132.49083000,2833389.60730210,0
1658052000000,21357.67000000,21390.66000000,21209.23000000,21380.09000000,298.60016000,1658055599999,6355351.15342750,6591,139.58351000,2970362.36315630,0
1658055600000,21377.27000000,21466.12000000,21285.92000000,21445.73000000,236.54143000,1658059199999,5056574.40150500,5636,137.84595000,2946763.21755500,0
1658059200000,21450.00000000,21590.91000000,21334.00000000,21373.77000000,302.75848000,1658062799999,6486933.20908050,5953,176.60758000,3785383.11554880,0
1658062800000,21372.07000000,21384.03000000,21105.72000000,21111.01000000,584.47553000,1658066399999,12399250.17410620,11745,290.28768000,6158209.98981760,0
1658066400000,21110.88000000,21252.83000000,21072.12000000,21200.00000000,333.02231000,1658069999999,7054079.55558360,6214,164.90615000,3492861.66925940,0
1658070000000,21200.62000000,21269.23000000,21122.97000000,21163.98000000,202.56977000,1658073599999,4293728.32002440,4612,83.82959000,1777240.90489560,0
1658073600000,21162.72000000,21214.52000000,21000.00000000,21140.90000000,334.23076000,1658077199999,7055316.94571550,7461,180.30831000,3805737.31358880,0
1658077200000,21141.15000000,21378.95000000,20818.19000000,20917.85000000,483.32590000,1658080799999,10220255.42536370,11266,236.06989000,4994745.26401830,0
1658080800000,20913.43000000,21057.43000000,20871.79000000,20971.59000000,257.99864000,1658084399999,5409777.97911250,6384,136.17225000,2855540.08509550,0
1658084400000,20970.72000000,21076.69000000,20928.68000000,21021.23000000,227.63569000,1658087999999,4783869.63163660,4965,103.27798000,2170845.98774130,0
1658088000000,21026.82000000,21040.00000000,20907.64000000,20930.78000000,113.69705000,1658091599999,2383343.55298040,2707,67.02232000,1404833.08294160,0
1658091600000,20934.37000000,21049.99000000,20880.22000000,21012.83000000,131.58723000,1658095199999,2760850.68962290,3759,51.41745000,1078889.09214340,0
1658095200000,21011.72000000,21072.48000000,20918.60000000,20996.22000000,178.62418000,1658098799999,3749557.90517330,3620,86.49574000,1815319.91509530,0
1658098800000,20996.22000000,21004.31000000,20717.94000000,20789.77000000,238.79640000,1658102399999,4977269.20740110,4847,117.93360000,2458064.70024660,0
1658102400000,20796.12000000,20916.85000000,20759.57000000,20818.31000000,270.94677000,1658105999999,5647117.97484590,5493,138.44746000,2885659.54159180,0
1658106000000,20819.96000000,21005.54000000,20813.29000000,20972.69000000,211.34237000,1658109599999,4423169.57473150,4839,102.15653000,2138105.47676880,0
1658109600000,20971.82000000,21381.57000000,20953.76000000,21330.00000000,349.84831000,1658113199999,7396775.03918330,8861,193.62657000,4094845.12341660,0
1658113200000,21330.51000000,21374.41000000,21191.91000000,21278.00000000,207.59991000,1658116799999,4420849.85782810,6110,104.67719000,2229696.69521910,0
1658116800000,21275.74000000,21328.84000000,21164.67000000,21296.95000000,207.92183000,1658120399999,4420952.72080400,5793,103.90183000,2208966.51852380,0
1658120400000,21297.70000000,21869.92000000,21288.85000000,21860.47000000,705.83493000,1658123999999,15238226.29420660,12638,386.79399000,8349171.14372970,0
1658124000000,21858.87000000,22357.32000000,21767.38000000,22193.72000000,670.19846000,1658127599999,14802863.64352380,12516,367.16781000,8111398.66558230,0
1658127600000,22189.79000000,22397.43000000,22100.00000000,22245.85000000,367.26964000,1658131199999,8171708.66273780,7975,182.80832000,4068136.83679350,0
1658131200000,22250.23000000,22520.04000000,22145.68000000,22292.00000000,641.91405000,1658134799999,14333943.80714620,9958,296.92427000,6635664.56279120,0
1658134800000,22288.10000000,22402.86000000,22209.57000000,22231.79000000,319.38336000,1658138399999,7123362.86012770,6755,135.59477000,3024370.45155420,0
1658138400000,22240.58000000,22381.92000000,22100.00000000,22201.91000000,291.40771000,1658141999999,6477361.22868150,6201,145.98095000,3245867.24036370,0
1658142000000,22195.50000000,22327.17000000,21966.47000000,22131.84000000,536.17088000,1658145599999,11885429.05978920,9925,285.63485000,6331921.92525180,0
1658145600000,22130.91000000,22318.26000000,21888.00000000,22283.41000000,447.31774000,1658149199999,9861716.92203000,9522,253.22130000,5581898.05262750,0
1658149200000,22286.58000000,22320.71000000,22069.10000000,22135.98000000,359.21681000,1658152799999,7975136.34042190,7815,183.99511000,4085082.32777130,0
1658152800000,22139.95000000,22235.82000000,21985.67000000,22213.10000000,365.62808000,1658156399999,8076304.07808050,7970,183.55935000,4054955.71073260,0
1658156400000,22209.12000000,22777.00000000,22160.00000000,22662.35000000,403.16251000,1658159999999,9043535.40779370,8905,214.91983000,4830220.55464860,0
1658160000000,22682.85000000,22750.00000000,22108.56000000,22199.44000000,549.74218000,1658163599999,12305800.76443670,11012,249.02860000,5577811.44526470,0
1658163600000,22200.37000000,22220.00000000,21833.00000000,21867.88000000,329.67947000,1658167199999,7262638.37465180,8300,154.61151000,3407601.22383380,0
1658167200000,21870.20000000,22015.48000000,21800.00000000,21837.06000000,241.07904000,1658170799999,5277321.92926130,6266,104.83781000,2295867.78646560,0
1658170800000,21828.30000000,21878.15000000,21348.00000000,21612.85000000,404.07271000,1658174399999,8744737.86947080,9346,181.94124000,3939059.48910280,0
1658174400000,21616.90000000,21675.00000000,21430.00000000,21480.10000000,236.48695000,1658177999999,5100636.91639010,5321,131.21507000,2830654.13464180,0
1658178000000,21488.20000000,21749.41000000,21440.01000000,21653.38000000,140.20315000,1658181599999,3030756.79313610,4480,74.85593000,1618873.74350550,0
1658181600000,21656.45000000,21856.47000000,21556.07000000,21789.51000000,135.63284000,1658185199999,2943140.21854330,4388,73.40465000,1593082.14583280,0
1658185200000,21788.46000000,22654.14000000,21766.91000000,22430.00000000,416.93533000,1658188799999,9278924.09082520,9758,215.10239000,4794216.64962830,0
1658188800000,22438.00000000,22952.23000000,22176.17000000,22343.34000000,1084.85602000,1658192399999,24439116.50456400,21624,519.15321000,11698904.31267840,0
1658192400000,22343.17000000,22390.89000000,22015.43000000,22052.46000000,502.12628000,1658195999999,11140340.18870270,11152,247.90190000,5501066.38168020,0
1658196000000,22052.73000000,22170.00000000,21925.35000000,22094.49000000,331.61816000,1658199599999,7315294.34091280,7963,162.34303000,3581563.61704650,0
1658199600000,22093.60000000,22269.86000000,21762.60000000,21897.00000000,288.79953000,1658203199999,6374031.37335480,7034,140.33707000,3099043.74594890,0
1658203200000,21903.16000000,21951.02000000,21701.77000000,21892.00000000,302.90580000,1658206799999,6614673.79710840,6697,146.62867000,3202431.31671940,0
1658206800000,21890.93000000,22114.55000000,21823.29000000,22004.08000000,188.01354000,1658210399999,4137856.16162180,5519,96.43955000,2122675.58294610,0
1658210400000,21999.96000000,22130.74000000,21580.11000000,21762.81000000,398.89550000,1658213999999,8716038.33995180,8468,184.75612000,4037827.60602480,0
1658214000000,21757.35000000,21877.05000000,21685.00000000,21765.21000000,286.37390000,1658217599999,6240349.97702020,6526,136.81958000,2981945.37710120,0
1658217600000,21768.38000000,21935.89000000,21698.03000000,21924.34000000,287.50723000,1658221199999,6277419.91834280,6876,117.67542000,2569471.65550320,0
1658221200000,21918.60000000,21966.28000000,21809.07000000,21903.36000000,350.38719000,1658224799999,7674467.85831820,6955,140.00629000,3066704.13155800,0
1658224800000,21904.01000000,22108.00000000,21810.00000000,22006.68000000,340.09927000,1658228399999,7461691.66443960,7200,168.71960000,3702275.40515410,0
1658228400000,22002.00000000,22228.23000000,21910.00000000,21975.38000000,361.58655000,1658231999999,7983843.60899940,7169,175.73196000,3878713.96014620,0
1658232000000,21982.46000000,22195.39000000,21971.03000000,22173.13000000,516.97402000,1658235599999,11419267.87990350,8210,279.96566000,6184593.51948580,0
1658235600000,22173.92000000,22546.02000000,22045.98000000,22320.00000000,545.91345000,1658239199999,12132210.96842310,10005,251.84297000,5599415.24126180,0
1658239200000,22326.13000000,22642.63000000,22100.12000000,22625.14000000,675.39188000,1658242799999,15097128.10076740,9805,315.88780000,7065666.70522150,0
1658242800000,22629.67000000,23206.09000000,22476.82000000,23145.72000000,1035.23012000,1658246399999,23677853.25364640,15507,514.45500000,11770131.27644380,0
1658246400000,23137.51000000,23450.00000000,22949.95000000,23242.51000000,1141.27975000,1658249999999,26504276.32071970,14273,524.06356000,12172866.80622550,0
1658250000000,23241.58000000,23577.27000000,22982.01000000,23446.79000000,737.18029000,1658253599999,17131041.73613810,10399,388.53738000,9030561.40399080,0
1658253600000,23453.73000000,23526.54000000,23250.27000000,23413.33000000,475.31385000,1658257199999,11115832.25226240,7329,230.12628000,5380348.60374660,0
1658257200000,23413.61000000,23719.61000000,23346.31000000,23396.96000000,455.48849000,1658260799999,10715634.96329320,7271,229.13179000,5392317.83924480,0
1658260800000,23397.66000000,23447.39000000,23163.26000000,23305.66000000,374.34058000,1658264399999,8713054.89420660,5953,202.99944000,4724383.43780790,0
1658264400000,23307.05000000,23810.89000000,23256.01000000,23650.00000000,361.94235000,1658267999999,8513888.88390280,5864,182.82308000,4302549.38691380,0
1658268000000,23647.99000000,23657.77000000,23343.25000000,23502.02000000,347.65981000,1658271599999,8163539.52965760,4998,144.71375000,3400520.07406750,0
1658271600000,23508.19000000,23631.29000000,23231.33000000,23400.00000000,480.61686000,1658275199999,11258233.32600370,5978,232.45566000,5442885.71868790,0
1658275200000,23400.00000000,23442.44000000,22600.00000000,23033.56000000,834.87092000,1658278799999,19289924.80944540,12383,317.85683000,7367607.63551820,0
1658278800000,23035.94000000,23335.52000000,22948.72000000,23258.71000000,450.00680000,1658282399999,10424645.29433860,8132,232.07734000,5376180.96961880,0
1658282400000,23257.39000000,23503.19000000,23206.23000000,23374.27000000,401.65965000,1658285999999,9389246.28543650,7344,199.44381000,4662990.43615560,0
1658286000000,23373.04000000,23525.45000000,23270.42000000,23437.24000000,490.73218000,1658289599999,11488292.20853260,8168,248.71518000,5822083.97584840,0
1658289600000,23437.48000000,23525.60000000,23304.47000000,23392.58000000,286.91316000,1658293199999,6707263.05877190,6036,152.69480000,3569686.61865890,0
1658293200000,23393.09000000,23560.22000000,23315.58000000,23501.50000000,305.52840000,1658296799999,7161619.18063820,6537,152.79490000,3581719.09190460,0
1658296800000,23499.99000000,23819.97000000,23491.83000000,23789.66000000,537.65110000,1658300399999,12726682.94983090,8619,278.86173000,6602153.69260460,0
1658300400000,23781.83000000,23865.00000000,23372.25000000,23380.31000000,628.20643000,1658303999999,14838585.86616560,9849,326.10660000,7704394.53011590,0
1658304000000,23380.00000000,23518.27000000,23317.53000000,23369.49000000,589.04629000,1658307599999,13794611.99992160,8705,283.09943000,6629581.85576500,0
1658307600000,23366.04000000,23586.78000000,23312.45000000,23530.82000000,456.29749000,1658311199999,10721236.73058590,7727,227.85531000,5354369.27403460,0
1658311200000,23528.25000000,23888.00000000,23503.49000000,23710.71000000,676.52090000,1658314799999,16022635.36862190,11124,363.40715000,8607538.51885690,0
1658314800000,23713.49000000,23830.56000000,23586.24000000,23729.90000000,566.67766000,1658318399999,13421229.19278970,9281,287.46951000,6809778.53333820,0
1658318400000,23730.01000000,23935.34000000,23573.29000000,23811.57000000,752.35417000,1658321999999,17883037.29447520,12596,359.59459000,8548566.53861270,0
1658322000000,23807.18000000,24085.63000000,23768.67000000,23782.79000000,512.90719000,1658325599999,12256435.34052890,10304,249.02142000,5950921.67143200,0
1658325600000,23789.10000000,24200.00000000,23700.00000000,24196.68000000,684.62165000,1658329199999,16423002.33868580,10184,361.93480000,8687371.07613480,0
1658329200000,24192.83000000,24283.76000000,24049.09000000,24175.79000000,547.90755000,1658332799999,13235395.86118860,8649,299.16499000,7225956.93587080,0
1658332800000,24171.12000000,24203.37000000,23536.09000000,23694.30000000,683.61719000,1658336399999,16299413.99956080,11258,330.81386000,7887824.54283480,0
1658336400000,23688.29000000,23746.65000000,23412.48000000,23518.05000000,751.26088000,1658339999999,17728611.20289960,10699,364.32652000,8595281.79729570,0
1658340000000,23520.37000000,23882.39000000,23510.94000000,23767.12000000,488.20539000,1658343599999,11588695.10774990,7820,239.61922000,5687928.77317740,0
1658343600000,23766.80000000,23945.51000000,23571.94000000,23662.19000000,415.71736000,1658347199999,9865958.05554620,7057,189.13053000,4487024.61406730,0
1658347200000,23661.72000000,23767.87000000,22900.03000000,23259.10000000,955.01207000,1658350799999,22148332.93516130,15681,460.38721000,10678419.85558670,0
1658350800000,23262.86000000,23802.95000000,23238.29000000,23613.45000000,331.05748000,1658354399999,7759319.23686930,6862,162.39788000,3807460.93393750,0
1658354400000,23606.14000000,23636.36000000,23307.95000000,23307.95000000,281.04335000,1658357999999,6591657.70093100,5467,117.78839000,2761585.09080690,0
1658358000000,23312.23000000,23401.98000000,23113.41000000,23225.55000000,391.87600000,1658361599999,9117362.69075310,6875,196.35933000,4568686.68382270,0
1658361600000,23228.10000000,23398.74000000,23125.00000000,23256.00000000,468.26279000,1658365199999,10884067.34924670,7826,234.39729000,5447898.25014970,0
1658365200000,23255.56000000,23452.30000000,23168.51000000,23237.95000000,687.50696000,1658368799999,16018725.90795620,10520,364.50160000,8494904.08955190,0
1658368800000,23235.41000000,23338.00000000,22685.50000000,22691.46000000,706.04352000,1658372399999,16247284.54052780,11496,326.97873000,7524788.95594700,0
1658372400000,22697.60000000,22865.91000000,22660.56000000,22777.46000000,516.61736000,1658375999999,11778632.71829720,8649,258.56179000,5894224.02291900,0
1658376000000,22778.79000000,22936.90000000,22641.02000000,22875.79000000,939.04277000,1658379599999,21429356.47533660,12878,519.97294000,11866770.98217240,0
1658379600000,22875.79000000,22988.88000000,22811.98000000,22939.60000000,381.60695000,1658383199999,8743329.93991130,7305,188.36832000,4316133.12035940,0
1658383200000,22944.81000000,22967.80000000,22752.98000000,22789.39000000,483.25487000,1658386799999,11057394.29585960,7269,218.20026000,4994124.41796620,0
1658386800000,22786.08000000,23090.90000000,22775.76000000,22936.53000000,504.16865000,1658390399999,11579080.73435160,8425,224.30224000,5150709.67014120,0
1658390400000,22934.45000000,22967.39000000,22797.50000000,22873.26000000,398.42531000,1658393999999,9114360.18366600,6491,183.77135000,4203247.88162670,0
1658394000000,22875.29000000,23013.00000000,22855.71000000,23002.31000000,415.55881000,1658397599999,9539419.20911750,6461,194.05845000,4455091.08179640,0
1658397600000,23001.96000000,23072.16000000,22850.00000000,22867.18000000,231.04155000,1658401199999,5307471.26282000,5544,114.37122000,2627842.27126710,0
1658401200000,22867.18000000,22903.99000000,22448.49000000,22606.54000000,607.13477000,1658404799999,13770541.17456430,9965,287.85008000,6531444.56264920,0
1658404800000,22605.89000000,22850.23000000,22556.04000000,22805.92000000,710.37206000,1658408399999,16146494.41089820,10556,352.03447000,7998842.96584740,0
1658408400000,22802.71000000,22814.59000000,22564.02000000,22706.64000000,471.84044000,1658411999999,10708484.00518440,8335,238.89416000,5421392.43235020,0
1658412000000,22709.71000000,22757.98000000,22345.04000000,22557.50000000,623.09257000,1658415599999,14030051.98286890,9711,313.12252000,7051860.99326000,0
1658415600000,22562.26000000,22678.88000000,22511.79000000,22641.66000000,421.03609000,1658419199999,9516291.49378680,6177,219.00002000,4949517.64523630,0
1658419200000,22641.66000000,23206.70000000,22633.79000000,23034.19000000,854.35497000,1658422799999,19631065.59484920,11526,435.50611000,10008221.57953390,0
1658422800000,23038.86000000,23211.00000000,22772.20000000,22849.97000000,432.97667000,1658426399999,9959060.22047920,7830,220.10167000,5064053.59694430,0
1658426400000,22859.13000000,23008.20000000,22822.92000000,22931.88000000,282.22444000,1658429999999,6463024.34460750,5180,137.36039000,3145535.29240660,0
1658430000000,22931.88000000,23207.32000000,22919.10000000,23199.94000000,523.44726000,1658433599999,12079844.35310040,8093,262.02990000,6046950.07231550,0
1658433600000,23197.69000000,23317.43000000,23092.36000000,23125.12000000,431.89914000,1658437199999,10018173.91577220,7212,214.89550000,4984740.89154510,0
1658437200000,23127.75000000,23250.00000000,23080.78000000,23211.33000000,164.97866000,1658440799999,3819805.89421950,4013,83.16458000,1925568.76950920,0
1658440800000,23210.92000000,23230.25000000,22940.83000000,23022.23000000,377.96902000,1658444399999,8711742.51213290,6366,174.32204000,4017444.79504520,0
1658444400000,23019.66000000,23234.67000000,23005.37000000,23153.61000000,321.88199000,1658447999999,7446604.34159310,5806,157.01442000,3631988.70831730,0
1658448000000,23153.15000000,23350.45000000,23092.66000000,23276.97000000,397.80486000,1658451599999,9244078.36982480,7842,171.97644000,3995089.00491530,0
1658451600000,23271.49000000,23306.66000000,23070.00000000,23105.55000000,239.58430000,1658455199999,5553743.42975290,5462,112.47810000,2606789.17856490,0
1658455200000,23106.74000000,23136.41000000,22962.13000000,22986.04000000,215.07688000,1658458799999,4957585.10292580,5194,102.31555000,2358470.71277160,0
1658458800000,22988.39000000,23043.26000000,22858.46000000,22911.35000000,329.32461000,1658462399999,7564451.23947440,5646,172.41026000,3961126.08360840,0
1658462400000,22914.51000000,22987.17000000,22802.57000000,22971.82000000,197.82210000,1658465999999,4532482.10607970,4566,101.96975000,2336363.07844330,0
1658466000000,22966.87000000,23176.32000000,22889.61000000,23148.00000000,301.41609000,1658469599999,6952929.93266990,5989,151.65546000,3498077.64299800,0
1658469600000,23151.11000000,23225.06000000,23083.13000000,23166.92000000,295.45909000,1658473199999,6839610.12514230,6170,162.76172000,3767121.01513740,0
1658473200000,23170.82000000,23321.67000000,23020.65000000,23122.22000000,397.91823000,1658476799999,9219527.04876070,7432,216.93019000,5024737.98098840,0
1658476800000,23122.79000000,23320.00000000,23073.01000000,23307.06000000,509.88781000,1658480399999,11834181.22454910,8275,249.15960000,5784170.44599810,0
1658480400000,23301.05000000,23526.12000000,23271.48000000,23459.90000000,589.20848000,1658483999999,13805712.41699360,10548,286.66637000,6716355.44045360,0
1658484000000,23456.57000000,23586.75000000,23420.00000000,23439.14000000,318.13089000,1658487599999,7476033.72974340,6105,147.19322000,3458998.55828760,0
1658487600000,23442.45000000,23637.00000000,23414.20000000,23619.36000000,421.13977000,1658491199999,9901344.61352500,7289,219.24610000,5155400.78463460,0
1658491200000,23614.34000000,23700.00000000,23568.54000000,23594.15000000,540.45359000,1658494799999,12771226.49470400,7665,252.84079000,5975980.83692990,0
1658494800000,23592.94000000,23769.83000000,23420.00000000,23465.21000000,636.98839000,1658498399999,15021392.08855560,11545,309.56372000,7298328.31259120,0
1658498400000,23464.73000000,23679.99000000,23334.12000000,23671.80000000,621.19528000,1658501999999,14593563.41989800,11601,322.94021000,7586593.64178370,0
1658502000000,23667.33000000,23669.50000000,23222.44000000,23289.49000000,638.33128000,1658505599999,14931292.68033630,10650,342.30975000,8002385.10094390,0
1658505600000,23287.09000000,23346.15000000,23050.00000000,23112.14000000,571.50955000,1658509199999,13247729.50775830,8249,270.47067000,6268555.41554790,0
1658509200000,23112.75000000,23201.12000000,22890.62000000,23018.77000000,512.41454000,1658512799999,11798810.27527330,9201,264.23467000,6086176.25155800,0
1658512800000,23017.23000000,23064.69000000,22918.44000000,23024.45000000,172.83032000,1658516399999,3974081.40730890,3967,86.83177000,1996444.01597940,0
1658516400000,23030.13000000,23142.27000000,22545.00000000,22590.76000000,695.20908000,1658519999999,15864038.87529530,9568,324.04154000,7395784.94632310,0
1658520000000,22591.53000000,22735.32000000,22502.67000000,22606.57000000,396.29843000,1658523599999,8968457.90295550,5999,175.05154000,3960844.45973660,0
1658523600000,22604.34000000,22787.25000000,22577.34000000,22740.66000000,133.98034000,1658527199999,3040781.34560340,3209,65.38140000,1483437.77953680,0
1658527200000,22740.86000000,22782.05000000,22640.16000000,22729.83000000,138.03384000,1658530799999,3133984.04428550,3222,50.19485000,1139952.60500940,0
1658530800000,22731.77000000,22769.43000000,22663.19000000,22685.98000000,127.00396000,1658534399999,2884309.16918580,3295,64.30739000,1460237.67520360,0
1658534400000,22687.31000000,22818.52000000,22546.56000000,22767.83000000,205.24696000,1658537999999,4660192.00121460,5124,107.98688000,2452526.51981860,0
1658538000000,22765.64000000,22881.54000000,22739.00000000,22786.20000000,147.79328000,1658541599999,3369899.38744610,3525,69.68503000,1589079.84500740,0
1658541600000,22787.33000000,22904.58000000,22778.84000000,22836.91000000,143.40193000,1658545199999,3277182.53640960,3565,71.70105000,1638675.09023970,0
1658545200000,22835.46000000,22907.00000000,22801.62000000,22811.13000000,100.32161000,1658548799999,2293226.91627440,2774,44.79554000,1024067.90274820,0
1658548800000,22810.95000000,22991.83000000,22732.81000000,22899.01000000,218.88032000,1658552399999,5007798.76848680,4664,106.00773000,2424541.87495160,0
1658552400000,22901.83000000,23002.30000000,22844.36000000,22907.15000000,189.44907000,1658555999999,4342678.71969530,4118,104.42552000,2393665.31307630,0
1658556000000,22907.98000000,22937.00000000,22813.01000000,22830.86000000,118.01579000,1658559599999,2699611.20136850,2768,51.21646000,1171273.63460460,0
1658559600000,22831.16000000,22852.96000000,22679.24000000,22772.74000000,246.08039000,1658563199999,5600145.31268180,4786,117.05530000,2664714.31483540,0
1658563200000,22777.23000000,22878.08000000,22581.14000000,22607.88000000,316.82124000,1658566799999,7209936.35561610,6253,166.94166000,3800371.11787610,0
1658566800000,22610.22000000,22702.91000000,22529.13000000,22669.89000000,301.35876000,1658570399999,6817787.90994380,5544,140.44401000,3177684.85996750,0
1658570400000,22670.29000000,22717.63000000,22393.57000000,22521.30000000,326.19966000,1658573999999,7351620.78104120,6363,162.23637000,3657131.24552460,0
1658574000000,22524.12000000,22551.39000000,22210.00000000,22230.05000000,409.63569000,1658577599999,9159768.23679210,7826,211.21251000,4722483.88273190,0
1658577600000,22232.33000000,22376.44000000,22083.08000000,22286.83000000,460.46842000,1658581199999,10245056.46779510,7032,237.06433000,5275110.44076770,0
1658581200000,22281.85000000,22386.27000000,22213.16000000,22344.58000000,146.29758000,1658584799999,3264089.48701220,3415,73.48044000,1640035.76186210,0
1658584800000,22341.87000000,22363.63000000,22052.61000000,22147.40000000,240.64234000,1658588399999,5348112.73711330,4721,104.14824000,2315388.85507040,0
1658588400000,22154.34000000,22304.68000000,22120.15000000,22218.07000000,259.18456000,1658591999999,5757370.59492490,4953,135.58179000,3011659.36444120,0
1658592000000,22217.11000000,22290.69000000,22175.39000000,22189.75000000,169.63881000,1658595599999,3772608.05457620,4542,94.51184000,2101993.58683500,0
1658595600000,22187.31000000,22252.52000000,21953.94000000,22030.27000000,434.90252000,1658599199999,9604985.98448950,7365,208.75128000,4612039.93001670,0
1658599200000,22029.99000000,22240.00000000,21943.34000000,22076.91000000,366.42841000,1658602799999,8101981.37973070,6805,171.33142000,3789039.43391330,0
1658602800000,22076.40000000,22331.60000000,22030.00000000,22279.03000000,272.17300000,1658606399999,6035985.65725360,5891,137.07089000,3040743.46309980,0
1658606400000,22276.14000000,22380.00000000,22247.16000000,22325.31000000,230.96424000,1658609999999,5152204.07221110,3848,113.30123000,2527304.55311920,0
1658610000000,22325.31000000,22357.96000000,22227.75000000,22245.54000000,147.20326000,1658613599999,3280822.42773350,2786,49.14564000,1095525.58800450,0
1658613600000,22241.67000000,22517.80000000,22233.15000000,22474.09000000,207.60550000,1658617199999,4655036.60719280,3922,105.82625000,2375067.36143750,0
1658617200000,22470.11000000,22599.99000000,22428.53000000,22451.33000000,178.11278000,1658620799999,4007724.99815280,3513,85.14737000,1916358.63543840,0
1658620800000,22453.09000000,22677.66000000,22447.02000000,22549.70000000,145.24770000,1658624399999,3280503.14586990,3464,77.52582000,1751079.92843560,0
1658624400000,22555.24000000,22592.05000000,22376.08000000,22431.24000000,100.06355000,1658627999999,2248273.40415420,3044,40.67593000,913958.60976110,0
1658628000000,22434.11000000,22480.60000000,22346.80000000,22471.20000000,106.37366000,1658631599999,2383691.64224680,2871,61.28861000,1373790.40619710,0
1658631600000,22470.46000000,22476.16000000,22293.86000000,22334.39000000,73.51876000,1658635199999,1643399.77027400,2445,31.57275000,705625.14738380,0
1658635200000,22332.89000000,22413.64000000,22264.87000000,22399.71000000,53.49622000,1658638799999,1195317.88671810,1943,26.51559000,592672.02118310,0
1658638800000,22401.94000000,22783.41000000,22393.06000000,22750.31000000,251.48370000,1658642399999,5693507.60672500,5641,141.60511000,3205330.44398220,0
1658642400000,22748.41000000,22766.93000000,22631.00000000,22679.42000000,300.97709000,1658645999999,6832881.74076520,5662,211.06835000,4792401.59205770,0
1658646000000,22679.15000000,22833.33000000,22668.79000000,22703.00000000,341.93835000,1658649599999,7778721.43684560,5402,164.12367000,3733379.17774890,0
1658649600000,22705.44000000,22743.55000000,22565.01000000,22684.07000000,218.84067000,1658653199999,4953857.11540820,4012,104.76269000,2371019.74694020,0
1658653200000,22683.80000000,22760.90000000,22599.26000000,22617.38000000,214.20148000,1658656799999,4858322.28638410,3788,73.23091000,1661267.56684700,0
1658656800000,22617.38000000,22679.48000000,22475.68000000,22519.96000000,117.65628000,1658660399999,2655726.79337210,3358,53.70750000,1213113.85120500,0
1658660400000,22518.00000000,22819.28000000,22511.53000000,22659.37000000,246.03834000,1658663999999,5588087.96150400,4720,130.68432000,2969265.13535780,0
1658664000000,22660.11000000,22773.91000000,22439.73000000,22496.36000000,221.85891000,1658667599999,5026032.04346030,4607,105.42839000,2388830.58442100,0
1658667600000,22500.00000000,22596.06000000,22445.34000000,22569.14000000,106.27960000,1658671199999,2393789.21328460,2718,49.43302000,1113592.58082980,0
1658671200000,22569.46000000,22798.42000000,22535.06000000,22772.71000000,204.86451000,1658674799999,4651368.57305690,5351,104.48685000,2372766.19127940,0
1658674800000,22772.00000000,22918.08000000,22743.99000000,22848.80000000,162.86009000,1658678399999,3718641.65004980,4429,85.57653000,1954607.09891560,0
1658678400000,22849.96000000,22880.88000000,22629.26000000,22710.38000000,121.58985000,1658681999999,2763889.69905470,3816,57.94161000,1317086.24085010,0
1658682000000,22707.76000000,22854.30000000,22633.00000000,22771.48000000,121.47111000,1658685599999,2764999.88679500,3584,56.52561000,1286772.54676270,0
1658685600000,22771.48000000,22801.56000000,22684.79000000,22714.07000000,68.08839000,1658689199999,1548572.79283850,2287,37.46455000,852197.12397930,0
1658689200000,22713.80000000,22806.99000000,22664.90000000,22701.99000000,95.81603000,1658692799999,2179083.82142040,2995,45.46220000,1033902.93551660,0
1658692800000,22699.25000000,22849.61000000,22673.02000000,22720.91000000,126.57047000,1658696399999,2877432.89171890,3133,76.40234000,1737158.96441980,0
1658696400000,22722.43000000,22840.00000000,22675.41000000,22818.00000000,151.30107000,1658699999999,3445708.51441880,3318,85.14879000,1939229.68093190,0
1658700000000,22813.05000000,23014.62000000,22551.04000000,22658.86000000,383.85966000,1658703599999,8757755.48309860,7920,201.58696000,4600480.15428490,0
1658703600000,22656.26000000,22762.49000000,22521.82000000,22581.29000000,272.36753000,1658707199999,6168781.82059900,5248,126.93196000,2875296.46357230,0
1658707200000,22583.42000000,22667.70000000,22261.76000000,22322.07000000,278.74740000,1658710799999,6259048.86813050,7323,140.06321000,3146245.25483510,0
1658710800000,22320.97000000,22330.00000000,22116.94000000,22208.78000000,247.38312000,1658714399999,5498124.03443330,5783,111.11248000,2469178.48197410,0
1658714400000,22208.14000000,22211.90000000,21863.90000000,21958.07000000,477.69220000,1658717999999,10523417.55705570,9002,215.09715000,4738329.76583720,0
1658718000000,21953.21000000,21961.52000000,21779.79000000,21871.37000000,286.45599000,1658721599999,6261543.52288930,6358,135.33757000,2958833.44589940,0
1658721600000,21864.85000000,21909.09000000,21705.60000000,21894.38000000,391.78962000,1658725199999,8548457.05891110,6983,218.76250000,4776036.59184920,0
1658725200000,21892.87000000,21942.89000000,21810.00000000,21916.94000000,200.00814000,1658728799999,4376760.76198800,4653,98.26594000,2150290.09778040,0
1658728800000,21920.26000000,21948.87000000,21820.20000000,21910.78000000,215.57652000,1658732399999,4720566.15882410,4702,109.62737000,2400927.68866620,0
1658732400000,21912.77000000,22001.95000000,21884.18000000,21968.85000000,213.00403000,1658735999999,4675524.38454810,4878,117.53811000,2580138.26151820,0
1658736000000,21966.48000000,22100.21000000,21866.87000000,22051.04000000,371.16025000,1658739599999,8158580.12483130,6224,210.17896000,4618865.00732150,0
1658739600000,22054.35000000,22112.63000000,21985.23000000,21999.70000000,246.75620000,1658743199999,5439123.41979890,5108,130.28669000,2872272.34583730,0
1658743200000,21999.69000000,22080.69000000,21965.76000000,22053.06000000,198.22784000,1658746799999,4365336.33558090,4443,104.81029000,2308224.45329790,0
1658746800000,22051.22000000,22105.13000000,21922.53000000,21944.26000000,266.75266000,1658750399999,5869008.75170070,4514,127.51254000,2806038.51717220,0
1658750400000,21943.35000000,21994.27000000,21815.00000000,21974.68000000,319.87980000,1658753999999,7008345.69866020,6273,155.35936000,3403891.80459370,0
1658754000000,21976.32000000,22005.47000000,21771.18000000,21905.21000000,455.87535000,1658757599999,9986414.01587380,9911,217.53361000,4765352.32277760,0
1658757600000,21902.97000000,21932.83000000,21669.20000000,21891.12000000,357.66663000,1658761199999,7802633.74413950,8897,170.15242000,3712668.42180080,0
1658761200000,21886.56000000,21933.64000000,21743.98000000,21897.28000000,312.05710000,1658764799999,6817568.39492780,6170,164.56261000,3595009.69238320,0
1658764800000,21895.09000000,21981.12000000,21839.92000000,21952.49000000,534.40008000,1658768399999,11716161.37059790,7532,293.55141000,6434149.13473680,0
1658768400000,21954.37000000,22021.37000000,21840.23000000,21867.24000000,363.54960000,1658771999999,7978917.22312250,5840,176.16208000,3866676.86359860,0
1658772000000,21865.61000000,21942.89000000,21781.00000000,21820.00000000,722.99499000,1658775599999,15807239.20138100,8251,303.40010000,6635483.09842700,0
1658775600000,21822.84000000,21900.00000000,21558.88000000,21890.92000000,766.49021000,1658779199999,16648198.09278070,12540,367.69074000,7988385.90120250,0
1658779200000,21893.05000000,22258.77000000,21887.18000000,22174.07000000,861.63209000,1658782799999,19060862.87822450,12673,465.15323000,10288240.36220200,0
1658782800000,22177.62000000,22186.34000000,21962.49000000,22027.95000000,236.74131000,1658786399999,5232237.62222640,4296,106.74748000,2359732.59625290,0
1658786400000,22025.50000000,22032.48000000,21513.49000000,21660.00000000,685.83264000,1658789999999,14913052.26589020,11093,321.75482000,6994659.79117390,0
1658790000000,21658.08000000,21760.29000000,21242.03000000,21310.36000000,598.66184000,1658793599999,12885231.39100350,9805,266.10701000,5731185.14205880,0
1658793600000,21310.37000000,21346.92000000,20973.00000000,20995.73000000,842.76236000,1658797199999,17799125.77998270,14465,376.22261000,7945347.27871260,0
1658797200000,20995.73000000,21124.64000000,20972.60000000,21076.07000000,436.37973000,1658800799999,9196226.61781980,6908,216.19852000,4556463.01291610,0
1658800800000,21076.60000000,21126.94000000,21022.46000000,21070.06000000,387.02612000,1658804399999,8158790.53721280,5969,191.78614000,4042878.99849380,0
1658804400000,21070.57000000,21235.55000000,20854.93000000,21143.49000000,717.29367000,1658807999999,15134104.07106890,9593,300.35763000,6337311.01967070,0
1658808000000,21143.42000000,21259.99000000,21095.73000000,21129.12000000,319.00279000,1658811599999,6749293.46930930,5207,152.54921000,3227750.64239930,0
1658811600000,21126.33000000,21177.42000000,21058.06000000,21144.49000000,235.36117000,1658815199999,4971067.63566330,4193,115.03466000,2429474.85075260,0
1658815200000,21143.67000000,21166.91000000,21066.10000000,21079.81000000,276.52526000,1658818799999,5838655.66999680,4492,142.82774000,3015664.82147610,0
1658818800000,21074.07000000,21145.64000000,21018.58000000,21066.38000000,291.04340000,1658822399999,6137311.84913400,5377,133.08470000,2807075.03322590,0
1658822400000,21070.15000000,21111.70000000,20984.95000000,21066.80000000,463.49855000,1658825999999,9762287.78683260,6830,235.67291000,4964149.72937450,0
1658826000000,21067.38000000,21162.78000000,21060.70000000,21122.46000000,228.18126000,1658829599999,4817507.02310410,4386,109.98891000,2322329.66402380,0
1658829600000,21124.96000000,21151.67000000,21046.71000000,21078.73000000,214.89667000,1658833199999,4531377.22558660,3768,80.80857000,1703890.44186960,0
1658833200000,21077.28000000,21155.53000000,20938.55000000,21091.84000000,215.03930000,1658836799999,4531983.53803870,4268,111.11299000,2342138.10008660,0
1658836800000,21088.57000000,21194.00000000,20965.20000000,21029.68000000,333.03320000,1658840399999,7020455.21838960,6851,170.35030000,3591730.33209770,0
1658840400000,21032.33000000,21051.53000000,20790.00000000,20951.48000000,464.51240000,1658843999999,9723788.16358840,10622,215.92735000,4520794.07708130,0
1658844000000,20947.63000000,21037.40000000,20837.70000000,20950.25000000,259.49174000,1658847599999,5430170.63946020,6509,128.90777000,2697967.46090030,0
1658847600000,20950.25000000,20964.70000000,20710.25000000,20744.85000000,441.37200000,1658851199999,9184409.49258760,8295,215.88324000,4491637.15431360,0
1658851200000,20746.70000000,20950.07000000,20739.30000000,20937.70000000,328.53146000,1658854799999,6848718.83928540,6505,169.76126000,3539351.10693160,0
1658854800000,20935.86000000,21083.20000000,20900.19000000,20923.45000000,401.18917000,1658858399999,8418257.23302700,7151,192.91623000,4048484.24840270,0
1658858400000,20923.85000000,20999.96000000,20820.76000000,20905.34000000,318.85526000,1658861999999,6668088.16667060,6541,162.81444000,3405057.15318610,0
1658862000000,20907.54000000,20944.05000000,20807.85000000,20917.31000000,439.97192000,1658865599999,9192854.21438160,7803,201.45467000,4208949.21167730,0
1658865600000,20917.30000000,20996.18000000,20812.89000000,20984.16000000,479.64656000,1658869199999,10028899.31941600,7191,249.60951000,5219499.95530930,0
1658869200000,20984.52000000,21118.29000000,20827.24000000,20939.79000000,288.02729000,1658872799999,6046102.37273510,5329,134.90771000,2832845.94284410,0
1658872800000,20944.53000000,21163.66000000,20926.40000000,21118.07000000,253.42964000,1658876399999,5338369.49697920,4838,118.43321000,2494570.91776870,0
1658876400000,21115.37000000,21302.28000000,21064.54000000,21256.87000000,314.91213000,1658879999999,6667701.02124860,5239,158.44866000,3354609.83943310,0
1658880000000,21260.00000000,21285.15000000,21137.11000000,21211.62000000,224.38518000,1658883599999,4760212.76526830,3966,113.48505000,2407698.34400540,0
1658883600000,21213.52000000,21237.13000000,21139.36000000,21160.70000000,341.16838000,1658887199999,7231081.89599410,4745,161.07824000,3413906.26820860,0
1658887200000,21161.47000000,21204.71000000,21093.12000000,21189.12000000,387.41470000,1658890799999,8195225.15125020,5331,187.54909000,3967802.09676750,0
1658890800000,21186.70000000,21203.63000000,21045.50000000,21076.69000000,325.15152000,1658894399999,6863668.02033840,4820,154.40499000,3258646.87386000,0
1658894400000,21077.84000000,21137.27000000,21059.65000000,21113.53000000,292.44580000,1658897999999,6170941.31702220,4080,146.81064000,3097932.59223460,0
1658898000000,21112.17000000,21278.96000000,21094.93000000,21248.94000000,301.52155000,1658901599999,6394246.10271490,4758,154.83255000,3283676.64555490,0
1658901600000,21247.22000000,21280.00000000,21164.71000000,21259.87000000,240.59870000,1658905199999,5104621.39578880,4372,122.03354000,2589550.27269070,0
1658905200000,21257.40000000,21452.22000000,21244.80000000,21349.08000000,447.17303000,1658908799999,9557391.27993260,6688,223.07852000,4767391.35435380,0
1658908800000,21349.44000000,21438.47000000,21337.72000000,21358.26000000,375.06354000,1658912399999,8020319.72046430,5529,190.38660000,4071107.08494870,0
1658912400000,21357.48000000,21366.09000000,21262.68000000,21292.85000000,265.61379000,1658915999999,5662683.42482820,5819,123.25719000,2627970.41536180,0
1658916000000,21291.30000000,21336.83000000,21250.80000000,21289.17000000,152.26440000,1658919599999,3243156.69234160,3596,73.69630000,1569945.21530740,0
1658919600000,21288.98000000,21370.97000000,21111.00000000,21201.30000000,249.05176000,1658923199999,5300150.54559250,4826,108.69099000,2313430.61135580,0
1658923200000,21198.41000000,21427.15000000,21157.79000000,21377.90000000,278.45817000,1658926799999,5931639.27054360,5990,123.10733000,2623836.23335010,0
1658926800000,21374.24000000,21492.04000000,21288.81000000,21465.22000000,570.19698000,1658930399999,12175303.61465340,8187,176.50141000,3770994.85773250,0
1658930400000,21466.67000000,21497.09000000,21400.00000000,21465.80000000,339.20358000,1658933999999,7270444.31179770,6055,201.96702000,4328297.65188720,0
1658934000000,21465.33000000,21554.17000000,21427.27000000,21538.56000000,310.36080000,1658937599999,6666943.50986290,5130,165.02150000,3544986.23749060,0
1658937600000,21540.78000000,21720.39000000,21466.55000000,21538.41000000,465.70914000,1658941199999,10063557.52729130,7922,225.66650000,4876895.39983340,0
1658941200000,21536.37000000,21745.52000000,21457.83000000,21626.10000000,451.56700000,1658944799999,9758246.83911490,7961,218.61427000,4723959.20950850,0
1658944800000,21622.67000000,22709.99000000,21622.67000000,22562.88000000,1729.78723000,1658948399999,38426767.58583390,29265,845.91830000,18783180.70757500,0
1658948400000,22566.28000000,23111.49000000,22566.28000000,22778.46000000,1019.84781000,1658951999999,23272049.82693720,17340,495.23235000,11302398.95899230,0
1658952000000,22780.61000000,22915.79000000,22676.06000000,22784.09000000,440.58849000,1658955599999,10029949.68486740,8469,224.12810000,5102038.64139520,0
1658955600000,22784.28000000,22796.54000000,22587.87000000,22681.32000000,249.18012000,1658959199999,5655069.97465220,4585,125.49551000,2847946.60581830,0
1658959200000,22682.74000000,22969.36000000,22648.40000000,22891.45000000,541.79784000,1658962799999,12354525.85723290,8377,268.41983000,6122116.01374920,0
1658962800000,22882.33000000,23000.71000000,22815.30000000,22959.81000000,385.88805000,1658966399999,8836509.27848540,6754,179.62700000,4113986.48952440,0
1658966400000,22965.19000000,23068.85000000,22757.49000000,22790.29000000,407.26352000,1658969999999,9327600.91509460,7550,198.44901000,4546504.71052770,0
1658970000000,22793.12000000,22808.67000000,22720.68000000,22778.95000000,187.53148000,1658973599999,4269200.44838540,4659,104.44922000,2378274.52144390,0
1658973600000,22780.08000000,23481.81000000,22706.78000000,23296.15000000,491.67090000,1658977199999,11393233.98268420,9342,259.79009000,6017505.97074340,0
1658977200000,23292.15000000,23325.14000000,23109.80000000,23143.53000000,331.90683000,1658980799999,7703579.11172090,6969,179.15022000,4157337.15058460,0
1658980800000,23143.76000000,23199.49000000,23067.10000000,23069.87000000,215.26264000,1658984399999,4980850.78984390,5106,123.99394000,2869432.42506950,0
1658984400000,23070.79000000,23265.57000000,23035.00000000,23250.00000000,258.57803000,1658987999999,5987863.63992670,5261,123.85286000,2865168.08548210,0
1658988000000,23250.00000000,23278.98000000,23060.00000000,23130.02000000,253.81076000,1658991599999,5881686.67257100,5330,97.74361000,2264553.36837480,0
1658991600000,23126.98000000,23133.66000000,22893.68000000,22937.38000000,389.59704000,1658995199999,8953138.87445840,7740,204.01262000,4687287.86716570,0
1658995200000,22929.86000000,23028.72000000,22877.65000000,22972.22000000,440.99934000,1658998799999,10115973.07224290,7282,232.99029000,5343158.29467400,0
1658998800000,22970.65000000,23013.88000000,22805.33000000,22989.01000000,312.75953000,1659002399999,7166891.93282850,5823,163.18530000,3739693.63715020,0
1659002400000,22981.76000000,23114.62000000,22918.66000000,22988.78000000,301.58443000,1659005999999,6938027.27595860,4935,144.94331000,3334467.17561020,0
1659006000000,22989.89000000,23149.98000000,22970.93000000,23122.54000000,245.72351000,1659009599999,5666121.99901520,5014,129.73811000,2991687.60919440,0
1659009600000,23119.99000000,23241.25000000,22587.81000000,23048.66000000,853.84425000,1659013199999,19585066.49530600,15819,431.99647000,9907317.35616420,0
1659013200000,23047.50000000,23350.00000000,22765.57000000,22854.31000000,827.74562000,1659016799999,19047918.97880850,15384,460.46716000,10591644.54467880,0
1659016800000,22857.46000000,23150.00000000,22747.33000000,23137.13000000,550.37487000,1659020399999,12623221.79453100,11020,279.10823000,6402559.79096780,0
1659020400000,23138.64000000,23988.34000000,23115.16000000,23750.03000000,992.43164000,1659023999999,23366229.29231040,17091,521.11973000,12273316.40249890,0
1659024000000,23756.12000000,23950.00000000,23666.72000000,23772.56000000,622.63849000,1659027599999,14824015.11966910,12146,308.66508000,7350462.93036100,0
1659027600000,23772.54000000,24103.30000000,23752.40000000,24003.89000000,463.90153000,1659031199999,11099652.89538250,9488,236.01091000,5647645.74485520,0
1659031200000,23998.17000000,24008.39000000,23727.16000000,23813.50000000,234.58697000,1659034799999,5588602.29643280,5623,100.88092000,2402842.95379990,0
1659034800000,23810.73000000,23880.88000000,23682.12000000,23796.73000000,191.14083000,1659038399999,4547931.93624720,4448,97.15629000,2311694.79323330,0
1659038400000,23792.42000000,24206.81000000,23784.25000000,24031.06000000,490.48145000,1659041999999,11758075.77109560,9319,240.81199000,5774745.28913920,0
1659042000000,24033.12000000,24162.73000000,23839.27000000,23928.17000000,253.65968000,1659045599999,6085514.81866180,4884,128.16148000,3074354.82125380,0
1659045600000,23928.17000000,23990.94000000,23815.00000000,23966.62000000,378.47427000,1659049199999,9054670.34461490,5133,183.06113000,4379626.95847080,0
1659049200000,23966.62000000,23985.39000000,23733.47000000,23849.55000000,369.17718000,1659052799999,8806391.08213550,5241,175.85706000,4195301.82177520,0
1659052800000,23851.32000000,23969.84000000,23710.00000000,23889.33000000,546.90112000,1659056399999,13033025.01107440,8394,293.32800000,6988476.99482010,0
1659056400000,23886.41000000,23902.00000000,23751.97000000,23851.46000000,458.46503000,1659059999999,10918072.70661750,7325,232.90288000,5546465.08034350,0
1659060000000,23858.19000000,23912.67000000,23737.84000000,23785.90000000,568.19529000,1659063599999,13534945.79133330,8496,299.17776000,7126401.31263950,0
1659063600000,23785.81000000,23942.24000000,23762.36000000,23915.24000000,476.74997000,1659067199999,11368904.12859740,6797,253.62177000,6048472.63212590,0
1659067200000,23919.89000000,24041.17000000,23887.70000000,24019.23000000,390.15525000,1659070799999,9346031.94229720,5547,206.77207000,4953172.97812810,0
1659070800000,24016.30000000,24119.04000000,23871.60000000,23994.27000000,450.59257000,1659074399999,10808083.32930830,6693,225.84319000,5416464.24100770,0
1659074400000,23990.89000000,24450.00000000,23912.08000000,23946.65000000,585.69126000,1659077999999,14125021.07605100,9336,297.87394000,7185736.29261380,0
1659078000000,23954.33000000,24000.00000000,23818.00000000,23949.03000000,563.26818000,1659081599999,13474032.92697620,9927,276.64478000,6618293.55510580,0
1659081600000,23949.94000000,23996.99000000,23786.91000000,23930.92000000,546.40734000,1659085199999,13069471.02837710,8374,279.51179000,6686319.43337040,0
1659085200000,23933.22000000,24104.20000000,23862.52000000,24071.35000000,301.35562000,1659088799999,7226696.83871180,6188,146.69382000,3517843.38461130,0
1659088800000,24075.52000000,24138.30000000,23987.69000000,24009.79000000,396.68416000,1659092399999,9539926.67902920,6577,192.11878000,4620541.42879580,0
1659092400000,24014.10000000,24027.70000000,23552.54000000,23727.76000000,614.93621000,1659095999999,14623061.01734070,10056,296.17958000,7043326.86033450,0
1659096000000,23726.42000000,23760.00000000,23444.71000000,23521.58000000,854.86403000,1659099599999,20184567.69312770,12590,354.02343000,8361370.12216620,0
1659099600000,23521.58000000,23769.06000000,23431.47000000,23706.30000000,736.44144000,1659103199999,17382712.33513500,11737,336.34805000,7935705.84130380,0
1659103200000,23704.09000000,24237.72000000,23674.73000000,24041.71000000,1104.45276000,1659106799999,26564206.26867910,14664,608.32641000,14626058.82794150,0
1659106800000,24041.71000000,24078.23000000,23877.72000000,24017.49000000,499.40426000,1659110399999,11979795.54550490,8515,232.36801000,5575560.62711440,0
1659110400000,24023.30000000,24034.08000000,23616.89000000,23855.41000000,662.26221000,1659113999999,15735141.04632690,10202,321.68261000,7642069.70050890,0
1659114000000,23854.68000000,23867.84000000,23638.27000000,23783.45000000,339.56838000,1659117599999,8073125.01334540,5588,164.47802000,3910851.84097010,0
1659117600000,23787.47000000,24089.38000000,23744.86000000,23936.41000000,430.44125000,1659121199999,10303196.59931700,6005,212.44200000,5084971.30269520,0
1659121200000,23937.28000000,23970.73000000,23766.00000000,23925.56000000,288.32252000,1659124799999,6886580.00104450,4470,141.81949000,3387443.45482290,0
1659124800000,23917.19000000,23985.82000000,23808.78000000,23952.75000000,228.06487000,1659128399999,5451313.72266860,4021,115.33786000,2756525.95249410,0
1659128400000,23950.63000000,24005.75000000,23703.85000000,23829.26000000,195.60623000,1659131999999,4671894.20444300,3744,92.82890000,2217345.36207350,0
1659132000000,23830.63000000,23972.11000000,23755.07000000,23953.82000000,312.78154000,1659135599999,7464313.26344140,4829,154.25582000,3681112.01263100,0
1659135600000,23954.15000000,24150.00000000,23710.93000000,23781.62000000,347.64481000,1659139199999,8332722.86485180,5673,161.66737000,3874950.97697160,0
1659139200000,23787.41000000,23945.69000000,23756.45000000,23926.86000000,282.61473000,1659142799999,6738785.26827950,6390,177.12844000,4223239.68102670,0
1659142800000,23928.20000000,23975.06000000,23679.80000000,23923.75000000,254.08033000,1659146399999,6060259.85535070,6070,120.52893000,2875100.35069030,0
1659146400000,23929.29000000,23935.09000000,23751.96000000,23842.88000000,296.53994000,1659149999999,7064264.10855090,5995,163.66192000,3898285.66941090,0
1659150000000,23839.27000000,23859.53000000,23759.28000000,23812.74000000,172.77555000,1659153599999,4113625.30656050,4327,83.58057000,1990096.81292920,0
1659153600000,23809.85000000,23834.30000000,23650.00000000,23749.91000000,180.00169000,1659157199999,4274762.45249670,4104,80.87234000,1921078.77311900,0
1659157200000,23746.10000000,23810.61000000,23717.56000000,23802.00000000,84.26052000,1659160799999,2003512.03228520,2677,40.17037000,955201.33630480,0
1659160800000,23800.78000000,23856.93000000,23763.82000000,23823.36000000,127.10076000,1659164399999,3026115.44569580,3626,60.42239000,1438610.15227450,0
1659164400000,23823.21000000,23919.54000000,23816.01000000,23888.86000000,110.36885000,1659167999999,2635016.78045320,3325,55.29813000,1320351.99842560,0
1659168000000,23888.67000000,23960.45000000,23838.46000000,23904.86000000,242.66769000,1659171599999,5798672.33106010,5033,97.37611000,2327282.55039610,0
1659171600000,23904.71000000,23966.31000000,23842.69000000,23923.73000000,160.77593000,1659175199999,3843804.44857440,3523,79.82106000,1908370.16396380,0
1659175200000,23922.57000000,23941.01000000,23743.21000000,23819.76000000,135.60690000,1659178799999,3230443.46600580,4097,69.74226000,1661708.18580030,0
1659178800000,23818.23000000,24073.99000000,23813.42000000,23963.46000000,163.86679000,1659182399999,3924551.11791210,3863,86.80607000,2079531.75781790,0
1659182400000,23965.02000000,24400.00000000,23922.48000000,24389.39000000,422.51270000,1659185999999,10231209.79042160,8078,182.88574000,4426776.67132030,0
1659186000000,24385.25000000,24679.00000000,24338.79000000,24502.04000000,608.41697000,1659189599999,14918805.83543640,9382,320.01251000,7847773.87773180,0
1659189600000,24498.58000000,24599.30000000,24325.14000000,24363.17000000,322.31254000,1659193199999,7895867.32476480,5290,177.08701000,4339092.96271940,0
1659193200000,24358.09000000,24620.91000000,24358.09000000,24534.25000000,256.25866000,1659196799999,6284261.60594670,4719,137.69315000,3376193.64396070,0
1659196800000,24536.55000000,24591.76000000,24454.54000000,24582.62000000,184.99252000,1659200399999,4535356.00485280,3878,84.94977000,2082958.69559510,0
1659200400000,24584.47000000,24610.00000000,24459.75000000,24499.77000000,186.00494000,1659203999999,4562566.27833970,4290,97.12867000,2382054.11709330,0
1659204000000,24499.62000000,24575.55000000,24477.69000000,24522.17000000,181.00286000,1659207599999,4441276.22845170,3824,75.08457000,1841966.29435760,0
1659207600000,24525.19000000,24525.19000000,23874.46000000,23926.74000000,421.27143000,1659211199999,10184618.39439330,8859,187.81217000,4538331.12234190,0
1659211200000,23925.04000000,24082.67000000,23818.18000000,23975.64000000,246.60998000,1659214799999,5902061.07736530,5478,117.86190000,2821200.78381630,0
1659214800000,23969.88000000,24009.97000000,23845.00000000,23867.35000000,95.75164000,1659218399999,2290072.56007650,2741,43.43863000,1039119.06100670,0
1659218400000,23863.34000000,23863.56000000,23513.89000000,23704.48000000,344.06531000,1659221999999,8137066.70202460,6839,170.05326000,4021596.17225990,0
1659222000000,23705.63000000,23746.54000000,23552.80000000,23643.83000000,109.18024000,1659225599999,2580216.32369670,3096,48.44557000,1145103.01426200,0
1659225600000,23647.81000000,23790.42000000,23529.86000000,23752.14000000,243.54041000,1659229199999,5769547.31781370,5000,118.15685000,2799653.20570870,0
1659229200000,23756.08000000,23819.81000000,23691.94000000,23734.19000000,160.05272000,1659232799999,3800427.26160230,4105,80.79646000,1918585.69902040,0
1659232800000,23735.02000000,23909.09000000,23729.82000000,23801.14000000,153.64428000,1659236399999,3658185.31870390,3744,89.04496000,2120098.75763720,0
1659236400000,23800.49000000,23820.32000000,23690.73000000,23742.35000000,184.48162000,1659239999999,4379772.25528030,4521,109.94509000,2609743.22944680,0
1659240000000,23745.33000000,23835.01000000,23741.81000000,23807.03000000,116.30427000,1659243599999,2766926.25155710,3288,53.10564000,1263600.82048080,0
1659243600000,23810.46000000,23847.45000000,23707.84000000,23711.62000000,97.60449000,1659247199999,2319737.20309430,2750,52.87548000,1256781.89480220,0
1659247200000,23712.80000000,23798.82000000,23712.80000000,23782.29000000,89.73310000,1659250799999,2131412.02392870,2577,43.22422000,1026741.31257730,0
1659250800000,23784.10000000,23821.46000000,23672.17000000,23717.48000000,149.32553000,1659254399999,3545887.77908240,3261,78.66367000,1867793.49461530,0
1659254400000,23720.21000000,23754.27000000,23585.33000000,23602.41000000,134.33981000,1659257999999,3178722.84796870,3352,66.39447000,1571223.84863010,0
1659258000000,23601.18000000,24059.47000000,23557.94000000,23759.33000000,290.85891000,1659261599999,6910774.71549840,4023,213.36126000,5074704.19487730,0
1659261600000,23761.88000000,23870.03000000,23713.52000000,23832.50000000,141.59903000,1659265199999,3367798.25361480,2898,74.41353000,1770044.71690980,0
1659265200000,23831.17000000,23862.82000000,23755.00000000,23807.89000000,193.39390000,1659268799999,4603998.12186510,3243,111.27335000,2648972.14675480,0
1659268800000,23806.25000000,23874.14000000,23752.25000000,23819.80000000,127.55959000,1659272399999,3035065.76648120,2847,55.79487000,1327846.31931210,0
1659272400000,23822.60000000,23839.66000000,23671.31000000,23719.13000000,115.82316000,1659275999999,2750339.18136550,2901,60.52244000,1437369.55232440,0
1659276000000,23719.09000000,23841.30000000,23613.67000000,23727.86000000,147.15321000,1659279599999,3490204.75051620,4163,65.16012000,1546179.53820710,0
1659279600000,23731.18000000,23794.12000000,23654.56000000,23781.78000000,157.09697000,1659283199999,3730075.49522920,2721,66.99663000,1590338.00481460,0
1659283200000,23785.63000000,23834.80000000,23715.39000000,23774.38000000,138.54816000,1659286799999,3295079.19458360,3219,71.25511000,1694661.49247050,0
1659286800000,23774.45000000,23785.80000000,23701.66000000,23745.08000000,88.31464000,1659290399999,2096997.53397820,2551,42.63814000,1012415.09856490,0
1659290400000,23742.79000000,24199.99000000,23388.00000000,23754.51000000,770.03985000,1659293999999,18279047.96928930,12632,390.92667000,9281604.70401340,0
1659294000000,23754.92000000,23996.39000000,23710.00000000,23848.59000000,258.44964000,1659297599999,6171264.69945870,6794,130.68496000,3121170.45453610,0
1659297600000,23849.29000000,23900.44000000,23783.36000000,23805.69000000,182.03675000,1659301199999,4338350.90728770,4255,91.16531000,2172614.61515920,0
1659301200000,23807.00000000,23832.15000000,23535.70000000,23600.19000000,157.06795000,1659304799999,3724224.32174070,4337,74.16505000,1759289.41000980,0
1659304800000,23597.01000000,23597.01000000,23236.68000000,23385.44000000,483.46975000,1659308399999,11301100.65447510,10422,202.49355000,4735048.87621420,0
1659308400000,23386.58000000,23474.73000000,23293.33000000,23304.38000000,211.78621000,1659311999999,4946244.68364020,5524,108.62008000,2537130.75853000,0
