1688169600000,30467.09000000,30530.19000000,30414.06000000,30468.99000000,37.98758000,1688173199999,1158227.92906340,845,25.37650000,773729.25353880,0
1688173200000,30465.32000000,30481.65000000,30383.88000000,30435.33000000,13.21885000,1688176799999,402322.73880470,596,2.74620000,83583.98914730,0
1688176800000,30438.13000000,30522.11000000,30385.04000000,30429.00000000,9.31137000,1688180399999,283567.83589370,482,3.36794000,102574.34052580,0
1688180400000,30418.59000000,30440.18000000,30366.83000000,30392.92000000,3.92888000,1688183999999,119473.15144880,211,0.77328000,23518.36626950,0
1688184000000,30391.97000000,30413.44000000,30318.76000000,30380.44000000,13.16490000,1688187599999,399833.24212070,428,5.41308000,164384.06403120,0
1688187600000,30378.57000000,30425.46000000,30378.57000000,30425.46000000,2.21183000,1688191199999,67252.54432130,150,1.24670000,37910.09326270,0
1688191200000,30418.17000000,30461.01000000,30397.54000000,30442.75000000,5.31936000,1688194799999,161838.61689620,227,1.52458000,46380.36536900,0
1688194800000,30443.81000000,30458.12000000,30404.46000000,30458.12000000,3.62172000,1688198399999,110187.47507250,192,1.81807000,55303.67714280,0
1688198400000,30457.62000000,30462.32000000,30416.70000000,30432.05000000,1.77760000,1688201999999,54114.53660060,150,0.75154000,22880.08121920,0
1688202000000,30431.94000000,30462.79000000,30408.01000000,30462.79000000,8.62348000,1688205599999,262484.82019780,212,5.02826000,153098.59544260,0
1688205600000,30436.02000000,30490.02000000,30421.72000000,30469.24000000,5.85974000,1688209199999,178415.67812560,260,1.83318000,55816.05903030,0
1688209200000,30471.04000000,30593.04000000,30463.62000000,30531.12000000,19.68039000,1688212799999,600537.12039400,366,6.08402000,185614.14045550,0
1688212800000,30510.66000000,30627.43000000,30502.49000000,30565.32000000,6.39177000,1688216399999,195478.51802120,235,4.53213000,138599.16029100,0
1688216400000,30562.25000000,30638.52000000,30538.58000000,30562.26000000,8.16724000,1688219999999,249729.22745210,343,3.24120000,99107.74454260,0
1688220000000,30562.00000000,30612.59000000,30529.77000000,30600.92000000,9.47948000,1688223599999,289794.64799090,348,3.84152000,117488.83880150,0
1688223600000,30610.82000000,30658.15000000,30546.41000000,30564.34000000,3.79653000,1688227199999,116133.12639570,281,1.99759000,61104.04339420,0
1688227200000,30567.34000000,30587.62000000,30538.08000000,30567.60000000,5.06808000,1688230799999,154870.53921170,241,2.12433000,64923.55055500,0
1688230800000,30568.26000000,30595.21000000,30550.54000000,30568.26000000,3.29916000,1688234399999,100849.66346750,175,0.31565000,9650.84708600,0
1688234400000,30579.66000000,30612.79000000,30559.25000000,30608.02000000,3.01225000,1688237999999,92173.75941130,133,1.18368000,36219.87745270,0
1688238000000,30611.00000000,30630.26000000,30586.35000000,30609.27000000,2.78635000,1688241599999,85268.79992100,164,1.13005000,34582.15804170,0
1688241600000,30608.06000000,30614.51000000,30574.96000000,30580.94000000,1.21979000,1688245199999,37318.05557700,99,0.22088000,6759.24118320,0
1688245200000,30584.29000000,30595.09000000,30572.09000000,30580.09000000,2.52178000,1688248799999,77129.52467870,97,0.94321000,28852.27407930,0
1688248800000,30585.81000000,30601.72000000,30541.58000000,30575.06000000,4.12649000,1688252399999,126170.71562380,174,0.42078000,12869.25980290,0
1688252400000,30580.65000000,30596.70000000,30557.75000000,30582.82000000,2.15591000,1688255999999,65936.58244820,170,0.56153000,17172.62133270,0
1688256000000,30585.47000000,30648.65000000,30546.90000000,30571.86000000,5.83896000,1688259599999,178619.48204850,307,1.78601000,54642.52019760,0
1688259600000,30572.95000000,30594.30000000,30557.55000000,30566.77000000,3.58363000,1688263199999,109564.67020880,167,2.54408000,77781.76219480,0
1688263200000,30559.07000000,30609.46000000,30466.39000000,30544.11000000,5.94434000,1688266799999,181669.04257950,278,3.01345000,92085.84448920,0
1688266800000,30531.41000000,30553.33000000,30479.05000000,30510.70000000,3.70381000,1688270399999,113046.01666740,194,2.15400000,65743.94713580,0
1688270400000,30505.90000000,30540.61000000,30473.63000000,30523.57000000,4.72872000,1688273999999,144280.89787640,182,2.27277000,69343.57879040,0
1688274000000,30541.62000000,30557.55000000,30482.03000000,30482.03000000,3.87102000,1688277599999,118099.50558230,132,1.15257000,35159.73494960,0
1688277600000,30480.42000000,30514.78000000,30472.09000000,30475.18000000,2.24421000,1688281199999,68434.50373080,154,1.29829000,39593.83795180,0
1688281200000,30479.28000000,30515.60000000,30475.70000000,30506.45000000,1.03434000,1688284799999,31549.01561320,87,0.39034000,11907.75542110,0
1688284800000,30506.45000000,30548.06000000,30486.23000000,30488.06000000,1.84118000,1688288399999,56190.87582460,113,1.07832000,32910.64140200,0
1688288400000,30481.96000000,30548.58000000,30481.96000000,30522.64000000,1.16115000,1688291999999,35450.60219450,112,0.73803000,22532.92347690,0
1688292000000,30517.51000000,30555.63000000,30505.42000000,30512.81000000,6.47841000,1688295599999,197761.36591690,186,4.24929000,129716.50281880,0
1688295600000,30508.27000000,30542.52000000,30505.38000000,30542.52000000,0.74868000,1688299199999,22853.37902720,87,0.34660000,10580.96023540,0
1688299200000,30546.67000000,30572.72000000,30492.50000000,30520.62000000,4.83428000,1688302799999,147599.32624030,164,1.06560000,32546.91776800,0
1688302800000,30523.69000000,30533.48000000,30490.17000000,30515.26000000,4.65727000,1688306399999,142120.93376020,168,3.12622000,95394.01329330,0
1688306400000,30519.32000000,30642.40000000,30487.56000000,30588.91000000,22.66574000,1688309999999,692386.67778620,504,14.17920000,433191.79490660,0
1688310000000,30594.91000000,30608.51000000,30172.95000000,30507.87000000,63.76983000,1688313599999,1942250.56600850,1126,16.43800000,500112.26225730,0
1688313600000,30498.12000000,30686.99000000,30477.76000000,30565.73000000,21.94713000,1688317199999,671146.12312050,631,11.68492000,357290.91723630,0
1688317200000,30565.82000000,30583.98000000,30428.43000000,30445.46000000,9.50599000,1688320799999,290145.31689780,379,4.68609000,143064.69496190,0
1688320800000,30441.94000000,30532.38000000,30373.35000000,30521.22000000,15.86611000,1688324399999,483406.75918220,458,8.65179000,263635.65342710,0
1688324400000,30532.25000000,30565.32000000,30518.90000000,30558.67000000,11.42804000,1688327999999,348970.23973720,315,8.29285000,253221.45947410,0
1688328000000,30558.54000000,30627.84000000,30528.97000000,30588.98000000,8.89568000,1688331599999,271926.66202670,270,5.82235000,178003.56703910,0
1688331600000,30598.42000000,30614.79000000,30526.22000000,30547.20000000,20.09531000,1688335199999,614387.23820900,438,7.21453000,220602.55433980,0
1688335200000,30564.70000000,30787.88000000,30438.99000000,30647.14000000,41.68324000,1688338799999,1277379.50130230,1027,23.39632000,717032.60342750,0
1688338800000,30651.47000000,30651.47000000,30552.21000000,30614.66000000,19.45479000,1688342399999,595290.50069380,556,10.81662000,330922.60368370,0
1688342400000,30614.67000000,30698.59000000,30590.70000000,30633.44000000,20.35203000,1688345999999,623787.83519670,431,8.31913000,255077.23898650,0
1688346000000,30636.81000000,30758.33000000,30636.36000000,30662.97000000,6.77529000,1688349599999,208002.57127810,374,3.17129000,97354.29751480,0
1688349600000,30663.71000000,30780.18000000,30663.71000000,30757.47000000,14.29375000,1688353199999,439443.37046980,452,8.00858000,246164.57951790,0
1688353200000,30769.11000000,30801.71000000,30707.55000000,30756.99000000,33.06579000,1688356799999,1016889.36007730,471,10.71857000,329754.03252590,0
1688356800000,30770.22000000,30794.02000000,30664.51000000,30678.62000000,38.54572000,1688360399999,1183989.01441370,615,8.65753000,265959.83824230,0
1688360400000,30673.65000000,30700.95000000,30664.00000000,30674.00000000,2.11605000,1688363999999,64927.09499560,147,1.37187000,42092.41573380,0
1688364000000,30671.46000000,30681.47000000,30606.03000000,30644.43000000,5.74141000,1688367599999,175999.02486220,276,3.66705000,112421.89253320,0
1688367600000,30647.56000000,30759.98000000,30636.56000000,30669.03000000,11.75831000,1688371199999,360950.47032400,415,7.00096000,214941.24685890,0
1688371200000,30667.46000000,30696.75000000,30601.25000000,30644.38000000,11.09125000,1688374799999,339943.00573840,355,5.14661000,157720.82890240,0
1688374800000,30652.68000000,30668.64000000,30607.18000000,30611.97000000,4.27888000,1688378399999,131129.61379950,209,1.21419000,37202.70756090,0
1688378400000,30613.19000000,30665.19000000,30587.01000000,30645.61000000,20.52004000,1688381999999,628561.12695870,444,11.02063000,337595.28223790,0
1688382000000,30633.37000000,30673.66000000,30614.51000000,30631.04000000,30.37575000,1688385599999,930709.79505770,488,12.16919000,372786.22969820,0
1688385600000,30620.05000000,30657.57000000,30572.51000000,30646.73000000,25.91350000,1688389199999,793325.53636730,420,13.56198000,415178.27638320,0
1688389200000,30653.72000000,30695.78000000,30612.22000000,30663.64000000,13.00747000,1688392799999,398645.83212310,452,5.22765000,160179.07038530,0
1688392800000,30663.65000000,30754.99000000,30656.67000000,30740.93000000,20.84869000,1688396399999,640202.37228690,631,7.37032000,226304.02907200,0
1688396400000,30744.51000000,31170.67000000,30743.00000000,31059.92000000,58.63149000,1688399999999,1816399.19454240,1800,24.02298000,744090.26771110,0
1688400000000,31071.40000000,31134.39000000,30821.58000000,31046.80000000,36.83522000,1688403599999,1142158.76836770,988,16.85350000,522526.98487340,0
1688403600000,31042.22000000,31063.22000000,30914.90000000,31004.44000000,68.56191000,1688407199999,2127822.49043950,994,12.21790000,378881.04088540,0
1688407200000,31006.92000000,31249.11000000,31000.11000000,31215.95000000,50.78486000,1688410799999,1581298.27314890,1004,33.00511000,1027980.68180920,0
1688410800000,31205.52000000,31394.03000000,31127.20000000,31264.18000000,51.90636000,1688414399999,1623025.57079750,1294,24.42782000,763847.92730450,0
1688414400000,31256.43000000,31303.53000000,31110.23000000,31122.31000000,29.26735000,1688417999999,913248.81077850,704,15.42451000,481351.36618390,0
1688418000000,31134.11000000,31134.11000000,30901.31000000,31051.79000000,23.53106000,1688421599999,730807.34663750,602,10.48738000,325732.65320050,0
1688421600000,31052.84000000,31149.09000000,31043.69000000,31124.51000000,20.81292000,1688425199999,647272.78514630,322,12.73902000,396192.06731640,0
1688425200000,31117.59000000,31162.61000000,31087.41000000,31154.03000000,20.37569000,1688428799999,634181.90685140,370,10.95493000,340908.13364180,0
1688428800000,31165.60000000,31194.37000000,31101.13000000,31120.71000000,71.19792000,1688432399999,2217653.35297310,826,10.58743000,329772.45157080,0
1688432400000,31120.72000000,31328.54000000,31114.34000000,31292.18000000,44.72489000,1688435999999,1396751.74528680,839,24.42675000,762960.38024210,0
1688436000000,31291.93000000,31326.19000000,31205.94000000,31263.21000000,29.19875000,1688439599999,912980.29822960,478,16.72812000,523085.86564450,0
1688439600000,31257.38000000,31267.64000000,31182.69000000,31197.54000000,13.31661000,1688443199999,415780.07554790,314,7.70710000,240616.41252650,0
1688443200000,31201.90000000,31216.00000000,31008.88000000,31057.41000000,54.10780000,1688446799999,1682574.97987380,780,18.10553000,563153.53735860,0
1688446800000,31057.41000000,31092.36000000,30974.98000000,30976.41000000,17.10218000,1688450399999,530776.61301210,349,9.09675000,282318.01533860,0
1688450400000,30975.83000000,31057.06000000,30886.50000000,31004.14000000,24.11958000,1688453999999,747348.29281770,817,10.22376000,316787.44817610,0
1688454000000,31005.68000000,31039.88000000,30903.14000000,30906.66000000,8.13275000,1688457599999,251887.27018340,171,3.31097000,102535.67658550,0
1688457600000,30914.46000000,30980.03000000,30911.76000000,30944.00000000,91.62620000,1688461199999,2834944.87191070,1093,28.78706000,890624.33317120,0
1688461200000,30935.92000000,31052.11000000,30877.89000000,31027.34000000,22.92250000,1688464799999,709925.80137690,537,15.07178000,466710.56306710,0
1688464800000,31025.78000000,31058.57000000,30948.25000000,31030.81000000,24.12470000,1688468399999,748052.20783030,691,10.98796000,340641.80757410,0
1688468400000,31030.80000000,31083.35000000,31003.60000000,31071.92000000,24.80266000,1688471999999,770101.90237260,434,17.54635000,544818.79755860,0
1688472000000,31057.38000000,31095.40000000,31018.32000000,31054.12000000,19.94976000,1688475599999,619481.76951990,421,7.47601000,232087.33882030,0
1688475600000,31052.12000000,31061.22000000,30982.67000000,31008.31000000,18.02123000,1688479199999,559190.94712290,391,8.78080000,272493.60022010,0
1688479200000,31006.39000000,31052.63000000,30957.02000000,30980.24000000,11.67834000,1688482799999,362205.04839600,283,4.64451000,144055.66301570,0
1688482800000,30975.20000000,31019.09000000,30885.44000000,30972.18000000,24.73512000,1688486399999,765651.34926450,416,14.71038000,455359.66011740,0
1688486400000,30971.29000000,31148.88000000,30821.23000000,30959.16000000,50.62678000,1688489999999,1569217.63112770,856,24.63022000,763564.67640090,0
1688490000000,30956.94000000,30998.02000000,30871.44000000,30911.49000000,22.45575000,1688493599999,694643.47606850,415,11.77903000,364273.98047790,0
1688493600000,30906.98000000,30941.07000000,30847.73000000,30897.13000000,16.76628000,1688497199999,518124.48369620,280,12.62877000,390305.02506200,0
1688497200000,30909.43000000,30918.08000000,30632.06000000,30708.03000000,28.66429000,1688500799999,881273.57636680,774,12.34327000,379374.19552580,0
1688500800000,30703.97000000,30818.65000000,30679.25000000,30808.41000000,21.66190000,1688504399999,666420.11797800,376,12.58242000,387172.76459310,0
1688504400000,30805.40000000,30831.61000000,30761.54000000,30805.36000000,11.28910000,1688507999999,347744.27715890,195,2.28957000,70517.86561360,0
1688508000000,30803.84000000,30829.24000000,30773.00000000,30829.24000000,7.29148000,1688511599999,224544.74493220,230,4.42762000,136359.35102320,0
1688511600000,30824.19000000,30855.56000000,30771.01000000,30771.34000000,9.29869000,1688515199999,286611.72747440,302,6.14216000,189329.47842630,0
1688515200000,30772.13000000,30845.98000000,30761.19000000,30766.29000000,38.33705000,1688518799999,1181147.09234130,532,21.06711000,649129.93200120,0
1688518800000,30766.60000000,30848.74000000,30766.60000000,30800.47000000,5.17467000,1688522399999,159414.03118290,158,2.45976000,75757.48905920,0
1688522400000,30800.48000000,30871.04000000,30789.19000000,30845.75000000,26.19008000,1688525999999,807412.35618890,260,8.95154000,276053.52707250,0
1688526000000,30848.94000000,30887.06000000,30828.09000000,30870.94000000,8.34278000,1688529599999,257433.85788250,155,5.73763000,177045.10267780,0
1688529600000,30873.47000000,30873.47000000,30822.27000000,30840.63000000,6.42869000,1688533199999,198318.14681240,182,1.72236000,53114.88378960,0
1688533200000,30840.06000000,30880.38000000,30802.84000000,30815.34000000,10.55691000,1688536799999,325674.70125650,217,4.87215000,150320.47684290,0
1688536800000,30819.65000000,30840.41000000,30766.92000000,30814.91000000,7.18358000,1688540399999,221294.06635950,253,3.81878000,117654.82140530,0
1688540400000,30819.40000000,30821.91000000,30763.81000000,30771.62000000,4.99244000,1688543999999,153722.02008380,202,2.96554000,91290.24828180,0
1688544000000,30775.04000000,30797.52000000,30660.35000000,30760.06000000,49.66786000,1688547599999,1527895.56065670,723,21.27566000,654421.61921150,0
1688547600000,30760.05000000,30777.54000000,30688.07000000,30688.07000000,22.25557000,1688551199999,684463.88117320,401,7.13592000,219369.09147930,0
1688551200000,30678.64000000,30718.12000000,30397.30000000,30442.18000000,38.72207000,1688554799999,1183647.40447010,991,14.86169000,454556.25918230,0
1688554800000,30418.23000000,30487.13000000,30358.80000000,30418.89000000,18.51677000,1688558399999,563710.78230290,544,12.03900000,366540.58482130,0
1688558400000,30403.27000000,30438.19000000,30283.01000000,30291.57000000,25.06300000,1688561999999,761338.79925090,754,13.16080000,399867.37670930,0
1688562000000,30322.10000000,30376.73000000,30200.00000000,30358.65000000,55.83458000,1688565599999,1690907.76880920,1172,36.55787000,1106974.37171420,0
1688565600000,30357.16000000,30444.85000000,30332.40000000,30417.84000000,17.21966000,1688569199999,523448.35006950,450,9.62599000,292605.66050990,0
1688569200000,30421.70000000,30421.70000000,30239.80000000,30353.50000000,25.51219000,1688572799999,773597.52974770,563,14.76842000,447745.16810750,0
1688572800000,30356.05000000,30478.89000000,30337.83000000,30464.11000000,15.97743000,1688576399999,486124.31353360,381,5.19185000,157947.18606280,0
1688576400000,30464.12000000,30582.17000000,30448.33000000,30527.99000000,20.16310000,1688579999999,615202.16125310,469,8.37792000,255590.22552220,0
1688580000000,30528.00000000,30595.58000000,30441.89000000,30505.63000000,17.78457000,1688583599999,542494.55973700,436,6.45125000,196736.39729110,0
1688583600000,30497.73000000,30541.74000000,30435.40000000,30435.40000000,15.20756000,1688587199999,463998.41535530,331,6.22906000,189993.10470980,0
1688587200000,30433.20000000,30502.13000000,30392.43000000,30463.57000000,28.83508000,1688590799999,878383.42025280,347,11.42773000,348110.31896610,0
1688590800000,30473.26000000,30504.66000000,30426.49000000,30471.72000000,8.91806000,1688594399999,271709.38037410,257,5.26836000,160545.93534810,0
1688594400000,30473.18000000,30513.01000000,30393.10000000,30443.79000000,12.99308000,1688597999999,395782.25970970,342,5.74518000,174945.86482460,0
1688598000000,30443.79000000,30544.16000000,30392.27000000,30512.19000000,11.65424000,1688601599999,355200.31587000,298,5.22448000,159243.97185420,0
1688601600000,30501.24000000,30536.04000000,30390.65000000,30418.43000000,54.49441000,1688605199999,1659505.90526030,2098,35.96189000,1095320.66332090,0
1688605200000,30418.44000000,30480.62000000,30331.65000000,30474.11000000,47.19784000,1688608799999,1436128.12338490,604,29.51269000,898484.35183500,0
1688608800000,30478.68000000,30566.68000000,30466.19000000,30474.70000000,10.94005000,1688612399999,333761.94496270,337,7.31541000,223151.94376780,0
1688612400000,30482.33000000,30532.94000000,30466.29000000,30497.63000000,42.21207000,1688615999999,1287629.77020880,652,38.83574000,1184641.11913000,0
1688616000000,30504.26000000,30541.75000000,30452.45000000,30460.41000000,8.37653000,1688619599999,255464.75646690,207,3.38069000,103124.78359300,0
1688619600000,30467.23000000,30642.69000000,30440.87000000,30597.48000000,15.74429000,1688623199999,481043.14227420,376,9.25081000,282813.10273210,0
1688623200000,30583.56000000,30735.25000000,30561.72000000,30700.85000000,26.18101000,1688626799999,802751.82968770,521,14.99406000,459569.18700350,0
1688626800000,30716.36000000,30855.00000000,30695.47000000,30802.06000000,53.18316000,1688630399999,1638076.33834370,754,26.24598000,808830.73984740,0
1688630400000,30802.06000000,31367.80000000,30791.71000000,31328.16000000,82.51805000,1688633999999,2571283.04427050,1706,48.94374000,1524386.59864600,0
1688634000000,31338.63000000,31544.21000000,31033.87000000,31064.70000000,171.68881000,1688637599999,5383421.53082120,3307,84.38467000,2644658.44193930,0
1688637600000,31072.63000000,31279.76000000,31062.61000000,31232.08000000,26.07427000,1688641199999,812313.75727020,685,13.19318000,410905.77975270,0
1688641200000,31243.57000000,31268.00000000,30706.13000000,30846.34000000,83.26845000,1688644799999,2583251.93474710,1406,24.91171000,772478.27825900,0
1688644800000,30849.55000000,30892.58000000,30506.09000000,30605.47000000,70.49556000,1688648399999,2165541.64097370,1715,19.50173000,598815.90033690,0
1688648400000,30597.39000000,30663.11000000,30317.94000000,30368.16000000,46.08064000,1688651999999,1405811.79712570,1268,18.36889000,559941.06565280,0
1688652000000,30374.75000000,30438.61000000,29893.06000000,30215.92000000,191.44584000,1688655599999,5768665.42058550,3113,97.12269000,2926150.78186840,0
1688655600000,30210.70000000,30489.80000000,30080.02000000,30415.51000000,88.34754000,1688659199999,2677422.44624580,1443,45.12685000,1367842.64429800,0
1688659200000,30397.39000000,30470.92000000,30165.20000000,30319.07000000,62.18600000,1688662799999,1887790.26863290,1249,26.37362000,800145.26099960,0
1688662800000,30315.16000000,30348.33000000,30207.27000000,30289.75000000,27.59662000,1688666399999,835534.09534850,491,12.37536000,374761.31539950,0
1688666400000,30301.96000000,30392.25000000,30211.60000000,30376.50000000,25.14051000,1688669999999,762025.59800750,765,17.93987000,543882.86040930,0
1688670000000,30375.24000000,30375.24000000,30258.85000000,30317.42000000,20.40945000,1688673599999,618503.00609930,697,9.36888000,283889.26733820,0
1688673600000,30298.01000000,30342.94000000,30249.74000000,30314.09000000,12.77396000,1688677199999,386986.42617940,332,8.22626000,249200.69960270,0
1688677200000,30316.27000000,30346.43000000,30178.80000000,30223.21000000,29.96556000,1688680799999,906401.82717320,640,14.08192000,425928.57699680,0
1688680800000,30226.08000000,30266.64000000,30103.97000000,30166.27000000,20.34638000,1688684399999,613981.12550430,390,14.50825000,437779.86955770,0
1688684400000,30166.26000000,30166.26000000,29858.14000000,29906.41000000,79.17338000,1688687999999,2374793.90667960,1808,19.23300000,576873.00177410,0
1688688000000,29904.40000000,30106.60000000,29718.06000000,30060.60000000,64.14384000,1688691599999,1918351.73071130,1573,23.30011000,697050.78881780,0
1688691600000,30060.59000000,30119.65000000,29970.41000000,30092.57000000,16.34955000,1688695199999,491486.92400040,485,7.08897000,213053.57883140,0
1688695200000,30097.31000000,30148.70000000,30060.36000000,30102.66000000,22.87022000,1688698799999,688350.79673120,353,9.81404000,295357.30187500,0
1688698800000,30109.59000000,30170.23000000,30068.32000000,30139.73000000,17.65206000,1688702399999,531684.95631430,304,5.28902000,159300.27884390,0
1688702400000,30134.80000000,30176.83000000,30081.86000000,30095.46000000,11.48338000,1688705999999,345920.87230250,270,3.39687000,102303.77920810,0
1688706000000,30092.85000000,30304.39000000,30051.84000000,30216.81000000,38.66663000,1688709599999,1167923.51971040,701,27.09542000,818607.18531800,0
1688709600000,30213.66000000,30245.82000000,30090.81000000,30122.18000000,25.00943000,1688713199999,754198.39351610,535,4.60383000,138868.59775760,0
1688713200000,30123.98000000,30141.13000000,29920.40000000,30010.02000000,37.93917000,1688716799999,1140071.31043800,950,16.89921000,507635.54919020,0
1688716800000,30003.40000000,30105.78000000,29970.25000000,30062.12000000,62.45836000,1688720399999,1876266.45141080,664,33.42013000,1003920.93581400,0
1688720400000,30057.91000000,30188.54000000,30055.93000000,30139.37000000,36.29760000,1688723999999,1092923.44542320,509,24.66121000,742588.12280400,0
1688724000000,30137.83000000,30172.30000000,30088.47000000,30170.78000000,23.80025000,1688727599999,717189.20588680,344,9.25252000,278754.28910400,0
1688727600000,30170.78000000,30204.56000000,30105.20000000,30123.01000000,40.48568000,1688731199999,1220940.17707720,452,9.63758000,290560.96245790,0
1688731200000,30128.77000000,30341.67000000,30051.84000000,30208.62000000,110.36491000,1688734799999,3332828.05738330,1465,57.70399000,1742340.81807970,0
1688734800000,30207.86000000,30390.57000000,30132.27000000,30386.26000000,44.54819000,1688738399999,1348721.19504390,699,26.83663000,812589.79326070,0
1688738400000,30391.35000000,30444.92000000,30265.28000000,30418.00000000,67.81090000,1688741999999,2058400.33575140,1181,24.02617000,729300.55632080,0
1688742000000,30418.99000000,30431.11000000,30318.78000000,30417.88000000,33.60714000,1688745599999,1020467.63269250,416,21.52360000,653366.15101060,0
1688745600000,30394.70000000,30451.15000000,30321.57000000,30357.27000000,26.21545000,1688749199999,796427.14476660,409,9.31840000,283103.14530280,0
1688749200000,30358.26000000,30366.68000000,30191.19000000,30247.09000000,23.63464000,1688752799999,715425.80880330,480,11.09864000,336034.82117840,0
1688752800000,30232.12000000,30256.93000000,30124.14000000,30168.27000000,20.11877000,1688756399999,607538.17009160,461,13.91715000,420220.40469310,0
1688756400000,30168.26000000,30251.44000000,30132.93000000,30248.04000000,23.23857000,1688759999999,701780.82445880,380,9.19585000,277681.77483510,0
1688760000000,30247.35000000,30302.19000000,30219.42000000,30272.26000000,10.03809000,1688763599999,303757.77187700,344,3.94047000,119242.49941310,0
1688763600000,30266.14000000,30346.64000000,30266.14000000,30295.06000000,8.44183000,1688767199999,255883.69326100,245,4.17481000,126510.42033600,0
1688767200000,30295.06000000,30345.39000000,30292.96000000,30306.73000000,8.54147000,1688770799999,258932.45528760,223,3.53863000,107271.56121420,0
1688770800000,30310.46000000,30348.04000000,30293.12000000,30346.95000000,8.64217000,1688774399999,262012.57003310,194,2.69947000,81840.92127950,0
1688774400000,30346.95000000,30347.50000000,30281.59000000,30294.09000000,13.98625000,1688777999999,423967.52462850,224,4.46877000,135460.00524590,0
1688778000000,30286.05000000,30307.61000000,30260.94000000,30305.10000000,9.36300000,1688781599999,283566.59193750,202,5.71226000,173004.20838210,0
1688781600000,30310.60000000,30388.76000000,30282.18000000,30359.96000000,31.54873000,1688785199999,956717.62718240,401,24.31585000,737354.55633490,0
1688785200000,30342.66000000,30352.75000000,30278.08000000,30280.11000000,8.46055000,1688788799999,256552.45390010,192,2.60425000,78964.16221660,0
1688788800000,30280.11000000,30288.83000000,30229.48000000,30233.54000000,27.09270000,1688792399999,819548.02327180,478,4.37272000,132299.18828690,0
1688792400000,30241.22000000,30243.70000000,30188.77000000,30243.70000000,12.19671000,1688795999999,368503.43062590,236,3.30421000,99839.82189500,0
1688796000000,30238.70000000,30258.36000000,30145.45000000,30180.12000000,8.64477000,1688799599999,261093.66909250,203,3.45768000,104454.38189930,0
1688799600000,30180.00000000,30221.54000000,30174.09000000,30197.23000000,8.30082000,1688803199999,250683.72844340,195,1.10888000,33495.48722900,0
1688803200000,30197.13000000,30325.80000000,30193.52000000,30279.92000000,25.74553000,1688806799999,779264.42486700,382,18.35584000,555588.68791250,0
1688806800000,30282.10000000,30284.91000000,30231.00000000,30252.31000000,6.22909000,1688810399999,188517.00921840,165,4.02492000,121807.31959540,0
1688810400000,30252.31000000,30255.39000000,30224.50000000,30224.50000000,3.28850000,1688813999999,99452.45993570,89,0.80595000,24376.52520130,0
1688814000000,30228.60000000,30232.38000000,30157.63000000,30203.88000000,15.64053000,1688817599999,472245.65191530,310,3.63455000,109720.17642080,0
1688817600000,30205.93000000,30215.69000000,30151.68000000,30169.93000000,8.17443000,1688821199999,246766.07482920,214,2.14676000,64808.53367370,0
1688821200000,30186.08000000,30241.71000000,30184.80000000,30217.01000000,7.32827000,1688824799999,221486.27416440,142,2.28349000,69005.05030870,0
1688824800000,30212.66000000,30231.80000000,30185.92000000,30216.49000000,7.39699000,1688828399999,223492.98162890,154,3.69643000,111694.03660170,0
1688828400000,30210.88000000,30227.46000000,30184.36000000,30210.21000000,2.59592000,1688831999999,78415.38964090,79,1.01120000,30548.08624210,0
1688832000000,30217.52000000,30322.38000000,30210.51000000,30257.38000000,19.83760000,1688835599999,600220.95587910,352,14.27762000,432001.30410610,0
1688835600000,30256.31000000,30281.05000000,30247.03000000,30258.11000000,11.92536000,1688839199999,360853.94009300,196,3.49260000,105692.88351680,0
1688839200000,30255.05000000,30255.05000000,30194.24000000,30205.69000000,4.82596000,1688842799999,145840.32368260,104,3.58565000,108359.77872730,0
1688842800000,30202.77000000,30202.77000000,30050.68000000,30121.05000000,16.19882000,1688846399999,487704.47143030,343,6.30170000,189776.08222810,0
1688846400000,30114.14000000,30168.42000000,30059.71000000,30156.73000000,9.52436000,1688849999999,286785.63642540,235,5.42291000,163281.24018380,0
1688850000000,30161.73000000,30200.83000000,30146.61000000,30186.79000000,4.02488000,1688853599999,121462.61320100,104,1.16255000,35088.40089940,0
1688853600000,30186.82000000,30227.26000000,30169.20000000,30227.10000000,3.93096000,1688857199999,118679.92797110,97,1.92743000,58205.26226210,0
1688857200000,30227.85000000,30298.17000000,30218.84000000,30293.00000000,16.87753000,1688860799999,510763.83499840,260,9.67507000,292821.44949970,0
1688860800000,30291.00000000,30355.38000000,30254.40000000,30343.61000000,15.95248000,1688864399999,483557.35515410,344,7.90997000,239765.39939790,0
1688864400000,30352.81000000,30408.30000000,30300.01000000,30335.84000000,21.47044000,1688867999999,651972.50959570,362,8.13891000,247197.63196240,0
1688868000000,30335.80000000,30369.92000000,30264.59000000,30300.26000000,9.26155000,1688871599999,280837.22320640,187,3.70784000,112436.66878590,0
1688871600000,30310.49000000,30324.29000000,30268.43000000,30288.70000000,9.13586000,1688875199999,276807.38748470,156,3.46393000,104982.74026180,0
1688875200000,30291.98000000,30304.75000000,30275.78000000,30290.91000000,2.34994000,1688878799999,71174.12327550,74,0.55073000,16680.71476310,0
1688878800000,30282.05000000,30306.14000000,30260.61000000,30270.37000000,5.32052000,1688882399999,161145.29616260,118,2.82815000,85662.54380250,0
1688882400000,30265.81000000,30274.34000000,30242.99000000,30272.50000000,5.56069000,1688885999999,168247.28621700,123,2.89529000,87602.87443110,0
1688886000000,30255.01000000,30290.42000000,30240.01000000,30268.89000000,3.22824000,1688889599999,97718.53968860,92,2.85470000,86412.38023740,0
1688889600000,30270.36000000,30317.10000000,30270.36000000,30309.01000000,5.96260000,1688893199999,180655.53110620,124,2.92377000,88587.15913240,0
1688893200000,30310.02000000,30310.02000000,30246.19000000,30282.12000000,3.12898000,1688896799999,94740.58754290,96,0.92999000,28150.84026950,0
1688896800000,30282.36000000,30316.58000000,30262.04000000,30274.28000000,13.48467000,1688900399999,408297.87024550,185,7.00732000,212186.79984940,0
1688900400000,30268.04000000,30295.86000000,30249.71000000,30272.79000000,3.77738000,1688903999999,114364.75159490,112,1.64469000,49795.23144460,0
1688904000000,30274.28000000,30351.25000000,30257.47000000,30333.83000000,10.33603000,1688907599999,313169.19033910,190,6.48847000,196552.24129170,0
1688907600000,30337.37000000,30356.41000000,30259.94000000,30271.56000000,8.10946000,1688911199999,245780.11879180,202,4.93808000,149708.58510440,0
1688911200000,30267.27000000,30448.70000000,30194.10000000,30339.19000000,40.16073000,1688914799999,1217566.44144630,864,22.46570000,681642.62014430,0
1688914800000,30343.07000000,30392.99000000,30287.58000000,30354.28000000,14.72208000,1688918399999,446709.79875750,365,8.84001000,268270.84541900,0
1688918400000,30351.63000000,30351.63000000,30287.29000000,30290.08000000,7.26175000,1688921999999,220128.86133010,169,3.71818000,112702.32399110,0
1688922000000,30286.39000000,30298.90000000,30260.21000000,30296.33000000,18.49020000,1688925599999,559866.09254920,246,3.22614000,97679.15476430,0
1688925600000,30294.03000000,30308.39000000,30263.92000000,30275.67000000,5.54671000,1688929199999,167942.92706460,102,1.97800000,59896.28389830,0
1688929200000,30260.59000000,30267.95000000,30212.01000000,30248.00000000,7.51324000,1688932799999,227226.32063780,163,2.54823000,77061.57694320,0
1688932800000,30247.16000000,30257.69000000,30110.56000000,30194.01000000,9.87831000,1688936399999,298266.88485710,272,2.40713000,72658.69721220,0
1688936400000,30199.12000000,30221.55000000,30144.42000000,30156.71000000,16.98020000,1688939999999,512592.57935630,292,9.42739000,284582.99597400,0
1688940000000,30158.63000000,30202.67000000,30060.87000000,30182.28000000,18.52492000,1688943599999,557975.47631980,404,8.28265000,249539.72396740,0
1688943600000,30180.77000000,30193.32000000,30137.12000000,30169.70000000,9.28625000,1688947199999,280134.22071210,269,2.56170000,77275.69485700,0
1688947200000,30169.71000000,30231.90000000,29960.22000000,30098.87000000,62.30693000,1688950799999,1874912.00283670,1197,33.79295000,1017319.13551380,0
1688950800000,30094.00000000,30144.11000000,30038.62000000,30052.41000000,14.76183000,1688954399999,444068.24189320,346,8.91432000,268188.69006590,0
1688954400000,30055.12000000,30234.23000000,30055.12000000,30200.67000000,36.52533000,1688957999999,1099882.67164640,457,21.69500000,653382.65964770,0
1688958000000,30208.03000000,30248.66000000,30158.86000000,30160.16000000,12.14522000,1688961599999,366828.22726930,220,5.46064000,164943.37898050,0
1688961600000,30162.02000000,30164.50000000,30122.65000000,30126.07000000,7.60353000,1688965199999,229183.84577940,150,5.17203000,155885.64448270,0
1688965200000,30122.47000000,30148.61000000,30088.89000000,30091.90000000,26.10888000,1688968799999,786330.66749690,317,23.93903000,720979.78636180,0
1688968800000,30085.65000000,30127.89000000,30055.33000000,30091.59000000,9.44257000,1688972399999,284175.10333860,211,4.46825000,134490.48090750,0
1688972400000,30091.98000000,30142.76000000,30088.22000000,30108.62000000,14.20893000,1688975999999,427971.25458060,248,5.43347000,163634.24340790,0
1688976000000,30115.02000000,30115.02000000,29991.50000000,30098.15000000,18.78860000,1688979599999,564871.49060180,338,7.63532000,229600.90743170,0
1688979600000,30099.45000000,30199.04000000,30038.42000000,30142.38000000,27.21947000,1688983199999,819620.66355040,441,15.94992000,480243.98307420,0
1688983200000,30146.93000000,30233.42000000,30146.93000000,30185.74000000,28.77065000,1688986799999,868335.83401570,338,19.68906000,594235.84218450,0
1688986800000,30191.20000000,30244.72000000,30177.94000000,30236.85000000,10.91657000,1688990399999,329742.92327250,193,5.66675000,171163.34769470,0
1688990400000,30240.23000000,30286.23000000,30145.19000000,30159.10000000,25.67986000,1688993999999,776249.56023290,448,11.79367000,356393.18389330,0
1688994000000,30161.48000000,30335.90000000,30157.00000000,30214.90000000,71.04996000,1688997599999,2147215.86937670,929,43.15440000,1303347.44636170,0
1688997600000,30204.02000000,30359.67000000,30200.73000000,30308.03000000,73.81221000,1689001199999,2234144.61615970,847,36.17230000,1094882.29448750,0
1689001200000,30310.10000000,30323.85000000,30238.00000000,30316.17000000,77.19620000,1689004799999,2337221.32427920,665,55.10020000,1667861.02132590,0
1689004800000,30318.34000000,30384.33000000,30240.60000000,30355.05000000,43.40879000,1689008399999,1315223.78727920,660,9.44533000,286225.66938710,0
1689008400000,30353.03000000,30364.57000000,30266.54000000,30278.48000000,12.23176000,1689011999999,370817.06000460,224,3.83405000,116194.09685360,0
1689012000000,30283.02000000,30552.91000000,30265.19000000,30521.10000000,35.59938000,1689015599999,1083348.38924670,726,14.32269000,435774.94897910,0
1689015600000,30535.29000000,30846.13000000,30502.24000000,30835.43000000,93.72311000,1689019199999,2874054.86198100,1325,47.23723000,1448287.67988920,0
1689019200000,30838.19000000,31045.18000000,30766.69000000,30784.58000000,111.16909000,1689022799999,3435987.65567400,1969,68.63927000,2121167.74183480,0
1689022800000,30767.51000000,30797.80000000,30200.00000000,30302.92000000,93.52403000,1689026399999,2861303.78197690,1217,25.20220000,770668.49028140,0
1689026400000,30285.77000000,30392.92000000,30186.77000000,30346.41000000,80.21518000,1689029999999,2428375.44458990,1564,19.28955000,584197.03171650,0
1689030000000,30357.39000000,30423.67000000,30340.77000000,30417.84000000,37.97811000,1689033599999,1153979.46046350,577,17.53095000,532589.75260240,0
1689033600000,30418.41000000,30513.11000000,30368.65000000,30427.20000000,51.02896000,1689037199999,1553072.27205690,756,22.16336000,674555.28096810,0
1689037200000,30422.28000000,30600.10000000,30405.19000000,30592.97000000,85.51459000,1689040799999,2611253.16923360,754,50.66903000,1547702.57013370,0
1689040800000,30586.19000000,30605.75000000,30459.62000000,30478.07000000,27.10951000,1689044399999,827759.00254730,339,11.24526000,343474.98480310,0
1689044400000,30486.10000000,30499.63000000,30399.76000000,30489.92000000,10.80881000,1689047999999,329156.92734320,192,2.55752000,77878.05132160,0
1689048000000,30476.89000000,30501.81000000,30439.63000000,30444.29000000,7.48260000,1689051599999,228028.44781000,204,3.52119000,107321.85848230,0
1689051600000,30444.54000000,30470.06000000,30436.47000000,30451.31000000,6.48715000,1689055199999,197559.65705770,141,4.77606000,145463.82279180,0
1689055200000,30456.55000000,30660.24000000,30451.54000000,30641.89000000,42.06590000,1689058799999,1285189.03120130,605,31.79024000,970888.22925800,0
1689058800000,30633.97000000,30653.37000000,30533.63000000,30538.27000000,26.00186000,1689062399999,795467.96178290,430,10.66473000,326302.61715960,0
1689062400000,30537.66000000,30568.62000000,30493.36000000,30496.55000000,22.84994000,1689065999999,697509.79876220,292,12.96259000,395744.90285680,0
1689066000000,30490.67000000,30509.58000000,30336.30000000,30451.31000000,46.30111000,1689069599999,1408730.08753590,717,19.07548000,580692.73274140,0
1689069600000,30440.27000000,30449.39000000,30373.52000000,30398.59000000,7.71096000,1689073199999,234480.77397120,166,2.56734000,78076.16274990,0
1689073200000,30398.59000000,30457.87000000,30393.33000000,30409.67000000,12.28038000,1689076799999,373604.90607710,228,8.07157000,245531.87531890,0
1689076800000,30406.71000000,30440.99000000,30379.89000000,30422.05000000,16.38961000,1689080399999,498362.56620610,280,10.27703000,312548.43710750,0
1689080400000,30433.51000000,30496.16000000,30307.28000000,30452.71000000,55.85004000,1689083999999,1696780.97038240,714,22.17195000,674292.42469030,0
1689084000000,30438.35000000,30600.87000000,30383.06000000,30530.57000000,77.95363000,1689087599999,2378959.92063260,1249,37.83430000,1155047.08499800,0
1689087600000,30537.42000000,30813.67000000,30483.91000000,30590.79000000,136.21516000,1689091199999,4175019.26851500,1937,80.43258000,2467995.47757210,0
1689091200000,30603.25000000,30696.48000000,30507.88000000,30654.19000000,67.40751000,1689094799999,2061759.63599540,939,20.13456000,615835.65510990,0
1689094800000,30650.07000000,30670.10000000,30550.86000000,30574.87000000,24.53913000,1689098399999,751313.31456510,476,5.36817000,164365.70609000,0
1689098400000,30582.29000000,30582.29000000,30406.97000000,30483.26000000,27.06482000,1689101999999,825236.90546790,505,11.73595000,357776.39994450,0
1689102000000,30483.26000000,30585.62000000,30463.29000000,30585.62000000,13.50101000,1689105599999,412455.19371220,320,5.94740000,181711.53075080,0
1689105600000,30592.37000000,30633.44000000,30554.71000000,30571.05000000,22.26910000,1689109199999,681217.32420850,343,11.43336000,349680.17796300,0
1689109200000,30575.15000000,30587.55000000,30512.75000000,30570.59000000,26.27248000,1689112799999,802699.20917200,338,21.12088000,645361.57845150,0
1689112800000,30570.64000000,30605.16000000,30506.03000000,30586.03000000,35.54328000,1689116399999,1085989.06333270,458,22.32703000,682328.43714940,0
1689116400000,30588.43000000,30651.28000000,30585.98000000,30625.48000000,27.07256000,1689119999999,828792.62447330,418,17.90682000,548196.14159230,0
1689120000000,30623.48000000,30634.15000000,30505.80000000,30510.26000000,37.03311000,1689123599999,1131913.87140320,426,22.35009000,683038.66033000,0
1689123600000,30529.13000000,30576.39000000,30503.55000000,30537.43000000,18.26499000,1689127199999,557889.37123920,300,7.47157000,228130.04580600,0
1689127200000,30539.89000000,30671.21000000,30539.56000000,30607.05000000,18.53805000,1689130799999,567450.95076850,289,11.71801000,358685.17924850,0
1689130800000,30612.01000000,30632.56000000,30579.52000000,30596.04000000,8.29900000,1689134399999,253957.84621900,103,3.94572000,120715.57784990,0
1689134400000,30592.44000000,30634.45000000,30571.86000000,30634.45000000,14.24760000,1689137999999,436085.59898740,192,8.10918000,248191.34478360,0
1689138000000,30640.32000000,30700.72000000,30615.11000000,30654.26000000,20.90262000,1689141599999,640711.58678990,318,11.84049000,362921.07607330,0
1689141600000,30654.32000000,30787.23000000,30622.16000000,30719.38000000,45.56643000,1689145199999,1399732.83884940,584,23.30604000,715841.69909010,0
1689145200000,30727.19000000,30836.90000000,30712.38000000,30742.35000000,78.62778000,1689148799999,2421412.69961650,794,55.34304000,1704556.08239780,0
1689148800000,30744.51000000,30760.01000000,30670.20000000,30735.94000000,9.17279000,1689152399999,281714.54518820,211,3.01550000,92624.77412960,0
1689152400000,30736.58000000,30757.42000000,30687.26000000,30726.97000000,12.59055000,1689155999999,386850.61933600,323,6.54154000,200965.87473370,0
1689156000000,30726.40000000,30726.40000000,30661.74000000,30684.83000000,10.30447000,1689159599999,316282.38587500,366,7.23523000,222068.07480330,0
1689159600000,30678.20000000,30796.01000000,30662.41000000,30779.34000000,21.72957000,1689163199999,668432.99297860,527,18.29758000,562916.19445750,0
1689163200000,30776.53000000,30963.88000000,30639.41000000,30722.82000000,173.61549000,1689166799999,5347339.54868980,2381,42.19364000,1300013.84247580,0
1689166800000,30721.22000000,30863.00000000,30468.77000000,30663.46000000,105.77148000,1689170399999,3243283.77317920,1917,39.85322000,1221474.85606000,0
1689170400000,30662.00000000,30828.04000000,30652.76000000,30737.02000000,31.46327000,1689173999999,968303.99095810,717,14.93031000,459328.31042840,0
1689174000000,30744.10000000,30807.66000000,30474.68000000,30521.65000000,74.01861000,1689177599999,2264394.32570640,1320,33.94103000,1037631.45785900,0
1689177600000,30516.12000000,30538.23000000,30430.00000000,30484.04000000,36.46462000,1689181199999,1111554.16117740,938,23.43267000,714305.14417320,0
1689181200000,30483.68000000,30520.99000000,30422.55000000,30449.75000000,15.00171000,1689184799999,457048.82541060,294,7.50221000,228535.36249750,0
1689184800000,30443.34000000,30537.57000000,30426.80000000,30516.64000000,12.05870000,1689188399999,367866.12565250,274,5.28414000,161195.49686860,0
1689188400000,30517.77000000,30517.77000000,30211.93000000,30281.64000000,52.40530000,1689191999999,1589129.11722150,961,23.38243000,708904.56806580,0
1689192000000,30284.55000000,30346.49000000,30237.63000000,30346.49000000,50.01636000,1689195599999,1515418.66642700,507,24.23916000,734747.47173550,0
1689195600000,30347.49000000,30371.38000000,30315.79000000,30352.41000000,12.31768000,1689199199999,373795.74815630,240,6.25803000,189910.12819390,0
1689199200000,30352.40000000,30369.40000000,30328.90000000,30367.69000000,8.03099000,1689202799999,243807.09975570,153,2.91111000,88381.23293450,0
1689202800000,30364.53000000,30417.76000000,30356.73000000,30380.09000000,9.06643000,1689206399999,275455.71144710,214,6.15369000,186952.94756820,0
1689206400000,30380.10000000,30428.77000000,30342.14000000,30361.51000000,10.31427000,1689209999999,313403.94409120,165,4.68526000,142374.84163530,0
1689210000000,30346.57000000,30395.43000000,30295.77000000,30384.31000000,8.51625000,1689213599999,258346.95437480,189,4.63932000,140727.72461610,0
1689213600000,30365.26000000,30381.56000000,30319.56000000,30334.87000000,5.78215000,1689217199999,175444.05137430,128,2.03829000,61849.68465290,0
1689217200000,30324.82000000,30345.03000000,30288.00000000,30297.89000000,41.12710000,1689220799999,1245892.01260770,505,8.05836000,244233.18135260,0
1689220800000,30297.89000000,30317.86000000,30251.40000000,30291.96000000,14.51074000,1689224399999,439540.23649940,247,12.20991000,369855.91742860,0
1689224400000,30295.46000000,30316.32000000,30253.68000000,30316.32000000,10.23115000,1689227999999,309908.21889570,155,8.48272000,256946.97704970,0
1689228000000,30320.20000000,30390.00000000,30298.91000000,30380.19000000,10.87428000,1689231599999,330154.29975960,216,6.85046000,207935.94139920,0
1689231600000,30394.85000000,30424.43000000,30354.86000000,30363.23000000,15.10981000,1689235199999,459179.12352750,227,11.39156000,346204.39755890,0
1689235200000,30363.23000000,30420.28000000,30340.65000000,30408.19000000,13.24094000,1689238799999,402429.68585000,143,7.52694000,228697.46804840,0
1689238800000,30412.15000000,30604.52000000,30412.15000000,30575.39000000,31.83707000,1689242399999,971017.93765560,503,14.14848000,431207.54785090,0
1689242400000,30580.09000000,30635.00000000,30523.84000000,30576.32000000,27.40091000,1689245999999,837844.05676100,429,11.28402000,345036.53324150,0
1689246000000,30576.33000000,30598.07000000,30540.12000000,30541.32000000,12.75614000,1689249599999,389874.85275190,334,1.70897000,52240.04637860,0
1689249600000,30551.67000000,30600.93000000,30460.61000000,30520.89000000,20.09029000,1689253199999,613537.34516480,493,8.53104000,260536.38886240,0
1689253200000,30520.89000000,30689.65000000,30507.38000000,30668.18000000,12.36767000,1689256799999,378505.67634840,369,5.99874000,183628.11694230,0
1689256800000,30665.59000000,30697.41000000,30468.62000000,30575.97000000,51.74052000,1689260399999,1581656.79594080,919,14.15583000,432562.91657160,0
1689260400000,30575.97000000,31175.15000000,30554.48000000,30917.60000000,100.88150000,1689263999999,3114315.58624510,2833,52.57667000,1623535.57681610,0
1689264000000,30925.06000000,30976.71000000,30720.76000000,30833.73000000,107.23957000,1689267599999,3310622.17309130,2247,51.90120000,1602334.19341940,0
1689267600000,30832.00000000,31207.56000000,30799.04000000,31092.73000000,78.85906000,1689271199999,2444225.31267540,2217,35.34808000,1095941.06995080,0
1689271200000,31077.62000000,31556.20000000,31063.59000000,31280.82000000,151.68458000,1689274799999,4749157.59348590,3276,98.73319000,3091827.01187750,0
1689274800000,31266.36000000,31826.11000000,31259.73000000,31635.50000000,108.33360000,1689278399999,3411606.11597120,3049,68.94956000,2171966.66879490,0
1689278400000,31624.95000000,31706.55000000,31271.16000000,31383.18000000,49.23174000,1689281999999,1551650.55400960,1374,26.05399000,821149.32034630,0
1689282000000,31389.58000000,31407.29000000,31035.82000000,31279.92000000,87.87921000,1689285599999,2742090.42061140,1331,45.42728000,1417324.91538670,0
1689285600000,31266.22000000,31373.61000000,31222.82000000,31324.83000000,42.96243000,1689289199999,1345542.12266370,631,14.88152000,466058.75575480,0
1689289200000,31318.13000000,31535.98000000,31318.13000000,31467.47000000,36.91502000,1689292799999,1159591.33240830,718,21.41415000,672606.12097830,0
1689292800000,31468.36000000,31530.67000000,31382.16000000,31454.52000000,34.26676000,1689296399999,1077961.82566600,961,16.81923000,529150.94871370,0
1689296400000,31455.41000000,31505.41000000,31342.06000000,31431.00000000,31.59091000,1689299999999,992808.82391870,843,18.21201000,572493.51471630,0
1689300000000,31436.59000000,31486.41000000,31393.88000000,31471.35000000,11.95942000,1689303599999,376005.56371230,387,4.57625000,143870.98803830,0
1689303600000,31471.36000000,31641.59000000,31416.72000000,31463.16000000,20.88227000,1689307199999,658003.37822450,527,10.69196000,336940.91199820,0
1689307200000,31480.32000000,31484.04000000,31392.52000000,31405.26000000,18.29046000,1689310799999,575154.37242000,457,10.51128000,330524.39847450,0
1689310800000,31405.25000000,31411.09000000,31360.01000000,31374.13000000,9.95338000,1689314399999,312325.57135370,305,7.00172000,219687.88260360,0
1689314400000,31374.12000000,31399.44000000,31300.01000000,31303.36000000,19.00363000,1689317999999,595609.82978760,846,6.47988000,203210.13961260,0
1689318000000,31311.66000000,31352.65000000,31088.66000000,31106.85000000,44.51584000,1689321599999,1389701.80556730,904,24.76276000,772922.83683210,0
1689321600000,31097.71000000,31294.18000000,31095.67000000,31246.16000000,22.52343000,1689325199999,703031.52444690,553,8.24993000,257474.54646710,0
1689325200000,31252.13000000,31252.14000000,31149.63000000,31198.15000000,12.11528000,1689328799999,378032.41507240,309,7.74622000,241698.26269300,0
1689328800000,31198.14000000,31214.54000000,31105.36000000,31183.53000000,13.67870000,1689332399999,426210.86119960,358,7.25945000,226231.87605410,0
1689332400000,31182.58000000,31236.05000000,31148.87000000,31218.89000000,11.61641000,1689335999999,362349.90113940,321,6.94059000,216481.38188730,0
1689336000000,31220.41000000,31229.92000000,31120.00000000,31133.41000000,32.17820000,1689339599999,1003862.24020410,475,6.06540000,189153.93569100,0
1689339600000,31123.95000000,31286.51000000,31050.30000000,31264.04000000,26.40133000,1689343199999,822626.87556380,593,15.76721000,491333.48130920,0
1689343200000,31264.22000000,31368.53000000,31184.91000000,31316.93000000,19.74799000,1689346799999,617192.45922160,692,5.61811000,175605.80107180,0
1689346800000,31311.70000000,31364.66000000,31217.35000000,31249.13000000,14.53521000,1689350399999,454878.97902080,461,7.11337000,222725.53877900,0
1689350400000,31246.59000000,31284.29000000,31060.70000000,31224.36000000,22.75335000,1689353999999,709605.35132590,723,10.49485000,327351.67126850,0
1689354000000,31224.43000000,31224.43000000,30659.16000000,30696.35000000,66.69854000,1689357599999,2062415.14511760,1747,24.50707000,757356.27741200,0
1689357600000,30702.41000000,30780.54000000,30062.47000000,30105.19000000,155.91382000,1689361199999,4734309.33564860,4073,42.35936000,1285190.13507280,0
1689361200000,30106.99000000,30258.02000000,29918.01000000,30120.25000000,76.57120000,1689364799999,2306715.09054720,2217,29.80315000,897892.06969860,0
1689364800000,30131.68000000,30248.69000000,30000.01000000,30211.40000000,33.20966000,1689368399999,1000265.29280220,901,17.99273000,541802.62079330,0
1689368400000,30203.43000000,30285.90000000,30167.01000000,30260.29000000,25.12917000,1689371999999,759726.64727840,578,7.10529000,214846.62552840,0
1689372000000,30246.62000000,30271.96000000,30217.48000000,30245.84000000,11.56495000,1689375599999,349839.81265090,377,5.90656000,178674.77378520,0
1689375600000,30247.54000000,30334.15000000,30230.31000000,30328.91000000,30.87047000,1689379199999,934964.37804730,423,15.49808000,469316.25041450,0
1689379200000,30329.61000000,30345.30000000,30251.54000000,30345.30000000,21.93519000,1689382799999,664637.83393790,436,10.96061000,332063.95935800,0
1689382800000,30347.19000000,30412.74000000,30303.12000000,30352.86000000,19.92066000,1689386399999,604897.72305990,347,10.59555000,321701.42274640,0
1689386400000,30358.61000000,30370.81000000,30308.18000000,30308.18000000,11.53982000,1689389999999,350053.02785810,262,6.99262000,212146.95856320,0
1689390000000,30308.17000000,30367.90000000,30274.46000000,30308.20000000,33.08938000,1689393599999,1003083.94322280,428,21.14661000,641064.43064390,0
1689393600000,30304.95000000,30338.71000000,30304.90000000,30312.00000000,4.65237000,1689397199999,141070.46459130,105,3.15885000,95783.81042890,0
1689397200000,30304.54000000,30323.79000000,30270.64000000,30308.15000000,6.47936000,1689400799999,196288.26451540,146,3.86313000,117008.43974930,0
1689400800000,30314.74000000,30333.32000000,30279.71000000,30323.95000000,6.80190000,1689404399999,206192.55210570,138,3.52252000,106775.72041630,0
1689404400000,30319.24000000,30376.26000000,30316.39000000,30348.69000000,12.49123000,1689407999999,379023.44054140,354,7.08821000,215076.72364630,0
1689408000000,30348.23000000,30356.96000000,30291.96000000,30328.08000000,13.80294000,1689411599999,418572.76193850,287,6.04450000,183314.35834630,0
1689411600000,30327.76000000,30362.21000000,30325.35000000,30357.86000000,5.71663000,1689415199999,173462.17329020,223,4.66123000,141424.93146540,0
1689415200000,30361.59000000,30382.74000000,30314.54000000,30332.45000000,6.13193000,1689418799999,186140.80455370,230,2.91893000,88608.73533880,0
1689418800000,30338.59000000,30350.18000000,30303.15000000,30323.26000000,8.15693000,1689422399999,247311.14328450,152,3.03596000,92035.14649070,0
1689422400000,30323.26000000,30371.36000000,30323.26000000,30362.44000000,7.71133000,1689425999999,234095.09563960,183,3.81632000,115842.42446140,0
1689426000000,30360.71000000,30363.54000000,30280.06000000,30340.08000000,5.67608000,1689429599999,172152.21370470,191,2.67566000,81161.21476840,0
1689429600000,30340.08000000,30344.31000000,30291.84000000,30291.92000000,7.12278000,1689433199999,215920.56704870,187,5.31975000,161265.26982160,0
1689433200000,30294.63000000,30328.46000000,30264.82000000,30315.17000000,29.59678000,1689436799999,897159.10564440,340,23.63539000,716499.84142070,0
1689436800000,30315.14000000,30321.71000000,30268.15000000,30292.71000000,74.07527000,1689440399999,2243822.59556440,815,57.08180000,1729002.47055280,0
1689440400000,30294.47000000,30323.20000000,30273.07000000,30290.99000000,9.24319000,1689443999999,280120.20903350,158,5.69901000,172754.30230750,0
1689444000000,30290.99000000,30362.40000000,30290.99000000,30332.61000000,8.09018000,1689447599999,245421.23294940,163,2.95426000,89581.12347830,0
1689447600000,30329.82000000,30359.94000000,30329.82000000,30336.46000000,7.06157000,1689451199999,214273.74653020,177,2.59703000,78815.10010220,0
1689451200000,30336.45000000,30336.45000000,30302.60000000,30312.12000000,15.82110000,1689454799999,479630.70789580,249,5.86304000,177715.21261840,0
1689454800000,30311.50000000,30315.72000000,30289.08000000,30309.72000000,10.14956000,1689458399999,307628.35440980,138,7.28280000,220742.91370920,0
1689458400000,30308.40000000,30322.67000000,30284.55000000,30299.25000000,7.86399000,1689461999999,238324.53577410,155,3.88336000,117695.92444710,0
1689462000000,30293.93000000,30302.58000000,30279.40000000,30300.61000000,7.12534000,1689465599999,215832.99213760,165,4.05384000,122788.52206910,0
1689465600000,30297.58000000,30314.94000000,30284.06000000,30310.09000000,4.13245000,1689469199999,125227.71884370,107,1.97319000,59791.60068570,0
1689469200000,30310.09000000,30337.83000000,30269.75000000,30276.80000000,7.12442000,1689472799999,215916.70743020,175,2.12440000,64399.78594320,0
1689472800000,30275.19000000,30344.56000000,30073.19000000,30260.41000000,31.73883000,1689476399999,958575.09908740,764,15.23661000,459991.23503970,0
1689476400000,30259.97000000,30259.97000000,30188.32000000,30203.04000000,10.38214000,1689479999999,313759.18246350,236,4.95086000,149614.98045270,0
1689480000000,30194.50000000,30222.46000000,30146.42000000,30167.03000000,8.57449000,1689483599999,258773.48050590,210,4.83441000,145882.53739870,0
1689483600000,30170.25000000,30248.73000000,30170.25000000,30248.73000000,4.22250000,1689487199999,127571.09296530,140,3.13757000,94778.96100240,0
1689487200000,30244.72000000,30317.85000000,30233.52000000,30271.54000000,4.42252000,1689490799999,133869.14295100,169,2.93200000,88772.57339750,0
1689490800000,30271.00000000,30306.78000000,30261.33000000,30276.66000000,15.26688000,1689494399999,462284.73944180,296,6.06238000,183582.33121700,0
1689494400000,30271.69000000,30317.41000000,30271.69000000,30308.05000000,4.90943000,1689497999999,148729.45510320,117,2.02351000,61297.63932370,0
1689498000000,30313.48000000,30330.52000000,30296.87000000,30315.09000000,5.93744000,1689501599999,179989.87536780,129,2.18190000,66151.97469910,0
1689501600000,30317.22000000,30355.73000000,30285.66000000,30301.93000000,9.19288000,1689505199999,278738.72949830,230,4.50326000,136552.96513070,0
1689505200000,30300.73000000,30331.46000000,30292.90000000,30317.29000000,5.70491000,1689508799999,172935.17341800,152,3.25215000,98595.16431520,0
1689508800000,30318.17000000,30353.37000000,30300.02000000,30304.02000000,4.45452000,1689512399999,135055.35302870,143,1.34098000,40673.41489180,0
1689512400000,30304.03000000,30326.06000000,30285.64000000,30317.22000000,3.36194000,1689515999999,101895.71751370,187,1.74918000,53012.16518860,0
1689516000000,30317.22000000,30464.60000000,30317.22000000,30412.07000000,21.83259000,1689519599999,663734.68288210,506,10.11487000,307422.33077560,0
1689519600000,30414.97000000,30442.07000000,30381.91000000,30392.38000000,14.63060000,1689523199999,444768.38923250,214,5.40827000,164456.85438040,0
1689523200000,30392.39000000,30412.02000000,30333.12000000,30378.84000000,6.66783000,1689526799999,202531.89157600,216,2.51366000,76354.36789890,0
1689526800000,30378.75000000,30418.75000000,30377.16000000,30396.89000000,3.86812000,1689530399999,117583.30310250,124,1.77336000,53909.15917190,0
1689530400000,30399.41000000,30410.50000000,30253.66000000,30288.37000000,10.52326000,1689533999999,319319.54968980,345,4.71624000,143178.09360160,0
1689534000000,30291.44000000,30313.00000000,30215.74000000,30263.19000000,7.73905000,1689537599999,234282.25468310,222,2.38973000,72350.46088480,0
1689537600000,30250.92000000,30311.59000000,30250.92000000,30280.70000000,4.27655000,1689541199999,129520.42729300,230,1.34937000,40868.49031720,0
1689541200000,30284.87000000,30325.58000000,30284.16000000,30307.81000000,8.55471000,1689544799999,259290.19272790,239,4.72057000,143075.96928530,0
1689544800000,30307.68000000,30374.80000000,30281.33000000,30340.34000000,15.22151000,1689548399999,461793.41667760,439,12.65960000,384082.19424680,0
1689548400000,30340.34000000,30348.08000000,30148.34000000,30247.31000000,17.50768000,1689551999999,529336.26144670,576,8.96318000,271050.91327730,0
1689552000000,30238.18000000,30324.19000000,30192.44000000,30225.19000000,8.58070000,1689555599999,259602.53303800,320,3.80940000,115237.72214510,0
1689555600000,30213.09000000,30354.44000000,30208.13000000,30302.33000000,20.23610000,1689559199999,613234.01210610,358,13.63988000,413385.90876100,0
1689559200000,30299.01000000,30313.22000000,30265.03000000,30273.10000000,5.70942000,1689562799999,172975.32654730,133,3.18837000,96586.27394240,0
1689562800000,30273.10000000,30316.98000000,30270.67000000,30316.98000000,6.96524000,1689566399999,210994.27775190,134,6.15591000,186477.90310500,0
1689566400000,30319.88000000,30325.31000000,30282.89000000,30305.17000000,5.37856000,1689569999999,163027.97556660,110,3.11446000,94392.52942760,0
1689570000000,30310.89000000,30334.22000000,30276.29000000,30276.29000000,6.52629000,1689573599999,197821.47428280,153,5.22591000,158398.20940110,0
1689573600000,30274.86000000,30289.74000000,30248.13000000,30282.19000000,3.54606000,1689577199999,107338.86094600,125,2.13370000,64593.15166510,0
1689577200000,30282.19000000,30296.93000000,30251.33000000,30294.17000000,5.33435000,1689580799999,161506.62074720,188,3.07102000,92978.64524880,0
1689580800000,30293.00000000,30337.55000000,30273.35000000,30273.35000000,7.40459000,1689584399999,224328.51080470,164,1.81082000,54868.07356200,0
1689584400000,30270.15000000,30288.13000000,30155.06000000,30193.52000000,17.04241000,1689587999999,514975.63894580,388,7.21906000,218151.34866130,0
1689588000000,30188.81000000,30215.83000000,29955.77000000,30174.16000000,64.74728000,1689591599999,1948344.64252300,1068,19.26210000,579859.69873320,0
1689591600000,30170.00000000,30272.10000000,30155.42000000,30172.33000000,14.71862000,1689595199999,444669.96506130,322,7.53861000,227726.74002080,0
1689595200000,30167.66000000,30224.16000000,30041.11000000,30211.65000000,26.19697000,1689598799999,788903.08440420,691,15.70961000,473070.32485780,0
1689598800000,30210.06000000,30306.57000000,30167.80000000,30291.35000000,23.10681000,1689602399999,698527.40281020,469,16.27545000,491966.10286840,0
1689602400000,30291.16000000,30313.41000000,30237.74000000,30294.16000000,10.39886000,1689605999999,314755.14114300,270,3.91987000,118641.24323710,0
1689606000000,30280.68000000,30294.99000000,30123.71000000,30178.76000000,13.47036000,1689609599999,406776.30660940,336,5.83223000,176119.89445020,0
1689609600000,30178.77000000,30244.14000000,30084.74000000,30149.59000000,15.13164000,1689613199999,456478.86288170,477,5.95597000,179621.26688040,0
1689613200000,30145.99000000,30163.85000000,29930.00000000,30038.62000000,38.21168000,1689616799999,1148264.89799330,1092,14.01801000,421235.17416700,0
1689616800000,30033.87000000,30068.07000000,29666.71000000,29816.79000000,55.16911000,1689620399999,1647206.49390770,1429,22.16798000,662022.79115440,0
1689620400000,29807.10000000,29939.26000000,29762.45000000,29907.00000000,28.59127000,1689623999999,853775.02067880,757,11.27239000,336604.00278020,0
1689624000000,29892.09000000,29995.01000000,29892.09000000,29933.66000000,13.43410000,1689627599999,402225.37874910,317,6.95505000,208223.09741490,0
1689627600000,29932.72000000,30290.15000000,29932.72000000,30253.76000000,32.87444000,1689631199999,990901.47400570,654,22.26915000,671506.42926560,0
1689631200000,30249.63000000,30264.64000000,30109.81000000,30109.81000000,14.66295000,1689634799999,442806.95178460,365,7.88579000,238161.94515350,0
1689634800000,30113.59000000,30168.60000000,30080.48000000,30144.75000000,6.83687000,1689638399999,206023.72380950,194,4.42050000,133250.29145380,0
1689638400000,30144.73000000,30195.92000000,30116.13000000,30173.29000000,9.00315000,1689641999999,271528.60032970,221,5.84754000,176343.58306260,0
1689642000000,30178.92000000,30246.73000000,30151.66000000,30222.93000000,9.19508000,1689645599999,277667.26341710,170,4.34339000,131149.48062230,0
1689645600000,30220.46000000,30233.24000000,30112.58000000,30126.43000000,8.87333000,1689649199999,267607.83774910,145,2.18174000,65839.78352440,0
1689649200000,30118.33000000,30155.54000000,30087.17000000,30091.64000000,19.25461000,1689652799999,580077.51021360,571,2.39018000,71972.19565610,0
1689652800000,30084.25000000,30124.90000000,30050.00000000,30124.89000000,7.72046000,1689656399999,232187.53593710,133,5.77879000,173797.79789940,0
1689656400000,30123.11000000,30123.11000000,30044.93000000,30064.96000000,11.07696000,1689659999999,333155.96746070,125,3.73967000,112462.72795230,0
1689660000000,30057.68000000,30101.92000000,29929.90000000,29990.67000000,20.78408000,1689663599999,623789.17802760,448,10.21923000,306755.33912240,0
1689663600000,29990.40000000,30041.38000000,29942.64000000,29970.71000000,20.53841000,1689667199999,616288.65461710,383,12.62757000,378870.71568790,0
1689667200000,29970.71000000,30108.98000000,29889.46000000,30021.91000000,32.54957000,1689670799999,976096.66875590,604,16.91094000,507272.14151870,0
1689670800000,30030.47000000,30041.09000000,29952.93000000,29964.53000000,10.54249000,1689674399999,316219.91293120,211,4.16091000,124805.73748500,0
1689674400000,29964.66000000,30035.87000000,29913.11000000,29992.83000000,14.12925000,1689677999999,423336.38089230,289,6.30235000,188839.21389010,0
1689678000000,29992.66000000,30072.54000000,29811.33000000,29885.71000000,30.49034000,1689681599999,913310.26382680,610,17.19631000,515245.31151480,0
1689681600000,29883.70000000,29923.17000000,29735.46000000,29783.56000000,51.04025000,1689685199999,1522453.03311590,1021,24.44039000,728873.16403820,0
1689685200000,29784.18000000,29868.03000000,29672.40000000,29826.32000000,44.54807000,1689688799999,1326989.30209770,805,24.55103000,731381.43198120,0
1689688800000,29835.25000000,30018.32000000,29817.92000000,29914.26000000,45.15413000,1689692399999,1350211.87978630,785,23.37849000,699183.64200430,0
1689692400000,29923.33000000,29932.76000000,29837.30000000,29916.18000000,21.11041000,1689695999999,630939.69887810,381,12.59934000,376609.96920880,0
1689696000000,29903.92000000,29961.14000000,29579.33000000,29708.16000000,186.97164000,1689699599999,5562839.86737250,2062,22.34496000,665488.13049420,0
1689699600000,29704.75000000,29834.06000000,29675.82000000,29823.97000000,26.24934000,1689703199999,780595.42379330,538,15.75976000,468635.03055360,0
1689703200000,29818.42000000,29934.66000000,29790.06000000,29905.70000000,23.67834000,1689706799999,707327.49542220,456,11.50641000,343677.88369590,0
1689706800000,29909.88000000,29945.67000000,29687.35000000,29712.28000000,17.51254000,1689710399999,522036.52124320,395,7.85428000,233992.46542810,0
1689710400000,29707.57000000,29815.03000000,29693.51000000,29773.56000000,13.21488000,1689713999999,393254.36369450,267,7.53167000,224079.46913070,0
1689714000000,29777.16000000,29836.54000000,29756.90000000,29806.93000000,8.62457000,1689717599999,257074.62992040,177,4.16933000,124301.87714570,0
1689717600000,29800.62000000,29830.56000000,29762.40000000,29819.96000000,10.46689000,1689721199999,311913.25740950,192,5.24142000,156189.27178990,0
1689721200000,29827.69000000,29875.50000000,29795.47000000,29863.09000000,11.17180000,1689724799999,333244.88062340,221,5.55355000,165673.39732860,0
1689724800000,29864.69000000,30076.70000000,29844.28000000,30062.65000000,27.33407000,1689728399999,819303.20860920,510,12.26389000,367419.77670590,0
1689728400000,30058.33000000,30077.76000000,29957.75000000,30019.87000000,14.63535000,1689731999999,439060.66643260,293,8.82720000,264837.65447660,0
1689732000000,30010.00000000,30026.94000000,29978.47000000,30025.26000000,7.06266000,1689735599999,211935.17948350,157,3.08711000,92640.08331070,0
1689735600000,30034.95000000,30080.45000000,30012.67000000,30064.49000000,11.57914000,1689739199999,347997.47762950,252,5.66147000,170115.70646200,0
1689739200000,30065.16000000,30191.64000000,30061.91000000,30115.71000000,26.43232000,1689742799999,796212.55760270,429,11.44929000,344929.25126620,0
1689742800000,30106.07000000,30127.64000000,30070.41000000,30107.10000000,9.71779000,1689746399999,292461.78144050,149,4.46673000,134412.82908310,0
1689746400000,30099.57000000,30118.80000000,30004.51000000,30051.10000000,14.60393000,1689749999999,438995.79039050,279,9.04670000,271967.47898800,0
1689750000000,30050.01000000,30081.85000000,29972.46000000,30003.41000000,9.49047000,1689753599999,285059.26015940,178,4.01360000,120526.45801150,0
1689753600000,30003.39000000,30020.18000000,29885.07000000,29940.00000000,20.98179000,1689757199999,628370.94901870,305,9.20997000,275856.40671600,0
1689757200000,29926.86000000,30049.39000000,29873.02000000,30010.65000000,15.09804000,1689760799999,452555.89279300,297,10.06141000,301582.36144620,0
1689760800000,30007.37000000,30037.80000000,29980.89000000,29983.92000000,12.51530000,1689764399999,375525.39872090,223,6.37156000,191156.62735440,0
1689764400000,29992.28000000,30032.52000000,29965.62000000,30015.66000000,11.37379000,1689767999999,341251.85650570,213,7.65731000,229745.27420860,0
1689768000000,30013.82000000,30023.58000000,29890.32000000,29950.51000000,13.72307000,1689771599999,411015.89856760,282,6.66099000,199460.20735100,0
1689771600000,29948.58000000,30120.44000000,29831.56000000,29993.26000000,40.10739000,1689775199999,1201891.17218500,818,19.66814000,589252.56273380,0
1689775200000,29997.33000000,30056.95000000,29772.28000000,29821.30000000,35.30046000,1689778799999,1054783.11418530,760,18.51225000,553101.33355140,0
1689778800000,29819.09000000,29991.00000000,29762.73000000,29949.85000000,61.01706000,1689782399999,1824065.49615610,815,26.53843000,793324.76646800,0
1689782400000,29961.10000000,29975.33000000,29868.98000000,29897.98000000,16.97967000,1689785999999,507826.18900620,267,10.16492000,303979.94403580,0
1689786000000,29895.77000000,30085.38000000,29879.79000000,29994.51000000,27.11368000,1689789599999,812915.28265570,476,10.79476000,323620.64238610,0
1689789600000,29992.45000000,30090.31000000,29945.17000000,30080.27000000,16.74385000,1689793199999,502482.92324010,503,9.37272000,281199.63295130,0
1689793200000,30079.37000000,30098.78000000,30024.76000000,30036.22000000,15.13040000,1689796799999,454819.79679910,308,5.75589000,172996.13930250,0
1689796800000,30046.67000000,30054.19000000,29952.53000000,29957.49000000,9.92487000,1689800399999,297850.16443180,245,3.12540000,93812.46120360,0
1689800400000,29954.96000000,29966.70000000,29850.78000000,29931.86000000,13.05277000,1689803999999,390391.57269220,313,6.41124000,191723.05045470,0
1689804000000,29931.87000000,29959.26000000,29850.20000000,29873.19000000,12.91411000,1689807599999,386061.89834570,288,5.62037000,167996.39705750,0
1689807600000,29872.63000000,29944.58000000,29833.27000000,29912.87000000,19.25836000,1689811199999,575745.23211450,341,7.39126000,220925.94657190,0
1689811200000,29910.22000000,30017.00000000,29886.67000000,30001.60000000,12.88439000,1689814799999,385870.58896090,255,5.78142000,173172.66383250,0
1689814800000,30008.19000000,30032.46000000,29973.36000000,29987.03000000,4.57759000,1689818399999,137343.86718380,125,1.79549000,53859.89880870,0
1689818400000,29992.90000000,30050.03000000,29977.98000000,29990.53000000,6.96169000,1689821999999,208969.43323730,233,2.29024000,68745.52920780,0
1689822000000,29979.30000000,29992.99000000,29919.93000000,29946.07000000,5.75947000,1689825599999,172546.84668990,171,1.99789000,59854.20897200,0
1689825600000,29955.88000000,29984.01000000,29930.19000000,29963.38000000,4.66914000,1689829199999,139900.30321520,141,2.14964000,64406.91943120,0
1689829200000,29966.70000000,30172.93000000,29954.90000000,30133.13000000,22.66869000,1689832799999,681873.11980300,509,13.62681000,409929.00434850,0
1689832800000,30133.68000000,30197.10000000,30088.61000000,30119.96000000,14.75316000,1689836399999,444703.84157680,377,5.10495000,153838.69613770,0
1689836400000,30121.62000000,30236.34000000,30105.56000000,30198.61000000,29.87532000,1689839999999,902007.40963660,564,16.07846000,485367.97515830,0
1689840000000,30213.54000000,30304.56000000,30171.52000000,30267.12000000,30.35903000,1689843599999,918177.82043220,528,13.55199000,409810.61407330,0
1689843600000,30282.01000000,30388.69000000,30215.64000000,30326.58000000,63.24982000,1689847199999,1917046.26447900,759,29.62424000,897777.94055100,0
1689847200000,30326.73000000,30424.32000000,30274.54000000,30297.00000000,39.50163000,1689850799999,1198837.93150400,683,18.86097000,572531.75699010,0
1689850800000,30297.01000000,30320.10000000,30260.00000000,30283.48000000,17.64894000,1689854399999,534567.58235900,417,5.40783000,163793.97363210,0
1689854400000,30283.48000000,30318.23000000,30205.74000000,30222.38000000,24.62130000,1689857999999,744719.26639020,339,9.31085000,281639.24515050,0
1689858000000,30225.40000000,30281.07000000,30174.92000000,30231.96000000,32.78096000,1689861599999,990935.22476550,406,14.82147000,448050.19001170,0
1689861600000,30232.20000000,30251.51000000,29628.30000000,29784.80000000,100.34399000,1689865199999,2999459.06787810,2105,46.39789000,1386702.72272700,0
1689865200000,29780.30000000,29848.31000000,29712.47000000,29812.32000000,41.81296000,1689868799999,1246143.22279100,986,24.37088000,726275.31020040,0
1689868800000,29804.24000000,29871.76000000,29660.02000000,29706.07000000,39.21393000,1689872399999,1167325.00232990,763,19.92652000,593159.90521920,0
1689872400000,29713.11000000,29819.83000000,29696.33000000,29752.99000000,11.95491000,1689875999999,355666.28633060,426,7.68813000,228742.86636880,0
1689876000000,29754.18000000,29790.30000000,29550.00000000,29689.17000000,47.35855000,1689879599999,1407011.17770120,834,22.56867000,670444.22433410,0
1689879600000,29683.93000000,29754.98000000,29666.82000000,29750.32000000,19.81421000,1689883199999,588729.09124610,438,10.51391000,312376.71950660,0
1689883200000,29752.93000000,29765.96000000,29668.70000000,29731.78000000,22.14158000,1689886799999,657836.34106060,450,7.51588000,223241.47358090,0
1689886800000,29737.26000000,29883.47000000,29732.48000000,29883.47000000,23.83551000,1689890399999,710851.86827010,361,11.67157000,348053.79948260,0
1689890400000,29859.85000000,29870.25000000,29799.12000000,29810.40000000,6.44956000,1689893999999,192415.83022130,195,4.27476000,127514.14663720,0
1689894000000,29811.37000000,29823.63000000,29786.94000000,29804.82000000,5.48520000,1689897599999,163481.74702190,133,1.67447000,49907.65962460,0
1689897600000,29800.94000000,29839.16000000,29728.37000000,29783.43000000,14.20558000,1689901199999,423290.77039710,282,7.53384000,224451.91672710,0
1689901200000,29783.42000000,29894.11000000,29760.14000000,29876.09000000,15.28077000,1689904799999,455902.84535460,309,7.75435000,231409.77219600,0
1689904800000,29886.20000000,29949.33000000,29845.68000000,29901.96000000,16.38040000,1689908399999,489777.06403220,318,8.49623000,254005.89633610,0
1689908400000,29902.28000000,29937.87000000,29875.84000000,29891.99000000,9.57831000,1689911999999,286461.40496620,163,3.71689000,111151.72737390,0
1689912000000,29896.45000000,29905.07000000,29861.44000000,29861.44000000,3.73190000,1689915599999,111505.15881080,105,1.26393000,37757.87545920,0
1689915600000,29861.70000000,29861.70000000,29788.10000000,29811.52000000,4.47341000,1689919199999,133435.52226190,132,2.00927000,59968.72011000,0
1689919200000,29817.06000000,29855.19000000,29800.00000000,29855.01000000,4.14392000,1689922799999,123614.69882210,106,2.37603000,70880.88982970,0
1689922800000,29856.13000000,29858.00000000,29733.93000000,29769.42000000,20.01580000,1689926399999,596177.94106990,432,9.30296000,277099.89242950,0
1689926400000,29769.42000000,29817.36000000,29757.17000000,29789.95000000,6.40271000,1689929999999,190737.24809320,175,3.20117000,95359.03501020,0
1689930000000,29789.96000000,29852.16000000,29753.33000000,29759.23000000,10.27864000,1689933599999,306349.28395590,202,4.30605000,128363.51833430,0
1689933600000,29759.19000000,29817.50000000,29759.19000000,29796.60000000,7.35371000,1689937199999,219100.07119390,150,1.33788000,39863.01652990,0
1689937200000,29798.24000000,29816.17000000,29729.45000000,29779.69000000,15.78609000,1689940799999,470027.58505530,283,6.22354000,185236.48112060,0
1689940800000,29779.62000000,29895.73000000,29779.62000000,29870.51000000,22.69773000,1689944399999,677383.76455990,364,8.69417000,259438.87638930,0
1689944400000,29870.50000000,29910.78000000,29774.48000000,29810.90000000,16.17867000,1689947999999,483158.91348720,378,6.34113000,189337.13519480,0
1689948000000,29810.84000000,29876.80000000,29780.37000000,29876.25000000,14.57700000,1689951599999,434864.82356660,367,8.40027000,250579.86392440,0
1689951600000,29876.24000000,29905.75000000,29852.58000000,29864.49000000,9.03797000,1689955199999,270029.29425440,219,5.81272000,173650.55951760,0
1689955200000,29861.26000000,29867.40000000,29808.82000000,29822.58000000,9.26648000,1689958799999,276375.07782310,195,4.65754000,138902.53233420,0
1689958800000,29823.43000000,29934.39000000,29818.47000000,29910.17000000,14.15705000,1689962399999,423068.42047740,297,7.41398000,221537.38311640,0
1689962400000,29930.44000000,30059.64000000,29930.44000000,29977.57000000,20.47044000,1689965999999,614033.81171250,498,12.23010000,366802.76764140,0
1689966000000,29975.54000000,29975.54000000,29772.72000000,29872.52000000,18.82153000,1689969599999,562082.36633890,511,8.75405000,261371.21267040,0
1689969600000,29874.90000000,29892.80000000,29830.17000000,29882.14000000,5.98560000,1689973199999,178766.58694580,204,3.23366000,96551.87149180,0
1689973200000,29882.14000000,29940.68000000,29877.43000000,29900.47000000,7.10450000,1689976799999,212486.22825960,242,2.92499000,87480.26916060,0
1689976800000,29900.00000000,29958.36000000,29888.50000000,29926.62000000,11.25814000,1689980399999,336998.07108430,291,2.61926000,78380.44316330,0
1689980400000,29924.32000000,29937.20000000,29896.27000000,29901.52000000,6.92368000,1689983999999,207175.24360790,193,2.28638000,68416.72701600,0
1689984000000,29904.75000000,30002.81000000,29904.39000000,29979.08000000,10.34291000,1689987599999,309712.61137870,219,5.14816000,154140.64572290,0
1689987600000,29982.58000000,29983.62000000,29920.25000000,29926.24000000,4.59594000,1689991199999,137619.24389090,203,1.13038000,33847.54998880,0
1689991200000,29926.22000000,29969.51000000,29920.91000000,29926.60000000,5.27667000,1689994799999,158008.04671070,140,2.57878000,77209.18361510,0
1689994800000,29938.21000000,29938.64000000,29893.76000000,29906.04000000,6.01128000,1689998399999,179847.01152790,173,2.64553000,79144.38734350,0
1689998400000,29903.34000000,29934.15000000,29872.16000000,29886.55000000,6.10388000,1690001999999,182541.77139190,158,2.58935000,77456.85503110,0
1690002000000,29886.48000000,29896.58000000,29851.11000000,29869.60000000,6.16002000,1690005599999,184033.14247650,171,2.27230000,67892.61217530,0
1690005600000,29865.90000000,29895.43000000,29845.82000000,29895.43000000,2.36520000,1690009199999,70643.21760480,98,0.55603000,16610.92005910,0
1690009200000,29881.82000000,29991.15000000,29868.42000000,29944.46000000,12.13836000,1690012799999,363402.89363180,296,8.80297000,263535.72316670,0
1690012800000,29946.13000000,29978.00000000,29933.21000000,29940.93000000,2.39857000,1690016399999,71836.24056620,94,2.10888000,63159.47926470,0
1690016400000,29940.81000000,29955.00000000,29915.80000000,29930.20000000,3.65938000,1690019999999,109547.83489290,103,1.49201000,44664.92726430,0
1690020000000,29933.69000000,29933.69000000,29875.22000000,29907.00000000,6.64313000,1690023599999,198650.77822300,176,1.89061000,56522.76344510,0
1690023600000,29904.51000000,29910.06000000,29868.91000000,29890.77000000,6.14619000,1690027199999,183707.16594150,132,1.17169000,35012.65724670,0
1690027200000,29890.76000000,29890.77000000,29831.13000000,29843.23000000,4.50723000,1690030799999,134570.02709740,160,1.16465000,34768.83627070,0
1690030800000,29845.33000000,29872.41000000,29837.16000000,29852.62000000,2.74557000,1690034399999,81974.46135180,99,1.08309000,32338.28002300,0
1690034400000,29857.48000000,29895.75000000,29851.83000000,29888.63000000,4.60967000,1690037999999,137695.62674270,151,2.00940000,60014.83145230,0
1690038000000,29887.34000000,29911.86000000,29865.35000000,29905.92000000,7.95966000,1690041599999,237969.45489990,150,5.36134000,160277.24834880,0
1690041600000,29905.91000000,29912.72000000,29868.77000000,29901.44000000,6.64502000,1690045199999,198641.58615100,147,2.94193000,87950.45807180,0
1690045200000,29905.99000000,29906.08000000,29814.94000000,29842.60000000,8.05414000,1690048799999,240472.61678160,175,2.81497000,84014.89309780,0
1690048800000,29840.93000000,29840.94000000,29805.01000000,29819.23000000,6.89063000,1690052399999,205487.61536210,197,3.39712000,101310.30515980,0
1690052400000,29816.31000000,29858.87000000,29807.46000000,29844.54000000,10.12197000,1690055999999,301967.48314450,150,1.72493000,51475.22952890,0
1690056000000,29837.30000000,29844.09000000,29822.63000000,29838.73000000,2.17913000,1690059599999,65016.73563630,61,1.49631000,44644.17578220,0
1690059600000,29828.37000000,29838.51000000,29820.45000000,29830.50000000,1.51871000,1690063199999,45306.03700670,48,0.92504000,27594.69562120,0
1690063200000,29830.51000000,29839.94000000,29787.18000000,29812.63000000,3.91340000,1690066799999,116684.43524710,130,1.27899000,38136.13578760,0
1690066800000,29812.62000000,29817.57000000,29629.26000000,29793.49000000,35.80177000,1690070399999,1063808.33592470,776,14.54977000,432361.51707100,0
1690070400000,29794.55000000,29819.97000000,29735.67000000,29780.17000000,11.09861000,1690073999999,330665.08104420,304,5.11307000,152337.02907740,0
1690074000000,29780.68000000,29876.15000000,29780.53000000,29836.40000000,11.03489000,1690077599999,329229.51411900,203,7.34074000,218994.85668640,0
1690077600000,29825.60000000,29896.62000000,29812.48000000,29887.94000000,6.90408000,1690081199999,206135.88021240,170,4.29086000,128083.09396680,0
1690081200000,29884.79000000,29884.79000000,29845.45000000,29850.92000000,4.34584000,1690084799999,129795.24217160,96,1.88792000,56372.43864580,0
1690084800000,29854.09000000,29922.28000000,29849.19000000,29915.60000000,11.88428000,1690088399999,355139.85189190,198,9.67497000,289077.49994220,0
1690088400000,29908.92000000,29982.55000000,29901.57000000,29924.32000000,14.30649000,1690091999999,428475.60406310,293,7.34653000,219982.41191800,0
1690092000000,29923.86000000,29944.26000000,29898.61000000,29922.00000000,4.75785000,1690095599999,142335.07714780,151,2.67526000,80027.53836190,0
1690095600000,29922.06000000,29925.58000000,29888.72000000,29919.32000000,1.27578000,1690099199999,38154.55769070,67,0.74679000,22334.26607000,0
1690099200000,29920.20000000,29960.57000000,29891.88000000,29954.18000000,8.31805000,1690102799999,248942.36024650,154,6.18224000,185021.41538700,0
1690102800000,29950.82000000,29957.74000000,29905.06000000,29905.06000000,4.14389000,1690106399999,123983.09741700,115,0.43283000,12952.34389490,0
1690106400000,29909.36000000,29918.11000000,29890.02000000,29893.82000000,4.40345000,1690109999999,131665.52249320,85,2.44087000,72982.23724870,0
1690110000000,29892.24000000,29925.19000000,29887.86000000,29892.28000000,3.04196000,1690113599999,90949.71824410,80,0.98682000,29502.31571290,0
1690113600000,29892.30000000,29931.45000000,29889.89000000,29917.64000000,6.88808000,1690117199999,205998.81132720,145,5.50888000,164748.95217090,0
1690117200000,29922.13000000,29922.13000000,29856.98000000,29891.89000000,5.03336000,1690120799999,150420.07433630,159,1.99524000,59606.60875030,0
1690120800000,29890.45000000,29908.33000000,29887.90000000,29896.53000000,3.47667000,1690124399999,103950.24688160,86,2.64158000,78985.90373800,0
1690124400000,29896.61000000,29914.13000000,29892.00000000,29899.59000000,3.32989000,1690127999999,99574.15213300,109,1.78517000,53380.19724300,0
1690128000000,29900.05000000,29971.70000000,29900.05000000,29952.76000000,8.80821000,1690131599999,263666.96441650,206,5.34073000,159874.38134190,0
1690131600000,29955.73000000,30128.78000000,29935.89000000,30110.13000000,21.82203000,1690135199999,655299.52503080,488,15.41478000,462956.98050820,0
1690135200000,30125.49000000,30288.00000000,30079.02000000,30249.71000000,37.34488000,1690138799999,1127479.26855710,994,27.94959000,844111.83447590,0
1690138800000,30248.73000000,30349.14000000,30016.61000000,30094.78000000,43.15703000,1690142399999,1303575.65947720,887,20.09598000,607035.37476530,0
1690142400000,30094.79000000,30146.76000000,30094.34000000,30146.76000000,10.88981000,1690145999999,327926.56776220,238,5.25638000,158243.94055270,0
1690146000000,30142.48000000,30142.48000000,29922.06000000,29941.36000000,31.13597000,1690149599999,935000.05798580,582,8.54061000,256423.88078140,0
1690149600000,29952.91000000,30037.88000000,29944.16000000,30012.94000000,7.43061000,1690153199999,223009.58819550,187,3.82401000,114747.96676500,0
1690153200000,30022.31000000,30095.60000000,30019.50000000,30094.75000000,10.37363000,1690156799999,311837.33827100,256,5.20635000,156499.85441090,0
1690156800000,30082.50000000,30096.67000000,30007.16000000,30008.76000000,10.17189000,1690160399999,305779.04725360,212,3.85896000,116002.85549000,0
1690160400000,30003.77000000,30011.59000000,29867.35000000,29907.21000000,23.38982000,1690163999999,700031.98137790,395,12.38059000,370615.37926910,0
1690164000000,29915.09000000,29915.09000000,29755.47000000,29795.19000000,20.75439000,1690167599999,618535.74269450,613,5.47569000,163193.18351480,0
1690167600000,29799.92000000,29799.92000000,29671.70000000,29712.01000000,19.66469000,1690171199999,584581.93756610,529,3.53254000,105001.98744590,0
1690171200000,29699.92000000,29805.05000000,29661.78000000,29794.48000000,15.47921000,1690174799999,460509.54675290,359,9.43519000,280749.39146440,0
1690174800000,29794.42000000,29816.37000000,29752.61000000,29792.60000000,15.58189000,1690178399999,464107.89599580,339,9.96602000,296836.09355450,0
1690178400000,29798.18000000,29800.40000000,29766.21000000,29783.47000000,2.63737000,1690181999999,78552.73513350,110,1.71985000,51221.93879170,0
1690182000000,29777.02000000,29869.49000000,29729.30000000,29821.56000000,19.31675000,1690185599999,575748.54956420,414,13.48168000,401919.92002800,0
1690185600000,29821.03000000,29832.81000000,29753.56000000,29755.61000000,8.51962000,1690189199999,253744.59958090,251,3.55894000,105994.82755460,0
1690189200000,29755.77000000,29767.44000000,29000.00000000,29170.74000000,128.40040000,1690192799999,3771937.32411360,1755,33.83296000,991165.58182850,0
1690192800000,29178.20000000,29378.50000000,29118.95000000,29326.17000000,141.68412000,1690196399999,4155698.65624710,1653,42.25215000,1238113.52768710,0
1690196400000,29320.06000000,29336.40000000,29219.64000000,29265.02000000,23.35003000,1690199999999,683494.60519880,426,16.34983000,478648.26746100,0
1690200000000,29268.37000000,29268.37000000,29163.29000000,29229.05000000,41.89252000,1690203599999,1223351.76411950,778,28.61283000,835496.92621870,0
1690203600000,29227.76000000,29252.12000000,29112.94000000,29170.08000000,24.87564000,1690207199999,726035.80584610,496,13.19441000,385129.11533770,0
1690207200000,29183.63000000,29185.97000000,29019.33000000,29044.01000000,45.89509000,1690210799999,1335458.03476430,1206,26.11511000,759966.39625050,0
1690210800000,29033.00000000,29134.22000000,28821.71000000,29079.45000000,90.36529000,1690214399999,2622489.76220070,1418,44.76928000,1299711.15213400,0
1690214400000,29083.90000000,29144.26000000,29019.30000000,29101.02000000,53.23684000,1690217999999,1548882.26615260,998,43.50710000,1265825.95060360,0
1690218000000,29101.03000000,29116.03000000,29007.47000000,29033.67000000,15.84760000,1690221599999,460577.56116300,346,8.60948000,250222.96248730,0
1690221600000,29033.64000000,29130.95000000,28994.31000000,29115.72000000,16.16184000,1690225199999,469748.05590490,430,9.74324000,283159.23384390,0
1690225200000,29117.24000000,29151.30000000,29094.79000000,29109.76000000,8.86972000,1690228799999,258305.53363400,275,5.05865000,147306.19441100,0
1690228800000,29117.73000000,29142.88000000,29089.23000000,29141.91000000,8.10726000,1690232399999,236052.49892490,224,2.80759000,81746.29477060,0
1690232400000,29141.91000000,29198.57000000,29118.93000000,29162.82000000,11.59649000,1690235999999,338051.82158670,252,6.36453000,185565.32412250,0
1690236000000,29162.79000000,29190.50000000,29142.74000000,29158.67000000,5.30830000,1690239599999,154827.31248400,114,1.76017000,51349.30535500,0
1690239600000,29162.08000000,29205.44000000,29159.89000000,29178.79000000,3.14512000,1690243199999,91775.14101900,87,1.91555000,55901.97794160,0
1690243200000,29173.93000000,29182.82000000,29105.36000000,29109.84000000,12.31058000,1690246799999,358806.60053390,190,3.89424000,113515.61244060,0
1690246800000,29105.64000000,29109.93000000,29047.97000000,29076.71000000,9.43329000,1690250399999,274306.34509760,173,3.09702000,90033.75633850,0
1690250400000,29086.21000000,29167.07000000,29064.25000000,29129.02000000,6.16255000,1690253999999,179439.55261650,138,2.99811000,87282.13227100,0
1690254000000,29147.50000000,29148.05000000,29084.77000000,29101.70000000,6.37673000,1690257599999,185694.37644850,150,2.23263000,65021.35439070,0
1690257600000,29114.00000000,29114.06000000,29069.94000000,29088.74000000,8.76337000,1690261199999,254931.46692240,133,4.68071000,136157.38564060,0
1690261200000,29088.74000000,29146.19000000,29086.94000000,29124.29000000,6.37326000,1690264799999,185599.81524570,100,3.97409000,115746.07827900,0
1690264800000,29129.66000000,29144.20000000,29113.24000000,29140.11000000,11.08125000,1690268399999,322749.56268710,265,2.99123000,87139.54261660,0
1690268400000,29144.06000000,29159.25000000,29120.73000000,29140.85000000,4.90715000,1690271999999,143016.53524670,154,2.02312000,58956.42342730,0
1690272000000,29140.85000000,29190.77000000,29121.27000000,29185.71000000,4.69393000,1690275599999,136858.99981490,140,3.51471000,102475.31975120,0
1690275600000,29186.60000000,29271.66000000,29154.75000000,29166.06000000,12.61349000,1690279199999,368453.51210730,332,6.17378000,180380.27547580,0
1690279200000,29162.37000000,29193.87000000,29144.59000000,29159.50000000,10.37197000,1690282799999,302533.71131840,133,7.21120000,210334.54107220,0
1690282800000,29157.87000000,29163.95000000,29118.34000000,29124.07000000,9.98549000,1690286399999,291083.58323110,209,4.23534000,123454.47068570,0
1690286400000,29126.46000000,29138.62000000,29092.96000000,29115.19000000,8.02226000,1690289999999,233623.84867120,204,4.18377000,121852.62710900,0
1690290000000,29113.56000000,29329.90000000,29074.77000000,29264.97000000,38.33281000,1690293599999,1120228.59004360,804,21.44098000,626285.71597870,0
1690293600000,29278.44000000,29335.74000000,29154.60000000,29174.84000000,20.94849000,1690297199999,612444.14425800,477,10.19052000,297939.94008350,0
1690297200000,29162.69000000,29229.74000000,29162.69000000,29181.60000000,11.53535000,1690300799999,336900.49543180,267,3.63622000,106182.09523120,0
1690300800000,29184.77000000,29295.22000000,29179.12000000,29221.28000000,18.43053000,1690304399999,538670.83437130,372,10.21958000,298679.41449640,0
1690304400000,29221.30000000,29281.19000000,29185.86000000,29272.19000000,6.34005000,1690307999999,185384.72175710,167,2.94555000,86135.71672300,0
1690308000000,29269.59000000,29381.62000000,29253.98000000,29261.55000000,17.55234000,1690311599999,514339.16755430,367,9.78729000,286818.36383480,0
1690311600000,29258.88000000,29275.09000000,29193.29000000,29195.94000000,6.11765000,1690315199999,178922.02256550,185,2.81342000,82268.49117730,0
1690315200000,29197.40000000,29242.50000000,29181.40000000,29229.14000000,6.99914000,1690318799999,204494.46409550,219,3.14208000,91800.13528650,0
1690318800000,29231.47000000,29243.38000000,29213.48000000,29229.47000000,8.32334000,1690322399999,243274.14905830,139,1.91718000,56029.94550110,0
1690322400000,29232.11000000,29252.01000000,29202.30000000,29202.86000000,8.15765000,1690325999999,238327.46053110,154,6.35964000,185774.15697730,0
1690326000000,29202.30000000,29235.01000000,29193.73000000,29226.35000000,12.14626000,1690329599999,354787.01572930,235,5.34431000,156129.61478720,0
1690329600000,29224.39000000,29229.48000000,29137.26000000,29165.77000000,11.21928000,1690333199999,327325.18312860,240,3.85765000,112564.85671370,0
1690333200000,29162.95000000,29169.23000000,29072.30000000,29126.88000000,12.57444000,1690336799999,366377.58930750,256,4.14973000,120901.27890790,0
1690336800000,29127.82000000,29294.61000000,29127.21000000,29276.24000000,10.73901000,1690340399999,313757.32205520,243,6.27891000,183485.40680340,0
1690340400000,29281.62000000,29404.09000000,29210.95000000,29239.65000000,35.30790000,1690343999999,1034992.39972100,559,19.21685000,563510.50881220,0
1690344000000,29232.45000000,29235.92000000,29194.93000000,29194.93000000,5.93321000,1690347599999,173354.17260110,136,2.92931000,85577.81093540,0
1690347600000,29196.24000000,29272.76000000,29193.63000000,29263.84000000,5.78137000,1690351199999,168959.33717660,137,3.94287000,115237.38526410,0
1690351200000,29264.21000000,29312.62000000,29188.12000000,29202.60000000,25.00043000,1690354799999,731444.37089440,391,16.13392000,472009.48396870,0
1690354800000,29201.78000000,29241.52000000,29194.36000000,29213.56000000,3.73044000,1690358399999,108971.62628640,141,2.52340000,73700.87286370,0
1690358400000,29213.56000000,29236.64000000,29204.15000000,29212.51000000,6.91475000,1690361999999,202018.66600600,132,2.35041000,68674.36984720,0
1690362000000,29218.07000000,29222.15000000,29158.93000000,29183.52000000,7.50883000,1690365599999,219198.89771850,152,2.25608000,65875.72009750,0
1690365600000,29186.50000000,29195.69000000,29161.39000000,29188.05000000,3.97655000,1690369199999,116025.98280580,113,1.07939000,31497.27344140,0
1690369200000,29186.63000000,29212.17000000,29154.91000000,29170.92000000,3.32504000,1690372799999,97022.29440450,128,2.23250000,65143.68421170,0
1690372800000,29161.96000000,29236.50000000,29161.62000000,29221.57000000,8.19693000,1690376399999,239372.13999170,175,4.11389000,120127.78965770,0
1690376400000,29225.82000000,29311.44000000,29225.82000000,29304.42000000,20.86478000,1690379999999,610624.23329680,373,9.64274000,282204.34819780,0
1690380000000,29300.99000000,29349.95000000,29205.17000000,29265.61000000,25.84922000,1690383599999,756363.73702170,534,8.40899000,246076.07935130,0
1690383600000,29266.87000000,29334.00000000,29264.04000000,29316.81000000,14.58734000,1690387199999,427423.58964270,234,7.17212000,210124.21795880,0
1690387200000,29316.43000000,29362.95000000,29268.35000000,29297.46000000,22.12144000,1690390799999,648333.56059160,395,12.24713000,358863.43580420,0
1690390800000,29297.46000000,29318.55000000,29242.46000000,29259.28000000,18.67871000,1690394399999,547077.75679620,289,5.94036000,173901.71320680,0
1690394400000,29260.82000000,29497.88000000,29230.12000000,29373.43000000,67.98003000,1690397999999,1995209.19336860,1429,26.43791000,775911.82249100,0
1690398000000,29376.03000000,29405.02000000,29195.33000000,29402.87000000,39.03260000,1690401599999,1143853.58493910,738,18.31100000,536372.83435690,0
1690401600000,29402.87000000,29680.56000000,29388.20000000,29581.71000000,76.02617000,1690405199999,2246867.66812520,1285,36.78487000,1086663.63661390,0
1690405200000,29578.81000000,29659.37000000,29431.57000000,29470.09000000,29.82637000,1690408799999,881480.86090200,582,10.72092000,316808.21429150,0
1690408800000,29467.22000000,29504.92000000,29428.52000000,29475.70000000,13.53036000,1690412399999,398533.22548670,209,6.56848000,193445.75736930,0
1690412400000,29480.29000000,29533.37000000,29286.52000000,29353.96000000,23.88458000,1690415999999,701938.86161160,421,11.02571000,324152.12162450,0
1690416000000,29350.95000000,29358.29000000,29305.44000000,29358.29000000,4.71188000,1690419599999,138213.45582340,137,1.99285000,58449.87718960,0
1690419600000,29348.82000000,29414.49000000,29338.65000000,29400.40000000,3.60218000,1690423199999,105856.98600780,195,2.00320000,58857.90770460,0
1690423200000,29398.64000000,29436.00000000,29345.57000000,29435.79000000,8.22690000,1690426799999,241743.31605970,360,5.93915000,174513.22523590,0
1690426800000,29432.51000000,29446.17000000,29403.27000000,29403.27000000,9.45044000,1690430399999,278111.85726320,131,6.41116000,188657.76702300,0
1690430400000,29403.28000000,29489.54000000,29401.70000000,29477.41000000,4.66683000,1690433999999,137438.54714650,134,2.30961000,68012.88518920,0
1690434000000,29481.90000000,29495.04000000,29451.01000000,29457.50000000,7.34313000,1690437599999,216458.61529640,191,4.35215000,128276.48447530,0
1690437600000,29457.56000000,29474.63000000,29376.71000000,29383.08000000,4.72122000,1690441199999,138936.78387230,170,1.40616000,41399.33624500,0
1690441200000,29378.42000000,29466.46000000,29378.42000000,29409.61000000,8.28252000,1690444799999,243794.67700550,316,3.79605000,111725.75431240,0
1690444800000,29409.61000000,29467.73000000,29394.37000000,29458.38000000,11.27578000,1690448399999,331877.70095660,259,6.09329000,179338.21502190,0
1690448400000,29470.23000000,29569.02000000,29462.30000000,29546.23000000,16.11437000,1690451999999,475645.71452360,381,5.88291000,173624.38731240,0
1690452000000,29542.21000000,29556.10000000,29470.85000000,29476.30000000,18.48405000,1690455599999,545520.21726920,399,1.87787000,55442.44788730,0
1690455600000,29476.44000000,29523.60000000,29466.67000000,29505.77000000,4.35527000,1690459199999,128466.97537450,124,1.88727000,55675.17276930,0
1690459200000,29503.78000000,29503.79000000,29456.96000000,29493.19000000,3.73073000,1690462799999,109986.05001460,167,1.94609000,57368.19623300,0
1690462800000,29495.62000000,29502.06000000,29430.27000000,29454.26000000,4.94126000,1690466399999,145572.01121660,227,2.94970000,86887.71617790,0
1690466400000,29442.31000000,29442.31000000,29319.67000000,29334.24000000,16.05163000,1690469999999,471570.63830450,387,7.30869000,214683.79247330,0
1690470000000,29341.82000000,29357.56000000,29237.61000000,29290.29000000,23.10184000,1690473599999,676936.78036730,420,13.35854000,391441.06714610,0
1690473600000,29284.14000000,29327.63000000,29260.00000000,29260.01000000,14.90799000,1690477199999,436614.96105890,279,7.86679000,230423.74627830,0
1690477200000,29274.60000000,29282.46000000,29172.01000000,29216.06000000,20.74870000,1690480799999,606698.97218810,414,11.42077000,333980.74215980,0
1690480800000,29216.06000000,29243.24000000,29083.29000000,29137.96000000,21.05111000,1690484399999,614011.29713690,573,14.53257000,423981.80831940,0
1690484400000,29137.95000000,29170.08000000,29100.46000000,29155.32000000,8.21847000,1690487999999,239496.41180140,230,4.96202000,144608.06726750,0
1690488000000,29163.05000000,29184.45000000,29130.90000000,29135.91000000,2.46051000,1690491599999,71740.76106360,154,1.49718000,43656.38851700,0
1690491600000,29140.54000000,29223.17000000,29136.45000000,29180.96000000,4.14451000,1690495199999,120959.65794060,184,1.51397000,44191.98386670,0
1690495200000,29180.94000000,29233.24000000,29180.94000000,29193.56000000,1.78291000,1690498799999,52075.33516850,83,1.45692000,42549.91990750,0
1690498800000,29191.96000000,29218.78000000,29173.98000000,29215.37000000,5.12711000,1690502399999,149690.77744430,164,3.49959000,102173.73876540,0
1690502400000,29215.68000000,29310.99000000,29204.58000000,29268.34000000,6.32506000,1690505999999,185062.29157140,177,3.94008000,115275.74112300,0
1690506000000,29266.34000000,29286.90000000,29251.19000000,29257.12000000,2.22965000,1690509599999,65261.49101490,94,0.59728000,17479.14521560,0
1690509600000,29252.04000000,29253.98000000,29185.60000000,29220.23000000,4.16640000,1690513199999,121737.73143180,88,2.62178000,76611.88758830,0
1690513200000,29218.54000000,29278.35000000,29195.83000000,29244.10000000,12.68046000,1690516799999,370697.59817070,203,5.45526000,159449.91127600,0
1690516800000,29244.11000000,29256.74000000,29213.61000000,29242.37000000,3.52423000,1690520399999,103056.87094450,130,1.66363000,48646.97239580,0
1690520400000,29250.17000000,29250.17000000,29151.52000000,29178.99000000,11.40846000,1690523999999,333080.19842940,161,5.15441000,150551.07295960,0
1690524000000,29173.04000000,29197.08000000,29154.94000000,29183.00000000,6.72061000,1690527599999,196085.93324580,177,1.99277000,58136.53482540,0
1690527600000,29183.00000000,29187.58000000,29126.52000000,29129.21000000,9.91543000,1690531199999,289065.93359010,371,6.57351000,191618.58064420,0
1690531200000,29129.21000000,29174.92000000,29120.81000000,29136.26000000,12.90544000,1690534799999,376184.18009730,239,5.74963000,167592.34960730,0
1690534800000,29143.63000000,29220.45000000,29116.64000000,29210.28000000,11.74110000,1690538399999,342394.45862940,241,6.51886000,190093.38433270,0
1690538400000,29203.40000000,29222.97000000,29193.21000000,29201.51000000,5.43904000,1690541999999,158861.06250800,128,2.85927000,83501.73508900,0
1690542000000,29209.33000000,29230.60000000,29184.88000000,29199.60000000,2.75311000,1690545599999,80409.83301720,100,1.43182000,41820.17109400,0
1690545600000,29197.63000000,29316.28000000,29197.63000000,29298.26000000,6.94585000,1690549199999,203228.19845020,241,3.21878000,94137.52745160,0
1690549200000,29300.16000000,29306.04000000,29242.24000000,29283.88000000,7.41345000,1690552799999,217060.44603150,230,4.00317000,117193.39258540,0
1690552800000,29283.88000000,29502.15000000,29283.88000000,29472.21000000,32.03590000,1690556399999,942700.14942360,715,21.15812000,622722.67534250,0
1690556400000,29476.50000000,29526.69000000,29344.67000000,29373.19000000,25.40240000,1690559999999,747810.93899280,467,9.60663000,282794.24773410,0
1690560000000,29387.39000000,29391.78000000,29331.97000000,29355.86000000,20.05957000,1690563599999,589069.81942210,321,11.36405000,333748.90516130,0
1690563600000,29351.61000000,29352.06000000,29193.99000000,29254.78000000,18.19046000,1690567199999,532583.24061010,386,8.34794000,244435.53901290,0
1690567200000,29247.11000000,29329.57000000,29241.14000000,29302.91000000,5.39304000,1690570799999,157963.68876850,174,1.95070000,57133.37570660,0
1690570800000,29307.83000000,29327.25000000,29284.44000000,29315.46000000,14.27904000,1690574399999,418459.40082990,198,5.63564000,165139.61388240,0
1690574400000,29309.13000000,29338.41000000,29282.11000000,29338.40000000,5.04520000,1690577999999,147879.04184480,177,1.35506000,39717.68007620,0
1690578000000,29338.40000000,29362.83000000,29306.91000000,29316.89000000,4.29479000,1690581599999,125939.24080500,105,0.84727000,24851.79679360,0
1690581600000,29306.89000000,29316.89000000,29291.63000000,29298.77000000,1.34894000,1690585199999,39529.34178830,83,0.82009000,24032.60587730,0
1690585200000,29292.71000000,29326.17000000,29292.71000000,29311.46000000,2.96882000,1690588799999,87008.23028750,79,2.47450000,72518.90551710,0
1690588800000,29310.53000000,29343.42000000,29295.31000000,29324.88000000,5.31910000,1690592399999,155981.68221040,136,1.63065000,47811.65918020,0
1690592400000,29321.38000000,29374.39000000,29317.47000000,29370.51000000,5.83027000,1690595999999,171082.50859150,110,2.80357000,82258.21865130,0
1690596000000,29374.40000000,29386.98000000,29362.02000000,29377.11000000,5.75911000,1690599599999,169170.84143760,132,0.76291000,22409.35078870,0
1690599600000,29378.73000000,29384.96000000,29365.38000000,29371.39000000,2.04985000,1690603199999,60223.85322210,65,1.01444000,29803.81078060,0
1690603200000,29368.50000000,29407.46000000,29368.32000000,29381.21000000,8.65292000,1690606799999,254326.95578770,115,3.99903000,117536.75109540,0
1690606800000,29381.22000000,29382.70000000,29337.30000000,29369.29000000,3.02586000,1690610399999,88824.64914740,78,1.10572000,32463.44715470,0
1690610400000,29365.27000000,29365.27000000,29330.61000000,29334.27000000,0.59030000,1690613999999,17323.49415280,58,0.43876000,12875.93199140,0
1690614000000,29344.58000000,29350.98000000,29286.57000000,29295.61000000,8.69553000,1690617599999,254889.65260260,173,2.76276000,80967.68198490,0
1690617600000,29293.64000000,29329.33000000,29257.46000000,29293.69000000,8.60206000,1690621199999,252019.10820810,145,2.94659000,86325.13992500,0
1690621200000,29297.23000000,29300.48000000,29262.97000000,29279.30000000,1.19888000,1690624799999,35107.25684480,63,0.49731000,14562.64636850,0
1690624800000,29282.00000000,29292.83000000,29260.95000000,29277.70000000,2.33432000,1690628399999,68342.50720570,54,1.39237000,40769.36727630,0
1690628400000,29277.10000000,29300.27000000,29266.25000000,29268.52000000,14.67731000,1690631999999,429820.94334550,113,10.12188000,296396.45839620,0
1690632000000,29260.47000000,29331.01000000,29258.38000000,29287.20000000,6.13981000,1690635599999,179916.66280530,130,3.82422000,112032.60802860,0
1690635600000,29288.95000000,29331.78000000,29288.95000000,29295.85000000,12.31777000,1690639199999,361053.28896760,191,6.45935000,189327.63607740,0
1690639200000,29295.84000000,29318.17000000,29279.45000000,29285.96000000,3.55587000,1690642799999,104173.48578500,81,0.88984000,26068.37155520,0
1690642800000,29285.96000000,29298.51000000,29283.20000000,29292.35000000,2.42276000,1690646399999,70963.61963760,73,1.24859000,36571.24630480,0
1690646400000,29292.34000000,29308.84000000,29291.56000000,29308.76000000,1.37449000,1690649999999,40266.60160550,55,0.71185000,20854.07779420,0
1690650000000,29306.80000000,29330.50000000,29296.97000000,29323.14000000,1.36129000,1690653599999,39910.07085990,65,0.83306000,24424.46702480,0
1690653600000,29331.45000000,29331.46000000,29292.24000000,29307.81000000,1.47804000,1690657199999,43322.34773920,78,0.54298000,15910.87522200,0
1690657200000,29307.81000000,29352.15000000,29307.81000000,29339.73000000,5.44037000,1690660799999,159579.76977400,155,3.96323000,116236.61345030,0
1690660800000,29347.58000000,29378.23000000,29346.38000000,29355.43000000,4.41901000,1690664399999,129740.57109590,85,1.20919000,35497.47496740,0
1690664400000,29355.54000000,29367.89000000,29350.68000000,29353.22000000,2.68463000,1690667999999,78813.23502380,75,0.59651000,17511.29979720,0
1690668000000,29353.23000000,29364.96000000,29350.29000000,29357.55000000,3.22269000,1690671599999,94599.70330750,49,0.88478000,25973.41813690,0
1690671600000,29356.05000000,29368.67000000,29353.52000000,29360.04000000,4.16951000,1690675199999,122413.20111090,62,1.62187000,47624.05056020,0
1690675200000,29356.46000000,29356.46000000,29309.99000000,29347.36000000,5.36652000,1690678799999,157455.28622530,154,1.26463000,37112.80621450,0
1690678800000,29347.93000000,29348.34000000,29325.67000000,29333.34000000,1.61580000,1690682399999,47396.69811530,75,0.63715000,18688.83734260,0
1690682400000,29328.17000000,29328.17000000,29308.18000000,29310.59000000,2.07836000,1690685999999,60923.77201370,59,1.00113000,29347.89120740,0
1690686000000,29315.53000000,29322.01000000,29313.09000000,29316.43000000,1.19924000,1690689599999,35157.99299160,34,0.17474000,5123.05178340,0
1690689600000,29316.44000000,29328.93000000,29314.60000000,29324.48000000,1.63249000,1690693199999,47868.35369260,60,0.99077000,29051.25105130,0
1690693200000,29324.50000000,29328.82000000,29312.03000000,29312.03000000,1.77723000,1690696799999,52110.67941170,51,1.03840000,30446.68994510,0
1690696800000,29311.01000000,29311.49000000,29270.01000000,29286.85000000,4.38435000,1690700399999,128431.71378430,97,1.93238000,56613.13968500,0
1690700400000,29284.31000000,29294.72000000,29278.54000000,29293.41000000,0.84860000,1690703999999,24849.26448140,41,0.81102000,23748.81170900,0
1690704000000,29291.95000000,29306.00000000,29291.75000000,29299.33000000,2.47689000,1690707599999,72573.38131770,67,0.75428000,22098.45133980,0
1690707600000,29292.48000000,29292.48000000,29278.61000000,29281.81000000,1.65375000,1690711199999,48429.39558800,47,0.86663000,25376.39716330,0
1690711200000,29281.81000000,29287.36000000,29236.86000000,29274.67000000,4.10093000,1690714799999,120004.25762120,108,1.33801000,39156.81132320,0
1690714800000,29277.38000000,29318.95000000,29258.22000000,29309.27000000,2.25514000,1690718399999,66051.35246770,94,1.63824000,47984.06855040,0
1690718400000,29310.60000000,29324.99000000,29305.69000000,29318.60000000,15.87254000,1690721999999,465329.20579900,137,1.68343000,49348.88243550,0
1690722000000,29318.60000000,29319.73000000,29275.80000000,29288.05000000,6.67024000,1690725599999,195468.22007760,161,5.46039000,160023.08315200,0
1690725600000,29289.80000000,29412.52000000,29289.80000000,29380.31000000,9.30265000,1690729199999,273060.16188050,190,6.16520000,180905.45472510,0
1690729200000,29396.08000000,29445.19000000,29319.66000000,29350.60000000,11.68100000,1690732799999,343313.15040450,246,5.12232000,150545.29446130,0
1690732800000,29346.15000000,29405.86000000,29324.69000000,29377.40000000,16.56788000,1690736399999,486722.19187910,234,10.90280000,320253.42704490,0
1690736400000,29376.64000000,29398.76000000,29353.59000000,29395.74000000,3.92816000,1690739999999,115368.41979130,99,2.62046000,76954.40113650,0
1690740000000,29396.45000000,29396.45000000,29350.51000000,29357.09000000,4.62902000,1690743599999,135957.92352590,93,0.81244000,23855.96480820,0
1690743600000,29357.14000000,29360.70000000,29094.20000000,29202.90000000,48.71073000,1690747199999,1422565.29447610,532,15.10037000,440854.58783910,0
1690747200000,29199.30000000,29274.29000000,29010.00000000,29268.78000000,72.22430000,1690750799999,2105375.25919700,1029,36.43274000,1062161.86068730,0
1690750800000,29263.75000000,29263.75000000,29177.52000000,29211.29000000,12.06275000,1690754399999,352319.75129970,213,7.89274000,230523.44537910,0
1690754400000,29198.51000000,29209.83000000,29147.14000000,29152.47000000,9.66129000,1690757999999,281798.23116710,211,5.50689000,160613.23840290,0
1690758000000,29163.96000000,29279.05000000,29163.96000000,29278.67000000,6.71188000,1690761599999,196226.14098050,165,2.53537000,74090.78912240,0
1690761600000,29279.05000000,29522.01000000,29260.09000000,29454.48000000,15.03922000,1690765199999,442404.26595470,339,9.53687000,280509.75754490,0
1690765200000,29454.45000000,29482.19000000,29380.25000000,29446.24000000,9.51458000,1690768799999,280111.30482010,197,5.02430000,147879.90487020,0
1690768800000,29447.72000000,29490.89000000,29429.10000000,29460.61000000,5.52511000,1690772399999,162766.00281190,121,2.63959000,77761.63589140,0
1690772400000,29467.19000000,29467.20000000,29406.17000000,29418.45000000,7.60603000,1690775999999,223872.98192130,118,4.70061000,138368.38868550,0
1690776000000,29429.54000000,29434.91000000,29382.70000000,29400.73000000,3.49908000,1690779599999,102907.34607630,131,1.27305000,37439.95964370,0
1690779600000,29396.09000000,29416.61000000,29358.90000000,29377.62000000,5.61426000,1690783199999,165005.26622770,133,2.38332000,70056.75776040,0
1690783200000,29377.04000000,29444.54000000,29365.54000000,29405.54000000,4.81284000,1690786799999,141553.01126180,113,4.39484000,129258.19585180,0
1690786800000,29407.73000000,29408.94000000,29376.77000000,29376.77000000,1.63512000,1690790399999,48068.63452550,50,1.40856000,41408.10653780,0
1690790400000,29369.84000000,29412.23000000,29357.95000000,29389.77000000,4.10907000,1690793999999,120744.96163100,127,3.17438000,93276.08480100,0
1690794000000,29389.78000000,29389.89000000,29325.63000000,29377.30000000,6.85002000,1690797599999,201036.06670890,147,3.39238000,99570.05512450,0
1690797600000,29375.07000000,29403.66000000,29371.44000000,29379.85000000,2.54112000,1690801199999,74661.90683770,96,1.60665000,47207.81027690,0
1690801200000,29383.03000000,29398.87000000,29379.10000000,29398.85000000,5.37484000,1690804799999,157962.02436100,281,3.15095000,92601.99524610,0
1690804800000,29398.85000000,29468.41000000,29390.87000000,29468.34000000,7.91154000,1690808399999,232881.34505260,170,3.05674000,89953.16151760,0
1690808400000,29466.40000000,29466.40000000,29307.81000000,29352.35000000,9.11521000,1690811999999,267888.02419610,240,6.12894000,180093.68753150,0
1690812000000,29358.67000000,29360.92000000,29264.81000000,29296.37000000,13.70108000,1690815599999,401602.03916980,280,9.01911000,264344.30056250,0
1690815600000,29296.26000000,29332.14000000,29222.20000000,29236.56000000,10.31048000,1690819199999,301863.14184700,255,6.15736000,180256.68965900,0
1690819200000,29244.52000000,29260.94000000,29179.39000000,29226.15000000,13.52540000,1690822799999,395206.90355750,346,6.17410000,180421.07810110,0
1690822800000,29225.60000000,29265.03000000,29152.02000000,29211.22000000,7.45545000,1690826399999,217722.42625020,214,3.55971000,103980.04607430,0
1690826400000,29208.84000000,29211.53000000,29143.73000000,29189.66000000,4.72411000,1690829999999,137894.80904910,198,2.82004000,82335.67121110,0
1690830000000,29189.66000000,29233.98000000,29115.32000000,29162.02000000,7.81805000,1690833599999,228201.19483010,242,4.03632000,117780.67918330,0
1690833600000,29145.29000000,29255.96000000,29118.01000000,29199.72000000,12.81416000,1690837199999,374060.85369740,291,7.88842000,230284.79830960,0
1690837200000,29204.27000000,29289.92000000,29157.79000000,29237.82000000,15.82864000,1690840799999,462548.31407450,288,8.11307000,237094.38222840,0
1690840800000,29228.06000000,29237.63000000,29196.12000000,29206.68000000,5.50918000,1690844399999,160951.84063880,111,1.85871000,54296.49867380,0
1690844400000,29206.68000000,29236.55000000,29186.65000000,29230.04000000,2.70018000,1690847999999,78855.47980330,132,1.04249000,30437.46171760,0
