1693526400000,25934.00000000,26059.80000000,25925.42000000,26047.97000000,9.15103000,1693529999999,237913.53595810,294,6.15149000,159906.81577070,0
1693530000000,26042.79000000,26044.25000000,25968.11000000,25977.80000000,7.92851000,1693533599999,206165.63884790,255,4.26999000,111005.52665990,0
1693533600000,25986.46000000,26090.13000000,25978.34000000,26046.40000000,13.11215000,1693537199999,341470.79489670,344,11.01236000,286791.76767810,0
1693537200000,26045.75000000,26084.19000000,26032.04000000,26071.26000000,6.04352000,1693540799999,157435.73629940,166,3.19490000,83218.54850750,0
1693540800000,26071.36000000,26085.23000000,26027.12000000,26034.07000000,4.86245000,1693544399999,126673.63952180,172,3.38943000,88292.03871590,0
1693544400000,26033.02000000,26046.15000000,26013.13000000,26016.52000000,5.33808000,1693547999999,138936.76834310,171,2.79044000,72629.86248850,0
1693548000000,26020.61000000,26032.65000000,25970.30000000,25987.61000000,4.26449000,1693551599999,110871.38255780,194,1.74893000,45479.14002650,0
1693551600000,25983.44000000,26005.70000000,25969.76000000,25979.66000000,11.02917000,1693555199999,286663.57265810,328,6.92315000,179912.36810300,0
1693555200000,25980.00000000,26008.51000000,25951.89000000,25970.25000000,5.29598000,1693558799999,137557.29656330,259,2.73811000,71129.71015730,0
1693558800000,25972.56000000,26038.85000000,25964.89000000,26029.96000000,5.03168000,1693562399999,130852.65507150,207,4.20960000,109474.50183300,0
1693562400000,26026.66000000,26038.09000000,25976.27000000,25991.47000000,5.08292000,1693565999999,132196.72819030,214,3.06418000,79692.62117930,0
1693566000000,25991.58000000,26062.94000000,25972.71000000,26035.48000000,10.80278000,1693569599999,281027.48760200,265,5.80106000,150914.87448390,0
1693569600000,26044.65000000,26143.59000000,25984.67000000,26050.86000000,24.80931000,1693573199999,647042.51164150,541,10.81750000,282168.74082960,0
1693573200000,26047.63000000,26047.63000000,25869.59000000,25979.52000000,17.58837000,1693576799999,456980.01714450,493,7.64367000,198537.25206990,0
1693576800000,25989.57000000,25993.32000000,25686.64000000,25706.40000000,35.39689000,1693580399999,913737.09132580,762,12.09820000,312121.69856200,0
1693580400000,25707.68000000,25928.45000000,25560.02000000,25800.86000000,43.55657000,1693583999999,1124359.90179400,1164,26.93715000,695546.08232370,0
1693584000000,25800.29000000,25944.68000000,25742.90000000,25775.05000000,20.84759000,1693587599999,538297.71845930,777,9.15624000,236471.89506490,0
1693587600000,25780.74000000,25787.78000000,25317.31000000,25460.50000000,64.59251000,1693591199999,1647198.75952270,1591,37.25325000,949852.58016330,0
1693591200000,25461.71000000,25815.86000000,25438.15000000,25630.02000000,36.79571000,1693594799999,941017.16123500,1171,22.73487000,581524.16145240,0
1693594800000,25645.62000000,25658.09000000,25568.71000000,25627.96000000,6.58288000,1693598399999,168667.91211190,324,3.31338000,84889.61020620,0
1693598400000,25632.84000000,25913.33000000,25557.34000000,25756.59000000,26.19394000,1693601999999,673433.77742330,605,15.35876000,394626.54518350,0
1693602000000,25752.42000000,25846.23000000,25718.93000000,25788.43000000,12.76879000,1693605599999,329057.05112280,299,7.22077000,186087.92834600,0
1693605600000,25787.89000000,25810.64000000,25751.27000000,25758.27000000,5.18596000,1693609199999,133685.30965380,197,1.94010000,50009.39207550,0
1693609200000,25750.00000000,25826.55000000,25743.09000000,25795.06000000,6.52758000,1693612799999,168345.27312400,232,4.87764000,125823.98223300,0
1693612800000,25799.21000000,25828.70000000,25773.86000000,25774.95000000,58.90058000,1693616399999,1519915.48384090,575,4.66029000,120263.28427470,0
1693616400000,25781.21000000,25805.66000000,25763.92000000,25770.01000000,20.02949000,1693619999999,516486.33136440,377,2.93782000,75752.29976790,0
1693620000000,25770.00000000,25786.43000000,25740.01000000,25749.95000000,5.86587000,1693623599999,151112.16602560,220,3.38519000,87196.97383340,0
1693623600000,25749.95000000,25799.93000000,25749.03000000,25791.53000000,1.78746000,1693627199999,46055.02153070,120,0.90838000,23404.23895250,0
1693627200000,25793.78000000,25795.23000000,25751.45000000,25768.36000000,4.85845000,1693630799999,125194.55514240,224,2.53604000,65332.88066830,0
1693630800000,25777.08000000,25839.93000000,25768.78000000,25810.58000000,5.06959000,1693634399999,130820.44809130,156,3.33551000,86063.34963050,0
1693634400000,25818.10000000,25820.67000000,25786.15000000,25790.70000000,2.82676000,1693637999999,72933.51088610,119,1.39439000,35986.35940550,0
1693638000000,25797.45000000,25824.20000000,25769.83000000,25785.20000000,3.15592000,1693641599999,81406.74234030,151,1.61792000,41736.17386630,0
1693641600000,25789.14000000,25797.10000000,25765.30000000,25775.28000000,2.05287000,1693645199999,52916.77215550,147,1.57643000,40635.78705610,0
1693645200000,25775.29000000,25817.96000000,25769.26000000,25805.07000000,4.08025000,1693648799999,105276.27469000,207,1.76879000,45639.11914040,0
1693648800000,25803.53000000,25849.51000000,25801.79000000,25823.76000000,2.78035000,1693652399999,71793.35330800,127,0.85073000,21970.85487240,0
1693652400000,25826.56000000,25853.74000000,25776.50000000,25806.64000000,9.35919000,1693655999999,241609.24897270,270,2.27961000,58832.05130440,0
1693656000000,25806.64000000,25833.75000000,25797.74000000,25803.10000000,4.23214000,1693659599999,109243.17440080,175,1.25385000,32361.79535420,0
1693659600000,25805.10000000,25847.28000000,25782.79000000,25822.10000000,6.42785000,1693663199999,165873.35835070,233,2.37622000,61326.02326150,0
1693663200000,25822.11000000,25884.56000000,25803.56000000,25860.53000000,7.47717000,1693666799999,193194.18596040,268,3.47726000,89853.26186570,0
1693666800000,25861.15000000,25978.14000000,25861.15000000,25890.49000000,23.78432000,1693670399999,616492.81631640,719,8.18084000,212081.87400000,0
1693670400000,25893.08000000,25933.82000000,25840.97000000,25854.14000000,11.86758000,1693673999999,307197.72245280,336,2.22029000,57499.37688220,0
1693674000000,25857.79000000,25872.68000000,25804.64000000,25813.53000000,4.75612000,1693677599999,122899.14067190,261,1.67274000,43238.24896470,0
1693677600000,25811.52000000,25820.75000000,25760.43000000,25805.94000000,6.69154000,1693681199999,172590.44267180,280,1.86398000,48087.83416180,0
1693681200000,25803.55000000,25843.11000000,25796.25000000,25833.65000000,2.50758000,1693684799999,64743.01956520,186,0.64644000,16691.37846500,0
1693684800000,25833.00000000,25847.11000000,25816.20000000,25845.65000000,6.89509000,1693688399999,178132.25943050,218,3.66295000,94634.44534160,0
1693688400000,25840.24000000,25885.88000000,25837.61000000,25854.96000000,4.36808000,1693691999999,112941.61276910,228,0.83205000,21515.40858110,0
1693692000000,25854.33000000,25858.95000000,25842.61000000,25858.13000000,7.37866000,1693695599999,190749.12352860,259,0.72275000,18683.35539940,0
1693695600000,25858.29000000,25901.37000000,25851.38000000,25867.52000000,5.90102000,1693699199999,152633.92181050,200,1.05139000,27203.04674080,0
1693699200000,25873.71000000,25873.71000000,25824.05000000,25867.68000000,9.91953000,1693702799999,256445.72899200,242,3.50477000,90611.26275700,0
1693702800000,25867.67000000,25902.07000000,25849.16000000,25862.44000000,5.78499000,1693706399999,149685.08955690,185,4.13448000,106984.14751870,0
1693706400000,25862.43000000,25878.53000000,25854.08000000,25857.42000000,7.94248000,1693709999999,205433.72364730,165,3.37804000,87373.25379870,0
1693710000000,25853.10000000,25871.50000000,25846.48000000,25860.86000000,4.33040000,1693713599999,111983.66823470,157,0.91551000,23676.09763140,0
1693713600000,25861.02000000,25879.67000000,25861.02000000,25873.29000000,4.36870000,1693717199999,113015.98263240,153,1.40570000,36362.63754000,0
1693717200000,25873.26000000,25899.89000000,25871.10000000,25895.03000000,7.20933000,1693720799999,186650.98867570,155,0.91787000,23761.92932100,0
1693720800000,25901.22000000,25942.65000000,25888.15000000,25909.89000000,6.58725000,1693724399999,170648.25246830,210,1.93087000,50030.14450990,0
1693724400000,25905.07000000,25949.16000000,25900.71000000,25947.09000000,4.85984000,1693727999999,125980.90840270,199,2.38469000,61821.44621670,0
1693728000000,25951.25000000,25951.25000000,25875.51000000,25881.54000000,14.29853000,1693731599999,370305.17930240,397,1.63204000,42258.46554190,0
1693731600000,25878.82000000,25934.28000000,25874.96000000,25901.44000000,6.20387000,1693735199999,160748.11555840,139,2.27472000,58934.52065630,0
1693735200000,25901.46000000,25931.99000000,25886.27000000,25929.49000000,7.53185000,1693738799999,195098.00043260,191,2.06373000,53464.69077170,0
1693738800000,25930.91000000,25942.47000000,25907.52000000,25939.03000000,5.15619000,1693742399999,133666.61088350,146,1.09841000,28467.96929110,0
1693742400000,25943.62000000,26070.36000000,25870.37000000,25895.60000000,16.93148000,1693745999999,439757.95024110,448,7.59385000,197256.20820480,0
1693746000000,25894.23000000,25943.18000000,25820.65000000,25887.71000000,38.15595000,1693749599999,987773.09526810,520,20.82785000,539091.38684670,0
1693749600000,25886.51000000,25933.93000000,25882.03000000,25920.45000000,9.23636000,1693753199999,239222.41966100,237,3.08982000,80037.00247600,0
1693753200000,25923.58000000,25926.06000000,25847.21000000,25867.53000000,8.14241000,1693756799999,210796.11328980,235,2.76251000,71480.38657250,0
1693756800000,25867.53000000,25889.13000000,25800.00000000,25844.01000000,14.01025000,1693760399999,361978.33228050,327,5.15565000,133187.23125230,0
1693760400000,25842.47000000,25887.25000000,25828.95000000,25885.19000000,6.80092000,1693763999999,175877.36464030,212,3.41767000,88382.61307320,0
1693764000000,25885.86000000,26031.13000000,25878.11000000,25931.70000000,15.83858000,1693767599999,411030.08808730,435,7.89804000,204986.72251160,0
1693767600000,25931.60000000,26010.38000000,25927.61000000,26004.59000000,11.95596000,1693771199999,310506.73686230,241,6.78411000,176178.86266560,0
1693771200000,26019.21000000,26128.71000000,25957.43000000,26042.40000000,21.36910000,1693774799999,556166.33432080,395,9.98105000,259752.31053820,0
1693774800000,26043.11000000,26065.82000000,25943.33000000,25961.50000000,11.74244000,1693778399999,305334.80148270,293,5.79183000,150652.79669860,0
1693778400000,25962.76000000,25981.39000000,25932.15000000,25947.54000000,7.14058000,1693781999999,185349.86173410,165,3.19200000,82854.26258190,0
1693782000000,25948.27000000,25979.37000000,25926.03000000,25969.59000000,8.83234000,1693785599999,229238.62803740,155,4.44509000,115378.55863820,0
1693785600000,25969.60000000,25973.54000000,25893.13000000,25903.63000000,10.21702000,1693789199999,264854.70195520,237,4.92834000,127744.01329700,0
1693789200000,25904.14000000,25921.25000000,25873.58000000,25904.82000000,5.31628000,1693792799999,137659.64932770,162,2.41578000,62563.25727360,0
1693792800000,25898.53000000,26014.88000000,25894.82000000,25980.74000000,6.42923000,1693796399999,166838.99457800,198,4.11778000,106887.98550730,0
1693796400000,25979.21000000,26097.41000000,25969.30000000,25982.54000000,10.36006000,1693799999999,269764.21089280,381,5.47609000,142621.51630810,0
1693800000000,25982.64000000,26012.08000000,25976.41000000,25976.42000000,2.82729000,1693803599999,73499.76975950,144,0.83621000,21735.09461880,0
1693803600000,25976.92000000,25988.27000000,25927.97000000,25928.04000000,2.39067000,1693807199999,62068.99746640,140,0.58570000,15204.91609460,0
1693807200000,25927.96000000,25984.78000000,25906.38000000,25959.91000000,6.57403000,1693810799999,170595.80996550,208,3.97736000,103225.65610920,0
1693810800000,25963.02000000,26010.81000000,25954.79000000,25957.44000000,9.26857000,1693814399999,240860.73400940,191,8.26268000,214741.65402560,0
1693814400000,25958.51000000,26001.75000000,25953.13000000,25976.67000000,1.24683000,1693817999999,32394.58332720,132,0.81185000,21092.57766060,0
1693818000000,25977.17000000,25977.94000000,25908.41000000,25940.92000000,3.39194000,1693821599999,88013.63714280,134,1.84122000,47779.40999780,0
1693821600000,25946.80000000,25954.68000000,25872.99000000,25898.24000000,6.87986000,1693825199999,178301.91938570,248,1.91892000,49715.14954550,0
1693825200000,25899.33000000,25931.74000000,25853.32000000,25881.21000000,17.88250000,1693828799999,463146.68825550,392,9.17706000,237766.06652640,0
1693828800000,25873.65000000,25890.55000000,25816.67000000,25848.43000000,12.22118000,1693832399999,315931.85104150,419,4.06863000,105173.04491150,0
1693832400000,25845.79000000,25900.00000000,25833.73000000,25871.84000000,8.32197000,1693835999999,215403.78591200,238,3.17406000,82151.60970510,0
1693836000000,25875.61000000,25899.84000000,25826.64000000,25844.41000000,3.89404000,1693839599999,100680.90362400,180,2.94469000,76138.35037300,0
1693839600000,25842.27000000,25953.82000000,25721.57000000,25801.74000000,29.90135000,1693843199999,771177.71031300,794,10.69787000,275895.31741650,0
1693843200000,25803.31000000,25869.75000000,25802.01000000,25857.97000000,7.44282000,1693846799999,192311.85761600,249,5.61411000,145065.09859020,0
1693846800000,25850.43000000,25929.42000000,25840.64000000,25899.43000000,6.87662000,1693850399999,177923.90546450,218,5.33046000,137923.72250710,0
1693850400000,25898.56000000,25934.00000000,25876.28000000,25905.31000000,6.11948000,1693853999999,158578.11540070,176,4.51602000,117031.62024570,0
1693854000000,25904.17000000,25905.18000000,25844.75000000,25882.91000000,8.85567000,1693857599999,229175.37828800,280,4.82847000,124969.37151820,0
1693857600000,25889.42000000,25911.68000000,25799.84000000,25826.18000000,8.69288000,1693861199999,224715.37555720,305,4.82158000,124648.18554890,0
1693861200000,25826.15000000,25832.67000000,25618.61000000,25663.96000000,45.61883000,1693864799999,1172766.55520180,769,10.35122000,266393.48407900,0
1693864800000,25670.70000000,25788.02000000,25627.23000000,25766.03000000,5.61569000,1693868399999,144503.45334540,227,3.60326000,92698.27327910,0
1693868400000,25767.95000000,25851.72000000,25751.61000000,25805.32000000,14.17877000,1693871999999,365780.23813350,335,6.37627000,164529.97340210,0
1693872000000,25816.48000000,25830.62000000,25730.66000000,25760.34000000,15.31850000,1693875599999,394980.02812350,294,5.96429000,153790.13554060,0
1693875600000,25760.34000000,25793.81000000,25736.12000000,25742.63000000,4.74190000,1693879199999,122156.61234160,151,2.74737000,70781.07024540,0
1693879200000,25742.75000000,25745.99000000,25659.69000000,25668.00000000,5.15015000,1693882799999,132366.54710790,163,2.18682000,56190.73830550,0
1693882800000,25660.18000000,25681.19000000,25564.00000000,25679.70000000,31.70447000,1693886399999,811613.84718490,564,9.52764000,244117.22980280,0
1693886400000,25679.99000000,25718.55000000,25668.48000000,25681.26000000,10.52348000,1693889999999,270378.79932840,217,6.59558000,169478.53272660,0
1693890000000,25690.03000000,25743.55000000,25677.60000000,25720.74000000,9.89901000,1693893599999,254538.84809950,160,8.64672000,222341.11546520,0
1693893600000,25723.12000000,25728.64000000,25671.10000000,25675.24000000,3.97088000,1693897199999,102049.36776950,161,1.22276000,31415.88308260,0
1693897200000,25675.38000000,25720.34000000,25675.38000000,25720.34000000,12.05299000,1693900799999,309792.44414550,226,8.25079000,212046.55111930,0
1693900800000,25719.03000000,25786.36000000,25636.90000000,25687.72000000,17.42709000,1693904399999,447770.02108520,334,7.44423000,191417.04973760,0
1693904400000,25698.70000000,25775.89000000,25683.41000000,25737.47000000,7.00730000,1693907999999,180202.37505350,238,4.79745000,123369.46150000,0
1693908000000,25745.36000000,25790.70000000,25734.16000000,25739.10000000,10.45595000,1693911599999,269379.69089380,316,7.31939000,188559.11924750,0
1693911600000,25742.22000000,25775.32000000,25728.71000000,25764.67000000,3.75823000,1693915199999,96753.08437020,129,2.03732000,52448.87238870,0
1693915200000,25766.44000000,25818.48000000,25680.81000000,25811.33000000,17.03048000,1693918799999,438281.99390130,387,7.17620000,184612.60032810,0
1693918800000,25803.93000000,25810.90000000,25716.44000000,25719.51000000,6.73623000,1693922399999,173539.95830980,264,4.06899000,104809.80929030,0
1693922400000,25711.00000000,25744.59000000,25602.50000000,25696.25000000,16.29714000,1693925999999,418273.34540030,459,9.86756000,253327.51627930,0
1693926000000,25700.32000000,25889.50000000,25658.94000000,25745.60000000,49.26358000,1693929599999,1269841.57160610,809,23.42087000,603384.28603910,0
1693929600000,25742.52000000,25827.69000000,25721.31000000,25740.50000000,27.69518000,1693933199999,712882.85838850,441,19.38135000,498810.72430720,0
1693933200000,25736.20000000,25761.80000000,25690.97000000,25736.64000000,13.89045000,1693936799999,357370.70398220,292,5.53338000,142353.94018980,0
1693936800000,25740.53000000,25748.98000000,25698.30000000,25729.65000000,2.02496000,1693940399999,52078.92023050,155,1.32135000,33979.55888340,0
1693940400000,25728.91000000,25758.56000000,25672.94000000,25672.94000000,4.47815000,1693943999999,115156.74450380,204,1.06928000,27496.50822490,0
1693944000000,25677.01000000,25727.04000000,25659.83000000,25705.81000000,12.52179000,1693947599999,321680.60041710,299,4.90805000,126100.31505550,0
1693947600000,25703.55000000,25755.82000000,25699.25000000,25723.08000000,5.01403000,1693951199999,128994.77764530,160,2.46863000,63514.68929770,0
1693951200000,25722.91000000,25763.38000000,25714.18000000,25757.86000000,6.30355000,1693954799999,162266.47443460,170,2.42581000,62450.91521220,0
1693954800000,25760.52000000,25792.20000000,25756.14000000,25781.96000000,4.80838000,1693958399999,123929.87744870,179,1.97017000,50771.31227700,0
1693958400000,25772.69000000,25816.27000000,25769.27000000,25795.84000000,6.91906000,1693961999999,178413.29172480,206,2.09053000,53908.84888500,0
1693962000000,25795.13000000,25811.54000000,25760.92000000,25770.46000000,3.76799000,1693965599999,97160.98655420,140,1.66653000,42985.80057020,0
1693965600000,25770.61000000,25842.32000000,25759.21000000,25841.09000000,3.60347000,1693969199999,92956.58206630,143,1.49366000,38549.57638630,0
1693969200000,25848.38000000,25851.59000000,25761.10000000,25767.40000000,2.21289000,1693972799999,57121.75703130,136,0.70985000,18321.21788000,0
1693972800000,25764.57000000,25776.92000000,25739.58000000,25739.58000000,3.42738000,1693976399999,88287.69539210,120,1.92294000,49529.01115730,0
1693976400000,25741.07000000,25753.49000000,25723.86000000,25730.77000000,2.80150000,1693979999999,72093.53289300,139,1.17807000,30318.48182310,0
1693980000000,25730.33000000,25773.40000000,25724.18000000,25757.98000000,3.97351000,1693983599999,102316.65034460,145,0.60175000,15493.85979130,0
1693983600000,25760.77000000,25767.15000000,25708.53000000,25711.82000000,4.84334000,1693987199999,124715.17631230,141,2.54441000,65526.69546690,0
1693987200000,25713.19000000,25745.04000000,25707.85000000,25736.30000000,3.47257000,1693990799999,89337.88227010,154,1.33820000,34425.72472520,0
1693990800000,25742.89000000,25757.05000000,25702.62000000,25739.05000000,5.68084000,1693994399999,146154.80670940,137,2.88784000,74281.37327410,0
1693994400000,25738.83000000,25763.41000000,25709.53000000,25715.33000000,3.51963000,1693997999999,90594.41876470,183,1.03835000,26719.18217270,0
1693998000000,25714.55000000,25752.97000000,25709.19000000,25722.30000000,3.02942000,1694001599999,77936.14186920,172,1.10470000,28420.72294530,0
1694001600000,25720.50000000,25735.47000000,25680.02000000,25712.56000000,11.76903000,1694005199999,302550.66009180,365,2.98108000,76637.12053660,0
1694005200000,25699.59000000,25764.35000000,25671.29000000,25726.94000000,14.22100000,1694008799999,365476.69079410,457,6.44546000,165635.73456660,0
1694008800000,25726.22000000,25726.22000000,25529.87000000,25595.69000000,19.05599000,1694012399999,488009.06121290,727,7.38585000,189201.74799590,0
1694012400000,25597.74000000,25642.98000000,25532.51000000,25578.08000000,15.86916000,1694015999999,406110.37370170,423,4.99830000,127921.89358070,0
1694016000000,25566.59000000,25624.15000000,25539.54000000,25578.40000000,20.98178000,1694019599999,536682.55808310,327,12.59750000,322165.32407590,0
1694019600000,25581.21000000,26013.68000000,25342.72000000,25856.14000000,54.98833000,1694023199999,1411416.85024550,1129,28.81918000,739707.53706170,0
1694023200000,25845.28000000,25940.90000000,25572.53000000,25617.24000000,35.80736000,1694026799999,921859.38557870,1398,19.87832000,511675.80166280,0
1694026800000,25605.49000000,25708.72000000,25575.17000000,25658.75000000,16.72365000,1694030399999,428960.01372770,447,11.46353000,294033.41886640,0
1694030400000,25671.91000000,25702.77000000,25635.32000000,25667.81000000,6.05491000,1694033999999,155458.93153720,221,5.06019000,129929.36001160,0
1694034000000,25658.40000000,25756.57000000,25651.97000000,25710.95000000,8.77231000,1694037599999,225552.38641900,225,5.16839000,132882.03538440,0
1694037600000,25713.62000000,25765.14000000,25701.00000000,25734.75000000,12.89209000,1694041199999,331821.23370470,246,5.21993000,134371.03397960,0
1694041200000,25732.83000000,25774.19000000,25723.34000000,25747.12000000,8.38778000,1694044799999,216019.11168020,230,2.11181000,54384.59275690,0
1694044800000,25746.41000000,25760.96000000,25718.59000000,25742.18000000,2.82479000,1694048399999,72731.58502580,182,1.95578000,50360.14107000,0
1694048400000,25742.17000000,25762.39000000,25705.22000000,25734.68000000,9.89901000,1694051999999,254663.39451050,207,3.02676000,77876.50846190,0
1694052000000,25733.04000000,25765.33000000,25719.29000000,25735.78000000,1.84159000,1694055599999,47405.36503230,130,1.12950000,29074.45141790,0
1694055600000,25735.78000000,25823.51000000,25735.78000000,25820.47000000,2.47165000,1694059199999,63699.87926050,179,1.01192000,26085.22099740,0
1694059200000,25823.39000000,25834.99000000,25771.18000000,25804.41000000,14.60550000,1694062799999,376731.53193330,218,3.59090000,92609.34945990,0
1694062800000,25801.92000000,25808.46000000,25762.80000000,25779.69000000,2.02328000,1694066399999,52165.70846100,126,1.69964000,43820.51690590,0
1694066400000,25781.68000000,25781.88000000,25751.38000000,25751.38000000,2.02905000,1694069999999,52288.30389090,142,0.70653000,18204.01572480,0
1694070000000,25747.80000000,25760.99000000,25733.22000000,25750.61000000,2.75931000,1694073599999,71046.98571010,222,0.41617000,10713.99916070,0
1694073600000,25750.61000000,25750.61000000,25717.45000000,25732.85000000,12.15209000,1694077199999,312767.10180710,397,11.01117000,283404.27225540,0
1694077200000,25731.64000000,25748.18000000,25721.49000000,25722.29000000,13.28511000,1694080799999,341969.16992150,385,8.84936000,227806.92818830,0
1694080800000,25727.09000000,25737.71000000,25704.22000000,25716.03000000,3.93392000,1694084399999,101186.90442030,136,2.09615000,53912.72167010,0
1694084400000,25735.54000000,25742.91000000,25676.56000000,25693.53000000,4.97024000,1694087999999,127751.47377950,151,1.09696000,28194.03608190,0
1694088000000,25693.52000000,25707.28000000,25620.56000000,25643.67000000,7.97308000,1694091599999,204630.19690050,189,1.79838000,46134.53328790,0
1694091600000,25645.19000000,25758.61000000,25610.85000000,25632.81000000,7.40374000,1694095199999,190133.18892650,262,3.74670000,96216.03163120,0
1694095200000,25622.18000000,25749.65000000,25601.15000000,25749.65000000,17.00430000,1694098799999,436560.19267090,422,12.23814000,314232.89835250,0
1694098800000,25751.51000000,25816.35000000,25724.46000000,25761.54000000,12.98252000,1694102399999,334524.01595610,399,6.66684000,171773.45661740,0
1694102400000,25758.37000000,25962.83000000,25752.44000000,25811.12000000,42.85924000,1694105999999,1107548.40451270,623,19.08642000,493306.41050600,0
1694106000000,25811.74000000,25950.72000000,25777.99000000,25913.34000000,14.02791000,1694109599999,362818.70560410,440,5.65358000,146156.01387490,0
1694109600000,25916.36000000,25960.02000000,25837.49000000,25885.54000000,8.95456000,1694113199999,231835.71748160,306,2.54682000,65928.99366570,0
1694113200000,25888.64000000,25902.28000000,25819.48000000,25874.22000000,6.87768000,1694116799999,177826.86316070,267,1.81941000,47026.20676180,0
1694116800000,25859.11000000,26010.05000000,25844.69000000,25988.39000000,26.92515000,1694120399999,698093.81432360,620,11.89664000,308388.58068340,0
1694120400000,26009.58000000,26449.48000000,25996.65000000,26137.59000000,36.94617000,1694123999999,967808.51084880,1156,17.02081000,445758.02810050,0
1694124000000,26145.85000000,26418.66000000,26145.85000000,26318.25000000,21.19341000,1694127599999,557780.85500190,710,10.19385000,268158.28836710,0
1694127600000,26310.46000000,26345.00000000,26127.09000000,26247.23000000,20.73758000,1694131199999,543838.35385490,696,9.84970000,258564.48042700,0
1694131200000,26247.23000000,26430.41000000,26208.85000000,26354.26000000,14.64849000,1694134799999,385409.68606160,661,4.10681000,107963.55314880,0
1694134800000,26349.32000000,26375.48000000,26227.05000000,26230.44000000,39.10536000,1694138399999,1027321.21097740,799,25.52277000,670464.72518980,0
1694138400000,26234.31000000,26273.92000000,26185.75000000,26236.70000000,17.92467000,1694141999999,470281.22656730,439,8.41408000,220749.40815560,0
1694142000000,26236.70000000,26266.63000000,26203.51000000,26241.15000000,50.18168000,1694145599999,1316340.41518530,803,37.79622000,991326.91041550,0
1694145600000,26241.15000000,26371.30000000,26241.15000000,26333.92000000,21.19252000,1694149199999,557133.21388210,602,11.75732000,309022.67495210,0
1694149200000,26341.77000000,26383.72000000,26232.94000000,26235.60000000,31.74044000,1694152799999,835173.14468610,894,12.67217000,333496.24129720,0
1694152800000,26229.43000000,26246.29000000,26181.74000000,26212.29000000,6.17865000,1694156399999,162010.54032260,255,3.15465000,82716.24536660,0
1694156400000,26211.98000000,26275.41000000,26211.98000000,26243.96000000,6.98454000,1694159999999,183307.51284690,254,3.31065000,86873.68228730,0
1694160000000,26243.96000000,26258.05000000,26174.63000000,26198.30000000,9.64821000,1694163599999,252846.60416630,425,2.93766000,76989.27004430,0
1694163600000,26176.82000000,26179.49000000,26029.91000000,26033.21000000,15.56625000,1694167199999,406546.72262490,427,4.90085000,127972.34447370,0
1694167200000,26019.04000000,26019.04000000,25662.02000000,25820.30000000,54.63084000,1694170799999,1409493.70699070,1231,21.87036000,563957.77315140,0
1694170800000,25818.94000000,25884.34000000,25806.28000000,25833.91000000,11.67914000,1694174399999,301745.23979970,311,6.32791000,163492.70745390,0
1694174400000,25826.86000000,25891.74000000,25780.25000000,25839.70000000,19.28847000,1694177999999,498031.50090260,331,8.17773000,211121.52907300,0
1694178000000,25840.03000000,25940.16000000,25811.65000000,25866.93000000,16.10923000,1694181599999,416943.00354570,418,9.38205000,242780.64609960,0
1694181600000,25872.71000000,25933.54000000,25830.60000000,25830.60000000,13.42679000,1694185199999,347645.95375330,307,8.07803000,209212.19043650,0
1694185200000,25820.00000000,25890.84000000,25814.87000000,25834.14000000,19.94708000,1694188799999,515708.62602360,388,9.08184000,234785.60075370,0
1694188800000,25829.30000000,25859.73000000,25714.00000000,25779.46000000,33.49504000,1694192399999,863342.88337330,496,14.10472000,363572.62685480,0
1694192400000,25785.39000000,25842.07000000,25735.18000000,25819.25000000,24.06381000,1694195999999,620770.92552900,358,12.69386000,327363.45927260,0
1694196000000,25807.72000000,25824.83000000,25757.22000000,25788.56000000,14.28797000,1694199599999,368555.77328990,259,6.59271000,170033.11920510,0
1694199600000,25786.48000000,25888.14000000,25773.02000000,25888.14000000,26.52102000,1694203199999,685201.06121390,383,15.65386000,404387.00143460,0
1694203200000,25886.31000000,25902.47000000,25840.41000000,25895.41000000,17.57889000,1694206799999,454868.86592290,307,6.78022000,175418.84367430,0
1694206800000,25901.25000000,25922.52000000,25862.10000000,25888.07000000,21.95033000,1694210399999,568174.58295300,541,9.93405000,257138.52158130,0
1694210400000,25888.04000000,25907.30000000,25883.40000000,25900.58000000,4.87229000,1694213999999,126171.78030530,225,2.18094000,56473.67389270,0
1694214000000,25900.33000000,25922.98000000,25890.43000000,25902.73000000,4.94344000,1694217599999,128058.78149020,188,3.62683000,93950.24879890,0
1694217600000,25902.73000000,25902.81000000,25850.87000000,25855.91000000,7.70232000,1694221199999,199282.99494700,227,4.29101000,111023.49354080,0
1694221200000,25853.20000000,25883.22000000,25853.20000000,25862.93000000,2.44063000,1694224799999,63134.64447450,175,0.85396000,22088.61530270,0
1694224800000,25862.94000000,25881.45000000,25844.42000000,25873.63000000,2.00780000,1694228399999,51924.89173150,153,0.75410000,19500.39020300,0
1694228400000,25883.35000000,25883.43000000,25857.83000000,25866.87000000,1.70764000,1694231999999,44166.14850270,70,1.26659000,32756.59521940,0
1694232000000,25870.45000000,25870.45000000,25854.47000000,25863.17000000,1.15468000,1694235599999,29863.02553140,54,0.45226000,11694.14317240,0
1694235600000,25863.49000000,25881.72000000,25826.13000000,25833.59000000,4.94521000,1694239199999,127863.31063890,122,2.02949000,52470.03670560,0
1694239200000,25833.59000000,25873.27000000,25833.59000000,25873.27000000,0.52203000,1694242799999,13495.67488800,72,0.22690000,5864.72469230,0
1694242800000,25872.92000000,25884.45000000,25860.01000000,25873.12000000,6.50327000,1694246399999,168239.19170410,195,3.58052000,92627.59585580,0
1694246400000,25872.75000000,25899.25000000,25861.10000000,25862.04000000,6.49070000,1694249999999,167947.09324420,159,3.62857000,93878.04267900,0
1694250000000,25862.04000000,25895.14000000,25859.38000000,25877.65000000,17.40463000,1694253599999,450345.82862380,370,16.04543000,415166.62817830,0
1694253600000,25884.30000000,25885.34000000,25848.63000000,25864.40000000,14.65036000,1694257199999,378925.07737150,275,13.42800000,347305.00596110,0
1694257200000,25862.72000000,25866.53000000,25841.92000000,25858.56000000,8.04326000,1694260799999,207948.69783580,164,5.28817000,136724.11823130,0
1694260800000,25858.56000000,25862.47000000,25845.22000000,25845.89000000,1.18021000,1694264399999,30510.58356140,89,0.31449000,8129.96478410,0
1694264400000,25846.98000000,25862.58000000,25787.46000000,25819.89000000,6.83901000,1694267999999,176629.38832300,188,1.73040000,44674.91790370,0
1694268000000,25814.27000000,25852.22000000,25812.21000000,25849.12000000,3.16912000,1694271599999,81881.73434520,146,2.18562000,56467.72510430,0
1694271600000,25839.25000000,25916.71000000,25839.25000000,25885.41000000,8.84267000,1694275199999,228902.59321310,246,4.01147000,103824.49537550,0
1694275200000,25885.42000000,25940.61000000,25873.63000000,25889.22000000,4.40447000,1694278799999,114083.37044370,158,2.34355000,60703.31144150,0
1694278800000,25889.22000000,25899.82000000,25865.66000000,25873.75000000,1.99980000,1694282399999,51762.86099140,182,0.90936000,23541.89266770,0
1694282400000,25866.81000000,25867.98000000,25840.78000000,25859.02000000,2.19136000,1694285999999,56655.11009130,123,0.20657000,5340.91654160,0
1694286000000,25855.78000000,25874.32000000,25848.68000000,25863.76000000,3.21947000,1694289599999,83254.41484790,122,1.62237000,41952.54084440,0
1694289600000,25863.73000000,25885.82000000,25848.24000000,25856.58000000,4.12087000,1694293199999,106581.13470800,165,2.06386000,53376.22210640,0
1694293200000,25854.90000000,25894.54000000,25854.90000000,25883.03000000,2.81554000,1694296799999,72831.08217110,130,1.06466000,27536.44039980,0
1694296800000,25883.03000000,25912.57000000,25874.28000000,25902.56000000,1.95632000,1694300399999,50666.06853310,103,0.39344000,10188.39180330,0
1694300400000,25904.25000000,25911.34000000,25881.93000000,25893.55000000,1.69928000,1694303999999,44000.04065130,91,0.67425000,17460.60860790,0
1694304000000,25895.59000000,25895.59000000,25849.99000000,25862.97000000,5.56280000,1694307599999,143819.80191760,152,3.38855000,87599.84715520,0
1694307600000,25864.56000000,25866.46000000,25824.40000000,25841.15000000,5.08337000,1694311199999,131358.58026270,129,0.92027000,23781.55499080,0
1694311200000,25846.08000000,25854.47000000,25835.67000000,25848.36000000,1.08446000,1694314799999,28027.49214960,74,0.44861000,11594.69102410,0
1694314800000,25850.48000000,25871.95000000,25823.38000000,25855.83000000,0.96523000,1694318399999,24948.80327920,74,0.26419000,6827.93647230,0
1694318400000,25848.79000000,25850.44000000,25750.00000000,25823.76000000,6.95190000,1694321999999,179292.28760020,299,1.99763000,51506.20255020,0
1694322000000,25822.42000000,25850.18000000,25801.63000000,25844.63000000,8.93602000,1694325599999,230726.70553960,172,0.72706000,18783.10574320,0
1694325600000,25840.56000000,25866.30000000,25834.86000000,25843.24000000,3.07704000,1694329199999,79559.41463000,139,0.57899000,14968.71238850,0
1694329200000,25847.53000000,25867.69000000,25843.77000000,25846.56000000,1.99203000,1694332799999,51501.36568610,99,0.81337000,21032.34995230,0
1694332800000,25847.33000000,25862.57000000,25827.32000000,25857.50000000,4.52231000,1694336399999,116855.65304310,165,0.85302000,22048.13443780,0
1694336400000,25850.99000000,25857.56000000,25820.00000000,25822.31000000,1.28082000,1694339999999,33097.10543280,73,0.33530000,8665.65767870,0
1694340000000,25820.83000000,25831.98000000,25800.00000000,25802.99000000,1.14143000,1694343599999,29459.98883650,98,0.60124000,15515.32684280,0
1694343600000,25800.00000000,25820.66000000,25789.92000000,25797.22000000,1.51661000,1694347199999,39134.76919130,108,0.90634000,23386.63909530,0
1694347200000,25791.00000000,25813.05000000,25788.08000000,25800.40000000,1.56194000,1694350799999,40295.88406860,118,0.71022000,18322.62347130,0
1694350800000,25796.26000000,25827.70000000,25766.01000000,25805.38000000,2.54615000,1694354399999,65685.25698090,153,1.07918000,27834.22863440,0
1694354400000,25806.76000000,25816.27000000,25745.54000000,25765.25000000,9.73498000,1694357999999,251106.41971110,236,3.39319000,87526.30536260,0
1694358000000,25759.22000000,25791.54000000,25713.04000000,25768.24000000,6.53754000,1694361599999,168366.52202010,239,2.94021000,75725.58572950,0
1694361600000,25765.72000000,25783.78000000,25666.00000000,25783.78000000,17.03241000,1694365199999,437688.78188060,340,2.94930000,75898.79062900,0
1694365200000,25786.21000000,25786.43000000,25669.59000000,25690.34000000,7.48417000,1694368799999,192380.99246210,364,2.87693000,73953.63718200,0
1694368800000,25690.09000000,25748.00000000,25680.78000000,25721.38000000,2.75471000,1694372399999,70875.63703120,177,0.90903000,23389.58487730,0
1694372400000,25721.38000000,25846.13000000,25563.32000000,25786.02000000,19.63047000,1694375999999,504283.07109070,497,10.02826000,257644.96376340,0
1694376000000,25785.00000000,25900.50000000,25762.09000000,25812.37000000,24.08589000,1694379599999,622302.54704480,641,9.36497000,241910.44387250,0
1694379600000,25811.47000000,25898.21000000,25807.45000000,25895.64000000,10.68522000,1694383199999,276322.96940320,313,7.34137000,189822.57340720,0
1694383200000,25906.72000000,26022.93000000,25842.79000000,25842.79000000,21.41185000,1694386799999,554840.70213560,490,9.54412000,247322.78466110,0
1694386800000,25844.89000000,25857.40000000,25808.84000000,25832.05000000,2.74157000,1694390399999,70825.54646830,173,1.56876000,40528.10329560,0
1694390400000,25833.26000000,25867.54000000,25656.45000000,25713.31000000,18.53336000,1694393999999,477546.01953550,584,6.46795000,166580.94740480,0
1694394000000,25722.15000000,25743.83000000,25660.52000000,25676.92000000,7.11179000,1694397599999,182766.12857390,265,3.70890000,95327.31917450,0
1694397600000,25679.12000000,25735.94000000,25650.34000000,25728.04000000,1.90195000,1694401199999,48879.14597050,128,0.57186000,14692.05717090,0
1694401200000,25736.98000000,25776.04000000,25723.17000000,25728.52000000,6.15423000,1694404799999,158453.89187310,157,2.93965000,75708.04005750,0
1694404800000,25728.51000000,25775.36000000,25713.72000000,25761.96000000,6.70115000,1694408399999,172509.01287170,153,1.63805000,42148.17053170,0
1694408400000,25775.18000000,25886.29000000,25764.58000000,25886.29000000,7.92017000,1694411999999,204518.08124210,231,5.27909000,136341.17700970,0
1694412000000,25893.87000000,25893.87000000,25809.23000000,25829.99000000,14.49140000,1694415599999,374606.49357930,268,9.25995000,239419.62766950,0
1694415600000,25830.43000000,25833.19000000,25786.48000000,25804.50000000,3.19715000,1694419199999,82521.21901520,159,1.34048000,34598.32509870,0
1694419200000,25808.19000000,25823.19000000,25744.41000000,25795.74000000,7.75581000,1694422799999,200028.76126310,262,3.65413000,94231.70112800,0
1694422800000,25795.74000000,25800.51000000,25656.19000000,25732.88000000,14.31447000,1694426399999,368234.36806690,395,4.85409000,124886.14041600,0
1694426400000,25725.86000000,25729.20000000,25555.00000000,25709.71000000,28.09431000,1694429999999,720997.59967990,563,15.85229000,406761.24241090,0
1694430000000,25702.19000000,25709.53000000,25581.07000000,25592.63000000,17.75377000,1694433599999,455253.85280410,363,7.60350000,194968.06956130,0
1694433600000,25588.90000000,25710.41000000,25579.72000000,25710.41000000,15.16449000,1694437199999,388937.75170740,348,8.02665000,205805.27761690,0
1694437200000,25707.98000000,25742.48000000,25590.77000000,25602.08000000,24.39796000,1694440799999,626324.94848530,507,10.62607000,272788.46652700,0
1694440800000,25601.18000000,25625.24000000,25000.00000000,25128.72000000,181.02695000,1694444399999,4583180.63284160,2659,70.74910000,1788053.80819880,0
1694444400000,25141.04000000,25193.58000000,24931.58000000,25115.87000000,73.72453000,1694447999999,1849214.80331450,1599,36.58987000,917765.29999420,0
1694448000000,25104.08000000,25241.74000000,25097.45000000,25172.43000000,51.56304000,1694451599999,1297438.37567300,854,29.23676000,735529.89685980,0
1694451600000,25171.25000000,25232.10000000,25043.82000000,25204.21000000,48.39782000,1694455199999,1216697.23588210,679,25.43549000,639373.47096640,0
1694455200000,25211.06000000,25220.34000000,25143.51000000,25150.14000000,20.89850000,1694458799999,526252.25640240,393,10.69238000,269204.18573450,0
1694458800000,25143.32000000,25156.56000000,24989.00000000,25013.16000000,44.16091000,1694462399999,1106587.39280200,755,22.07217000,553132.38854610,0
1694462400000,25004.86000000,25123.99000000,24899.00000000,25088.21000000,57.70297000,1694465999999,1444961.37485210,819,28.69013000,718697.98780560,0
1694466000000,25084.80000000,25204.96000000,25068.94000000,25137.53000000,18.11395000,1694469599999,455319.71291910,336,8.67411000,218007.25181260,0
1694469600000,25139.32000000,25186.93000000,25115.33000000,25139.61000000,9.47441000,1694473199999,238275.31082780,223,3.70229000,93091.59876460,0
1694473200000,25140.31000000,25168.35000000,25070.34000000,25151.71000000,8.51146000,1694476799999,213918.54224980,228,5.99079000,150577.20437060,0
1694476800000,25151.71000000,25223.90000000,25135.75000000,25200.23000000,12.37314000,1694480399999,311503.52082870,235,7.15983000,180241.18191590,0
1694480400000,25198.94000000,25206.38000000,25129.42000000,25135.11000000,21.10624000,1694483999999,530823.64751920,265,12.73927000,320355.79391450,0
1694484000000,25135.76000000,25211.94000000,25135.15000000,25202.07000000,11.19799000,1694487599999,281813.31261270,205,4.99015000,125661.50828620,0
1694487600000,25201.42000000,25939.63000000,25201.42000000,25786.99000000,120.15786000,1694491199999,3082224.48092130,1951,65.91682000,1689977.90900850,0
1694491200000,25801.95000000,25973.82000000,25734.95000000,25752.03000000,73.06461000,1694494799999,1888786.69457720,1161,39.30414000,1016160.11153630,0
1694494800000,25754.24000000,25765.77000000,25603.76000000,25760.07000000,51.61429000,1694498399999,1325136.99398410,859,23.35029000,599396.19006910,0
1694498400000,25779.77000000,25840.66000000,25713.82000000,25759.89000000,44.46695000,1694501999999,1145515.04226700,665,21.87773000,563561.74063820,0
1694502000000,25771.03000000,25869.83000000,25718.46000000,25816.77000000,28.20327000,1694505599999,727418.55888300,552,10.99404000,283541.11543390,0
1694505600000,25815.51000000,25863.93000000,25730.19000000,25748.56000000,29.62923000,1694509199999,764540.38844110,490,14.09384000,363710.65116860,0
1694509200000,25759.56000000,25868.73000000,25737.92000000,25862.47000000,27.95412000,1694512799999,720900.12974260,476,13.88496000,358015.03600680,0
1694512800000,25865.07000000,26305.20000000,25835.09000000,26152.09000000,68.73664000,1694516399999,1794625.43839600,1371,26.05044000,680000.81721760,0
1694516400000,26154.52000000,26167.55000000,26024.17000000,26087.65000000,32.49198000,1694519999999,847970.86897830,699,9.79018000,255459.87055380,0
1694520000000,26090.76000000,26219.13000000,26090.40000000,26110.24000000,74.92704000,1694523599999,1959002.10035240,1415,25.73877000,673053.02888920,0
1694523600000,26114.61000000,26317.91000000,26017.41000000,26268.05000000,46.79108000,1694527199999,1224193.84596080,1139,18.72673000,489867.76329450,0
1694527200000,26271.20000000,26389.37000000,26048.26000000,26110.06000000,70.86298000,1694530799999,1853325.65101610,1434,20.16273000,527773.77581110,0
1694530800000,26110.06000000,26227.99000000,26107.20000000,26202.22000000,65.63777000,1694534399999,1717352.53841230,1533,15.71481000,411143.26428550,0
1694534400000,26202.23000000,26579.62000000,26074.50000000,26101.32000000,84.80676000,1694537999999,2226301.24643060,1348,38.18396000,1002541.79248110,0
1694538000000,26090.00000000,26158.75000000,25896.62000000,25919.34000000,47.73906000,1694541599999,1241652.43501480,909,21.99829000,572118.98643230,0
1694541600000,25900.12000000,26010.13000000,25883.82000000,25979.53000000,13.81287000,1694545199999,358430.14203710,409,6.73164000,174653.55766830,0
1694545200000,25983.41000000,26255.97000000,25979.79000000,26063.46000000,33.20653000,1694548799999,867530.40093630,802,17.12790000,447419.33870350,0
1694548800000,26057.42000000,26112.88000000,26048.92000000,26068.57000000,5.73532000,1694552399999,149626.71077130,197,2.55316000,66607.09214770,0
1694552400000,26059.54000000,26156.78000000,26058.42000000,26101.85000000,10.61313000,1694555999999,277002.80501280,218,3.50438000,91487.09848470,0
1694556000000,26098.15000000,26098.15000000,25920.43000000,25970.66000000,21.45102000,1694559599999,557782.14114310,467,6.09661000,158474.25779850,0
1694559600000,25966.21000000,25966.21000000,25799.52000000,25843.67000000,44.38214000,1694563199999,1148147.11430710,721,13.50103000,349221.40383780,0
1694563200000,25833.43000000,25987.71000000,25767.43000000,25915.57000000,48.40130000,1694566799999,1253265.62265100,652,17.42051000,450855.30140080,0
1694566800000,25919.39000000,25962.06000000,25902.62000000,25958.16000000,15.29747000,1694570399999,396735.39866100,260,7.02126000,182070.06090430,0
1694570400000,25953.98000000,25966.48000000,25901.68000000,25908.76000000,13.25230000,1694573999999,343638.02944050,203,6.34062000,164374.00430360,0
1694574000000,25906.69000000,25916.34000000,25836.38000000,25874.48000000,10.94112000,1694577599999,283128.72781580,188,1.69649000,43917.44052280,0
1694577600000,25870.74000000,25943.71000000,25861.04000000,25923.00000000,10.50246000,1694581199999,272037.07963150,188,4.33052000,112196.46807290,0
1694581200000,25921.33000000,25925.11000000,25850.93000000,25895.15000000,8.29397000,1694584799999,214702.45890190,169,4.98189000,128962.38968080,0
1694584800000,25895.03000000,25988.86000000,25862.39000000,25951.21000000,11.08627000,1694588399999,287420.98913950,315,7.38632000,191484.90663800,0
1694588400000,25951.51000000,26105.22000000,25855.85000000,25872.78000000,26.18896000,1694591999999,680320.47107310,559,15.43107000,400913.56556580,0
1694592000000,25873.13000000,25963.23000000,25862.02000000,25948.75000000,3.25826000,1694595599999,84474.47388250,152,1.38065000,35804.88167980,0
1694595600000,25948.90000000,26198.11000000,25925.46000000,26162.32000000,35.90617000,1694599199999,936322.11017490,700,24.17933000,630832.07485080,0
1694599200000,26149.51000000,26220.96000000,26088.49000000,26150.14000000,31.06621000,1694602799999,812578.87236600,734,20.77602000,543562.71380740,0
1694602800000,26149.65000000,26237.39000000,26106.66000000,26186.43000000,8.65645000,1694606399999,226581.43284770,287,4.35673000,114062.50153150,0
1694606400000,26197.34000000,26261.16000000,26024.80000000,26207.67000000,37.97399000,1694609999999,993622.65404930,843,16.18873000,423479.60580080,0
1694610000000,26220.26000000,26233.79000000,26077.70000000,26125.26000000,28.99029000,1694613599999,758150.34952000,621,13.37050000,349705.81498330,0
1694613600000,26133.60000000,26331.64000000,26064.56000000,26213.13000000,29.85133000,1694617199999,782791.77472640,738,13.27253000,347919.04862860,0
1694617200000,26213.14000000,26388.24000000,26181.75000000,26243.61000000,37.19851000,1694620799999,977522.82402910,898,12.76739000,335672.70287360,0
1694620800000,26244.15000000,26403.35000000,26204.20000000,26280.38000000,33.92749000,1694624399999,892281.26356220,1013,10.53537000,277088.60547170,0
1694624400000,26280.33000000,26357.60000000,26083.61000000,26114.31000000,56.98623000,1694627999999,1493762.42461910,1266,18.86196000,494011.69959210,0
1694628000000,26093.37000000,26167.02000000,26086.98000000,26108.46000000,13.49438000,1694631599999,352649.46485030,402,5.03450000,131551.70011340,0
1694631600000,26112.32000000,26204.87000000,26059.11000000,26141.40000000,20.60003000,1694635199999,538572.02185180,552,7.49392000,195849.97061900,0
1694635200000,26148.27000000,26250.71000000,26148.27000000,26229.34000000,9.35030000,1694638799999,245049.29502680,280,3.37096000,88318.48878420,0
1694638800000,26218.76000000,26279.53000000,26204.49000000,26231.56000000,24.41845000,1694642399999,640808.82291230,640,10.28112000,269706.67713850,0
1694642400000,26232.43000000,26318.49000000,26232.43000000,26246.88000000,18.69438000,1694645999999,491324.30726070,416,4.07162000,106953.91952280,0
1694646000000,26245.47000000,26273.07000000,26202.31000000,26224.18000000,9.61139000,1694649599999,252139.66834340,272,3.12438000,81940.36035240,0
1694649600000,26224.72000000,26519.59000000,26188.49000000,26518.41000000,75.96298000,1694653199999,2005886.26029520,991,52.94944000,1399108.81179660,0
1694653200000,26517.22000000,26542.57000000,26120.37000000,26174.29000000,100.22848000,1694656799999,2636993.47705570,2072,30.25194000,795788.35829930,0
1694656800000,26179.49000000,26282.61000000,26168.09000000,26273.20000000,9.79767000,1694660399999,256882.69014410,318,4.56380000,119637.40212620,0
1694660400000,26284.20000000,26298.02000000,26253.16000000,26265.33000000,4.57554000,1694663999999,120219.93411760,189,2.49587000,65572.42499060,0
1694664000000,26265.96000000,26280.50000000,26197.37000000,26214.60000000,7.86671000,1694667599999,206400.40409420,261,3.00133000,78729.89393790,0
1694667600000,26209.52000000,26243.58000000,26163.90000000,26193.46000000,4.74831000,1694671199999,124393.90466000,171,2.20668000,57785.53257300,0
1694671200000,26191.12000000,26295.33000000,26182.51000000,26286.56000000,3.32642000,1694674799999,87296.21579650,157,1.04806000,27489.61673270,0
1694674800000,26292.30000000,26386.01000000,26257.55000000,26339.40000000,16.19109000,1694678399999,426188.35526340,440,7.61631000,200442.79745380,0
1694678400000,26337.00000000,26356.54000000,26273.70000000,26305.30000000,13.55551000,1694681999999,356748.64577080,504,4.54968000,119770.91322270,0
1694682000000,26305.95000000,26305.95000000,26268.73000000,26281.39000000,4.83293000,1694685599999,127037.38668600,170,2.53841000,66717.69246140,0
1694685600000,26285.71000000,26341.64000000,26282.15000000,26330.29000000,20.15678000,1694689199999,530234.25657100,245,5.94527000,156398.86487570,0
1694689200000,26330.97000000,26490.43000000,26329.55000000,26444.79000000,29.44856000,1694692799999,777311.89875970,496,12.51690000,330369.77168240,0
1694692800000,26449.06000000,26591.95000000,26347.36000000,26462.32000000,42.92857000,1694696399999,1135238.33851950,1118,13.04576000,345082.49441970,0
1694696400000,26462.39000000,26774.29000000,26461.43000000,26582.42000000,88.46656000,1694699999999,2355538.15053920,2038,23.38501000,622545.94791940,0
1694700000000,26586.69000000,26754.20000000,26530.33000000,26732.33000000,65.24443000,1694703599999,1738047.13886100,1748,12.45848000,331936.63425340,0
1694703600000,26749.24000000,26800.00000000,26589.58000000,26697.29000000,59.61244000,1694707199999,1589308.49925260,1495,11.76135000,313591.60546520,0
1694707200000,26699.43000000,26737.36000000,26553.00000000,26620.06000000,31.88292000,1694710799999,849080.21523660,807,14.66102000,390285.24790760,0
1694710800000,26621.16000000,26682.31000000,26571.46000000,26656.89000000,23.47318000,1694714399999,624999.30828920,668,5.09798000,135695.10087370,0
1694714400000,26648.29000000,26871.47000000,26586.15000000,26593.04000000,32.05077000,1694717999999,855613.23686390,929,11.61441000,310058.67367840,0
1694718000000,26583.52000000,26686.53000000,26563.25000000,26681.34000000,24.16994000,1694721599999,643586.40400690,660,7.22012000,192170.61217150,0
1694721600000,26679.71000000,26729.47000000,26562.37000000,26578.75000000,12.87003000,1694725199999,342762.44424340,414,2.96030000,78890.09093320,0
1694725200000,26573.48000000,26620.66000000,26482.90000000,26531.67000000,9.98318000,1694728799999,265249.86943680,396,2.38067000,63280.86978760,0
1694728800000,26544.46000000,26632.22000000,26510.96000000,26617.00000000,11.03804000,1694732399999,293446.94721580,398,3.99687000,106204.89320390,0
1694732400000,26606.33000000,26635.52000000,26507.00000000,26525.48000000,17.31139000,1694735999999,459835.97295180,493,3.51145000,93283.62887750,0
1694736000000,26526.38000000,26566.91000000,26480.25000000,26489.19000000,11.51132000,1694739599999,305287.51000200,342,3.48905000,92551.01829700,0
1694739600000,26487.99000000,26518.34000000,26458.46000000,26504.23000000,13.54695000,1694743199999,358881.35371800,353,4.00237000,106021.88331740,0
1694743200000,26504.23000000,26612.68000000,26504.23000000,26612.68000000,9.98704000,1694746799999,265472.48890900,342,3.59330000,95483.38599650,0
1694746800000,26612.69000000,26625.71000000,26577.84000000,26619.84000000,15.49932000,1694750399999,412308.01664340,462,5.17317000,137623.05292390,0
1694750400000,26619.83000000,26658.88000000,26597.36000000,26645.67000000,9.84983000,1694753999999,262330.66420620,360,6.07057000,161692.72501260,0
1694754000000,26639.57000000,26641.42000000,26572.80000000,26588.85000000,7.18219000,1694757599999,191118.54710920,276,2.77098000,73719.95002350,0
1694757600000,26583.55000000,26609.29000000,26565.66000000,26579.60000000,3.66381000,1694761199999,97403.17132370,147,1.25610000,33396.60882020,0
1694761200000,26575.29000000,26594.91000000,26552.50000000,26566.23000000,9.63261000,1694764799999,255966.91509290,308,3.33729000,88679.80793170,0
1694764800000,26566.24000000,26638.10000000,26541.60000000,26636.90000000,14.01659000,1694768399999,372591.22318300,345,3.26281000,86787.86413850,0
1694768400000,26634.00000000,26686.76000000,26579.53000000,26621.35000000,25.19738000,1694771999999,670888.85785630,425,4.96348000,132178.79956900,0
1694772000000,26612.87000000,26655.14000000,26600.71000000,26639.34000000,6.60292000,1694775599999,175838.47118620,305,3.77621000,100563.61744020,0
1694775600000,26639.34000000,26641.29000000,26372.71000000,26426.23000000,43.92297000,1694779199999,1164831.12130590,830,12.71228000,336990.93105280,0
1694779200000,26409.56000000,26475.46000000,26338.87000000,26369.72000000,18.23058000,1694782799999,481718.60626810,414,7.44832000,196787.62701840,0
1694782800000,26364.77000000,26523.28000000,26364.77000000,26370.21000000,27.21692000,1694786399999,719373.14778500,561,13.99660000,369831.20666280,0
1694786400000,26368.82000000,26410.21000000,26226.91000000,26236.88000000,36.18508000,1694789999999,952234.57166810,829,20.61023000,542365.89623070,0
1694790000000,26236.00000000,26328.80000000,26224.17000000,26321.21000000,23.54692000,1694793599999,618815.86462320,479,15.53852000,408267.96728560,0
1694793600000,26320.08000000,26392.71000000,26311.84000000,26379.33000000,27.41240000,1694797199999,722602.86970540,391,17.63778000,464999.84278360,0
1694797200000,26374.63000000,26379.16000000,26318.54000000,26342.75000000,8.87921000,1694800799999,233989.37561990,243,3.46527000,91302.11842970,0
1694800800000,26342.21000000,26404.99000000,26330.84000000,26351.81000000,18.06940000,1694804399999,476286.39625240,401,5.47194000,144218.50612880,0
1694804400000,26348.54000000,26445.73000000,26341.93000000,26397.67000000,10.21478000,1694807999999,269782.04159550,344,3.52300000,93067.58434030,0
1694808000000,26397.79000000,26447.06000000,26371.29000000,26408.25000000,7.76923000,1694811599999,205240.85098560,322,1.44327000,38111.98478320,0
1694811600000,26415.58000000,26504.41000000,26415.58000000,26467.64000000,16.45196000,1694815199999,435369.82511970,437,5.66378000,149854.53589880,0
1694815200000,26473.02000000,26849.07000000,26470.80000000,26780.81000000,48.95223000,1694818799999,1304700.11327500,1145,25.12983000,670323.37935670,0
1694818800000,26776.06000000,26886.13000000,26590.70000000,26601.63000000,34.92158000,1694822399999,934121.35066600,829,15.95096000,426751.47488110,0
1694822400000,26599.33000000,26676.07000000,26574.52000000,26632.04000000,17.68289000,1694825999999,470869.38402620,522,7.02030000,186925.76762560,0
1694826000000,26632.28000000,26697.04000000,26595.77000000,26652.73000000,9.96239000,1694829599999,265508.11835870,364,2.71636000,72385.19935880,0
1694829600000,26659.94000000,26771.38000000,26659.94000000,26673.27000000,16.65003000,1694833199999,444476.51030080,526,5.02237000,134056.34064200,0
1694833200000,26678.72000000,26700.26000000,26607.41000000,26620.19000000,15.97613000,1694836799999,425906.70173890,452,4.35652000,116145.75260480,0
1694836800000,26620.22000000,26620.22000000,26552.17000000,26556.01000000,10.09467000,1694840399999,268450.29312100,369,2.51040000,66748.20217070,0
1694840400000,26558.43000000,26585.65000000,26520.59000000,26542.47000000,8.62577000,1694843999999,229008.54790620,363,3.25005000,86314.72778990,0
1694844000000,26538.16000000,26538.16000000,26466.37000000,26487.76000000,8.44519000,1694847599999,223773.31539260,367,1.52246000,40341.00139750,0
1694847600000,26487.76000000,26509.51000000,26483.56000000,26496.27000000,4.01050000,1694851199999,106265.35403970,166,1.28241000,33979.40357660,0
1694851200000,26496.21000000,26538.28000000,26474.84000000,26512.70000000,4.86471000,1694854799999,128933.08251230,166,1.84007000,48769.20420270,0
1694854800000,26518.42000000,26579.50000000,26502.48000000,26507.35000000,9.27813000,1694858399999,246299.86161120,222,3.73418000,99101.10164220,0
1694858400000,26503.15000000,26548.90000000,26449.82000000,26548.90000000,12.72431000,1694861999999,337174.01039160,331,5.76647000,152812.60395350,0
1694862000000,26548.90000000,26549.88000000,26488.40000000,26526.79000000,5.09227000,1694865599999,135081.39794340,195,1.17033000,31034.77533860,0
1694865600000,26525.52000000,26579.50000000,26503.06000000,26551.75000000,3.48172000,1694869199999,92416.53036480,227,0.96679000,25663.50475070,0
1694869200000,26554.68000000,26570.80000000,26523.04000000,26558.01000000,2.90133000,1694872799999,77021.48098000,148,0.89482000,23755.13488040,0
1694872800000,26550.01000000,26566.83000000,26495.39000000,26504.29000000,6.68640000,1694876399999,177444.56483800,258,3.23688000,85893.13308540,0
1694876400000,26498.35000000,26542.13000000,26486.75000000,26510.38000000,3.05824000,1694879999999,81104.95653710,215,1.00299000,26601.57170870,0
1694880000000,26510.39000000,26536.75000000,26482.92000000,26529.38000000,10.03864000,1694883599999,266041.50093490,215,2.77543000,73598.42788270,0
1694883600000,26527.52000000,26623.80000000,26515.08000000,26568.93000000,9.70323000,1694887199999,257769.63392140,345,5.80106000,154066.71216040,0
1694887200000,26568.62000000,26615.11000000,26556.01000000,26579.46000000,3.30615000,1694890799999,87882.68651700,191,2.01652000,53595.01963820,0
1694890800000,26581.73000000,26587.71000000,26508.96000000,26538.89000000,7.19336000,1694894399999,190897.54130270,242,2.53982000,67376.61346190,0
1694894400000,26538.89000000,26567.28000000,26529.61000000,26532.11000000,2.39372000,1694897999999,63549.56770470,194,1.23535000,32796.09386730,0
1694898000000,26533.04000000,26582.89000000,26533.04000000,26574.61000000,7.74724000,1694901599999,205809.13714640,172,3.24264000,86135.45414670,0
1694901600000,26574.61000000,26579.99000000,26561.34000000,26561.35000000,4.32440000,1694905199999,114914.23844740,140,0.65865000,17503.78115830,0
1694905200000,26560.91000000,26577.19000000,26516.19000000,26564.05000000,5.73159000,1694908799999,152166.13095250,197,2.27963000,60521.48615700,0
1694908800000,26566.67000000,26566.91000000,26424.51000000,26474.80000000,14.20059000,1694912399999,376480.15730450,487,5.35924000,142039.31917590,0
1694912400000,26472.74000000,26520.20000000,26426.81000000,26501.33000000,12.19136000,1694915999999,322545.71049100,496,4.45353000,117854.12994780,0
1694916000000,26504.69000000,26525.61000000,26496.16000000,26520.91000000,9.34297000,1694919599999,247763.14158510,196,2.06829000,54839.76683620,0
1694919600000,26504.61000000,26538.88000000,26504.57000000,26533.45000000,2.04496000,1694923199999,54244.36612060,82,0.21051000,5585.51842360,0
1694923200000,26537.57000000,26571.63000000,26515.55000000,26559.16000000,3.64914000,1694926799999,96870.91612990,131,1.63792000,43494.18928420,0
1694926800000,26551.49000000,26563.15000000,26527.88000000,26546.78000000,2.17988000,1694930399999,57854.31314300,84,1.16954000,31038.65222720,0
1694930400000,26548.68000000,26550.25000000,26529.46000000,26549.05000000,1.19620000,1694933999999,31748.57629060,70,0.40066000,10635.26025500,0
1694934000000,26551.66000000,26553.34000000,26500.00000000,26500.01000000,4.62618000,1694937599999,122734.49495250,119,1.52679000,40498.88402150,0
1694937600000,26500.85000000,26556.36000000,26500.85000000,26556.00000000,2.30216000,1694941199999,61073.99402450,113,1.93444000,51322.57801160,0
1694941200000,26554.70000000,26587.09000000,26546.82000000,26585.33000000,4.29705000,1694944799999,114135.07894400,208,1.48515000,39451.68637930,0
1694944800000,26585.34000000,26610.00000000,26576.07000000,26602.61000000,3.26602000,1694948399999,86869.85839570,134,1.73893000,46252.29518240,0
1694948400000,26604.58000000,26625.78000000,26574.05000000,26574.05000000,3.78523000,1694951999999,100688.06418570,139,2.09830000,55815.01823250,0
1694952000000,26579.86000000,26591.39000000,26563.66000000,26582.94000000,1.24527000,1694955599999,33095.68209840,73,0.68130000,18107.93404480,0
1694955600000,26582.93000000,26582.93000000,26532.78000000,26544.06000000,3.44510000,1694959199999,91490.20174610,139,1.24216000,32970.26929720,0
1694959200000,26545.74000000,26588.15000000,26528.19000000,26544.25000000,3.55725000,1694962799999,94474.03083190,146,0.85475000,22697.05041300,0
1694962800000,26545.03000000,26600.15000000,26544.02000000,26554.49000000,9.31957000,1694966399999,247635.10523210,265,4.76714000,126655.18771610,0
1694966400000,26555.60000000,26557.78000000,26500.77000000,26515.65000000,7.36339000,1694969999999,195321.62082760,207,2.56419000,68004.50866710,0
1694970000000,26515.15000000,26536.87000000,26486.54000000,26486.54000000,10.53521000,1694973599999,279229.79105130,229,3.23120000,85664.40383160,0
1694973600000,26486.54000000,26521.98000000,26471.48000000,26501.84000000,4.10682000,1694977199999,108803.01703230,143,1.38423000,36669.67512450,0
1694977200000,26501.85000000,26525.75000000,26497.10000000,26510.83000000,2.80772000,1694980799999,74423.22300750,131,1.09036000,28901.06838000,0
1694980800000,26510.84000000,26512.24000000,26430.53000000,26443.77000000,11.22102000,1694984399999,297184.15589470,370,4.04350000,107085.55404010,0
1694984400000,26440.76000000,26502.91000000,26406.29000000,26491.18000000,4.17469000,1694987999999,110457.86536720,159,2.52967000,66939.87242160,0
1694988000000,26489.67000000,26492.82000000,26448.83000000,26492.82000000,4.71077000,1694991599999,124690.60235100,188,2.45111000,64880.86947500,0
1694991600000,26499.52000000,26535.72000000,26452.85000000,26533.06000000,7.67421000,1694995199999,203418.03987450,173,5.91823000,156879.06101870,0
1694995200000,26532.74000000,26557.65000000,26381.29000000,26471.50000000,9.10012000,1694998799999,240926.15712800,301,3.53361000,93496.83687700,0
1694998800000,26468.60000000,26493.98000000,26449.48000000,26474.08000000,11.74981000,1695002399999,311049.94853110,277,2.56551000,67914.32162160,0
1695002400000,26464.20000000,26751.37000000,26464.20000000,26667.20000000,29.78972000,1695005999999,793403.41995840,919,16.94046000,451003.92219620,0
1695006000000,26666.45000000,26692.36000000,26564.21000000,26656.30000000,62.60289000,1695009599999,1668417.99863970,999,19.53690000,520775.54472950,0
1695009600000,26663.63000000,26684.68000000,26566.14000000,26626.40000000,30.54361000,1695013199999,812928.55437920,486,1.29995000,34658.75706330,0
1695013200000,26632.19000000,26683.08000000,26602.37000000,26650.00000000,28.67209000,1695016799999,764120.84972930,432,7.50423000,200019.93131410,0
1695016800000,26650.84000000,26699.99000000,26635.45000000,26635.45000000,25.60745000,1695020399999,682803.66691910,407,5.09081000,135741.72969210,0
1695020400000,26635.46000000,26800.00000000,26635.46000000,26716.97000000,17.04130000,1695023999999,455200.63794500,464,8.82956000,235824.50981910,0
1695024000000,26719.92000000,26733.52000000,26685.98000000,26727.39000000,11.02837000,1695027599999,294540.89967110,248,7.97801000,213072.75709350,0
1695027600000,26727.76000000,26945.72000000,26727.76000000,26881.76000000,34.31941000,1695031199999,921217.56082570,806,18.33525000,492202.49926340,0
1695031200000,26877.83000000,27180.88000000,26877.83000000,27128.97000000,56.87416000,1695034799999,1537067.00679760,1386,26.84188000,725718.02089800,0
1695034800000,27138.17000000,27238.67000000,27103.55000000,27203.88000000,34.55659000,1695038399999,939168.90353320,1033,8.87671000,241279.59475700,0
1695038400000,27203.88000000,27411.48000000,27150.72000000,27381.01000000,55.36739000,1695041999999,1512718.11246730,1543,16.16447000,441240.80663520,0
1695042000000,27379.55000000,27418.04000000,27206.86000000,27261.44000000,46.38525000,1695045599999,1267743.95712160,1298,12.76312000,348503.85617190,0
1695045600000,27266.04000000,27298.64000000,27142.42000000,27288.52000000,22.67177000,1695049199999,617261.97187870,656,7.68398000,209278.10282380,0
1695049200000,27266.24000000,27364.95000000,27264.19000000,27277.93000000,17.41903000,1695052799999,475638.50545970,633,6.91166000,188734.67394280,0
1695052800000,27281.77000000,27321.23000000,27208.25000000,27246.00000000,22.61984000,1695056399999,616496.44161030,612,7.85398000,214040.57109730,0
1695056400000,27253.46000000,27277.05000000,26674.23000000,26767.97000000,70.97379000,1695059999999,1907148.87526990,1537,30.39277000,816518.77266010,0
1695060000000,26769.35000000,26856.14000000,26641.75000000,26716.62000000,26.82253000,1695063599999,717443.24087410,685,12.54968000,335793.61930330,0
1695063600000,26716.86000000,26945.32000000,26687.96000000,26840.89000000,23.94910000,1695067199999,642627.45879710,665,16.20952000,434885.43106300,0
1695067200000,26823.94000000,26850.63000000,26741.48000000,26796.44000000,11.28620000,1695070799999,302489.11587970,309,5.06586000,135708.53870640,0
1695070800000,26772.23000000,26842.41000000,26737.86000000,26842.41000000,7.42481000,1695074399999,198969.47968900,224,3.89823000,104456.08641610,0
1695074400000,26841.93000000,26888.25000000,26797.09000000,26877.34000000,12.45895000,1695077999999,334434.94685120,286,7.86537000,211139.98310080,0
1695078000000,26871.66000000,26873.10000000,26736.82000000,26776.25000000,9.07722000,1695081599999,243293.99995490,227,5.51802000,147889.70270570,0
1695081600000,26763.62000000,26792.31000000,26678.44000000,26681.46000000,11.32058000,1695085199999,302414.25621350,327,5.43981000,145322.76579210,0
1695085200000,26685.13000000,26743.24000000,26675.81000000,26706.75000000,5.07338000,1695088799999,135521.57224250,157,2.01918000,53936.32776180,0
1695088800000,26706.75000000,26829.31000000,26690.36000000,26829.31000000,4.55476000,1695092399999,121855.04750570,221,2.21904000,59322.74560720,0
1695092400000,26825.41000000,26844.27000000,26793.29000000,26823.05000000,8.21675000,1695095999999,220444.15798230,195,3.29264000,88334.62325970,0
1695096000000,26823.44000000,26867.23000000,26814.40000000,26863.59000000,5.87360000,1695099599999,157686.58248580,132,0.56043000,15042.49174410,0
1695099600000,26863.59000000,26867.27000000,26802.19000000,26806.08000000,4.30581000,1695103199999,115594.31399560,194,1.64153000,44064.37072160,0
1695103200000,26800.00000000,26836.95000000,26762.32000000,26830.80000000,4.94608000,1695106799999,132597.47483750,182,1.20768000,32359.76901600,0
1695106800000,26828.92000000,26880.91000000,26820.59000000,26857.97000000,9.31574000,1695110399999,250232.26657880,266,3.79016000,101800.41404070,0
1695110400000,26855.73000000,27079.06000000,26855.73000000,27074.21000000,27.25685000,1695113999999,735142.76319760,571,13.80870000,372330.37894020,0
1695114000000,27073.44000000,27473.99000000,27037.50000000,27296.23000000,57.88317000,1695117599999,1578414.11623690,1280,33.37110000,910041.99910470,0
1695117600000,27313.66000000,27316.14000000,27057.59000000,27175.33000000,36.81117000,1695121199999,1000172.86294010,775,16.12481000,438077.91348120,0
1695121200000,27174.28000000,27242.32000000,27092.89000000,27239.99000000,19.52912000,1695124799999,530452.09952370,411,9.03264000,245369.91452050,0
1695124800000,27240.54000000,27296.91000000,27079.34000000,27150.44000000,37.03125000,1695128399999,1006832.77381780,790,13.32855000,362362.81484770,0
1695128400000,27147.24000000,27214.26000000,26940.00000000,26980.11000000,31.70598000,1695131999999,859557.05484690,763,13.68679000,371190.78184300,0
1695132000000,26978.20000000,27210.99000000,26895.02000000,27172.77000000,33.10605000,1695135599999,896651.18724390,902,16.21844000,439232.67922190,0
1695135600000,27175.56000000,27483.98000000,27145.10000000,27433.27000000,65.24800000,1695139199999,1783025.80430410,1323,33.91538000,926538.29453120,0
1695139200000,27434.08000000,27489.59000000,27243.78000000,27294.27000000,38.36909000,1695142799999,1049732.65672160,1011,15.34690000,419937.06016880,0
1695142800000,27282.53000000,27282.53000000,27093.89000000,27162.69000000,24.96784000,1695146399999,678643.65485190,649,8.98707000,244273.69812330,0
1695146400000,27144.67000000,27207.87000000,27086.64000000,27127.93000000,21.29781000,1695149999999,578120.35976140,513,6.33088000,171816.77908940,0
1695150000000,27129.06000000,27208.84000000,27076.81000000,27193.75000000,11.45454000,1695153599999,311011.76026530,284,4.71779000,128091.05501710,0
1695153600000,27192.74000000,27219.25000000,27124.38000000,27193.64000000,17.25990000,1695157199999,469044.74993610,398,7.10854000,193107.60869140,0
1695157200000,27192.30000000,27192.30000000,26993.65000000,27155.94000000,16.08719000,1695160799999,435856.92450300,405,8.81095000,238720.11824830,0
1695160800000,27161.56000000,27205.82000000,27098.33000000,27196.27000000,8.39563000,1695164399999,227853.97010930,240,3.27624000,88949.31691820,0
1695164400000,27193.98000000,27230.87000000,27177.46000000,27207.21000000,4.72615000,1695167999999,128596.45104830,165,1.94837000,53009.53810630,0
1695168000000,27217.59000000,27263.04000000,27153.42000000,27210.51000000,15.24254000,1695171599999,414545.52226270,509,3.63720000,98897.54638480,0
1695171600000,27215.41000000,27354.67000000,27200.82000000,27346.92000000,19.86203000,1695175199999,541899.23996830,434,8.45331000,230674.72962730,0
1695175200000,27349.71000000,27394.04000000,27151.91000000,27166.60000000,20.78222000,1695178799999,566469.83735630,493,8.40244000,228967.94283880,0
1695178800000,27164.03000000,27200.67000000,27093.16000000,27123.17000000,25.87700000,1695182399999,702873.30152420,514,16.10993000,437843.83068030,0
1695182400000,27113.12000000,27164.24000000,27073.82000000,27074.78000000,16.49701000,1695185999999,447445.61264930,350,8.51478000,230961.17987660,0
1695186000000,27074.79000000,27111.92000000,27012.43000000,27027.10000000,20.60112000,1695189599999,557769.01393040,396,11.87347000,321498.56205310,0
1695189600000,27027.10000000,27071.94000000,26942.41000000,27061.12000000,17.70040000,1695193199999,478019.43856420,424,7.27389000,196431.92446430,0
1695193200000,27065.99000000,27133.13000000,27048.67000000,27107.52000000,6.83406000,1695196799999,185177.19952710,309,2.61125000,70730.07626120,0
1695196800000,27103.63000000,27191.46000000,27094.49000000,27184.41000000,7.45712000,1695200399999,202376.72466440,273,2.52078000,68414.25574270,0
1695200400000,27185.79000000,27189.92000000,26955.00000000,27050.20000000,59.14602000,1695203999999,1604181.22010660,679,19.25119000,521636.40159410,0
1695204000000,27055.55000000,27082.33000000,26951.63000000,27078.01000000,28.73793000,1695207599999,776439.62961840,482,16.08329000,434451.91024830,0
1695207600000,27084.24000000,27119.32000000,27065.54000000,27104.01000000,10.20294000,1695211199999,276488.23352390,208,4.66603000,126439.89165820,0
1695211200000,27103.77000000,27132.22000000,27000.00000000,27067.73000000,13.18756000,1695214799999,357164.64280150,340,5.86493000,158815.96684440,0
1695214800000,27068.01000000,27194.69000000,27017.35000000,27165.59000000,13.36421000,1695218399999,362214.88850720,422,6.08271000,164944.15001220,0
1695218400000,27169.74000000,27244.58000000,27061.04000000,27125.55000000,19.20220000,1695221999999,521447.55844100,583,7.63638000,207377.69793820,0
1695222000000,27122.99000000,27199.67000000,27104.63000000,27187.58000000,12.34425000,1695225599999,335177.35827950,371,7.20160000,195513.23241510,0
1695225600000,27193.38000000,27224.66000000,27142.63000000,27162.22000000,14.18588000,1695229199999,385554.29560920,342,6.21226000,168798.69180790,0
1695229200000,27164.99000000,27275.41000000,27158.12000000,27216.82000000,15.34129000,1695232799999,417620.45751500,478,6.79112000,184890.98214860,0
1695232800000,27198.88000000,27298.17000000,27091.04000000,27167.61000000,39.25396000,1695236399999,1067241.10045410,853,18.18288000,494214.98719850,0
1695236400000,27167.61000000,27182.75000000,26800.00000000,26921.22000000,51.46776000,1695239999999,1386848.43924780,1102,19.09487000,514597.26231150,0
1695240000000,26934.94000000,27095.26000000,26924.56000000,27095.26000000,13.72084000,1695243599999,370582.11487780,404,7.94859000,214767.37920370,0
1695243600000,27099.38000000,27243.10000000,27062.47000000,27133.45000000,26.52829000,1695247199999,720734.01869500,628,17.70432000,480927.91070350,0
1695247200000,27124.18000000,27124.19000000,27055.38000000,27099.07000000,11.29368000,1695250799999,305890.92950710,349,5.72274000,154977.34746370,0
1695250800000,27088.63000000,27158.65000000,27079.90000000,27126.61000000,5.99728000,1695254399999,162636.43178380,207,3.27816000,88884.33707810,0
1695254400000,27126.67000000,27155.34000000,27043.54000000,27043.54000000,11.57464000,1695257999999,313669.61521140,384,4.93105000,133649.39037350,0
1695258000000,27044.65000000,27055.80000000,26977.30000000,27031.43000000,9.83958000,1695261599999,265858.91394300,345,4.96022000,133996.09202410,0
1695261600000,27036.88000000,27055.49000000,26938.72000000,26972.16000000,9.09843000,1695265199999,245446.66263820,287,3.88139000,104686.41806090,0
1695265200000,26972.26000000,27035.22000000,26971.32000000,27035.22000000,4.55677000,1695268799999,123012.15286310,165,3.28867000,88767.22349690,0
1695268800000,27040.92000000,27106.07000000,26995.55000000,27095.48000000,4.53468000,1695272399999,122669.93596230,223,2.61850000,70852.45843300,0
1695272400000,27088.80000000,27088.80000000,27039.32000000,27073.82000000,4.32778000,1695275999999,117108.92237230,268,2.52288000,68275.29607160,0
1695276000000,27069.56000000,27071.16000000,27008.00000000,27071.16000000,5.41080000,1695279599999,146304.97504030,236,2.38690000,64546.14239570,0
1695279600000,27071.12000000,27071.12000000,26981.43000000,26992.09000000,8.04544000,1695283199999,217485.18946860,266,2.39863000,64800.91270690,0
1695283200000,26984.58000000,27015.32000000,26910.68000000,26927.64000000,19.75152000,1695286799999,532631.42226900,458,10.03331000,270558.47737020,0
1695286800000,26927.04000000,26946.87000000,26690.43000000,26745.69000000,31.30993000,1695290399999,839680.44829840,847,16.69512000,447661.81825470,0
1695290400000,26745.72000000,26797.44000000,26641.35000000,26641.35000000,35.35482000,1695293999999,945271.99719990,1097,28.26366000,755782.20185220,0
1695294000000,26648.25000000,26778.01000000,26629.52000000,26731.43000000,20.16265000,1695297599999,539066.93504100,642,14.54899000,388975.73852640,0
1695297600000,26731.42000000,26778.58000000,26560.10000000,26641.64000000,33.14752000,1695301199999,883334.75261780,983,18.09671000,482367.45573250,0
1695301200000,26641.63000000,26651.45000000,26376.58000000,26424.08000000,48.13882000,1695304799999,1274886.57080090,1618,29.33179000,776559.88641240,0
1695304800000,26412.60000000,26588.38000000,26375.19000000,26581.40000000,33.91624000,1695308399999,898872.00166050,1034,26.95601000,714380.75515170,0
1695308400000,26591.86000000,26658.38000000,26541.05000000,26585.44000000,13.10321000,1695311999999,348376.89213350,456,8.40385000,223412.05239410,0
1695312000000,26578.59000000,26599.43000000,26546.28000000,26579.10000000,17.50005000,1695315599999,464943.45351350,431,9.11751000,242227.67558610,0
1695315600000,26579.09000000,26688.55000000,26574.74000000,26649.30000000,7.43454000,1695319199999,198067.64210930,297,3.81813000,101718.29396550,0
1695319200000,26647.04000000,26684.29000000,26602.17000000,26618.00000000,14.36424000,1695322799999,382559.48496860,334,4.41166000,117497.01204150,0
1695322800000,26607.40000000,26618.91000000,26556.38000000,26618.91000000,5.59316000,1695326399999,148706.41898090,210,2.19614000,58390.71549200,0
1695326400000,26597.39000000,26604.06000000,26500.01000000,26596.09000000,12.10719000,1695329999999,321357.53800410,353,1.62682000,43193.16829220,0
1695330000000,26596.08000000,26624.27000000,26562.31000000,26609.42000000,10.92511000,1695333599999,290578.30553470,339,2.39313000,63631.63470680,0
1695333600000,26611.82000000,26614.58000000,26550.34000000,26591.96000000,3.03977000,1695337199999,80803.25055860,106,0.85503000,22715.06293430,0
1695337200000,26589.73000000,26615.18000000,26555.13000000,26569.48000000,5.40454000,1695340799999,143638.88240210,181,3.26292000,86710.48555530,0
1695340800000,26569.08000000,26650.22000000,26471.03000000,26642.25000000,19.31784000,1695344399999,513547.06144960,571,8.15146000,216818.56122200,0
1695344400000,26641.82000000,26660.69000000,26567.99000000,26633.39000000,15.19290000,1695347999999,404510.51726080,405,5.53493000,147371.27132710,0
1695348000000,26627.27000000,26640.33000000,26564.59000000,26565.50000000,9.65220000,1695351599999,256626.91997550,245,5.62432000,149542.67798990,0
1695351600000,26565.50000000,26635.12000000,26550.60000000,26623.89000000,6.54048000,1695355199999,173927.12116700,255,2.43549000,64753.50669420,0
1695355200000,26623.91000000,26661.01000000,26615.23000000,26648.59000000,3.18453000,1695358799999,84842.26009650,146,1.09542000,29180.49201380,0
1695358800000,26644.46000000,26663.12000000,26609.50000000,26661.27000000,4.44605000,1695362399999,118412.53323620,173,2.09102000,55688.04160030,0
1695362400000,26670.99000000,26680.37000000,26600.15000000,26618.49000000,8.98211000,1695365999999,239262.27263640,228,5.52437000,147161.96496200,0
1695366000000,26605.88000000,26703.58000000,26568.87000000,26667.89000000,13.14492000,1695369599999,350159.80436310,358,5.87891000,156632.46592000,0
1695369600000,26671.80000000,26735.30000000,26666.27000000,26666.27000000,9.10756000,1695373199999,243104.50041320,287,6.35408000,169604.78811100,0
1695373200000,26666.71000000,26666.71000000,26619.53000000,26640.15000000,6.37607000,1695376799999,169878.20069670,158,3.03197000,80779.88113380,0
1695376800000,26640.15000000,26654.65000000,26586.63000000,26587.78000000,12.32956000,1695380399999,328129.98615410,306,3.40668000,90647.84054890,0
1695380400000,26590.66000000,26650.99000000,26590.66000000,26642.45000000,4.87105000,1695383999999,129716.08711430,305,2.05994000,54860.77841220,0
1695384000000,26642.45000000,26652.91000000,26578.58000000,26582.83000000,8.92325000,1695387599999,237531.51183710,559,2.16901000,57735.59584070,0
1695387600000,26579.60000000,26616.90000000,26556.84000000,26604.39000000,21.11256000,1695391199999,561471.91003270,556,6.94944000,184803.04219300,0
1695391200000,26610.31000000,26686.54000000,26588.22000000,26677.94000000,13.58273000,1695394799999,361920.71110640,466,5.62880000,150002.43712930,0
1695394800000,26678.94000000,26695.00000000,26626.59000000,26639.48000000,12.68788000,1695398399999,338240.90556870,326,5.15970000,137543.01756040,0
1695398400000,26629.16000000,26644.36000000,26577.32000000,26593.30000000,6.44961000,1695401999999,171660.99977670,230,2.12928000,56658.96830680,0
1695402000000,26598.35000000,26629.13000000,26535.02000000,26576.98000000,5.64970000,1695405599999,150150.06374530,259,2.65202000,70479.26841160,0
1695405600000,26577.67000000,26605.34000000,26536.03000000,26583.97000000,6.55523000,1695409199999,174209.59142760,223,4.45708000,118444.68955940,0
1695409200000,26601.06000000,26634.92000000,26530.50000000,26534.58000000,6.55602000,1695412799999,174355.40328310,259,4.03387000,107303.76796480,0
1695412800000,26542.50000000,26563.88000000,26510.10000000,26533.95000000,5.42672000,1695416399999,144002.58912570,199,2.35620000,62527.70357110,0
1695416400000,26535.44000000,26571.64000000,26480.52000000,26570.17000000,15.18128000,1695419999999,402600.34651200,276,6.43716000,170765.15797320,0
1695420000000,26570.16000000,26582.45000000,26547.45000000,26578.23000000,4.66964000,1695423599999,124050.96521630,164,2.19102000,58204.46899970,0
1695423600000,26583.85000000,26594.65000000,26548.93000000,26579.33000000,10.05025000,1695427199999,267075.00481710,217,5.10087000,135517.48417230,0
1695427200000,26579.34000000,26614.40000000,26562.61000000,26603.43000000,7.65356000,1695430799999,203577.88024180,208,1.04053000,27670.74129220,0
1695430800000,26603.40000000,26603.40000000,26556.68000000,26581.09000000,1.59011000,1695434399999,42266.72201550,123,1.00276000,26650.51080190,0
1695434400000,26584.85000000,26584.94000000,26543.32000000,26546.90000000,1.99527000,1695437999999,52987.19041080,115,0.48049000,12761.08794640,0
1695438000000,26549.99000000,26558.56000000,26527.13000000,26531.33000000,1.58696000,1695441599999,42127.30172130,84,0.54947000,14583.88943800,0
1695441600000,26530.54000000,26553.63000000,26512.60000000,26544.18000000,4.42675000,1695445199999,117444.33283770,112,2.16748000,57504.21538330,0
1695445200000,26551.25000000,26554.96000000,26543.00000000,26543.01000000,1.37060000,1695448799999,36392.16714700,59,0.45781000,12155.81032570,0
1695448800000,26548.77000000,26580.67000000,26548.77000000,26580.33000000,1.26264000,1695452399999,33548.52558540,57,0.87825000,23335.56660510,0
1695452400000,26580.32000000,26585.75000000,26539.05000000,26583.23000000,6.60120000,1695455999999,175393.03691140,186,1.95338000,51898.29137680,0
1695456000000,26586.21000000,26593.17000000,26559.16000000,26573.78000000,2.30604000,1695459599999,61289.00579060,116,0.84930000,22570.39557250,0
1695459600000,26573.78000000,26581.95000000,26555.26000000,26574.03000000,2.04835000,1695463199999,54416.62252020,132,0.63253000,16802.71789080,0
1695463200000,26574.15000000,26582.99000000,26569.96000000,26569.97000000,2.04156000,1695466799999,54256.72696690,136,0.69510000,18472.36398840,0
1695466800000,26565.01000000,26575.49000000,26557.22000000,26575.47000000,1.05257000,1695470399999,27960.97268510,114,0.64079000,17022.47878070,0
1695470400000,26575.47000000,26587.45000000,26559.55000000,26578.15000000,4.76590000,1695473999999,126664.60999470,232,1.55350000,41282.30765090,0
1695474000000,26579.99000000,26589.65000000,26559.99000000,26578.37000000,2.94295000,1695477599999,78209.44118260,199,1.27530000,33893.38616780,0
1695477600000,26572.90000000,26579.63000000,26553.43000000,26567.06000000,5.41984000,1695481199999,143989.82431140,258,1.51894000,40355.66530810,0
1695481200000,26567.06000000,26580.97000000,26547.75000000,26580.97000000,5.17359000,1695484799999,137414.13858810,283,1.40989000,37456.52618560,0
1695484800000,26570.30000000,26606.38000000,26557.27000000,26604.95000000,4.06621000,1695488399999,108030.48931600,136,3.38927000,90044.46655660,0
1695488400000,26604.49000000,26609.17000000,26575.15000000,26597.02000000,3.76261000,1695491999999,100051.56665110,177,1.06549000,28328.89652110,0
1695492000000,26597.03000000,26635.77000000,26597.03000000,26614.47000000,5.06267000,1695495599999,134783.35720430,181,2.12390000,56534.58794400,0
1695495600000,26616.80000000,26621.07000000,26601.11000000,26611.80000000,3.06377000,1695499199999,81529.80452310,95,1.21127000,32233.63799600,0
1695499200000,26608.93000000,26615.91000000,26583.11000000,26591.16000000,3.33884000,1695502799999,88811.21106960,127,1.56523000,41638.86522300,0
1695502800000,26590.00000000,26599.14000000,26560.00000000,26569.78000000,9.67680000,1695506399999,257206.77323930,249,1.03176000,27417.24894440,0
1695506400000,26570.78000000,26583.78000000,26560.76000000,26560.77000000,3.22220000,1695509999999,85626.69583700,108,1.63234000,43373.07808190,0
1695510000000,26566.14000000,26579.15000000,26553.75000000,26578.79000000,5.81970000,1695513599999,154618.25331220,143,1.68173000,44680.46842770,0
1695513600000,26578.78000000,26588.15000000,26562.71000000,26568.85000000,2.75938000,1695517199999,73328.24204350,125,1.21307000,32235.59670380,0
1695517200000,26568.79000000,26586.82000000,26561.65000000,26585.99000000,1.99320000,1695520799999,52963.09519760,122,1.03599000,27527.12109840,0
1695520800000,26586.00000000,26592.87000000,26578.68000000,26587.06000000,1.53512000,1695524399999,40812.12846590,72,0.55367000,14719.44539720,0
1695524400000,26585.64000000,26587.39000000,26568.55000000,26571.27000000,0.92373000,1695527999999,24555.84429900,58,0.25916000,6889.35242610,0
1695528000000,26571.26000000,26574.56000000,26557.30000000,26573.13000000,3.63833000,1695531599999,96657.76210790,128,2.42857000,64518.77483390,0
1695531600000,26569.35000000,26581.50000000,26551.13000000,26560.42000000,4.68280000,1695535199999,124399.25584690,104,2.66246000,70731.82440010,0
1695535200000,26555.92000000,26564.62000000,26551.86000000,26553.04000000,2.19268000,1695538799999,58231.08843690,77,0.30734000,8162.61642750,0
1695538800000,26553.00000000,26564.85000000,26553.00000000,26564.54000000,0.81351000,1695542399999,21605.72603550,81,0.44949000,11937.82566760,0
1695542400000,26564.54000000,26590.00000000,26564.53000000,26590.00000000,2.73897000,1695545999999,72781.01043100,82,2.29370000,60950.11642870,0
1695546000000,26591.97000000,26611.52000000,26580.98000000,26589.90000000,1.85902000,1695549599999,49441.14691560,75,0.97957000,26052.00321600,0
1695549600000,26589.90000000,26592.22000000,26577.72000000,26580.65000000,0.94998000,1695553199999,25257.33498530,64,0.23294000,6193.23589030,0
1695553200000,26580.65000000,26612.97000000,26571.80000000,26597.94000000,3.15549000,1695556799999,83911.22145570,147,1.40192000,37289.43495240,0
1695556800000,26598.52000000,26613.45000000,26585.51000000,26605.89000000,3.06298000,1695560399999,81471.08304670,121,1.43755000,38231.13746660,0
1695560400000,26608.68000000,26623.62000000,26589.52000000,26598.12000000,2.15907000,1695563999999,57436.26879900,113,1.10565000,29418.08342940,0
1695564000000,26594.08000000,26597.74000000,26581.76000000,26589.88000000,12.89982000,1695567599999,343044.24344320,214,4.41095000,117293.29355390,0
1695567600000,26590.36000000,26596.28000000,26565.89000000,26580.04000000,2.50982000,1695571199999,66713.49187520,117,0.52377000,13920.19908790,0
1695571200000,26580.30000000,26582.95000000,26563.85000000,26575.58000000,3.86505000,1695574799999,102713.31567910,176,0.43378000,11529.22790080,0
1695574800000,26575.58000000,26709.79000000,26567.64000000,26674.79000000,7.54693000,1695578399999,201106.53241890,237,4.02764000,107345.03953460,0
1695578400000,26688.66000000,26733.52000000,26439.76000000,26600.31000000,37.89131000,1695581999999,1007786.04887280,835,22.34169000,594631.12508520,0
1695582000000,26594.53000000,26594.53000000,26340.94000000,26453.93000000,23.94977000,1695585599999,633854.79669390,682,8.24119000,218172.54890700,0
1695585600000,26440.09000000,26514.60000000,26403.90000000,26505.09000000,7.39239000,1695589199999,195566.28095280,238,2.92237000,77326.19319130,0
1695589200000,26501.25000000,26522.78000000,26452.89000000,26519.80000000,5.05103000,1695592799999,133789.83338270,160,1.94660000,51553.29770160,0
1695592800000,26517.90000000,26517.90000000,26473.41000000,26494.11000000,6.39581000,1695596399999,169477.60614210,189,3.62134000,95965.97106440,0
1695596400000,26493.00000000,26493.00000000,26139.15000000,26253.20000000,42.99838000,1695599999999,1129642.74738400,764,20.46214000,537439.76959110,0
1695600000000,26244.99000000,26246.46000000,26004.80000000,26246.46000000,43.75264000,1695603599999,1143495.40302390,1120,20.67032000,540291.96614620,0
1695603600000,26250.67000000,26339.06000000,26160.16000000,26168.09000000,34.66678000,1695607199999,910931.79400280,714,17.19836000,451882.63560390,0
1695607200000,26160.17000000,26249.53000000,26153.57000000,26205.27000000,19.82322000,1695610799999,519106.14698500,534,9.75950000,255638.81129330,0
1695610800000,26205.21000000,26235.84000000,26154.60000000,26154.97000000,23.40456000,1695614399999,613220.05977440,470,13.41774000,351641.62475810,0
1695614400000,26154.97000000,26191.51000000,26108.98000000,26143.97000000,11.39889000,1695617999999,298076.05725780,324,4.98212000,130308.50012160,0
1695618000000,26143.98000000,26147.15000000,26068.73000000,26109.85000000,12.03899000,1695621599999,314288.19506270,401,6.89556000,179991.43468690,0
1695621600000,26108.31000000,26165.87000000,26033.71000000,26133.52000000,14.45558000,1695625199999,377379.22050610,437,7.89732000,206226.54069730,0
1695625200000,26132.85000000,26187.29000000,26097.64000000,26180.26000000,17.20706000,1695628799999,449742.37038910,494,4.89346000,127886.17670070,0
1695628800000,26187.26000000,26219.36000000,26099.57000000,26129.96000000,17.06879000,1695632399999,446404.14218740,403,4.81005000,125832.18282460,0
1695632400000,26136.00000000,26140.24000000,26038.50000000,26055.80000000,25.52296000,1695635999999,665809.85682370,486,5.90803000,154090.71209660,0
1695636000000,26053.22000000,26110.88000000,26047.57000000,26090.60000000,8.84900000,1695639599999,230842.79968310,244,3.65662000,95377.83637530,0
1695639600000,26088.86000000,26102.41000000,26010.21000000,26063.49000000,18.14776000,1695643199999,472781.31286120,379,4.17353000,108699.70774600,0
1695643200000,26066.44000000,26112.65000000,25992.01000000,26093.25000000,38.54186000,1695646799999,1004502.33607480,819,22.56581000,588256.78950490,0
1695646800000,26093.57000000,26182.80000000,26080.24000000,26151.38000000,31.30030000,1695650399999,817467.55500340,535,19.69120000,514147.36610700,0
1695650400000,26153.14000000,26171.37000000,26107.08000000,26124.69000000,17.39339000,1695653999999,454605.00970860,367,9.67559000,252874.23039200,0
1695654000000,26125.05000000,26290.95000000,26125.05000000,26230.31000000,24.39248000,1695657599999,639677.95363800,849,9.64560000,252879.15639330,0
1695657600000,26246.32000000,26416.34000000,26245.02000000,26318.10000000,54.35772000,1695661199999,1431755.47847010,1201,14.07024000,370459.55451310,0
1695661200000,26317.54000000,26361.81000000,26222.99000000,26355.22000000,49.41208000,1695664799999,1300744.28387240,1066,14.72287000,387609.46424400,0
1695664800000,26355.22000000,26385.51000000,26308.51000000,26325.74000000,17.79401000,1695668399999,468752.15687770,483,2.38988000,62952.27252270,0
1695668400000,26325.74000000,26349.65000000,26263.38000000,26325.89000000,15.53863000,1695671999999,408771.30519100,433,3.11816000,82023.54213020,0
1695672000000,26331.55000000,26445.16000000,26274.29000000,26278.30000000,16.38822000,1695675599999,432132.24361480,480,5.66477000,149466.25237880,0
1695675600000,26284.18000000,26309.40000000,26257.36000000,26273.14000000,7.88552000,1695679199999,207301.52936760,210,3.89691000,102445.82019000,0
1695679200000,26274.63000000,26286.47000000,26264.44000000,26280.04000000,2.73483000,1695682799999,71851.66014850,117,1.26734000,33296.54489350,0
1695682800000,26275.43000000,26310.92000000,26262.12000000,26296.75000000,5.76034000,1695686399999,151435.63809020,164,2.49754000,65649.93058050,0
1695686400000,26296.75000000,26299.63000000,26244.14000000,26260.14000000,2.96632000,1695689999999,77933.09143720,132,1.38020000,36263.68224990,0
1695690000000,26256.09000000,26292.76000000,26228.64000000,26286.17000000,4.23957000,1695693599999,111359.73237590,160,1.74699000,45885.71337700,0
1695693600000,26293.26000000,26357.45000000,26276.54000000,26351.71000000,6.20860000,1695697199999,163334.71034230,166,3.31023000,87088.07921200,0
1695697200000,26353.03000000,26391.82000000,26341.84000000,26348.99000000,4.27663000,1695700799999,112756.78597160,166,1.95283000,51493.49774030,0
1695700800000,26348.80000000,26358.92000000,26323.04000000,26337.37000000,2.06261000,1695704399999,54324.73046130,127,1.10337000,29063.19906610,0
1695704400000,26337.37000000,26344.36000000,26302.92000000,26314.59000000,3.14477000,1695707999999,82785.50443200,137,0.80421000,21177.29125180,0
1695708000000,26312.09000000,26334.90000000,26263.85000000,26286.20000000,5.10900000,1695711599999,134277.06934440,231,1.61795000,42532.42783760,0
1695711600000,26278.38000000,26282.27000000,26247.08000000,26264.23000000,4.79978000,1695715199999,126065.72010240,226,3.94496000,103616.32705710,0
1695715200000,26264.03000000,26278.90000000,26247.44000000,26262.68000000,4.74814000,1695718799999,124708.06997220,146,2.51164000,65965.78768670,0
1695718800000,26265.28000000,26321.94000000,26217.76000000,26257.94000000,14.50054000,1695722399999,380681.30605150,310,8.39520000,220372.42469120,0
1695722400000,26262.47000000,26264.22000000,26217.84000000,26242.56000000,4.64869000,1695725999999,121979.10594550,167,2.46354000,64640.85201800,0
1695726000000,26239.04000000,26279.47000000,26181.00000000,26265.02000000,9.43843000,1695729599999,247513.14330240,277,4.81733000,126328.13185040,0
1695729600000,26267.37000000,26300.27000000,26194.20000000,26204.01000000,11.07092000,1695733199999,290458.46450470,302,6.40759000,168111.32955620,0
1695733200000,26204.00000000,26250.53000000,26134.51000000,26174.83000000,24.72525000,1695736799999,647812.70541930,588,15.61568000,409118.85122010,0
1695736800000,26167.08000000,26206.76000000,26109.05000000,26182.13000000,16.66897000,1695740399999,435975.06622900,503,9.75849000,255214.91194160,0
1695740400000,26182.13000000,26190.23000000,26083.58000000,26112.82000000,14.19552000,1695743999999,370955.02032090,490,6.56451000,171514.09849710,0
1695744000000,26106.60000000,26283.62000000,26103.28000000,26209.05000000,9.20789000,1695747599999,241415.51874230,361,5.75840000,150963.12436710,0
1695747600000,26205.84000000,26255.11000000,26136.31000000,26161.20000000,10.72888000,1695751199999,280994.34592690,349,4.93727000,129343.14416710,0
1695751200000,26167.94000000,26192.25000000,26132.94000000,26174.47000000,4.90982000,1695754799999,128444.15951360,239,4.08524000,106875.06852460,0
1695754800000,26177.40000000,26268.31000000,26157.07000000,26235.20000000,19.57060000,1695758399999,513054.94507210,558,14.24899000,373493.23063130,0
1695758400000,26233.96000000,26272.26000000,26142.02000000,26145.53000000,13.27634000,1695761999999,348186.19066990,375,9.24036000,242365.35875400,0
1695762000000,26160.14000000,26175.92000000,26088.94000000,26151.21000000,12.22720000,1695765599999,319712.82996510,355,8.64194000,225996.27082820,0
1695765600000,26151.21000000,26194.44000000,26141.11000000,26144.45000000,9.41605000,1695769199999,246405.42574330,395,8.51559000,222842.35591680,0
1695769200000,26144.44000000,26226.86000000,26141.10000000,26207.39000000,10.47172000,1695772799999,274250.91229740,402,8.21477000,215114.84922270,0
1695772800000,26207.40000000,26247.12000000,26194.76000000,26245.50000000,15.53826000,1695776399999,407443.17351650,330,9.37010000,245668.81684400,0
1695776400000,26244.45000000,26254.48000000,26204.59000000,26247.28000000,3.83704000,1695779999999,100666.99523790,160,1.75466000,46027.85184900,0
1695780000000,26247.28000000,26266.03000000,26210.40000000,26219.71000000,2.29845000,1695783599999,60308.94377050,126,1.33815000,35109.87467170,0
1695783600000,26219.71000000,26277.24000000,26217.10000000,26265.74000000,3.47254000,1695787199999,91175.50700040,266,2.17431000,57087.96847770,0
1695787200000,26270.50000000,26276.47000000,26232.45000000,26232.45000000,3.51422000,1695790799999,92271.48813280,217,1.66765000,43778.28527380,0
1695790800000,26233.72000000,26246.57000000,26219.93000000,26239.33000000,4.34985000,1695794399999,114109.50475370,173,2.45185000,64315.28937720,0
1695794400000,26239.53000000,26253.95000000,26220.13000000,26246.35000000,7.47391000,1695797999999,196110.79791340,327,5.34686000,140298.62863930,0
1695798000000,26243.86000000,26250.00000000,26225.37000000,26230.62000000,2.52013000,1695801599999,66106.90173950,174,2.36522000,62043.44497460,0
1695801600000,26229.74000000,26259.99000000,26207.75000000,26240.42000000,11.50629000,1695805199999,301914.01624280,309,8.11414000,212976.15986110,0
1695805200000,26239.20000000,26388.94000000,26239.20000000,26380.48000000,49.37655000,1695808799999,1297339.61204520,682,41.90443000,1100790.90062540,0
1695808800000,26380.48000000,26468.56000000,26336.86000000,26422.25000000,39.77924000,1695812399999,1050033.29695080,899,7.68765000,203012.05582320,0
1695812400000,26424.67000000,26822.44000000,26415.12000000,26749.97000000,93.62478000,1695815999999,2495275.13089530,2208,29.88789000,796939.45812970,0
1695816000000,26744.66000000,26827.89000000,26669.61000000,26700.01000000,46.15836000,1695819599999,1235463.23414310,1167,15.05859000,403045.89659720,0
1695819600000,26710.20000000,26789.84000000,26545.68000000,26597.10000000,26.81461000,1695823199999,715474.03139960,781,9.23704000,246140.87820820,0
1695823200000,26600.36000000,26616.90000000,26157.42000000,26182.30000000,84.22090000,1695826799999,2218908.14231790,1638,31.64685000,831687.38921100,0
1695826800000,26172.55000000,26309.11000000,26157.72000000,26277.93000000,30.21209000,1695830399999,792525.51068570,790,24.24184000,635736.24100760,0
1695830400000,26279.38000000,26293.46000000,26209.98000000,26224.27000000,12.32047000,1695833999999,323513.82930990,325,7.59843000,199527.28503470,0
1695834000000,26219.35000000,26253.07000000,26140.34000000,26205.78000000,13.17082000,1695837599999,345187.68137890,347,9.68542000,253829.30531470,0
1695837600000,26196.50000000,26262.39000000,26093.91000000,26229.38000000,14.46304000,1695841199999,378476.71792460,410,8.17092000,213737.56743440,0
1695841200000,26230.20000000,26277.73000000,26226.71000000,26244.94000000,12.08146000,1695844799999,317225.50693260,261,7.58686000,199179.67707730,0
1695844800000,26241.08000000,26271.09000000,26204.82000000,26237.49000000,7.49956000,1695848399999,196719.35050230,312,2.38367000,62526.22040910,0
1695848400000,26235.84000000,26283.15000000,26222.30000000,26258.36000000,11.11856000,1695851999999,291945.55142200,271,4.59436000,120615.99715600,0
1695852000000,26263.55000000,26332.52000000,26263.55000000,26316.61000000,16.84097000,1695855599999,442888.98903600,380,5.15477000,135553.30439830,0
1695855600000,26316.61000000,26369.12000000,26278.89000000,26353.15000000,23.81559000,1695859199999,626999.14310110,501,3.79273000,99851.68988020,0
1695859200000,26353.15000000,26534.60000000,26343.36000000,26412.04000000,36.93575000,1695862799999,976364.59878770,740,13.13328000,347116.99265470,0
1695862800000,26423.32000000,26441.91000000,26331.73000000,26436.49000000,15.00552000,1695866399999,395994.76701660,365,4.52528000,119423.75053850,0
1695866400000,26429.33000000,26508.79000000,26345.10000000,26363.87000000,11.76425000,1695869999999,310780.04147740,351,5.57956000,147388.81706240,0
1695870000000,26367.36000000,26372.24000000,26322.83000000,26359.08000000,3.70741000,1695873599999,97678.05951960,187,1.31080000,34539.70959850,0
1695873600000,26361.00000000,26441.46000000,26327.06000000,26423.74000000,7.50725000,1695877199999,198116.74510070,216,3.23821000,85432.20267570,0
1695877200000,26426.18000000,26465.87000000,26377.35000000,26421.04000000,10.69342000,1695880799999,282594.22501060,321,3.86401000,102152.14619900,0
1695880800000,26419.62000000,26458.79000000,26380.94000000,26453.73000000,17.66136000,1695884399999,466598.04818850,530,13.26261000,350372.32349520,0
1695884400000,26451.22000000,26483.51000000,26413.19000000,26429.54000000,12.03224000,1695887999999,318245.24696980,313,4.22063000,111616.56480560,0
1695888000000,26434.78000000,26442.62000000,26376.05000000,26387.29000000,14.33623000,1695891599999,378520.51365550,377,3.18464000,84060.78130720,0
1695891600000,26381.83000000,26430.98000000,26366.12000000,26406.66000000,21.76574000,1695895199999,574348.42380360,311,3.92086000,103468.59628580,0
1695895200000,26406.66000000,26592.94000000,26390.97000000,26537.23000000,23.26911000,1695898799999,616674.03927060,490,11.64238000,308501.03052600,0
1695898800000,26540.88000000,26563.14000000,26419.40000000,26449.02000000,19.20277000,1695902399999,508387.01127970,462,5.38561000,142567.92503010,0
1695902400000,26451.66000000,26547.76000000,26446.74000000,26461.84000000,25.46592000,1695905999999,674303.35787790,566,9.64763000,255444.85578790,0
1695906000000,26455.36000000,26565.35000000,26441.17000000,26557.19000000,21.96084000,1695909599999,582130.77710430,796,4.27925000,113392.86472420,0
1695909600000,26559.21000000,26896.99000000,26535.67000000,26781.15000000,73.90280000,1695913199999,1972131.49317120,1955,17.07254000,456285.60517280,0
1695913200000,26783.95000000,27043.48000000,26773.76000000,27009.31000000,55.83263000,1695916799999,1500735.40753320,1427,16.55352000,445152.86611250,0
1695916800000,27037.08000000,27293.38000000,27032.28000000,27049.03000000,71.08501000,1695920399999,1928785.20552970,1864,21.46596000,582591.84781230,0
1695920400000,27049.04000000,27177.28000000,27049.04000000,27149.93000000,53.39200000,1695923999999,1449109.34498080,1336,24.04962000,652855.55518750,0
1695924000000,27169.12000000,27231.88000000,26852.46000000,26957.25000000,77.73525000,1695927599999,2109217.16305970,1977,24.46660000,663720.68555210,0
1695927600000,26957.26000000,27137.63000000,26913.11000000,27096.82000000,46.52259000,1695931199999,1258369.17104420,1003,20.44265000,552156.32696120,0
1695931200000,27103.07000000,27169.15000000,27039.85000000,27085.22000000,13.38055000,1695934799999,362645.51418260,597,4.98167000,134952.78909210,0
1695934800000,27082.77000000,27099.73000000,26900.74000000,27009.58000000,26.02958000,1695938399999,702516.62866950,724,8.40152000,226754.40493110,0
1695938400000,27002.14000000,27049.12000000,26952.24000000,27012.97000000,10.00508000,1695941999999,270174.58043250,325,2.07108000,55900.25596520,0
1695942000000,27010.74000000,27069.44000000,26997.56000000,27021.51000000,10.65452000,1695945599999,288019.73310210,332,3.15277000,85256.65968050,0
1695945600000,27023.91000000,27132.33000000,26982.42000000,27063.93000000,35.11621000,1695949199999,949693.92193610,807,6.36957000,172251.79575910,0
1695949200000,27063.93000000,27111.89000000,26996.98000000,27044.73000000,15.45496000,1695952799999,418000.37948790,570,4.57018000,123676.00832500,0
1695952800000,27040.33000000,27080.89000000,26868.77000000,26897.56000000,29.75779000,1695956399999,802081.50698910,938,7.51317000,202405.15514900,0
1695956400000,26890.63000000,26960.02000000,26884.42000000,26958.36000000,10.68666000,1695959999999,287764.29810480,298,4.94035000,133048.17633340,0
1695960000000,26957.40000000,26971.18000000,26899.03000000,26971.18000000,7.33984000,1695963599999,197646.59460630,204,3.06262000,82454.62571170,0
1695963600000,26971.19000000,26981.85000000,26952.28000000,26972.48000000,3.59105000,1695967199999,96855.67285830,156,1.47997000,39917.77230240,0
1695967200000,26972.48000000,27075.81000000,26950.14000000,27075.37000000,8.40348000,1695970799999,226905.61819630,320,3.65007000,98606.42711590,0
1695970800000,27068.89000000,27235.40000000,27035.38000000,27178.03000000,38.59505000,1695974399999,1047849.94736540,796,22.01585000,597769.71672700,0
1695974400000,27178.02000000,27178.02000000,26989.69000000,26996.35000000,33.67258000,1695977999999,912184.45145010,1366,4.26918000,115646.08816500,0
1695978000000,26992.83000000,27082.79000000,26960.26000000,27030.61000000,8.43813000,1695981599999,227965.89256900,243,2.33471000,63063.55881830,0
1695981600000,27032.18000000,27060.42000000,27012.29000000,27026.02000000,8.94202000,1695985199999,241881.04355300,295,2.40508000,65033.55626010,0
1695985200000,27023.51000000,27064.91000000,26959.33000000,26973.07000000,8.80518000,1695988799999,237850.00480830,294,3.94496000,106594.13181610,0
1695988800000,26957.53000000,27011.21000000,26898.53000000,26998.02000000,20.55886000,1695992399999,554450.43055920,566,11.00410000,296718.95953340,0
1695992400000,26998.01000000,27043.60000000,26884.66000000,26891.28000000,22.12809000,1695995999999,596383.68997250,470,9.10480000,245455.41892780,0
1695996000000,26892.40000000,27097.47000000,26673.79000000,26900.61000000,82.42849000,1695999599999,2215479.77178230,1391,48.47680000,1302936.98832800,0
1695999600000,26903.99000000,26928.58000000,26791.15000000,26883.66000000,27.21199000,1696003199999,731038.56879450,529,15.79451000,424298.66786680,0
1696003200000,26884.62000000,26905.03000000,26806.02000000,26865.03000000,12.16363000,1696006799999,326747.63598890,317,6.96705000,187130.17072120,0
1696006800000,26868.53000000,26879.66000000,26821.88000000,26837.93000000,7.83332000,1696010399999,210328.47529990,215,4.47532000,120184.56385180,0
1696010400000,26835.24000000,26926.97000000,26749.53000000,26922.55000000,17.31954000,1696013999999,465096.91838670,368,10.53136000,282792.30233200,0
1696014000000,26916.76000000,26951.63000000,26890.31000000,26915.30000000,9.60772000,1696017599999,258637.33052630,214,3.42251000,92112.98471740,0
1696017600000,26917.78000000,26987.98000000,26872.03000000,26904.33000000,8.30505000,1696021199999,223554.14310670,268,2.61557000,70381.15787250,0
1696021200000,26912.66000000,26914.51000000,26867.57000000,26869.58000000,3.96457000,1696024799999,106628.57896100,138,2.06795000,55614.15694110,0
1696024800000,26869.76000000,26910.91000000,26865.72000000,26884.57000000,6.05469000,1696028399999,162821.14541500,211,2.84051000,76377.03798770,0
1696028400000,26884.58000000,26924.88000000,26873.23000000,26906.19000000,5.77069000,1696031999999,155260.89988220,163,3.08203000,82904.89306030,0
1696032000000,26906.18000000,26945.30000000,26891.98000000,26933.90000000,6.77477000,1696035599999,182342.97133920,345,1.47298000,39645.49525870,0
1696035600000,26933.90000000,26940.35000000,26892.11000000,26893.13000000,3.47394000,1696039199999,93482.88833100,297,0.61151000,16458.07943250,0
1696039200000,26893.13000000,26916.40000000,26885.13000000,26907.65000000,4.91710000,1696042799999,132262.90246560,197,2.33978000,62930.61759040,0
1696042800000,26908.87000000,26932.00000000,26891.33000000,26916.27000000,2.33486000,1696046399999,62842.61644340,128,0.96807000,26054.21468450,0
1696046400000,26915.24000000,26939.26000000,26910.39000000,26926.80000000,3.29225000,1696049999999,88664.07197040,160,0.40274000,10845.73360360,0
1696050000000,26924.66000000,26952.15000000,26924.66000000,26931.58000000,2.26185000,1696053599999,60929.95079590,134,1.58998000,42834.40641430,0
1696053600000,26932.47000000,26946.49000000,26926.09000000,26926.09000000,1.44189000,1696057199999,38842.56616410,111,1.09788000,29576.12787680,0
1696057200000,26924.80000000,26957.90000000,26920.44000000,26930.09000000,4.96095000,1696060799999,133638.15210660,215,2.24767000,60543.22101720,0
1696060800000,26930.10000000,26939.68000000,26922.12000000,26930.01000000,6.53511000,1696064399999,175994.64909430,164,3.22757000,86911.24613610,0
1696064400000,26930.01000000,26963.24000000,26930.01000000,26952.00000000,5.46844000,1696067999999,147381.63072520,190,1.77697000,47887.93709680,0
1696068000000,26953.39000000,26990.83000000,26952.38000000,26980.50000000,24.33891000,1696071599999,656291.71081000,514,10.35152000,279132.42802210,0
1696071600000,26980.63000000,26998.70000000,26928.93000000,26939.15000000,7.28861000,1696075199999,196481.74900500,298,1.70486000,45961.95770150,0
1696075200000,26939.15000000,26955.56000000,26926.54000000,26935.03000000,5.69371000,1696078799999,153386.63474360,316,1.31922000,35537.35767980,0
1696078800000,26930.29000000,26982.67000000,26902.70000000,26974.31000000,6.06922000,1696082399999,163482.05924360,225,2.20351000,59383.56944230,0
1696082400000,26977.50000000,27009.85000000,26959.53000000,26994.95000000,7.83968000,1696085999999,211588.24463300,300,2.71195000,73192.67899910,0
1696086000000,26995.47000000,27090.65000000,26982.90000000,26996.36000000,12.53066000,1696089599999,338758.70706890,381,7.53023000,203610.01943850,0
1696089600000,26999.78000000,27050.10000000,26983.92000000,27023.90000000,6.60861000,1696093199999,178571.43167420,218,2.50532000,67696.91726190,0
1696093200000,27023.95000000,27033.63000000,26977.80000000,27024.68000000,7.83317000,1696096799999,211558.82855740,236,2.80079000,75635.06668820,0
1696096800000,27024.67000000,27024.67000000,26995.23000000,27005.38000000,3.47782000,1696100399999,93930.27156470,176,0.91228000,24644.57861230,0
1696100400000,27005.38000000,27042.10000000,26993.51000000,27024.81000000,3.90926000,1696103999999,105617.63783390,176,1.32408000,35766.29150850,0
1696104000000,27024.81000000,27079.56000000,27024.81000000,27067.80000000,5.64458000,1696107599999,152740.30567470,205,1.77279000,47956.77859350,0
1696107600000,27068.01000000,27086.74000000,26954.83000000,27005.20000000,8.28802000,1696111199999,223871.09925350,328,2.31699000,62566.42075780,0
1696111200000,27005.12000000,27035.37000000,26986.57000000,27014.92000000,4.58787000,1696114799999,123942.57647910,168,2.63698000,71225.74488470,0
1696114800000,27014.91000000,27017.87000000,26960.76000000,26966.23000000,5.96245000,1696118399999,160919.21019730,140,2.98727000,80599.77994530,0
