1701388800000,37733.13000000,37751.87000000,37623.70000000,37690.46000000,20.08582000,1701392399999,756520.88679900,464,8.01518000,301799.65414980,0
1701392400000,37686.67000000,37969.73000000,37646.06000000,37949.00000000,31.45891000,1701395999999,1191013.55733630,777,17.64619000,667874.49207810,0
1701396000000,37958.96000000,38085.84000000,37876.04000000,37993.55000000,20.23293000,1701399599999,768291.04372640,562,10.32641000,392119.60812970,0
1701399600000,38008.25000000,38073.28000000,37953.63000000,38054.22000000,25.12743000,1701403199999,955165.80035050,519,13.79344000,524240.73290730,0
1701403200000,38054.24000000,38252.12000000,38034.95000000,38195.03000000,52.96341000,1701406799999,2021165.02241760,1414,28.24024000,1077570.96057060,0
1701406800000,38186.96000000,38218.89000000,38110.63000000,38134.77000000,22.56727000,1701410399999,861201.02981950,809,9.97171000,380470.34220780,0
1701410400000,38131.40000000,38233.14000000,38083.79000000,38223.88000000,38.43829000,1701413999999,1465743.37591950,3203,14.32693000,546400.21537760,0
1701414000000,38223.89000000,38358.68000000,38214.30000000,38248.07000000,51.19846000,1701417599999,1960749.06578530,2069,20.00147000,765810.03732660,0
1701417600000,38250.25000000,38368.22000000,38224.47000000,38329.20000000,44.91295000,1701421199999,1719870.49248260,2927,16.12963000,617684.97931930,0
1701421200000,38325.10000000,38728.66000000,38325.10000000,38719.63000000,88.85624000,1701424799999,3428729.64691310,2216,48.10400000,1855893.93126930,0
1701424800000,38719.63000000,38847.40000000,38551.19000000,38559.30000000,78.63622000,1701428399999,3043188.01812860,1482,32.58677000,1260551.70462870,0
1701428400000,38552.19000000,38673.53000000,38525.79000000,38595.79000000,29.43647000,1701431999999,1136350.09688810,685,13.07337000,504594.48341600,0
1701432000000,38595.80000000,38643.63000000,38315.11000000,38375.39000000,58.71624000,1701435599999,2258454.99377820,1019,24.69987000,950021.85535710,0
1701435600000,38374.66000000,38447.79000000,38314.05000000,38375.18000000,30.22657000,1701439199999,1160216.86014750,624,15.00729000,575983.89408510,0
1701439200000,38375.33000000,38406.24000000,38225.58000000,38329.46000000,55.23564000,1701442799999,2116780.84001810,935,27.72267000,1062198.82666340,0
1701442800000,38335.68000000,38455.31000000,38298.89000000,38427.18000000,55.46428000,1701446399999,2129760.50485360,1187,22.84712000,877106.38790870,0
1701446400000,38427.04000000,38999.97000000,38405.28000000,38822.04000000,113.37412000,1701449999999,4391482.07778280,2597,51.53561000,1996208.91943940,0
1701450000000,38812.17000000,38900.25000000,38712.62000000,38810.57000000,65.02102000,1701453599999,2522978.45123900,1875,27.89712000,1082248.25564140,0
1701453600000,38810.57000000,38937.16000000,38723.81000000,38723.81000000,50.99683000,1701457199999,1979322.71816910,1873,19.85058000,770418.51000800,0
1701457200000,38718.76000000,38797.89000000,38637.90000000,38777.22000000,44.77124000,1701460799999,1732920.84157780,939,25.04235000,969326.78903580,0
1701460800000,38777.22000000,38883.21000000,38724.32000000,38772.58000000,35.40684000,1701464399999,1373761.78769220,961,19.80599000,768332.83070530,0
1701464400000,38765.49000000,38918.66000000,38765.49000000,38815.48000000,32.45505000,1701467999999,1260790.02559600,867,13.75322000,534232.72452900,0
1701468000000,38789.13000000,38869.40000000,38708.81000000,38723.65000000,18.17431000,1701471599999,704995.19464810,637,9.39703000,364447.68444560,0
1701471600000,38723.66000000,38755.49000000,38664.70000000,38701.36000000,15.33445000,1701475199999,593505.19042830,475,7.31367000,283057.26488380,0
1701475200000,38700.78000000,38752.97000000,38659.88000000,38725.18000000,18.68676000,1701478799999,723223.02408320,609,7.50809000,290559.73808980,0
1701478800000,38736.63000000,38815.24000000,38715.24000000,38770.64000000,14.82329000,1701482399999,574886.39452710,472,8.36158000,324295.70974050,0
1701482400000,38775.57000000,38789.68000000,38689.15000000,38743.55000000,8.36720000,1701485999999,324114.68154420,344,3.59560000,139256.82582510,0
1701486000000,38743.56000000,38802.47000000,38738.80000000,38802.47000000,9.34407000,1701489599999,362242.83677980,521,5.75072000,222922.54917900,0
1701489600000,38802.47000000,38835.63000000,38740.19000000,38835.63000000,13.39256000,1701493199999,519445.33377720,471,7.01367000,272014.93442370,0
1701493200000,38835.64000000,38839.39000000,38773.67000000,38773.68000000,10.10207000,1701496799999,392004.68347540,355,3.55861000,138081.98643000,0
1701496800000,38769.24000000,38806.71000000,38742.20000000,38792.62000000,12.83954000,1701500399999,497755.68013150,563,4.14094000,160548.70750990,0
1701500400000,38792.62000000,38842.82000000,38723.65000000,38723.90000000,14.71711000,1701503999999,570669.11426580,723,7.76799000,301230.98376360,0
1701504000000,38723.66000000,38757.92000000,38673.00000000,38734.35000000,12.19054000,1701507599999,472053.96281490,497,4.81011000,186254.00006630,0
1701507600000,38734.35000000,38808.10000000,38728.49000000,38795.91000000,6.55457000,1701511199999,254175.66058540,339,3.80447000,147523.31531790,0
1701511200000,38793.21000000,38808.42000000,38763.29000000,38767.20000000,4.67199000,1701514799999,181213.64324690,341,2.85113000,110578.93459570,0
1701514800000,38767.20000000,38769.49000000,38723.55000000,38755.55000000,11.08151000,1701518399999,429304.17992290,410,7.35962000,285087.62461830,0
1701518400000,38755.69000000,38811.54000000,38748.07000000,38797.61000000,24.17956000,1701521999999,937954.85030840,562,17.46652000,677606.78676470,0
1701522000000,38797.61000000,38881.80000000,38782.09000000,38833.02000000,13.77972000,1701525599999,535017.06484630,491,6.99102000,271432.45167470,0
1701525600000,38835.42000000,38864.57000000,38750.00000000,38800.70000000,11.61595000,1701529199999,450882.62202420,591,4.53711000,176111.60496800,0
1701529200000,38800.70000000,38849.74000000,38735.59000000,38831.72000000,18.15788000,1701532799999,704417.48853320,560,9.72531000,377253.80701170,0
1701532800000,38825.62000000,38825.77000000,38729.70000000,38757.96000000,14.77590000,1701536399999,572805.94537130,465,4.60579000,178546.89545770,0
1701536400000,38766.89000000,38812.62000000,38763.45000000,38812.62000000,8.34091000,1701539999999,323507.94006610,365,4.86765000,188796.02979880,0
1701540000000,38812.61000000,38979.66000000,38803.64000000,38898.35000000,31.98794000,1701543599999,1243662.21937320,803,15.61421000,607045.74840150,0
1701543600000,38889.58000000,39767.22000000,38889.58000000,39437.75000000,232.57703000,1701547199999,9144824.25358740,5975,140.63252000,5527776.57460890,0
1701547200000,39437.00000000,39608.63000000,39303.34000000,39579.27000000,71.64456000,1701550799999,2824795.06453130,1410,36.16314000,1425820.78231150,0
1701550800000,39580.00000000,39739.74000000,39444.50000000,39591.03000000,55.68012000,1701554399999,2203123.16561980,1068,26.21599000,1037395.64923160,0
1701554400000,39588.87000000,39631.07000000,39302.95000000,39370.86000000,41.97645000,1701557999999,1656334.29269240,992,17.47985000,689638.60977390,0
1701558000000,39370.87000000,39492.77000000,39349.49000000,39470.18000000,23.66037000,1701561599999,933109.85252220,602,11.24722000,443481.20056030,0
1701561600000,39470.17000000,39537.67000000,39418.92000000,39525.45000000,12.47473000,1701565199999,492600.03474440,418,6.50041000,256685.44675890,0
1701565200000,39521.94000000,39580.36000000,39495.49000000,39507.01000000,9.50225000,1701568799999,375674.77996870,366,4.60348000,182041.39296760,0
1701568800000,39507.02000000,39565.57000000,39377.49000000,39387.77000000,15.25901000,1701572399999,602412.11465310,527,4.14692000,163693.23765680,0
1701572400000,39387.78000000,39405.87000000,39295.02000000,39398.05000000,16.42068000,1701575999999,646220.11029030,487,7.24960000,285267.83576480,0
1701576000000,39402.94000000,39445.43000000,39367.69000000,39369.64000000,12.05435000,1701579599999,475028.45091410,406,5.53054000,217909.71207300,0
1701579600000,39371.99000000,39457.71000000,39339.99000000,39440.56000000,6.66575000,1701583199999,262707.25803690,418,3.02216000,119104.15170140,0
1701583200000,39440.57000000,39470.30000000,39394.37000000,39432.73000000,8.53361000,1701586799999,336501.05705420,419,3.73042000,147114.30047990,0
1701586800000,39433.23000000,39506.33000000,39411.69000000,39497.18000000,9.87753000,1701590399999,389893.15807130,380,5.28479000,208594.24055410,0
1701590400000,39497.18000000,39501.21000000,39419.97000000,39419.98000000,8.87811000,1701593999999,350371.64498810,524,5.42516000,214110.94506710,0
1701594000000,39419.98000000,39486.48000000,39416.99000000,39473.09000000,10.89157000,1701597599999,429709.27501690,477,6.71588000,264931.40849380,0
1701597600000,39473.09000000,39554.14000000,39434.68000000,39554.14000000,12.42526000,1701601199999,490659.40024210,557,8.65478000,341764.00131870,0
1701601200000,39554.13000000,39555.36000000,39469.16000000,39492.98000000,14.07185000,1701604799999,556012.98272910,641,7.61531000,300854.30548130,0
1701604800000,39492.98000000,39525.64000000,39392.10000000,39420.98000000,17.40870000,1701608399999,687103.77942400,658,8.50397000,335700.84121400,0
1701608400000,39420.98000000,39786.87000000,39403.63000000,39686.09000000,49.27937000,1701611999999,1952847.36603830,1467,26.85574000,1063922.56016300,0
1701612000000,39684.95000000,39762.80000000,39563.89000000,39563.89000000,46.67555000,1701615599999,1851273.25634400,1310,21.35955000,847134.76054520,0
1701615600000,39560.01000000,39820.10000000,39509.62000000,39775.57000000,31.38612000,1701619199999,1244924.26440050,960,14.91731000,592011.72602140,0
1701619200000,39776.42000000,39850.00000000,39663.99000000,39687.70000000,37.69217000,1701622799999,1497834.28077220,827,15.77833000,626965.45523020,0
1701622800000,39675.13000000,39692.72000000,39477.50000000,39540.87000000,40.81309000,1701626399999,1614615.76587850,952,22.52810000,891170.82057380,0
1701626400000,39544.94000000,39605.57000000,39511.21000000,39567.27000000,20.51344000,1701629999999,811757.59910750,683,14.57740000,576857.49769820,0
1701630000000,39564.40000000,39586.59000000,39453.10000000,39585.02000000,25.24949000,1701633599999,998178.49738690,730,15.64516000,618635.20830750,0
1701633600000,39585.01000000,39659.06000000,39572.26000000,39586.16000000,24.36246000,1701637199999,965142.96951570,753,15.46681000,612727.56640540,0
1701637200000,39586.16000000,39774.85000000,39584.27000000,39713.57000000,15.78475000,1701640799999,626278.38932000,493,9.86467000,391269.52964260,0
1701640800000,39725.85000000,40290.10000000,39707.19000000,40075.39000000,172.36554000,1701644399999,6894905.34136310,4063,85.81948000,3430163.76786080,0
1701644400000,40075.46000000,40188.03000000,39795.82000000,39989.05000000,79.46907000,1701647999999,3176871.32710080,2003,30.33361000,1212752.18550410,0
1701648000000,39986.55000000,40245.12000000,39986.55000000,40220.05000000,50.55303000,1701651599999,2027827.07908740,1153,25.78258000,1034134.42814080,0
1701651600000,40228.38000000,40875.00000000,40177.10000000,40619.28000000,108.96420000,1701655199999,4420377.57992570,2373,60.69784000,2460899.64493250,0
1701655200000,40617.42000000,40711.93000000,40484.85000000,40693.38000000,49.75652000,1701658799999,2019986.34070630,1031,24.65525000,1000900.27702230,0
1701658800000,40709.05000000,40896.41000000,40686.20000000,40720.62000000,38.19538000,1701662399999,1557445.57331960,939,18.72460000,763425.16089820,0
1701662400000,40723.94000000,40951.70000000,40700.22000000,40913.53000000,53.22892000,1701665999999,2172396.22911850,1026,26.79276000,1093439.88774770,0
1701666000000,40923.53000000,41546.19000000,40880.79000000,41511.98000000,131.62674000,1701669599999,5429872.88029850,2995,81.08613000,3344315.10100800,0
1701669600000,41501.98000000,41759.07000000,41345.00000000,41386.76000000,93.16792000,1701673199999,3869110.12921000,2175,45.88084000,1905555.49516250,0
1701673200000,41407.41000000,41561.18000000,41325.44000000,41449.83000000,41.54336000,1701676799999,1721959.00535010,1148,17.83312000,739101.37140750,0
1701676800000,41451.35000000,41740.58000000,41377.25000000,41694.34000000,190.68383000,1701680399999,7916214.90936580,4004,53.42392000,2217009.42221290,0
1701680400000,41693.78000000,41813.84000000,41546.45000000,41565.28000000,128.55807000,1701683999999,5358393.12996670,2446,34.60188000,1442292.79753940,0
1701684000000,41560.11000000,42100.00000000,41553.94000000,41989.48000000,82.31415000,1701687599999,3445587.34464510,1636,43.94756000,1840173.04711460,0
1701687600000,41990.58000000,42161.06000000,41346.59000000,41620.53000000,93.59665000,1701691199999,3900219.21698910,3045,47.01305000,1958022.80042410,0
1701691200000,41610.91000000,41848.63000000,41507.68000000,41818.97000000,61.87780000,1701694799999,2577046.69353930,1852,31.41388000,1308211.16543900,0
1701694800000,41817.16000000,41923.87000000,41714.73000000,41741.88000000,42.08648000,1701698399999,1760767.17191790,1065,19.59085000,819619.34346600,0
1701698400000,41748.96000000,41803.07000000,41475.98000000,41646.34000000,50.05448000,1701701999999,2083612.09616350,1174,24.02646000,1000057.11006290,0
1701702000000,41651.42000000,41665.36000000,41150.67000000,41270.30000000,75.68742000,1701705599999,3131787.28090240,2215,36.17211000,1496382.37440850,0
1701705600000,41270.29000000,41633.66000000,41180.09000000,41629.79000000,79.97238000,1701709199999,3310130.28601500,1596,43.34060000,1793477.51453710,0
1701709200000,41635.84000000,41768.56000000,41561.37000000,41623.82000000,66.39082000,1701712799999,2765697.66101190,1267,33.20170000,1382975.50851000,0
1701712800000,41616.32000000,41770.74000000,41511.45000000,41732.42000000,58.82036000,1701716399999,2450066.55429770,1032,32.32864000,1346432.22800580,0
1701716400000,41727.76000000,42062.30000000,41714.61000000,41984.81000000,81.96601000,1701719999999,3433244.99180970,1549,46.56084000,1950306.78561780,0
1701720000000,41991.92000000,42007.25000000,41731.93000000,41783.12000000,111.64851000,1701723599999,4672168.80346380,1482,72.88803000,3049945.59353070,0
1701723600000,41763.95000000,42050.00000000,41719.83000000,42043.10000000,54.75986000,1701727199999,2291122.57476300,1023,30.35819000,1270233.78177300,0
1701727200000,42035.85000000,42409.61000000,41853.59000000,41958.27000000,104.08498000,1701730799999,4386193.32690290,2446,57.25861000,2412255.80202920,0
1701730800000,41952.03000000,42000.00000000,41801.41000000,41986.40000000,57.88972000,1701734399999,2426059.16179000,1088,30.66311000,1284877.62680470,0
1701734400000,41989.46000000,41989.46000000,41740.36000000,41928.63000000,43.88011000,1701737999999,1836186.88293800,1469,22.00355000,920721.56282990,0
1701738000000,41919.76000000,41924.48000000,41625.01000000,41809.07000000,47.38305000,1701741599999,1977239.18700250,1058,20.24694000,844670.03937890,0
1701741600000,41800.34000000,41821.13000000,41625.01000000,41741.14000000,36.48027000,1701745199999,1521877.62554950,867,16.69636000,696418.26336110,0
1701745200000,41741.42000000,41842.88000000,41709.88000000,41826.21000000,20.09195000,1701748799999,839626.13508570,532,9.46656000,395574.64965740,0
1701748800000,41830.67000000,41830.67000000,41729.37000000,41783.32000000,16.85348000,1701752399999,704150.96292180,500,8.17331000,341421.84429290,0
1701752400000,41783.32000000,41922.44000000,41724.95000000,41912.90000000,26.98587000,1701755999999,1129657.23800240,700,13.04259000,545871.74893910,0
1701756000000,41912.91000000,41921.26000000,41677.32000000,41726.08000000,36.80040000,1701759599999,1537834.01972460,785,18.08948000,755865.05447090,0
1701759600000,41726.39000000,41726.39000000,41400.00000000,41529.83000000,46.02287000,1701763199999,1911914.53930100,1221,25.31996000,1051960.56605620,0
1701763200000,41535.13000000,41636.35000000,41434.12000000,41621.35000000,27.89440000,1701766799999,1159062.93409190,822,14.07648000,584893.91178210,0
1701766800000,41621.35000000,41743.92000000,41595.86000000,41719.12000000,103.35508000,1701770399999,4309617.22490440,1963,90.72841000,3783160.42726330,0
1701770400000,41712.36000000,41767.02000000,41626.21000000,41626.21000000,37.31122000,1701773999999,1556321.51073060,1242,24.04992000,1003271.27106270,0
1701774000000,41624.16000000,41744.26000000,41573.52000000,41734.14000000,30.58927000,1701777599999,1274551.20829010,927,14.61939000,609073.95133760,0
1701777600000,41734.14000000,41881.94000000,41697.17000000,41878.07000000,35.18996000,1701781199999,1470893.52668140,873,17.09643000,714620.49794320,0
1701781200000,41878.07000000,42087.99000000,41819.83000000,41828.48000000,58.91166000,1701784799999,2469345.73027010,1545,30.31135000,1270480.78461030,0
1701784800000,41832.50000000,42250.00000000,41818.94000000,42198.19000000,76.96614000,1701788399999,3239519.29534850,2499,37.81727000,1591749.56355320,0
1701788400000,42198.19000000,42518.85000000,42098.33000000,42284.23000000,106.25925000,1701791999999,4493358.76828950,2678,53.11881000,2246306.47470540,0
1701792000000,42269.56000000,42835.83000000,42140.78000000,42705.58000000,99.97052000,1701795599999,4249350.36557400,2761,49.97571000,2123645.63900370,0
1701795600000,42724.21000000,44000.00000000,42689.32000000,43383.62000000,283.73239000,1701799199999,12300018.47212700,8018,138.68835000,6012283.58359060,0
1701799200000,43377.87000000,44112.64000000,43318.53000000,43702.21000000,163.94163000,1701802799999,7167629.34100160,3757,88.55861000,3872560.94513180,0
1701802800000,43711.67000000,43958.47000000,43581.70000000,43808.94000000,100.59695000,1701806399999,4402652.34010530,2229,51.73585000,2263856.13532750,0
1701806400000,43810.39000000,43850.01000000,43422.50000000,43774.49000000,84.67948000,1701809999999,3695702.46538420,1889,37.19228000,1622417.75604840,0
1701810000000,43783.97000000,44237.47000000,43688.27000000,43901.19000000,83.17939000,1701813599999,3654854.94459270,2333,38.61470000,1696390.90151220,0
1701813600000,43905.17000000,44500.00000000,43803.82000000,44291.89000000,109.69999000,1701817199999,4849450.87902280,3015,47.72530000,2109596.95730640,0
1701817200000,44287.64000000,44294.18000000,43862.84000000,44083.26000000,164.27238000,1701820799999,7238849.25426420,5118,50.75181000,2235860.44107200,0
1701820800000,44083.27000000,44153.60000000,43842.75000000,44147.17000000,64.25375000,1701824399999,2827706.85336750,1981,28.03708000,1233672.99705210,0
1701824400000,44148.10000000,44153.34000000,43765.64000000,43877.84000000,60.09240000,1701827999999,2642452.83445090,1743,26.54055000,1166737.64883370,0
1701828000000,43886.17000000,43918.02000000,43583.13000000,43908.94000000,47.97882000,1701831599999,2100568.21757980,1192,25.96717000,1136900.80483500,0
1701831600000,43914.68000000,43924.35000000,43674.53000000,43738.01000000,38.12562000,1701835199999,1669965.42515870,944,17.55164000,768817.55354210,0
1701835200000,43754.93000000,43863.47000000,43608.01000000,43725.87000000,33.39866000,1701838799999,1461057.83127180,757,16.18134000,707840.58586950,0
1701838800000,43734.19000000,43854.97000000,43550.43000000,43677.33000000,48.31079000,1701842399999,2110806.03551820,1110,28.26922000,1234878.05189840,0
1701842400000,43681.65000000,43735.92000000,43456.63000000,43672.46000000,49.20374000,1701845999999,2145144.96458320,1190,21.72093000,946935.99725660,0
1701846000000,43678.22000000,43724.74000000,43505.44000000,43692.09000000,39.10329000,1701849599999,1705670.76768550,1127,17.61537000,768371.76674080,0
1701849600000,43683.08000000,43872.02000000,43640.33000000,43831.32000000,41.77368000,1701853199999,1829080.16344550,1100,21.35372000,934888.87798620,0
1701853200000,43824.72000000,44022.74000000,43683.95000000,43866.42000000,52.86912000,1701856799999,2316599.68281900,1095,27.66171000,1212235.41586710,0
1701856800000,43865.62000000,44295.86000000,43865.35000000,44116.97000000,76.96383000,1701860399999,3394459.56150270,1634,42.36126000,1867962.64306300,0
1701860400000,44109.54000000,44132.22000000,43360.00000000,43841.64000000,72.88851000,1701863999999,3183843.21348240,1851,34.29487000,1498408.99621830,0
1701864000000,43841.64000000,44210.73000000,43776.90000000,44039.29000000,91.11511000,1701867599999,4011818.84187730,1795,44.59164000,1963202.38889230,0
1701867600000,44036.12000000,44169.36000000,43976.63000000,44100.65000000,63.75408000,1701871199999,2809266.96593740,1242,28.99699000,1277557.33226000,0
1701871200000,44100.56000000,44328.70000000,43941.14000000,44055.50000000,109.21919000,1701874799999,4822437.61234750,2179,57.88095000,2556144.17202130,0
1701874800000,44052.27000000,44261.79000000,43734.67000000,43801.35000000,115.34325000,1701878399999,5068629.93756410,1891,63.58947000,2795077.27294310,0
1701878400000,43785.54000000,44037.28000000,43720.08000000,43848.52000000,80.87678000,1701881999999,3548711.27588000,1626,40.52925000,1778703.86891180,0
1701882000000,43854.56000000,44139.20000000,43817.23000000,43970.50000000,79.13978000,1701885599999,3483054.08234270,1620,39.58603000,1742238.44141480,0
1701885600000,43960.19000000,43999.99000000,43860.37000000,43936.91000000,38.52051000,1701889199999,1692188.90817940,777,19.25283000,845573.28568500,0
1701889200000,43937.67000000,44123.92000000,43910.60000000,43989.95000000,49.96001000,1701892799999,2198574.92869660,856,28.15667000,1239038.85887680,0
1701892800000,43989.69000000,44078.73000000,43758.00000000,43767.93000000,49.65242000,1701896399999,2182319.73418430,992,21.34014000,937871.91093500,0
1701896400000,43759.14000000,43864.48000000,43614.22000000,43813.02000000,58.87571000,1701899999999,2577377.79416030,1129,31.87915000,1395509.81212150,0
1701900000000,43824.32000000,43952.97000000,43630.76000000,43786.46000000,27.56251000,1701903599999,1208702.34743320,758,13.21719000,579752.56515290,0
1701903600000,43764.93000000,43812.34000000,43608.01000000,43765.39000000,29.66693000,1701907199999,1297033.91475270,722,14.98105000,654953.65736520,0
1701907200000,43764.15000000,43899.34000000,43712.22000000,43821.41000000,24.54501000,1701910799999,1075482.22406220,623,12.05128000,527971.54760990,0
1701910800000,43827.84000000,43945.28000000,43827.84000000,43929.10000000,19.01495000,1701914399999,834740.69432480,502,9.01421000,395700.76629140,0
1701914400000,43931.94000000,43994.37000000,43910.30000000,43975.77000000,12.73282000,1701917999999,559543.28794500,401,5.56919000,244728.12788940,0
1701918000000,43978.06000000,44000.53000000,43917.52000000,43932.46000000,11.48550000,1701921599999,504947.46298960,363,5.65471000,248600.37722710,0
1701921600000,43932.46000000,44057.05000000,43889.29000000,43963.84000000,15.37685000,1701925199999,676116.58474910,558,6.84280000,300853.12417570,0
1701925200000,43963.84000000,44102.81000000,43925.30000000,44006.21000000,29.93134000,1701928799999,1316956.44144280,625,20.66148000,909154.38128650,0
1701928800000,44006.21000000,44028.14000000,43843.63000000,43868.74000000,20.05714000,1701932399999,881182.93165200,536,8.79798000,386501.04070140,0
1701932400000,43867.81000000,43949.59000000,43360.00000000,43886.91000000,97.07598000,1701935999999,4259612.06415390,1273,61.62583000,2707086.65453740,0
1701936000000,43888.21000000,43899.79000000,43551.72000000,43587.16000000,62.73083000,1701939599999,2742459.21482920,1449,26.15399000,1143083.73143330,0
1701939600000,43598.58000000,43641.20000000,42851.06000000,43365.81000000,162.68087000,1701943199999,7039618.61600490,3126,77.28513000,3342773.97648810,0
1701943200000,43357.03000000,43429.71000000,43066.59000000,43143.55000000,100.00330000,1701946799999,4322205.10115070,1618,50.06878000,2163920.09935970,0
1701946800000,43138.16000000,43383.75000000,43120.01000000,43201.00000000,68.82054000,1701950399999,2976263.57779690,1072,33.52567000,1449593.24755330,0
1701950400000,43191.00000000,43413.64000000,42970.00000000,43408.75000000,90.28437000,1701953999999,3894761.73080890,1421,46.56897000,2009017.32742570,0
1701954000000,43413.85000000,43753.48000000,43192.72000000,43301.92000000,106.39153000,1701957599999,4611257.74442150,1730,66.73353000,2892823.89180910,0
1701957600000,43301.90000000,43525.49000000,43253.62000000,43488.82000000,56.40867000,1701961199999,2447418.42464780,1018,29.42201000,1276521.13041700,0
1701961200000,43478.74000000,43921.54000000,43447.73000000,43656.40000000,84.04465000,1701964799999,3670481.28137700,1685,42.20603000,1843090.17419720,0
1701964800000,43670.71000000,43755.45000000,43470.41000000,43662.65000000,49.49540000,1701968399999,2159467.94736080,1178,22.03491000,961244.21970730,0
1701968400000,43690.45000000,43710.58000000,43222.76000000,43427.38000000,70.73323000,1701971999999,3074237.01525260,2413,28.02207000,1217627.59618510,0
1701972000000,43433.18000000,43471.28000000,43263.32000000,43352.98000000,51.61526000,1701975599999,2238712.37003090,1026,23.81439000,1032656.56339450,0
1701975600000,43314.07000000,43343.61000000,43081.03000000,43206.13000000,61.06317000,1701979199999,2638615.61905340,1121,30.10380000,1300539.83241720,0
1701979200000,43209.82000000,43337.76000000,43092.93000000,43238.55000000,48.82266000,1701982799999,2110436.03089190,936,25.31874000,1094329.68434990,0
1701982800000,43240.79000000,43457.12000000,43237.69000000,43390.42000000,30.20618000,1701986399999,1309037.90592200,846,14.52187000,629279.90976570,0
1701986400000,43384.97000000,43422.03000000,43148.50000000,43148.50000000,20.90219000,1701989999999,905531.34967190,645,9.02196000,390802.91969650,0
1701990000000,43151.46000000,43391.81000000,43150.47000000,43288.22000000,52.83370000,1701993599999,2286778.29535130,1051,25.31688000,1095422.94948240,0
1701993600000,43277.22000000,43414.99000000,43277.22000000,43402.94000000,37.17419000,1701997199999,1611933.88773930,809,19.73188000,855457.11477670,0
1701997200000,43402.94000000,43427.98000000,43328.23000000,43422.89000000,22.92750000,1702000799999,994816.16059930,586,10.98188000,476411.47493580,0
1702000800000,43420.57000000,43534.25000000,43411.23000000,43508.50000000,24.99559000,1702004399999,1086804.07205740,601,13.84830000,602026.25807680,0
1702004400000,43507.37000000,43526.66000000,43372.84000000,43376.36000000,23.98622000,1702007999999,1041666.89778570,612,13.16136000,571511.61045540,0
1702008000000,43376.36000000,43555.46000000,43361.26000000,43461.89000000,27.75253000,1702011599999,1206571.79267040,639,13.69105000,595077.66220470,0
1702011600000,43458.82000000,43520.58000000,43396.75000000,43437.20000000,16.41526000,1702015199999,713172.17154240,426,8.77352000,381172.58781590,0
1702015200000,43437.21000000,43502.28000000,43355.19000000,43366.88000000,23.44555000,1702018799999,1018099.81698110,447,10.66523000,463127.25580610,0
1702018800000,43364.80000000,43403.67000000,43117.58000000,43161.10000000,51.42795000,1702022399999,2224402.06712900,1121,22.16015000,958477.77328960,0
1702022400000,43164.03000000,43266.96000000,43107.50000000,43222.47000000,52.51443000,1702025999999,2269391.11974700,745,25.80676000,1115350.10571130,0
1702026000000,43217.05000000,43298.93000000,43128.36000000,43140.13000000,24.68191000,1702029599999,1066908.44262550,573,11.28456000,487731.50521620,0
1702029600000,43145.22000000,43355.00000000,43089.59000000,43355.00000000,34.22567000,1702033199999,1478714.47489550,736,17.30610000,747712.60036880,0
1702033200000,43358.38000000,43733.06000000,43358.38000000,43660.54000000,65.00848000,1702036799999,2830029.08236850,1223,33.75314000,1469533.16935560,0
1702036800000,43655.51000000,43804.93000000,43515.00000000,43758.05000000,65.10869000,1702040399999,2843783.81486930,1275,34.58564000,1510473.56926490,0
1702040400000,43750.55000000,43763.60000000,43496.70000000,43589.08000000,47.50272000,1702043999999,2073536.76736830,1000,22.49135000,981346.49662210,0
1702044000000,43571.50000000,44035.08000000,43571.50000000,43969.98000000,71.92586000,1702047599999,3151600.22163440,1447,35.25816000,1544476.10324660,0
1702047600000,43975.80000000,43991.90000000,43761.70000000,43767.68000000,54.92449000,1702051199999,2410723.03204890,1453,24.31589000,1067005.12987940,0
1702051200000,43767.68000000,43968.13000000,43762.72000000,43828.38000000,73.69930000,1702054799999,3234126.95614040,2061,29.87086000,1310482.68118280,0
1702054800000,43828.54000000,43858.87000000,43637.32000000,43739.98000000,35.36261000,1702058399999,1546548.50099610,1152,13.43255000,587348.32484160,0
1702058400000,43742.56000000,43941.08000000,43739.07000000,43812.64000000,43.48335000,1702061999999,1906110.43753830,905,18.82497000,825150.78294780,0
1702062000000,43812.67000000,44000.00000000,43798.97000000,43952.42000000,31.78244000,1702065599999,1394946.49772240,915,14.03615000,616110.06589580,0
1702065600000,43969.92000000,44423.31000000,43960.49000000,44383.59000000,49.19507000,1702069199999,2174073.02883010,1940,19.96438000,882473.80241440,0
1702069200000,44375.52000000,44734.19000000,44241.87000000,44529.95000000,60.19541000,1702072799999,2679110.20621620,2156,35.28667000,1570306.94207580,0
1702072800000,44535.02000000,44596.65000000,44248.56000000,44261.14000000,17.89110000,1702076399999,796090.07771990,886,8.20953000,365383.06056310,0
1702076400000,44282.35000000,44341.01000000,44135.88000000,44183.30000000,15.28941000,1702079999999,675895.98695430,661,7.83948000,346559.18362240,0
1702080000000,44183.31000000,44282.01000000,44151.79000000,44187.20000000,17.60082000,1702083599999,778387.72056740,567,9.87025000,436481.66213600,0
1702083600000,44187.21000000,44205.77000000,44045.67000000,44118.34000000,18.23883000,1702087199999,804326.77594300,563,9.64145000,425109.03853320,0
1702087200000,44132.97000000,44210.65000000,44113.76000000,44129.44000000,11.82322000,1702090799999,522155.11660960,478,6.96665000,307629.86364270,0
1702090800000,44129.45000000,44247.09000000,44127.02000000,44150.84000000,13.28182000,1702094399999,586855.16144240,478,7.42324000,327963.01044000,0
1702094400000,44158.29000000,44289.12000000,44158.29000000,44241.95000000,8.62764000,1702097999999,381650.55851660,362,4.18297000,184989.26427190,0
1702098000000,44241.95000000,44368.85000000,44232.76000000,44283.57000000,24.84471000,1702101599999,1100684.96727310,558,12.66985000,561256.93178640,0
1702101600000,44287.11000000,44343.75000000,44187.57000000,44194.61000000,17.35090000,1702105199999,768371.19717650,534,7.01048000,310461.49950070,0
1702105200000,44212.97000000,44277.66000000,44118.43000000,44193.41000000,42.06204000,1702108799999,1858338.50484420,832,16.43885000,726227.16317270,0
1702108800000,44193.22000000,44204.47000000,43739.07000000,43847.88000000,45.36176000,1702112399999,1994564.94758270,1502,17.85928000,785590.81493070,0
1702112400000,43848.60000000,43979.67000000,43745.73000000,43853.80000000,31.51274000,1702115999999,1382595.88041830,851,15.55581000,682613.65145910,0
1702116000000,43856.85000000,43924.89000000,43827.10000000,43849.75000000,16.23572000,1702119599999,712329.93954100,474,8.15532000,357754.40639830,0
1702119600000,43849.74000000,43909.97000000,43766.38000000,43829.88000000,21.96780000,1702123199999,963062.83841840,570,10.74468000,471046.42619950,0
1702123200000,43829.88000000,43907.91000000,43750.01000000,43907.91000000,20.54441000,1702126799999,900048.54166150,614,10.50778000,460270.01076710,0
1702126800000,43914.68000000,44055.47000000,43892.87000000,44019.66000000,21.04964000,1702130399999,925325.11668370,617,9.84928000,432953.14478300,0
1702130400000,44017.80000000,44149.04000000,43767.36000000,43949.24000000,41.39059000,1702133999999,1820386.60926860,1178,19.53592000,859295.98318760,0
1702134000000,43949.90000000,44118.08000000,43878.56000000,44060.25000000,41.72186000,1702137599999,1834891.79887290,891,21.64396000,951813.86639610,0
1702137600000,44058.01000000,44094.22000000,43956.54000000,44016.01000000,29.00856000,1702141199999,1277694.33330380,745,13.34399000,587685.22526500,0
1702141200000,44026.32000000,44048.25000000,43902.93000000,43909.99000000,25.73957000,1702144799999,1131641.34077890,687,10.82787000,476042.12064350,0
1702144800000,43910.19000000,44003.77000000,43890.67000000,43979.77000000,18.82304000,1702148399999,827286.15009240,587,8.01901000,352388.40409550,0
1702148400000,43977.55000000,44025.37000000,43935.13000000,43938.54000000,12.68143000,1702151999999,557607.98360180,373,6.23169000,274013.64847850,0
1702152000000,43938.90000000,44000.51000000,43877.36000000,43991.33000000,21.31907000,1702155599999,936540.92670180,593,9.95771000,437442.42244580,0
1702155600000,43991.36000000,44092.16000000,43885.86000000,43977.37000000,28.55936000,1702159199999,1256632.15517860,720,14.21220000,625358.41506330,0
1702159200000,43982.38000000,44045.72000000,43913.25000000,43913.25000000,12.93574000,1702162799999,569274.10867710,412,6.67902000,293923.84241240,0
1702162800000,43913.24000000,43928.83000000,43570.00000000,43724.41000000,69.13494000,1702166399999,3024536.82818310,1609,35.65806000,1559713.78426640,0
1702166400000,43724.67000000,43798.35000000,43677.91000000,43777.76000000,25.56527000,1702169999999,1118539.42754760,734,14.44774000,632071.56089850,0
1702170000000,43776.46000000,43866.66000000,43715.34000000,43799.55000000,18.96977000,1702173599999,830884.14044330,518,9.40436000,411864.79496340,0
1702173600000,43799.56000000,43819.95000000,43722.02000000,43744.76000000,16.94733000,1702177199999,741640.75547980,457,7.85160000,343568.63847990,0
1702177200000,43751.67000000,43850.93000000,43718.53000000,43850.93000000,13.57421000,1702180799999,594472.64644200,361,6.86047000,300383.21152750,0
1702180800000,43850.93000000,43969.92000000,43829.44000000,43942.57000000,12.33630000,1702184399999,541751.88334570,424,7.21939000,316994.74428820,0
1702184400000,43942.73000000,43965.18000000,43882.21000000,43889.02000000,10.08050000,1702187999999,442795.93936950,402,4.95845000,217785.28020130,0
1702188000000,43893.82000000,43935.23000000,43870.12000000,43913.36000000,8.38577000,1702191599999,368099.98354310,470,4.94218000,216933.28204100,0
1702191600000,43913.36000000,44012.79000000,43850.00000000,43968.79000000,17.05948000,1702195199999,749146.88860190,609,8.90885000,391212.04290400,0
1702195200000,43967.64000000,44039.27000000,43731.68000000,43778.26000000,36.12574000,1702198799999,1584181.11477240,1008,16.40457000,719337.75378930,0
1702198800000,43778.27000000,43824.54000000,43605.48000000,43605.48000000,28.28201000,1702202399999,1236191.95024310,801,13.22450000,578096.99757810,0
1702202400000,43611.15000000,43728.12000000,43611.15000000,43711.00000000,21.23524000,1702205999999,927353.27481770,545,11.97078000,522786.30842930,0
1702206000000,43711.01000000,43764.26000000,43685.73000000,43743.71000000,4.19580000,1702209599999,183483.88279660,312,1.70206000,74432.61759790,0
1702209600000,43743.25000000,43906.06000000,43734.29000000,43889.30000000,13.19332000,1702213199999,578048.76205690,442,6.36411000,278852.47929960,0
1702213200000,43889.29000000,43910.67000000,43752.56000000,43827.67000000,13.32575000,1702216799999,584126.78171840,485,6.86844000,301072.94134470,0
1702216800000,43837.72000000,43893.12000000,43755.21000000,43837.39000000,13.92954000,1702220399999,610441.50788880,429,5.60987000,245835.21070070,0
1702220400000,43833.09000000,43968.54000000,43821.42000000,43905.00000000,23.18471000,1702223999999,1018292.70981770,623,12.13809000,533046.29368160,0
1702224000000,43903.79000000,43932.47000000,43773.31000000,43827.87000000,12.58528000,1702227599999,551805.51347380,423,6.15079000,269679.66174920,0
1702227600000,43828.03000000,43849.20000000,43757.27000000,43822.46000000,10.77876000,1702231199999,472077.76514580,347,5.92464000,259497.29151300,0
1702231200000,43816.68000000,43912.57000000,43812.16000000,43831.68000000,12.49633000,1702234799999,548139.07480350,493,6.00548000,263405.78594890,0
1702234800000,43831.68000000,43870.55000000,43737.89000000,43796.02000000,15.72617000,1702238399999,688764.73791100,510,8.31524000,364111.19824020,0
1702238400000,43796.02000000,43968.05000000,43783.50000000,43951.14000000,22.59577000,1702241999999,991417.73610770,603,11.64688000,511035.91521330,0
1702242000000,43956.94000000,44044.44000000,43747.29000000,43800.65000000,31.61141000,1702245599999,1387554.79929970,846,14.84284000,651546.41045570,0
1702245600000,43800.66000000,43899.76000000,43773.39000000,43780.51000000,9.40996000,1702249199999,412471.66406570,359,5.06658000,222104.27795200,0
1702249200000,43780.34000000,43851.03000000,43572.52000000,43790.94000000,39.76525000,1702252799999,1738322.55185050,887,20.06950000,877314.64345420,0
1702252800000,43790.93000000,43808.15000000,43615.95000000,43634.38000000,25.56046000,1702256399999,1117722.03401740,531,10.73795000,469545.28725470,0
1702256400000,43626.54000000,43626.54000000,43201.00000000,43216.26000000,75.74943000,1702259999999,3285930.37449720,1868,36.27303000,1573318.11492320,0
1702260000000,43219.24000000,43232.16000000,40350.00000000,41953.31000000,150.48930000,1702263599999,6331739.43262240,5819,70.90550000,2979526.97953970,0
1702263600000,41959.40000000,42565.72000000,41892.36000000,42310.28000000,136.46877000,1702267199999,5763181.92694370,3048,66.73415000,2817799.63899990,0
1702267200000,42307.42000000,42329.20000000,41982.93000000,42160.61000000,98.84904000,1702270799999,4168245.11690180,2308,41.55319000,1751606.89345060,0
1702270800000,42150.93000000,42213.67000000,41638.01000000,42041.77000000,97.24587000,1702274399999,4084267.85270980,1984,48.71245000,2046077.53652340,0
1702274400000,42052.04000000,42196.93000000,41712.17000000,42123.13000000,111.11281000,1702277999999,4661404.18901240,2219,59.36658000,2490194.83407000,0
1702278000000,42122.74000000,42312.20000000,42083.51000000,42126.04000000,34.67548000,1702281599999,1463094.27605520,1580,18.57334000,783729.69237760,0
1702281600000,42125.71000000,42337.94000000,41974.42000000,42235.29000000,67.09549000,1702285199999,2824832.37323520,1721,39.15148000,1648067.51766820,0
1702285200000,42233.61000000,42399.99000000,42159.49000000,42377.14000000,79.80863000,1702288799999,3377272.75274160,1372,37.59330000,1590738.85936950,0
1702288800000,42377.47000000,42472.39000000,42343.50000000,42377.86000000,77.03759000,1702292399999,3266254.80350330,1406,41.31369000,1751380.19563970,0
1702292400000,42377.85000000,42481.64000000,42163.58000000,42348.63000000,69.23390000,1702295999999,2930348.34004520,1152,35.06624000,1483860.60911200,0
1702296000000,42342.90000000,42390.74000000,42184.04000000,42210.56000000,71.00582000,1702299599999,3002632.59043440,1174,34.95244000,1477859.74747890,0
1702299600000,42210.56000000,42257.21000000,41887.32000000,41994.25000000,92.42013000,1702303199999,3890046.60246370,1677,51.91481000,2184522.56754080,0
1702303200000,41997.29000000,42089.23000000,41799.54000000,41824.20000000,129.95403000,1702306799999,5447537.94371920,2613,79.16753000,3318137.54885960,0
1702306800000,41826.08000000,42008.54000000,41662.75000000,41778.00000000,110.50673000,1702310399999,4626785.91916680,2139,60.70395000,2541227.96818130,0
1702310400000,41781.74000000,41863.40000000,41346.78000000,41774.96000000,119.51488000,1702313999999,4980151.17001900,2621,72.44663000,3018588.98545440,0
1702314000000,41772.54000000,41779.32000000,41254.19000000,41332.78000000,122.67193000,1702317599999,5097772.70097670,1811,60.69311000,2521131.85574030,0
1702317600000,41322.73000000,41322.73000000,40521.01000000,41020.64000000,186.27499000,1702321199999,7630761.56294130,4726,108.17276000,4430506.93901620,0
1702321200000,41015.27000000,41078.98000000,40179.45000000,40740.35000000,168.11259000,1702324799999,6831793.62967460,3027,83.62399000,3397441.00064790,0
1702324800000,40742.54000000,40889.07000000,40522.04000000,40831.01000000,125.76134000,1702328399999,5114190.64823760,2129,69.29585000,2817463.17238890,0
1702328400000,40815.11000000,41255.17000000,40806.81000000,41176.65000000,93.55216000,1702331999999,3842454.03715050,1698,47.65108000,1957137.01834270,0
1702332000000,41167.91000000,41327.94000000,41113.79000000,41271.80000000,45.29507000,1702335599999,1867178.37114780,880,20.82369000,858217.89601850,0
1702335600000,41269.30000000,41276.30000000,41123.59000000,41236.34000000,29.80456000,1702339199999,1227966.67000430,629,14.99563000,617706.49125650,0
1702339200000,41231.16000000,41754.55000000,41164.49000000,41688.00000000,100.10496000,1702342799999,4157138.65213210,1851,57.09863000,2370546.71475900,0
1702342800000,41695.10000000,41839.31000000,41571.07000000,41658.42000000,48.57468000,1702346399999,2025145.60336190,977,24.44623000,1019078.31488290,0
1702346400000,41663.12000000,41919.43000000,41648.72000000,41850.87000000,47.14796000,1702349999999,1971976.04155870,930,25.10177000,1049641.96033430,0
1702350000000,41850.86000000,41873.84000000,41708.48000000,41725.04000000,32.38360000,1702353599999,1353737.74593600,665,17.46392000,729988.35066230,0
1702353600000,41720.15000000,41745.19000000,41359.31000000,41372.06000000,41.21637000,1702357199999,1713423.73202800,806,19.90031000,827372.17176610,0
1702357200000,41368.56000000,41657.73000000,41368.56000000,41544.40000000,30.54089000,1702360799999,1268341.80805890,718,15.78493000,655386.74879600,0
1702360800000,41544.39000000,41678.84000000,41385.99000000,41671.74000000,33.74947000,1702364399999,1401190.04196870,882,17.00904000,706033.69245230,0
1702364400000,41673.71000000,42047.39000000,41669.58000000,41910.62000000,62.35108000,1702367999999,2610032.68476750,1675,32.51004000,1360646.13718220,0
1702368000000,41905.38000000,42084.53000000,41768.27000000,42021.92000000,52.60634000,1702371599999,2204389.96765500,1474,29.60178000,1240244.02408220,0
1702371600000,42015.43000000,42021.76000000,41800.00000000,41800.00000000,47.92832000,1702375199999,2008052.88972010,1109,22.57604000,945711.57515870,0
1702375200000,41799.54000000,41823.04000000,41704.32000000,41792.11000000,45.40741000,1702378799999,1896938.84278050,970,29.76495000,1243385.19179950,0
1702378800000,41799.57000000,41813.34000000,41550.01000000,41570.30000000,27.89767000,1702382399999,1163550.71965800,747,13.44997000,560910.78308040,0
1702382400000,41575.15000000,41891.00000000,41575.15000000,41829.70000000,37.14659000,1702385999999,1551582.43424360,908,21.12654000,882391.96796870,0
1702386000000,41840.68000000,42044.83000000,41738.15000000,41784.26000000,57.71320000,1702389599999,2416584.21400780,1374,30.78578000,1288920.86541620,0
1702389600000,41802.44000000,41859.71000000,41283.08000000,41458.40000000,74.61703000,1702393199999,3104285.09104630,1730,38.91386000,1618445.74768460,0
1702393200000,41473.39000000,41566.41000000,41137.12000000,41326.65000000,95.70096000,1702396799999,3957937.82496190,2051,47.90082000,1980725.55357750,0
1702396800000,41329.98000000,41432.99000000,41078.99000000,41309.91000000,88.69380000,1702400399999,3657518.43595390,1880,48.94293000,2018084.91579350,0
1702400400000,41309.80000000,41309.80000000,40665.59000000,40668.31000000,103.42061000,1702403999999,4231605.07459510,2034,53.24636000,2178512.48823160,0
1702404000000,40666.44000000,41384.05000000,40656.98000000,41275.74000000,90.96439000,1702407599999,3741824.51807900,1741,48.10642000,1978308.07429630,0
1702407600000,41272.32000000,41296.56000000,40997.11000000,41107.16000000,56.52377000,1702411199999,2325596.00821540,1211,26.44212000,1088119.22242280,0
1702411200000,41108.96000000,41264.31000000,41041.19000000,41202.00000000,51.60813000,1702414799999,2124174.62832240,1113,25.74549000,1059659.52981210,0
1702414800000,41199.69000000,41349.99000000,41022.12000000,41085.92000000,50.69477000,1702418399999,2089141.72845110,1120,23.08148000,951159.38104970,0
1702418400000,41076.84000000,41263.26000000,41064.49000000,41219.42000000,28.16332000,1702421999999,1158996.43616610,713,14.90179000,613218.19317550,0
1702422000000,41219.42000000,41536.32000000,41219.42000000,41474.19000000,38.52937000,1702425599999,1596893.11808710,988,18.95397000,785317.76551890,0
1702425600000,41486.41000000,41486.41000000,41282.66000000,41397.91000000,36.97362000,1702429199999,1529970.17085220,908,17.67835000,731421.12597840,0
1702429200000,41388.43000000,41415.18000000,40879.55000000,41014.04000000,53.26890000,1702432799999,2191049.87722140,1383,25.21241000,1036883.03995100,0
1702432800000,41023.93000000,41130.75000000,40562.53000000,40984.26000000,79.17176000,1702436399999,3239173.44201840,1844,36.67483000,1500584.05511040,0
1702436400000,40992.24000000,41028.61000000,40756.56000000,40819.53000000,46.25150000,1702439999999,1891835.67409250,1023,22.14598000,905747.79658420,0
1702440000000,40812.73000000,40903.01000000,40611.96000000,40883.95000000,49.65473000,1702443599999,2026805.27830020,982,25.27561000,1031740.91834820,0
1702443600000,40883.95000000,41007.19000000,40816.87000000,41002.34000000,27.23781000,1702447199999,1114678.57180070,754,13.79778000,564621.62242900,0
1702447200000,41007.20000000,41040.67000000,40810.83000000,40847.14000000,105.74100000,1702450799999,4334564.01937750,1732,16.36924000,670763.46981950,0
1702450800000,40847.14000000,41222.92000000,40781.58000000,41093.32000000,55.82067000,1702454399999,2294203.50004240,1247,32.03820000,1316551.72433520,0
1702454400000,41098.48000000,41262.38000000,41092.42000000,41242.12000000,46.20981000,1702457999999,1903249.96799180,886,35.87283000,1477512.34262950,0
1702458000000,41242.12000000,41242.12000000,41039.59000000,41187.10000000,28.59081000,1702461599999,1176244.97571610,621,14.14727000,581988.11751560,0
1702461600000,41191.44000000,41230.07000000,41052.85000000,41115.61000000,29.34265000,1702465199999,1207247.39066300,754,16.66431000,685534.78084200,0
1702465200000,41115.61000000,41189.72000000,40930.24000000,40981.52000000,34.54414000,1702468799999,1418411.99306540,887,18.33163000,752723.87938150,0
1702468800000,40977.18000000,41242.23000000,40954.13000000,41188.40000000,54.65862000,1702472399999,2248237.71268310,1160,33.32194000,1370409.99858000,0
1702472400000,41188.40000000,41463.55000000,41161.09000000,41442.43000000,51.80635000,1702475999999,2141672.87085190,1175,25.55957000,1056591.84111910,0
1702476000000,41451.30000000,41464.49000000,41284.39000000,41406.77000000,37.39131000,1702479599999,1546727.30129350,992,17.30636000,715843.97203150,0
1702479600000,41406.77000000,41923.88000000,41406.77000000,41903.05000000,98.09561000,1702483199999,4097540.91019370,3084,44.58699000,1861425.72881530,0
1702483200000,41907.87000000,42181.32000000,41704.77000000,41842.24000000,96.11291000,1702486799999,4032716.60763680,2643,40.97460000,1719361.97226360,0
1702486800000,41843.57000000,42111.04000000,41797.13000000,42098.51000000,69.25107000,1702490399999,2908920.86814980,1699,34.68082000,1456570.53111940,0
1702490400000,42100.08000000,42175.91000000,41970.60000000,42091.67000000,59.34121000,1702493999999,2497317.29354490,1606,23.46574000,987433.95515090,0
1702494000000,42116.35000000,42877.61000000,42110.48000000,42717.72000000,168.34711000,1702497599999,7152324.21862430,4716,117.38538000,4984260.55922490,0
1702497600000,42739.64000000,42890.77000000,42577.70000000,42885.70000000,97.81797000,1702501199999,4182063.95883690,2901,56.37119000,2409621.92411540,0
1702501200000,42876.71000000,43189.93000000,42725.52000000,42992.78000000,91.40890000,1702504799999,3920276.13632940,2537,43.35214000,1859459.83513930,0
1702504800000,42984.92000000,43503.65000000,42952.66000000,42981.18000000,103.11835000,1702508399999,4453384.23852800,2346,45.40758000,1961384.52749400,0
1702508400000,42981.18000000,43056.37000000,42859.09000000,42880.31000000,88.15386000,1702511999999,3787342.12739950,2460,31.78104000,1364899.69454210,0
1702512000000,42880.31000000,42949.93000000,42675.12000000,42799.50000000,74.08778000,1702515599999,3171682.27881340,1940,31.98470000,1369173.62584210,0
1702515600000,42799.50000000,42866.98000000,42728.62000000,42853.50000000,54.33862000,1702519199999,2325658.80270880,2004,17.78292000,760968.97065790,0
1702519200000,42859.63000000,42872.53000000,42678.88000000,42779.82000000,50.52892000,1702522799999,2162083.36997100,1713,19.17394000,820256.14411730,0
1702522800000,42779.82000000,42817.86000000,42670.12000000,42725.68000000,40.51346000,1702526399999,1731356.04730760,1228,16.25976000,694684.82722570,0
1702526400000,42725.69000000,42796.50000000,42687.18000000,42714.18000000,78.18729000,1702529999999,3341116.82270970,1264,57.75699000,2467652.66836070,0
1702530000000,42717.28000000,42821.00000000,42709.84000000,42808.03000000,26.65385000,1702533599999,1140106.74051410,791,13.07949000,559382.38844980,0
1702533600000,42814.56000000,43115.35000000,42776.91000000,42908.55000000,56.56365000,1702537199999,2430678.21507270,1077,25.01399000,1074994.47635690,0
1702537200000,42915.95000000,42952.61000000,42765.60000000,42911.33000000,37.65583000,1702540799999,1613382.94996810,1066,17.06883000,731185.65296910,0
1702540800000,42911.32000000,43010.47000000,42778.10000000,42778.11000000,39.26022000,1702544399999,1684335.23062890,821,19.17806000,822801.90356900,0
1702544400000,42767.35000000,42926.03000000,42700.01000000,42905.41000000,59.41492000,1702547999999,2542943.61559430,1088,28.03641000,1199843.60507540,0
1702548000000,42890.88000000,43025.91000000,42791.63000000,42963.68000000,40.65843000,1702551599999,1744288.08062670,848,20.49397000,879108.69399770,0
1702551600000,42967.74000000,43306.55000000,42898.76000000,43271.21000000,88.85084000,1702555199999,3830589.83526990,1620,45.43004000,1958370.64913660,0
1702555200000,43271.38000000,43359.85000000,43049.34000000,43104.61000000,82.20762000,1702558799999,3547584.19832350,1594,46.85244000,2021738.90414950,0
1702558800000,43098.11000000,43105.41000000,41344.90000000,42572.84000000,195.61257000,1702562399999,8308763.43760070,4489,92.77154000,3938359.04674690,0
1702562400000,42569.07000000,42769.62000000,42354.59000000,42659.35000000,143.87431000,1702565999999,6119936.52626370,2297,74.84241000,3183100.13951170,0
1702566000000,42658.03000000,42698.25000000,42220.76000000,42458.74000000,303.24438000,1702569599999,12887494.10953560,6111,59.36340000,2519547.35240280,0
1702569600000,42456.31000000,42688.48000000,42456.31000000,42607.73000000,91.94917000,1702573199999,3914644.48595740,2668,39.07605000,1663427.19323010,0
1702573200000,42601.39000000,43427.13000000,42577.92000000,43228.44000000,253.28372000,1702576799999,10925874.49643510,7151,93.42270000,4024054.47751720,0
1702576800000,43216.97000000,43222.82000000,42846.35000000,42868.57000000,106.50596000,1702580399999,4588329.43832000,2023,50.41459000,2171744.84833690,0
1702580400000,42866.04000000,43114.45000000,42814.61000000,43108.01000000,65.91424000,1702583999999,2829612.62312630,1711,28.82810000,1237288.37286820,0
1702584000000,43107.34000000,43114.98000000,42860.72000000,42942.08000000,64.45003000,1702587599999,2767853.44156250,1439,28.93976000,1242499.56636350,0
1702587600000,42927.67000000,43032.59000000,42894.72000000,42985.75000000,41.72208000,1702591199999,1793463.01775280,1165,16.98212000,729838.09280990,0
1702591200000,42990.56000000,43123.78000000,42932.02000000,43081.98000000,34.91534000,1702594799999,1503211.19855070,853,17.51327000,753865.37635190,0
1702594800000,43081.99000000,43187.97000000,42946.69000000,43035.25000000,40.71636000,1702598399999,1753450.48071030,1195,18.47893000,795659.62894390,0
1702598400000,43030.70000000,43089.95000000,42878.39000000,42889.17000000,65.26730000,1702601999999,2807659.00097690,1160,43.80581000,1884787.22674270,0
1702602000000,42906.65000000,43047.73000000,42890.82000000,42975.90000000,24.64361000,1702605599999,1058981.87155250,585,13.55031000,582240.82744470,0
1702605600000,42984.87000000,43005.44000000,42833.87000000,42876.28000000,23.93906000,1702609199999,1027095.41186500,599,11.59815000,497545.88542340,0
1702609200000,42876.28000000,42892.52000000,42517.16000000,42792.34000000,60.38967000,1702612799999,2582178.87112530,1279,31.43603000,1344139.08152600,0
1702612800000,42799.15000000,42817.86000000,42701.93000000,42802.66000000,30.08644000,1702616399999,1286574.53584540,735,16.08986000,687918.22164010,0
1702616400000,42814.08000000,42876.88000000,42577.30000000,42597.84000000,51.52105000,1702619999999,2199973.80409460,1090,24.86497000,1061503.65920570,0
1702620000000,42596.46000000,42639.60000000,42525.69000000,42568.87000000,35.07398000,1702623599999,1494117.20682900,801,17.01930000,724918.56500720,0
1702623600000,42570.88000000,42712.02000000,42559.27000000,42712.02000000,32.55196000,1702627199999,1388439.27222440,1099,14.72429000,627926.81247880,0
1702627200000,42712.02000000,42885.47000000,42645.74000000,42885.47000000,41.65865000,1702630799999,1781073.20412900,1191,19.82623000,847475.52788980,0
1702630800000,42881.18000000,43033.69000000,42806.25000000,42839.68000000,43.06923000,1702634399999,1848643.59986960,994,22.65282000,972306.97046810,0
1702634400000,42840.44000000,42894.85000000,42745.75000000,42841.56000000,31.51649000,1702637999999,1350183.37564040,891,14.94202000,640006.33197970,0
1702638000000,42849.27000000,42866.29000000,42703.30000000,42771.84000000,29.62363000,1702641599999,1266916.64619520,824,14.65307000,626585.11534160,0
1702641600000,42775.19000000,42781.19000000,42600.01000000,42601.93000000,32.98437000,1702645199999,1408173.76701460,1012,15.52189000,662643.65840850,0
1702645200000,42604.04000000,42616.80000000,42158.08000000,42279.64000000,91.67737000,1702648799999,3887188.94889090,1995,44.74297000,1896780.81543830,0
1702648800000,42279.15000000,42348.25000000,42001.21000000,42174.14000000,76.99519000,1702652399999,3247041.53219550,1531,39.70760000,1674285.82655610,0
1702652400000,42179.72000000,42252.38000000,41650.56000000,41887.46000000,94.32771000,1702655999999,3955714.98562840,1808,48.90725000,2050639.55580920,0
1702656000000,41881.24000000,42085.23000000,41685.29000000,41777.51000000,53.17936000,1702659599999,2227238.33525560,1238,28.37172000,1188192.65578240,0
1702659600000,41783.12000000,42050.61000000,41755.17000000,41835.86000000,56.15119000,1702663199999,2353431.62737040,1324,29.52175000,1237194.69092450,0
1702663200000,41835.86000000,42106.66000000,41811.35000000,42086.81000000,35.66751000,1702666799999,1496904.63563360,841,20.11515000,843944.35696400,0
1702666800000,42098.23000000,42173.32000000,41952.71000000,42079.83000000,47.25872000,1702670399999,1987911.15832900,1140,25.93867000,1090946.34467140,0
1702670400000,42088.23000000,42261.20000000,42064.89000000,42217.91000000,54.41348000,1702673999999,2293945.48542200,1273,25.93630000,1093178.07112310,0
1702674000000,42220.95000000,42242.16000000,42112.44000000,42235.23000000,45.59771000,1702677599999,1923890.25251580,1394,19.57645000,825902.75438910,0
1702677600000,42235.23000000,42246.79000000,41952.71000000,42059.34000000,47.53930000,1702681199999,2002791.40203980,1147,23.32768000,982373.41601490,0
1702681200000,42066.64000000,42172.81000000,41904.34000000,41934.09000000,51.11704000,1702684799999,2147265.49206520,1153,26.61185000,1117576.13852700,0
1702684800000,41938.34000000,42048.76000000,41627.83000000,41884.48000000,60.93873000,1702688399999,2550726.13089830,1293,35.07686000,1468347.82450790,0
1702688400000,41899.07000000,42137.63000000,41883.27000000,42052.45000000,33.59652000,1702691999999,1412654.10982370,839,20.04598000,842807.23936160,0
1702692000000,42052.46000000,42182.56000000,42046.55000000,42140.46000000,31.82115000,1702695599999,1339973.20992610,700,17.15945000,722428.10146300,0
1702695600000,42142.12000000,42386.55000000,42093.46000000,42321.43000000,45.87255000,1702699199999,1937083.53166810,1004,22.01842000,929733.41312500,0
1702699200000,42327.60000000,42332.66000000,42229.73000000,42266.76000000,19.11899000,1702702799999,808366.17731000,588,10.91100000,461285.37377140,0
1702702800000,42266.76000000,42291.89000000,42179.58000000,42245.40000000,18.61882000,1702706399999,786258.28310830,510,9.48785000,400676.84554510,0
1702706400000,42245.40000000,42290.22000000,42118.09000000,42182.32000000,13.36100000,1702709999999,563611.22481190,578,7.50263000,316444.55485640,0
1702710000000,42182.33000000,42247.39000000,42133.29000000,42193.58000000,17.64262000,1702713599999,744141.08577140,625,13.81770000,582828.01690300,0
1702713600000,42193.57000000,42228.23000000,42069.52000000,42146.03000000,21.65249000,1702717199999,912663.08551370,752,11.99382000,505527.29087840,0
1702717200000,42149.79000000,42252.04000000,42149.79000000,42179.23000000,23.65651000,1702720799999,998444.90969830,664,13.47652000,568732.89674860,0
1702720800000,42179.23000000,42233.52000000,42159.14000000,42227.39000000,14.31238000,1702724399999,603882.10809150,600,9.01942000,380531.75234770,0
1702724400000,42233.51000000,42305.71000000,42192.39000000,42296.65000000,21.89067000,1702727999999,924943.14191250,887,13.52775000,571596.58411990,0
1702728000000,42301.57000000,42450.92000000,42236.48000000,42385.81000000,61.84305000,1702731599999,2615914.35493440,1472,20.60124000,872083.32443110,0
1702731600000,42385.81000000,42507.91000000,42220.07000000,42361.18000000,51.14224000,1702735199999,2166884.46426130,1223,26.00251000,1101582.41731790,0
1702735200000,42361.19000000,42430.91000000,42276.34000000,42332.50000000,19.64808000,1702738799999,831940.99226290,703,10.34715000,438112.24050390,0
1702738800000,42332.51000000,42576.06000000,42275.79000000,42564.17000000,34.79008000,1702742399999,1475926.19319490,1039,18.93885000,803567.02095690,0
1702742400000,42569.44000000,42679.05000000,42448.44000000,42560.72000000,53.44046000,1702745999999,2274708.72202730,1253,26.89553000,1144671.97603530,0
1702746000000,42556.62000000,42563.90000000,42437.74000000,42470.91000000,20.11636000,1702749599999,855226.49247320,680,10.38586000,441565.55207090,0
1702749600000,42480.70000000,42482.60000000,42349.43000000,42441.09000000,32.47769000,1702753199999,1377605.16191320,1735,11.75261000,498520.61570900,0
1702753200000,42441.09000000,42493.81000000,42307.43000000,42323.29000000,28.48607000,1702756799999,1207365.01955290,1092,11.42738000,484277.25549750,0
1702756800000,42321.28000000,42383.77000000,42225.24000000,42300.34000000,20.85785000,1702760399999,882736.99283620,638,11.02683000,466604.77119440,0
1702760400000,42300.34000000,42340.91000000,42200.01000000,42272.98000000,32.64848000,1702763999999,1380645.10025260,666,18.74419000,792727.50204680,0
1702764000000,42262.94000000,42294.25000000,42115.80000000,42280.63000000,22.75368000,1702767599999,960980.30533660,669,11.35006000,479345.72958390,0
1702767600000,42276.46000000,42308.04000000,42154.77000000,42241.77000000,25.42791000,1702771199999,1073204.84851990,780,13.16565000,555599.82173770,0
1702771200000,42241.76000000,42262.12000000,42110.12000000,42110.12000000,20.88180000,1702774799999,881461.07308440,578,11.14432000,470411.34502940,0
1702774800000,42101.95000000,42216.64000000,41847.68000000,41964.71000000,38.01199000,1702778399999,1598220.39914410,956,20.70231000,870481.30393640,0
1702778400000,41968.83000000,42101.19000000,41823.44000000,41843.65000000,27.20583000,1702781999999,1141842.48151620,702,12.97387000,544633.00352020,0
1702782000000,41843.65000000,41974.47000000,41834.25000000,41888.52000000,22.90642000,1702785599999,959794.61698870,621,12.36620000,518070.91568090,0
1702785600000,41887.37000000,42017.78000000,41871.15000000,41954.38000000,20.48297000,1702789199999,859202.65851640,476,9.80919000,411396.89705280,0
1702789200000,41954.38000000,42009.68000000,41738.41000000,41866.43000000,35.42271000,1702792799999,1483897.95348770,844,16.89690000,707924.02927120,0
1702792800000,41867.54000000,41982.78000000,41766.81000000,41961.91000000,27.15883000,1702796399999,1137098.39301780,750,15.10805000,632544.72151950,0
1702796400000,41958.35000000,41998.64000000,41828.64000000,41844.96000000,31.97599000,1702799999999,1340434.96136650,819,14.35455000,601648.78843720,0
1702800000000,41844.96000000,41866.48000000,41629.09000000,41844.83000000,39.87078000,1702803599999,1665071.16638060,873,19.67596000,821627.72244560,0
1702803600000,41850.35000000,41949.31000000,41785.35000000,41939.37000000,21.18094000,1702807199999,886892.74880390,539,11.02539000,461600.67005840,0
1702807200000,41937.79000000,41970.32000000,41848.24000000,41901.81000000,22.56588000,1702810799999,945749.45150150,677,11.46115000,480294.97314280,0
1702810800000,41896.14000000,41948.83000000,41804.90000000,41919.03000000,13.35191000,1702814399999,559123.76058210,678,5.51934000,231144.34120380,0
1702814400000,41918.98000000,41967.57000000,41835.05000000,41910.81000000,16.94738000,1702817999999,709997.74421960,618,10.24253000,429076.17146670,0
1702818000000,41910.81000000,41918.85000000,41747.14000000,41830.21000000,25.70758000,1702821599999,1075266.13930930,869,12.35808000,516850.47223920,0
1702821600000,41829.48000000,41916.15000000,41507.81000000,41582.96000000,41.93254000,1702825199999,1748917.74384440,1215,21.76895000,908098.83712620,0
1702825200000,41584.13000000,41817.57000000,41533.44000000,41765.49000000,40.42281000,1702828799999,1684493.65937710,1066,26.99690000,1125089.90064240,0
1702828800000,41771.58000000,42076.74000000,41656.59000000,42072.52000000,52.67020000,1702832399999,2206376.80645130,1381,35.99678000,1508355.58088850,0
1702832400000,42064.60000000,42371.36000000,41964.79000000,42050.17000000,95.48610000,1702835999999,4030281.11264000,1959,49.25993000,2078923.21740970,0
1702836000000,42042.89000000,42181.22000000,41756.14000000,42124.08000000,81.85693000,1702839599999,3438513.80734910,1718,41.38483000,1738478.07224330,0
1702839600000,42121.91000000,42159.83000000,42008.74000000,42067.96000000,33.95011000,1702843199999,1428935.47570220,680,17.22662000,724952.55417350,0
1702843200000,42056.94000000,42141.46000000,42050.50000000,42077.23000000,28.40327000,1702846799999,1195621.93638500,620,14.82529000,624013.13640940,0
1702846800000,42073.09000000,42073.09000000,41864.62000000,41879.00000000,99.14042000,1702850399999,4154314.52676330,1502,80.33637000,3365825.33118840,0
1702850400000,41879.00000000,41879.00000000,41589.53000000,41677.02000000,59.36101000,1702853999999,2477695.17194340,1113,34.84460000,1454388.28650900,0
1702854000000,41677.02000000,41703.95000000,41220.47000000,41341.19000000,113.35579000,1702857599999,4699578.73320510,1930,43.99873000,1823049.30782950,0
1702857600000,41333.16000000,41419.57000000,41156.21000000,41332.63000000,61.99924000,1702861199999,2561151.33989040,1160,30.17917000,1246719.63848160,0
1702861200000,41328.02000000,41382.77000000,40865.81000000,40947.19000000,80.93629000,1702864799999,3328602.73522210,1619,33.44097000,1376117.02089170,0
1702864800000,40944.55000000,41086.72000000,40770.46000000,40875.89000000,67.11915000,1702868399999,2748468.86604790,1404,31.41836000,1286465.13543560,0
1702868400000,40864.96000000,41078.96000000,40834.03000000,41059.76000000,66.43412000,1702871999999,2723018.97834980,1095,33.84998000,1387238.94349660,0
1702872000000,41064.84000000,41166.73000000,41010.51000000,41147.91000000,30.40576000,1702875599999,1249429.43673650,644,16.68934000,685729.68127810,0
1702875600000,41152.40000000,41163.15000000,40962.28000000,40969.57000000,58.72924000,1702879199999,2411252.11816810,2169,23.47020000,964105.92239140,0
1702879200000,40967.95000000,41249.25000000,40963.13000000,41164.93000000,59.07382000,1702882799999,2428781.16386430,1255,34.16449000,1405097.34013150,0
1702882800000,41165.77000000,41270.34000000,41066.07000000,41090.19000000,56.89820000,1702886399999,2342527.81613650,1487,31.81197000,1309802.33122580,0
1702886400000,41089.96000000,41215.81000000,40997.03000000,41155.75000000,42.76711000,1702889999999,1758778.68104380,956,23.82486000,979721.34825340,0
1702890000000,41153.29000000,41157.99000000,40745.84000000,41007.72000000,73.44864000,1702893599999,3009029.82665740,1570,36.66505000,1502049.32078220,0
1702893600000,41005.22000000,41031.15000000,40508.33000000,40771.60000000,92.53303000,1702897199999,3769929.85501540,1950,45.14459000,1839134.83663230,0
1702897200000,40783.19000000,41154.04000000,40749.66000000,41056.72000000,97.56307000,1702900799999,3998284.01953260,1797,57.24057000,2345806.10561720,0
1702900800000,41063.64000000,41076.41000000,40857.28000000,40866.12000000,40.18384000,1702904399999,1645991.59555170,835,19.04146000,779900.18287910,0
1702904400000,40866.13000000,41384.04000000,40860.59000000,41313.12000000,76.60795000,1702907999999,3151418.61331380,1352,40.19690000,1653445.46537030,0
1702908000000,41309.28000000,41710.24000000,41217.29000000,41559.93000000,106.03984000,1702911599999,4398242.85737700,1714,53.92049000,2236434.63445870,0
1702911600000,41561.46000000,41621.34000000,41210.31000000,41230.78000000,86.33021000,1702915199999,3573125.44268910,1688,40.05224000,1657535.30566340,0
1702915200000,41235.56000000,41478.14000000,41127.61000000,41464.16000000,56.63686000,1702918799999,2339904.88086430,1320,26.32514000,1087292.32501380,0
1702918800000,41469.48000000,41625.10000000,41366.78000000,41366.78000000,62.49705000,1702922399999,2593009.15708740,1391,29.55107000,1225830.41698750,0
1702922400000,41366.77000000,41614.95000000,41323.30000000,41614.95000000,32.71276000,1702925999999,1356467.80823900,927,13.83387000,573572.22899610,0
1702926000000,41621.96000000,41713.26000000,41609.82000000,41687.39000000,37.26220000,1702929599999,1552172.16198070,1083,17.80079000,741467.19133100,0
1702929600000,41681.89000000,42021.64000000,41557.83000000,41935.75000000,248.87792000,1702933199999,10413174.59705230,4563,213.07905000,8916297.91608030,0
1702933200000,41947.76000000,42739.24000000,41947.76000000,42611.81000000,127.17288000,1702936799999,5394012.67069950,2682,65.87423000,2793208.50952600,0
1702936800000,42611.81000000,42716.55000000,42428.57000000,42493.24000000,62.73331000,1702940399999,2669174.01428020,1345,29.26769000,1245046.41390490,0
1702940400000,42495.39000000,42712.28000000,42495.39000000,42648.10000000,80.82686000,1702943999999,3444714.95999080,1452,20.22809000,862109.19943680,0
1702944000000,42648.11000000,42933.32000000,42557.58000000,42681.50000000,124.32476000,1702947599999,5304149.93222960,2140,40.40749000,1723242.97934480,0
1702947600000,42696.40000000,43363.67000000,42591.25000000,43288.59000000,94.33634000,1702951199999,4050570.72659400,2106,46.46205000,1997549.02681250,0
1702951200000,43297.04000000,43485.61000000,43003.01000000,43071.02000000,74.03954000,1702954799999,3195643.98975020,1637,37.78854000,1630906.39894070,0
1702954800000,43064.87000000,43124.65000000,42979.56000000,43059.83000000,49.99999000,1702958399999,2152356.65704030,922,24.05652000,1035194.95772520,0
1702958400000,43068.97000000,43111.81000000,42827.43000000,42905.01000000,40.77452000,1702961999999,1751405.19117640,817,22.02106000,945851.31484270,0
1702962000000,42905.01000000,42980.00000000,42844.19000000,42941.57000000,27.37423000,1702965599999,1175091.28707720,668,13.30137000,570920.59679030,0
1702965600000,42941.58000000,42959.22000000,42802.06000000,42894.91000000,27.23886000,1702969199999,1168417.46718600,684,14.29958000,613297.29847030,0
1702969200000,42894.92000000,43097.18000000,42875.65000000,43019.94000000,36.34042000,1702972799999,1561907.14606240,1083,17.10997000,735238.26008880,0
1702972800000,43019.96000000,43169.66000000,42980.30000000,43073.08000000,45.08410000,1702976399999,1942696.67187980,876,23.23730000,1001297.37588730,0
1702976400000,43072.93000000,43161.26000000,42946.46000000,43018.21000000,35.04919000,1702979999999,1508699.69798290,638,15.61953000,672327.84057020,0
1702980000000,43022.31000000,43252.65000000,42928.41000000,43101.88000000,49.14278000,1702983599999,2117522.84607440,986,26.70406000,1150655.92120750,0
1702983600000,43111.46000000,43186.50000000,42942.12000000,42958.31000000,42.53401000,1702987199999,1832387.91528430,865,21.68918000,934268.39720040,0
1702987200000,42958.32000000,43002.59000000,42846.27000000,42927.31000000,36.66814000,1702990799999,1574140.57804850,863,16.37859000,703040.91772640,0
1702990800000,42923.60000000,43027.68000000,42842.17000000,42846.00000000,60.67310000,1702994399999,2605886.43097590,1296,27.70324000,1189764.25396840,0
1702994400000,42846.00000000,42892.35000000,42220.63000000,42362.86000000,103.39538000,1702997999999,4400683.49409080,2033,49.95087000,2126414.22786980,0
1702998000000,42346.51000000,42717.57000000,42233.83000000,42461.46000000,86.29849000,1703001599999,3669321.39330590,1622,44.38883000,1886936.93373680,0
1703001600000,42461.50000000,42626.77000000,42287.48000000,42309.05000000,60.75688000,1703005199999,2580015.67838710,1130,30.84642000,1309937.38010690,0
1703005200000,42318.42000000,42341.98000000,41809.66000000,41826.19000000,120.00263000,1703008799999,5039534.95956960,2358,63.08622000,2648068.45785600,0
1703008800000,41825.31000000,42208.96000000,41786.94000000,42194.18000000,82.32346000,1703012399999,3461750.52220200,1560,46.99366000,1976168.58710160,0
1703012400000,42192.35000000,42455.88000000,42120.99000000,42312.40000000,72.31956000,1703015999999,3055385.80975310,1292,40.69819000,1719087.12597840,0
1703016000000,42312.41000000,42368.72000000,42100.79000000,42196.79000000,77.93256000,1703019599999,3292553.74775340,1491,43.71515000,1846846.51777680,0
1703019600000,42209.37000000,42499.99000000,42192.11000000,42482.28000000,46.01093000,1703023199999,1947516.25675590,903,25.68895000,1087212.29447890,0
1703023200000,42498.06000000,42498.06000000,42228.11000000,42314.08000000,50.89781000,1703026799999,2154320.07643490,813,10.37569000,439300.54956350,0
1703026800000,42307.87000000,42387.69000000,42193.44000000,42259.48000000,48.15703000,1703030399999,2035941.80005620,878,17.38792000,735083.92681000,0
1703030400000,42262.85000000,42426.56000000,42219.57000000,42405.73000000,66.25945000,1703033999999,2805930.04607570,1122,23.64714000,1001104.48626690,0
1703034000000,42418.77000000,42477.49000000,42226.08000000,42294.12000000,42.20808000,1703037599999,1787703.57086970,866,12.72408000,538817.17983400,0
1703037600000,42297.23000000,42445.31000000,42196.53000000,42416.26000000,51.78534000,1703041199999,2192868.68129490,962,16.57725000,701951.03629960,0
1703041200000,42416.84000000,42457.36000000,42343.47000000,42400.54000000,42.77582000,1703044799999,1813988.37537140,894,13.30891000,564398.70617480,0
1703044800000,42400.55000000,42917.82000000,42356.18000000,42805.36000000,51.59435000,1703048399999,2197680.03864970,1027,29.84248000,1271273.70493970,0
1703048400000,42797.08000000,42818.99000000,42570.32000000,42689.10000000,32.81926000,1703051999999,1400169.39906900,852,16.29661000,695225.69561130,0
1703052000000,42699.63000000,43014.04000000,42619.00000000,42850.65000000,49.41749000,1703055599999,2116757.04279480,1164,26.19400000,1121981.05145940,0
1703055600000,42861.67000000,42945.04000000,42783.36000000,42903.25000000,24.62253000,1703059199999,1055460.90276370,798,13.03627000,558834.02818910,0
1703059200000,42900.29000000,42974.32000000,42742.84000000,42762.58000000,39.95613000,1703062799999,1712305.23496990,841,21.45253000,919170.82482690,0
1703062800000,42762.59000000,42938.90000000,42715.63000000,42778.19000000,28.46133000,1703066399999,1218688.00124930,840,12.83596000,549574.47099630,0
1703066400000,42783.13000000,42858.31000000,42669.61000000,42858.31000000,34.66837000,1703069999999,1483151.84732080,784,15.37104000,657583.84054340,0
1703070000000,42863.31000000,43000.54000000,42738.21000000,42852.86000000,32.61951000,1703073599999,1398100.98048900,817,14.94842000,640549.89299280,0
1703073600000,42858.90000000,42999.99000000,42752.57000000,42966.63000000,40.60624000,1703077199999,1741327.67678330,1039,21.30050000,913328.51659380,0
1703077200000,42979.04000000,43773.24000000,42979.04000000,43757.28000000,150.21224000,1703080799999,6511656.71339770,2902,86.27340000,3739241.44495770,0
1703080800000,43765.13000000,44165.43000000,43608.01000000,43874.73000000,144.52998000,1703084399999,6343356.02220510,2811,64.21048000,2818312.06351520,0
1703084400000,43867.39000000,44284.37000000,43831.07000000,44036.45000000,118.15208000,1703087999999,5212303.94625550,2823,48.51728000,2139719.96791200,0
1703088000000,44036.72000000,44131.67000000,43478.03000000,43707.39000000,86.11266000,1703091599999,3777403.55927720,2303,35.40693000,1551978.68476310,0
1703091600000,43693.37000000,44040.19000000,43570.80000000,44013.92000000,105.66013000,1703095199999,4631348.38660430,2187,45.15098000,1978584.63906050,0
1703095200000,44014.77000000,44215.20000000,43939.61000000,44154.80000000,95.05884000,1703098799999,4189902.65658660,2274,37.78159000,1665072.58128830,0
1703098800000,44153.98000000,44266.00000000,43759.09000000,43759.09000000,96.66783000,1703102399999,4255290.33453080,2397,37.95093000,1670055.96665750,0
1703102400000,43745.25000000,43807.61000000,43242.96000000,43434.65000000,130.01639000,1703105999999,5665814.00228790,2672,65.64022000,2860180.46972190,0
1703106000000,43438.95000000,43706.85000000,43330.26000000,43447.21000000,116.90599000,1703109599999,5092625.75891400,2140,34.60258000,1507039.17484350,0
1703109600000,43449.86000000,43731.65000000,43416.99000000,43608.62000000,65.78104000,1703113199999,2866400.84871650,1230,10.82260000,471226.76596050,0
1703113200000,43608.61000000,43670.37000000,43448.57000000,43670.37000000,42.52232000,1703116799999,1852141.25167570,829,14.69780000,640509.56305880,0
1703116800000,43665.21000000,43725.26000000,43518.02000000,43585.10000000,37.80264000,1703120399999,1649021.64821880,776,17.58356000,766988.45818540,0
1703120400000,43585.09000000,43602.41000000,43363.29000000,43460.83000000,45.16137000,1703123999999,1961856.55982680,1114,18.69980000,812235.43361850,0
1703124000000,43460.82000000,43567.94000000,43298.99000000,43400.83000000,51.74988000,1703127599999,2247839.27581920,1039,24.90080000,1081607.94350450,0
1703127600000,43387.43000000,43689.91000000,43378.03000000,43655.30000000,45.48005000,1703131199999,1981928.29325340,821,23.71579000,1033312.96993300,0
1703131200000,43652.99000000,43702.17000000,43600.01000000,43620.46000000,20.21178000,1703134799999,882254.22841160,495,9.04076000,394604.75090200,0
1703134800000,43624.23000000,43694.46000000,43454.59000000,43509.04000000,21.88350000,1703138399999,953683.87405840,548,11.64364000,507377.91590990,0
1703138400000,43509.04000000,43809.46000000,43471.40000000,43795.93000000,29.18217000,1703141999999,1272709.11237000,686,17.48435000,762415.75768040,0
1703142000000,43798.99000000,43874.73000000,43715.37000000,43753.15000000,43.71530000,1703145599999,1913834.79548780,1107,20.71686000,906988.07448720,0
1703145600000,43752.90000000,43935.43000000,43663.26000000,43673.62000000,45.84215000,1703149199999,2007950.79503070,862,20.85470000,913315.86994480,0
1703149200000,43672.75000000,43742.57000000,43579.14000000,43737.88000000,43.90748000,1703152799999,1917464.32885270,839,22.37049000,976911.31425220,0
1703152800000,43738.61000000,44043.55000000,43738.61000000,43993.18000000,63.61321000,1703156399999,2791092.05693930,1320,37.67812000,1652944.76212470,0
1703156400000,43993.52000000,44120.36000000,43873.61000000,43939.43000000,69.10967000,1703159999999,3040766.32604900,1286,37.13229000,1633981.64901570,0
1703160000000,43953.52000000,44213.83000000,43947.37000000,44051.95000000,52.45445000,1703163599999,2313369.93517660,1135,23.83352000,1051090.53959810,0
1703163600000,44059.21000000,44242.60000000,43950.23000000,44151.40000000,58.41471000,1703167199999,2574748.08019320,1285,30.26559000,1333851.75326730,0
1703167200000,44152.11000000,44210.03000000,43472.96000000,43515.23000000,101.87928000,1703170799999,4463103.09953920,1911,47.56471000,2082834.02703230,0
1703170800000,43509.98000000,43927.49000000,43395.49000000,43816.51000000,103.92396000,1703174399999,4541636.06238380,1728,55.02413000,2404478.59692740,0
1703174400000,43821.92000000,43918.53000000,43536.92000000,43663.05000000,62.48844000,1703177999999,2731392.51864840,1208,30.86338000,1348897.14455870,0
1703178000000,43665.97000000,43665.97000000,43374.98000000,43449.72000000,77.99615000,1703181599999,3393978.97941960,1554,36.59868000,1592335.48840390,0
1703181600000,43456.33000000,43630.55000000,43456.33000000,43576.33000000,55.85454000,1703185199999,2432992.99270210,968,28.32894000,1233850.20758000,0
1703185200000,43576.34000000,43863.66000000,43406.59000000,43583.35000000,86.14473000,1703188799999,3755874.74742880,1757,41.47813000,1808098.19953850,0
1703188800000,43584.83000000,43784.64000000,43565.94000000,43784.64000000,63.97233000,1703192399999,2794078.55449370,1082,34.45533000,1504479.58197070,0
1703192400000,43766.34000000,44120.81000000,43718.80000000,43991.01000000,59.73095000,1703195999999,2622248.82772030,1282,28.07349000,1232019.32382820,0
1703196000000,43996.38000000,44018.16000000,43895.12000000,43956.98000000,24.73151000,1703199599999,1087271.57128370,730,11.43786000,502834.43839530,0
1703199600000,43956.98000000,43960.46000000,43805.28000000,43870.59000000,26.31674000,1703203199999,1155062.64218450,727,10.99156000,482345.24904530,0
1703203200000,43870.59000000,43949.10000000,43732.37000000,43848.74000000,26.19066000,1703206799999,1148980.93949990,750,13.01045000,570780.83540710,0
1703206800000,43836.78000000,44260.49000000,43836.78000000,44128.50000000,76.25607000,1703210399999,3359216.64137410,1675,48.83429000,2150963.22068840,0
1703210400000,44123.93000000,44155.00000000,43923.92000000,43971.60000000,40.38734000,1703213999999,1778608.52823120,914,18.22890000,802656.52652730,0
1703214000000,43986.14000000,44047.36000000,43910.54000000,44017.48000000,27.54818000,1703217599999,1211278.17230300,651,12.51222000,550128.45450950,0
1703217600000,44022.24000000,44160.46000000,43937.01000000,44118.87000000,32.19554000,1703221199999,1418414.90990810,667,14.90555000,656631.18231840,0
1703221200000,44118.87000000,44246.39000000,44098.89000000,44146.02000000,39.89963000,1703224799999,1762269.16079270,896,18.23461000,805177.74391990,0
1703224800000,44145.81000000,44410.37000000,43842.01000000,43890.65000000,68.51148000,1703228399999,3022057.92608780,1433,33.51148000,1478597.31430460,0
1703228400000,43886.47000000,43975.73000000,43544.23000000,43592.27000000,58.48552000,1703231999999,2561139.36266140,1298,26.54789000,1162455.15861010,0
1703232000000,43590.85000000,43799.99000000,43571.30000000,43615.96000000,46.61313000,1703235599999,2036893.99155990,1018,22.66821000,990448.06058840,0
1703235600000,43629.34000000,43784.29000000,43474.02000000,43743.08000000,48.64042000,1703239199999,2122618.09184860,1164,25.91055000,1130695.92381310,0
1703239200000,43740.83000000,43770.06000000,43654.00000000,43700.90000000,26.45390000,1703242799999,1156604.59546880,600,11.99964000,524568.68759040,0
1703242800000,43697.61000000,43831.73000000,43628.77000000,43754.33000000,30.87842000,1703246399999,1350442.02073510,768,15.32687000,670205.14284900,0
1703246400000,43754.34000000,44079.70000000,43505.95000000,43581.97000000,69.37298000,1703249999999,3026068.30264570,1267,41.47278000,1809532.17744560,0
1703250000000,43581.69000000,43827.35000000,43544.42000000,43704.15000000,61.48592000,1703253599999,2687345.20965250,1256,45.41028000,1985135.44603980,0
1703253600000,43703.92000000,43761.68000000,43427.13000000,43654.62000000,46.55069000,1703257199999,2027404.41754430,1180,22.43962000,977170.75999270,0
1703257200000,43647.69000000,43709.62000000,43566.52000000,43682.99000000,35.68498000,1703260799999,1557272.43106830,754,18.05246000,787641.80466750,0
1703260800000,43674.61000000,43721.24000000,43490.52000000,43571.61000000,33.84842000,1703264399999,1476795.42890960,831,17.41101000,759488.76156110,0
1703264400000,43564.50000000,43752.52000000,43558.63000000,43706.37000000,27.88482000,1703267999999,1217389.98632560,854,12.91599000,563822.43290260,0
1703268000000,43706.40000000,44018.49000000,43675.51000000,43978.67000000,81.98304000,1703271599999,3598683.13118150,2661,31.48000000,1381592.21224520,0
1703271600000,43978.67000000,43978.70000000,43646.70000000,43664.19000000,38.66734000,1703275199999,1692359.84064850,951,13.66030000,597748.53150440,0
1703275200000,43660.60000000,43777.56000000,43648.77000000,43680.45000000,26.76273000,1703278799999,1170183.66084590,729,11.95654000,522672.92179310,0
1703278800000,43680.54000000,43808.37000000,43680.54000000,43742.09000000,26.14524000,1703282399999,1143328.18227490,718,15.29008000,668529.53892350,0
1703282400000,43734.68000000,43829.62000000,43696.49000000,43829.62000000,14.01011000,1703285999999,613134.23579350,638,6.16500000,269691.58837100,0
1703286000000,43837.99000000,44082.17000000,43818.78000000,44001.45000000,32.61703000,1703289599999,1434584.26110580,1090,15.91927000,700011.90099550,0
1703289600000,44001.56000000,44027.27000000,43834.95000000,43852.06000000,18.72527000,1703293199999,822870.48686050,685,9.33690000,410253.27307220,0
1703293200000,43846.68000000,43935.26000000,43669.73000000,43677.20000000,15.02290000,1703296799999,658133.38931600,543,7.46350000,326929.52857990,0
1703296800000,43677.20000000,43719.08000000,43511.03000000,43535.41000000,30.32092000,1703300399999,1322780.42420440,687,11.07755000,483244.78770580,0
1703300400000,43535.42000000,43635.13000000,43496.66000000,43578.72000000,15.73751000,1703303999999,685853.28535550,517,7.46841000,325424.63382930,0
1703304000000,43549.02000000,43552.32000000,43335.30000000,43529.76000000,21.87771000,1703307599999,950929.90317550,640,11.43901000,497159.09006200,0
1703307600000,43533.15000000,43645.96000000,43509.42000000,43641.20000000,19.76439000,1703311199999,861153.88651520,500,10.10343000,440193.74647390,0
1703311200000,43629.49000000,43665.06000000,43560.44000000,43645.26000000,14.19816000,1703314799999,619209.71113510,374,6.53143000,284873.39957460,0
1703314800000,43651.93000000,43673.65000000,43577.66000000,43590.45000000,9.15887000,1703318399999,399518.59434530,463,5.28577000,230538.10359800,0
1703318400000,43590.45000000,43657.08000000,43590.44000000,43648.74000000,12.65265000,1703321999999,551955.38497670,577,7.46503000,325630.26520160,0
1703322000000,43648.74000000,43690.38000000,43554.52000000,43649.09000000,25.34346000,1703325599999,1105843.51606370,684,12.59809000,549617.54442630,0
1703325600000,43649.09000000,43671.13000000,43587.18000000,43603.45000000,12.27183000,1703329199999,535385.76595440,572,7.67397000,334765.46363190,0
1703329200000,43603.45000000,43638.09000000,43511.89000000,43569.71000000,17.87111000,1703332799999,778514.12723520,566,7.71411000,335981.48605380,0
1703332800000,43569.72000000,43779.07000000,43569.71000000,43724.69000000,24.42565000,1703336399999,1066762.61982270,842,14.23785000,621643.53062640,0
1703336400000,43724.69000000,43789.56000000,43666.17000000,43728.58000000,17.20267000,1703339999999,752248.56254460,746,9.46635000,413904.91192540,0
1703340000000,43732.60000000,43825.45000000,43694.12000000,43803.78000000,24.46201000,1703343599999,1070259.63518530,908,13.84479000,605744.00581040,0
1703343600000,43815.10000000,43881.51000000,43747.91000000,43774.82000000,27.29492000,1703347199999,1195720.56026220,890,12.68684000,555700.57362150,0
1703347200000,43778.19000000,43868.37000000,43729.02000000,43810.50000000,27.33063000,1703350799999,1196755.63549310,979,12.42740000,544064.61075590,0
1703350800000,43810.50000000,43827.60000000,43741.75000000,43769.88000000,15.05576000,1703354399999,659378.06992990,743,6.81004000,298210.16665680,0
1703354400000,43766.16000000,43867.70000000,43721.20000000,43806.67000000,18.27174000,1703357999999,800225.11445670,787,8.83897000,387121.03075340,0
1703358000000,43806.67000000,43839.71000000,43712.33000000,43721.63000000,29.15854000,1703361599999,1276479.69116850,1053,9.79494000,428693.77560250,0
1703361600000,43721.64000000,43757.40000000,43662.25000000,43729.62000000,14.58096000,1703365199999,637341.83244080,686,7.97925000,348757.79172410,0
1703365200000,43723.90000000,43808.21000000,43678.07000000,43794.23000000,15.62992000,1703368799999,684149.33680250,809,7.67502000,335900.01632860,0
1703368800000,43794.22000000,43853.07000000,43757.35000000,43767.87000000,12.68224000,1703372399999,555527.93292830,933,5.86492000,256907.57844580,0
1703372400000,43767.88000000,43831.88000000,43725.50000000,43725.50000000,14.46700000,1703375999999,633527.81598090,737,7.87136000,344700.55499820,0
1703376000000,43725.50000000,43738.81000000,43625.91000000,43734.32000000,11.42994000,1703379599999,499384.94049860,715,6.00115000,262197.08249020,0
1703379600000,43734.24000000,43925.01000000,43734.24000000,43795.85000000,19.31107000,1703383199999,846595.62397500,721,11.98931000,525500.73980340,0
1703383200000,43796.91000000,43919.42000000,43796.91000000,43874.49000000,9.55467000,1703386799999,419140.80051410,469,4.67297000,204999.11546900,0
1703386800000,43874.50000000,43890.17000000,43821.48000000,43857.30000000,11.25643000,1703390399999,493629.32210780,526,5.99094000,262697.70161940,0
1703390400000,43857.31000000,43965.03000000,43779.48000000,43815.90000000,18.71227000,1703393999999,821223.26793050,924,9.80137000,430071.93073430,0
1703394000000,43817.11000000,43824.48000000,43450.01000000,43510.31000000,34.09716000,1703397599999,1485768.94052460,1273,15.06644000,656459.37963290,0
1703397600000,43514.75000000,43585.87000000,43457.14000000,43582.24000000,28.54976000,1703401199999,1242625.26292220,714,14.15758000,616111.48107020,0
1703401200000,43578.71000000,43676.92000000,43533.67000000,43666.91000000,21.04307000,1703404799999,917597.95991530,567,9.89166000,431300.05264740,0
1703404800000,43665.80000000,43686.14000000,43597.43000000,43646.62000000,17.13925000,1703408399999,748190.21393100,656,7.44882000,325155.52008800,0
1703408400000,43646.62000000,43713.33000000,43597.39000000,43703.30000000,20.94449000,1703411999999,914306.84185030,660,9.23353000,403074.12546690,0
1703412000000,43708.31000000,43717.70000000,43430.02000000,43607.29000000,34.05511000,1703415599999,1483892.17155650,952,16.48239000,718258.41810050,0
1703415600000,43605.92000000,43656.83000000,43563.20000000,43655.87000000,15.05141000,1703419199999,656496.78516200,595,6.93568000,302503.53939820,0
1703419200000,43655.88000000,43683.10000000,43583.50000000,43667.61000000,11.41514000,1703422799999,498129.18024970,510,5.05180000,220413.60098930,0
1703422800000,43667.61000000,43800.65000000,43650.22000000,43778.59000000,18.31172000,1703426399999,800478.09032070,830,10.85853000,474693.32751720,0
1703426400000,43778.65000000,43891.02000000,43711.83000000,43749.01000000,27.97940000,1703429999999,1226248.69323580,1053,13.72861000,601618.85265870,0
1703430000000,43754.53000000,43827.24000000,43700.00000000,43704.02000000,15.20114000,1703433599999,665089.75378250,611,6.37166000,278768.95530470,0
1703433600000,43703.86000000,43738.61000000,43579.12000000,43687.27000000,24.59493000,1703437199999,1073904.62598460,795,11.92106000,520444.13729620,0
1703437200000,43687.13000000,43734.44000000,43629.12000000,43650.15000000,21.74104000,1703440799999,949459.58123860,764,10.03735000,438351.95146380,0
1703440800000,43650.15000000,43695.38000000,43600.01000000,43684.08000000,14.20613000,1703444399999,620058.33965380,586,9.51436000,415272.51507250,0
1703444400000,43684.07000000,43707.10000000,43587.49000000,43641.21000000,12.45607000,1703447999999,543739.35255440,646,6.58608000,287497.95685780,0
1703448000000,43641.89000000,43644.97000000,43468.92000000,43530.05000000,35.33454000,1703451599999,1538644.32983380,1065,13.73794000,598266.56766340,0
1703451600000,43527.35000000,43587.50000000,43486.68000000,43519.51000000,15.41522000,1703455199999,671072.42905710,649,8.17083000,355665.44590500,0
1703455200000,43519.04000000,43583.24000000,42591.95000000,43005.13000000,66.88068000,1703458799999,2879505.78323550,2348,32.24149000,1387799.55680510,0
1703458800000,43000.80000000,43208.82000000,42917.27000000,43029.46000000,36.65807000,1703462399999,1579434.84569620,764,19.17446000,826157.97836200,0
1703462400000,43020.77000000,43121.56000000,42734.58000000,42939.10000000,34.69800000,1703465999999,1490368.09088610,853,17.37988000,746394.56537070,0
1703466000000,42939.10000000,43097.57000000,42931.57000000,43059.28000000,26.07210000,1703469599999,1121990.48220820,569,14.48423000,623226.70821290,0
1703469600000,43059.27000000,43124.42000000,42890.31000000,43074.94000000,23.72797000,1703473199999,1020423.55248360,537,12.24708000,526589.11424300,0
1703473200000,43072.93000000,43171.91000000,43025.51000000,43165.16000000,13.37802000,1703476799999,576682.39480500,352,7.36379000,317336.69623510,0
1703476800000,43165.16000000,43214.16000000,43105.70000000,43108.96000000,19.28300000,1703480399999,832149.37102540,596,9.69491000,418355.60538520,0
1703480400000,43108.97000000,43249.36000000,43108.96000000,43243.13000000,16.81623000,1703483999999,726339.47922410,488,9.27009000,400376.93661760,0
1703484000000,43243.69000000,43336.94000000,43214.45000000,43254.85000000,16.27953000,1703487599999,704413.66558700,522,9.02272000,390389.42535150,0
1703487600000,43248.82000000,43291.12000000,43191.10000000,43214.13000000,15.35486000,1703491199999,663831.88885790,630,6.74554000,291584.71710140,0
1703491200000,43214.12000000,43298.98000000,43116.14000000,43125.04000000,15.56005000,1703494799999,672340.53146130,571,9.55489000,412863.27326820,0
1703494800000,43123.39000000,43198.48000000,43061.20000000,43162.40000000,21.26319000,1703498399999,917274.16941680,654,8.33328000,359480.20160870,0
1703498400000,43156.84000000,43211.24000000,43096.35000000,43167.56000000,16.24566000,1703501999999,701257.00459100,610,8.41952000,363416.53054530,0
1703502000000,43188.60000000,43253.56000000,43085.11000000,43182.83000000,23.45189000,1703505599999,1012461.66854530,725,10.88346000,469861.04647180,0
1703505600000,43182.83000000,43703.53000000,43102.69000000,43680.22000000,47.60122000,1703509199999,2063917.28380210,1351,28.51391000,1235826.20081380,0
1703509200000,43666.25000000,43806.31000000,43535.70000000,43664.84000000,47.70077000,1703512799999,2083656.65240570,1042,23.79452000,1039277.43672280,0
1703512800000,43672.38000000,43779.19000000,43566.62000000,43670.24000000,35.89918000,1703516399999,1567587.09659540,724,18.77540000,819741.57737020,0
1703516400000,43680.63000000,43753.09000000,43616.93000000,43621.03000000,29.41611000,1703519999999,1284965.45010400,792,16.83324000,735262.24614790,0
1703520000000,43621.68000000,43718.21000000,43423.18000000,43511.51000000,38.57725000,1703523599999,1681458.06031510,861,18.65587000,812991.14664610,0
1703523600000,43505.38000000,43646.69000000,43480.06000000,43553.68000000,27.12866000,1703527199999,1182279.28270310,605,14.69609000,640468.84682920,0
1703527200000,43553.68000000,43647.84000000,43382.65000000,43452.23000000,30.67407000,1703530799999,1335880.74550820,685,15.33997000,668063.37478980,0
1703530800000,43452.16000000,43500.00000000,43347.81000000,43474.07000000,23.73353000,1703534399999,1030905.36752500,566,12.39854000,538435.30812810,0
1703534400000,43474.08000000,43497.12000000,43336.83000000,43423.22000000,29.71801000,1703537999999,1290039.59833880,616,14.65237000,635913.72337140,0
1703538000000,43423.88000000,43540.71000000,43336.84000000,43527.15000000,24.09961000,1703541599999,1046262.18204180,541,12.23167000,531014.75485220,0
1703541600000,43527.75000000,43731.42000000,43476.52000000,43693.40000000,25.44985000,1703545199999,1110556.59193590,625,12.46836000,543970.82122230,0
1703545200000,43693.43000000,43693.43000000,43571.37000000,43580.07000000,10.47680000,1703548799999,457039.70710880,392,5.47692000,238891.25971570,0
1703548800000,43580.06000000,43596.15000000,43408.86000000,43455.22000000,9.59110000,1703552399999,417345.98230210,500,4.67853000,203588.76483710,0
1703552400000,43443.46000000,43549.49000000,43427.96000000,43509.20000000,12.91208000,1703555999999,561737.95818520,483,6.76342000,294205.46044470,0
1703556000000,43509.25000000,43543.16000000,43412.07000000,43420.05000000,19.15594000,1703559599999,832846.43475880,544,9.40822000,408970.01487160,0
1703559600000,43419.53000000,43488.04000000,43375.01000000,43458.42000000,19.79843000,1703563199999,860069.95478740,583,10.66319000,463188.51383430,0
1703563200000,43458.42000000,43481.08000000,43378.30000000,43445.37000000,18.92668000,1703566799999,821977.81247560,538,9.14293000,397053.00567420,0
1703566800000,43452.14000000,43452.14000000,42662.66000000,42771.07000000,45.45436000,1703570399999,1954536.92401870,1687,22.05608000,948350.60290320,0
1703570400000,42770.91000000,42820.70000000,42558.00000000,42691.62000000,79.73985000,1703573999999,3406282.33443430,1630,41.62753000,1777989.78774500,0
1703574000000,42692.47000000,42834.97000000,42633.55000000,42772.17000000,38.53272000,1703577599999,1647868.69246740,1031,22.81108000,975579.26878640,0
1703577600000,42772.17000000,42805.09000000,42659.22000000,42700.81000000,32.64462000,1703581199999,1394584.20295010,704,17.19772000,734675.97233710,0
1703581200000,42703.48000000,42723.31000000,42100.00000000,42407.85000000,67.24518000,1703584799999,2856949.91087530,1498,32.65057000,1386954.87985680,0
1703584800000,42407.85000000,42653.29000000,42356.52000000,42647.74000000,60.48651000,1703588399999,2573273.64746440,1485,35.94529000,1529073.06823310,0
1703588400000,42638.34000000,42738.34000000,42562.90000000,42672.73000000,36.55869000,1703591999999,1558877.16101420,782,20.28232000,864642.42012480,0
1703592000000,42672.61000000,42782.15000000,42616.81000000,42761.20000000,20.96776000,1703595599999,895044.39412830,617,12.37377000,528193.31124470,0
1703595600000,42761.20000000,42772.83000000,42625.33000000,42710.79000000,39.71232000,1703599199999,1696026.30358790,982,19.02310000,812422.70635470,0
1703599200000,42715.27000000,42812.74000000,42545.55000000,42562.15000000,41.13516000,1703602799999,1756049.06971990,1112,21.95048000,936996.68232710,0
1703602800000,42593.27000000,42734.74000000,42262.64000000,42373.02000000,62.97272000,1703606399999,2678416.44825700,1457,31.67898000,1347320.46058040,0
1703606400000,42384.10000000,42417.71000000,42103.54000000,42322.55000000,89.59628000,1703609999999,3788006.27352390,2008,49.76800000,2103996.87400570,0
1703610000000,42301.70000000,42348.84000000,41600.00000000,41995.93000000,110.36289000,1703613599999,4637557.88645290,2459,55.70416000,2340433.98793560,0
1703613600000,41989.61000000,42151.76000000,41810.64000000,42147.01000000,82.85538000,1703617199999,3478442.16589670,1633,44.65901000,1874547.54919070,0
1703617200000,42138.77000000,42289.69000000,42035.76000000,42085.83000000,62.67110000,1703620799999,2643331.91730150,1347,33.76310000,1423793.00443370,0
1703620800000,42088.26000000,42219.58000000,42036.28000000,42105.20000000,37.18668000,1703624399999,1566769.57641210,795,18.46312000,777803.57525760,0
1703624400000,42120.93000000,42331.20000000,42107.83000000,42331.20000000,37.53777000,1703627999999,1585998.54258740,863,18.61329000,786191.96448030,0
1703628000000,42330.57000000,42575.89000000,42319.45000000,42460.51000000,29.60891000,1703631599999,1257015.31251690,747,14.62595000,620770.55267600,0
1703631600000,42460.51000000,42535.16000000,42401.07000000,42512.86000000,30.17754000,1703635199999,1281705.78461850,793,15.16423000,643962.26250780,0
1703635200000,42507.74000000,42547.34000000,42344.15000000,42346.51000000,41.44531000,1703638799999,1759182.63137170,905,20.29101000,861202.10222580,0
1703638800000,42349.90000000,42488.53000000,42300.51000000,42445.91000000,34.17933000,1703642399999,1449032.11205090,663,17.48265000,741070.31890460,0
1703642400000,42453.96000000,42476.37000000,42180.21000000,42214.61000000,25.63939000,1703645999999,1085558.54512430,758,12.92010000,546946.66110660,0
1703646000000,42214.61000000,42335.22000000,42115.80000000,42232.37000000,27.72441000,1703649599999,1171067.19304340,648,10.81767000,456876.65748670,0
1703649600000,42227.61000000,42335.52000000,42202.68000000,42289.72000000,19.55792000,1703653199999,826987.87682750,429,11.77120000,497585.13884360,0
1703653200000,42315.28000000,42451.47000000,42276.28000000,42447.41000000,25.72980000,1703656799999,1090105.76939740,572,13.26283000,561779.17440330,0
1703656800000,42446.67000000,42540.20000000,42411.47000000,42429.24000000,21.37440000,1703660399999,907779.57753500,584,11.27253000,478721.01653140,0
1703660400000,42424.36000000,42498.84000000,42395.44000000,42461.14000000,17.63494000,1703663999999,748513.88627440,699,10.63373000,451337.05958630,0
1703664000000,42457.44000000,42746.71000000,42403.40000000,42704.81000000,36.07389000,1703667599999,1536939.61576110,1033,20.70214000,881896.77705190,0
1703667600000,42709.81000000,42748.02000000,42624.09000000,42741.25000000,25.25191000,1703671199999,1078074.06605180,668,12.66939000,540869.84856260,0
1703671200000,42741.26000000,43215.79000000,42702.82000000,43203.72000000,131.04890000,1703674799999,5641548.00762020,2988,47.19068000,2030163.05285710,0
1703674800000,43193.12000000,43228.19000000,42906.31000000,43014.41000000,56.41065000,1703678399999,2429001.87379620,1600,31.86576000,1371454.55166960,0
1703678400000,43021.04000000,43055.56000000,42778.13000000,42915.65000000,41.71342000,1703681999999,1790085.45575020,1096,27.68454000,1187834.87744640,0
1703682000000,42922.07000000,42989.04000000,42714.30000000,42922.29000000,46.26260000,1703685599999,1984143.92887920,979,21.14816000,906501.96509990,0
1703685600000,42919.75000000,43155.90000000,42836.69000000,42922.83000000,62.45503000,1703689199999,2686157.28277960,1495,30.69718000,1319995.61240330,0
1703689200000,42922.10000000,43085.61000000,42789.72000000,42986.95000000,64.64974000,1703692799999,2775713.55993710,1637,32.54056000,1396896.65965710,0
1703692800000,42987.51000000,43195.63000000,42895.59000000,43088.61000000,32.24182000,1703696399999,1388393.61252540,1353,12.81732000,551867.75835140,0
1703696400000,43098.33000000,43157.59000000,42885.01000000,43038.52000000,46.05248000,1703699999999,1980695.52878990,1303,20.29809000,872931.42652680,0
1703700000000,43038.72000000,43230.79000000,42951.05000000,43202.70000000,42.65469000,1703703599999,1837251.64737460,2198,15.67779000,675235.02262990,0
1703703600000,43202.70000000,43213.73000000,43023.52000000,43166.81000000,37.33586000,1703707199999,1610302.30605550,1137,16.35235000,705145.29303980,0
1703707200000,43169.26000000,43586.60000000,43134.81000000,43484.71000000,71.28808000,1703710799999,3092446.55842220,1889,33.96620000,1473120.45800490,0
1703710800000,43474.01000000,43511.01000000,43276.43000000,43389.52000000,50.24041000,1703714399999,2179582.45933460,1374,22.33171000,968660.74191880,0
1703714400000,43392.68000000,43690.75000000,43312.64000000,43355.94000000,43.66167000,1703717999999,1899645.00084570,1574,18.47413000,803676.09645270,0
1703718000000,43355.95000000,43497.27000000,43348.07000000,43465.37000000,45.34225000,1703721599999,1968975.34931290,1755,14.12256000,613208.46263470,0
1703721600000,43464.47000000,43817.21000000,43417.44000000,43593.75000000,83.19451000,1703725199999,3632888.05556110,1986,53.29219000,2328604.72625480,0
1703725200000,43592.03000000,43747.52000000,43461.56000000,43461.57000000,32.72987000,1703728799999,1427215.15281710,1108,10.73865000,468216.67940500,0
1703728800000,43464.97000000,43499.99000000,43344.45000000,43392.87000000,30.68881000,1703732399999,1332928.50516380,843,13.05720000,566960.93957200,0
1703732400000,43391.10000000,43452.87000000,43355.07000000,43447.47000000,23.48372000,1703735999999,1019427.26226860,622,11.75320000,510176.80901300,0
1703736000000,43443.14000000,43649.73000000,43336.83000000,43339.48000000,30.28606000,1703739599999,1317337.84706570,791,15.47985000,673106.28208710,0
1703739600000,43340.01000000,43392.89000000,43102.02000000,43245.95000000,62.10474000,1703743199999,2686799.93657230,1118,31.01694000,1341829.75557340,0
1703743200000,43236.02000000,43236.18000000,43000.01000000,43044.35000000,38.49423000,1703746799999,1659562.65185110,818,19.59491000,844745.01902910,0
1703746800000,43045.45000000,43079.85000000,42827.78000000,43059.42000000,62.34852000,1703750399999,2679551.95803650,1249,30.93744000,1329348.74813050,0
1703750400000,43059.43000000,43086.48000000,42935.23000000,42955.27000000,39.99629000,1703753999999,1720901.52501740,754,21.93667000,943712.97000850,0
1703754000000,42942.85000000,43119.27000000,42883.60000000,43056.68000000,49.30027000,1703757599999,2120007.20692490,839,24.43266000,1050677.26540170,0
1703757600000,43066.17000000,43207.59000000,43033.85000000,43118.30000000,29.87315000,1703761199999,1288663.47913210,735,13.59168000,586211.48320400,0
1703761200000,43118.29000000,43155.27000000,43035.11000000,43089.31000000,31.37698000,1703764799999,1352216.77829390,752,16.97151000,731331.33809240,0
1703764800000,43080.74000000,43146.37000000,42758.84000000,42783.73000000,44.48749000,1703768399999,1912074.95398480,1141,23.29925000,1001396.45447360,0
1703768400000,42799.52000000,42942.39000000,42600.00000000,42798.85000000,53.97083000,1703771999999,2309765.06387180,1286,30.43827000,1302403.78838320,0
1703772000000,42801.26000000,42831.28000000,42437.07000000,42662.66000000,68.74393000,1703775599999,2934641.21512910,1995,37.23489000,1589686.27384120,0
1703775600000,42665.44000000,42710.33000000,42414.06000000,42441.62000000,65.15918000,1703779199999,2771324.06658190,1409,34.99883000,1488268.99381980,0
1703779200000,42456.61000000,42568.48000000,42284.35000000,42459.36000000,64.10099000,1703782799999,2718399.48049240,1354,29.74502000,1261279.08731620,0
1703782800000,42466.35000000,42637.94000000,42463.76000000,42544.10000000,44.94255000,1703786399999,1912260.69642020,950,24.49118000,1041857.31699290,0
1703786400000,42539.20000000,42651.37000000,42396.32000000,42491.56000000,49.41855000,1703789999999,2100390.21499800,956,27.20014000,1155871.30353890,0
1703790000000,42488.13000000,42738.34000000,42468.14000000,42616.44000000,46.56693000,1703793599999,1983632.22329970,982,23.92264000,1018846.88737150,0
1703793600000,42610.37000000,42622.76000000,42377.11000000,42521.68000000,48.88896000,1703797199999,2077729.83693540,976,29.02318000,1233367.37958760,0
1703797200000,42513.05000000,42625.32000000,42348.86000000,42471.26000000,36.68334000,1703800799999,1559272.49585760,751,17.40344000,739672.92354220,0
1703800800000,42463.73000000,42639.83000000,42394.11000000,42639.83000000,30.82713000,1703804399999,1311601.95424370,641,19.49051000,829277.58111640,0
1703804400000,42649.97000000,42764.23000000,42543.93000000,42579.25000000,44.33770000,1703807999999,1891518.22123770,833,22.76491000,971181.27319560,0
1703808000000,42579.26000000,42701.07000000,42402.97000000,42431.46000000,52.43811000,1703811599999,2233317.12763390,988,23.56285000,1003519.79788280,0
1703811600000,42431.45000000,42555.00000000,42130.95000000,42349.98000000,72.27005000,1703815199999,3060393.82820670,1470,35.35399000,1497286.33604150,0
1703815200000,42351.41000000,42625.33000000,42278.72000000,42576.29000000,46.51589000,1703818799999,1973478.37134440,921,26.91694000,1141946.76964180,0
1703818800000,42586.53000000,42793.82000000,42467.74000000,42710.90000000,47.33786000,1703822399999,2020161.50798590,859,24.19494000,1032354.61164880,0
1703822400000,42722.91000000,42777.87000000,42612.53000000,42672.00000000,30.31659000,1703825999999,1293887.98686640,559,17.64187000,752884.23237720,0
1703826000000,42675.63000000,42713.63000000,42520.05000000,42691.47000000,39.54106000,1703829599999,1685208.87237260,654,22.83637000,973149.00325650,0
1703829600000,42684.19000000,42701.73000000,42520.05000000,42557.25000000,29.80203000,1703833199999,1270475.43149140,604,15.43241000,657790.21721760,0
1703833200000,42542.48000000,42577.04000000,42241.01000000,42304.35000000,70.12714000,1703836799999,2973112.34576260,1959,27.82468000,1179730.31840370,0
1703836800000,42301.19000000,42540.46000000,42291.12000000,42496.26000000,49.95327000,1703840399999,2120149.88991030,1298,23.02278000,976891.49588250,0
1703840400000,42496.26000000,42706.51000000,42439.66000000,42682.43000000,29.21684000,1703843999999,1244521.09111910,683,16.61909000,707824.26747730,0
1703844000000,42675.17000000,42821.65000000,42641.64000000,42725.59000000,37.59489000,1703847599999,1607048.11661050,824,17.87979000,764172.00440600,0
1703847600000,42709.48000000,42963.72000000,42698.83000000,42891.28000000,43.38578000,1703851199999,1859509.76798930,1200,22.59747000,968285.93866660,0
1703851200000,42891.77000000,42957.65000000,42768.84000000,42848.85000000,17.43292000,1703854799999,746835.29390770,515,9.30767000,398732.82468940,0
1703854800000,42848.85000000,42903.23000000,42732.48000000,42840.97000000,40.11742000,1703858399999,1717670.66512920,837,18.76686000,803476.83219620,0
1703858400000,42863.41000000,43127.77000000,42790.62000000,43041.95000000,53.22926000,1703861999999,2287164.60129710,1130,26.66724000,1145848.26410710,0
1703862000000,43053.14000000,43057.24000000,42166.98000000,42283.04000000,89.23930000,1703865599999,3801368.46936570,1814,45.17007000,1923652.06255700,0
1703865600000,42252.02000000,42369.57000000,41923.89000000,41983.39000000,147.47379000,1703869199999,6224623.07624470,2677,91.11287000,3846930.70857120,0
1703869200000,41978.99000000,42060.62000000,41670.97000000,41814.69000000,189.66381000,1703872799999,7945699.53901870,4989,135.90097000,5693996.08809520,0
1703872800000,41812.28000000,42109.27000000,41772.42000000,42053.86000000,64.77885000,1703876399999,2719687.07997980,1314,35.84761000,1504977.03120790,0
1703876400000,42061.49000000,42152.11000000,41954.76000000,42113.64000000,51.91502000,1703879999999,2184468.97438320,1034,28.16663000,1185048.36554760,0
1703880000000,42113.64000000,42126.13000000,41936.76000000,42021.37000000,69.15717000,1703883599999,2906786.48434670,1437,40.94158000,1720713.43119630,0
1703883600000,42021.37000000,42233.74000000,41878.59000000,41932.68000000,77.02190000,1703887199999,3237051.80413260,1397,41.13927000,1728864.04262890,0
1703887200000,41933.70000000,41938.02000000,41284.28000000,41772.49000000,77.20660000,1703890799999,3218267.18317920,1799,36.24752000,1510779.45127920,0
1703890800000,41771.46000000,42099.98000000,41771.37000000,42074.88000000,65.13641000,1703894399999,2732101.93168060,1173,34.44242000,1444216.44901920,0
1703894400000,42066.87000000,42212.26000000,42016.42000000,42094.47000000,42.27196000,1703897999999,1780278.10194980,827,24.18149000,1018301.38131400,0
1703898000000,42094.47000000,42202.23000000,42078.83000000,42165.25000000,24.30137000,1703901599999,1024150.07216840,753,14.73089000,620723.45058970,0
1703901600000,42165.25000000,42186.56000000,41849.63000000,41907.15000000,35.10840000,1703905199999,1474726.02019400,1004,20.34364000,854584.82500710,0
1703905200000,41900.75000000,42008.92000000,41817.21000000,41969.80000000,42.08032000,1703908799999,1764319.29379630,999,26.28349000,1101877.16398740,0
1703908800000,41969.80000000,42059.10000000,41965.85000000,41989.53000000,28.47256000,1703912399999,1196120.40745470,738,17.33531000,728211.32237040,0
1703912400000,41986.80000000,42121.33000000,41977.59000000,42089.51000000,28.05218000,1703915999999,1179872.41008900,763,18.82118000,791518.21690860,0
1703916000000,42101.34000000,42157.22000000,42034.58000000,42052.69000000,20.84466000,1703919599999,877477.90185840,626,11.89969000,500917.60190800,0
1703919600000,42052.69000000,42134.24000000,41933.67000000,41957.48000000,12.25008000,1703923199999,514831.27178590,679,5.33600000,224196.45654470,0
1703923200000,41958.77000000,41998.43000000,41548.82000000,41570.32000000,41.38710000,1703926799999,1728662.96459760,940,18.40348000,768735.78459640,0
1703926800000,41585.39000000,41721.37000000,41527.63000000,41695.39000000,42.83844000,1703930399999,1783334.11610450,864,23.07737000,960598.87334130,0
1703930400000,41688.71000000,41812.14000000,41678.25000000,41810.28000000,13.86403000,1703933999999,578520.23600960,418,7.17747000,299503.54873750,0
1703934000000,41810.91000000,41961.57000000,41810.91000000,41895.69000000,15.02833000,1703937599999,629650.57346790,518,8.22028000,344384.03776040,0
1703937600000,41895.66000000,42103.82000000,41885.42000000,41986.59000000,21.21177000,1703941199999,890663.53955840,708,9.82451000,412429.29106220,0
1703941200000,41986.59000000,42046.71000000,41889.17000000,42026.87000000,29.72116000,1703944799999,1247199.80279250,760,16.07165000,674345.63212510,0
1703944800000,42026.88000000,42252.39000000,42026.88000000,42245.51000000,52.35501000,1703948399999,2207213.56148870,1011,29.83765000,1257813.30813280,0
1703948400000,42240.03000000,42428.37000000,42181.28000000,42381.37000000,43.89380000,1703951999999,1855594.07107540,978,24.11102000,1019284.61593380,0
1703952000000,42366.83000000,42598.47000000,42361.05000000,42398.62000000,51.40743000,1703955599999,2184004.08245200,1329,26.48797000,1125287.58414760,0
1703955600000,42396.71000000,42605.49000000,42247.71000000,42481.94000000,67.80950000,1703959199999,2878082.31834650,1186,34.59421000,1468292.42421440,0
1703959200000,42496.76000000,42510.20000000,42335.08000000,42404.58000000,44.20554000,1703962799999,1874587.42527200,811,22.24558000,943152.75774040,0
1703962800000,42391.55000000,42444.48000000,42335.35000000,42369.90000000,26.49832000,1703966399999,1123219.87795330,500,14.55632000,616966.67502540,0
1703966400000,42356.79000000,42398.47000000,42193.38000000,42279.75000000,33.51988000,1703969999999,1417970.56498790,717,17.91226000,757689.40512920,0
1703970000000,42286.75000000,42322.76000000,42224.32000000,42300.75000000,31.04812000,1703973599999,1312670.97658240,720,15.77289000,666746.56113600,0
1703973600000,42300.74000000,42308.54000000,42088.34000000,42135.56000000,16.52397000,1703977199999,697958.71289440,507,7.47563000,315833.33426300,0
1703977200000,42128.49000000,42291.89000000,42097.43000000,42145.99000000,31.95467000,1703980799999,1348830.95603000,716,14.93316000,630236.13473430,0
1703980800000,42145.98000000,42422.08000000,42142.42000000,42357.57000000,41.80870000,1703984399999,1768674.49208010,903,25.87470000,1094370.01736830,0
1703984400000,42358.27000000,42422.95000000,42153.95000000,42165.72000000,27.06699000,1703987999999,1144550.73884080,668,13.54825000,572829.31424120,0
1703988000000,42166.29000000,42229.54000000,41968.57000000,42082.58000000,38.90645000,1703991599999,1638363.56684010,870,19.40094000,816937.35722250,0
1703991600000,42082.58000000,42178.34000000,42021.62000000,42172.85000000,29.45305000,1703995199999,1239605.81825210,611,15.78538000,664288.52825840,0
1703995200000,42172.84000000,42320.26000000,42151.04000000,42218.97000000,26.56073000,1703998799999,1121966.38781460,653,15.88853000,671152.74510490,0
1703998800000,42218.97000000,42300.00000000,42190.24000000,42190.24000000,31.17483000,1704002399999,1316646.16303160,636,17.22731000,727483.14402740,0
1704002400000,42190.21000000,42274.47000000,42181.92000000,42245.38000000,14.65439000,1704005999999,618956.10629600,403,8.72455000,368466.77272030,0
1704006000000,42245.37000000,42660.42000000,42244.90000000,42517.84000000,66.76842000,1704009599999,2834760.23056310,1259,36.73877000,1559547.37146510,0
1704009600000,42523.50000000,42563.80000000,42353.38000000,42464.99000000,139.01952000,1704013199999,5895238.24414240,2476,110.58425000,4688954.71474070,0
1704013200000,42456.36000000,42874.99000000,42427.54000000,42727.08000000,141.81599000,1704016799999,6041744.87643800,2664,102.81606000,4377587.44120970,0
1704016800000,42730.73000000,42757.47000000,42607.79000000,42651.57000000,31.15659000,1704020399999,1329714.56881860,650,15.34512000,654829.54565540,0
1704020400000,42646.00000000,42676.20000000,42489.83000000,42497.01000000,16.26254000,1704023999999,692209.53506170,507,8.05562000,342840.46299530,0
1704024000000,42505.61000000,42637.29000000,42344.02000000,42429.91000000,39.87397000,1704027599999,1694972.00575080,899,20.07672000,853455.62358240,0
1704027600000,42414.09000000,42526.76000000,42364.25000000,42447.63000000,32.31812000,1704031199999,1372250.43693810,737,16.06914000,682236.20072720,0
1704031200000,42440.92000000,42520.46000000,42393.73000000,42500.73000000,24.07519000,1704034799999,1022289.58489880,603,12.86122000,546120.75336350,0
1704034800000,42518.68000000,42576.72000000,42349.08000000,42441.88000000,28.04481000,1704038399999,1191158.16129570,786,14.70870000,624754.05661470,0
1704038400000,42439.04000000,42680.94000000,42415.28000000,42579.83000000,30.88778000,1704041999999,1314502.62203030,812,15.11187000,642866.77516280,0
1704042000000,42592.10000000,42637.00000000,42460.46000000,42597.58000000,22.52067000,1704045599999,958265.84783770,616,13.32164000,566832.79865390,0
1704045600000,42599.49000000,42704.51000000,42520.05000000,42639.59000000,26.77001000,1704049199999,1140763.95725110,805,15.95363000,679804.28723040,0
1704049200000,42649.57000000,42669.71000000,42565.00000000,42597.76000000,39.12635000,1704052799999,1667275.38364200,772,18.63672000,794104.68367780,0
1704052800000,42597.76000000,42661.29000000,42491.58000000,42538.61000000,33.26044000,1704056399999,1415889.84182860,694,19.03319000,810331.63953750,0
1704056400000,42538.62000000,42651.21000000,42505.97000000,42506.58000000,29.35952000,1704059999999,1249875.71369570,634,15.69810000,668371.61548600,0
1704060000000,42501.53000000,42567.68000000,42064.56000000,42242.94000000,32.77033000,1704063599999,1390422.70009270,1038,16.54562000,702343.66340570,0
1704063600000,42250.55000000,42334.36000000,42064.56000000,42274.27000000,52.70356000,1704067199999,2224313.37327760,1057,24.93371000,1052465.48912220,0
