1682899200000,29243.12000000,29349.53000000,29232.69000000,29329.94000000,14.95589000,1682902799999,438248.93089580,877,12.35361000,361979.86157180,0
1682902800000,29324.58000000,29327.81000000,28410.54000000,28525.40000000,37.41547000,1682906399999,1077377.56322810,1636,12.63601000,363642.62480230,0
1682906400000,28499.70000000,28688.24000000,28433.38000000,28560.96000000,21.64757000,1682909999999,619105.49767840,1193,11.10412000,317506.58203860,0
1682910000000,28554.29000000,28608.51000000,28453.31000000,28570.07000000,17.98337000,1682913599999,513331.58347040,738,13.46230000,384228.42816670,0
1682913600000,28569.90000000,28598.29000000,28497.68000000,28567.07000000,20.15244000,1682917199999,575133.97648060,613,10.09250000,287975.13906920,0
1682917200000,28566.22000000,28645.57000000,28250.00000000,28496.43000000,30.18605000,1682920799999,860511.70414080,1310,11.19893000,319369.70529260,0
1682920800000,28496.02000000,28606.44000000,28461.96000000,28601.37000000,11.14810000,1682924399999,318067.81698530,684,6.93924000,197969.35361120,0
1682924400000,28597.44000000,28721.22000000,28589.50000000,28640.95000000,14.42749000,1682927999999,413404.08913050,816,8.53667000,244575.27878480,0
1682928000000,28639.34000000,28643.44000000,28560.34000000,28584.02000000,24.42348000,1682931599999,698250.49483440,647,18.06446000,516439.46354930,0
1682931600000,28583.90000000,28677.55000000,28505.94000000,28533.98000000,11.16776000,1682935199999,319191.05955840,537,7.56112000,216193.42907220,0
1682935200000,28535.05000000,28572.55000000,28496.59000000,28564.58000000,4.52029000,1682938799999,129008.82400110,433,2.53277000,72281.84300690,0
1682938800000,28564.57000000,28596.92000000,28513.26000000,28528.64000000,14.09711000,1682942399999,402552.07879010,547,7.10847000,202976.66244690,0
1682942400000,28530.72000000,28615.76000000,28457.22000000,28599.03000000,16.45020000,1682945999999,469538.99995440,632,7.97732000,227784.59517890,0
1682946000000,28604.45000000,28632.00000000,28453.89000000,28465.84000000,23.93659000,1682949599999,684229.80848610,821,17.27965000,494145.73406840,0
1682949600000,28464.60000000,28582.73000000,28333.18000000,28477.95000000,26.06438000,1682953199999,742086.98335540,1194,11.67085000,332398.70539260,0
1682953200000,28485.67000000,28494.17000000,28081.45000000,28176.30000000,63.86895000,1682956799999,1804770.05413240,2099,36.61929000,1035306.92535520,0
1682956800000,28180.73000000,28392.80000000,28028.56000000,28366.74000000,46.06166000,1682960399999,1299647.55657710,1668,32.43617000,915536.90810910,0
1682960400000,28365.44000000,28409.69000000,28172.24000000,28282.84000000,22.02194000,1682963999999,622804.33957150,917,13.55598000,383358.04425450,0
1682964000000,28285.48000000,28298.34000000,28100.01000000,28176.90000000,18.13841000,1682967599999,511427.29715610,789,11.22554000,316541.71952130,0
1682967600000,28192.48000000,28192.48000000,27814.38000000,27845.46000000,74.55803000,1682971199999,2089190.02961550,2289,52.91235000,1483822.78330870,0
1682971200000,27842.01000000,27957.79000000,27669.60000000,27685.80000000,29.13142000,1682974799999,810680.07231680,1490,16.29833000,453384.88494670,0
1682974800000,27683.40000000,28094.70000000,27677.13000000,27994.19000000,29.07261000,1682978399999,811732.58954580,990,14.58891000,407070.03424570,0
1682978400000,27988.72000000,28192.76000000,27954.07000000,28027.87000000,19.63178000,1682981999999,550111.70948460,894,11.09097000,310787.12857440,0
1682982000000,28029.31000000,28154.40000000,28018.19000000,28072.57000000,23.13982000,1682985599999,650447.13172690,1067,8.64660000,243036.55790230,0
1682985600000,28072.64000000,28147.05000000,27990.00000000,28062.38000000,14.39336000,1682989199999,403854.14881730,796,6.28924000,176486.57316420,0
1682989200000,28060.45000000,28093.07000000,27927.97000000,27943.92000000,17.19148000,1682992799999,481960.13318210,816,8.87644000,248891.27537330,0
1682992800000,27948.38000000,28039.76000000,27936.11000000,28011.81000000,24.43547000,1682996399999,683729.41943690,644,20.68321000,578724.43080890,0
1682996400000,28014.55000000,28052.43000000,27940.50000000,28045.70000000,29.59699000,1682999999999,828849.27729850,532,18.55381000,519679.75474000,0
1683000000000,28048.33000000,28055.45000000,27927.16000000,27929.87000000,88.29874000,1683003599999,2473096.36654400,905,66.76204000,1870176.42170780,0
1683003600000,27935.80000000,28029.10000000,27878.31000000,28010.00000000,18.87719000,1683007199999,527783.95413180,578,8.88369000,248436.06537970,0
1683007200000,28010.01000000,28040.60000000,27974.54000000,28003.08000000,15.91758000,1683010799999,445797.25270770,538,9.71459000,272049.83915700,0
1683010800000,28000.25000000,28163.21000000,27996.57000000,28060.59000000,13.37224000,1683014399999,375220.25134790,657,7.36084000,206518.52935660,0
1683014400000,28061.84000000,28135.97000000,28020.37000000,28035.89000000,31.28612000,1683017999999,878247.67386270,669,21.10924000,592453.80856480,0
1683018000000,28034.70000000,28071.75000000,27946.62000000,27988.93000000,22.37041000,1683021599999,626322.54237380,840,7.67802000,214944.19106400,0
1683021600000,27986.38000000,28051.17000000,27969.14000000,28018.27000000,21.09290000,1683025199999,590991.17888830,590,14.05639000,393814.63344200,0
1683025200000,28018.81000000,28097.25000000,28016.67000000,28084.84000000,10.21814000,1683028799999,286650.11451840,521,4.52331000,126920.48695800,0
1683028800000,28090.10000000,28243.51000000,28001.49000000,28109.22000000,14.77048000,1683032399999,415467.51800460,761,7.00283000,196940.40217400,0
1683032400000,28109.22000000,28143.13000000,27940.85000000,28011.82000000,16.57937000,1683035999999,465166.41076030,843,7.74004000,217195.08076870,0
1683036000000,28013.02000000,28630.91000000,27917.92000000,28378.41000000,52.49927000,1683039599999,1487685.68365730,2691,29.50196000,835239.16646880,0
1683039600000,28372.93000000,28760.59000000,28269.46000000,28542.90000000,31.42895000,1683043199999,896037.33100500,2018,13.33675000,380384.89853850,0
1683043200000,28545.02000000,28622.79000000,28447.99000000,28476.32000000,22.02702000,1683046799999,628409.97453430,1247,8.91019000,254210.08191010,0
1683046800000,28477.88000000,28602.49000000,28443.73000000,28584.85000000,14.80663000,1683050399999,422476.99126510,851,9.66966000,275927.80250860,0
1683050400000,28591.56000000,28811.90000000,28551.32000000,28727.71000000,15.55087000,1683053999999,445881.63645950,1035,9.62235000,276136.27692980,0
1683054000000,28733.05000000,28919.94000000,28663.57000000,28698.02000000,19.33172000,1683057599999,556154.70352470,1300,11.10893000,319585.98937250,0
1683057600000,28705.21000000,28798.53000000,28644.43000000,28690.86000000,13.52544000,1683061199999,388306.22033260,940,6.43225000,184639.30946790,0
1683061200000,28691.49000000,28708.00000000,28630.78000000,28674.98000000,8.47310000,1683064799999,242898.28706240,564,3.33788000,95693.49457010,0
1683064800000,28670.42000000,28836.87000000,28670.42000000,28753.35000000,24.55474000,1683068399999,706092.93353070,898,11.14130000,320368.43462740,0
1683068400000,28764.00000000,28785.82000000,28640.52000000,28683.02000000,17.75055000,1683071999999,509103.53914050,603,13.04490000,374069.15748690,0
1683072000000,28683.02000000,28704.23000000,28504.59000000,28521.29000000,17.74227000,1683075599999,507558.02067680,1009,10.22010000,292320.18885360,0
1683075600000,28527.27000000,28604.16000000,28504.60000000,28552.30000000,18.45636000,1683079199999,527011.10979840,678,11.52575000,329093.34413760,0
1683079200000,28552.91000000,28555.14000000,28361.40000000,28518.61000000,14.15211000,1683082799999,402696.10867720,705,7.19172000,204634.36830960,0
1683082800000,28523.66000000,28551.90000000,28459.78000000,28539.50000000,9.67260000,1683086399999,275737.95846980,488,7.05287000,201041.96918270,0
1683086400000,28529.91000000,28538.79000000,28444.76000000,28528.28000000,9.71729000,1683089999999,276974.51553110,470,4.76450000,135794.51989900,0
1683090000000,28528.28000000,28536.42000000,28469.39000000,28488.46000000,12.28338000,1683093599999,350074.59646810,472,4.08114000,116303.98897130,0
1683093600000,28492.16000000,28693.37000000,28443.94000000,28613.80000000,15.58247000,1683097199999,445060.55034490,811,9.35032000,267236.06624050,0
1683097200000,28612.33000000,28682.86000000,28596.15000000,28662.59000000,16.08373000,1683100799999,460703.53894070,571,4.78466000,137029.35401200,0
1683100800000,28663.64000000,28779.85000000,28602.92000000,28705.14000000,15.66538000,1683104399999,449452.89316090,867,6.98264000,200423.78611590,0
1683104400000,28701.87000000,28709.23000000,28615.50000000,28675.98000000,6.66991000,1683107999999,191164.40130150,447,3.52524000,101018.94795950,0
1683108000000,28672.99000000,28686.60000000,28573.85000000,28583.62000000,9.95844000,1683111599999,285225.24612420,509,3.90777000,111930.11738680,0
1683111600000,28576.27000000,28656.61000000,28534.81000000,28557.41000000,10.85250000,1683115199999,310341.95341610,515,4.94784000,141554.16567680,0
1683115200000,28554.25000000,28584.43000000,28250.79000000,28312.47000000,22.75259000,1683118799999,646690.90799030,1230,12.05368000,342809.32468020,0
1683118800000,28311.81000000,28410.12000000,28146.85000000,28383.49000000,29.80499000,1683122399999,843309.44137720,1399,14.42910000,408235.07903830,0
1683122400000,28389.63000000,28391.12000000,28123.91000000,28226.61000000,23.28188000,1683125999999,658357.86647140,952,10.49702000,296800.17093390,0
1683126000000,28220.39000000,28352.06000000,28169.23000000,28323.66000000,19.18322000,1683129599999,542290.87823720,835,10.40965000,294235.91788020,0
1683129600000,28314.07000000,28495.45000000,28260.75000000,28482.60000000,18.33960000,1683133199999,520358.65323370,739,7.93511000,225288.71176560,0
1683133200000,28483.42000000,28783.72000000,28424.72000000,28579.59000000,28.70422000,1683136799999,820589.11424990,1432,14.48709000,414111.64593910,0
1683136800000,28586.01000000,28804.70000000,28247.68000000,28457.40000000,55.69931000,1683140399999,1588379.43379140,3091,28.20444000,804433.43446460,0
1683140400000,28453.98000000,28513.74000000,28221.81000000,28330.51000000,24.97220000,1683143999999,708015.92149150,1382,12.25463000,347414.87896670,0
1683144000000,28322.83000000,28580.78000000,28294.77000000,28523.76000000,21.50062000,1683147599999,611128.25339370,1083,14.15729000,402369.19788290,0
1683147600000,28527.92000000,29066.16000000,28523.46000000,28927.03000000,47.86818000,1683151199999,1381818.47596920,2035,20.56818000,593880.90163330,0
1683151200000,28944.47000000,29269.55000000,28944.47000000,29114.88000000,28.53479000,1683154799999,831445.24995340,1374,16.11404000,469557.14542190,0
1683154800000,29112.63000000,29138.77000000,28948.98000000,29032.69000000,15.15473000,1683158399999,440302.19319280,905,5.97921000,173745.63896030,0
1683158400000,29036.65000000,29113.75000000,28962.30000000,29056.30000000,28.00064000,1683161999999,813092.46806600,1103,13.41420000,389593.08575830,0
1683162000000,29051.89000000,29090.33000000,28985.68000000,29080.66000000,31.61296000,1683165599999,917952.06677220,939,11.49510000,334016.19003750,0
1683165600000,29080.08000000,29197.32000000,29001.02000000,29068.13000000,19.90867000,1683169199999,578840.10488260,947,7.12392000,207144.17137350,0
1683169200000,29079.69000000,29103.23000000,29026.71000000,29100.72000000,15.64200000,1683172799999,454786.52787170,577,3.98937000,115963.09443420,0
1683172800000,29105.93000000,29131.00000000,29075.59000000,29115.42000000,14.11114000,1683176399999,410616.34929220,477,4.38275000,127551.52675940,0
1683176400000,29115.40000000,29223.03000000,29053.61000000,29213.32000000,12.26056000,1683179999999,357464.45884830,565,4.50913000,131475.55736960,0
1683180000000,29212.93000000,29244.81000000,29102.01000000,29177.22000000,12.30668000,1683183599999,358657.13554000,650,4.83102000,140818.64631840,0
1683183600000,29171.09000000,29186.09000000,29045.14000000,29065.86000000,31.38456000,1683187199999,912817.09331660,633,5.37445000,156381.87553130,0
1683187200000,29067.85000000,29113.54000000,28995.71000000,29094.36000000,19.71320000,1683190799999,573055.71929670,643,6.61324000,192263.73053690,0
1683190800000,29096.89000000,29118.20000000,29046.38000000,29096.32000000,14.89232000,1683194399999,433031.92505360,528,5.05705000,147025.37715150,0
1683194400000,29098.04000000,29408.70000000,29076.75000000,29246.97000000,33.29506000,1683197999999,973385.12241300,1241,15.22026000,444987.30494300,0
1683198000000,29252.89000000,29270.25000000,29120.47000000,29162.87000000,22.35958000,1683201599999,652856.87628240,862,7.14259000,208506.15789540,0
1683201600000,29163.55000000,29236.57000000,29000.95000000,29062.52000000,35.07686000,1683205199999,1021758.11815200,1280,11.95297000,348106.56633360,0
1683205200000,29068.50000000,29098.63000000,28684.58000000,28785.90000000,66.00348000,1683208799999,1903440.02991030,1755,34.37243000,990349.32599240,0
1683208800000,28771.24000000,28930.00000000,28743.84000000,28784.51000000,51.80296000,1683212399999,1494261.92724700,1612,35.09053000,1012391.46470090,0
1683212400000,28784.76000000,28948.94000000,28784.76000000,28879.37000000,23.28834000,1683215999999,673162.05166170,852,15.47214000,447371.85899830,0
1683216000000,28877.80000000,28980.05000000,28817.26000000,28930.23000000,17.63356000,1683219599999,509685.18966670,745,5.69754000,164645.14796310,0
1683219600000,28931.37000000,28970.00000000,28801.18000000,28852.74000000,15.04373000,1683223199999,434585.97700190,657,6.13941000,177390.27320120,0
1683223200000,28849.26000000,28862.92000000,28687.84000000,28807.57000000,19.35540000,1683226799999,557275.92668890,890,7.72033000,222198.56446060,0
1683226800000,28807.57000000,28910.81000000,28739.22000000,28889.86000000,13.07933000,1683230399999,377274.15599070,663,4.49819000,129807.82810420,0
1683230400000,28904.95000000,28931.61000000,28818.49000000,28874.72000000,18.88895000,1683233999999,545303.19379550,789,5.23826000,151210.99857590,0
1683234000000,28882.58000000,28916.30000000,28797.75000000,28850.34000000,39.82343000,1683237599999,1148633.51884260,914,8.33294000,240660.53866880,0
1683237600000,28853.27000000,28865.21000000,28764.33000000,28799.29000000,14.29244000,1683241199999,411705.07128100,603,4.48881000,129329.20165650,0
1683241200000,28790.52000000,28867.58000000,28787.81000000,28852.70000000,11.22284000,1683244799999,323514.47456160,421,1.66279000,47950.36868790,0
1683244800000,28849.94000000,28971.55000000,28833.46000000,28952.50000000,14.88840000,1683248399999,430265.72895340,531,2.76397000,79899.03801900,0
1683248400000,28953.27000000,29357.58000000,28894.13000000,29334.79000000,34.60977000,1683251999999,1008273.58406650,1305,13.54356000,394733.29363620,0
1683252000000,29336.85000000,29574.00000000,29211.06000000,29252.95000000,46.91403000,1683255599999,1375219.64376640,2150,11.61717000,340969.18806370,0
1683255600000,29260.73000000,29322.87000000,29158.24000000,29203.00000000,15.67031000,1683259199999,458269.31428400,600,3.61664000,105754.25729380,0
1683259200000,29202.79000000,29297.50000000,29195.77000000,29242.06000000,23.99108000,1683262799999,701668.45657960,795,5.97171000,174761.66185430,0
1683262800000,29237.33000000,29266.84000000,29163.13000000,29214.91000000,19.90541000,1683266399999,581527.29859330,798,3.63349000,106178.66206430,0
1683266400000,29213.56000000,29243.82000000,29137.50000000,29177.11000000,10.03904000,1683269999999,293191.45489650,519,3.60579000,105317.95078290,0
1683270000000,29179.41000000,29250.19000000,29052.72000000,29069.01000000,14.00108000,1683273599999,407676.97723350,863,5.64016000,164218.96047210,0
1683273600000,29078.54000000,29136.34000000,29050.27000000,29072.77000000,14.42016000,1683277199999,419481.46915860,522,2.79770000,81413.45238600,0
1683277200000,29071.43000000,29150.33000000,29040.69000000,29109.11000000,31.56223000,1683280799999,918462.53303350,1055,6.85149000,199339.45800320,0
1683280800000,29115.41000000,29144.06000000,29081.57000000,29118.92000000,9.72542000,1683284399999,283107.80043310,429,5.72906000,166768.38759880,0
1683284400000,29121.57000000,29203.55000000,29078.00000000,29154.00000000,21.09466000,1683287999999,614431.85218480,559,5.99216000,174551.25019950,0
1683288000000,29172.84000000,29276.60000000,28764.07000000,28960.71000000,32.97231000,1683291599999,957079.46141980,1536,15.42718000,448059.91984230,0
1683291600000,28961.28000000,29252.34000000,28912.27000000,29192.94000000,19.83857000,1683295199999,576976.73028120,1006,7.88485000,229454.30250640,0
1683295200000,29193.88000000,29450.00000000,29122.10000000,29286.32000000,26.57176000,1683298799999,777938.00106580,1428,12.33665000,361367.28128620,0
1683298800000,29279.60000000,29394.29000000,29178.00000000,29374.39000000,20.27989000,1683302399999,593576.91805040,867,7.54540000,220998.52916480,0
1683302400000,29377.01000000,29698.97000000,29375.52000000,29601.96000000,47.29084000,1683305999999,1398845.44639360,2158,24.27660000,717899.80699380,0
1683306000000,29604.46000000,29691.38000000,29483.16000000,29486.18000000,25.23872000,1683309599999,747310.67923710,875,7.86043000,232669.48641940,0
1683309600000,29483.89000000,29574.62000000,29343.58000000,29419.26000000,37.08403000,1683313199999,1092527.44540790,1308,7.84630000,231252.23513100,0
1683313200000,29422.40000000,29584.97000000,29397.16000000,29584.97000000,54.12798000,1683316799999,1595827.69793690,1471,6.33276000,186686.30547090,0
1683316800000,29585.33000000,29620.19000000,29469.97000000,29520.16000000,39.24342000,1683320399999,1158687.61480090,1171,4.74591000,140229.74762200,0
1683320400000,29512.89000000,29578.42000000,29474.06000000,29517.96000000,12.78563000,1683323999999,377473.17824530,508,5.30563000,156669.68719010,0
1683324000000,29510.97000000,29674.78000000,29504.31000000,29617.36000000,22.17591000,1683327599999,655532.10779150,940,8.20555000,242720.41114190,0
1683327600000,29617.88000000,29629.99000000,29504.10000000,29532.81000000,20.69125000,1683331199999,611895.22534270,810,3.84804000,113806.31495620,0
1683331200000,29531.72000000,29879.70000000,29509.33000000,29704.54000000,26.85256000,1683334799999,797386.59333800,1180,11.26091000,334859.14690660,0
1683334800000,29701.15000000,29721.86000000,29520.85000000,29572.26000000,21.66827000,1683338399999,641757.20806690,1040,4.86598000,144143.35747160,0
1683338400000,29571.71000000,29576.61000000,29468.13000000,29495.75000000,9.01419000,1683341999999,265978.64564810,484,2.31924000,68427.23361040,0
1683342000000,29494.19000000,29494.69000000,29367.73000000,29380.89000000,13.84907000,1683345599999,407550.85310490,716,5.21692000,153502.64788140,0
1683345600000,29380.01000000,29442.35000000,29355.52000000,29374.09000000,14.20565000,1683349199999,417623.10842830,736,3.97387000,116817.65895730,0
1683349200000,29379.03000000,29418.23000000,29363.74000000,29382.71000000,6.49740000,1683352799999,190992.54396480,444,0.67142000,19732.34977050,0
1683352800000,29381.95000000,29422.19000000,29285.40000000,29417.22000000,13.90409000,1683356399999,408246.67521600,762,3.43144000,100765.52854290,0
1683356400000,29411.15000000,29460.38000000,29393.30000000,29393.76000000,9.49480000,1683359999999,279303.98206780,454,2.86564000,84295.30150270,0
1683360000000,29392.53000000,29392.53000000,29163.20000000,29369.79000000,22.07971000,1683363599999,647115.27056860,954,9.28870000,272296.22600210,0
1683363600000,29369.79000000,29393.39000000,29316.20000000,29328.47000000,5.71939000,1683367199999,167850.14747400,429,2.41610000,70921.53947860,0
1683367200000,29317.93000000,29350.67000000,29235.85000000,29272.26000000,13.85254000,1683370799999,405725.91756500,812,1.59106000,46602.46123750,0
1683370800000,29270.84000000,29310.12000000,29243.46000000,29296.15000000,12.31745000,1683374399999,360596.40176430,589,2.47431000,72468.94190900,0
1683374400000,29298.24000000,29301.27000000,29047.16000000,29128.63000000,21.97541000,1683377999999,641184.93365590,863,5.18383000,151138.70561970,0
1683378000000,29120.31000000,29125.68000000,28916.32000000,28975.17000000,22.40943000,1683381599999,650342.75335790,1172,7.22714000,209842.37810750,0
1683381600000,28971.39000000,28971.39000000,28575.73000000,28654.80000000,38.16917000,1683385199999,1095101.34673050,1642,12.61749000,362179.44189950,0
1683385200000,28636.44000000,28673.21000000,28363.17000000,28640.53000000,70.90090000,1683388799999,2027061.30005490,1901,35.56514000,1017495.91319660,0
1683388800000,28622.94000000,28759.61000000,28584.67000000,28753.61000000,69.74082000,1683392399999,2000513.46475360,1804,5.16861000,148121.50767580,0
1683392400000,28746.25000000,28894.85000000,28714.11000000,28813.43000000,58.35911000,1683395999999,1679969.69213400,1674,7.29791000,210155.50428720,0
1683396000000,28822.40000000,29013.68000000,28821.12000000,28957.74000000,21.64654000,1683399599999,626380.39597980,918,6.66156000,192701.20310740,0
1683399600000,28948.01000000,29011.12000000,28889.52000000,28900.75000000,6.70587000,1683403199999,193986.72707230,481,2.06568000,59773.87616840,0
1683403200000,28893.29000000,28924.75000000,28830.46000000,28842.97000000,6.99037000,1683406799999,201879.21331520,571,3.70112000,106911.07575950,0
1683406800000,28839.44000000,28870.55000000,28688.78000000,28849.39000000,11.44938000,1683410399999,329573.15268950,846,3.71356000,106923.36264950,0
1683410400000,28850.93000000,28912.27000000,28810.71000000,28884.51000000,13.56929000,1683413999999,391763.87649430,1060,2.50249000,72239.16298270,0
1683414000000,28879.32000000,28926.96000000,28849.95000000,28882.30000000,7.79805000,1683417599999,225315.26336700,564,1.42901000,41293.81401670,0
1683417600000,28899.66000000,29003.51000000,28832.76000000,28990.13000000,11.55332000,1683421199999,334043.12533270,664,3.71480000,107417.82108920,0
1683421200000,28996.84000000,29177.22000000,28869.69000000,28931.79000000,15.94852000,1683424799999,462336.37449900,885,4.87482000,141354.58587790,0
1683424800000,28938.58000000,28996.94000000,28866.94000000,28869.19000000,16.31092000,1683428399999,471874.23704140,1056,3.58855000,103763.96720860,0
1683428400000,28863.11000000,28893.51000000,28793.89000000,28845.04000000,9.87589000,1683431999999,284838.70276840,569,3.90321000,112553.02218270,0
1683432000000,28851.57000000,28899.42000000,28829.56000000,28884.50000000,17.09579000,1683435599999,493508.95996760,822,2.56159000,73948.61885780,0
1683435600000,28887.01000000,28952.62000000,28865.30000000,28927.79000000,6.09044000,1683439199999,176035.04576560,420,2.82288000,81575.56575970,0
1683439200000,28932.30000000,28977.18000000,28912.12000000,28960.00000000,4.93539000,1683442799999,142844.27442650,359,2.44284000,70705.91290150,0
1683442800000,28955.50000000,28993.13000000,28935.46000000,28948.26000000,8.90986000,1683446399999,258021.56214830,626,3.80797000,110273.72525760,0
1683446400000,28945.88000000,28997.11000000,28877.20000000,28897.38000000,8.87847000,1683449999999,256918.85963990,529,2.06631000,59800.49045070,0
1683450000000,28897.46000000,28925.59000000,28800.00000000,28847.68000000,9.43364000,1683453599999,272273.77351490,670,3.81917000,110242.37988940,0
1683453600000,28852.00000000,28902.12000000,28826.89000000,28879.09000000,4.31798000,1683457199999,124594.10724900,331,2.04051000,58885.19986810,0
1683457200000,28883.86000000,28947.12000000,28756.42000000,28880.16000000,22.02612000,1683460799999,635397.03745980,988,7.32702000,211334.34499400,0
1683460800000,28879.66000000,28971.10000000,28877.98000000,28953.19000000,8.19216000,1683464399999,237061.04338610,346,3.53984000,102414.31295670,0
1683464400000,28955.45000000,29044.31000000,28923.08000000,28950.45000000,17.15232000,1683467999999,496827.88118020,622,7.01500000,203262.42809270,0
1683468000000,28959.70000000,29130.00000000,28922.33000000,29070.46000000,21.62590000,1683471599999,627209.10807260,1076,9.52008000,276094.01863510,0
1683471600000,29084.07000000,29084.07000000,28924.49000000,28981.11000000,11.02238000,1683475199999,319750.08385130,710,4.08001000,118397.17099360,0
1683475200000,28979.36000000,29006.98000000,28838.18000000,28991.19000000,28.37723000,1683478799999,821076.07339390,1540,5.62417000,162691.25996770,0
1683478800000,28985.56000000,29066.98000000,28902.77000000,28940.87000000,14.57348000,1683482399999,422192.78776510,770,3.35467000,97183.08209920,0
1683482400000,28940.27000000,28993.97000000,28894.78000000,28896.02000000,8.81116000,1683485999999,255073.36704080,566,2.88210000,83429.71915510,0
1683486000000,28896.01000000,28966.90000000,28808.80000000,28942.64000000,12.84260000,1683489599999,371071.89290890,858,4.87017000,140652.23362840,0
1683489600000,28941.97000000,28989.66000000,28920.05000000,28945.09000000,6.35754000,1683493199999,184066.26783690,470,2.25068000,65162.98310680,0
1683493200000,28945.16000000,28981.41000000,28774.18000000,28809.54000000,11.13201000,1683496799999,321452.78322960,759,2.85243000,82398.43008730,0
1683496800000,28814.04000000,28878.68000000,28752.07000000,28774.46000000,12.87740000,1683500399999,371082.38189570,881,4.60221000,132622.17729390,0
1683500400000,28780.94000000,28826.88000000,28412.88000000,28458.48000000,32.63047000,1683503999999,934254.08483310,1814,10.64012000,304739.57713890,0
1683504000000,28460.43000000,28669.72000000,28394.25000000,28603.71000000,29.06622000,1683507599999,830270.54379360,1687,12.01160000,343034.26652780,0
1683507600000,28606.60000000,28624.30000000,28072.11000000,28255.12000000,45.27713000,1683511199999,1283438.02893870,2315,16.86366000,478206.52341020,0
1683511200000,28261.87000000,28341.83000000,28168.56000000,28323.57000000,34.61846000,1683514799999,978466.05021660,2149,13.21193000,373437.67157760,0
1683514800000,28322.63000000,28323.65000000,28050.95000000,28227.49000000,33.19570000,1683518399999,936060.04534290,2109,15.90383000,448249.33256710,0
1683518400000,28231.09000000,28264.75000000,28144.86000000,28152.20000000,17.29696000,1683521999999,487975.33543590,1014,7.36732000,207849.58996460,0
1683522000000,28150.32000000,28296.27000000,28106.80000000,28295.88000000,13.77850000,1683525599999,388705.72643960,810,5.02928000,141888.37159610,0
1683525600000,28292.72000000,28294.59000000,28169.84000000,28211.35000000,16.07277000,1683529199999,453965.64819760,806,6.54679000,185045.64723960,0
1683529200000,28207.98000000,28228.52000000,27862.93000000,28005.37000000,30.71340000,1683532799999,861984.09453680,1611,10.83554000,303736.74386040,0
1683532800000,28010.68000000,28024.32000000,27622.44000000,27743.01000000,63.54132000,1683536399999,1771048.78793440,2435,20.02873000,557949.80039430,0
1683536400000,27743.00000000,27972.91000000,27714.94000000,27932.59000000,26.89896000,1683539999999,749302.94912710,1438,8.40173000,234052.68586160,0
1683540000000,27950.03000000,27984.18000000,27904.18000000,27963.75000000,15.58734000,1683543599999,435597.05514670,950,5.52622000,154397.89237140,0
1683543600000,27965.81000000,28002.47000000,27904.63000000,27963.89000000,12.49820000,1683547199999,349402.70043760,788,7.73417000,216193.49504410,0
1683547200000,27963.90000000,27973.06000000,27773.93000000,27793.81000000,16.77206000,1683550799999,467336.60523680,1019,8.39076000,233753.12489710,0
1683550800000,27795.17000000,27994.36000000,27759.81000000,27874.39000000,25.54093000,1683554399999,712216.68110330,1293,16.96767000,473191.11896800,0
1683554400000,27884.52000000,27999.63000000,27708.53000000,27989.92000000,26.51870000,1683557999999,738721.32831240,1349,17.72594000,493851.51637270,0
1683558000000,27997.99000000,28096.59000000,27882.64000000,27914.14000000,56.64923000,1683561599999,1585279.03854390,1926,35.76076000,1001134.41679400,0
1683561600000,27908.87000000,27950.53000000,27859.13000000,27894.56000000,17.71012000,1683565199999,494225.21758580,819,11.69278000,326326.80599580,0
1683565200000,27885.65000000,27927.80000000,27555.00000000,27555.00000000,33.46641000,1683568799999,930654.28451930,1675,14.37990000,399893.67700030,0
1683568800000,27551.63000000,27638.33000000,27338.97000000,27493.48000000,54.27281000,1683572399999,1491312.16705910,2403,25.93889000,712833.53254480,0
1683572400000,27497.44000000,27517.50000000,27304.70000000,27354.26000000,43.71763000,1683575999999,1197941.65602480,1269,28.40056000,778194.78502690,0
1683576000000,27341.88000000,27579.30000000,27290.40000000,27562.07000000,20.66380000,1683579599999,566910.85646240,913,11.80886000,324236.12629620,0
1683579600000,27556.45000000,27677.28000000,27436.53000000,27556.26000000,21.34074000,1683583199999,587430.43690230,887,14.46299000,397961.33060510,0
1683583200000,27569.23000000,27683.34000000,27547.37000000,27672.36000000,18.01505000,1683586799999,497664.26595790,641,12.89619000,356219.01046970,0
1683586800000,27675.86000000,27719.78000000,27606.03000000,27693.02000000,12.26248000,1683590399999,339321.64495110,435,3.02505000,83708.09089070,0
1683590400000,27694.60000000,27694.60000000,27566.30000000,27600.04000000,5.91430000,1683593999999,163483.76058440,356,3.86363000,106797.13948020,0
1683594000000,27589.68000000,27780.33000000,27583.53000000,27726.26000000,16.79982000,1683597599999,465134.36587690,915,10.18271000,281889.05618010,0
1683597600000,27720.64000000,27720.64000000,27582.50000000,27659.60000000,9.74896000,1683601199999,269324.38663620,694,5.97064000,164964.13078300,0
1683601200000,27663.59000000,27668.54000000,27570.20000000,27645.03000000,15.73498000,1683604799999,434813.90216400,646,10.98553000,303674.12673290,0
1683604800000,27647.20000000,27668.27000000,27594.15000000,27632.67000000,10.89323000,1683608399999,301072.27683590,500,7.24653000,200274.39109660,0
1683608400000,27633.56000000,27639.13000000,27538.56000000,27569.01000000,13.90119000,1683611999999,383532.69287310,615,7.54070000,208039.00079000,0
1683612000000,27566.31000000,27604.11000000,27459.73000000,27562.35000000,19.04945000,1683615599999,524287.85608710,739,8.76248000,241175.64174600,0
1683615600000,27565.64000000,27687.58000000,27524.42000000,27683.30000000,52.68921000,1683619199999,1453497.63051810,1006,10.31135000,284567.36046120,0
1683619200000,27684.40000000,27684.40000000,27568.89000000,27584.79000000,10.65141000,1683622799999,294141.25670150,596,3.84715000,106225.31404060,0
1683622800000,27583.90000000,27617.41000000,27551.90000000,27597.58000000,13.93887000,1683626399999,384514.81589070,767,5.02880000,138729.35267010,0
1683626400000,27595.59000000,27669.10000000,27572.70000000,27602.26000000,10.24371000,1683629999999,282950.42220930,462,6.69253000,184860.44479990,0
1683630000000,27601.36000000,27741.08000000,27536.22000000,27692.57000000,15.70691000,1683633599999,433890.50035650,914,5.32271000,147094.74842340,0
1683633600000,27694.39000000,27827.72000000,27658.27000000,27765.09000000,34.36061000,1683637199999,953316.84833430,1425,18.34666000,508901.50316730,0
1683637200000,27776.20000000,27832.26000000,27574.53000000,27635.95000000,36.86733000,1683640799999,1021632.98280760,1313,11.88437000,329217.27228120,0
1683640800000,27635.87000000,27643.97000000,27432.62000000,27553.80000000,30.55288000,1683644399999,840792.10348540,1563,16.70624000,459722.30970730,0
1683644400000,27569.98000000,27600.68000000,27368.21000000,27418.62000000,19.30440000,1683647999999,530586.90018760,1175,8.46943000,232857.73679770,0
1683648000000,27415.76000000,27715.18000000,27370.68000000,27710.96000000,27.85242000,1683651599999,766476.79193140,1368,16.39352000,451159.20618900,0
1683651600000,27713.55000000,27765.22000000,27575.80000000,27627.86000000,18.41514000,1683655199999,509228.73992220,961,8.62296000,238455.90167730,0
1683655200000,27625.98000000,27690.39000000,27534.22000000,27563.63000000,43.65254000,1683658799999,1206734.86513800,971,7.09515000,196031.02778940,0
1683658800000,27567.60000000,27732.00000000,27501.63000000,27720.92000000,9.30934000,1683662399999,256959.15489150,707,5.32029000,146896.95069620,0
1683662400000,27732.01000000,27787.28000000,27614.55000000,27660.49000000,9.22823000,1683665999999,255529.16758940,557,5.00254000,138477.17824680,0
1683666000000,27657.21000000,27669.86000000,27602.65000000,27610.05000000,7.26101000,1683669599999,200662.60808050,251,4.60083000,127147.16588220,0
1683669600000,27619.26000000,27620.31000000,27537.98000000,27593.75000000,4.04583000,1683673199999,111559.59986570,247,2.18620000,60272.24750970,0
1683673200000,27593.76000000,27675.23000000,27590.90000000,27645.93000000,10.59473000,1683676799999,292485.14956750,301,8.81907000,243447.18277130,0
1683676800000,27649.11000000,27799.70000000,27636.88000000,27755.12000000,14.90185000,1683680399999,413459.25279770,787,9.55711000,265185.44758800,0
1683680400000,27759.64000000,27856.77000000,27682.88000000,27707.55000000,9.43449000,1683683999999,261817.18469710,676,4.39817000,122075.52211280,0
1683684000000,27718.16000000,27759.74000000,27666.70000000,27684.23000000,13.08826000,1683687599999,362645.50839600,821,8.34450000,231204.27087410,0
1683687600000,27686.33000000,27735.78000000,27655.50000000,27698.96000000,14.91356000,1683691199999,412958.52633250,603,6.53183000,180881.17556950,0
1683691200000,27695.18000000,27704.36000000,27654.49000000,27697.35000000,7.38348000,1683694799999,204425.07538640,429,3.56225000,98632.96343440,0
1683694800000,27708.25000000,27731.75000000,27657.43000000,27665.53000000,8.92826000,1683698399999,247228.09682260,648,5.98152000,165653.74077330,0
1683698400000,27666.60000000,27666.60000000,27588.00000000,27636.23000000,9.86666000,1683701999999,272496.00258090,580,3.24039000,89515.78988710,0
1683702000000,27633.68000000,27643.71000000,27536.88000000,27552.17000000,10.43825000,1683705599999,287908.44419020,594,2.29371000,63267.37885660,0
1683705600000,27554.67000000,27606.53000000,27496.00000000,27587.14000000,12.68358000,1683709199999,349489.18106950,638,2.81411000,77556.79907560,0
1683709200000,27580.84000000,27619.51000000,27546.38000000,27585.04000000,7.70547000,1683712799999,212529.75680230,392,3.38571000,93395.95433750,0
1683712800000,27586.13000000,27624.33000000,27547.43000000,27603.09000000,12.00582000,1683716399999,331310.22484120,525,5.85288000,161532.84173990,0
1683716400000,27603.09000000,27683.65000000,27597.38000000,27683.65000000,12.75748000,1683719999999,352515.46276870,665,5.58638000,154367.15869980,0
1683720000000,27683.44000000,28192.95000000,27647.32000000,28184.33000000,74.92604000,1683723599999,2094411.15327100,2940,34.51835000,963939.94647360,0
1683723600000,28186.84000000,28322.98000000,28051.49000000,28177.16000000,24.82240000,1683727199999,699375.99988970,1370,7.91984000,223199.39760670,0
1683727200000,28193.02000000,28266.49000000,28065.45000000,28093.40000000,30.37464000,1683730799999,856153.41081260,1175,14.90306000,420049.24920880,0
1683730800000,28099.63000000,28232.78000000,28091.85000000,28159.61000000,27.05353000,1683734399999,761728.08680220,876,15.41092000,433927.42581860,0
1683734400000,28163.74000000,28311.44000000,28155.44000000,28191.53000000,30.21808000,1683737999999,852552.35575250,1133,17.20422000,485274.55825120,0
1683738000000,28210.71000000,28230.87000000,26800.00000000,27512.35000000,188.47607000,1683741599999,5139115.60669480,6748,71.13347000,1938277.69490060,0
1683741600000,27513.28000000,27550.00000000,27356.97000000,27446.45000000,38.84538000,1683745199999,1066490.43283230,1572,21.24549000,583249.80378450,0
1683745200000,27446.42000000,27797.06000000,27423.48000000,27705.29000000,25.05536000,1683748799999,694016.77380790,1425,10.46282000,289695.91467580,0
1683748800000,27700.65000000,27994.22000000,27669.66000000,27870.73000000,33.38272000,1683752399999,929848.78037330,1398,14.40160000,401100.43204780,0
1683752400000,27875.45000000,27887.46000000,27269.53000000,27527.37000000,38.40613000,1683755999999,1057809.08468130,1967,13.79019000,379829.56799610,0
1683756000000,27526.37000000,27714.44000000,27509.92000000,27692.14000000,13.15370000,1683759599999,363031.59414830,788,4.13708000,114159.48293550,0
1683759600000,27685.52000000,27738.15000000,27592.23000000,27614.01000000,13.24444000,1683763199999,366145.42093260,784,2.97089000,82140.95708040,0
1683763200000,27611.99000000,27633.96000000,27432.25000000,27532.60000000,15.78385000,1683766799999,435071.50341600,838,5.57203000,153553.59135350,0
1683766800000,27534.12000000,27600.75000000,27494.47000000,27572.79000000,7.64369000,1683770399999,210619.15539870,496,2.37028000,65308.35127640,0
1683770400000,27564.56000000,27592.79000000,27511.10000000,27516.99000000,10.35002000,1683773999999,285193.08511210,399,2.03702000,56121.35352390,0
1683774000000,27512.53000000,27513.17000000,27387.63000000,27463.27000000,13.34955000,1683777599999,366462.82797050,734,4.15343000,113987.21182630,0
1683777600000,27463.07000000,27508.94000000,27414.13000000,27499.53000000,17.25193000,1683781199999,473855.36129220,671,4.69129000,128839.49996980,0
1683781200000,27503.25000000,27555.10000000,27435.23000000,27548.35000000,9.29111000,1683784799999,255419.58546780,472,3.49268000,96057.08441580,0
1683784800000,27545.25000000,27552.74000000,27474.22000000,27515.62000000,21.41955000,1683788399999,589047.51060060,511,2.45175000,67433.03093970,0
1683788400000,27512.69000000,27563.86000000,27427.73000000,27464.27000000,14.49627000,1683791999999,398826.24317000,605,4.43809000,122123.84818420,0
1683792000000,27460.50000000,27460.50000000,27243.67000000,27382.21000000,27.10444000,1683795599999,742713.20404220,1126,10.19099000,279211.31176350,0
1683795600000,27403.02000000,27460.26000000,27364.62000000,27433.66000000,32.91278000,1683799199999,902045.10723400,764,20.47117000,561109.93893520,0
1683799200000,27424.90000000,27505.58000000,27424.90000000,27476.44000000,5.69613000,1683802799999,156466.30829070,358,2.43898000,66994.92722090,0
1683802800000,27474.40000000,27492.83000000,27389.65000000,27418.47000000,13.68801000,1683806399999,375699.34734890,595,3.69558000,101395.90257840,0
1683806400000,27421.10000000,27636.28000000,27318.37000000,27416.80000000,40.22444000,1683809999999,1105480.30432270,1730,19.12388000,525959.18664210,0
1683810000000,27410.30000000,27505.80000000,27124.36000000,27222.09000000,40.04491000,1683813599999,1094987.94343650,1934,14.12994000,386369.74466110,0
1683813600000,27219.90000000,27346.91000000,26945.52000000,27135.13000000,48.63769000,1683817199999,1320500.17562290,2179,16.27868000,442198.80702690,0
1683817200000,27138.11000000,27234.35000000,27057.76000000,27192.93000000,22.43386000,1683820799999,609259.33615290,1259,10.92176000,296705.57974190,0
1683820800000,27194.04000000,27225.76000000,27114.77000000,27142.62000000,15.97444000,1683824399999,434007.62514830,878,6.36395000,172894.39742020,0
1683824400000,27141.30000000,27161.89000000,26760.72000000,26918.81000000,57.88857000,1683827999999,1558057.51721130,2389,15.89170000,427883.98748220,0
1683828000000,26912.76000000,27008.62000000,26785.21000000,26980.46000000,26.56867000,1683831599999,715015.58646920,1305,10.38564000,279498.88899180,0
1683831600000,26969.96000000,27066.96000000,26722.30000000,26849.21000000,43.15393000,1683835199999,1159688.06831250,1999,31.03856000,834099.50740060,0
1683835200000,26860.03000000,27048.60000000,26822.31000000,27007.92000000,20.74384000,1683838799999,558393.86042420,1035,13.59606000,365903.92375590,0
1683838800000,27007.74000000,27070.20000000,26955.36000000,26991.64000000,9.02206000,1683842399999,243765.89850770,556,6.10326000,164915.08093090,0
1683842400000,26992.35000000,27067.09000000,26908.35000000,26918.96000000,11.15440000,1683845999999,301056.92734370,540,5.99429000,161773.15991140,0
1683846000000,26914.37000000,27065.25000000,26832.58000000,26985.06000000,14.79990000,1683849599999,398871.88563840,777,6.82786000,184010.49426260,0
1683849600000,26985.06000000,27060.60000000,26935.83000000,27044.53000000,15.87326000,1683853199999,428481.75340220,707,5.23154000,141263.80749260,0
1683853200000,27043.68000000,27096.33000000,26862.45000000,26893.36000000,25.13953000,1683856799999,677606.30869510,910,8.42200000,227140.63750810,0
1683856800000,26889.35000000,26897.91000000,26555.85000000,26656.98000000,71.58545000,1683860399999,1916915.74064110,1444,11.96728000,319857.35669140,0
1683860400000,26649.07000000,26717.21000000,26546.80000000,26595.48000000,89.73729000,1683863999999,2391546.28221050,2150,12.53237000,333830.91435550,0
1683864000000,26598.22000000,26717.41000000,26531.01000000,26665.44000000,37.83514000,1683867599999,1008435.34913060,1344,22.86020000,609307.55959700,0
1683867600000,26660.63000000,26682.93000000,26197.27000000,26289.14000000,408.42234000,1683871199999,10860636.67540900,6799,291.62408000,7755079.49927480,0
1683871200000,26289.13000000,26337.56000000,26137.42000000,26306.58000000,35.89201000,1683874799999,941866.05041890,1622,12.97616000,340351.87623090,0
1683874800000,26313.49000000,26405.47000000,26281.26000000,26320.80000000,57.89484000,1683878399999,1523192.14748810,2045,41.59302000,1094059.17514190,0
1683878400000,26321.83000000,26386.02000000,26248.05000000,26304.19000000,23.97221000,1683881999999,630889.96372060,1028,19.02540000,500666.52999150,0
1683882000000,26304.19000000,26446.85000000,26304.19000000,26390.40000000,58.15759000,1683885599999,1532870.46604310,1745,39.58976000,1043344.69229750,0
1683885600000,26386.07000000,26442.42000000,26334.12000000,26354.46000000,47.98790000,1683889199999,1265996.43535060,1114,9.78703000,258280.86073940,0
1683889200000,26353.99000000,26433.75000000,26337.80000000,26360.53000000,14.30969000,1683892799999,377417.63985840,549,8.20029000,216285.05082240,0
1683892800000,26361.55000000,26498.05000000,26338.06000000,26431.07000000,30.45624000,1683896399999,804396.91113330,999,15.44894000,408036.90342490,0
1683896400000,26426.39000000,26560.76000000,26371.49000000,26473.68000000,36.17618000,1683899999999,956282.47045450,1354,14.61176000,386382.89457760,0
1683900000000,26466.26000000,26617.07000000,26306.07000000,26337.58000000,31.61705000,1683903599999,836137.70530670,1292,15.10415000,399739.42816700,0
1683903600000,26331.27000000,26403.31000000,26284.40000000,26330.22000000,29.19678000,1683907199999,768887.47040780,1115,23.68081000,623599.43819850,0
1683907200000,26335.14000000,26413.74000000,26253.21000000,26297.34000000,68.70382000,1683910799999,1809010.20976630,1851,60.86047000,1602531.02525180,0
1683910800000,26300.02000000,26421.02000000,26283.71000000,26316.82000000,62.14290000,1683914399999,1636421.83100650,1531,56.49306000,1487620.41554150,0
1683914400000,26313.33000000,26371.08000000,26302.97000000,26302.97000000,35.65603000,1683917999999,939429.96316560,966,30.46840000,802791.23817510,0
1683918000000,26304.87000000,26489.65000000,25826.69000000,26467.35000000,93.47620000,1683921599999,2439995.20610120,2967,48.85671000,1276884.06245470,0
1683921600000,26467.34000000,26495.88000000,26368.31000000,26445.77000000,33.94051000,1683925199999,897135.14081590,1371,20.83373000,550582.83819810,0
1683925200000,26458.14000000,26820.06000000,26458.14000000,26765.05000000,46.93121000,1683928799999,1253075.95640460,1619,17.99187000,480084.31639000,0
1683928800000,26770.22000000,26906.56000000,26652.42000000,26696.89000000,23.84101000,1683932399999,638732.99453890,942,9.03662000,242095.68443220,0
1683932400000,26707.35000000,26820.29000000,26671.24000000,26804.97000000,8.89257000,1683935999999,238051.34696600,496,5.11451000,136891.39976240,0
1683936000000,26808.69000000,26849.23000000,26703.29000000,26844.30000000,9.58012000,1683939599999,256403.38301850,570,4.14684000,110990.59319220,0
1683939600000,26852.23000000,26994.22000000,26798.21000000,26842.56000000,29.74349000,1683943199999,800102.57444060,1126,15.50280000,416868.31386330,0
1683943200000,26847.05000000,26850.87000000,26778.52000000,26787.84000000,7.93312000,1683946799999,212731.99574410,313,3.48553000,93457.05756640,0
1683946800000,26790.13000000,26866.65000000,26787.31000000,26817.55000000,6.30377000,1683950399999,169097.98655160,289,3.56684000,95665.26873790,0
1683950400000,26823.07000000,26855.86000000,26764.85000000,26809.05000000,4.26344000,1683953999999,114352.89630230,233,2.48557000,66689.51156150,0
1683954000000,26808.47000000,26879.64000000,26749.83000000,26753.61000000,8.11850000,1683957599999,217648.73376300,394,3.22591000,86509.08054590,0
1683957600000,26753.55000000,26776.76000000,26728.07000000,26745.33000000,6.75518000,1683961199999,180680.36521550,299,3.07041000,82128.53439230,0
1683961200000,26750.51000000,26809.87000000,26710.84000000,26783.87000000,9.23811000,1683964799999,247213.13699070,378,2.45131000,65567.74332830,0
1683964800000,26787.22000000,26824.63000000,26756.41000000,26814.00000000,6.46889000,1683968399999,173325.89924050,326,2.26868000,60785.09890520,0
1683968400000,26812.93000000,26860.72000000,26801.94000000,26848.64000000,5.57819000,1683971999999,149626.51708810,216,3.36240000,90180.67685110,0
1683972000000,26855.05000000,26884.46000000,26783.77000000,26844.42000000,3.32065000,1683975599999,89099.04852950,269,1.65128000,44304.01783260,0
1683975600000,26846.34000000,26878.41000000,26810.97000000,26832.08000000,6.13870000,1683979199999,164723.03860510,309,3.55477000,95372.36103920,0
1683979200000,26836.58000000,26913.28000000,26784.06000000,26837.43000000,7.27410000,1683982799999,195298.91102520,439,4.71475000,126599.06133470,0
1683982800000,26831.34000000,26900.86000000,26800.00000000,26833.91000000,12.09417000,1683986399999,324622.47083800,479,3.20281000,85996.22052730,0
1683986400000,26836.63000000,26861.58000000,26751.80000000,26795.24000000,12.92428000,1683989999999,346438.19218450,589,6.12359000,164161.04964870,0
1683990000000,26788.24000000,26831.55000000,26766.70000000,26825.09000000,27.45977000,1683993599999,735714.78215530,443,20.32769000,544574.67858310,0
1683993600000,26827.39000000,26845.31000000,26792.51000000,26835.68000000,7.70392000,1683997199999,206613.05801860,368,1.96194000,52615.32206580,0
1683997200000,26834.30000000,26854.72000000,26803.05000000,26824.34000000,11.74307000,1684000799999,315096.88009380,361,2.80384000,75268.88422180,0
1684000800000,26819.60000000,27056.64000000,26784.38000000,26792.33000000,18.72033000,1684004399999,503673.71107090,742,6.23236000,167666.21972270,0
1684004400000,26790.62000000,26967.30000000,26782.24000000,26858.29000000,25.77518000,1684007999999,691949.10080860,753,8.69403000,233520.85990500,0
1684008000000,26861.79000000,26930.48000000,26848.25000000,26915.47000000,7.27184000,1684011599999,195486.70010320,351,3.00692000,80839.32982200,0
1684011600000,26917.65000000,26953.65000000,26866.10000000,26873.76000000,11.51836000,1684015199999,309959.95806130,336,5.34517000,143829.40423060,0
1684015200000,26875.51000000,26910.55000000,26852.52000000,26905.41000000,8.68623000,1684018799999,233389.32912910,238,5.36317000,144069.07492590,0
1684018800000,26907.40000000,26942.63000000,26761.95000000,26782.24000000,10.72318000,1684022399999,287757.54301870,471,2.82885000,75918.20248410,0
1684022400000,26792.40000000,26820.55000000,26597.32000000,26754.67000000,21.04958000,1684025999999,562463.45241670,717,9.63718000,257479.53125440,0
1684026000000,26757.44000000,26760.24000000,26653.63000000,26738.85000000,11.90492000,1684029599999,318089.04271840,463,6.28541000,167940.23744990,0
1684029600000,26740.87000000,26848.30000000,26733.76000000,26816.79000000,13.61288000,1684033199999,364613.83127070,367,10.93300000,292827.94287700,0
1684033200000,26820.73000000,26888.84000000,26792.44000000,26873.39000000,5.69429000,1684036799999,152874.08279930,273,2.97925000,79970.86263800,0
1684036800000,26886.20000000,26889.45000000,26807.43000000,26837.31000000,9.13063000,1684040399999,245069.41794550,345,6.74315000,180989.56338760,0
1684040400000,26842.18000000,26861.05000000,26814.07000000,26838.89000000,4.34272000,1684043999999,116529.16466080,203,2.47608000,66450.93298700,0
1684044000000,26846.39000000,26909.96000000,26835.45000000,26856.17000000,4.12952000,1684047599999,110993.46385500,235,2.66590000,71657.39292760,0
1684047600000,26855.59000000,26894.61000000,26840.38000000,26869.44000000,8.15711000,1684051199999,219125.32113470,265,3.66033000,98347.64510380,0
1684051200000,26869.29000000,26897.50000000,26842.05000000,26862.06000000,8.98032000,1684054799999,241264.24277930,256,3.27219000,87934.68360790,0
1684054800000,26857.85000000,26880.52000000,26824.09000000,26858.36000000,3.41678000,1684058399999,91754.01401350,184,1.95987000,52642.76553910,0
1684058400000,26855.00000000,26863.76000000,26828.44000000,26837.73000000,3.36663000,1684061999999,90389.28643420,189,1.24000000,33288.59340500,0
1684062000000,26841.43000000,26841.43000000,26805.83000000,26824.28000000,14.35167000,1684065599999,384986.54492740,264,1.73634000,46575.75359120,0
1684065600000,26821.21000000,26884.97000000,26758.12000000,26869.46000000,11.32828000,1684069199999,303634.10187550,355,3.12222000,83736.47084380,0
1684069200000,26887.59000000,26938.24000000,26831.10000000,26922.13000000,14.08277000,1684072799999,378504.60805270,524,5.41279000,145471.89199690,0
1684072800000,26933.64000000,26981.54000000,26864.95000000,26976.03000000,7.09052000,1684076399999,190862.31920780,396,5.13397000,138199.66405060,0
1684076400000,26978.43000000,27212.56000000,26975.28000000,27094.44000000,25.15577000,1684079999999,681727.88916040,1015,13.66137000,370288.03094770,0
1684080000000,27094.01000000,27143.61000000,26936.97000000,26971.56000000,16.74927000,1684083599999,452778.17433530,754,11.70091000,316270.36162650,0
1684083600000,26965.93000000,26992.13000000,26873.20000000,26957.85000000,31.52972000,1684087199999,849244.50036180,857,27.83200000,749647.93667220,0
1684087200000,26947.03000000,26964.39000000,26876.35000000,26933.67000000,8.76342000,1684090799999,236006.71548360,377,5.79828000,156147.82657420,0
1684090800000,26932.06000000,26951.62000000,26839.64000000,26885.74000000,11.59552000,1684094399999,311823.89212680,659,5.34966000,143874.62462940,0
1684094400000,26884.62000000,26965.36000000,26854.54000000,26952.29000000,11.74176000,1684097999999,315938.06126090,442,7.31432000,196859.18944670,0
1684098000000,26939.11000000,26968.23000000,26897.56000000,26913.46000000,3.53126000,1684101599999,95109.35282070,249,1.73491000,46720.71170170,0
1684101600000,26916.12000000,26963.03000000,26881.83000000,26907.77000000,12.08782000,1684105199999,325323.82580710,500,9.70272000,261105.61807270,0
1684105200000,26912.41000000,26944.51000000,26868.62000000,26931.49000000,4.49203000,1684108799999,120875.51062830,271,3.08216000,82927.16709770,0
1684108800000,26930.38000000,26942.23000000,26750.00000000,26814.06000000,30.72284000,1684112399999,823139.41561290,957,7.95861000,213260.22711370,0
1684112400000,26809.14000000,27299.95000000,26792.33000000,27221.13000000,49.12019000,1684115999999,1329551.56218270,1380,28.52381000,770814.89026690,0
1684116000000,27231.55000000,27260.48000000,27134.70000000,27177.25000000,22.41048000,1684119599999,609547.44954530,811,9.69334000,263681.10603690,0
1684119600000,27175.44000000,27266.47000000,27173.41000000,27244.77000000,23.96724000,1684123199999,652195.19321070,690,4.69769000,127812.33968750,0
1684123200000,27242.11000000,27308.25000000,27187.33000000,27296.90000000,27.82341000,1684126799999,757771.74527240,641,8.76290000,238710.64499810,0
1684126800000,27300.66000000,27388.00000000,27246.21000000,27343.97000000,32.56388000,1684130399999,889574.80883300,1027,11.78235000,321719.84613440,0
1684130400000,27349.83000000,27552.53000000,27324.03000000,27487.66000000,45.91866000,1684133999999,1259935.89071840,1346,18.77887000,515555.26997760,0
1684134000000,27488.24000000,27500.22000000,27397.81000000,27418.98000000,13.47351000,1684137599999,369909.46458960,508,5.63800000,154788.44282150,0
1684137600000,27420.66000000,27452.26000000,27398.90000000,27439.65000000,4.41441000,1684141199999,121053.50275240,317,2.90269000,79593.02973820,0
1684141200000,27444.71000000,27494.00000000,27346.60000000,27400.99000000,7.87965000,1684144799999,215927.55500150,453,4.27222000,117075.27410520,0
1684144800000,27405.42000000,27438.36000000,27364.70000000,27431.68000000,7.38116000,1684148399999,202338.12384750,303,4.67242000,128082.70314950,0
1684148400000,27428.25000000,27464.38000000,27328.44000000,27345.05000000,9.39527000,1684151999999,257331.57963110,446,3.39384000,92984.32192870,0
1684152000000,27343.29000000,27415.60000000,27343.29000000,27403.09000000,16.98863000,1684155599999,464937.58522500,513,12.16271000,332879.38409100,0
1684155600000,27403.09000000,27460.44000000,27358.99000000,27376.23000000,8.02674000,1684159199999,219923.16691220,493,2.86851000,78596.50897430,0
1684159200000,27381.03000000,27542.28000000,27250.00000000,27411.94000000,134.47534000,1684162799999,3673809.08745050,1949,28.04893000,767211.96559020,0
1684162800000,27416.03000000,27459.33000000,27376.04000000,27410.30000000,14.49300000,1684166399999,397445.67234440,585,7.00611000,192125.95476490,0
1684166400000,27410.61000000,27588.32000000,27386.88000000,27490.52000000,21.77189000,1684169999999,598212.65375200,816,10.89924000,299531.72277320,0
1684170000000,27505.77000000,27676.26000000,27429.92000000,27512.41000000,21.72028000,1684173599999,598760.07265500,855,12.30165000,339106.28328570,0
1684173600000,27518.67000000,27535.62000000,27395.91000000,27443.76000000,13.06242000,1684177199999,358509.74270400,497,4.07655000,111861.50125570,0
1684177200000,27452.73000000,27456.61000000,27335.10000000,27419.34000000,14.10562000,1684180799999,386502.49623190,573,9.49646000,260213.39736040,0
1684180800000,27425.27000000,27425.27000000,27344.60000000,27358.12000000,6.75090000,1684184399999,184801.14851310,296,4.52074000,123760.33977790,0
1684184400000,27357.34000000,27389.08000000,27326.74000000,27374.78000000,11.40257000,1684187999999,311904.39472340,399,6.31766000,172828.66956780,0
1684188000000,27371.64000000,27378.68000000,27266.34000000,27313.61000000,12.42403000,1684191599999,339492.74873240,603,7.13377000,194963.55116330,0
1684191600000,27314.47000000,27322.06000000,27152.22000000,27163.94000000,76.93306000,1684195199999,2093401.17142030,977,6.36939000,173597.94327560,0
1684195200000,27168.75000000,27301.32000000,27091.25000000,27211.37000000,31.27763000,1684198799999,849764.44078240,707,7.20171000,195883.67945030,0
1684198800000,27212.40000000,27260.37000000,26865.27000000,27027.86000000,39.08062000,1684202399999,1055167.45136970,1403,17.91725000,484015.44693160,0
1684202400000,27031.42000000,27094.64000000,26983.96000000,27088.34000000,9.37350000,1684205999999,253364.72139690,423,4.76454000,128783.39391030,0
1684206000000,27091.08000000,27154.58000000,27058.41000000,27139.11000000,9.76510000,1684209599999,264744.87609780,416,4.83943000,131196.96842870,0
1684209600000,27142.78000000,27152.19000000,27090.57000000,27123.91000000,2.68370000,1684213199999,72764.63941130,196,1.23556000,33500.86333180,0
1684213200000,27135.64000000,27165.69000000,27041.14000000,27068.84000000,7.03599000,1684216799999,190612.43208320,324,5.06721000,137220.88819200,0
1684216800000,27069.84000000,27093.56000000,27004.42000000,27080.25000000,7.65511000,1684220399999,207038.85947320,298,4.34437000,117516.64731040,0
1684220400000,27075.07000000,27268.55000000,27072.23000000,27266.47000000,12.03820000,1684223999999,327513.24704550,476,6.06611000,165046.43450750,0
1684224000000,27262.54000000,27293.84000000,27165.25000000,27209.32000000,15.10755000,1684227599999,411274.26910670,588,6.84720000,186419.09020220,0
1684227600000,27209.32000000,27227.48000000,27082.62000000,27096.16000000,15.77525000,1684231199999,428081.76884540,522,7.42353000,201385.22920940,0
1684231200000,27095.56000000,27117.70000000,27006.57000000,27016.82000000,36.26014000,1684234799999,980357.57323450,574,6.46306000,174840.72660590,0
1684234800000,27023.00000000,27133.72000000,27007.00000000,27067.08000000,16.61082000,1684238399999,449683.09728240,565,4.86927000,131775.09637430,0
1684238400000,27070.50000000,27141.44000000,27000.00000000,27070.41000000,21.22430000,1684241999999,574394.00720910,782,9.66029000,261613.11904900,0
1684242000000,27066.19000000,27130.43000000,26987.93000000,26990.12000000,31.82578000,1684245599999,860120.01803740,953,8.70021000,235340.22780790,0
1684245600000,26987.99000000,27048.98000000,26913.55000000,26985.59000000,106.66648000,1684249199999,2875538.12941330,1669,14.59222000,393709.70271200,0
1684249200000,26994.72000000,27089.55000000,26985.98000000,27043.11000000,21.52008000,1684252799999,581820.74063680,716,17.66817000,477668.02129220,0
1684252800000,27043.11000000,27173.44000000,26981.07000000,27055.13000000,13.66584000,1684256399999,369557.81671970,591,7.11124000,192300.26449540,0
1684256400000,27060.34000000,27103.40000000,26966.10000000,27088.89000000,13.29673000,1684259999999,359575.17923490,601,8.28956000,224141.43006230,0
1684260000000,27100.91000000,27122.80000000,27000.58000000,27057.05000000,13.10266000,1684263599999,354332.26707990,574,7.20138000,194726.85705350,0
1684263600000,27064.04000000,27077.55000000,26900.00000000,26939.76000000,45.34082000,1684267199999,1221352.17495860,901,10.48329000,282850.89236510,0
1684267200000,26935.63000000,26994.76000000,26900.06000000,26956.94000000,10.80687000,1684270799999,291377.89715110,434,7.68135000,207118.60076730,0
1684270800000,26957.04000000,27060.71000000,26927.41000000,27015.69000000,13.64300000,1684274399999,368417.89524170,515,7.05334000,190513.14154690,0
1684274400000,27015.62000000,27044.04000000,26978.60000000,27000.19000000,8.28839000,1684277999999,223824.09832190,331,6.82074000,184181.12229830,0
1684278000000,27000.37000000,27052.99000000,26975.00000000,27036.82000000,24.69695000,1684281599999,666587.37463400,412,9.90439000,267509.65436420,0
1684281600000,27037.68000000,27117.32000000,26986.77000000,27105.04000000,8.46972000,1684285199999,229194.22434950,454,6.12278000,165712.63618370,0
1684285200000,27104.97000000,27235.76000000,27064.31000000,27174.69000000,18.00107000,1684288799999,488690.75968210,731,12.63015000,342833.99685460,0
1684288800000,27176.04000000,27192.89000000,27064.43000000,27069.38000000,6.09801000,1684292399999,165407.58309320,319,3.25217000,88192.86520390,0
1684292400000,27065.87000000,27135.39000000,27043.27000000,27065.10000000,9.26418000,1684295999999,250982.70043440,345,5.69216000,154193.70615710,0
1684296000000,27065.10000000,27101.72000000,27054.15000000,27077.60000000,5.92184000,1684299599999,160319.76566550,262,3.66796000,99315.24510520,0
1684299600000,27076.80000000,27076.80000000,26988.44000000,27005.54000000,7.49952000,1684303199999,202650.18485100,436,4.50833000,121829.27912980,0
1684303200000,26991.98000000,27009.63000000,26937.67000000,26996.75000000,37.56981000,1684306799999,1012876.37424190,528,7.15194000,192884.14831100,0
1684306800000,27003.02000000,27040.74000000,26780.00000000,26860.15000000,131.80913000,1684310399999,3541176.06860290,1419,9.66243000,259844.71465790,0
1684310400000,26841.21000000,26868.58000000,26783.28000000,26808.84000000,12.74735000,1684313999999,341852.64098360,423,9.88968000,265175.22485730,0
1684314000000,26814.47000000,26879.98000000,26804.38000000,26877.58000000,6.34326000,1684317599999,170273.57773500,208,5.55115000,149009.23736390,0
1684317600000,26871.16000000,26914.56000000,26840.00000000,26869.72000000,8.34319000,1684321199999,224160.89339190,401,3.83599000,103060.86840650,0
1684321200000,26869.71000000,26869.71000000,26577.47000000,26636.76000000,28.76905000,1684324799999,768554.77928350,1138,13.37612000,357139.10176210,0
1684324800000,26634.21000000,26762.75000000,26615.63000000,26675.54000000,30.06674000,1684328399999,802499.15239140,857,14.56819000,388854.81610530,0
1684328400000,26674.81000000,26758.85000000,26593.20000000,26626.40000000,36.40452000,1684331999999,972713.68836720,920,25.65211000,685627.59853950,0
1684332000000,26636.62000000,26831.54000000,26548.22000000,26780.36000000,31.64680000,1684335599999,844663.38432640,1148,16.55006000,441592.03265180,0
1684335600000,26789.29000000,26837.17000000,26714.86000000,26798.79000000,14.76403000,1684339199999,395405.47094730,647,8.63744000,231338.72042790,0
1684339200000,26799.34000000,26951.72000000,26748.31000000,26912.01000000,21.35733000,1684342799999,573200.94271760,844,14.47242000,388405.88558290,0
1684342800000,26913.06000000,27171.37000000,26861.43000000,27089.46000000,29.05843000,1684346399999,784505.82717780,880,14.93808000,403129.49560130,0
1684346400000,27092.18000000,27199.99000000,27068.08000000,27100.84000000,29.02669000,1684349999999,787951.80435860,885,20.83058000,565509.24316050,0
1684350000000,27106.73000000,27444.79000000,27106.73000000,27382.42000000,48.75555000,1684353599999,1332837.54252230,1446,31.94520000,872882.27080900,0
1684353600000,27385.85000000,27469.23000000,27277.60000000,27333.75000000,26.77231000,1684357199999,732384.05973890,835,15.80767000,432479.72147020,0
1684357200000,27353.19000000,27506.89000000,27276.26000000,27365.79000000,32.62958000,1684360799999,893186.28811380,826,20.89406000,572047.30995700,0
1684360800000,27380.60000000,27385.26000000,27303.56000000,27330.75000000,5.23628000,1684364399999,143144.20481220,298,2.71860000,74307.01088160,0
1684364400000,27346.40000000,27428.04000000,27346.40000000,27403.40000000,6.63924000,1684367999999,181910.91754920,339,2.49509000,68351.98104240,0
1684368000000,27412.16000000,27482.25000000,27355.30000000,27359.17000000,11.34391000,1684371599999,310846.65647700,565,5.57637000,152811.25685160,0
1684371600000,27380.04000000,27393.92000000,27309.10000000,27329.63000000,6.52432000,1684375199999,178483.60709600,268,4.16542000,113951.31001890,0
1684375200000,27335.32000000,27385.00000000,27295.94000000,27350.96000000,6.32356000,1684378799999,172837.89521420,271,3.67966000,100565.56116430,0
1684378800000,27354.09000000,27381.93000000,27331.64000000,27361.13000000,7.22934000,1684382399999,197791.48124610,323,5.21986000,142807.07196140,0
1684382400000,27363.42000000,27368.99000000,27298.63000000,27305.24000000,5.20339000,1684385999999,142186.07540080,230,2.01322000,55002.99060610,0
1684386000000,27301.98000000,27321.42000000,27221.71000000,27224.03000000,6.16359000,1684389599999,168150.13647020,321,2.81139000,76696.04172330,0
1684389600000,27232.63000000,27251.82000000,27154.66000000,27219.92000000,9.19761000,1684393199999,250194.09294220,426,4.66778000,126967.01589460,0
1684393200000,27219.29000000,27450.84000000,27201.60000000,27400.96000000,16.14770000,1684396799999,441443.83426320,898,9.70435000,265194.56977750,0
1684396800000,27393.20000000,27440.67000000,27348.74000000,27391.76000000,9.49832000,1684400399999,260202.14814010,617,5.59427000,153231.67812640,0
1684400400000,27395.45000000,27427.13000000,27355.34000000,27396.36000000,8.79919000,1684403999999,241018.61939720,345,5.14735000,140984.52079500,0
1684404000000,27410.36000000,27423.65000000,27339.14000000,27351.94000000,9.96494000,1684407599999,273055.42378370,371,2.09641000,57397.97145660,0
1684407600000,27342.56000000,27399.52000000,27342.56000000,27396.15000000,2.87356000,1684411199999,78653.77570330,243,1.73880000,47594.60386680,0
1684411200000,27401.60000000,27470.11000000,27226.21000000,27228.46000000,18.71785000,1684414799999,511693.04268970,1078,9.16641000,250668.72425020,0
1684414800000,27227.64000000,27280.26000000,27177.88000000,27262.97000000,15.72491000,1684418399999,428101.44224280,610,7.45614000,203030.16267140,0
1684418400000,27258.76000000,27404.70000000,27016.84000000,27243.70000000,27.50667000,1684421999999,749537.98520260,1252,13.91792000,379268.03949870,0
1684422000000,27249.20000000,27304.67000000,27050.98000000,27081.18000000,14.24241000,1684425599999,386924.84550520,732,6.94338000,188730.13762930,0
1684425600000,27083.06000000,27109.49000000,26989.96000000,27072.28000000,19.98461000,1684429199999,540930.15825850,780,9.88788000,267673.87987300,0
1684429200000,27066.53000000,27090.45000000,26373.03000000,26487.71000000,62.81537000,1684432799999,1680201.73180400,2578,26.78797000,716307.74530810,0
1684432800000,26484.18000000,26652.65000000,26425.52000000,26620.93000000,27.40910000,1684436399999,727771.26199660,1129,11.94476000,317148.85625870,0
1684436400000,26614.92000000,26846.39000000,26579.79000000,26741.10000000,22.01641000,1684439999999,588437.86389650,975,13.78696000,368433.75626530,0
1684440000000,26735.06000000,26773.04000000,26694.39000000,26724.26000000,6.43297000,1684443599999,172000.75060910,343,4.29012000,114704.98533760,0
1684443600000,26729.25000000,27074.14000000,26729.25000000,26926.82000000,35.09231000,1684447199999,945336.50867130,1028,13.70757000,369096.60155760,0
1684447200000,26920.18000000,26944.08000000,26846.97000000,26890.28000000,6.70268000,1684450799999,180291.95829400,373,2.81557000,75711.40983270,0
1684450800000,26893.70000000,26894.32000000,26814.39000000,26825.36000000,7.47213000,1684454399999,200689.29512120,308,4.65728000,125075.68313910,0
1684454400000,26821.55000000,26923.90000000,26800.01000000,26891.47000000,5.47774000,1684457999999,147148.41069720,401,3.04763000,81886.13122880,0
1684458000000,26891.21000000,26911.45000000,26753.68000000,26809.06000000,9.68989000,1684461599999,259772.29335170,390,3.88728000,104206.49413750,0
1684461600000,26810.00000000,26850.60000000,26767.89000000,26803.17000000,4.60444000,1684465199999,123437.15274680,304,2.22748000,59710.63355740,0
1684465200000,26811.21000000,26877.97000000,26775.07000000,26838.12000000,10.29929000,1684468799999,276381.36663730,391,8.24447000,221225.49013340,0
1684468800000,26837.95000000,26877.05000000,26811.07000000,26875.97000000,2.80692000,1684472399999,75331.48510320,191,1.73291000,46503.98500730,0
1684472400000,26871.72000000,26893.14000000,26829.66000000,26881.70000000,4.16332000,1684475999999,111856.61228560,325,2.14794000,57703.97964430,0
1684476000000,26879.54000000,26938.73000000,26870.23000000,26909.69000000,6.26991000,1684479599999,168740.35766060,448,4.26435000,114767.77126900,0
1684479600000,26905.97000000,26964.69000000,26851.73000000,26860.61000000,10.51292000,1684483199999,282741.15359730,820,6.89803000,185489.72051060,0
1684483200000,26861.54000000,26936.51000000,26844.42000000,26893.86000000,15.11657000,1684486799999,406654.54184960,736,3.31012000,89017.82190190,0
1684486800000,26893.29000000,26910.24000000,26825.34000000,26848.17000000,5.80337000,1684490399999,155874.10893510,453,2.91002000,78156.04327820,0
1684490400000,26849.32000000,26882.67000000,26800.01000000,26825.66000000,26.08939000,1684493999999,700715.90948760,496,3.89945000,104701.15019660,0
1684494000000,26828.80000000,26880.33000000,26805.33000000,26864.38000000,4.20724000,1684497599999,112923.67240330,306,2.72949000,73269.55258920,0
1684497600000,26862.91000000,26984.64000000,26854.94000000,26911.79000000,15.23567000,1684501199999,410402.66669990,663,8.63826000,232718.33006110,0
1684501200000,26922.09000000,26952.90000000,26849.50000000,26876.28000000,11.04238000,1684504799999,297160.00774580,548,6.06494000,163225.62245510,0
1684504800000,26869.31000000,26874.44000000,26762.20000000,26839.05000000,19.78996000,1684508399999,530728.67950720,788,14.10184000,378173.58468840,0
1684508400000,26839.26000000,27178.78000000,26643.72000000,26888.26000000,68.29228000,1684511999999,1836800.45625780,2953,31.53345000,848665.44260570,0
1684512000000,26889.74000000,26967.30000000,26808.40000000,26846.79000000,38.63342000,1684515599999,1038087.64243830,1014,23.97316000,643900.21962590,0
1684515600000,26846.74000000,26980.37000000,26832.25000000,26922.25000000,14.85009000,1684519199999,399447.88389860,583,3.94504000,106181.56227370,0
1684519200000,26924.67000000,26943.58000000,26877.58000000,26900.45000000,11.88482000,1684522799999,319769.69227210,457,7.03466000,189258.35031290,0
1684522800000,26890.97000000,26890.97000000,26785.60000000,26848.28000000,5.52716000,1684526399999,148350.52653330,358,2.40222000,64476.96976700,0
1684526400000,26843.81000000,26880.17000000,26814.78000000,26842.93000000,3.87966000,1684529999999,104169.60101600,243,1.62458000,43613.43896170,0
1684530000000,26840.30000000,26912.53000000,26836.95000000,26908.56000000,5.31024000,1684533599999,142716.47218960,235,1.95369000,52509.24698600,0
1684533600000,26906.75000000,26934.16000000,26866.70000000,26878.29000000,6.42763000,1684537199999,172840.43870360,277,1.12522000,30263.64376030,0
1684537200000,26878.75000000,26905.93000000,26870.79000000,26892.38000000,3.41749000,1684540799999,91882.35003470,197,1.57826000,42435.94497880,0
1684540800000,26887.49000000,26925.40000000,26831.74000000,26854.24000000,13.96045000,1684544399999,375086.00047190,513,1.92024000,51622.16003090,0
1684544400000,26854.92000000,26898.71000000,26854.92000000,26868.57000000,3.02023000,1684547999999,81149.08795170,151,1.23113000,33081.74680690,0
1684548000000,26864.49000000,26880.05000000,26842.57000000,26848.03000000,2.48343000,1684551599999,66705.88090780,132,0.49852000,13391.28850200,0
1684551600000,26848.99000000,26888.38000000,26847.66000000,26873.79000000,9.01656000,1684555199999,242240.15085330,319,0.66232000,17794.05433440,0
1684555200000,26872.38000000,26885.50000000,26860.11000000,26885.50000000,3.20147000,1684558799999,86035.13123930,171,0.82102000,22062.26654060,0
1684558800000,26883.57000000,26885.50000000,26854.68000000,26873.14000000,8.12867000,1684562399999,218410.57031220,333,0.70474000,18935.42938900,0
1684562400000,26873.66000000,26880.91000000,26846.92000000,26864.92000000,12.07028000,1684565999999,324236.91646580,413,0.46303000,12439.51859530,0
1684566000000,26862.28000000,26866.82000000,26847.32000000,26862.60000000,3.71459000,1684569599999,99769.97122230,299,2.61290000,70181.05467750,0
1684569600000,26859.52000000,26923.03000000,26859.52000000,26918.68000000,3.83106000,1684573199999,103008.53899170,180,1.96372000,52792.88353580,0
1684573200000,26918.71000000,26918.71000000,26875.43000000,26886.30000000,3.36502000,1684576799999,90513.09621350,149,1.09434000,29429.92196120,0
1684576800000,26888.91000000,26907.32000000,26883.20000000,26891.45000000,7.04366000,1684580399999,189418.35613220,256,3.74583000,100725.74450530,0
1684580400000,26893.70000000,26907.33000000,26876.00000000,26885.83000000,1.83542000,1684583999999,49350.39708730,113,0.76844000,20666.10000180,0
1684584000000,26886.15000000,26953.69000000,26886.15000000,26904.80000000,9.28380000,1684587599999,249870.48354430,340,7.65429000,206008.02742220,0
1684587600000,26905.68000000,26923.55000000,26885.84000000,26896.73000000,6.46482000,1684591199999,173885.28375540,263,3.20353000,86164.35719470,0
1684591200000,26896.73000000,26934.63000000,26895.80000000,26929.50000000,2.29322000,1684594799999,61718.81279560,346,1.22930000,33083.83782430,0
1684594800000,26928.70000000,26984.37000000,26900.00000000,26955.84000000,7.70718000,1684598399999,207627.28276530,559,2.65948000,71658.83353810,0
1684598400000,26950.09000000,26958.51000000,26925.69000000,26925.72000000,2.16371000,1684601999999,58286.66050840,133,1.11374000,30003.50203080,0
1684602000000,26928.26000000,27148.81000000,26927.49000000,27139.23000000,13.18687000,1684605599999,356768.26121720,640,7.62945000,206433.57658950,0
1684605600000,27146.58000000,27156.08000000,27036.34000000,27038.40000000,6.91072000,1684609199999,187313.25073210,397,2.59551000,70345.14566240,0
1684609200000,27042.21000000,27087.06000000,26982.82000000,27075.47000000,8.88966000,1684612799999,240386.57845360,434,4.25197000,114968.99760480,0
1684612800000,27074.72000000,27100.42000000,27012.44000000,27018.44000000,4.13491000,1684616399999,111875.75420810,242,1.19049000,32214.59370080,0
1684616400000,27021.21000000,27059.67000000,26972.88000000,27041.88000000,4.63829000,1684619999999,125306.61393400,234,3.17187000,85695.38941080,0
1684620000000,27044.06000000,27077.68000000,27023.20000000,27074.70000000,2.79824000,1684623599999,75690.22289530,149,1.25512000,33947.08800000,0
1684623600000,27071.93000000,27137.73000000,27057.93000000,27114.58000000,9.22214000,1684627199999,249838.97867570,329,2.69132000,72897.10255320,0
1684627200000,27111.31000000,27286.51000000,27074.45000000,27245.69000000,13.09421000,1684630799999,356039.39111210,576,5.39257000,146667.31438340,0
1684630800000,27257.47000000,27260.93000000,27158.30000000,27172.30000000,10.96447000,1684634399999,298340.43824730,482,1.83650000,49961.17305950,0
1684634400000,27172.47000000,27195.60000000,27157.09000000,27185.00000000,5.00102000,1684637999999,135922.30758520,169,1.91691000,52103.20086970,0
1684638000000,27183.89000000,27206.00000000,27170.07000000,27186.90000000,7.39164000,1684641599999,200934.38490570,173,2.82186000,76723.71177800,0
1684641600000,27190.49000000,27197.95000000,27131.60000000,27137.24000000,4.67181000,1684645199999,126943.21948690,177,2.69736000,73313.71262570,0
1684645200000,27140.57000000,27149.09000000,27097.92000000,27107.91000000,2.43693000,1684648799999,66093.31360550,158,1.56740000,42512.75451050,0
1684648800000,27106.70000000,27111.31000000,27072.70000000,27094.55000000,2.77130000,1684652399999,75098.77735420,163,1.45458000,39409.43682490,0
1684652400000,27094.54000000,27095.17000000,27057.76000000,27062.74000000,3.07060000,1684655999999,83133.10153990,366,1.35419000,36663.05694700,0
1684656000000,27064.47000000,27079.70000000,27036.93000000,27054.04000000,1.90431000,1684659599999,51524.84166520,140,1.01568000,27481.71459910,0
1684659600000,27054.03000000,27086.30000000,27039.26000000,27084.35000000,2.42860000,1684663199999,65718.58797580,134,2.08193000,56333.03185720,0
1684663200000,27086.31000000,27096.25000000,26904.52000000,26967.60000000,8.05403000,1684666799999,217310.48225540,451,2.95449000,79683.58652900,0
1684666800000,26964.96000000,26964.96000000,26788.20000000,26845.16000000,18.27971000,1684670399999,491314.35262690,768,9.17346000,246612.21799040,0
1684670400000,26842.00000000,26957.12000000,26820.57000000,26943.50000000,9.06129000,1684673999999,243409.40053240,467,4.63770000,124621.59879990,0
1684674000000,26947.12000000,26948.44000000,26902.30000000,26908.58000000,4.89277000,1684677599999,131774.27954630,216,2.19579000,59135.04793530,0
1684677600000,26904.80000000,26984.46000000,26891.71000000,26906.80000000,5.10922000,1684681199999,137691.69334830,318,3.17426000,85553.24126690,0
1684681200000,26908.70000000,26990.29000000,26824.11000000,26907.83000000,11.69919000,1684684799999,314756.06761470,541,5.08434000,136757.05469140,0
1684684800000,26913.80000000,26929.29000000,26866.27000000,26894.82000000,12.11189000,1684688399999,325749.43824580,445,4.70323000,126496.04553040,0
1684688400000,26894.31000000,26949.38000000,26845.61000000,26888.47000000,6.92205000,1684691999999,186132.42313120,412,3.77248000,101441.96549280,0
1684692000000,26881.15000000,26908.24000000,26857.36000000,26880.09000000,7.39622000,1684695599999,198841.72273360,387,4.78145000,128549.14613290,0
1684695600000,26883.74000000,26926.54000000,26871.46000000,26909.48000000,5.84743000,1684699199999,157296.08993510,377,3.83894000,103257.82260090,0
1684699200000,26911.37000000,26942.58000000,26832.57000000,26852.13000000,18.21213000,1684702799999,489702.28841470,807,15.62655000,420152.45270890,0
1684702800000,26853.96000000,26857.73000000,26660.67000000,26756.05000000,24.18356000,1684706399999,646815.74750860,1296,10.03720000,268419.34624010,0
1684706400000,26753.55000000,26801.10000000,26746.41000000,26764.09000000,13.59863000,1684709999999,364083.55280720,647,11.89997000,318588.95411130,0
1684710000000,26764.09000000,26811.35000000,26735.06000000,26752.18000000,4.94340000,1684713599999,132362.91836670,378,3.06609000,82114.47377880,0
1684713600000,26751.60000000,26791.34000000,26551.01000000,26664.60000000,29.29459000,1684717199999,780736.06835960,1144,18.12826000,483251.10363890,0
1684717200000,26656.40000000,26689.94000000,26572.50000000,26581.84000000,17.43168000,1684720799999,464324.14878360,786,13.83017000,368382.64500550,0
1684720800000,26579.32000000,26668.44000000,26540.86000000,26653.54000000,25.28051000,1684724399999,672768.62533470,807,18.81117000,500674.61993250,0
1684724400000,26655.44000000,26679.65000000,26639.48000000,26654.04000000,24.51126000,1684727999999,653444.35389810,553,19.16021000,510798.69652680,0
1684728000000,26651.75000000,26733.15000000,26648.40000000,26704.51000000,26.38666000,1684731599999,704233.34577220,465,8.31904000,221972.99780350,0
1684731600000,26706.86000000,26807.67000000,26706.86000000,26763.50000000,6.36486000,1684735199999,170291.31811840,272,3.80244000,101730.42421010,0
1684735200000,26769.23000000,26917.76000000,26765.50000000,26826.02000000,14.56491000,1684738799999,391154.57824750,686,9.09211000,244102.27615210,0
1684738800000,26830.96000000,26880.31000000,26796.70000000,26852.09000000,12.30274000,1684742399999,330099.70366500,424,5.91057000,158593.78335790,0
1684742400000,26852.09000000,26904.22000000,26832.56000000,26832.56000000,11.98854000,1684745999999,322225.15848460,393,10.25779000,275731.53838700,0
1684746000000,26832.75000000,26891.77000000,26832.75000000,26867.83000000,8.11106000,1684749599999,217901.28197030,296,3.73454000,100306.47736800,0
1684749600000,26869.04000000,26882.20000000,26804.98000000,26836.60000000,6.14482000,1684753199999,164970.53248050,253,2.85934000,76770.24728680,0
1684753200000,26837.09000000,26837.09000000,26773.28000000,26829.40000000,6.39367000,1684756799999,171374.75849400,259,3.04737000,81675.61111790,0
1684756800000,26829.65000000,26878.56000000,26733.19000000,26735.78000000,17.99675000,1684760399999,482795.13989010,509,11.17236000,299832.96991120,0
1684760400000,26735.78000000,27103.06000000,26706.87000000,27013.86000000,52.14514000,1684763999999,1404442.16398550,1446,35.47786000,956202.48642570,0
1684764000000,27019.71000000,27052.22000000,26777.07000000,26956.63000000,52.60260000,1684767599999,1416291.38940320,1748,42.43918000,1142653.12223210,0
1684767600000,26964.00000000,26981.16000000,26825.19000000,26893.43000000,17.23094000,1684771199999,463226.47479490,732,11.16282000,300059.26478040,0
1684771200000,26881.46000000,26930.16000000,26841.27000000,26882.69000000,13.94694000,1684774799999,374867.43728950,548,10.58925000,284615.01238120,0
1684774800000,26882.68000000,26904.66000000,26789.55000000,26856.89000000,26.65462000,1684778399999,715262.34709270,854,20.52888000,550845.71468850,0
1684778400000,26857.32000000,26939.79000000,26844.34000000,26883.01000000,24.54144000,1684781999999,659997.32545160,743,22.02891000,592423.09096720,0
1684782000000,26896.26000000,26896.26000000,26824.60000000,26864.56000000,13.87342000,1684785599999,372563.22713690,495,11.63582000,312472.12438830,0
1684785600000,26865.93000000,26937.10000000,26836.26000000,26898.78000000,37.10627000,1684789199999,996538.27858660,538,32.57655000,874859.48839250,0
1684789200000,26902.21000000,26959.95000000,26885.10000000,26905.41000000,12.36421000,1684792799999,332837.91056120,343,10.25160000,275986.30303140,0
1684792800000,26897.59000000,26916.80000000,26878.00000000,26880.84000000,6.17767000,1684796399999,166159.17983640,185,5.25073000,141229.92783180,0
1684796400000,26877.47000000,26890.14000000,26836.86000000,26858.00000000,17.19645000,1684799999999,461882.00410520,454,15.27118000,410169.39268760,0
1684800000000,26858.50000000,26945.66000000,26808.71000000,26823.76000000,14.93983000,1684803599999,401396.64033240,522,11.15566000,299697.59316470,0
1684803600000,26831.92000000,27116.95000000,26811.80000000,26997.18000000,39.35237000,1684807199999,1059968.58777820,1115,30.23825000,814351.95809820,0
1684807200000,27010.99000000,27173.75000000,27005.40000000,27136.15000000,16.69349000,1684810799999,451883.49988850,648,7.79534000,210995.11418620,0
1684810800000,27134.88000000,27432.16000000,27127.50000000,27370.97000000,56.74213000,1684814399999,1546917.27540050,1642,40.19004000,1095358.75436470,0
1684814400000,27369.19000000,27441.81000000,27351.64000000,27388.75000000,38.83471000,1684817999999,1063267.19385940,813,28.51442000,780611.82980490,0
1684818000000,27387.33000000,27512.01000000,27376.41000000,27394.49000000,22.26939000,1684821599999,610502.06498930,818,12.54207000,343814.53120900,0
1684821600000,27400.56000000,27430.65000000,27289.77000000,27294.82000000,9.11760000,1684825199999,249286.74516290,508,5.32062000,145471.55926900,0
1684825200000,27312.85000000,27331.27000000,27212.90000000,27302.84000000,18.51970000,1684828799999,505322.46883930,644,14.99705000,409241.54925190,0
1684828800000,27310.94000000,27341.68000000,27260.98000000,27338.06000000,9.69157000,1684832399999,264608.55077200,420,5.97652000,163193.47185770,0
1684832400000,27339.58000000,27343.18000000,27272.71000000,27278.91000000,8.76677000,1684835999999,239311.79526830,387,6.15635000,168042.51061490,0
1684836000000,27278.90000000,27343.24000000,27256.77000000,27329.74000000,6.24309000,1684839599999,170431.66147270,293,3.93073000,107315.42376420,0
1684839600000,27336.46000000,27352.48000000,27283.28000000,27339.88000000,8.57091000,1684843199999,234188.22080400,396,3.86342000,105549.51290280,0
1684843200000,27342.35000000,27389.55000000,27242.17000000,27284.59000000,17.96568000,1684846799999,491050.29579160,838,11.13986000,304537.28337360,0
1684846800000,27286.15000000,27311.70000000,27182.01000000,27239.17000000,14.63215000,1684850399999,398766.61229660,842,8.56837000,233545.32622540,0
1684850400000,27239.17000000,27362.08000000,27237.66000000,27319.57000000,15.76969000,1684853999999,430601.06060550,721,7.22958000,197339.99663180,0
1684854000000,27322.74000000,27364.81000000,27292.83000000,27325.33000000,14.19987000,1684857599999,387963.45500570,497,4.01003000,109553.84919630,0
1684857600000,27333.03000000,27334.22000000,27202.39000000,27231.56000000,16.42324000,1684861199999,447769.74248280,593,5.09936000,138994.22022940,0
1684861200000,27234.96000000,27277.19000000,27191.60000000,27203.34000000,12.29723000,1684864799999,334736.46298080,387,7.18539000,195558.13099620,0
1684864800000,27202.62000000,27226.35000000,27125.60000000,27142.30000000,20.69587000,1684868399999,562247.99376290,687,17.10434000,464680.47963690,0
1684868400000,27141.67000000,27226.51000000,27095.78000000,27184.02000000,23.90169000,1684871999999,649772.85417930,600,11.72987000,318786.47734890,0
1684872000000,27193.25000000,27247.12000000,27155.80000000,27218.53000000,19.23377000,1684875599999,523086.79379140,573,6.83520000,185960.58647000,0
1684875600000,27216.52000000,27243.63000000,27191.63000000,27205.47000000,10.56501000,1684879199999,287557.21112550,292,8.20518000,223368.05331700,0
1684879200000,27201.35000000,27224.17000000,27176.06000000,27196.69000000,5.70124000,1684882799999,155072.29658150,250,2.63020000,71544.10204500,0
1684882800000,27198.55000000,27255.27000000,27194.97000000,27224.51000000,3.88340000,1684886399999,105704.95814760,205,2.02944000,55243.52722630,0
1684886400000,27224.10000000,27224.10000000,27138.33000000,27159.61000000,13.83680000,1684889999999,375725.44227820,371,4.81345000,130790.92841900,0
1684890000000,27159.65000000,27190.71000000,27138.70000000,27141.68000000,6.43293000,1684893599999,174718.21727920,326,3.88442000,105506.71517520,0
1684893600000,27140.02000000,27186.47000000,27116.47000000,27165.48000000,4.98348000,1684897199999,135357.28356470,177,3.71282000,100865.68778290,0
1684897200000,27168.62000000,27168.62000000,26674.34000000,26788.95000000,54.68859000,1684900799999,1468658.01354090,1839,24.76106000,664489.96704060,0
1684900800000,26790.77000000,26813.67000000,26710.78000000,26811.12000000,24.12502000,1684904399999,645741.46763420,780,17.42677000,466449.22678250,0
1684904400000,26805.69000000,26832.75000000,26727.16000000,26779.56000000,15.11123000,1684907999999,404618.97339270,554,9.53237000,255199.75897360,0
1684908000000,26779.28000000,26779.28000000,26619.00000000,26714.67000000,13.61371000,1684911599999,363682.58402940,604,9.13810000,244178.85681420,0
1684911600000,26714.85000000,26757.58000000,26648.71000000,26687.73000000,32.48591000,1684915199999,867857.78480210,848,26.10574000,697366.55104140,0
1684915200000,26681.62000000,26758.59000000,26672.96000000,26737.03000000,8.22849000,1684918799999,219907.02766210,396,4.41690000,118061.71925820,0
1684918800000,26750.27000000,26843.27000000,26737.53000000,26749.63000000,39.04754000,1684922399999,1045687.62580580,900,29.22427000,782583.95586000,0
1684922400000,26749.63000000,26770.94000000,26716.23000000,26730.72000000,14.26349000,1684925999999,381298.90738220,440,11.00686000,294240.38200760,0
1684926000000,26730.72000000,26767.45000000,26686.93000000,26745.60000000,25.00870000,1684929599999,668395.44273250,730,21.45674000,573489.49236660,0
1684929600000,26745.60000000,26745.60000000,26670.80000000,26696.54000000,56.11656000,1684933199999,1499060.97612780,1100,46.79826000,1250189.44738070,0
1684933200000,26696.68000000,26711.97000000,26262.11000000,26448.54000000,85.07497000,1684936799999,2259128.63149930,1835,41.89760000,1112777.02529730,0
1684936800000,26437.94000000,26446.61000000,26152.22000000,26263.64000000,64.16346000,1684940399999,1688431.75763200,2104,39.28436000,1033968.99594850,0
1684940400000,26255.72000000,26375.81000000,26084.60000000,26305.44000000,72.99772000,1684943999999,1917230.57344330,1946,56.98544000,1497232.36516800,0
1684944000000,26312.47000000,26324.44000000,26167.74000000,26231.18000000,47.20515000,1684947599999,1238188.02684910,1052,14.33883000,376084.09118830,0
1684947600000,26238.39000000,26357.87000000,26170.27000000,26280.57000000,23.02832000,1684951199999,605020.41402610,846,15.93469000,418593.65535860,0
1684951200000,26280.61000000,26325.77000000,26216.08000000,26216.08000000,18.35332000,1684954799999,482055.91058660,611,10.86288000,285319.96009860,0
1684954800000,26218.85000000,26389.44000000,26204.11000000,26239.65000000,46.92455000,1684958399999,1232614.07506440,985,41.74788000,1096513.75247050,0
1684958400000,26247.31000000,26481.89000000,26240.18000000,26403.47000000,43.84019000,1684961999999,1155696.11171250,1070,38.07524000,1003712.31049880,0
1684962000000,26403.92000000,26465.73000000,26312.95000000,26363.88000000,26.55183000,1684965599999,701484.69675090,562,24.13316000,637641.71921820,0
1684965600000,26367.33000000,26402.74000000,26311.69000000,26344.34000000,6.84837000,1684969199999,180450.80476450,304,5.14019000,135444.79271420,0
1684969200000,26358.07000000,26390.80000000,26319.60000000,26328.10000000,4.38351000,1684972799999,115472.48733070,211,2.88525000,76004.08023780,0
1684972800000,26327.09000000,26390.09000000,26198.53000000,26230.25000000,21.71095000,1684976399999,571425.78505230,629,18.35324000,483197.44206880,0
1684976400000,26235.11000000,26313.97000000,25877.00000000,26116.42000000,34.26629000,1684979999999,892430.72185520,1563,15.22690000,396921.85483440,0
1684980000000,26120.21000000,26142.18000000,26055.54000000,26123.97000000,5.82442000,1684983599999,152032.03213560,285,3.83011000,99976.49609940,0
1684983600000,26127.84000000,26224.40000000,26127.84000000,26188.05000000,10.76821000,1684987199999,281839.27535930,407,4.89170000,128070.54256670,0
1684987200000,26178.28000000,26268.77000000,26148.53000000,26228.63000000,15.09165000,1684990799999,395460.70683110,480,11.92181000,312426.66596160,0
1684990800000,26224.41000000,26272.88000000,26213.50000000,26257.15000000,5.84494000,1684994399999,153366.69367480,252,3.10217000,81402.01845210,0
1684994400000,26264.33000000,26294.31000000,26220.50000000,26259.54000000,7.28170000,1684997999999,191271.14648440,302,5.32930000,139979.47071140,0
1684998000000,26261.66000000,26262.70000000,26126.00000000,26133.42000000,13.98700000,1685001599999,366312.85112640,615,6.48274000,169823.19813510,0
1685001600000,26134.22000000,26248.60000000,26118.79000000,26225.08000000,13.27513000,1685005199999,347847.39047260,478,6.49273000,170180.90989160,0
1685005200000,26225.39000000,26281.32000000,26224.31000000,26277.44000000,11.72807000,1685008799999,307926.18909600,372,7.47199000,196193.08673630,0
1685008800000,26281.58000000,26299.80000000,26213.29000000,26239.76000000,11.03437000,1685012399999,289665.71672900,432,6.20655000,162978.82181060,0
1685012400000,26246.69000000,26332.37000000,26205.22000000,26286.64000000,14.76779000,1685015999999,387794.01378950,502,5.73642000,150665.55803530,0
1685016000000,26294.01000000,26494.12000000,26294.01000000,26404.82000000,30.66083000,1685019599999,809420.58481000,1086,20.42216000,539031.13655410,0
1685019600000,26404.32000000,26431.97000000,26268.44000000,26342.36000000,18.67091000,1685023199999,491969.65983660,673,10.22048000,269251.45457500,0
1685023200000,26338.56000000,26420.91000000,26285.36000000,26362.62000000,33.43615000,1685026799999,882072.09920960,994,29.10575000,767864.45537260,0
1685026800000,26363.49000000,26388.29000000,26166.17000000,26226.42000000,18.56768000,1685030399999,487814.43623970,893,11.18543000,293897.98449940,0
1685030400000,26223.84000000,26319.72000000,26207.70000000,26273.41000000,25.61673000,1685033999999,672636.29516410,801,9.95079000,261280.74083220,0
1685034000000,26275.00000000,26396.11000000,26249.91000000,26345.58000000,28.88587000,1685037599999,760044.54967010,822,6.28200000,165375.63304980,0
1685037600000,26359.98000000,26404.64000000,26329.51000000,26374.73000000,14.06557000,1685041199999,370939.09210480,557,9.06948000,239161.39085300,0
1685041200000,26374.60000000,26629.80000000,26366.70000000,26472.85000000,17.21325000,1685044799999,455987.92725580,839,8.32057000,220412.53173630,0
1685044800000,26473.50000000,26526.89000000,26459.35000000,26487.00000000,35.97088000,1685048399999,952545.10927100,587,3.07942000,81556.14537780,0
1685048400000,26485.82000000,26485.82000000,26436.30000000,26473.80000000,15.13125000,1685051999999,400443.39490680,324,3.46847000,91777.03695370,0
1685052000000,26474.77000000,26475.18000000,26435.15000000,26456.29000000,17.51895000,1685055599999,463576.63521770,393,1.46433000,38738.88257030,0
1685055600000,26457.32000000,26555.30000000,26455.95000000,26476.39000000,18.96974000,1685059199999,502582.63779850,505,4.38366000,116177.81012070,0
1685059200000,26475.47000000,26507.09000000,26387.79000000,26471.93000000,16.89183000,1685062799999,446847.89468610,516,3.65938000,96803.93426530,0
1685062800000,26470.14000000,26541.07000000,26354.29000000,26427.59000000,13.20845000,1685066399999,349064.22519880,642,3.66995000,97058.01895750,0
1685066400000,26416.74000000,26447.18000000,26390.17000000,26408.05000000,8.44133000,1685069999999,223064.54561350,299,0.93200000,24624.39016350,0
1685070000000,26406.25000000,26466.14000000,26396.76000000,26441.29000000,9.64565000,1685073599999,254981.37414490,322,2.91014000,76942.70042570,0
1685073600000,26434.99000000,26455.70000000,26414.79000000,26431.34000000,3.29832000,1685077199999,87193.90083700,154,0.98769000,26104.35377620,0
1685077200000,26430.14000000,26433.30000000,26343.84000000,26347.65000000,4.67142000,1685080799999,123241.41767780,219,1.14894000,30308.37445930,0
1685080800000,26340.40000000,26441.61000000,26324.05000000,26432.03000000,3.39991000,1685084399999,89679.60546540,229,1.46746000,38713.15005300,0
1685084400000,26438.01000000,26530.13000000,26415.32000000,26504.91000000,8.92609000,1685087999999,236222.14336610,437,4.16006000,110134.79263400,0
1685088000000,26504.91000000,26551.54000000,26472.18000000,26478.80000000,7.91814000,1685091599999,209815.26443750,351,3.86053000,102273.69250230,0
1685091600000,26476.61000000,26476.93000000,26429.09000000,26448.95000000,4.56820000,1685095199999,120832.56344780,232,2.47426000,65444.05611930,0
1685095200000,26449.68000000,26492.31000000,26428.27000000,26454.27000000,3.30384000,1685098799999,87433.28577400,175,2.29727000,60801.34892590,0
1685098800000,26454.66000000,26503.76000000,26433.48000000,26463.49000000,14.04390000,1685102399999,371603.76211890,479,7.82944000,207233.06054300,0
1685102400000,26464.89000000,26539.89000000,26363.13000000,26438.83000000,18.60872000,1685105999999,492250.85862340,699,13.71728000,362887.15620990,0
1685106000000,26448.63000000,26594.62000000,26444.93000000,26539.32000000,17.31503000,1685109599999,459292.20262760,672,10.19654000,270532.93687790,0
1685109600000,26554.11000000,26938.33000000,26552.94000000,26770.35000000,131.01736000,1685113199999,3512019.10838760,2435,45.38605000,1216843.87346680,0
1685113200000,26767.67000000,26849.14000000,26750.99000000,26753.74000000,81.55421000,1685116799999,2184922.81285990,1513,13.00463000,348293.48124940,0
1685116800000,26762.24000000,26837.32000000,26752.02000000,26799.79000000,32.50327000,1685120399999,870812.33463490,720,4.40311000,117982.99413840,0
1685120400000,26800.60000000,26842.17000000,26693.14000000,26718.38000000,21.05342000,1685123999999,563789.72041760,646,4.06618000,108806.30492770,0
1685124000000,26724.06000000,26761.94000000,26623.56000000,26741.73000000,15.37713000,1685127599999,410502.67668160,533,8.03886000,214607.00118360,0
1685127600000,26736.89000000,26830.39000000,26736.89000000,26772.69000000,24.23685000,1685131199999,649208.82661850,732,8.45668000,226476.12731180,0
1685131200000,26777.18000000,26815.02000000,26745.65000000,26762.45000000,31.26447000,1685134799999,837199.40909460,486,4.09217000,109545.80414000,0
1685134800000,26755.87000000,26787.90000000,26729.55000000,26735.03000000,23.92186000,1685138399999,640226.07262680,357,4.52995000,121228.05614660,0
1685138400000,26738.87000000,26760.57000000,26690.56000000,26691.71000000,20.63433000,1685141999999,551656.53406450,420,6.12071000,163701.74687790,0
1685142000000,26695.53000000,26733.36000000,26690.56000000,26713.68000000,14.61385000,1685145599999,390379.92516770,291,1.10658000,29560.83004920,0
1685145600000,26713.31000000,26725.23000000,26643.72000000,26662.14000000,4.69555000,1685149199999,125311.47747640,242,0.97967000,26141.35057300,0
1685149200000,26664.94000000,26717.46000000,26655.46000000,26717.46000000,11.78187000,1685152799999,314267.07761600,235,4.26921000,113851.69619460,0
1685152800000,26718.98000000,26748.35000000,26696.18000000,26748.35000000,3.15373000,1685156399999,84281.07689430,160,1.58207000,42279.81788850,0
1685156400000,26750.30000000,26785.15000000,26722.54000000,26757.81000000,4.21295000,1685159999999,112690.86093580,210,2.71453000,72599.08975090,0
1685160000000,26764.37000000,26794.83000000,26734.02000000,26771.09000000,7.99349000,1685163599999,213951.54874400,251,2.18968000,58601.40300270,0
1685163600000,26764.59000000,26774.66000000,26734.60000000,26739.69000000,6.56036000,1685167199999,175512.59952840,224,1.03797000,27768.20793350,0
1685167200000,26733.08000000,26766.21000000,26717.59000000,26758.88000000,3.98014000,1685170799999,106456.81894260,159,2.58922000,69272.02575670,0
1685170800000,26757.20000000,26759.16000000,26714.30000000,26731.45000000,19.20220000,1685174399999,513341.99847140,466,9.58545000,256314.90080710,0
1685174400000,26729.83000000,26732.41000000,26684.36000000,26697.65000000,3.37116000,1685177999999,90016.90164840,179,1.78295000,47612.94935820,0
1685178000000,26697.62000000,26743.10000000,26692.45000000,26710.44000000,3.69484000,1685181599999,98727.53507020,202,1.02252000,27323.16721750,0
1685181600000,26707.01000000,26725.92000000,26679.01000000,26685.25000000,7.79515000,1685185199999,208173.91928370,241,2.36989000,63286.14344510,0
1685185200000,26678.02000000,26722.48000000,26674.80000000,26703.02000000,15.01332000,1685188799999,400699.05812410,293,8.12321000,216742.46280240,0
1685188800000,26704.84000000,26749.77000000,26687.75000000,26717.78000000,8.46892000,1685192399999,226278.85336230,230,6.06483000,162043.16868990,0
1685192400000,26719.19000000,26786.54000000,26560.00000000,26635.63000000,13.54794000,1685195999999,361931.98739840,512,5.69695000,152180.81103020,0
1685196000000,26625.45000000,26729.53000000,26616.37000000,26673.27000000,9.29416000,1685199599999,247957.46724030,384,4.12099000,109976.39358280,0
1685199600000,26676.89000000,26694.24000000,26646.04000000,26694.24000000,1.49969000,1685203199999,39996.54867770,133,0.64430000,17181.81872080,0
1685203200000,26697.97000000,26699.21000000,26629.56000000,26671.91000000,10.06515000,1685206799999,268451.12677600,257,3.01262000,80342.90472860,0
1685206800000,26672.22000000,26777.53000000,26669.99000000,26763.99000000,5.92726000,1685210399999,158368.22070720,306,3.16128000,84467.53771540,0
1685210400000,26763.31000000,26850.15000000,26705.67000000,26713.23000000,11.16327000,1685213999999,299023.94337960,439,5.21502000,139680.35144680,0
1685214000000,26715.06000000,26775.74000000,26715.06000000,26739.16000000,5.66332000,1685217599999,151481.08887570,228,2.14420000,57353.07796630,0
1685217600000,26737.96000000,26755.77000000,26731.15000000,26755.77000000,1.97743000,1685221199999,52883.55746920,85,0.54758000,14645.11472470,0
1685221200000,26756.93000000,26783.42000000,26737.97000000,26778.52000000,7.15290000,1685224799999,191424.24508910,206,1.85188000,49565.47712550,0
1685224800000,26779.13000000,26838.80000000,26773.64000000,26812.15000000,3.99017000,1685228399999,106928.41257770,191,1.66897000,44723.90308810,0
1685228400000,26813.11000000,26897.97000000,26813.11000000,26863.90000000,12.10829000,1685231999999,325188.84792330,249,1.64100000,44090.08846910,0
1685232000000,26867.97000000,27127.78000000,26751.99000000,27081.97000000,79.20550000,1685235599999,2131821.58739100,1299,16.13539000,435149.54994960,0
1685235600000,27084.83000000,27172.66000000,27071.49000000,27097.33000000,49.59967000,1685239199999,1345151.09173880,1171,15.28523000,414496.62519810,0
1685239200000,27101.55000000,27127.98000000,27076.53000000,27101.79000000,16.61025000,1685242799999,450111.44159080,341,4.63388000,125584.26192670,0
1685242800000,27104.14000000,27248.07000000,27104.14000000,27188.13000000,20.48046000,1685246399999,556541.94464930,621,8.25544000,224425.97597900,0
1685246400000,27192.84000000,27285.98000000,27175.24000000,27176.96000000,40.60482000,1685249999999,1106106.38550820,763,18.39953000,501248.65923570,0
1685250000000,27175.24000000,27192.80000000,27134.09000000,27170.43000000,6.37179000,1685253599999,173084.33162620,331,3.18599000,86541.93143160,0
1685253600000,27170.44000000,27233.31000000,27170.44000000,27190.89000000,13.62383000,1685257199999,370627.87118820,484,7.37213000,200557.82132330,0
1685257200000,27190.89000000,27232.47000000,27190.43000000,27229.87000000,8.80279000,1685260799999,239542.72065340,263,1.90542000,51851.02927350,0
1685260800000,27233.25000000,27245.12000000,27184.45000000,27199.90000000,12.45512000,1685264399999,338961.28684980,347,5.25422000,142987.84504670,0
1685264400000,27206.99000000,27206.99000000,27144.76000000,27161.44000000,4.16276000,1685267999999,113107.57071200,126,0.79579000,21622.09612930,0
1685268000000,27165.41000000,27227.87000000,27147.85000000,27212.30000000,3.56867000,1685271599999,97025.88599290,155,1.68525000,45831.67338230,0
1685271600000,27212.13000000,27337.84000000,27160.00000000,27160.00000000,10.58308000,1685275199999,288339.86657290,497,5.20913000,141914.35067340,0
1685275200000,27165.72000000,27189.87000000,27098.74000000,27141.16000000,6.62432000,1685278799999,179806.71629210,268,2.96945000,80612.44106410,0
1685278800000,27149.21000000,27230.28000000,27144.76000000,27184.44000000,5.54839000,1685282399999,150822.64703490,301,2.85929000,77723.27258940,0
1685282400000,27185.66000000,27241.72000000,27179.34000000,27203.26000000,4.65233000,1685285999999,126606.29406470,235,2.84468000,77397.38296600,0
1685286000000,27197.83000000,27278.91000000,27180.84000000,27274.04000000,3.91100000,1685289599999,106557.23971000,265,1.72468000,46994.19482470,0
1685289600000,27277.90000000,27338.75000000,27234.00000000,27259.00000000,20.84390000,1685293199999,568573.09019510,517,1.92211000,52432.82788640,0
1685293200000,27250.71000000,27433.58000000,27220.23000000,27352.87000000,19.79946000,1685296799999,540816.95667840,605,5.48788000,150013.94488130,0
1685296800000,27355.48000000,27750.00000000,27319.42000000,27598.74000000,61.20889000,1685300399999,1687131.77264260,1634,32.35415000,891918.19161740,0
1685300400000,27597.92000000,27635.11000000,27485.55000000,27531.05000000,24.98035000,1685303999999,689058.80174850,723,5.47786000,151103.94981330,0
1685304000000,27533.28000000,27597.02000000,27533.28000000,27560.41000000,8.99235000,1685307599999,247909.91206150,302,2.81925000,77721.75601540,0
1685307600000,27560.41000000,27992.74000000,27557.35000000,27843.01000000,55.24304000,1685311199999,1533639.07269190,1178,27.13237000,754467.44304810,0
1685311200000,27849.20000000,28198.00000000,27848.39000000,28092.05000000,55.78699000,1685314799999,1565948.22556470,1474,26.47113000,743059.73313370,0
1685314800000,28093.45000000,28265.25000000,28056.43000000,28068.10000000,29.91015000,1685318399999,840992.29442630,1035,11.11564000,312677.95649860,0
1685318400000,28068.10000000,28451.00000000,28068.10000000,28197.33000000,106.41999000,1685321999999,3006759.58539810,2563,27.11624000,766706.87587220,0
1685322000000,28206.41000000,28218.27000000,28141.55000000,28180.40000000,48.44174000,1685325599999,1365736.31838010,879,5.36894000,151311.83630080,0
1685325600000,28174.24000000,28185.27000000,28096.82000000,28101.71000000,25.18128000,1685329199999,708682.60605330,596,4.75547000,133865.64672660,0
1685329200000,28102.20000000,28138.50000000,27925.01000000,27961.49000000,33.65348000,1685332799999,944596.53470860,794,9.29101000,260724.19631370,0
1685332800000,27962.01000000,28009.93000000,27862.83000000,27955.76000000,36.48013000,1685336399999,1019076.10995060,958,9.63557000,269198.91080900,0
1685336400000,27954.58000000,28052.94000000,27946.74000000,28003.69000000,16.33052000,1685339999999,457405.50347210,482,3.46556000,97030.51023520,0
1685340000000,28000.48000000,28044.08000000,27994.74000000,28009.19000000,12.69004000,1685343599999,355503.62311490,381,2.59475000,72688.20106240,0
1685343600000,28009.37000000,28009.37000000,27848.22000000,27910.99000000,8.66331000,1685347199999,241846.04378400,428,3.57146000,99690.87255920,0
1685347200000,27915.59000000,27957.92000000,27858.73000000,27899.67000000,9.21087000,1685350799999,257182.78276090,275,4.50381000,125768.09987210,0
1685350800000,27904.32000000,27947.21000000,27847.01000000,27943.99000000,6.02079000,1685354399999,167954.27912490,224,2.24748000,62751.29818120,0
1685354400000,27948.35000000,27974.91000000,27755.41000000,27861.83000000,16.01704000,1685357999999,446474.77276410,580,6.66503000,185860.17836580,0
1685358000000,27868.39000000,27943.66000000,27850.27000000,27922.86000000,7.79592000,1685361599999,217615.35590780,359,3.23148000,90215.73670310,0
1685361600000,27919.29000000,27958.26000000,27871.59000000,27889.66000000,10.90513000,1685365199999,304406.30298710,444,4.94831000,138126.76057130,0
1685365200000,27886.10000000,27948.78000000,27874.00000000,27915.36000000,12.45129000,1685368799999,347634.25619050,371,6.83347000,190768.63495530,0
1685368800000,27909.70000000,27939.19000000,27701.39000000,27790.57000000,23.34597000,1685372399999,649652.77635070,691,13.08246000,364017.38586190,0
1685372400000,27790.22000000,27849.54000000,27597.41000000,27637.52000000,13.69559000,1685375999999,379282.01220500,677,7.12410000,197255.15971010,0
1685376000000,27637.08000000,27681.34000000,27553.71000000,27617.91000000,17.92424000,1685379599999,495007.21127420,650,8.69478000,240061.71151710,0
1685379600000,27596.33000000,27741.47000000,27541.81000000,27704.10000000,18.05978000,1685383199999,499621.43018070,660,10.65740000,294938.44426550,0
1685383200000,27695.96000000,27726.19000000,27620.99000000,27639.11000000,14.34573000,1685386799999,397032.35373170,500,6.27164000,173556.67384770,0
1685386800000,27646.28000000,27708.23000000,27634.74000000,27647.98000000,12.31650000,1685390399999,340955.10946740,341,5.54581000,153516.37519650,0
1685390400000,27644.93000000,27702.26000000,27635.59000000,27693.22000000,13.57355000,1685393999999,375602.15220540,308,7.00200000,193742.34533100,0
1685394000000,27688.16000000,27727.75000000,27659.80000000,27676.95000000,7.44066000,1685397599999,206033.54176300,256,5.43531000,150498.33770530,0
1685397600000,27676.94000000,27702.25000000,27558.46000000,27702.25000000,24.72353000,1685401199999,683420.28959690,625,15.43984000,426882.76630850,0
1685401200000,27698.80000000,27822.56000000,27693.04000000,27746.98000000,13.93399000,1685404799999,386761.64158760,468,6.29196000,174657.82064120,0
1685404800000,27744.84000000,27783.31000000,27598.81000000,27719.16000000,8.83239000,1685408399999,244660.38827260,394,2.06823000,57292.01035900,0
1685408400000,27720.92000000,27801.68000000,27706.54000000,27779.15000000,3.37245000,1685411999999,93622.97475010,219,2.26042000,62754.95522420,0
1685412000000,27776.95000000,27800.50000000,27734.52000000,27795.70000000,4.16380000,1685415599999,115617.02761020,195,2.55628000,70984.37724880,0
1685415600000,27800.80000000,27946.94000000,27786.24000000,27839.25000000,8.42235000,1685419199999,234638.36295860,385,5.64338000,157196.66336950,0
1685419200000,27844.12000000,27857.16000000,27772.93000000,27785.37000000,7.02781000,1685422799999,195370.27588380,275,5.06979000,140935.93119380,0
1685422800000,27785.37000000,27786.45000000,27687.12000000,27757.49000000,10.24673000,1685426399999,284051.24113490,350,6.17030000,171074.95430900,0
1685426400000,27763.00000000,27826.44000000,27759.80000000,27804.27000000,3.03954000,1685429999999,84484.99361330,177,1.44737000,40237.99402290,0
1685430000000,27805.07000000,27852.16000000,27737.55000000,27743.86000000,4.85301000,1685433599999,134868.53429100,274,2.31579000,64374.24141390,0
1685433600000,27748.13000000,27822.00000000,27727.03000000,27789.74000000,6.45213000,1685437199999,179319.67342230,249,2.16023000,60025.75534160,0
1685437200000,27789.74000000,27901.48000000,27789.74000000,27859.41000000,5.46227000,1685440799999,152190.78235930,309,1.88944000,52632.64881440,0
1685440800000,27861.40000000,28045.25000000,27861.40000000,27913.88000000,20.16850000,1685444399999,564097.12977800,781,8.55695000,239335.50788040,0
1685444400000,27913.88000000,28049.90000000,27868.66000000,28041.64000000,22.01744000,1685447999999,616019.48060060,808,6.12361000,171202.45431040,0
1685448000000,28033.18000000,28034.83000000,27807.89000000,27917.91000000,53.11269000,1685451599999,1483292.65421360,1375,12.15823000,339325.56786860,0
1685451600000,27915.37000000,27984.56000000,27774.07000000,27814.63000000,39.98514000,1685455199999,1115592.30534200,1288,16.62456000,463873.81641150,0
1685455200000,27810.37000000,27871.92000000,27634.52000000,27638.86000000,34.29510000,1685458799999,951716.92842370,1336,17.71911000,491362.78465110,0
1685458800000,27633.52000000,27744.93000000,27626.95000000,27678.40000000,16.05882000,1685462399999,444686.24163840,735,8.98637000,248811.71506810,0
1685462400000,27680.38000000,27746.82000000,27564.94000000,27719.37000000,14.93168000,1685465999999,413305.15366450,590,9.73862000,269681.46522720,0
1685466000000,27719.36000000,27789.74000000,27634.89000000,27702.46000000,26.14054000,1685469599999,724386.41340690,549,19.53026000,541128.44232740,0
1685469600000,27703.70000000,27806.41000000,27673.14000000,27770.79000000,11.98468000,1685473199999,332369.97913780,478,3.29730000,91479.70401010,0
1685473200000,27765.01000000,27867.38000000,27762.80000000,27861.27000000,8.96762000,1685476799999,249514.38754560,454,3.63412000,101094.74778090,0
1685476800000,27861.03000000,27869.99000000,27771.10000000,27771.75000000,15.36534000,1685480399999,427381.12115160,525,6.35675000,176836.42014160,0
1685480400000,27771.74000000,27855.29000000,27671.74000000,27729.08000000,8.83910000,1685483999999,245389.69729720,354,3.01033000,83626.16456480,0
1685484000000,27729.90000000,27778.87000000,27662.16000000,27749.77000000,13.57252000,1685487599999,376219.60882850,371,9.90393000,274515.99502870,0
1685487600000,27743.23000000,27753.60000000,27680.55000000,27705.07000000,8.89324000,1685491199999,246522.41609270,289,5.08649000,141009.05692380,0
1685491200000,27698.62000000,27766.59000000,27669.61000000,27757.54000000,3.83054000,1685494799999,106165.29071140,242,2.38308000,66040.83185900,0
1685494800000,27762.92000000,27841.30000000,27747.22000000,27750.96000000,6.21303000,1685498399999,172615.42914130,301,3.75290000,104266.64991750,0
1685498400000,27745.04000000,27745.04000000,27580.01000000,27679.98000000,26.51446000,1685501999999,733581.79241130,786,12.61954000,349077.28943140,0
1685502000000,27682.68000000,27698.28000000,27611.38000000,27669.19000000,5.50966000,1685505599999,152395.55018210,263,3.50004000,96808.67779340,0
1685505600000,27663.15000000,27684.13000000,27258.10000000,27281.95000000,33.25802000,1685509199999,911677.10307480,1052,10.19956000,279698.73072110,0
1685509200000,27264.18000000,27281.81000000,27028.39000000,27091.49000000,66.31030000,1685512799999,1800226.10188690,2309,37.29659000,1012500.31677090,0
1685512800000,27096.87000000,27198.47000000,26975.13000000,27173.13000000,19.37692000,1685516399999,524855.71426510,957,9.58966000,259833.08562570,0
1685516400000,27172.70000000,27218.42000000,27128.64000000,27177.05000000,8.97393000,1685519999999,243820.37089530,434,5.36242000,145653.30939070,0
1685520000000,27176.83000000,27211.80000000,27117.97000000,27150.76000000,5.70592000,1685523599999,154953.13645740,315,3.09369000,84019.50325170,0
1685523600000,27140.80000000,27165.57000000,27058.09000000,27144.32000000,10.45121000,1685527199999,283491.74404990,497,7.05082000,191263.10798920,0
1685527200000,27140.94000000,27152.09000000,27056.07000000,27064.66000000,5.74816000,1685530799999,155766.50633260,334,2.59960000,70441.49643090,0
1685530800000,27066.53000000,27138.13000000,27005.15000000,27103.83000000,13.97079000,1685534399999,378415.40535600,667,10.91279000,295623.20766550,0
1685534400000,27105.65000000,27128.67000000,27069.05000000,27075.87000000,10.03914000,1685537999999,272000.25022900,534,5.78691000,156784.38065570,0
1685538000000,27078.02000000,27231.02000000,27068.35000000,27125.61000000,15.45823000,1685541599999,419924.53224020,589,8.05720000,218844.38179100,0
1685541600000,27123.33000000,27123.95000000,26849.27000000,27038.96000000,41.34802000,1685545199999,1114505.21382750,1540,20.63674000,556046.24555330,0
1685545200000,27039.58000000,27071.30000000,26884.29000000,26917.54000000,16.93274000,1685548799999,456543.46665130,720,9.92328000,267609.97714690,0
1685548800000,26918.24000000,26988.18000000,26851.26000000,26938.82000000,15.22527000,1685552399999,410049.28373310,558,11.01161000,296562.24936210,0
1685552400000,26941.36000000,27080.26000000,26917.30000000,27058.74000000,11.97449000,1685555999999,323258.80271280,579,6.31994000,170693.58789970,0
1685556000000,27069.11000000,27095.91000000,27021.49000000,27042.86000000,11.42314000,1685559599999,309072.00442960,472,5.83912000,157975.03946700,0
1685559600000,27047.72000000,27126.71000000,27000.00000000,27016.65000000,7.87669000,1685563199999,213209.90545130,373,4.00462000,108418.01531180,0
1685563200000,27013.00000000,27120.28000000,27013.00000000,27120.07000000,9.08647000,1685566799999,246034.57868870,294,4.18326000,113251.08676850,0
1685566800000,27119.76000000,27124.72000000,27052.31000000,27100.34000000,3.47130000,1685570399999,94053.83261400,179,0.77219000,20912.20748420,0
1685570400000,27099.66000000,27191.43000000,27088.33000000,27190.29000000,6.82890000,1685573999999,185351.19507760,334,2.66277000,72285.62058280,0
1685574000000,27182.79000000,27305.42000000,27163.20000000,27222.91000000,18.02879000,1685577599999,490539.69058740,572,5.09820000,138764.07241040,0
