1654041600000,31775.96000000,31959.44000000,31661.26000000,31911.34000000,126.78653000,1654045199999,4034877.38333870,3923,65.10197000,2071400.82494710,0
1654045200000,31911.34000000,31919.01000000,31810.72000000,31903.30000000,52.03848000,1654048799999,1658219.47267070,1725,19.95614000,635911.46295200,0
1654048800000,31904.96000000,32008.83000000,31709.53000000,31781.44000000,183.37531000,1654052399999,5835344.90296640,3088,119.04574000,3791400.96072080,0
1654052400000,31783.54000000,31784.26000000,31583.34000000,31599.27000000,108.01111000,1654055999999,3420439.79627840,2474,63.28238000,2004067.46244700,0
1654056000000,31601.83000000,31644.92000000,31350.00000000,31544.30000000,95.95744000,1654059599999,3023693.92698110,2586,49.69013000,1565986.14718810,0
1654059600000,31544.31000000,31601.67000000,31427.07000000,31584.12000000,100.43463000,1654063199999,3165280.69556550,2468,66.48664000,2095069.56661750,0
1654063200000,31601.81000000,31646.52000000,31545.41000000,31562.26000000,48.81870000,1654066799999,1542123.49113420,1503,23.60824000,745769.62688050,0
1654066800000,31562.25000000,31611.21000000,31451.96000000,31459.44000000,64.64318000,1654070399999,2038047.77803530,1753,31.22164000,984331.85594770,0
1654070400000,31462.45000000,31621.79000000,31428.90000000,31610.14000000,153.61972000,1654073999999,4847986.40379390,2959,60.33472000,1904076.38867260,0
1654074000000,31597.57000000,31676.63000000,31584.28000000,31670.90000000,53.13367000,1654077599999,1681000.82139190,1403,22.55727000,713568.27843340,0
1654077600000,31667.90000000,31680.16000000,31516.73000000,31531.13000000,86.97967000,1654081199999,2746665.11432810,2038,37.05505000,1170177.81401170,0
1654081200000,31529.35000000,31639.90000000,31421.10000000,31582.20000000,146.83542000,1654084799999,4629516.97855130,3129,62.15017000,1958855.08351980,0
1654084800000,31582.06000000,31810.18000000,31504.50000000,31701.95000000,146.66112000,1654088399999,4641099.79155510,3290,63.61446000,2013656.11176430,0
1654088400000,31701.01000000,31872.75000000,31620.94000000,31706.26000000,173.55088000,1654091999999,5510342.85354240,4082,74.53699000,2366039.26836680,0
1654092000000,31709.06000000,31784.76000000,30900.00000000,31145.82000000,464.32906000,1654095599999,14501695.11246890,8818,250.13742000,7814887.47201800,0
1654095600000,31137.22000000,31195.29000000,30696.53000000,30717.30000000,571.24180000,1654099199999,17623935.13157460,10230,298.19445000,9199610.08729240,0
1654099200000,30710.75000000,30716.67000000,30264.01000000,30387.64000000,559.27185000,1654102799999,17045306.40347270,10136,315.14648000,9605190.10356940,0
1654102800000,30387.64000000,30394.88000000,29856.88000000,30145.82000000,447.70050000,1654106399999,13478196.74581760,8878,198.60579000,5980043.20098670,0
1654106400000,30145.82000000,30461.44000000,30089.78000000,30151.56000000,257.81965000,1654109999999,7799552.26125700,5842,109.14728000,3304232.96548450,0
1654110000000,30130.93000000,30317.20000000,29974.21000000,30093.36000000,258.14694000,1654113599999,7789369.46359540,5907,94.62235000,2854095.10101730,0
1654113600000,30085.17000000,30126.02000000,29290.48000000,29606.18000000,410.60347000,1654117199999,12195965.26774870,9311,196.44477000,5833068.73620770,0
1654117200000,29609.46000000,29744.65000000,29551.63000000,29563.29000000,93.83298000,1654120799999,2784407.21920710,2680,35.22280000,1044966.00824720,0
1654120800000,29553.04000000,29741.66000000,29482.98000000,29722.16000000,109.86288000,1654124399999,3251664.68515970,2866,48.01082000,1421057.52770060,0
1654124400000,29722.15000000,30040.03000000,29701.74000000,29773.38000000,133.05295000,1654127999999,3973683.40428480,4315,68.99754000,2060998.64732950,0
1654128000000,29779.31000000,29789.23000000,29563.40000000,29649.92000000,215.16998000,1654131599999,6387457.00389620,4811,104.91564000,3114811.13058100,0
1654131600000,29657.15000000,29854.49000000,29612.29000000,29784.56000000,119.76495000,1654135199999,3564408.28797430,2734,60.30057000,1794558.17175880,0
1654135200000,29782.88000000,29872.55000000,29750.33000000,29797.77000000,72.45903000,1654138799999,2159944.29516520,2288,34.71936000,1034739.82387320,0
1654138800000,29799.42000000,29827.11000000,29673.77000000,29702.26000000,87.00211000,1654142399999,2587297.11652390,2561,41.45986000,1232819.15727540,0
1654142400000,29707.48000000,29798.37000000,29625.12000000,29784.06000000,56.98953000,1654145999999,1693783.36536500,2028,30.82305000,916002.46265560,0
1654146000000,29790.82000000,29865.74000000,29659.95000000,29846.62000000,80.22419000,1654149599999,2388761.38215670,2611,43.70086000,1301465.63491070,0
1654149600000,29848.61000000,29918.89000000,29782.52000000,29889.89000000,84.63909000,1654153199999,2525884.64686170,2270,44.40215000,1325083.96199930,0
1654153200000,29889.96000000,30093.57000000,29875.36000000,29939.17000000,125.64383000,1654156799999,3764546.25323270,4168,61.93143000,1855647.74203450,0
1654156800000,29941.85000000,29993.23000000,29882.48000000,29909.87000000,95.29482000,1654160399999,2853326.17571640,3421,50.94025000,1525289.31591580,0
1654160400000,29912.29000000,29992.81000000,29844.99000000,29904.78000000,81.98775000,1654163999999,2452875.93852380,2896,37.39352000,1118759.48702730,0
1654164000000,29906.92000000,30142.12000000,29832.76000000,30006.05000000,163.33131000,1654167599999,4894714.71796630,4626,94.47342000,2831084.94816570,0
1654167600000,30007.95000000,30183.11000000,29934.30000000,30144.82000000,138.52743000,1654171199999,4161746.45935830,4474,76.15281000,2288018.03984810,0
1654171200000,30146.49000000,30160.05000000,30025.70000000,30056.86000000,179.10019000,1654174799999,5389276.06448170,4654,66.18708000,1991041.00748170,0
1654174800000,30064.46000000,30223.93000000,29557.00000000,29871.07000000,338.84292000,1654178399999,10116371.77903810,11997,168.26966000,5023734.08452930,0
1654178400000,29871.07000000,30119.44000000,29745.77000000,30024.05000000,335.53717000,1654181999999,10034003.78088540,9795,210.20829000,6284403.54089280,0
1654182000000,30026.61000000,30359.51000000,30013.91000000,30184.40000000,206.65478000,1654185599999,6243840.96334030,7209,107.59478000,3250960.27199380,0
1654185600000,30186.85000000,30382.65000000,30159.44000000,30268.20000000,154.79383000,1654189199999,4683633.40078890,5589,67.51502000,2042533.98746160,0
1654189200000,30269.91000000,30330.10000000,30139.83000000,30172.01000000,135.51456000,1654192799999,4096713.41000450,4506,59.68156000,1803917.68941460,0
1654192800000,30172.00000000,30307.04000000,29954.09000000,30111.54000000,126.02077000,1654196399999,3802293.75345830,4101,62.75170000,1893541.23680150,0
1654196400000,30113.42000000,30277.52000000,30044.75000000,30265.09000000,126.32002000,1654199999999,3808503.02034730,3873,61.15684000,1842543.55296950,0
1654200000000,30268.62000000,30363.35000000,30220.92000000,30221.55000000,95.71429000,1654203599999,2898446.08537230,3114,47.77733000,1446835.16047200,0
1654203600000,30215.16000000,30362.35000000,30207.57000000,30342.81000000,53.98760000,1654207199999,1634692.01120140,1738,16.38926000,496161.53705800,0
1654207200000,30342.82000000,30668.36000000,30302.16000000,30463.69000000,189.33463000,1654210799999,5776625.43416960,5051,104.56483000,3192306.41765410,0
1654210800000,30458.47000000,30620.72000000,30405.88000000,30426.53000000,75.58953000,1654214399999,2306555.45516110,2638,30.86656000,942179.47479550,0
1654214400000,30426.68000000,30486.28000000,30333.25000000,30378.16000000,53.27613000,1654217999999,1619994.68540720,2340,25.83120000,785546.31869760,0
1654218000000,30378.15000000,30669.72000000,30361.78000000,30604.19000000,61.06246000,1654221599999,1863219.69567940,2678,36.87583000,1125330.59410390,0
1654221600000,30605.76000000,30646.27000000,30511.80000000,30524.47000000,30.94482000,1654225199999,945704.47115410,1489,13.24015000,404522.13866260,0
1654225200000,30522.47000000,30539.51000000,30440.48000000,30505.33000000,64.52611000,1654228799999,1966835.01108060,2256,28.29039000,862323.66654610,0
1654228800000,30506.39000000,30528.61000000,30398.19000000,30402.28000000,40.97242000,1654232399999,1247952.97850380,1785,18.73691000,570762.07269070,0
1654232400000,30401.82000000,30541.10000000,30392.90000000,30519.57000000,49.62902000,1654235999999,1513322.32754830,1701,28.87828000,880482.44824690,0
1654236000000,30519.81000000,30522.04000000,30339.82000000,30346.54000000,74.32025000,1654239599999,2262902.20359540,2554,37.93127000,1154751.76396740,0
1654239600000,30342.92000000,30467.35000000,30262.04000000,30426.57000000,69.39778000,1654243199999,2107596.78372150,2727,36.80181000,1117671.82568740,0
1654243200000,30418.04000000,30514.69000000,30371.76000000,30417.56000000,47.04118000,1654246799999,1432214.17211040,1925,24.19410000,736466.26176230,0
1654246800000,30417.55000000,30454.88000000,30125.00000000,30225.51000000,145.10645000,1654250399999,4388564.60771760,4176,85.30329000,2580157.89647950,0
1654250400000,30226.74000000,30242.80000000,29711.50000000,29797.29000000,247.20577000,1654253999999,7405905.32993190,6534,124.05841000,3718467.04168500,0
1654254000000,29800.00000000,29924.08000000,29660.74000000,29728.36000000,190.48408000,1654257599999,5663689.58428800,5318,119.81549000,3561765.47078740,0
1654257600000,29734.45000000,29877.53000000,29457.31000000,29508.18000000,358.26179000,1654261199999,10621099.28535360,8460,161.79156000,4799509.50165180,0
1654261200000,29509.86000000,29746.70000000,29414.52000000,29694.53000000,203.69547000,1654264799999,6029722.82046090,6868,105.10058000,3110595.53075230,0
1654264800000,29696.67000000,29740.31000000,29247.39000000,29452.07000000,215.99399000,1654268399999,6370541.05571560,7734,118.86661000,3505320.20754970,0
1654268400000,29450.27000000,29545.93000000,29311.82000000,29472.18000000,130.63989000,1654271999999,3844236.92175910,4641,65.31910000,1921827.40275770,0
1654272000000,29477.39000000,29529.77000000,29372.37000000,29511.71000000,113.02194000,1654275599999,3329542.34327150,3521,62.74927000,1848400.50420280,0
1654275600000,29509.99000000,29654.81000000,29404.73000000,29474.62000000,110.46328000,1654279199999,3259109.69291960,3641,61.76582000,1822518.12052810,0
1654279200000,29474.80000000,29533.24000000,29435.14000000,29524.22000000,80.79444000,1654282799999,2382947.02675970,2618,35.81267000,1056145.38485430,0
1654282800000,29521.49000000,29588.20000000,29459.67000000,29538.69000000,209.98722000,1654286399999,6201804.83462300,3998,159.96450000,4724551.40631570,0
1654286400000,29539.11000000,29711.07000000,29526.93000000,29632.07000000,82.25843000,1654289999999,2435088.34712870,2678,47.00755000,1391284.69861370,0
1654290000000,29632.07000000,29835.05000000,29621.37000000,29774.14000000,88.72882000,1654293599999,2637002.80017770,2304,40.15764000,1193253.06813230,0
1654293600000,29776.34000000,29860.04000000,29674.90000000,29698.95000000,40.89285000,1654297199999,1217327.34393440,1848,21.26620000,633113.65566790,0
1654297200000,29699.67000000,29715.38000000,29615.22000000,29668.30000000,51.01332000,1654300799999,1513509.30832450,1687,35.22074000,1045018.13303790,0
1654300800000,29668.30000000,29730.25000000,29649.80000000,29684.34000000,29.70692000,1654304399999,882092.31428910,1420,13.82135000,410402.19042430,0
1654304400000,29686.43000000,29719.92000000,29518.99000000,29554.91000000,33.74232000,1654307999999,998085.82189450,1991,14.80512000,437830.96095860,0
1654308000000,29551.87000000,29585.33000000,29456.63000000,29535.91000000,44.01657000,1654311599999,1298144.05787890,1705,25.71853000,758415.59844790,0
1654311600000,29535.83000000,29625.79000000,29500.00000000,29527.93000000,49.06706000,1654315199999,1450141.21026940,1573,31.61868000,934373.70800940,0
1654315200000,29527.93000000,29699.92000000,29514.50000000,29683.95000000,56.65371000,1654318799999,1678533.99999350,2269,23.03579000,682558.33014550,0
1654318800000,29683.95000000,29692.86000000,29619.16000000,29646.80000000,18.34759000,1654322399999,544027.23474780,871,6.94436000,205932.93479060,0
1654322400000,29650.08000000,29683.61000000,29623.46000000,29668.16000000,36.14342000,1654325999999,1072053.92550900,1517,18.46066000,547557.47648390,0
1654326000000,29664.99000000,29680.12000000,29616.21000000,29678.93000000,25.15673000,1654329599999,745951.02959760,1193,14.65308000,434508.14153880,0
1654329600000,29674.33000000,29772.98000000,29652.44000000,29722.66000000,47.40450000,1654333199999,1408881.74577920,2009,26.37361000,783864.86941920,0
1654333200000,29722.66000000,29745.30000000,29645.31000000,29698.35000000,39.91622000,1654336799999,1185241.38295370,1661,17.32473000,514386.26645370,0
1654336800000,29698.35000000,29756.17000000,29680.02000000,29702.89000000,106.73269000,1654340399999,3171131.61149260,2021,20.89232000,620731.24954040,0
1654340400000,29702.87000000,29720.52000000,29571.56000000,29654.60000000,72.08488000,1654343999999,2139443.72041440,1715,29.90692000,887697.69297700,0
1654344000000,29654.60000000,29678.80000000,29478.00000000,29508.31000000,74.11253000,1654347599999,2191245.55223970,2369,36.37865000,1075747.18552140,0
1654347600000,29509.19000000,29628.85000000,29496.13000000,29570.05000000,44.14812000,1654351199999,1305457.47625640,1792,23.04064000,681262.89354410,0
1654351200000,29570.04000000,29949.99000000,29458.12000000,29753.23000000,136.16239000,1654354799999,4041948.02022650,4715,71.91341000,2135623.14760100,0
1654354800000,29750.89000000,29859.55000000,29725.78000000,29827.59000000,69.21288000,1654358399999,2062174.14889680,2436,39.14765000,1166404.12848250,0
1654358400000,29832.44000000,29832.44000000,29712.70000000,29728.70000000,38.45527000,1654361999999,1144884.11244630,1398,17.37794000,517339.82486870,0
1654362000000,29726.05000000,29730.20000000,29585.60000000,29685.96000000,56.76569000,1654365599999,1683389.66324400,1931,26.34207000,781155.56214150,0
1654365600000,29686.08000000,29772.70000000,29686.08000000,29741.81000000,38.05633000,1654369199999,1131896.24773980,1443,16.47852000,490030.67849840,0
1654369200000,29741.93000000,29749.36000000,29607.00000000,29630.49000000,41.63061000,1654372799999,1234809.61110900,1552,23.31377000,691389.99102200,0
1654372800000,29630.49000000,29729.21000000,29606.14000000,29723.70000000,42.49635000,1654376399999,1261710.75424270,1410,17.40073000,516558.70842240,0
1654376400000,29723.70000000,29833.52000000,29718.30000000,29821.37000000,35.12062000,1654379999999,1045021.88301390,1489,14.77537000,439696.95195430,0
1654380000000,29821.35000000,29949.03000000,29764.54000000,29784.26000000,60.72480000,1654383599999,1812719.05903810,2511,23.73589000,708831.68487810,0
1654383600000,29784.26000000,29844.37000000,29743.29000000,29837.38000000,35.96828000,1654387199999,1071276.08180330,1825,18.52733000,551821.85002330,0
1654387200000,29837.38000000,29872.53000000,29700.00000000,29715.16000000,64.99381000,1654390799999,1935877.27060480,2430,26.25116000,782294.79887690,0
1654390800000,29710.44000000,29729.24000000,29656.32000000,29666.07000000,34.16881000,1654394399999,1014572.95682240,1719,11.91595000,353780.62445130,0
1654394400000,29666.00000000,29776.46000000,29652.28000000,29769.28000000,16.23580000,1654397999999,482929.84177720,1116,7.82820000,232812.75533640,0
1654398000000,29769.28000000,29795.35000000,29721.28000000,29738.52000000,19.71646000,1654401599999,586631.21482890,1131,8.11608000,241441.76888440,0
1654401600000,29741.56000000,29754.99000000,29655.25000000,29700.61000000,25.07431000,1654405199999,744727.97026270,1274,12.03873000,357510.23163410,0
1654405200000,29699.84000000,29796.55000000,29699.84000000,29767.43000000,26.55447000,1654408799999,790253.67004420,1381,10.13646000,301688.67615900,0
1654408800000,29769.45000000,29771.52000000,29703.73000000,29703.73000000,16.87090000,1654412399999,501787.47206670,1048,7.94150000,236220.22981090,0
1654412400000,29703.72000000,29787.03000000,29620.41000000,29621.47000000,45.39317000,1654415999999,1349602.70328260,1844,22.04112000,655261.25420520,0
1654416000000,29621.09000000,29713.45000000,29621.09000000,29668.44000000,41.87801000,1654419599999,1242786.97234120,1504,24.85181000,737494.71882490,0
1654419600000,29665.45000000,29665.46000000,29508.08000000,29614.44000000,39.44181000,1654423199999,1166675.05498970,1894,15.68206000,464024.04333810,0
1654423200000,29614.44000000,29683.82000000,29573.03000000,29616.85000000,29.22231000,1654426799999,866168.37754360,1561,13.95925000,413740.99474700,0
1654426800000,29616.84000000,29716.75000000,29556.32000000,29693.03000000,36.98942000,1654430399999,1095819.85012060,1586,16.83036000,498584.72990960,0
1654430400000,29693.03000000,29763.29000000,29648.63000000,29693.25000000,34.27159000,1654433999999,1017749.62244710,1501,17.60678000,522906.09664710,0
1654434000000,29692.59000000,29725.77000000,29611.94000000,29627.03000000,37.54626000,1654437599999,1114464.46063980,1563,17.43114000,517353.44722650,0
1654437600000,29631.04000000,29878.86000000,29603.09000000,29774.38000000,55.68219000,1654441199999,1655766.94413400,2153,31.14558000,926183.62860980,0
1654441200000,29768.54000000,29950.00000000,29751.68000000,29945.97000000,69.25036000,1654444799999,2066906.81981970,2725,38.13168000,1138191.69556510,0
1654444800000,29946.51000000,30174.99000000,29731.92000000,29841.43000000,138.92904000,1654448399999,4158591.32798850,4706,71.32951000,2135354.28428970,0
1654448400000,29841.43000000,30107.47000000,29818.73000000,29997.13000000,124.36015000,1654451999999,3729589.11764830,4232,71.92353000,2157027.35641720,0
1654452000000,29997.13000000,30064.82000000,29953.29000000,29971.37000000,58.37878000,1654455599999,1751266.45796140,2252,29.32652000,879764.57398180,0
1654455600000,29971.37000000,30073.93000000,29926.73000000,30023.43000000,130.31541000,1654459199999,3903587.72452560,2385,98.25164000,2942559.46857320,0
1654459200000,30022.64000000,30100.00000000,29916.04000000,29918.22000000,57.89511000,1654462799999,1738911.50482790,1932,27.86904000,837121.63387310,0
1654462800000,29918.21000000,29953.57000000,29789.30000000,29929.62000000,38.80144000,1654466399999,1159140.43317810,1525,16.75978000,500652.54835530,0
1654466400000,29940.14000000,30055.29000000,29847.77000000,29989.81000000,56.07066000,1654469999999,1680680.33968840,2457,28.47400000,853450.65593250,0
1654470000000,29989.82000000,30027.32000000,29866.57000000,29890.21000000,43.51422000,1654473599999,1302004.82745020,1933,25.16116000,752560.49487430,0
1654473600000,29891.56000000,30400.00000000,29866.58000000,30278.99000000,98.55254000,1654477199999,2968774.52519000,3570,52.15347000,1571488.48279050,0
1654477200000,30279.45000000,30900.00000000,30279.45000000,30811.16000000,214.85257000,1654480799999,6571027.36680790,6770,114.73498000,3507951.88631810,0
1654480800000,30835.53000000,31116.97000000,30828.10000000,30897.09000000,177.96160000,1654484399999,5507667.50618480,5210,111.17247000,3440354.11360970,0
1654484400000,30901.51000000,31248.80000000,30900.11000000,31230.11000000,162.99317000,1654487999999,5066212.36285520,4882,98.55298000,3063731.76782460,0
1654488000000,31227.07000000,31323.15000000,31050.01000000,31194.09000000,144.38276000,1654491599999,4508002.78336330,3758,58.41398000,1823796.12953710,0
1654491600000,31193.69000000,31259.41000000,31126.62000000,31139.52000000,70.11763000,1654495199999,2187185.11403220,2539,34.80578000,1085434.92684450,0
1654495200000,31144.57000000,31400.67000000,31137.36000000,31247.06000000,115.56079000,1654498799999,3610845.56314530,3835,61.96365000,1936477.56775610,0
1654498800000,31247.06000000,31400.00000000,31168.15000000,31269.46000000,105.69341000,1654502399999,3305616.29872050,3444,47.78129000,1494469.27815910,0
1654502400000,31268.04000000,31448.43000000,31256.25000000,31440.00000000,131.00811000,1654505999999,4108226.86193030,4160,73.32254000,2299640.82492800,0
1654506000000,31440.00000000,31517.98000000,31354.12000000,31450.14000000,100.31090000,1654509599999,3151777.68584900,2864,45.95764000,1444723.24150830,0
1654509600000,31450.03000000,31512.97000000,31361.66000000,31453.89000000,81.07904000,1654513199999,2548885.02097940,2511,36.36983000,1143471.47827490,0
1654513200000,31456.46000000,31569.05000000,31307.49000000,31375.64000000,157.41308000,1654516799999,4942584.60933540,3992,76.81407000,2412429.06438530,0
1654516800000,31378.36000000,31455.51000000,31321.83000000,31384.85000000,106.78462000,1654520399999,3352047.51088130,3709,47.81995000,1500989.74294480,0
1654520400000,31386.61000000,31500.00000000,31231.49000000,31416.31000000,164.87776000,1654523999999,5170159.81368810,4676,69.98163000,2195103.64382820,0
1654524000000,31427.39000000,31741.11000000,31396.05000000,31483.15000000,249.52715000,1654527599999,7881719.01726540,6549,102.85299000,3249036.00961190,0
1654527600000,31480.54000000,31531.92000000,31091.37000000,31511.80000000,230.16757000,1654531199999,7210276.83864350,6175,96.72363000,3030526.39104900,0
1654531200000,31514.66000000,31529.78000000,31189.82000000,31284.82000000,188.96988000,1654534799999,5925460.43766510,4745,104.77356000,3286265.69362960,0
1654534800000,31284.67000000,31344.49000000,31028.87000000,31318.59000000,171.29301000,1654538399999,5344479.28851500,4929,83.90475000,2618661.05222670,0
1654538400000,31321.12000000,31411.33000000,31197.97000000,31330.06000000,75.88986000,1654541999999,2375805.73314890,3070,39.51288000,1237230.34718120,0
1654542000000,31323.68000000,31464.53000000,31212.40000000,31449.37000000,90.76700000,1654545599999,2841947.46754560,2884,48.07714000,1505324.06629620,0
1654545600000,31447.54000000,31520.31000000,31249.15000000,31426.05000000,90.31686000,1654549199999,2834436.35016500,3233,44.70890000,1403122.36939840,0
1654549200000,31434.90000000,31573.91000000,31381.42000000,31460.87000000,65.45827000,1654552799999,2062005.55523880,2379,27.73588000,873565.64111370,0
1654552800000,31453.86000000,31510.00000000,31357.20000000,31369.05000000,53.41465000,1654556399999,1678397.32675620,1444,25.36827000,797165.69760180,0
1654556400000,31369.00000000,31404.16000000,31289.20000000,31345.38000000,54.72807000,1654559999999,1714724.68907750,1882,24.62503000,771532.12259310,0
1654560000000,31347.27000000,31354.51000000,30116.26000000,30175.27000000,433.21420000,1654563599999,13267560.17142510,9276,171.03451000,5244181.26312450,0
1654563600000,30157.14000000,30247.96000000,29308.78000000,29539.48000000,242.46076000,1654567199999,7223752.76393410,7381,98.84708000,2947485.38350570,0
1654567200000,29547.65000000,29548.23000000,29200.00000000,29373.73000000,205.30647000,1654570799999,6026024.84444580,6517,87.13771000,2557780.82138290,0
1654570800000,29364.56000000,29648.01000000,29315.13000000,29539.23000000,169.24544000,1654574399999,4990832.26893530,4179,56.75541000,1674780.91048960,0
1654574400000,29539.23000000,29591.60000000,29434.24000000,29503.68000000,125.03943000,1654577999999,3689182.81638750,3836,37.95153000,1119834.99251790,0
1654578000000,29504.15000000,29609.32000000,29385.11000000,29462.28000000,103.17229000,1654581599999,3042606.49409100,3508,45.80106000,1350774.10909720,0
1654581600000,29457.60000000,29539.85000000,29423.09000000,29501.10000000,102.10281000,1654585199999,3010247.72766590,2907,49.03878000,1445806.36808220,0
1654585200000,29498.33000000,29575.04000000,29471.11000000,29561.85000000,96.90951000,1654588799999,2861516.84457900,2669,50.65806000,1495865.21582390,0
1654588800000,29561.83000000,29715.36000000,29536.92000000,29629.96000000,115.21950000,1654592399999,3411835.92947620,3275,63.73560000,1887394.20781050,0
1654592400000,29629.96000000,29641.07000000,29523.98000000,29541.66000000,78.04728000,1654595999999,2307811.92433530,2276,42.84249000,1266926.60910240,0
1654596000000,29541.66000000,29632.97000000,29512.31000000,29578.06000000,83.44286000,1654599599999,2467378.73948000,2254,44.24243000,1308069.70342490,0
1654599600000,29578.06000000,29595.43000000,29320.26000000,29501.27000000,181.20219000,1654603199999,5342548.84814220,3915,47.31486000,1394319.53215590,0
1654603200000,29498.80000000,29550.00000000,29379.91000000,29481.43000000,152.98885000,1654606799999,4508675.99806500,3351,96.81587000,2853362.38814460,0
1654606800000,29481.43000000,29682.29000000,29404.97000000,29544.63000000,122.86462000,1654610399999,3631901.85732410,3975,62.72009000,1853867.84010920,0
1654610400000,29543.20000000,30018.24000000,29482.84000000,29879.86000000,226.57768000,1654613999999,6748653.40700150,6164,107.81945000,3210158.68580210,0
1654614000000,29888.90000000,29993.99000000,29750.48000000,29865.63000000,118.97375000,1654617599999,3552776.14435600,4255,55.26345000,1649933.92567430,0
1654617600000,29866.26000000,29923.78000000,29725.47000000,29890.97000000,94.00369000,1654621199999,2805967.38763930,3102,51.31552000,1531471.16443040,0
1654621200000,29887.35000000,29960.30000000,29842.10000000,29921.35000000,79.92756000,1654624799999,2390773.63078130,2398,38.69177000,1157239.70278980,0
1654624800000,29921.40000000,30239.97000000,29901.21000000,30168.40000000,146.50510000,1654628399999,4412710.05669350,3884,75.87556000,2285461.66768060,0
1654628400000,30170.09000000,31390.00000000,30161.78000000,31028.59000000,430.32631000,1654631999999,13268499.85011970,9770,286.80152000,8849576.99603270,0
1654632000000,31031.58000000,31560.43000000,31027.50000000,31325.86000000,380.17939000,1654635599999,11913530.41079390,10998,238.62707000,7478323.05165490,0
1654635600000,31326.32000000,31523.05000000,31249.18000000,31377.47000000,165.28345000,1654639199999,5189383.98366860,4011,118.44588000,3719184.98176260,0
1654639200000,31380.90000000,31520.00000000,30256.16000000,31247.03000000,316.32227000,1654642799999,9818250.84425290,8678,132.93352000,4126880.65300410,0
1654642800000,31240.24000000,31380.00000000,30886.95000000,31103.10000000,176.41716000,1654646399999,5487812.04466700,6159,94.81566000,2949652.36903100,0
1654646400000,31105.24000000,31299.60000000,31030.01000000,31055.07000000,92.36224000,1654649999999,2878911.09107200,3452,44.25391000,1379380.80309990,0
1654650000000,31056.12000000,31203.12000000,30711.23000000,31096.56000000,142.19031000,1654653599999,4406267.78219500,5051,69.13983000,2142883.83438550,0
1654653600000,31097.90000000,31222.07000000,30937.45000000,30951.26000000,81.35702000,1654657199999,2529461.46309710,2364,40.42160000,1256807.09385240,0
1654657200000,30958.65000000,31007.81000000,29819.64000000,29996.82000000,372.60992000,1654660799999,11262172.88151310,11468,164.14348000,4957222.68240040,0
1654660800000,30004.43000000,30374.18000000,29849.12000000,30228.95000000,167.00590000,1654664399999,5034745.87466480,4902,85.92004000,2591346.47031530,0
1654664400000,30218.47000000,30626.76000000,30193.95000000,30530.46000000,112.75637000,1654667999999,3427163.25829580,3664,55.51385000,1688031.23044570,0
1654668000000,30524.49000000,30665.84000000,30335.84000000,30514.57000000,106.77818000,1654671599999,3253420.50881800,3401,47.28997000,1440944.40274050,0
1654671600000,30512.96000000,30617.48000000,30289.45000000,30545.05000000,88.34326000,1654675199999,2689142.56707820,2920,44.63431000,1358834.97876670,0
1654675200000,30545.06000000,30599.45000000,30413.07000000,30479.93000000,72.03217000,1654678799999,2197473.72390350,2455,35.86271000,1094084.49272890,0
1654678800000,30488.42000000,30556.76000000,30357.60000000,30514.13000000,62.19390000,1654682399999,1893882.65756180,2854,32.36983000,985596.37207300,0
1654682400000,30513.51000000,30518.21000000,30302.81000000,30370.00000000,52.76920000,1654685999999,1604491.96219850,1962,22.33406000,679228.92102300,0
1654686000000,30370.00000000,30488.95000000,30323.31000000,30394.72000000,93.85557000,1654689599999,2855472.21483640,3096,49.42525000,1503762.71630280,0
1654689600000,30394.03000000,30436.29000000,30069.81000000,30123.47000000,123.10958000,1654693199999,3725765.61032710,4379,59.66923000,1805473.33750030,0
1654693200000,30117.46000000,30887.60000000,30040.18000000,30747.84000000,296.48213000,1654696799999,9023568.51920470,7232,107.82996000,3291020.71454790,0
1654696800000,30752.01000000,30764.91000000,30314.33000000,30402.85000000,130.14626000,1654700399999,3973081.22964230,4587,58.90991000,1798324.89233350,0
1654700400000,30399.41000000,30540.18000000,30356.15000000,30455.95000000,97.11454000,1654703999999,2958051.06020740,3100,49.44543000,1506449.62592280,0
1654704000000,30458.54000000,30528.93000000,30191.89000000,30310.50000000,87.15928000,1654707599999,2646938.30112670,3622,42.96137000,1304829.22816060,0
1654707600000,30309.62000000,30440.28000000,30264.08000000,30363.60000000,52.83947000,1654711199999,1603524.06724380,2183,23.06384000,699904.28093470,0
1654711200000,30362.96000000,30397.72000000,29897.38000000,30214.96000000,140.33494000,1654714799999,4232699.53720590,4596,69.26675000,2089484.32468640,0
1654714800000,30206.03000000,30287.58000000,30053.19000000,30105.17000000,76.68629000,1654718399999,2313345.21345870,2646,39.60586000,1194391.25211320,0
1654718400000,30116.24000000,30295.42000000,30081.95000000,30183.15000000,40.39975000,1654721999999,1219475.66023880,1547,16.76710000,506258.02021980,0
1654722000000,30183.40000000,30487.32000000,30183.40000000,30402.65000000,52.06790000,1654725599999,1578106.70008620,1623,28.96216000,877745.46098070,0
1654725600000,30402.41000000,30433.27000000,30261.02000000,30289.85000000,32.06769000,1654729199999,972646.47128650,1320,16.70761000,506716.02260710,0
1654729200000,30287.87000000,30348.65000000,30166.00000000,30180.78000000,32.45644000,1654732799999,981754.30295170,1334,16.16460000,488980.11785220,0
1654732800000,30181.79000000,30255.19000000,30041.89000000,30201.36000000,81.11422000,1654736399999,2444145.39151160,2866,41.13568000,1239270.88615570,0
1654736400000,30199.87000000,30299.74000000,30069.35000000,30069.35000000,45.47698000,1654739999999,1373791.28297120,1764,18.69767000,564797.74461100,0
1654740000000,30066.53000000,30188.43000000,30052.84000000,30169.56000000,44.24900000,1654743599999,1333702.68947950,1394,26.33032000,793574.20175420,0
1654743600000,30169.56000000,30275.75000000,30163.78000000,30270.26000000,41.59281000,1654747199999,1257205.33471860,1677,23.18676000,700799.80904340,0
1654747200000,30270.18000000,30279.01000000,30210.10000000,30242.40000000,25.11652000,1654750799999,759602.33395230,1143,12.19991000,368979.72936740,0
1654750800000,30242.40000000,30435.74000000,30223.88000000,30292.45000000,45.21784000,1654754399999,1371351.17089260,1878,21.40801000,649210.62592550,0
1654754400000,30292.85000000,30327.35000000,30127.61000000,30309.45000000,54.02361000,1654757999999,1635774.84740890,1564,23.37470000,708091.04596060,0
1654758000000,30309.02000000,30464.57000000,30290.17000000,30462.52000000,61.38055000,1654761599999,1863889.76736330,1885,34.81707000,1057287.90480950,0
1654761600000,30464.01000000,30563.12000000,30337.56000000,30481.90000000,64.48109000,1654765199999,1963079.74064620,2198,29.82509000,907995.11045460,0
1654765200000,30488.58000000,30676.49000000,30458.10000000,30522.58000000,144.35874000,1654768799999,4413248.56035210,3462,46.58364000,1423433.70019500,0
1654768800000,30527.29000000,30575.62000000,30364.71000000,30408.48000000,63.69522000,1654772399999,1942825.67851880,2290,31.77779000,969296.11603690,0
1654772400000,30408.47000000,30431.99000000,30250.01000000,30280.39000000,87.54792000,1654775999999,2657948.49869770,3040,46.44835000,1410228.65577280,0
1654776000000,30278.65000000,30348.35000000,30000.00000000,30093.77000000,182.07964000,1654779599999,5488659.37582880,5592,87.71527000,2644666.93297650,0
1654779600000,30093.77000000,30246.63000000,29923.82000000,30145.53000000,170.36317000,1654783199999,5127191.05014890,5775,93.24961000,2805897.95951100,0
1654783200000,30145.15000000,30264.75000000,30040.46000000,30092.20000000,113.60964000,1654786799999,3425451.88354110,4144,61.46783000,1852964.73624440,0
1654786800000,30092.19000000,30363.08000000,30008.76000000,30284.98000000,106.60048000,1654790399999,3215607.65067760,3958,57.39388000,1731372.83889810,0
1654790400000,30278.23000000,30355.52000000,30156.91000000,30332.67000000,79.28937000,1654793999999,2397893.39012630,3053,41.90791000,1267161.62486050,0
1654794000000,30333.75000000,30428.26000000,30183.57000000,30298.85000000,72.81760000,1654797599999,2205084.80843110,3080,34.00204000,1029707.71544160,0
1654797600000,30299.32000000,30326.38000000,30111.12000000,30120.07000000,71.76175000,1654801199999,2166665.30499070,2983,35.26894000,1064800.45482410,0
1654801200000,30121.61000000,30150.03000000,29945.04000000,29993.06000000,137.49785000,1654804799999,4136161.93239290,3398,92.66595000,2787472.09279370,0
1654804800000,29985.66000000,30170.85000000,29939.22000000,30161.23000000,76.47560000,1654808399999,2300418.60387950,2805,42.75036000,1286039.36157840,0
1654808400000,30156.19000000,30384.06000000,30111.11000000,30118.37000000,120.16982000,1654811999999,3629073.49636400,2606,79.31049000,2396144.91544510,0
1654812000000,30114.98000000,30133.32000000,29988.88000000,30035.60000000,55.30474000,1654815599999,1661887.16086640,2357,22.22633000,667931.60297670,0
1654815600000,30043.07000000,30099.82000000,29960.92000000,30078.77000000,42.81718000,1654819199999,1285980.17842700,1766,20.13124000,604606.12000320,0
1654819200000,30084.96000000,30121.92000000,29543.13000000,29728.26000000,232.31619000,1654822799999,6916756.83761020,5573,101.60049000,3025388.67015790,0
1654822800000,29730.22000000,30027.47000000,29715.01000000,29861.86000000,110.54649000,1654826399999,3301364.90856890,3575,58.65656000,1751445.17814310,0
1654826400000,29856.81000000,30014.75000000,29846.07000000,30001.86000000,55.70847000,1654829999999,1669500.48802200,2039,27.24556000,816430.19226330,0
1654830000000,30004.96000000,30341.18000000,30004.72000000,30086.56000000,133.54986000,1654833599999,4028522.41906390,4021,67.39849000,2033290.34786730,0
1654833600000,30089.70000000,30122.51000000,30010.62000000,30067.13000000,82.66969000,1654837199999,2485270.63596950,2497,32.98753000,991789.58795350,0
1654837200000,30067.53000000,30169.16000000,30060.20000000,30077.23000000,40.90003000,1654840799999,1231898.59019190,1755,21.23767000,639628.18324290,0
1654840800000,30077.23000000,30197.01000000,30038.53000000,30071.25000000,113.85979000,1654844399999,3427499.64814110,2971,53.16475000,1600728.83543760,0
1654844400000,30071.25000000,30110.77000000,30028.99000000,30028.99000000,66.15064000,1654847999999,1989462.50030900,2316,25.97449000,781009.18947000,0
1654848000000,30028.79000000,30088.24000000,29966.02000000,29994.69000000,130.28549000,1654851599999,3911439.71615910,2817,37.80440000,1134781.12747950,0
1654851600000,29994.69000000,30045.39000000,29842.37000000,29868.87000000,184.87061000,1654855199999,5538076.42157160,4773,75.58474000,2264357.12968120,0
1654855200000,29867.38000000,29984.07000000,29843.50000000,29975.84000000,58.27849000,1654858799999,1743724.08428280,1980,30.85916000,923247.16618050,0
1654858800000,29976.87000000,30054.84000000,29942.66000000,29996.21000000,78.73127000,1654862399999,2361854.56002710,2104,32.96916000,988712.16568040,0
1654862400000,29996.38000000,30160.02000000,29475.00000000,29615.40000000,444.66026000,1654865999999,13209263.33389340,9174,217.16890000,6451927.33564400,0
1654866000000,29616.05000000,29697.01000000,29250.00000000,29371.58000000,347.31520000,1654869599999,10230836.47764300,9692,185.39209000,5461032.86291850,0
1654869600000,29372.84000000,29664.25000000,29204.04000000,29539.45000000,238.11133000,1654873199999,7007075.21845910,6227,107.26211000,3156902.60366530,0
1654873200000,29539.52000000,29599.35000000,29329.94000000,29432.07000000,174.28701000,1654876799999,5132575.45082810,4957,104.16672000,3067435.85474280,0
1654876800000,29427.65000000,29458.57000000,28820.00000000,29019.63000000,361.54636000,1654880399999,10504480.71117390,9126,174.19029000,5061526.68887270,0
1654880400000,29019.91000000,29249.63000000,28894.44000000,29085.18000000,228.09775000,1654883999999,6618682.31592840,5015,134.58261000,3905196.23847360,0
1654884000000,29085.05000000,29111.36000000,28948.48000000,29029.00000000,86.22157000,1654887599999,2503209.52742290,2806,47.71546000,1385208.46297220,0
1654887600000,29025.71000000,29135.82000000,28910.57000000,28948.27000000,142.29880000,1654891199999,4126898.80074170,3575,78.45143000,2274734.55005470,0
1654891200000,28958.64000000,29327.39000000,28938.70000000,29177.04000000,129.81218000,1654894799999,3783520.35357900,3452,77.44624000,2257143.96490930,0
1654894800000,29171.21000000,29378.20000000,29124.15000000,29170.05000000,54.15594000,1654898399999,1580486.41340710,1582,22.39952000,653434.78965800,0
1654898400000,29170.25000000,29361.17000000,29073.90000000,29148.66000000,67.44047000,1654901999999,1968634.43990620,1899,37.12772000,1083912.85395420,0
1654902000000,29149.41000000,29183.75000000,29004.06000000,29058.58000000,54.12291000,1654905599999,1574230.72534700,1881,31.43214000,914345.27304410,0
1654905600000,29062.21000000,29222.50000000,29016.72000000,29205.89000000,52.31416000,1654909199999,1525288.02555700,2039,24.29868000,708544.38937930,0
1654909200000,29205.41000000,29237.41000000,29152.77000000,29177.78000000,37.76294000,1654912799999,1102328.98584910,1452,14.87879000,434292.89815230,0
1654912800000,29177.18000000,29279.05000000,29153.91000000,29241.24000000,33.34400000,1654916399999,973610.15192210,1532,19.47820000,568707.57387690,0
1654916400000,29243.35000000,29281.45000000,29202.32000000,29240.10000000,35.57873000,1654919999999,1040395.78420010,1169,17.39869000,508753.29238380,0
1654920000000,29240.11000000,29355.24000000,29220.11000000,29350.90000000,41.36113000,1654923599999,1211554.99989160,1466,16.93618000,496180.74795200,0
1654923600000,29349.93000000,29473.70000000,29222.43000000,29252.24000000,64.79151000,1654927199999,1899548.00482840,2119,30.60429000,897693.89747020,0
1654927200000,29254.57000000,29288.46000000,29236.75000000,29284.12000000,33.60449000,1654930799999,983427.09591670,1424,15.93315000,466312.20469010,0
1654930800000,29284.25000000,29331.48000000,29259.10000000,29299.25000000,32.01723000,1654934399999,937997.85780550,1487,18.58055000,544387.87091860,0
1654934400000,29297.65000000,29317.33000000,28960.54000000,28961.55000000,137.59998000,1654937999999,4013819.43011990,3439,64.71503000,1886750.42763580,0
1654938000000,28963.24000000,29169.34000000,28700.00000000,29043.88000000,203.15313000,1654941599999,5880467.15820160,5563,90.95842000,2636237.92251220,0
1654941600000,29043.87000000,29092.32000000,28823.20000000,28891.46000000,89.29948000,1654945199999,2585634.43116880,3188,42.84269000,1240423.94669910,0
1654945200000,28891.46000000,28930.61000000,28555.01000000,28702.45000000,160.66895000,1654948799999,4615859.34392070,4938,71.10069000,2043294.11590280,0
1654948800000,28699.89000000,28820.04000000,28441.44000000,28442.81000000,221.69356000,1654952399999,6354281.79552740,5385,103.23667000,2961533.83849380,0
1654952400000,28445.33000000,28823.90000000,28308.35000000,28744.79000000,238.20964000,1654955999999,6805585.37913240,5561,136.39796000,3900259.96645010,0
1654956000000,28744.79000000,28749.76000000,28352.45000000,28389.13000000,217.99136000,1654959599999,6221037.68713500,5132,125.73488000,3589089.19575060,0
1654959600000,28393.61000000,28568.43000000,28220.01000000,28370.59000000,226.49646000,1654963199999,6421631.77801010,6240,93.27799000,2645656.59795400,0
1654963200000,28370.86000000,28472.41000000,28077.67000000,28436.16000000,262.89467000,1654966799999,7436902.10079910,6415,98.22689000,2780712.93049780,0
1654966800000,28440.00000000,28555.00000000,28361.48000000,28467.84000000,91.76919000,1654970399999,2612112.52935760,3014,42.68649000,1215408.16235250,0
1654970400000,28467.07000000,28760.29000000,28420.00000000,28583.34000000,123.53748000,1654973999999,3527581.32246910,3501,61.35950000,1752725.28242510,0
1654974000000,28581.27000000,28720.66000000,28562.36000000,28571.03000000,69.37405000,1654977599999,1987071.77908020,2143,38.44299000,1101037.04516180,0
1654977600000,28562.35000000,28591.19000000,28345.86000000,28369.45000000,112.50251000,1654981199999,3205180.62261650,3035,35.42354000,1008970.44876210,0
1654981200000,28373.58000000,28578.61000000,28358.01000000,28537.12000000,86.07554000,1654984799999,2453106.05428570,1791,33.59542000,957440.33752110,0
1654984800000,28527.72000000,28650.69000000,28507.28000000,28602.25000000,53.06564000,1654988399999,1516399.43988680,1282,13.83749000,395584.98828680,0
1654988400000,28604.51000000,28613.04000000,28218.10000000,28393.93000000,95.21543000,1654991999999,2703289.47723530,3121,35.89660000,1018754.35276160,0
1654992000000,28394.14000000,28500.90000000,28343.28000000,28477.23000000,85.15995000,1654995599999,2423275.65045350,2551,36.39924000,1035730.36956880,0
1654995600000,28471.92000000,28475.09000000,28133.77000000,28211.27000000,112.64440000,1654999199999,3189701.77098500,3223,52.81219000,1496858.64154790,0
1654999200000,28210.85000000,28312.41000000,27274.00000000,27303.25000000,426.17140000,1655002799999,11806903.60341730,10380,159.66793000,4424790.87036610,0
1655002800000,27383.23000000,27726.76000000,27248.04000000,27516.51000000,279.04846000,1655006399999,7677577.66598070,5122,100.25245000,2758612.67505460,0
1655006400000,27513.30000000,27621.51000000,27391.38000000,27407.01000000,181.91597000,1655009999999,5002296.79036650,3879,39.61948000,1089455.79209870,0
1655010000000,27400.40000000,27438.41000000,27152.57000000,27242.17000000,434.49181000,1655013599999,11850367.45897420,6721,298.37988000,8134043.89221430,0
1655013600000,27237.34000000,27511.51000000,27210.04000000,27447.24000000,146.75395000,1655017199999,4022613.91087630,4062,73.12460000,2004240.87416360,0
1655017200000,27450.32000000,27642.36000000,27339.85000000,27610.10000000,122.85680000,1655020799999,3371604.29966940,3552,49.54336000,1360000.64209860,0
1655020800000,27608.56000000,27676.86000000,27498.14000000,27530.22000000,109.68763000,1655024399999,3024800.53741570,3310,46.68972000,1287906.53903880,0
1655024400000,27530.22000000,27575.44000000,27410.00000000,27433.03000000,115.94197000,1655027999999,3188504.71387360,3135,66.60689000,1831823.25070200,0
1655028000000,27431.18000000,27544.15000000,27325.34000000,27409.29000000,152.48519000,1655031599999,4183819.23628500,4010,66.53150000,1826278.95566400,0
1655031600000,27407.23000000,27490.22000000,27311.63000000,27422.75000000,127.39162000,1655035199999,3490121.54141550,3456,48.25706000,1322174.96730820,0
1655035200000,27422.75000000,27562.80000000,27390.00000000,27402.09000000,76.01580000,1655038799999,2088030.62680520,2633,35.56710000,977454.15918720,0
1655038800000,27392.00000000,27440.02000000,27199.92000000,27274.64000000,124.39523000,1655042399999,3400042.63689200,3675,58.99744000,1612551.85875540,0
1655042400000,27267.88000000,27951.16000000,26850.00000000,27767.22000000,467.04462000,1655045999999,12824913.62521120,11150,172.69478000,4744574.43143040,0
1655046000000,27786.54000000,28300.00000000,27746.68000000,28057.63000000,304.45611000,1655049599999,8544612.03057940,7356,163.73512000,4596135.87839030,0
1655049600000,28054.13000000,28139.69000000,27781.00000000,27893.56000000,108.46740000,1655053199999,3033703.14666710,3301,53.77032000,1503566.43145120,0
1655053200000,27895.03000000,28200.00000000,27882.32000000,28100.03000000,171.65221000,1655056799999,4816791.16873130,4013,108.34830000,3039854.92952990,0
1655056800000,28089.70000000,28106.38000000,27847.22000000,27873.18000000,126.88760000,1655060399999,3547332.98450130,3405,65.95853000,1844105.75007230,0
1655060400000,27873.97000000,27903.59000000,27389.95000000,27389.95000000,176.74234000,1655063999999,4878335.31253310,4187,78.98896000,2180993.00089740,0
1655064000000,27387.26000000,27518.38000000,27331.36000000,27344.51000000,153.99458000,1655067599999,4222308.07302870,3126,81.46310000,2233180.68751190,0
1655067600000,27344.50000000,27495.11000000,27305.50000000,27331.47000000,82.80018000,1655071199999,2268718.84868380,1925,29.63965000,812128.98804890,0
1655071200000,27336.44000000,27416.80000000,26894.95000000,26952.94000000,221.33579000,1655074799999,6001608.24348300,5572,98.42934000,2670779.95761100,0
1655074800000,26964.85000000,27152.19000000,26528.00000000,26542.47000000,238.14203000,1655078399999,6391249.56882610,5652,87.32343000,2348023.59786250,0
1655078400000,26554.24000000,26856.27000000,26255.00000000,26266.12000000,506.61723000,1655081999999,13481720.10245820,8952,147.03608000,3907797.54317350,0
1655082000000,26259.36000000,26428.34000000,25569.46000000,25727.45000000,676.01365000,1655085599999,17559932.87996720,12991,233.40806000,6063040.62211930,0
1655085600000,25721.99000000,25832.49000000,25300.00000000,25310.08000000,514.60738000,1655089199999,13149513.25819260,11480,210.02335000,5371822.15900710,0
1655089200000,25309.72000000,25639.50000000,24887.49000000,25480.99000000,785.01723000,1655092799999,19791940.49008450,16585,281.79579000,7115233.56635920,0
1655092800000,25479.91000000,26220.21000000,25300.06000000,25365.69000000,511.01627000,1655096399999,13156738.29613190,9768,254.96880000,6566779.18708220,0
1655096400000,25354.33000000,25812.16000000,25164.56000000,25201.00000000,361.55643000,1655099999999,9211324.10608820,7807,174.36541000,4440989.28688050,0
1655100000000,25194.82000000,25575.39000000,25015.16000000,25325.65000000,414.00772000,1655103599999,10465283.99353880,8156,221.59444000,5603860.45600130,0
1655103600000,25318.83000000,25432.65000000,24541.78000000,24769.41000000,854.78642000,1655107199999,21315495.78870840,13335,290.10114000,7245851.30279870,0
1655107200000,24766.31000000,24901.22000000,24109.00000000,24137.48000000,926.65267800,1655110799999,22752905.34879252,17889,371.50393000,9130681.88648770,0
1655110800000,24138.54000000,24670.85000000,23747.44000000,24017.47000000,1123.28894300,1655114399999,27030089.61422526,25380,497.08313000,11976356.22805450,0
1655114400000,24012.11000000,24280.16000000,23800.00000000,23940.44000000,552.91847000,1655117999999,13282416.36253310,12891,272.30000000,6542808.06619620,0
1655118000000,23937.71000000,24045.00000000,23427.79000000,23671.18000000,775.56345000,1655121599999,18330041.82557546,15852,316.30895300,7480371.15426910,0
1655121600000,23675.12000000,24403.69000000,23603.07000000,23634.17000000,598.62559000,1655125199999,14330781.37690820,15202,298.82759000,7157941.09726630,0
1655125200000,23641.73000000,24000.00000000,23309.86000000,23616.96000000,850.00427000,1655128799999,20053014.36799750,19475,326.42499000,7703891.29205770,0
1655128800000,23616.93000000,23708.75000000,22578.89000000,22770.58000000,1307.53484600,1655132399999,30111263.51288820,23688,457.77680000,10589797.99727640,0
1655132400000,22769.23000000,23465.90000000,22589.07000000,23234.71000000,779.15212000,1655135999999,17922393.38862520,17512,367.55973000,8452741.74065930,0
1655136000000,23234.71000000,24175.67000000,23091.31000000,23701.22000000,751.64186000,1655139599999,17876928.86353950,15362,288.76359000,6865630.87850910,0
1655139600000,23700.44000000,23721.08000000,23075.72000000,23508.10000000,435.63958000,1655143199999,10188656.65231020,7938,187.88017000,4394007.09269360,0
1655143200000,23508.03000000,23773.36000000,23332.35000000,23344.97000000,301.43958000,1655146799999,7100407.04530170,5723,98.11940000,2311772.13816560,0
1655146800000,23346.04000000,23372.67000000,23070.89000000,23167.68000000,322.81794000,1655150399999,7497846.60107480,5147,169.36120000,3933129.59573340,0
1655150400000,23156.48000000,23769.91000000,23156.48000000,23211.92000000,326.74964000,1655153999999,7658906.57176360,5692,126.24687000,2955986.42150010,0
1655154000000,23211.92000000,23349.25000000,22830.19000000,23030.41000000,253.40423000,1655157599999,5848038.86089800,4359,91.05605000,2104707.96767980,0
1655157600000,23023.99000000,23126.43000000,22537.09000000,22566.02000000,361.40381000,1655161199999,8240602.02094080,5912,109.82392000,2511570.52053580,0
1655161200000,22555.00000000,22663.00000000,21903.55000000,22454.15000000,973.82899500,1655164799999,21682160.03356407,12446,282.45797000,6291609.80816590,0
1655164800000,22461.70000000,22758.57000000,21723.12000000,21732.48000000,590.40728000,1655168399999,13158442.90932060,11323,236.57133000,5283655.06330290,0
1655168400000,21722.83000000,21852.16000000,20821.00000000,20824.22000000,1315.41693100,1655171999999,27981425.06879007,20837,431.97898300,9211422.27002209,0
1655172000000,20828.63000000,21735.99000000,20818.00000000,21512.73000000,1032.08705000,1655175599999,21939321.39177880,17701,584.97610000,12434879.42972160,0
1655175600000,21512.45000000,22252.09000000,21297.25000000,22096.52000000,738.99894000,1655179199999,16165531.37509600,12037,354.02230000,7748894.92148860,0
1655179200000,22108.04000000,22470.27000000,21746.16000000,21942.89000000,713.43064000,1655182799999,15723482.46707200,13235,300.96635000,6615977.32269000,0
1655182800000,21953.34000000,23326.52000000,21890.03000000,22732.98000000,826.62625000,1655186399999,18752401.05046900,16665,415.04035000,9424834.65589440,0
1655186400000,22723.58000000,22886.25000000,22288.55000000,22596.61000000,631.71738000,1655189999999,14206921.42686310,11244,394.17643000,8855158.38803340,0
1655190000000,22597.26000000,23011.76000000,22140.65000000,22847.39000000,623.83309000,1655193599999,14124961.97386450,12865,357.28225000,8101120.17732020,0
1655193600000,22843.85000000,22945.22000000,22538.72000000,22562.15000000,440.31100000,1655197199999,10012145.17183690,8792,222.42910000,5054978.46596570,0
1655197200000,22576.35000000,22667.46000000,22257.09000000,22262.23000000,322.25830000,1655200799999,7239012.82716400,7409,140.63195000,3159146.29480850,0
1655200800000,22268.34000000,22609.14000000,22215.66000000,22349.65000000,297.43057000,1655204399999,6663742.76442070,7214,132.21549000,2960494.97288560,0
1655204400000,22352.72000000,22391.61000000,21700.00000000,21959.24000000,489.48016000,1655207999999,10768882.66679820,10763,233.82438000,5142029.91487760,0
1655208000000,21964.32000000,22433.19000000,21781.68000000,22120.11000000,496.97855000,1655211599999,10970774.29976570,10975,198.47337000,4374498.68502420,0
1655211600000,22119.89000000,22553.76000000,21963.09000000,22380.69000000,395.49919000,1655215199999,8820804.56702300,10204,210.88673000,4704328.33270270,0
1655215200000,22388.47000000,22531.68000000,22000.00000000,22486.32000000,1131.54673000,1655218799999,25304312.52805360,14099,235.62476000,5256387.34957090,0
1655218800000,22494.26000000,22800.00000000,22197.84000000,22656.31000000,415.85487000,1655222399999,9377132.67482300,10747,219.62940000,4955830.75936240,0
1655222400000,22651.71000000,22757.95000000,22400.00000000,22459.30000000,267.44351000,1655225999999,6028676.43041650,7666,112.05865000,2527326.77548780,0
1655226000000,22459.24000000,22713.89000000,22306.56000000,22342.18000000,200.45805000,1655229599999,4507825.20697680,6213,115.61482000,2600308.77835240,0
1655229600000,22333.17000000,22563.24000000,22207.49000000,22273.90000000,698.12618000,1655233199999,15643070.34410320,11025,130.05385000,2913068.16231240,0
1655233200000,22270.32000000,22306.87000000,22091.53000000,22162.62000000,163.54757000,1655236799999,3627821.52105980,5332,83.38918000,1850257.78201370,0
1655236800000,22170.02000000,22222.55000000,21812.51000000,21965.34000000,363.50615000,1655240399999,7989326.18298600,6519,151.25669000,3329140.17992700,0
1655240400000,21974.91000000,22075.85000000,21343.54000000,21464.96000000,340.34001000,1655243999999,7379827.65417430,6169,127.82651000,2763404.38694460,0
1655244000000,21462.60000000,21630.07000000,21451.06000000,21576.70000000,390.29273000,1655247599999,8420158.52300300,5799,98.43519000,2122474.35243740,0
1655247600000,21572.42000000,22302.02000000,21559.30000000,22111.51000000,347.64233000,1655251199999,7634888.25289820,6358,143.86069000,3157584.77586440,0
1655251200000,22115.64000000,22135.61000000,21708.63000000,21785.63000000,252.33829000,1655254799999,5539683.01014310,4890,121.89952000,2676926.10849670,0
1655254800000,21778.74000000,22275.46000000,21748.15000000,22133.24000000,291.57306000,1655258399999,6431630.88241440,7501,126.24361000,2780462.13873580,0
1655258400000,22137.14000000,22156.37000000,21827.19000000,21959.90000000,213.81293000,1655261999999,4693426.28258780,5475,115.70332000,2539015.68998930,0
1655262000000,21959.99000000,22016.89000000,21359.40000000,21427.60000000,353.50356000,1655265599999,7661691.43919460,7361,196.92996000,4268218.82054400,0
1655265600000,21424.18000000,21461.93000000,20900.80000000,21117.73000000,756.46183000,1655269199999,15966888.12901120,12551,245.90762000,5192073.58321900,0
1655269200000,21115.71000000,21326.73000000,20705.00000000,21181.70000000,440.04154000,1655272799999,9257898.18052330,8636,183.86233000,3871458.57331760,0
1655272800000,21181.40000000,21370.84000000,20935.00000000,21301.62000000,506.48950000,1655276399999,10717146.07495720,7793,293.23145000,6205065.58418580,0
1655276400000,21297.37000000,21410.16000000,20631.50000000,20684.33000000,737.02735000,1655279999999,15400435.23728750,10088,234.24594000,4906793.27881550,0
1655280000000,20681.68000000,20719.48000000,20150.00000000,20225.71000000,1330.29383000,1655283599999,27175336.24781860,16632,478.24712000,9774524.76249680,0
1655283600000,20222.10000000,20399.74000000,20071.34000000,20200.45000000,752.82923000,1655287199999,15185438.84411904,10849,295.53408000,5966509.04383120,0
1655287200000,20202.00000000,20799.99000000,20156.26000000,20535.38000000,582.03835000,1655290799999,11927307.92525810,10831,279.04137000,5715788.97771880,0
1655290800000,20544.20000000,21262.41000000,20347.15000000,21136.37000000,383.04921000,1655294399999,7982109.96905390,9107,195.53877000,4074717.41685800,0
1655294400000,21142.74000000,21600.00000000,21016.15000000,21165.83000000,448.03434000,1655297999999,9513083.03453490,9554,219.91668000,4678750.21650940,0
1655298000000,21165.48000000,21763.41000000,21122.23000000,21531.58000000,504.14990000,1655301599999,10814365.52656920,11295,274.86393000,5895061.84991400,0
1655301600000,21531.86000000,21755.58000000,21059.94000000,21190.41000000,397.73188000,1655305199999,8481248.22562020,9857,211.23320000,4503393.04043300,0
1655305200000,21178.83000000,21472.51000000,21092.41000000,21394.43000000,361.73855000,1655308799999,7694582.09730040,7816,170.38192000,3624748.94796450,0
1655308800000,21391.93000000,21549.30000000,20615.00000000,20697.53000000,499.20012000,1655312399999,10490298.36489740,10376,254.82028000,5364296.90761340,0
1655312400000,20697.23000000,21581.87000000,20476.16000000,21058.54000000,706.27518000,1655315999999,14701534.80459330,13245,360.01909000,7513890.87007920,0
1655316000000,21093.33000000,22444.00000000,20227.04000000,21520.07000000,1803.06348000,1655319599999,38168179.26723610,33588,928.10166000,19668454.02981720,0
1655319600000,21537.09000000,22257.92000000,21430.94000000,21602.13000000,684.92572000,1655323199999,14882471.62423950,10946,289.27915000,6298839.33038880,0
1655323200000,21595.41000000,21896.89000000,21401.50000000,21651.04000000,250.59113000,1655326799999,5430876.29495490,5942,137.95826000,2990444.77866780,0
1655326800000,21659.86000000,22450.00000000,21618.72000000,22173.95000000,241.45106000,1655330399999,5321312.43742570,4262,124.84366000,2753402.60131790,0
1655330400000,22187.35000000,22787.70000000,22179.83000000,22450.75000000,557.83602000,1655333999999,12538802.69016550,8761,319.59731000,7182629.70496240,0
1655334000000,22443.16000000,22656.56000000,22385.40000000,22555.75000000,276.02075000,1655337599999,6211485.47445290,5031,152.56459000,3432808.65752050,0
1655337600000,22555.56000000,22788.77000000,22455.44000000,22654.58000000,376.13207000,1655341199999,8500342.20353500,7141,162.32740000,3668026.23062520,0
1655341200000,22645.02000000,22978.83000000,22324.46000000,22339.99000000,690.07712000,1655344799999,15595457.97207120,10157,336.07232000,7587297.83523640,0
1655344800000,22339.78000000,22513.82000000,22300.04000000,22422.06000000,185.37274000,1655348399999,4157101.80964740,4982,87.50209000,1961812.64792300,0
1655348400000,22425.28000000,22500.00000000,22141.87000000,22183.24000000,255.48096000,1655351999999,5694733.96956440,5320,147.50289000,3289610.00759040,0
1655352000000,22183.23000000,22336.90000000,22002.09000000,22062.98000000,151.51734000,1655355599999,3360091.41941550,4226,85.74437000,1901381.00013910,0
1655355600000,22066.32000000,22167.90000000,21889.00000000,21912.42000000,151.08174000,1655359199999,3327780.51357560,3841,86.19878000,1898811.00210780,0
1655359200000,21913.53000000,21977.12000000,21685.66000000,21772.97000000,188.15351000,1655362799999,4104761.39723220,4812,94.24197000,2055728.63153020,0
1655362800000,21771.10000000,21983.88000000,21604.52000000,21738.35000000,289.22470000,1655366399999,6294578.08587790,7614,130.50899000,2841776.14867290,0
1655366400000,21739.14000000,21863.18000000,21578.03000000,21755.59000000,250.21643000,1655369999999,5435119.93397270,5661,138.80854000,3015683.91601140,0
1655370000000,21758.86000000,21762.85000000,21111.00000000,21249.31000000,483.04085000,1655373599999,10284449.91484860,8937,214.16284000,4563700.89809270,0
1655373600000,21244.23000000,21327.87000000,20839.38000000,21225.75000000,342.45067000,1655377199999,7221691.39465330,7658,159.77750000,3371045.47761160,0
1655377200000,21219.24000000,21266.74000000,20875.14000000,21026.73000000,313.72096000,1655380799999,6626417.49281530,8267,141.87357000,2996106.38444400,0
1655380800000,21019.55000000,21492.08000000,20901.00000000,21125.30000000,310.79988000,1655384399999,6586553.86707300,8351,172.48303000,3655646.19423520,0
1655384400000,21120.35000000,21331.48000000,20889.02000000,20998.01000000,301.59518000,1655387999999,6367924.50262490,8352,148.31423000,3133484.06522940,0
1655388000000,20987.35000000,21127.42000000,20730.37000000,20900.75000000,524.71315000,1655391599999,10973575.81882760,12124,242.44568000,5068278.92870770,0
1655391600000,20897.76000000,21302.40000000,20891.57000000,21045.63000000,278.54739000,1655395199999,5876732.94319000,7300,147.82555000,3120815.88339830,0
1655395200000,21048.34000000,21221.66000000,20783.37000000,21152.75000000,298.72105000,1655398799999,6281286.35323950,8331,163.64510000,3442242.17248650,0
1655398800000,21160.22000000,21426.42000000,21033.30000000,21041.53000000,252.49964000,1655402399999,5361026.37909470,6860,119.69353000,2540562.29440040,0
1655402400000,21039.47000000,21087.54000000,20843.35000000,21003.12000000,239.83457000,1655405999999,5029567.20730050,5783,113.07239000,2372947.62074850,0
1655406000000,21002.91000000,21103.22000000,20831.10000000,20853.84000000,214.49747000,1655409599999,4494441.56355000,5147,125.89142000,2639808.53292100,0
1655409600000,20845.84000000,21019.68000000,20480.70000000,20681.20000000,286.11755000,1655413199999,5916299.94295640,6494,126.30836000,2616338.98655730,0
1655413200000,20675.46000000,20923.74000000,20601.54000000,20646.68000000,142.06014000,1655416799999,2948374.27194580,3666,58.02130000,1205371.83032210,0
1655416800000,20654.29000000,20676.73000000,20311.40000000,20341.36000000,194.07043000,1655420399999,3977172.11450490,5015,82.43133000,1690965.55695140,0
1655420400000,20343.39000000,20463.36000000,20208.32000000,20373.88000000,245.76161000,1655423999999,4989919.15383000,3949,102.80972000,2088645.64659500,0
1655424000000,20372.70000000,20620.82000000,20202.86000000,20337.83000000,351.03978000,1655427599999,7163219.66687790,4992,197.35543000,4030381.30328740,0
1655427600000,20333.07000000,20904.12000000,20322.86000000,20856.03000000,441.33679000,1655431199999,9075025.17813860,7663,177.88552000,3664683.47729870,0
1655431200000,20852.32000000,21052.99000000,20517.29000000,20552.92000000,203.36801000,1655434799999,4220549.46103890,4724,96.69668000,2008389.61999680,0
1655434800000,20550.84000000,20652.81000000,20321.44000000,20355.94000000,134.43751000,1655438399999,2757790.53826220,3356,61.56309000,1263376.88710310,0
1655438400000,20353.75000000,20614.04000000,20301.98000000,20508.45000000,177.24780000,1655441999999,3626030.43018980,3722,86.18441000,1762035.91512800,0
1655442000000,20508.46000000,20950.25000000,20500.00000000,20780.33000000,233.44835000,1655445599999,4838866.64385740,4787,134.49598000,2788186.60364570,0
1655445600000,20785.61000000,20960.06000000,20585.02000000,20871.29000000,227.77116000,1655449199999,4725876.10050210,5077,115.67892000,2401094.08767950,0
1655449200000,20873.70000000,21246.28000000,20800.00000000,21064.98000000,302.21395000,1655452799999,6357344.66721940,6503,176.63323000,3716091.34846850,0
1655452800000,21069.65000000,21337.16000000,20993.96000000,21040.75000000,293.07633000,1655456399999,6197425.82258960,6463,125.02151000,2644106.44949260,0
1655456400000,21038.45000000,21110.08000000,20843.25000000,20946.34000000,228.19660000,1655459999999,4791405.75259510,4799,104.64088000,2197407.20165160,0
1655460000000,20944.10000000,21135.48000000,20822.77000000,21090.62000000,241.64232000,1655463599999,5061758.37137110,5206,120.33673000,2521047.61136500,0
1655463600000,21090.97000000,21193.08000000,20920.01000000,20945.14000000,270.28714000,1655467199999,5699549.03877220,5074,133.15405000,2805827.14329000,0
1655467200000,20945.24000000,21026.04000000,20563.27000000,20626.69000000,266.95305000,1655470799999,5547900.66094930,5614,126.19199000,2625307.70221210,0
1655470800000,20627.48000000,20890.40000000,20540.27000000,20774.74000000,355.04349000,1655474399999,7354170.90320720,8633,162.52347000,3365036.98969990,0
1655474400000,20773.69000000,20783.72000000,20371.74000000,20522.16000000,350.37324000,1655477999999,7196625.48096920,8113,160.05969000,3288114.83446840,0
1655478000000,20521.66000000,20731.37000000,20500.01000000,20639.23000000,326.51051000,1655481599999,6724778.78291860,6533,129.12352000,2659263.70335940,0
1655481600000,20632.82000000,20771.39000000,20506.53000000,20546.76000000,318.66935000,1655485199999,6579828.02431480,6568,118.25333000,2442679.20613520,0
1655485200000,20547.63000000,20685.23000000,20488.00000000,20560.61000000,246.85190000,1655488799999,5075341.94528870,4946,145.53246000,2990471.06559770,0
1655488800000,20563.42000000,20627.63000000,20445.28000000,20492.92000000,177.01349000,1655492399999,3635295.23832860,3852,56.00965000,1149939.30898270,0
1655492400000,20491.32000000,20520.15000000,20415.61000000,20493.99000000,168.68061000,1655495999999,3453418.74246280,3377,74.21004000,1519317.29402300,0
1655496000000,20486.51000000,20709.00000000,20486.51000000,20629.17000000,241.04394000,1655499599999,4967823.64956510,4438,112.69758000,2320428.39262220,0
1655499600000,20635.24000000,20668.38000000,20486.72000000,20530.46000000,178.68557000,1655503199999,3676174.78758120,2381,93.77665000,1929130.58427960,0
1655503200000,20529.00000000,20643.91000000,20345.11000000,20428.31000000,310.76103000,1655506799999,6358859.25400340,5007,192.95178000,3949826.86200710,0
1655506800000,20426.66000000,20520.00000000,20402.52000000,20440.73000000,81.78151000,1655510399999,1673412.27439370,1933,55.12888000,1128060.43329320,0
1655510400000,20441.56000000,20749.77000000,20413.58000000,20538.86000000,209.29719000,1655513999999,4310867.12794760,4440,125.29343000,2580154.17142000,0
1655514000000,20542.77000000,20571.22000000,20350.00000000,20366.10000000,141.66703000,1655517599999,2897940.18986020,3689,73.18243000,1497300.12701570,0
1655517600000,20369.29000000,20495.04000000,20300.00000000,20448.42000000,165.88257000,1655521199999,3383504.55977130,4071,79.00873000,1612448.49822960,0
1655521200000,20446.40000000,20468.73000000,20352.14000000,20427.40000000,95.40176000,1655524799999,1946536.92288060,2503,53.76501000,1096986.56109870,0
1655524800000,20431.78000000,20470.35000000,20367.75000000,20464.19000000,76.82096000,1655528399999,1569289.09161730,2028,48.70444000,994805.17756100,0
1655528400000,20464.19000000,20511.49000000,20363.75000000,20391.48000000,95.76106000,1655531999999,1954598.37137830,2116,52.39886000,1069307.28775530,0
1655532000000,20400.35000000,20421.98000000,19100.00000000,19392.06000000,1017.42023700,1655535599999,20070544.78074075,14171,267.54683000,5275447.68912290,0
1655535600000,19414.35000000,19589.09000000,19050.00000000,19233.32000000,1033.95266000,1655539199999,19902137.70287220,14992,563.45006000,10842068.11372050,0
1655539200000,19228.00000000,19350.89000000,18722.00000000,18982.81000000,1196.32475500,1655542799999,22767104.46167289,17651,441.16149000,8396291.83907860,0
1655542800000,18983.01000000,19238.54000000,18869.05000000,19145.29000000,523.64936000,1655546399999,9975860.20558720,8548,243.97485000,4650342.30124490,0
1655546400000,19141.54000000,19516.88000000,19108.69000000,19375.17000000,588.81246000,1655549999999,11362423.64596910,9039,271.03240000,5238718.19654440,0
1655550000000,19370.09000000,19501.97000000,19185.20000000,19220.45000000,306.70377000,1655553599999,5930791.56432900,6251,140.28199000,2713640.51526780,0
1655553600000,19220.46000000,19258.16000000,19102.41000000,19126.14000000,290.83287000,1655557199999,5578195.94682640,5270,148.76820000,2852821.25022030,0
1655557200000,19130.86000000,19204.63000000,19057.01000000,19171.58000000,190.47749000,1655560799999,3643157.03311270,3987,106.11993000,2030671.59726840,0
1655560800000,19169.52000000,19252.21000000,19042.00000000,19051.13000000,299.77618000,1655564399999,5743268.36321340,4170,86.04701000,1648047.72833900,0
1655564400000,19051.32000000,19096.84000000,18917.97000000,18927.76000000,256.85003000,1655567999999,4884485.41958900,4507,110.18102000,2095605.93779790,0
1655568000000,18926.06000000,19068.33000000,18806.00000000,18847.42000000,391.88916000,1655571599999,7415504.36295680,5361,162.06934000,3070906.07343690,0
1655571600000,18847.73000000,18999.99000000,18500.00000000,18594.78000000,786.56589000,1655575199999,14689435.59436000,9409,371.94944000,6952078.37835910,0
1655575200000,18600.76000000,18709.95000000,18126.00000000,18185.36000000,870.35289100,1655578799999,15948674.96714810,13618,368.93072000,6763221.03072780,0
1655578800000,18192.57000000,18342.65000000,18010.00000000,18038.32000000,1247.74381000,1655582399999,22667736.60189790,17094,747.65527000,13594617.70522050,0
1655582400000,18042.57000000,18217.67000000,17589.89000000,17781.11000000,1519.00777900,1655585999999,27099844.76196631,19578,548.28162000,9781040.91343540,0
1655586000000,17783.95000000,18888.46000000,17737.20000000,18487.83000000,965.20454000,1655589599999,17610836.65649800,14751,612.05666000,11133430.87009930,0
1655589600000,18485.33000000,19461.85000000,18397.00000000,19151.75000000,812.80656000,1655593199999,15461254.23085610,13587,294.97615000,5602300.38699520,0
1655593200000,19164.73000000,19233.90000000,18877.70000000,18945.39000000,734.94806000,1655596799999,13981116.00722650,9317,536.31199000,10202087.09570300,0
1655596800000,18944.39000000,19177.00000000,18824.76000000,18939.85000000,603.84762000,1655600399999,11475219.88427410,7009,454.68480000,8641030.09321270,0
1655600400000,18951.36000000,19012.31000000,18384.16000000,18450.51000000,293.30324000,1655603999999,5485007.54837460,5016,151.74081000,2841270.95481560,0
1655604000000,18447.64000000,18523.97000000,18205.05000000,18356.78000000,321.33814000,1655607599999,5905299.97799230,5409,127.88465000,2350322.51205560,0
1655607600000,18354.90000000,18774.54000000,18238.84000000,18280.47000000,277.30077000,1655611199999,5139758.07170240,5346,131.40190000,2433785.94874780,0
1655611200000,18283.44000000,18590.76000000,18237.74000000,18477.02000000,264.19222000,1655614799999,4864268.63789970,5856,154.19895000,2838301.89116270,0
1655614800000,18478.06000000,18518.38000000,17891.27000000,18096.75000000,467.61284000,1655618399999,8489175.13865940,7926,212.63994000,3859090.26630530,0
1655618400000,18098.60000000,18453.66000000,18027.62000000,18230.00000000,442.06955000,1655621999999,8088564.07607380,7518,177.38154000,3245893.10961750,0
1655622000000,18231.40000000,18519.13000000,18217.54000000,18277.90000000,320.35909000,1655625599999,5875124.60823470,5247,192.64801000,3531689.27556900,0
1655625600000,18277.89000000,18683.66000000,18244.77000000,18638.62000000,465.20994000,1655629199999,8596254.73141220,7928,193.37037000,3569487.07551140,0
1655629200000,18638.01000000,19288.00000000,18550.00000000,18971.78000000,526.31174000,1655632799999,9953261.79905890,9464,258.54506000,4899829.45819940,0
1655632800000,18978.99000000,20030.00000000,18864.81000000,19881.35000000,715.86640000,1655636399999,13988490.51366160,10793,368.42101000,7198528.58516850,0
1655636400000,19878.66000000,19969.57000000,19524.53000000,19660.18000000,293.89749000,1655639999999,5790995.70046650,5988,131.19647000,2585665.87554920,0
1655640000000,19663.67000000,19900.00000000,19244.12000000,19318.94000000,428.02207000,1655643599999,8351285.58331370,8741,201.98107000,3942871.40357350,0
1655643600000,19320.43000000,19580.27000000,19097.32000000,19163.40000000,208.82789000,1655647199999,4040017.75805960,4831,91.86560000,1776995.25938260,0
1655647200000,19156.06000000,19480.27000000,19135.03000000,19433.17000000,204.40860000,1655650799999,3948145.54130000,4907,95.80255000,1851919.58930890,0
1655650800000,19447.87000000,19898.83000000,19302.65000000,19800.37000000,367.19324000,1655654399999,7215453.97779770,8130,201.44250000,3957495.59015200,0
1655654400000,19800.60000000,19842.00000000,19350.00000000,19501.44000000,183.21255000,1655657999999,3590169.27776460,5022,89.27647000,1749930.74313540,0
1655658000000,19495.06000000,19571.24000000,19368.19000000,19429.01000000,128.15535000,1655661599999,2494048.96937890,3760,59.99709000,1167605.82389460,0
1655661600000,19419.80000000,20252.52000000,19389.53000000,20221.21000000,246.19734000,1655665199999,4863131.15113410,6662,115.42943000,2284206.12509310,0
1655665200000,20228.73000000,20368.39000000,19809.53000000,20098.45000000,545.78964000,1655668799999,10962241.75839270,10028,223.57413000,4494401.91901000,0
1655668800000,20095.53000000,20694.00000000,20030.07000000,20614.48000000,514.85291000,1655672399999,10501656.32259670,10530,257.93358000,5265915.61682300,0
1655672400000,20617.36000000,20647.26000000,20253.00000000,20366.61000000,265.54203000,1655675999999,5420529.75672650,5297,133.74552000,2728918.70285600,0
1655676000000,20369.72000000,20800.00000000,20282.45000000,20664.17000000,355.65710000,1655679599999,7319919.74016160,9022,152.71734000,3144010.14099080,0
1655679600000,20664.89000000,20683.47000000,20386.52000000,20548.64000000,226.90718000,1655683199999,4652093.27082540,6197,90.56014000,1856951.75745030,0
1655683200000,20546.89000000,20641.50000000,20027.77000000,20031.89000000,414.20256000,1655686799999,8418246.80712640,8837,186.41580000,3788157.64826320,0
1655686800000,20034.32000000,20138.88000000,19603.63000000,19770.16000000,361.53260000,1655690399999,7173243.23789870,7587,213.93866000,4247416.17668980,0
1655690400000,19765.72000000,20106.69000000,19650.08000000,19916.97000000,277.53192000,1655693999999,5514442.33365980,7541,118.52389000,2354737.96971540,0
1655694000000,19914.88000000,20164.64000000,19829.07000000,19951.94000000,385.74458000,1655697599999,7714601.96169760,6665,222.16020000,4444306.20153380,0
1655697600000,19955.35000000,20146.60000000,19784.65000000,19838.06000000,203.15878000,1655701199999,4065635.73003060,5129,87.62641000,1754465.45823870,0
1655701200000,19832.32000000,20086.87000000,19749.97000000,20079.71000000,138.51887000,1655704799999,2754020.64204990,4120,70.83952000,1408665.83209050,0
1655704800000,20079.85000000,20229.65000000,19896.00000000,20112.66000000,162.69214000,1655708399999,3263311.82224670,4509,71.75743000,1439293.45017670,0
1655708400000,20108.19000000,20128.84000000,19853.75000000,20058.23000000,237.22451000,1655711999999,4733032.45867490,5909,87.55557000,1747164.93733730,0
1655712000000,20060.35000000,20628.33000000,19999.75000000,20537.52000000,378.92897000,1655715599999,7723917.04324760,9814,176.14080000,3590043.62910830,0
1655715600000,20540.68000000,20990.29000000,20451.46000000,20616.91000000,482.47177000,1655719199999,9990216.57491500,9922,245.37124000,5082415.77849500,0
1655719200000,20622.03000000,20967.56000000,20439.77000000,20867.10000000,393.39666000,1655722799999,8119350.13823730,8725,196.03045000,4046189.93923420,0
1655722800000,20860.68000000,21000.00000000,20655.00000000,20777.00000000,272.33718000,1655726399999,5663920.99855490,5483,116.74190000,2428745.43876810,0
1655726400000,20777.01000000,20792.08000000,20336.60000000,20534.43000000,367.66296000,1655729999999,7549068.56595710,7208,168.57876000,3462882.83149370,0
1655730000000,20532.76000000,20670.34000000,20358.97000000,20512.60000000,312.09478000,1655733599999,6399108.78728870,6926,150.90634000,3094552.76512730,0
1655733600000,20502.37000000,20909.86000000,20480.29000000,20825.73000000,542.77723000,1655737199999,11240731.12051270,7293,248.35136000,5149833.36656750,0
1655737200000,20826.16000000,21050.98000000,20559.96000000,20803.26000000,372.53253000,1655740799999,7730459.42734750,6242,175.14298000,3635042.66032120,0
1655740800000,20803.58000000,20808.65000000,20168.99000000,20262.03000000,321.99874000,1655744399999,6603655.49216290,5489,163.09580000,3341459.69667420,0
1655744400000,20259.22000000,20432.03000000,19930.56000000,19953.06000000,294.38238000,1655747999999,5949911.81472140,5545,124.37779000,2516171.57641990,0
1655748000000,19943.41000000,20096.20000000,19811.19000000,20020.47000000,239.89934000,1655751599999,4780855.70963620,5076,118.64222000,2366110.96890480,0
1655751600000,20020.43000000,20203.34000000,19866.27000000,20053.61000000,273.35688000,1655755199999,5478607.50832340,4904,148.50693000,2973875.73710750,0
1655755200000,20052.08000000,20505.00000000,19981.57000000,20428.18000000,190.65772000,1655758799999,3858772.43033880,4099,90.84792000,1837250.88648960,0
1655758800000,20428.92000000,20621.10000000,20291.61000000,20392.44000000,195.27030000,1655762399999,3992478.41315760,3336,124.10620000,2536709.46588740,0
1655762400000,20396.60000000,20560.57000000,20236.56000000,20466.55000000,394.69431000,1655765999999,8047376.55899250,6234,214.45250000,4360547.55360350,0
1655766000000,20465.40000000,20752.37000000,20352.38000000,20548.56000000,208.50443000,1655769599999,4275751.38340750,3529,146.58130000,3003251.72594950,0
1655769600000,20549.65000000,20703.08000000,20371.75000000,20647.35000000,284.73521000,1655773199999,5852694.05650720,5347,100.65281000,2068735.50337650,0
1655773200000,20648.06000000,20771.07000000,20482.83000000,20646.88000000,192.50513000,1655776799999,3969985.14531450,4512,78.72059000,1623937.97166830,0
1655776800000,20644.78000000,20672.98000000,20331.36000000,20406.71000000,195.67023000,1655780399999,4006548.68072230,4065,79.94549000,1638179.84683020,0
1655780400000,20402.27000000,20649.99000000,20331.48000000,20585.98000000,290.39210000,1655783999999,5948749.31926610,5129,167.12545000,3425910.66623360,0
1655784000000,20586.63000000,20721.10000000,20449.57000000,20632.33000000,205.78459000,1655787599999,4235062.43563700,4025,76.96874000,1583624.29091700,0
1655787600000,20640.33000000,20999.00000000,20594.58000000,20866.07000000,412.42477000,1655791199999,8570884.77489870,7035,208.59100000,4336235.02200000,0
1655791200000,20873.25000000,21178.00000000,20873.25000000,21169.64000000,524.25894000,1655794799999,11046442.95018000,7861,204.53878000,4309950.10783200,0
1655794800000,21166.58000000,21300.00000000,20913.40000000,21097.44000000,304.66048000,1655798399999,6430459.75951940,5645,150.57210000,3179390.67552600,0
1655798400000,21097.20000000,21471.91000000,21023.64000000,21327.56000000,366.29201000,1655801999999,7780963.34540170,6964,161.67120000,3435411.74031440,0
1655802000000,21342.76000000,21448.22000000,21144.24000000,21182.12000000,350.77543000,1655805599999,7455742.85082450,5465,157.31570000,3346624.23948430,0
1655805600000,21175.75000000,21298.52000000,21038.30000000,21270.98000000,526.66602000,1655809199999,11154185.33527970,7252,170.89736000,3613692.01480850,0
1655809200000,21273.73000000,21336.94000000,20887.17000000,20948.96000000,579.00200000,1655812799999,12206336.69882780,9039,167.69585000,3533283.29481700,0
1655812800000,20936.59000000,21143.99000000,20800.00000000,21079.42000000,452.07214000,1655816399999,9483971.45537010,7804,230.97402000,4845744.80372550,0
1655816400000,21079.41000000,21629.36000000,20968.21000000,21592.69000000,507.91190000,1655819999999,10843858.45558650,10641,229.10170000,4892808.61475520,0
1655820000000,21595.13000000,21699.98000000,21394.05000000,21572.00000000,445.73978000,1655823599999,9606616.14431400,10115,171.43641000,3693804.55179800,0
1655823600000,21571.96000000,21671.34000000,21314.94000000,21370.87000000,435.99237000,1655827199999,9352071.19660270,8110,243.86772000,5230654.26667550,0
1655827200000,21370.08000000,21533.14000000,21330.00000000,21377.52000000,243.10368000,1655830799999,5208510.32162380,5766,119.13058000,2552443.07052360,0
1655830800000,21377.85000000,21434.58000000,21168.59000000,21220.14000000,291.46137000,1655834399999,6204586.68537720,6525,127.43554000,2711590.95102990,0
1655834400000,21220.14000000,21233.94000000,21054.72000000,21074.20000000,423.05836000,1655837999999,8944412.75306630,7965,286.03009000,6046388.80765220,0
1655838000000,21074.81000000,21279.52000000,20851.10000000,20866.39000000,266.46488000,1655841599999,5611014.47868560,5570,178.81997000,3765162.67478840,0
1655841600000,20864.31000000,20960.98000000,20645.03000000,20838.52000000,330.79569000,1655845199999,6895755.62665460,6624,136.95637000,2851041.96543990,0
1655845200000,20838.51000000,21057.01000000,20780.29000000,20958.22000000,99.09836000,1655848799999,2070067.96947760,2948,45.44186000,949877.09875630,0
1655848800000,20950.07000000,20975.92000000,20719.02000000,20875.37000000,177.08203000,1655852399999,3688670.05112720,4157,69.10408000,1438246.32903880,0
1655852400000,20880.71000000,20916.85000000,20527.90000000,20699.78000000,173.22797000,1655855999999,3584160.75269160,4204,80.62678000,1667027.84502790,0
1655856000000,20699.78000000,20713.90000000,20436.38000000,20562.24000000,265.63223000,1655859599999,5466386.70968420,5516,139.72203000,2874724.22455120,0
1655859600000,20563.75000000,20693.69000000,20364.00000000,20390.77000000,260.69838000,1655863199999,5342765.64367970,5276,175.11403000,3585298.92591300,0
1655863200000,20390.21000000,20503.56000000,20301.82000000,20434.46000000,175.13531000,1655866799999,3574734.53495920,4937,96.05230000,1960903.46700990,0
1655866800000,20439.37000000,20551.34000000,20240.11000000,20292.35000000,202.85337000,1655870399999,4135953.56439280,4927,84.94812000,1732942.55196010,0
1655870400000,20290.22000000,20451.31000000,20245.25000000,20410.67000000,271.25038000,1655873999999,5521910.35028820,5874,148.32737000,3019639.34567820,0
1655874000000,20410.68000000,20588.54000000,20345.41000000,20348.11000000,187.83627000,1655877599999,3843029.17627120,5070,85.88494000,1758164.47301450,0
1655877600000,20347.07000000,20428.37000000,19925.38000000,20091.93000000,465.13331000,1655881199999,9370263.95986800,8419,187.53821000,3779767.34843360,0
1655881200000,20093.57000000,20234.89000000,19944.81000000,20071.93000000,275.11739000,1655884799999,5532486.11425670,5571,139.20749000,2798733.74659760,0
1655884800000,20076.17000000,20237.00000000,20024.82000000,20211.15000000,103.39420000,1655888399999,2082769.00006150,3461,53.32521000,1074376.77811720,0
1655888400000,20211.41000000,20483.12000000,20207.49000000,20407.59000000,387.02969000,1655891999999,7859410.68614360,6168,151.59286000,3079702.07238570,0
1655892000000,20403.67000000,20527.25000000,20337.02000000,20396.11000000,181.33677000,1655895599999,3700865.89382330,4061,83.66001000,1707143.31701500,0
1655895600000,20396.87000000,20643.72000000,20375.48000000,20479.16000000,152.60099000,1655899199999,3131863.59627910,3938,72.97146000,1497847.56491750,0
1655899200000,20481.75000000,20548.23000000,20088.24000000,20346.52000000,270.16585000,1655902799999,5491235.26033240,4759,114.42750000,2327135.37752550,0
1655902800000,20346.53000000,20762.64000000,20210.03000000,20705.64000000,394.10622000,1655906399999,8078111.64024070,7740,191.08372000,3914497.30679810,0
1655906400000,20705.64000000,20872.70000000,20620.34000000,20674.10000000,332.38622000,1655909999999,6894611.31510020,7254,185.99689000,3859180.31907850,0
1655910000000,20672.69000000,20680.61000000,20008.34000000,20061.20000000,550.10841000,1655913599999,11203871.00522470,10905,233.21618000,4752050.20439060,0
1655913600000,20056.72000000,20320.00000000,19826.24000000,20301.17000000,477.96914000,1655917199999,9599828.56581130,10920,206.25938000,4141805.67984330,0
1655917200000,20301.16000000,20390.72000000,20130.15000000,20246.85000000,360.54884000,1655920799999,7301962.83536840,8643,169.19304000,3426324.00584210,0
1655920800000,20247.45000000,20353.83000000,20176.84000000,20196.45000000,180.48808000,1655924399999,3654652.08692460,5721,85.61528000,1733515.19272040,0
1655924400000,20199.31000000,20245.65000000,19900.00000000,20105.73000000,284.88085000,1655927999999,5713223.08143100,6314,133.06938000,2667764.96899920,0
1655928000000,20105.73000000,20222.20000000,19699.13000000,19856.77000000,364.27691000,1655931599999,7273160.10010700,8016,190.11375000,3799025.82833570,0
1655931600000,19856.77000000,20042.16000000,19807.45000000,19975.58000000,146.21682000,1655935199999,2911940.07775100,3918,74.82015000,1489646.03725260,0
1655935200000,19979.85000000,20228.94000000,19889.71000000,20077.24000000,241.10954000,1655938799999,4830377.51321370,4669,143.52531000,2877489.28551290,0
1655938800000,20085.82000000,20120.00000000,19942.88000000,19965.47000000,188.16248000,1655942399999,3770214.58453160,4766,71.91084000,1440530.64887860,0
1655942400000,19967.32000000,20488.00000000,19867.74000000,20397.82000000,421.40647000,1655945999999,8509772.15547460,9289,221.93416000,4477339.15960860,0
1655946000000,20402.96000000,20586.45000000,20315.36000000,20352.71000000,176.73855000,1655949599999,3609201.77609610,4457,85.51622000,1746419.47367760,0
1655949600000,20356.31000000,20468.41000000,20319.63000000,20349.27000000,146.13903000,1655953199999,2979013.21839820,3519,51.28274000,1045464.53391930,0
1655953200000,20340.02000000,20358.24000000,20187.27000000,20196.06000000,121.13989000,1655956799999,2455875.64420430,3392,49.70234000,1007548.18206260,0
1655956800000,20193.56000000,20371.89000000,20135.59000000,20337.69000000,125.02893000,1655960399999,2532911.56826840,3712,64.89373000,1315127.46132880,0
1655960400000,20341.78000000,20451.31000000,20253.80000000,20329.05000000,116.83682000,1655963999999,2378645.23347880,3320,53.44484000,1088099.32347600,0
1655964000000,20329.35000000,20649.72000000,20284.08000000,20532.15000000,244.27760000,1655967599999,5006412.66336490,5520,151.42430000,3104729.87202400,0
1655967600000,20532.15000000,20604.46000000,20414.45000000,20443.20000000,166.64270000,1655971199999,3415053.64176460,3938,70.25900000,1440704.53645700,0
1655971200000,20442.33000000,20636.86000000,20427.55000000,20556.11000000,216.76671000,1655974799999,4446751.40147160,4814,75.94307000,1558687.12338230,0
1655974800000,20555.57000000,20763.32000000,20458.37000000,20727.34000000,246.78967000,1655978399999,5084362.07144750,5684,133.93755000,2760148.57685790,0
1655978400000,20729.78000000,20791.14000000,20650.13000000,20681.32000000,249.04842000,1655981999999,5160245.57493750,5667,111.34536000,2306702.39049910,0
1655982000000,20681.32000000,20697.00000000,20571.33000000,20622.02000000,136.44048000,1655985599999,2816500.23074430,3774,67.18491000,1386455.40575490,0
1655985600000,20618.08000000,20812.34000000,20460.08000000,20544.47000000,298.18043000,1655989199999,6154768.02702470,6592,134.57986000,2778470.17531230,0
1655989200000,20544.94000000,20628.33000000,20364.60000000,20437.07000000,304.01700000,1655992799999,6230811.13455450,5871,146.47474000,3004179.14430320,0
1655992800000,20441.66000000,20595.19000000,20369.08000000,20588.63000000,255.02600000,1655996399999,5220051.81063650,5073,145.74206000,2982761.27101680,0
1655996400000,20588.99000000,20594.37000000,20236.17000000,20332.67000000,207.65937000,1655999999999,4234655.95642760,4356,93.97269000,1917011.00060340,0
1656000000000,20335.37000000,20347.67000000,20194.45000000,20266.61000000,185.42137000,1656003599999,3762079.71775250,4203,96.01053000,1947964.37668690,0
1656003600000,20266.60000000,20367.60000000,20120.00000000,20297.69000000,129.45416000,1656007199999,2623713.08628760,3456,54.01673000,1095127.46629030,0
1656007200000,20302.73000000,20435.77000000,20272.18000000,20412.45000000,165.57958000,1656010799999,3373397.63474580,3926,85.51282000,1742139.15570750,0
1656010800000,20412.29000000,20921.50000000,20377.70000000,20890.00000000,414.29143000,1656014399999,8573035.90207860,7745,254.20979000,5262769.15183860,0
1656014400000,20890.00000000,21100.00000000,20729.14000000,20792.22000000,399.16228000,1656017999999,8334109.23253140,7347,208.43582000,4349991.92602900,0
1656018000000,20794.46000000,20830.30000000,20653.22000000,20670.55000000,221.51930000,1656021599999,4597107.93781640,3393,119.36122000,2477303.59909840,0
1656021600000,20673.74000000,21209.14000000,20666.14000000,20968.13000000,409.98338000,1656025199999,8583559.50370090,7413,231.80089000,4850017.48645360,0
1656025200000,20968.93000000,21183.39000000,20955.87000000,21089.36000000,170.38401000,1656028799999,3591525.93886850,4148,71.39980000,1505030.91423950,0
1656028800000,21089.95000000,21181.75000000,20955.06000000,20987.11000000,142.72889000,1656032399999,3005262.48778280,3986,53.65058000,1129415.42408970,0
1656032400000,20986.41000000,21163.64000000,20969.37000000,21027.91000000,104.38200000,1656035999999,2199219.20091850,3255,46.79663000,985526.43296380,0
1656036000000,21032.94000000,21344.84000000,20996.78000000,21150.33000000,170.76317000,1656039599999,3618520.90322530,3732,96.06007000,2035393.68660070,0
1656039600000,21154.42000000,21251.83000000,21025.00000000,21051.83000000,102.05804000,1656043199999,2157292.63695460,3056,54.05377000,1142788.13537170,0
1656043200000,21051.82000000,21135.62000000,20961.57000000,21029.08000000,108.74325000,1656046799999,2289571.20304900,2903,52.07993000,1096216.49310410,0
1656046800000,21029.87000000,21146.40000000,20846.46000000,20893.01000000,100.75853000,1656050399999,2117095.48526830,2867,47.67420000,1000977.31907940,0
1656050400000,20891.15000000,20944.42000000,20764.75000000,20822.81000000,128.99593000,1656053999999,2691304.01031350,3537,58.28964000,1216432.46346870,0
1656054000000,20822.67000000,20965.00000000,20720.83000000,20899.89000000,204.58837000,1656057599999,4266165.38353420,5909,101.27316000,2112251.23542910,0
1656057600000,20902.79000000,21084.23000000,20887.82000000,21036.05000000,117.21419000,1656061199999,2457609.32100450,3450,55.43428000,1162245.78847830,0
1656061200000,21036.05000000,21060.43000000,20730.00000000,20807.30000000,142.16805000,1656064799999,2973773.76349700,3504,63.80716000,1335728.89340030,0
1656064800000,20813.41000000,20992.69000000,20775.33000000,20978.48000000,151.07496000,1656068399999,3155682.11869620,3394,86.12312000,1799110.88597700,0
1656068400000,20976.61000000,21311.79000000,20962.70000000,21154.74000000,296.40852000,1656071999999,6271243.25094900,5797,130.16488000,2752228.80790220,0
1656072000000,21155.07000000,21441.08000000,21072.97000000,21194.41000000,277.04382000,1656075599999,5890459.00782340,5997,125.33041000,2664168.62043090,0
1656075600000,21199.49000000,21354.62000000,21127.41000000,21177.83000000,215.38773000,1656079199999,4578265.00882860,4613,121.54844000,2584341.07624800,0
1656079200000,21186.48000000,21353.71000000,21040.96000000,21099.60000000,425.51741000,1656082799999,9019309.49925120,6604,324.20025000,6871257.02090400,0
1656082800000,21099.63000000,21108.10000000,20737.93000000,20864.72000000,319.84628000,1656086399999,6686483.35190680,5851,147.95116000,3094898.29399300,0
1656086400000,20863.31000000,21053.86000000,20771.29000000,21035.80000000,301.21998000,1656089999999,6305450.26377340,4941,129.83017000,2714609.85063800,0
1656090000000,21023.60000000,21209.40000000,20911.72000000,20955.99000000,182.69349000,1656093599999,3854936.28412230,3926,90.73910000,1913608.57471410,0
1656093600000,20950.48000000,21116.86000000,20882.20000000,21106.52000000,103.88309000,1656097199999,2181733.68151030,2668,59.89588000,1258468.12773480,0
1656097200000,21108.99000000,21247.68000000,21008.71000000,21233.33000000,129.40246000,1656100799999,2736261.03864480,3006,63.79488000,1349170.31060570,0
1656100800000,21233.87000000,21336.40000000,21131.21000000,21184.05000000,286.74359000,1656104399999,6084351.48029200,4375,85.26897000,1810269.42110230,0
1656104400000,21183.47000000,21347.72000000,20880.01000000,21299.53000000,218.68612000,1656107999999,4634008.22621560,3316,83.94312000,1785169.64534820,0
1656108000000,21298.42000000,21598.16000000,21279.43000000,21292.14000000,309.68746000,1656111599999,6630212.45382560,5359,184.59970000,3955232.34437250,0
1656111600000,21292.14000000,21374.60000000,21181.99000000,21216.27000000,131.75066000,1656115199999,2805829.11332080,3371,48.68047000,1036484.53472690,0
1656115200000,21219.74000000,21286.82000000,21111.22000000,21175.45000000,131.16714000,1656118799999,2781459.28923770,3881,58.74203000,1245769.33597970,0
1656118800000,21175.45000000,21327.07000000,21131.23000000,21314.44000000,83.77855000,1656122399999,1780863.89651430,3140,42.40778000,901418.12428490,0
1656122400000,21315.45000000,21360.33000000,21138.83000000,21161.14000000,70.45273000,1656125999999,1496637.66176750,2635,35.11208000,746075.33782610,0
1656126000000,21161.14000000,21327.43000000,21141.26000000,21284.03000000,122.39231000,1656129599999,2600460.23565270,3818,51.87112000,1101915.11344230,0
1656129600000,21285.96000000,21292.11000000,21188.05000000,21215.38000000,137.70507000,1656133199999,2924148.93939140,3859,76.92197000,1633274.81710460,0
1656133200000,21215.38000000,21305.25000000,21195.76000000,21198.74000000,92.46127000,1656136799999,1966280.41624110,2753,37.32810000,793611.34970810,0
1656136800000,21201.60000000,21295.12000000,21162.60000000,21286.55000000,79.65022000,1656140399999,1690863.01371220,2822,39.63603000,841487.57497310,0
1656140400000,21287.54000000,21595.34000000,21284.48000000,21496.29000000,220.17892000,1656143999999,4722463.92859960,5427,107.95863000,2315294.31831920,0
1656144000000,21496.29000000,21543.24000000,21353.00000000,21383.21000000,124.24088000,1656147599999,2663285.88615230,3299,55.75506000,1194624.41566780,0
1656147600000,21382.21000000,21482.41000000,21350.00000000,21415.56000000,88.18362000,1656151199999,1888820.43413200,2876,48.09843000,1030209.52381250,0
1656151200000,21416.75000000,21468.31000000,21365.65000000,21419.84000000,76.15477000,1656154799999,1630561.87090790,2612,36.76556000,787136.63825820,0
1656154800000,21419.83000000,21460.29000000,21304.08000000,21325.41000000,67.53105000,1656158399999,1443926.33395680,2538,30.97814000,662309.81750360,0
1656158400000,21324.68000000,21362.88000000,21022.99000000,21135.08000000,246.07947000,1656161999999,5206583.13496460,5235,102.89348000,2177138.52690380,0
1656162000000,21135.08000000,21229.39000000,21058.96000000,21151.85000000,111.08533000,1656165599999,2349762.04747490,3311,57.45685000,1215345.90198280,0
1656165600000,21150.62000000,21207.22000000,21067.41000000,21114.69000000,111.68061000,1656169199999,2359188.52824100,2705,68.31445000,1442845.25070650,0
1656169200000,21114.69000000,21169.47000000,20896.22000000,20948.82000000,191.26012000,1656172799999,4025514.57461710,3978,58.83089000,1238657.89862910,0
1656172800000,20948.81000000,21053.38000000,20900.00000000,21039.94000000,205.51382000,1656176399999,4315943.05978700,3163,124.54824000,2615546.41319800,0
1656176400000,21039.94000000,21148.58000000,21000.00000000,21080.93000000,131.96552000,1656179999999,2783002.71881190,3367,40.31023000,850023.78324230,0
1656180000000,21081.95000000,21232.98000000,21024.97000000,21223.92000000,89.84125000,1656183599999,1897764.89050470,2620,40.95779000,865212.09416700,0
1656183600000,21220.27000000,21246.28000000,21143.36000000,21193.06000000,99.56501000,1656187199999,2110925.28588780,2414,40.04862000,848541.82002670,0
1656187200000,21193.06000000,21236.65000000,21133.10000000,21212.40000000,54.56789000,1656190799999,1156018.89798740,1938,22.05312000,467134.50429770,0
1656190800000,21212.41000000,21513.17000000,21192.93000000,21498.68000000,162.63380000,1656194399999,3478240.27374710,3972,76.61359000,1638164.41871470,0
1656194400000,21500.26000000,21516.40000000,21376.03000000,21413.00000000,99.53391000,1656197999999,2134059.94001440,2960,46.73805000,1002067.46058930,0
1656198000000,21415.62000000,21577.71000000,21406.98000000,21479.27000000,82.33303000,1656201599999,1767819.52845000,2581,45.05182000,967296.01171290,0
1656201600000,21473.59000000,21529.59000000,21379.29000000,21456.45000000,127.15744000,1656205199999,2726985.26039840,3539,75.67296000,1623281.20558400,0
1656205200000,21459.76000000,21546.70000000,21316.77000000,21381.23000000,124.30641000,1656208799999,2666535.41024590,3457,67.46969000,1448107.05120230,0
1656208800000,21382.36000000,21405.71000000,21269.72000000,21330.92000000,74.92478000,1656212399999,1599611.04476920,2358,37.26466000,795547.03949260,0
1656212400000,21338.16000000,21445.36000000,21318.57000000,21411.89000000,39.60846000,1656215999999,846660.19830500,1756,21.66014000,463100.55221030,0
1656216000000,21411.88000000,21465.25000000,21340.69000000,21409.02000000,59.33505000,1656219599999,1270218.18186900,2228,27.11946000,580552.96549290,0
1656219600000,21415.58000000,21466.73000000,21356.53000000,21425.93000000,39.68861000,1656223199999,850097.02077180,1803,17.59713000,376997.28185650,0
1656223200000,21430.39000000,21509.69000000,21324.67000000,21461.28000000,112.49329000,1656226799999,2412486.15004680,3055,36.80000000,788896.92813600,0
1656226800000,21461.28000000,21469.76000000,21350.00000000,21379.19000000,52.47502000,1656230399999,1123558.25257840,2132,23.27745000,498450.05612120,0
1656230400000,21379.19000000,21454.78000000,21367.19000000,21435.82000000,50.57985000,1656233999999,1083122.64234140,2166,24.73852000,529791.88952070,0
1656234000000,21435.82000000,21464.28000000,21349.83000000,21397.75000000,148.12180000,1656237599999,3168272.50137910,2927,70.14986000,1499759.38820940,0
1656237600000,21397.74000000,21432.52000000,21359.40000000,21402.40000000,75.16822000,1656241199999,1608496.45683710,2337,38.52732000,824340.26796410,0
1656241200000,21403.18000000,21782.00000000,21382.14000000,21694.00000000,198.02869000,1656244799999,4270809.99878510,4649,91.01161000,1965576.91613420,0
1656244800000,21694.00000000,21894.22000000,21396.63000000,21446.32000000,324.92579000,1656248399999,7039483.37571800,5053,143.00430000,3097066.06944260,0
1656248400000,21443.01000000,21474.30000000,21285.00000000,21395.32000000,316.70992000,1656251999999,6769146.39413820,5117,104.34611000,2229451.11361420,0
1656252000000,21387.48000000,21476.66000000,21382.62000000,21396.56000000,142.68447000,1656255599999,3056621.26117900,3928,48.93170000,1048091.72675810,0
1656255600000,21399.96000000,21401.32000000,21180.01000000,21310.77000000,231.30621000,1656259199999,4919568.31110200,4985,74.69629000,1588566.55838890,0
1656259200000,21310.77000000,21428.15000000,21260.46000000,21334.26000000,135.97643000,1656262799999,2901734.25296130,3235,61.00140000,1302317.51341150,0
1656262800000,21339.05000000,21349.20000000,21101.01000000,21247.82000000,166.80424000,1656266399999,3541841.85415640,3991,72.74001000,1544378.71716970,0
1656266400000,21247.82000000,21254.04000000,21118.75000000,21173.65000000,74.39278000,1656269999999,1576247.79188230,2738,29.24344000,619415.63132380,0
1656270000000,21173.65000000,21296.18000000,21164.93000000,21270.40000000,47.10440000,1656273599999,1000693.74392240,1850,22.48687000,477685.11470690,0
1656273600000,21270.40000000,21496.66000000,21218.07000000,21390.71000000,103.26562000,1656277199999,2204592.63835580,2893,61.38276000,1311302.27271010,0
1656277200000,21390.72000000,21409.22000000,21227.92000000,21367.75000000,73.26330000,1656280799999,1563039.00991310,2314,25.69145000,548679.86580890,0
1656280800000,21367.24000000,21387.09000000,20950.00000000,21126.88000000,298.06318000,1656284399999,6288609.07398210,5663,151.52871000,3194809.55233360,0
1656284400000,21128.05000000,21222.99000000,20971.40000000,21026.12000000,143.02898000,1656287999999,3016429.30262770,3405,61.92136000,1305361.14551080,0
1656288000000,21026.12000000,21109.17000000,20964.05000000,21037.36000000,129.88253000,1656291599999,2731721.19793540,3282,65.48053000,1377258.74132820,0
1656291600000,21033.34000000,21128.58000000,20911.01000000,21074.85000000,136.06930000,1656295199999,2860437.65123950,2962,62.21138000,1307716.56394470,0
1656295200000,21077.99000000,21179.19000000,21035.02000000,21115.40000000,63.25879000,1656298799999,1335135.12507100,1681,32.21563000,680060.13554710,0
1656298800000,21115.40000000,21174.34000000,21097.73000000,21161.78000000,61.00674000,1656302399999,1289300.18417100,1497,27.39194000,578803.77813420,0
1656302400000,21160.70000000,21292.13000000,21133.93000000,21231.34000000,104.92115000,1656305999999,2225303.53045090,2167,57.39945000,1217354.46196460,0
1656306000000,21231.01000000,21252.48000000,21126.90000000,21167.82000000,60.12703000,1656309599999,1273626.06797980,1727,29.79219000,631132.00185500,0
1656309600000,21166.20000000,21263.47000000,21149.48000000,21254.52000000,52.36422000,1656313199999,1110514.63277770,1703,27.63484000,586040.53913550,0
1656313200000,21255.60000000,21387.57000000,21247.31000000,21345.56000000,118.36642000,1656316799999,2524603.05373270,2671,63.11380000,1346300.61102940,0
1656316800000,21346.42000000,21522.72000000,21326.64000000,21475.10000000,180.01063000,1656320399999,3855815.31811470,2881,98.43880000,2109333.03786150,0
1656320400000,21480.21000000,21484.35000000,21406.26000000,21444.73000000,67.98166000,1656323999999,1457685.02483860,1688,36.92669000,791837.31765230,0
1656324000000,21443.06000000,21483.49000000,21380.00000000,21421.53000000,81.67381000,1656327599999,1750285.64540360,1973,41.48107000,889014.95369930,0
1656327600000,21424.67000000,21434.64000000,21272.78000000,21287.11000000,87.32203000,1656331199999,1864585.49399890,2493,44.96762000,960377.25761270,0
1656331200000,21291.05000000,21332.63000000,21155.77000000,21217.89000000,184.26360000,1656334799999,3912556.21383480,4295,90.76822000,1927776.68163830,0
1656334800000,21218.56000000,21265.86000000,20702.63000000,20718.38000000,368.21198000,1656338399999,7725705.97731060,6840,164.87479000,3457930.54946650,0
1656338400000,20719.91000000,20825.75000000,20559.96000000,20797.22000000,491.01086000,1656341999999,10168152.86681890,7735,198.04127000,4099342.36957820,0
1656342000000,20801.71000000,20834.18000000,20657.98000000,20734.96000000,221.15314000,1656345599999,4588081.80220410,3941,105.04709000,2178725.91464390,0
1656345600000,20729.84000000,20789.22000000,20643.97000000,20736.14000000,125.66509000,1656349199999,2602909.63204900,2904,68.35210000,1415785.52680710,0
1656349200000,20739.61000000,20761.89000000,20675.56000000,20702.86000000,76.59729000,1656352799999,1587113.80405040,1950,33.25061000,688917.09822890,0
1656352800000,20702.87000000,20918.94000000,20494.10000000,20801.39000000,208.86596000,1656356399999,4335612.10030440,3830,97.60149000,2027322.15108870,0
1656356400000,20798.73000000,20870.85000000,20701.06000000,20835.42000000,76.25064000,1656359999999,1585982.47148030,2165,36.36073000,756331.55450990,0
1656360000000,20834.45000000,20943.26000000,20831.29000000,20890.20000000,82.80219000,1656363599999,1730304.83808200,2075,40.53613000,847031.94832530,0
1656363600000,20892.51000000,20893.30000000,20759.33000000,20782.97000000,40.08700000,1656367199999,835630.68247630,1225,15.03501000,313505.53839370,0
1656367200000,20782.98000000,20924.65000000,20740.00000000,20790.14000000,132.28325000,1656370799999,2755101.52595970,2641,53.44728000,1113136.45821540,0
1656370800000,20792.22000000,20867.85000000,20666.00000000,20724.08000000,98.08274000,1656374399999,2036769.56652830,2135,49.07174000,1019341.08013080,0
1656374400000,20723.05000000,20854.90000000,20663.26000000,20750.29000000,118.48202000,1656377999999,2459565.82916150,2822,62.18946000,1291260.32194830,0
1656378000000,20747.15000000,20795.75000000,20530.00000000,20600.06000000,108.21387000,1656381599999,2236815.54317450,2618,54.64892000,1130006.12943370,0
1656381600000,20598.42000000,20661.82000000,20480.15000000,20618.52000000,102.88608000,1656385199999,2116765.73270670,2601,44.51050000,915909.45065110,0
1656385200000,20619.86000000,20730.33000000,20609.40000000,20705.91000000,100.78495000,1656388799999,2082780.17790540,2221,49.98009000,1032889.74564280,0
1656388800000,20708.31000000,20768.71000000,20684.53000000,20744.77000000,38.31160000,1656392399999,793995.16440290,1128,19.77971000,409935.10898330,0
1656392400000,20745.73000000,20809.81000000,20708.31000000,20715.23000000,56.37343000,1656395999999,1170029.07100510,1403,26.15930000,543105.25231680,0
1656396000000,20719.10000000,20880.50000000,20719.10000000,20837.49000000,93.85236000,1656399599999,1954519.86336370,1799,55.09377000,1147329.80415990,0
1656399600000,20838.87000000,20912.35000000,20790.00000000,20858.51000000,95.45929000,1656403199999,1991513.61383550,2293,49.37122000,1030026.24670370,0
1656403200000,20854.66000000,21121.61000000,20847.01000000,21091.23000000,137.14086000,1656406799999,2876316.59029500,2648,80.82537000,1695497.05756680,0
1656406800000,21094.63000000,21185.00000000,21030.00000000,21036.03000000,101.50914000,1656410399999,2144415.43211880,2224,53.18950000,1123948.44818070,0
1656410400000,21037.67000000,21070.33000000,20970.03000000,20999.24000000,64.97627000,1656413999999,1366139.30909530,1465,34.17791000,718577.15388170,0
1656414000000,20999.74000000,21082.39000000,20875.81000000,20979.47000000,151.01405000,1656417599999,3168190.87232580,2889,91.03373000,1910187.28464780,0
1656417600000,20976.61000000,21132.75000000,20917.14000000,20934.54000000,131.16201000,1656421199999,2755300.62293220,3463,65.84400000,1383445.16502780,0
1656421200000,20931.41000000,21108.40000000,20844.00000000,21040.13000000,204.31612000,1656424799999,4290774.58923950,4041,89.63071000,1883379.69946150,0
1656424800000,21036.86000000,21069.72000000,20693.77000000,20825.98000000,253.33745000,1656428399999,5272006.29027550,4356,127.72377000,2658284.80825680,0
1656428400000,20821.47000000,20821.47000000,20569.00000000,20585.32000000,172.54499000,1656431999999,3564929.59430650,3550,79.38393000,1639055.67551010,0
1656432000000,20582.70000000,20746.50000000,20526.18000000,20689.18000000,154.54743000,1656435599999,3191064.00436720,3268,77.17529000,1593949.83262990,0
1656435600000,20690.54000000,20700.99000000,20569.59000000,20610.92000000,122.59183000,1656439199999,2528065.69907750,2599,47.95915000,988930.16498550,0
1656439200000,20600.37000000,20605.20000000,20233.72000000,20312.60000000,261.00426000,1656442799999,5312289.55165220,4690,107.05004000,2178766.18795050,0
1656442800000,20323.13000000,20340.98000000,20197.17000000,20234.01000000,219.20052000,1656446399999,4444597.80899470,3685,94.97999000,1925963.16190190,0
1656446400000,20228.73000000,20303.17000000,20174.00000000,20253.53000000,193.56160000,1656449999999,3917340.45065400,3117,108.94842000,2204881.63212260,0
1656450000000,20247.33000000,20376.84000000,20247.33000000,20376.84000000,70.33381000,1656453599999,1428771.89445250,1562,38.14648000,774844.44572260,0
1656453600000,20369.08000000,20426.09000000,20245.66000000,20283.25000000,92.79458000,1656457199999,1887380.89636170,1816,48.26599000,981747.03252160,0
1656457200000,20283.17000000,20342.29000000,20188.43000000,20256.61000000,96.02476000,1656460799999,1945885.40898470,1996,51.66269000,1047003.95521340,0
1656460800000,20254.49000000,20357.73000000,20112.00000000,20258.70000000,123.46810000,1656464399999,2500561.46745040,2635,54.75249000,1109059.20526310,0
1656464400000,20268.30000000,20360.56000000,20208.86000000,20334.53000000,55.27385000,1656467999999,1122012.48517480,1469,26.23029000,532406.87409950,0
1656468000000,20331.22000000,20369.30000000,20259.38000000,20321.76000000,90.10104000,1656471599999,1827950.65490140,1499,63.94648000,1296802.95021920,0
1656471600000,20314.31000000,20363.47000000,20205.33000000,20265.99000000,87.63867000,1656475199999,1779158.14870470,2036,35.28379000,716519.29250850,0
1656475200000,20257.98000000,20337.01000000,20223.39000000,20278.81000000,86.72992000,1656478799999,1758768.39245790,1731,43.89937000,890547.15539140,0
1656478800000,20275.00000000,20333.99000000,20039.04000000,20148.31000000,191.38762000,1656482399999,3864836.33429920,3144,91.70714000,1850622.74757250,0
1656482400000,20154.70000000,20181.29000000,19876.60000000,19916.32000000,350.58714000,1656485999999,7010592.24524110,5223,189.84454000,3793353.17945100,0
1656486000000,19912.42000000,20107.22000000,19871.95000000,20061.37000000,186.10622000,1656489599999,3722126.40994610,3281,100.99498000,2019930.92138390,0
1656489600000,20061.37000000,20118.92000000,19931.59000000,19962.02000000,144.45162000,1656493199999,2895079.95833040,2926,61.11754000,1224738.36618290,0
1656493200000,19959.94000000,20204.92000000,19940.53000000,20040.37000000,257.03864000,1656496799999,5158499.28745770,3987,131.76092000,2644071.04095690,0
1656496800000,20041.59000000,20123.33000000,20003.11000000,20073.64000000,148.92839000,1656500399999,2987738.11217850,3019,85.06704000,1706812.93185840,0
1656500400000,20072.50000000,20097.64000000,19830.00000000,20081.02000000,258.35314000,1656503999999,5162518.82235090,4949,112.63203000,2250284.17540310,0
1656504000000,20083.01000000,20153.34000000,19936.89000000,19987.64000000,208.11165000,1656507599999,4172038.09738260,4640,94.82548000,1901454.90422410,0
1656507600000,19989.41000000,20111.08000000,19860.00000000,20058.40000000,229.44927000,1656511199999,4594109.53692280,4912,114.59345000,2293927.86032040,0
1656511200000,20057.18000000,20170.00000000,20011.20000000,20105.31000000,241.64543000,1656514799999,4856983.90805750,5145,113.73941000,2286450.63222060,0
1656514800000,20102.04000000,20115.44000000,19965.00000000,20055.39000000,179.54003000,1656518399999,3598270.16554130,3205,112.42818000,2253056.66781920,0
1656518400000,20053.63000000,20074.89000000,19951.03000000,19995.60000000,153.21867000,1656521999999,3066100.65599460,3315,85.12782000,1703596.07097610,0
1656522000000,19994.51000000,20054.31000000,19901.89000000,20052.31000000,190.27360000,1656525599999,3802786.11546300,3723,130.82187000,2615284.15305250,0
1656525600000,20054.35000000,20093.20000000,19865.00000000,20024.86000000,234.53991000,1656529199999,4698794.41589120,3201,118.42403000,2375615.79611280,0
1656529200000,20026.33000000,20250.00000000,20007.74000000,20200.04000000,151.10680000,1656532799999,3039238.44668820,2797,101.40258000,2039583.09532440,0
1656532800000,20196.11000000,20452.27000000,20006.53000000,20193.81000000,268.17697000,1656536399999,5427710.68672620,4508,140.94084000,2855059.13867910,0
1656536400000,20201.00000000,20339.99000000,20167.29000000,20273.28000000,95.58224000,1656539999999,1936607.74969980,1908,61.30267000,1242396.25654040,0
1656540000000,20271.73000000,20302.53000000,20130.00000000,20193.51000000,107.88993000,1656543599999,2178490.16993440,4009,51.78098000,1045226.60312940,0
1656543600000,20192.65000000,20193.10000000,19959.47000000,20096.63000000,132.69924000,1656547199999,2664043.93182240,2945,58.15383000,1168018.16866910,0
1656547200000,20098.80000000,20145.50000000,19985.72000000,20013.95000000,126.56078000,1656550799999,2540581.25379940,3007,63.67023000,1277992.31857200,0
1656550800000,20013.27000000,20059.79000000,19915.61000000,19993.04000000,105.65166000,1656554399999,2113598.34825360,2047,46.82787000,937111.63215510,0
1656554400000,19999.91000000,20095.98000000,19982.84000000,20059.61000000,71.36923000,1656557999999,1431152.00075600,1664,41.65328000,835295.06455340,0
1656558000000,20062.32000000,20077.78000000,20016.49000000,20052.12000000,62.51223000,1656561599999,1253340.59365720,1567,32.20977000,645815.14310720,0
1656561600000,20049.55000000,20073.52000000,19985.72000000,20022.51000000,85.16822000,1656565199999,1706375.83291370,1948,39.83433000,798135.57202380,0
1656565200000,20029.58000000,20042.19000000,19939.87000000,19976.88000000,89.20825000,1656568799999,1783245.72818990,2091,38.53351000,770208.14207080,0
1656568800000,19973.91000000,20000.00000000,19321.56000000,19392.55000000,462.92049000,1656572399999,9071355.01944070,6514,224.07464000,4385493.18173240,0
1656572400000,19398.08000000,19451.97000000,19279.92000000,19405.61000000,240.75709000,1656575999999,4665618.02377270,4008,106.90925000,2072196.64711260,0
1656576000000,19409.36000000,19418.57000000,19130.00000000,19204.42000000,540.71538000,1656579599999,10431663.54536210,7139,273.48107000,5277582.88379770,0
1656579600000,19199.19000000,19230.83000000,18905.00000000,19131.81000000,563.02907000,1656583199999,10721850.22020670,8526,280.49087000,5341963.49584360,0
1656583200000,19129.59000000,19217.33000000,18962.15000000,19085.51000000,248.90327000,1656586799999,4747423.92801650,4682,134.26832000,2562033.23404670,0
1656586800000,19083.93000000,19156.06000000,18991.81000000,19079.50000000,205.30392000,1656590399999,3912107.86307110,4657,107.24248000,2043720.00669550,0
1656590400000,19078.19000000,19307.37000000,19032.84000000,19181.31000000,347.18133000,1656593999999,6655864.17089300,8229,153.77219000,2946681.91178540,0
1656594000000,19181.31000000,19246.50000000,18700.17000000,18846.22000000,430.36163000,1656597599999,8171109.41418370,9533,191.33345000,3635306.25895680,0
1656597600000,18846.22000000,19146.75000000,18835.24000000,19099.40000000,281.78276000,1656601199999,5344889.24350560,5907,148.86710000,2826284.03942010,0
1656601200000,19099.04000000,19277.46000000,19047.96000000,19117.45000000,319.21355000,1656604799999,6111942.24522070,6037,159.17435000,3048930.20976390,0
1656604800000,19119.06000000,19450.00000000,19047.70000000,19120.42000000,357.37377000,1656608399999,6854021.78761980,6000,196.49051000,3774447.55282590,0
1656608400000,19119.18000000,19197.58000000,19044.94000000,19083.30000000,197.53102000,1656611999999,3774794.43524970,3576,92.99537000,1776786.98773970,0
1656612000000,19083.31000000,19102.99000000,18919.88000000,18953.23000000,118.28194000,1656615599999,2248249.52817180,2930,55.46423000,1054376.74020970,0
1656615600000,18950.88000000,19018.55000000,18833.77000000,18912.01000000,236.08630000,1656619199999,4467337.29721320,4388,140.38682000,2657227.18534960,0
1656619200000,18904.27000000,19071.70000000,18600.00000000,18732.54000000,271.53863000,1656622799999,5115898.78102780,5128,129.21434000,2438416.29142200,0
1656622800000,18731.21000000,18942.22000000,18701.53000000,18795.60000000,217.49342000,1656626399999,4099213.01355180,4286,97.48343000,1836482.88732900,0
1656626400000,18795.75000000,18936.51000000,18712.35000000,18868.47000000,116.39021000,1656629999999,2190806.12346700,3450,60.03871000,1130428.22684660,0
1656630000000,18862.36000000,19970.00000000,18853.87000000,19919.48000000,354.49962000,1656633599999,6902654.64422070,7594,198.78964000,3870392.70593980,0
