1680307200000,28472.49000000,28549.85000000,28419.58000000,28434.39000000,4.77938000,1680310799999,136161.81455870,255,3.95840000,112777.99664250,0
1680310800000,28441.32000000,28624.80000000,28420.25000000,28624.80000000,8.46245000,1680314399999,241292.55057480,345,6.44568000,183888.69816060,0
1680314400000,28604.81000000,28823.62000000,28477.07000000,28583.97000000,38.37011000,1680317999999,1101279.96157140,1107,29.97732000,860958.12884690,0
1680318000000,28592.24000000,28610.93000000,28509.50000000,28540.18000000,9.09108000,1680321599999,259616.25525260,387,3.37261000,96289.70155490,0
1680321600000,28544.79000000,28629.09000000,28533.49000000,28586.05000000,3.45228000,1680325199999,98661.87836520,211,2.79998000,80006.86604620,0
1680325200000,28590.06000000,28596.10000000,28540.18000000,28577.26000000,23.91851000,1680328799999,683569.33838160,249,1.77783000,50795.32692430,0
1680328800000,28570.05000000,28574.76000000,28365.74000000,28478.84000000,7.31253000,1680332399999,208301.44983120,314,2.38407000,67908.99253370,0
1680332400000,28494.17000000,28494.17000000,28366.51000000,28437.25000000,5.23414000,1680335999999,148706.97814630,261,1.43698000,40820.56595950,0
1680336000000,28432.29000000,28496.80000000,28401.25000000,28450.08000000,9.36028000,1680339599999,266439.77354680,315,4.49138000,127856.57873000,0
1680339600000,28446.59000000,28473.27000000,28430.07000000,28437.96000000,5.75870000,1680343199999,163834.62016770,205,1.30354000,37092.43379180,0
1680343200000,28434.62000000,28474.65000000,28402.30000000,28474.65000000,1.67141000,1680346799999,47524.93649190,113,0.45031000,12803.32041750,0
1680346800000,28476.79000000,28487.07000000,28374.23000000,28386.86000000,4.38215000,1680350399999,124632.46070550,158,1.78382000,50704.58800440,0
1680350400000,28388.03000000,28438.36000000,28336.40000000,28434.50000000,3.23184000,1680353999999,91757.30906530,168,1.22588000,34811.63174730,0
1680354000000,28432.75000000,28453.96000000,28397.09000000,28435.54000000,10.30011000,1680357599999,292848.98194410,366,2.36880000,67341.71937210,0
1680357600000,28432.79000000,28434.14000000,28313.89000000,28333.63000000,4.82587000,1680361199999,136926.22203710,245,1.69367000,48029.85849660,0
1680361200000,28333.27000000,28415.07000000,28241.05000000,28415.07000000,6.31765000,1680364799999,179158.24087750,280,4.43267000,125740.13262500,0
1680364800000,28412.75000000,28449.12000000,28293.45000000,28341.56000000,27.74593000,1680368399999,787726.22988880,567,24.28715000,689581.34260670,0
1680368400000,28341.99000000,28396.97000000,28331.54000000,28377.79000000,7.56412000,1680371999999,214600.64675070,266,1.40628000,39895.24800370,0
1680372000000,28376.67000000,28396.00000000,28348.83000000,28384.89000000,4.83198000,1680375599999,137075.42651400,142,2.82738000,80202.41389990,0
1680375600000,28387.15000000,28396.23000000,28353.84000000,28394.48000000,5.84948000,1680379199999,165996.79377570,145,1.10436000,31342.88204020,0
1680379200000,28396.16000000,28584.41000000,28388.95000000,28460.04000000,9.20076000,1680382799999,262057.97258980,331,5.80279000,165305.82481570,0
1680382800000,28460.97000000,28529.64000000,28443.45000000,28491.85000000,3.96572000,1680386399999,113008.10862420,215,1.80420000,51414.41488740,0
1680386400000,28500.70000000,28548.47000000,28489.18000000,28536.53000000,2.96791000,1680389999999,84646.56598550,146,0.81343000,23200.27318330,0
1680390000000,28529.99000000,28566.31000000,28460.69000000,28466.23000000,2.31103000,1680393599999,65887.08389670,146,0.62735000,17887.86027810,0
1680393600000,28466.67000000,28509.77000000,28371.11000000,28374.48000000,3.28401000,1680397199999,93465.57914350,179,1.19331000,33964.03607090,0
1680397200000,28398.47000000,28442.74000000,28366.79000000,28406.48000000,1.24057000,1680400799999,35240.84839570,87,0.82747000,23508.30048510,0
1680400800000,28400.72000000,28442.24000000,28382.34000000,28417.70000000,2.19220000,1680404399999,62311.33792970,101,1.41515000,40224.30822130,0
1680404400000,28415.69000000,28535.51000000,28412.89000000,28479.79000000,4.06438000,1680407999999,115732.51997870,132,1.83346000,52185.33047980,0
1680408000000,28498.38000000,28498.38000000,28398.86000000,28398.86000000,3.62307000,1680411599999,103038.50775360,116,1.07921000,30692.91708500,0
1680411600000,28401.44000000,28477.87000000,28395.97000000,28477.04000000,3.25914000,1680415199999,92732.61498650,86,2.60610000,74157.02785990,0
1680415200000,28480.58000000,28507.36000000,28432.96000000,28478.57000000,1.24703000,1680418799999,35506.86749960,74,0.98600000,28074.14449100,0
1680418800000,28474.54000000,28490.69000000,28433.81000000,28433.81000000,2.21266000,1680422399999,62990.21978360,101,1.42463000,40558.58286870,0
1680422400000,28429.23000000,28432.04000000,28377.18000000,28391.58000000,2.57741000,1680425999999,73232.02397780,124,0.84727000,24067.68162860,0
1680426000000,28391.95000000,28454.23000000,28380.50000000,28420.65000000,16.37989000,1680429599999,465424.41685590,447,16.03290000,455569.92208320,0
1680429600000,28423.29000000,28423.29000000,28376.24000000,28382.98000000,4.50247000,1680433199999,127829.33178540,137,3.72426000,105722.50365920,0
1680433200000,28380.00000000,28398.18000000,28326.41000000,28366.80000000,6.78485000,1680436799999,192476.70294810,238,3.88045000,110085.78360510,0
1680436800000,28364.13000000,28366.23000000,28257.76000000,28277.68000000,4.77716000,1680440399999,135301.50936650,262,2.25713000,63948.34884760,0
1680440400000,28272.98000000,28356.26000000,28156.01000000,28290.45000000,13.22835000,1680443999999,374393.08797120,514,10.60026000,300193.07363710,0
1680444000000,28292.23000000,28356.28000000,28257.81000000,28285.56000000,4.65381000,1680447599999,131756.48791280,416,2.87539000,81414.08811550,0
1680447600000,28284.51000000,28288.61000000,28055.06000000,28140.10000000,27.38044000,1680451199999,770085.50003700,1139,7.91046000,222486.31392820,0
1680451200000,28142.28000000,28156.29000000,27942.76000000,28134.71000000,22.64034000,1680454799999,635678.30433360,928,5.67416000,159299.27928010,0
1680454800000,28135.31000000,28241.57000000,28121.49000000,28205.90000000,8.84644000,1680458399999,249365.70361010,580,4.00041000,112783.73389940,0
1680458400000,28208.75000000,28228.50000000,28164.64000000,28171.35000000,5.97727000,1680461999999,168518.11510410,474,1.05614000,29779.05744910,0
1680462000000,28166.14000000,28184.28000000,27883.93000000,27952.28000000,13.30164000,1680465599999,372888.35916830,849,2.62089000,73436.14804580,0
1680465600000,27943.33000000,28102.73000000,27926.15000000,28066.89000000,9.36082000,1680469199999,262278.68164970,596,4.15612000,116389.57014580,0
1680469200000,28069.25000000,28167.26000000,27997.45000000,28029.88000000,14.12693000,1680472799999,396822.13297660,715,8.21409000,230780.37130420,0
1680472800000,28024.35000000,28120.37000000,27879.54000000,28120.37000000,14.03224000,1680476399999,392466.48521760,828,5.83000000,163121.30683010,0
1680476400000,28120.38000000,28211.78000000,28053.49000000,28177.74000000,8.27460000,1680479999999,232911.78031580,608,3.40304000,95814.46642850,0
1680480000000,28182.28000000,28196.42000000,28079.69000000,28124.59000000,6.97782000,1680483599999,196293.85518870,441,4.39989000,123757.12041980,0
1680483600000,28124.32000000,28154.37000000,27585.55000000,27722.22000000,23.68636000,1680487199999,658748.36491390,986,8.03738000,223504.42546940,0
1680487200000,27719.84000000,27823.32000000,27672.93000000,27731.91000000,15.65068000,1680490799999,434524.54480760,615,6.99758000,194287.31556800,0
1680490800000,27724.46000000,27793.90000000,27639.08000000,27764.98000000,14.90820000,1680494399999,413602.16856520,557,4.70940000,130627.12582630,0
1680494400000,27760.14000000,27767.42000000,27604.56000000,27715.05000000,10.90958000,1680497999999,301894.10260750,513,7.04211000,194852.31835680,0
1680498000000,27715.56000000,27771.34000000,27673.54000000,27691.13000000,6.78162000,1680501599999,188020.34743380,337,1.77913000,49329.86472970,0
1680501600000,27680.21000000,27800.24000000,27662.44000000,27787.29000000,9.52230000,1680505199999,264013.03723430,480,3.38415000,93799.84062230,0
1680505200000,27785.38000000,27965.80000000,27780.01000000,27965.80000000,12.88569000,1680508799999,359235.21125080,647,5.94062000,165587.99974410,0
1680508800000,27968.32000000,28455.50000000,27968.32000000,28338.07000000,29.03563000,1680512399999,821501.48403090,1290,14.02677000,396694.31707620,0
1680512400000,28344.16000000,28397.28000000,28310.37000000,28333.01000000,16.35337000,1680515999999,463498.83786240,679,9.96039000,282306.91187340,0
1680516000000,28339.71000000,28515.99000000,28312.34000000,28312.34000000,23.45367000,1680519599999,665817.13281830,750,11.09188000,314930.12744040,0
1680519600000,28319.19000000,28320.32000000,28221.66000000,28263.22000000,20.15561000,1680523199999,569920.17451630,786,4.90107000,138567.47998490,0
1680523200000,28261.48000000,28264.42000000,28075.10000000,28172.22000000,14.66277000,1680526799999,412916.06874460,741,7.96060000,224108.75561120,0
1680526800000,28163.20000000,28387.38000000,28128.89000000,28266.05000000,11.19120000,1680530399999,315801.24374200,930,5.66058000,159734.21244450,0
1680530400000,28273.86000000,28312.01000000,27955.84000000,28016.25000000,19.85522000,1680533999999,558747.79137440,1008,6.34863000,178544.51627600,0
1680534000000,28000.63000000,28118.05000000,27968.55000000,28058.62000000,24.03928000,1680537599999,674211.56578200,908,7.42534000,208259.21304410,0
1680537600000,28063.69000000,28137.35000000,27931.98000000,27939.26000000,11.84579000,1680541199999,332075.88137950,644,2.45161000,68735.96305410,0
1680541200000,27931.97000000,28091.26000000,27901.24000000,27992.02000000,165.55272000,1680544799999,4632704.56260160,1956,146.38340000,4096160.28163150,0
1680544800000,27988.66000000,28239.33000000,27932.88000000,28156.27000000,23.83742000,1680548399999,669189.29551980,1202,16.24261000,455812.91387630,0
1680548400000,28183.75000000,28242.22000000,28045.63000000,28095.66000000,8.65787000,1680551999999,243567.90063150,501,3.78617000,106533.05633340,0
1680552000000,28095.66000000,28100.77000000,27493.34000000,27586.28000000,34.25528000,1680555599999,949291.70386330,1395,14.52840000,402807.44859830,0
1680555600000,27566.78000000,27775.51000000,27233.32000000,27718.01000000,62.38458000,1680559199999,1712113.14062950,1582,17.52378000,481470.40398780,0
1680559200000,27741.11000000,27947.29000000,27685.12000000,27811.73000000,14.55457000,1680562799999,405555.84026720,666,7.38975000,205873.69182690,0
1680562800000,27811.71000000,28012.42000000,27755.54000000,27818.22000000,20.01444000,1680566399999,557734.63958670,592,10.79122000,300688.72040330,0
1680566400000,27813.05000000,27876.37000000,27675.53000000,27763.29000000,15.62661000,1680569999999,434024.82386710,557,7.66817000,212915.38284160,0
1680570000000,27769.08000000,27906.82000000,27705.76000000,27803.82000000,8.27993000,1680573599999,230134.10278130,371,4.98921000,138594.87375610,0
1680573600000,27818.39000000,27960.73000000,27788.09000000,27863.15000000,9.01296000,1680577199999,251321.82660890,327,5.52548000,154080.71609020,0
1680577200000,27863.16000000,27971.95000000,27863.16000000,27876.03000000,22.81882000,1680580799999,636656.08633310,452,19.79713000,552324.98414720,0
1680580800000,27872.89000000,27894.89000000,27794.13000000,27835.72000000,4.18579000,1680584399999,116592.68022600,154,3.24488000,90390.17243070,0
1680584400000,27824.49000000,27942.11000000,27824.49000000,27902.74000000,8.87883000,1680587999999,247625.56478490,218,6.24359000,174059.22824970,0
1680588000000,27905.77000000,28143.36000000,27873.79000000,28097.57000000,12.37739000,1680591599999,346822.84363770,544,8.50200000,238343.66548010,0
1680591600000,28093.47000000,28150.54000000,27980.88000000,28029.74000000,23.88319000,1680595199999,670362.97021750,458,16.51884000,463827.12156940,0
1680595200000,28044.07000000,28138.51000000,27946.19000000,28110.93000000,11.32344000,1680598799999,317775.91169440,339,5.89908000,165544.01877540,0
1680598800000,28103.84000000,28216.09000000,28051.56000000,28207.81000000,20.35867000,1680602399999,572671.28629590,381,8.94019000,251652.65242180,0
1680602400000,28212.38000000,28350.00000000,28183.52000000,28230.26000000,23.45434000,1680605999999,663096.62214630,671,14.42617000,408028.79817440,0
1680606000000,28239.43000000,28440.92000000,28175.34000000,28297.76000000,83.84428000,1680609599999,2371472.48930580,1922,69.86876000,1975930.07664720,0
1680609600000,28306.20000000,28387.60000000,28220.71000000,28283.22000000,48.13317000,1680613199999,1361562.88953340,916,29.48458000,834236.64383990,0
1680613200000,28268.94000000,28404.80000000,28089.38000000,28115.54000000,35.76193000,1680616799999,1010021.90178300,907,17.49407000,494256.62278760,0
1680616800000,28125.82000000,28267.55000000,28098.87000000,28122.60000000,15.85541000,1680620399999,446909.97654590,577,10.08568000,284287.43417980,0
1680620400000,28136.37000000,28152.03000000,27970.17000000,28053.78000000,14.15600000,1680623999999,397048.36675380,696,6.44652000,180803.84432990,0
1680624000000,28042.26000000,28146.09000000,27980.34000000,28110.15000000,31.91251000,1680627599999,895927.29176830,670,26.57898000,746327.15460590,0
1680627600000,28108.86000000,28240.44000000,28089.40000000,28222.83000000,49.17452000,1680631199999,1383995.70270600,793,42.19958000,1187538.66968320,0
1680631200000,28234.22000000,28268.26000000,28095.48000000,28117.45000000,6.95550000,1680634799999,195977.34566620,318,3.20394000,90252.80686100,0
1680634800000,28126.24000000,28207.34000000,28081.96000000,28184.51000000,6.13799000,1680638399999,172762.07689470,258,4.77358000,134375.16007590,0
1680638400000,28199.64000000,28313.05000000,28181.97000000,28257.35000000,15.92031000,1680641999999,449430.71577120,528,12.72009000,359006.25658830,0
1680642000000,28259.27000000,28263.75000000,28173.79000000,28232.74000000,6.79619000,1680645599999,191791.86341070,331,3.18493000,89869.43348070,0
1680645600000,28229.58000000,28268.72000000,28191.55000000,28199.06000000,7.49127000,1680649199999,211565.36314150,233,4.70360000,132843.96141450,0
1680649200000,28215.54000000,28221.47000000,28092.60000000,28183.42000000,2.89537000,1680652799999,81460.02297260,197,1.19928000,33745.68915150,0
1680652800000,28177.50000000,28733.33000000,28112.72000000,28673.17000000,28.81427000,1680656399999,821769.88875660,957,18.86257000,537655.69440710,0
1680656400000,28665.29000000,28744.23000000,28553.63000000,28591.03000000,28.52964000,1680659999999,816765.72428940,953,17.45179000,499626.39808920,0
1680660000000,28584.01000000,28776.70000000,28526.95000000,28568.24000000,18.29846000,1680663599999,523867.65112740,613,6.55371000,187542.77844870,0
1680663600000,28574.13000000,28581.18000000,28442.73000000,28552.11000000,10.77818000,1680667199999,307047.03881650,467,8.43286000,240207.10423780,0
1680667200000,28557.82000000,28588.56000000,28496.42000000,28517.51000000,8.53570000,1680670799999,243732.37158960,276,5.32407000,152009.58081250,0
1680670800000,28515.27000000,28635.74000000,28492.80000000,28590.01000000,6.47588000,1680674399999,185028.23215730,249,4.17182000,119205.87974810,0
1680674400000,28582.89000000,28608.58000000,28503.62000000,28542.72000000,8.24500000,1680677999999,235551.03539030,260,5.54392000,158378.54026600,0
1680678000000,28540.98000000,28551.37000000,28470.26000000,28532.96000000,4.43771000,1680681599999,126567.25824760,191,2.07493000,59161.72880710,0
1680681600000,28533.38000000,28603.68000000,28466.82000000,28558.39000000,18.88201000,1680685199999,538782.78201770,413,13.22041000,377192.27795170,0
1680685200000,28554.32000000,28605.99000000,28515.74000000,28516.61000000,2.00760000,1680688799999,57314.44008980,131,1.05956000,30246.63696060,0
1680688800000,28521.98000000,28541.91000000,28495.20000000,28523.60000000,3.37348000,1680692399999,96213.74934870,110,1.68547000,48072.98637220,0
1680692400000,28523.59000000,28575.52000000,28491.72000000,28561.83000000,5.64432000,1680695999999,161125.25485410,182,3.63313000,103718.19802860,0
1680696000000,28567.17000000,28750.00000000,28302.36000000,28582.41000000,26.73873000,1680699599999,762900.40949680,688,15.01190000,428813.44317110,0
1680699600000,28569.92000000,28592.82000000,28325.55000000,28419.88000000,14.83454000,1680703199999,421868.13302180,564,7.31771000,208048.24441010,0
1680703200000,28411.99000000,28479.61000000,28100.52000000,28120.67000000,24.83102000,1680706799999,701186.47321860,765,13.32104000,376594.22674260,0
1680706800000,28117.93000000,28129.73000000,27881.76000000,28031.47000000,32.63131000,1680710399999,914407.18892520,1159,22.25658000,623937.07729140,0
1680710400000,28028.47000000,28056.67000000,27800.01000000,27960.05000000,16.92521000,1680713999999,472680.25551450,729,10.04383000,280583.50985270,0
1680714000000,27954.67000000,28115.66000000,27930.64000000,28036.32000000,24.79673000,1680717599999,694930.98338150,685,13.69130000,383747.95659690,0
1680717600000,28032.53000000,28064.54000000,27950.01000000,28029.52000000,10.21578000,1680721199999,286210.35960920,359,6.79267000,190315.24916900,0
1680721200000,28035.38000000,28312.69000000,27973.56000000,28243.85000000,27.03081000,1680724799999,759742.27881500,758,20.18191000,566912.50988180,0
1680724800000,28243.67000000,28308.43000000,28143.33000000,28154.69000000,12.17136000,1680728399999,343566.20302110,432,5.01256000,141414.72959590,0
1680728400000,28167.38000000,28228.06000000,28141.74000000,28185.75000000,4.97340000,1680731999999,140170.01521530,273,2.42029000,68206.18000720,0
1680732000000,28180.85000000,28237.03000000,28137.76000000,28184.74000000,5.05519000,1680735599999,142402.82941940,217,3.30605000,93122.82499260,0
1680735600000,28180.23000000,28217.52000000,28143.69000000,28175.81000000,7.11524000,1680739199999,200559.30478100,336,1.83989000,51852.94505900,0
1680739200000,28183.68000000,28188.05000000,27932.67000000,28009.74000000,7.68138000,1680742799999,215510.38378900,443,3.12509000,87680.06960230,0
1680742800000,28004.78000000,28095.23000000,27890.24000000,28073.26000000,12.89016000,1680746399999,361147.81221130,546,10.83586000,303665.23580090,0
1680746400000,28073.26000000,28105.17000000,27992.63000000,28049.24000000,8.01036000,1680749999999,224763.24611620,374,6.86879000,192739.40562430,0
1680750000000,28053.18000000,28160.40000000,28031.80000000,28140.45000000,265.37132000,1680753599999,7444353.79115890,3056,255.31128000,7161816.33286870,0
1680753600000,28140.79000000,28140.79000000,28079.32000000,28083.59000000,6.37712000,1680757199999,179297.71170090,206,3.72321000,104667.44846160,0
1680757200000,28077.06000000,28089.56000000,27984.21000000,28045.48000000,3.72325000,1680760799999,104424.05850620,211,2.92429000,82031.31311380,0
1680760800000,28049.18000000,28081.40000000,28020.61000000,28066.71000000,5.69540000,1680764399999,159823.80126050,197,4.78376000,134261.44060790,0
1680764400000,28067.63000000,28095.43000000,27921.25000000,27922.90000000,90.28848000,1680767999999,2526807.34123920,2509,63.06417000,1764913.01989670,0
1680768000000,27922.14000000,27999.39000000,27869.86000000,27964.21000000,17.33345000,1680771599999,484188.67100760,555,11.03541000,308274.28666060,0
1680771600000,27970.50000000,28039.96000000,27917.29000000,27917.29000000,6.88831000,1680775199999,192780.86268250,254,4.58894000,128457.33690580,0
1680775200000,27917.31000000,27917.31000000,27732.22000000,27861.73000000,24.22406000,1680778799999,674794.80688150,768,6.82115000,189869.62856820,0
1680778800000,27858.89000000,27964.14000000,27855.16000000,27953.40000000,4.62912000,1680782399999,129234.70552580,202,2.88674000,80576.91744820,0
1680782400000,27967.88000000,28097.29000000,27859.80000000,27902.71000000,43.97681000,1680785999999,1227010.95875330,906,4.66870000,130472.64886410,0
1680786000000,27917.64000000,27989.94000000,27753.46000000,27896.61000000,42.74628000,1680789599999,1188804.28992330,1012,8.85100000,246697.32733890,0
1680789600000,27901.69000000,27978.70000000,27901.24000000,27961.79000000,16.29666000,1680793199999,455511.29352050,561,8.72806000,243978.90819200,0
1680793200000,27951.48000000,28194.34000000,27948.53000000,28106.91000000,13.67655000,1680796799999,384077.68307960,408,9.59769000,269442.59333000,0
1680796800000,28110.26000000,28173.04000000,28061.61000000,28071.58000000,7.80556000,1680800399999,219514.68808560,354,4.76377000,133973.98692250,0
1680800400000,28067.53000000,28102.81000000,28032.01000000,28056.16000000,8.82155000,1680803999999,247632.81670210,264,5.29218000,148567.98176150,0
1680804000000,28055.03000000,28118.31000000,27965.74000000,27975.95000000,49.74344000,1680807599999,1396434.92984200,1067,35.65042000,1000846.15592750,0
1680807600000,27975.95000000,28070.14000000,27966.15000000,28036.32000000,5.84115000,1680811199999,163632.85057990,300,2.90171000,81303.76897430,0
1680811200000,28033.11000000,28132.90000000,27982.57000000,27993.41000000,7.94222000,1680814799999,222867.94653450,286,5.76807000,161842.02097340,0
1680814800000,27984.77000000,28058.18000000,27977.88000000,28001.87000000,1.87642000,1680818399999,52573.70006980,134,1.07301000,30062.19142110,0
1680818400000,27997.54000000,28022.86000000,27915.44000000,28021.39000000,19.51111000,1680821999999,546094.15594050,351,15.61135000,437072.27673970,0
1680822000000,28021.21000000,28066.99000000,28021.21000000,28047.53000000,4.05394000,1680825599999,113670.79530010,129,2.27380000,63756.72340640,0
1680825600000,28049.03000000,28117.07000000,28016.79000000,28113.74000000,6.16469000,1680829199999,172993.97683660,247,2.76288000,77538.57097070,0
1680829200000,28112.70000000,28112.70000000,28052.29000000,28071.23000000,6.00744000,1680832799999,168706.61216550,163,2.07234000,58200.38428500,0
1680832800000,28070.00000000,28087.29000000,27942.27000000,28033.03000000,6.09584000,1680836399999,170768.85162640,267,1.53468000,42978.24740060,0
1680836400000,28034.32000000,28063.39000000,27999.30000000,28051.62000000,1.46758000,1680839999999,41145.43195440,88,0.37467000,10502.97428180,0
1680840000000,28048.27000000,28076.46000000,28013.63000000,28032.43000000,3.15998000,1680843599999,88633.13148740,130,0.68177000,19123.36349170,0
1680843600000,28030.95000000,28030.95000000,27902.07000000,27990.26000000,5.90119000,1680847199999,165105.51640780,229,1.64197000,45951.68518280,0
1680847200000,27998.67000000,27998.67000000,27915.05000000,27971.43000000,7.99018000,1680850799999,223392.86473160,317,4.11754000,115096.66395400,0
1680850800000,27969.89000000,27969.89000000,27788.94000000,27858.59000000,13.27025000,1680854399999,369967.27736640,490,4.14065000,115436.46878680,0
1680854400000,27858.19000000,27950.10000000,27814.01000000,27833.33000000,10.98469000,1680857999999,306399.88258690,407,6.45080000,179952.50685480,0
1680858000000,27827.00000000,27916.69000000,27806.32000000,27883.90000000,10.43289000,1680861599999,290743.34676000,303,3.81251000,106305.45147990,0
1680861600000,27883.75000000,27973.63000000,27881.54000000,27949.62000000,6.26300000,1680865199999,174856.66469740,204,4.65427000,129916.49932510,0
1680865200000,27947.34000000,27948.40000000,27823.09000000,27844.49000000,7.63484000,1680868799999,212997.92557340,294,3.56124000,99375.42829390,0
1680868800000,27851.81000000,27995.52000000,27819.02000000,27910.34000000,13.54141000,1680872399999,377789.66504640,574,8.51552000,237583.05375840,0
1680872400000,27910.68000000,27947.28000000,27850.87000000,27901.90000000,22.18226000,1680875999999,618846.34576220,569,5.01235000,139867.68046680,0
1680876000000,27913.72000000,28000.00000000,27913.72000000,27936.45000000,7.94010000,1680879599999,221967.68152490,219,4.03323000,112748.13424760,0
1680879600000,27935.12000000,27970.00000000,27930.45000000,27962.01000000,10.24390000,1680883199999,286205.54835140,185,8.24270000,230289.65985560,0
1680883200000,27962.36000000,27968.79000000,27877.11000000,27895.32000000,11.77538000,1680886799999,328617.13409810,213,1.80179000,50300.48505270,0
1680886800000,27902.69000000,27957.21000000,27902.69000000,27923.84000000,13.30190000,1680890399999,371487.84946740,242,4.49075000,125413.25009230,0
1680890400000,27926.67000000,27947.10000000,27894.16000000,27908.31000000,2.90419000,1680893999999,81085.21155530,130,1.62801000,45461.32955040,0
1680894000000,27908.32000000,27919.12000000,27868.83000000,27909.93000000,6.18593000,1680897599999,172533.42600200,181,1.98426000,55364.12176270,0
1680897600000,27914.16000000,27940.05000000,27862.46000000,27889.90000000,4.59849000,1680901199999,128332.49209780,175,3.17745000,88678.05004360,0
1680901200000,27884.51000000,27921.55000000,27880.57000000,27910.71000000,1.52018000,1680904799999,42402.31598790,119,1.00658000,28076.94774700,0
1680904800000,27906.45000000,27997.78000000,27887.42000000,27976.48000000,5.40701000,1680908399999,151103.86157440,300,3.39530000,94886.31979530,0
1680908400000,27976.24000000,27994.58000000,27911.81000000,27928.36000000,6.87287000,1680911999999,192005.78155970,371,3.69921000,103346.96312030,0
1680912000000,27928.36000000,27943.20000000,27882.14000000,27902.42000000,6.20962000,1680915599999,173387.19314080,315,4.54567000,126942.44608950,0
1680915600000,27902.42000000,27949.41000000,27898.53000000,27924.75000000,7.66052000,1680919199999,213852.81456220,348,5.78270000,161417.75349120,0
1680919200000,27924.64000000,27978.32000000,27923.43000000,27978.32000000,2.05873000,1680922799999,57523.00827150,219,0.78523000,21945.11532590,0
1680922800000,27975.90000000,28085.52000000,27959.72000000,28041.62000000,14.92854000,1680926399999,418322.24539470,481,10.21055000,286126.81487650,0
1680926400000,28043.78000000,28059.25000000,27994.49000000,28002.27000000,2.42152000,1680929999999,67877.89850620,106,0.82286000,23060.71147830,0
1680930000000,28003.05000000,28170.09000000,27998.62000000,28151.24000000,14.23678000,1680933599999,400187.40070810,398,9.01279000,253254.08052020,0
1680933600000,28151.52000000,28160.57000000,28096.37000000,28134.38000000,6.14193000,1680937199999,172807.96010390,285,4.96775000,139767.70109570,0
1680937200000,28127.25000000,28129.98000000,28079.76000000,28099.14000000,3.81263000,1680940799999,107175.37592570,139,2.11538000,59455.66828500,0
1680940800000,28097.34000000,28130.32000000,28036.33000000,28038.74000000,5.34513000,1680944399999,150181.18678490,189,3.27374000,91998.38831660,0
1680944400000,28036.32000000,28080.69000000,28029.69000000,28033.85000000,3.25161000,1680947999999,91248.21558700,144,1.59057000,44636.90275440,0
1680948000000,28047.93000000,28049.14000000,28006.80000000,28024.01000000,13.37318000,1680951599999,375016.80434640,150,1.44752000,40565.03154190,0
1680951600000,28024.02000000,28041.85000000,28009.11000000,28025.47000000,1.70757000,1680955199999,47857.54007250,73,0.89873000,25188.97300010,0
1680955200000,28030.36000000,28039.37000000,27967.90000000,28004.97000000,2.72479000,1680958799999,76294.65457050,153,1.47808000,41393.85045080,0
1680958800000,28002.71000000,28058.65000000,27983.17000000,28037.12000000,6.67760000,1680962399999,187110.28079120,228,4.59196000,128665.24581390,0
1680962400000,28033.80000000,28069.24000000,28023.05000000,28042.80000000,7.76445000,1680965999999,217782.94788740,283,3.24300000,90963.17401530,0
1680966000000,28045.17000000,28047.63000000,28001.09000000,28026.36000000,4.00197000,1680969599999,112163.59816240,168,1.33830000,37512.44281920,0
1680969600000,28030.99000000,28035.57000000,28012.89000000,28019.87000000,4.16268000,1680973199999,116680.13197770,155,0.85534000,23973.40899200,0
1680973200000,28019.89000000,28032.16000000,27920.28000000,27944.41000000,6.91625000,1680976799999,193501.46061020,226,1.97611000,55276.94254840,0
1680976800000,27946.74000000,27969.20000000,27887.69000000,27915.81000000,10.44710000,1680980399999,291916.22045890,379,5.34971000,149538.33427660,0
1680980400000,27900.97000000,27965.04000000,27896.62000000,27934.67000000,6.39294000,1680983999999,178591.02183100,251,4.93019000,137731.57195210,0
1680984000000,27939.34000000,27968.88000000,27929.72000000,27933.42000000,6.46213000,1680987599999,180617.10143620,226,2.71781000,75967.75206290,0
1680987600000,27929.63000000,27951.20000000,27913.75000000,27944.61000000,3.85470000,1680991199999,107686.19230650,151,3.08830000,86276.17587000,0
1680991200000,27943.23000000,27968.16000000,27905.13000000,27959.99000000,20.78852000,1680994799999,580919.50669860,598,1.18784000,33179.12071420,0
1680994800000,27953.36000000,28001.11000000,27944.54000000,27956.26000000,6.41115000,1680998399999,179300.03572560,219,2.04412000,57166.39589000,0
1680998400000,27951.29000000,28089.46000000,27943.73000000,28054.59000000,8.84004000,1681001999999,247728.67316140,325,3.00952000,84363.75638410,0
1681002000000,28052.26000000,28097.75000000,28047.05000000,28097.75000000,3.62023000,1681005599999,101603.44647250,158,1.16976000,32844.30808760,0
1681005600000,28097.75000000,28101.01000000,28045.90000000,28051.48000000,33.44200000,1681009199999,938458.44612220,897,26.99944000,757558.15430750,0
1681009200000,28051.48000000,28069.39000000,28037.61000000,28050.00000000,9.75906000,1681012799999,273860.31003670,305,0.50721000,14225.02296030,0
1681012800000,28050.01000000,28059.89000000,28036.69000000,28057.74000000,1.12523000,1681016399999,31561.75864690,73,0.36776000,10315.18245680,0
1681016400000,28056.39000000,28087.35000000,28011.41000000,28013.84000000,9.49743000,1681019999999,266512.17037810,330,2.14591000,60192.74477980,0
1681020000000,28019.66000000,28019.66000000,27869.89000000,27901.50000000,15.23420000,1681023599999,425633.71368190,471,4.60045000,128563.80419130,0
1681023600000,27894.36000000,27932.32000000,27862.57000000,27924.01000000,8.70872000,1681027199999,242941.55383050,293,2.36151000,65884.96356010,0
1681027200000,27926.19000000,27939.30000000,27809.01000000,27902.06000000,13.83361000,1681030799999,385927.42423170,350,3.87273000,108029.00003080,0
1681030800000,27902.64000000,27956.53000000,27897.00000000,27915.73000000,11.25857000,1681034399999,314369.61587470,305,8.21217000,229300.63761530,0
1681034400000,27919.49000000,27927.86000000,27880.16000000,27908.08000000,1.93917000,1681037999999,54132.69858650,88,1.16748000,32591.73624900,0
1681038000000,27908.09000000,27953.40000000,27881.30000000,27946.69000000,10.02614000,1681041599999,279755.34902020,191,2.25500000,62964.19294010,0
1681041600000,27950.85000000,27992.42000000,27928.09000000,27947.89000000,6.70035000,1681045199999,187311.24925300,218,3.05043000,85282.03856410,0
1681045200000,27946.24000000,27949.80000000,27903.46000000,27926.03000000,4.74478000,1681048799999,132473.06149790,161,1.88815000,52713.93567010,0
1681048800000,27926.64000000,27946.96000000,27824.41000000,27885.44000000,8.17853000,1681052399999,228134.05621760,350,1.85310000,51663.01305400,0
1681052400000,27885.95000000,27931.72000000,27850.31000000,27905.13000000,10.17889000,1681055999999,284006.63942310,310,3.70260000,103313.19414760,0
1681056000000,27910.56000000,27957.78000000,27907.24000000,27916.65000000,6.59163000,1681059599999,184094.67742060,238,3.17995000,88822.32837800,0
1681059600000,27921.51000000,27945.61000000,27893.10000000,27923.12000000,4.41307000,1681063199999,123164.12266930,249,2.46333000,68747.29337040,0
1681063200000,27922.32000000,28065.32000000,27920.86000000,28042.47000000,8.57950000,1681066799999,239960.53127440,296,7.58120000,212036.24480460,0
1681066800000,28048.93000000,28276.33000000,28014.89000000,28155.71000000,28.62287000,1681070399999,806475.00911750,724,14.05876000,396037.49167290,0
1681070400000,28155.71000000,28173.60000000,28110.14000000,28135.53000000,4.63116000,1681073999999,130347.24370790,187,1.90193000,53517.84379860,0
1681074000000,28135.89000000,28488.93000000,28133.35000000,28456.81000000,35.60136000,1681077599999,1008910.20034360,1050,20.68369000,586230.56392140,0
1681077600000,28471.97000000,28545.07000000,28380.85000000,28380.85000000,23.12641000,1681081199999,658100.72302020,659,13.33719000,379631.47964900,0
1681081200000,28392.31000000,28443.83000000,28314.97000000,28338.15000000,38.79015000,1681084799999,1100580.48423370,1038,27.14324000,770212.65479020,0
1681084800000,28338.15000000,28443.31000000,28309.13000000,28401.89000000,15.62056000,1681088399999,443165.48841310,493,8.49203000,240923.66485810,0
1681088400000,28398.69000000,28400.85000000,28267.25000000,28327.68000000,11.36524000,1681091999999,322017.19561670,370,4.91162000,139161.65605560,0
1681092000000,28323.94000000,28368.34000000,28290.17000000,28320.43000000,13.37034000,1681095599999,378802.07478030,378,11.62803000,329439.90960060,0
1681095600000,28323.97000000,28340.51000000,28288.70000000,28298.43000000,9.96812000,1681099199999,282218.84216720,350,7.60840000,215394.45157810,0
1681099200000,28298.38000000,28330.47000000,28236.49000000,28251.43000000,9.03497000,1681102799999,255638.56761000,283,4.48803000,127008.56942520,0
1681102800000,28262.86000000,28328.70000000,28218.38000000,28299.70000000,11.31759000,1681106399999,319794.78308460,348,3.86945000,109372.36037120,0
1681106400000,28304.11000000,28314.88000000,28274.13000000,28293.47000000,6.34297000,1681109999999,179454.98662860,212,4.37646000,123812.47112840,0
1681110000000,28293.47000000,28317.19000000,28254.72000000,28310.06000000,15.27555000,1681113599999,432275.80255710,310,12.22398000,345915.32673120,0
1681113600000,28305.19000000,28392.24000000,28305.19000000,28314.31000000,7.49219000,1681117199999,212381.84769240,312,4.25689000,120679.48847700,0
1681117200000,28315.89000000,28366.94000000,28296.51000000,28329.09000000,4.22915000,1681120799999,119823.98667850,196,2.45256000,69479.59785990,0
1681120800000,28333.14000000,28385.67000000,28315.02000000,28352.49000000,5.10582000,1681124399999,144740.95270890,202,1.73200000,49108.59240000,0
1681124400000,28352.49000000,28383.06000000,28306.47000000,28325.79000000,12.69371000,1681127999999,359668.46286890,331,6.08987000,172512.65390040,0
1681128000000,28326.20000000,28331.27000000,28277.69000000,28293.10000000,16.01311000,1681131599999,453237.81094400,425,8.69677000,246113.50691850,0
1681131600000,28294.38000000,28310.84000000,28185.43000000,28231.00000000,17.11558000,1681135199999,483513.12653370,486,11.66438000,329470.71700930,0
1681135200000,28230.99000000,28358.41000000,28213.64000000,28324.03000000,16.47993000,1681138799999,465863.38389380,476,10.31445000,291458.61121990,0
1681138800000,28326.38000000,28580.95000000,28326.38000000,28462.74000000,27.65859000,1681142399999,787385.32934800,795,11.52799000,328163.18638630,0
1681142400000,28462.89000000,29173.33000000,28394.94000000,29053.98000000,110.81997000,1681145999999,3189252.19229730,2211,78.32195000,2256038.87475340,0
1681146000000,29053.16000000,29300.00000000,29025.01000000,29173.78000000,96.98990000,1681149599999,2828012.57023480,2209,61.16225000,1783549.57379450,0
1681149600000,29181.16000000,29299.00000000,29129.73000000,29282.07000000,44.40712000,1681153199999,1298506.06698470,980,28.45151000,832091.33951330,0
1681153200000,29289.98000000,29310.34000000,29071.25000000,29186.52000000,60.60781000,1681156799999,1770638.02988770,1013,42.84807000,1252731.60173830,0
1681156800000,29211.83000000,29236.70000000,29093.20000000,29142.05000000,33.87851000,1681160399999,987660.97417970,979,7.07874000,206364.23755690,0
1681160400000,29142.77000000,29302.78000000,29112.34000000,29249.83000000,23.38687000,1681163999999,683211.61917750,567,7.17457000,209614.49775960,0
1681164000000,29249.94000000,29800.00000000,29249.93000000,29613.76000000,123.20439000,1681167599999,3643370.13565870,2076,97.25821000,2876295.26942320,0
1681167600000,29634.12000000,29782.38000000,29614.55000000,29657.37000000,29.35442000,1681171199999,872043.55193230,766,17.87006000,530719.67531620,0
1681171200000,29657.76000000,30017.73000000,29620.80000000,29951.34000000,96.00523000,1681174799999,2860830.04235650,1656,67.06297000,1998079.96119020,0
1681174800000,29963.54000000,30335.93000000,29781.60000000,30217.61000000,54.54721000,1681178399999,1637810.47872130,1560,37.06396000,1112831.83278110,0
1681178400000,30222.18000000,30469.99000000,30018.63000000,30103.15000000,117.29111000,1681181999999,3550405.50533160,2226,89.93014000,2723934.05124520,0
1681182000000,30102.57000000,30147.96000000,29966.87000000,30142.12000000,28.21798000,1681185599999,847821.48330580,1123,9.71164000,291687.75198870,0
1681185600000,30148.88000000,30193.08000000,30053.25000000,30127.96000000,18.38254000,1681189199999,553782.82538890,672,6.48281000,195315.90035300,0
1681189200000,30136.90000000,30168.79000000,29819.18000000,29915.77000000,23.96883000,1681192799999,719305.64348690,700,8.65228000,259735.58974630,0
1681192800000,29911.94000000,30115.04000000,29906.03000000,30062.29000000,17.31163000,1681196399999,519638.54112540,593,5.64534000,169714.56265180,0
1681196400000,30062.29000000,30186.56000000,30062.29000000,30132.06000000,35.69714000,1681199999999,1075274.76114410,1123,23.81787000,717531.46212020,0
1681200000000,30132.06000000,30171.54000000,30071.51000000,30122.59000000,10.34745000,1681203599999,311719.41457910,544,4.66144000,140423.81040430,0
1681203600000,30119.59000000,30119.59000000,30010.46000000,30076.47000000,24.49576000,1681207199999,736430.19879480,797,4.59364000,138089.83730990,0
1681207200000,30074.91000000,30164.97000000,30039.63000000,30144.63000000,19.24817000,1681210799999,579292.89718300,585,8.38695000,252440.05032580,0
1681210800000,30145.35000000,30146.11000000,30079.91000000,30085.51000000,17.76848000,1681214399999,535235.18890480,501,5.44570000,163986.04294240,0
1681214400000,30078.09000000,30221.26000000,30034.32000000,30124.76000000,24.33817000,1681217999999,733234.07079180,640,10.41221000,313787.37329140,0
1681218000000,30124.32000000,30282.39000000,30101.18000000,30270.19000000,40.51905000,1681221599999,1224336.01650650,849,25.28165000,764257.29499790,0
1681221600000,30266.60000000,30303.64000000,30004.77000000,30087.00000000,79.55172000,1681225199999,2395053.44547480,1194,25.15229000,757546.04906940,0
1681225200000,30087.00000000,30275.87000000,30069.76000000,30225.53000000,25.84751000,1681228799999,779208.98447270,677,10.65381000,321244.73046530,0
1681228800000,30222.08000000,30294.32000000,30132.22000000,30158.88000000,20.28226000,1681232399999,612589.28502900,733,6.76479000,204365.57253580,0
1681232400000,30157.28000000,30245.54000000,30068.97000000,30235.36000000,40.33288000,1681235999999,1217219.84615080,783,26.70400000,806012.24506240,0
1681236000000,30237.10000000,30269.88000000,30174.74000000,30258.92000000,23.06590000,1681239599999,697233.65322010,509,14.40021000,435276.02812410,0
1681239600000,30258.92000000,30591.90000000,30140.23000000,30179.41000000,41.85511000,1681243199999,1270260.45803780,1298,19.33284000,586579.07135720,0
1681243200000,30154.31000000,30197.31000000,29967.75000000,30192.50000000,49.99022000,1681246799999,1504170.91568830,1202,28.81508000,866894.90153390,0
1681246800000,30191.89000000,30266.76000000,30153.43000000,30224.53000000,10.52646000,1681250399999,318035.39386100,415,3.24008000,97907.92842900,0
1681250400000,30221.00000000,30303.64000000,30178.54000000,30297.69000000,11.89988000,1681253999999,359808.71253690,410,6.32437000,191292.34733210,0
1681254000000,30293.24000000,30303.02000000,30188.69000000,30236.61000000,16.38961000,1681257599999,495654.43259240,494,8.95331000,270816.41511320,0
1681257600000,30243.65000000,30386.80000000,30235.48000000,30265.55000000,36.94553000,1681261199999,1119400.96188290,669,24.29264000,736050.73502180,0
1681261200000,30254.51000000,30324.39000000,30155.61000000,30205.96000000,7.20766000,1681264799999,217894.18307450,376,3.06213000,92598.58604160,0
1681264800000,30201.93000000,30201.93000000,29860.31000000,29943.38000000,26.86225000,1681268399999,805583.38694200,973,13.55045000,406355.02428230,0
1681268400000,29948.58000000,30021.07000000,29889.08000000,29968.06000000,10.20640000,1681271999999,305783.35103370,422,4.09111000,122527.64180470,0
1681272000000,29954.59000000,30021.41000000,29916.94000000,30021.41000000,5.23414000,1681275599999,156913.03974530,249,2.45545000,73600.00199010,0
1681275600000,30016.36000000,30038.18000000,29928.09000000,29954.53000000,7.51924000,1681279199999,225396.77903370,323,5.04304000,151170.91549930,0
1681279200000,29947.01000000,29987.23000000,29886.76000000,29963.39000000,8.44266000,1681282799999,252801.16376460,372,5.81066000,173989.00655940,0
1681282800000,29960.74000000,30094.99000000,29956.62000000,30006.19000000,12.06007000,1681286399999,362034.71859580,410,3.88317000,116619.54068460,0
1681286400000,30015.31000000,30077.35000000,29940.23000000,29940.23000000,8.89709000,1681289999999,267029.30523980,322,3.66757000,110106.20030140,0
1681290000000,29938.66000000,30036.26000000,29919.97000000,30031.56000000,46.77995000,1681293599999,1402199.15275440,820,10.57035000,316937.43679390,0
1681293600000,30035.76000000,30056.78000000,30008.41000000,30025.90000000,22.04703000,1681297199999,662079.83843490,404,14.87328000,446650.02551490,0
1681297200000,30025.90000000,30046.87000000,29975.04000000,30045.91000000,12.47042000,1681300799999,374246.27438760,396,7.65660000,229775.31079500,0
1681300800000,30041.02000000,30500.00000000,29956.79000000,30189.63000000,96.83752000,1681304399999,2930484.11120690,1955,61.28199000,1853152.83508530,0
1681304400000,30184.87000000,30369.54000000,30000.61000000,30086.75000000,55.12599000,1681307999999,1663244.98716090,1335,13.46040000,406506.48628940,0
1681308000000,30082.34000000,30291.04000000,30048.86000000,30051.49000000,35.02216000,1681311599999,1056582.98382430,1199,21.71450000,655173.23596020,0
1681311600000,30046.83000000,30091.62000000,29687.23000000,29989.81000000,84.99270000,1681315199999,2544406.36358830,1370,66.22133000,1982353.85793090,0
1681315200000,29995.49000000,30055.12000000,29944.91000000,29976.99000000,20.35288000,1681318799999,610577.59466120,669,12.34970000,370526.02877620,0
1681318800000,29975.42000000,30113.42000000,29944.91000000,30060.20000000,25.49300000,1681322399999,765510.67973430,657,12.21779000,366907.37210630,0
1681322400000,30051.10000000,30082.43000000,29870.51000000,29945.05000000,20.02579000,1681325999999,600364.73776750,676,8.81265000,264107.29484120,0
1681326000000,29943.89000000,29971.72000000,29785.07000000,29818.65000000,16.18471000,1681329599999,483667.07961550,794,9.95522000,297506.74062080,0
1681329600000,29820.99000000,29981.89000000,29800.98000000,29973.57000000,10.95317000,1681333199999,327474.98387000,404,3.87105000,115702.96324510,0
1681333200000,29971.61000000,30003.99000000,29926.87000000,29968.76000000,12.40552000,1681336799999,371696.80418610,475,6.34054000,189953.20877130,0
1681336800000,29973.18000000,30001.29000000,29826.77000000,29860.30000000,17.39027000,1681340399999,520261.48837480,553,8.04359000,240705.76611340,0
1681340400000,29866.48000000,29958.73000000,29847.60000000,29907.05000000,9.74979000,1681343999999,291689.08358390,415,5.41373000,161966.06939950,0
1681344000000,29916.77000000,30063.25000000,29880.14000000,30005.45000000,21.82517000,1681347599999,654065.10800730,741,6.04007000,181144.05970770,0
1681347600000,30018.40000000,30104.03000000,29972.57000000,30095.01000000,17.12857000,1681351199999,514528.15411460,593,7.99137000,239985.62329370,0
1681351200000,30093.18000000,30239.36000000,30024.67000000,30143.33000000,46.23066000,1681354799999,1392896.48328910,823,31.39619000,946457.62860090,0
1681354800000,30141.58000000,30149.12000000,30070.29000000,30100.94000000,16.50480000,1681358399999,496907.12389440,539,5.12684000,154347.73926300,0
1681358400000,30096.41000000,30134.54000000,30076.31000000,30083.46000000,7.56424000,1681361999999,227695.88108030,305,2.44187000,73512.44933900,0
1681362000000,30084.50000000,30153.54000000,30070.41000000,30133.07000000,10.33453000,1681365599999,311138.06725610,398,4.76333000,143410.26886490,0
1681365600000,30131.16000000,30145.42000000,30026.80000000,30047.37000000,29.13645000,1681369199999,876526.28100850,833,13.89718000,418177.78270440,0
1681369200000,30041.40000000,30133.36000000,30030.41000000,30099.22000000,46.68930000,1681372799999,1404505.65084170,1130,29.65351000,892053.51629490,0
1681372800000,30099.23000000,30296.76000000,30070.41000000,30223.61000000,44.64357000,1681376399999,1346383.32093050,1356,23.44889000,707405.87534640,0
1681376400000,30234.19000000,30397.76000000,30183.67000000,30236.59000000,49.89145000,1681379999999,1511230.30941880,1339,30.52245000,924674.24911150,0
1681380000000,30236.26000000,30271.75000000,30183.89000000,30238.11000000,18.41988000,1681383599999,556905.79730100,561,7.52078000,227391.72432730,0
1681383600000,30236.03000000,30257.69000000,30182.99000000,30189.78000000,19.25343000,1681387199999,581897.93299080,509,10.62997000,321303.63071510,0
1681387200000,30190.31000000,30334.84000000,30172.69000000,30304.66000000,26.33128000,1681390799999,795994.86672160,837,13.73000000,415098.68297010,0
1681390800000,30306.56000000,30358.07000000,30198.24000000,30209.84000000,54.68166000,1681394399999,1654888.23914580,1045,14.76767000,447215.64392220,0
1681394400000,30215.16000000,30574.93000000,30205.35000000,30469.16000000,63.12335000,1681397999999,1912962.73236540,1590,26.99278000,818334.39228490,0
1681398000000,30471.86000000,30613.90000000,30336.42000000,30476.05000000,45.54146000,1681401599999,1386518.17286110,1162,13.12142000,399641.18840840,0
1681401600000,30470.87000000,30500.00000000,30292.54000000,30348.60000000,26.19848000,1681405199999,795917.74825710,910,9.80608000,297914.21678210,0
1681405200000,30358.78000000,30466.45000000,30314.71000000,30460.00000000,31.88559000,1681408799999,969081.14667080,1044,15.74833000,478657.10442230,0
1681408800000,30460.00000000,30569.24000000,30446.38000000,30471.01000000,28.18273000,1681412399999,859491.65420980,1043,11.56615000,352658.76376500,0
1681412400000,30471.00000000,30471.00000000,30330.97000000,30360.67000000,23.05914000,1681415999999,700864.39439920,611,7.20092000,218852.40098060,0
1681416000000,30360.99000000,30360.99000000,30239.54000000,30288.56000000,158.75814000,1681419599999,4807650.97909790,1233,139.59439000,4227018.55967570,0
1681419600000,30279.46000000,30357.93000000,30279.46000000,30314.45000000,23.02702000,1681423199999,698245.76832290,369,7.45381000,226002.68939460,0
1681423200000,30314.65000000,30417.83000000,30314.65000000,30330.08000000,24.98661000,1681426799999,758588.66834750,543,7.96999000,241938.56966460,0
1681426800000,30333.00000000,30419.45000000,30314.41000000,30414.05000000,19.03860000,1681430399999,578058.28804110,463,7.38101000,224025.11992700,0
1681430400000,30406.50000000,30838.73000000,30343.57000000,30772.51000000,94.54588000,1681433999999,2899327.15995140,1787,57.35284000,1759394.08662720,0
1681434000000,30772.51000000,30951.55000000,30727.90000000,30804.33000000,97.69066000,1681437599999,3009974.63874630,1520,30.32872000,934616.50738960,0
1681437600000,30811.05000000,30827.11000000,30559.45000000,30630.75000000,95.94959000,1681441199999,2951285.92468210,1641,60.50264000,1862484.13596410,0
1681441200000,30637.70000000,30772.06000000,30588.38000000,30726.64000000,19.93668000,1681444799999,611933.12418130,506,9.76173000,299697.23774940,0
1681444800000,30726.64000000,30785.06000000,30708.89000000,30740.33000000,18.97073000,1681448399999,583356.00750720,558,8.81015000,270907.57881470,0
1681448400000,30739.81000000,30868.89000000,30727.64000000,30828.07000000,39.37453000,1681451999999,1212839.34460490,734,18.91133000,582731.22117680,0
1681452000000,30820.22000000,31045.25000000,30745.33000000,30975.80000000,51.26684000,1681455599999,1583526.79477430,1108,33.60735000,1038255.57022340,0
1681455600000,30975.76000000,30997.96000000,30763.15000000,30765.92000000,47.59635000,1681459199999,1470619.85287640,1134,21.87382000,676268.42492830,0
1681459200000,30766.39000000,30819.74000000,30683.98000000,30762.00000000,40.88623000,1681462799999,1257497.23078390,828,22.45318000,690435.95478360,0
1681462800000,30762.00000000,30823.25000000,30728.70000000,30823.25000000,85.79485000,1681466399999,2639514.19779520,1017,14.23623000,438023.95453560,0
1681466400000,30822.70000000,30853.59000000,30786.85000000,30797.16000000,22.84005000,1681469999999,704069.56239380,613,10.75575000,331574.97089470,0
1681470000000,30797.16000000,30835.72000000,30758.57000000,30832.58000000,23.83814000,1681473599999,734504.41482550,607,11.97690000,369075.78591360,0
1681473600000,30830.67000000,30877.47000000,30612.40000000,30644.52000000,43.44915000,1681477199999,1337896.23364200,1232,14.94405000,459942.21823120,0
1681477200000,30648.80000000,30777.68000000,30641.69000000,30752.30000000,43.25286000,1681480799999,1327620.18416730,991,21.87319000,671220.57512890,0
1681480800000,30752.26000000,30783.87000000,30517.74000000,30629.30000000,66.09454000,1681484399999,2025658.13381490,1305,24.98663000,765235.52647900,0
1681484400000,30623.15000000,30650.11000000,30122.61000000,30266.69000000,95.28583000,1681487999999,2891937.63008650,1625,56.75892000,1720818.66881160,0
1681488000000,30260.61000000,30292.93000000,30006.40000000,30175.05000000,52.66233000,1681491599999,1588933.41102490,1210,29.67857000,895777.11915960,0
1681491600000,30166.86000000,30306.39000000,30162.62000000,30296.62000000,31.98140000,1681495199999,967875.05859990,723,12.89275000,390078.40734400,0
1681495200000,30296.04000000,30376.33000000,30266.67000000,30298.52000000,31.35276000,1681498799999,950334.20857770,705,23.97553000,726617.11115700,0
1681498800000,30291.28000000,30373.68000000,30224.16000000,30348.87000000,20.87703000,1681502399999,632424.03245950,715,12.90830000,391027.56628020,0
1681502400000,30344.82000000,30540.78000000,30300.00000000,30466.45000000,26.87735000,1681505999999,817439.09112800,850,13.55198000,412177.29856670,0
1681506000000,30465.81000000,30531.51000000,30425.53000000,30479.11000000,7.56618000,1681509599999,230698.11131880,376,4.34051000,132321.99479760,0
1681509600000,30471.83000000,30481.84000000,30434.37000000,30468.27000000,15.08876000,1681513199999,459486.23020350,399,9.97328000,303682.16388470,0
1681513200000,30460.25000000,30504.80000000,30399.52000000,30494.24000000,5.02047000,1681516799999,152914.70977050,238,1.84631000,56225.95203460,0
1681516800000,30494.23000000,30625.42000000,30403.75000000,30403.77000000,26.01388000,1681520399999,793136.09976430,658,14.08414000,429510.42727190,0
1681520400000,30400.13000000,30424.85000000,30300.00000000,30395.84000000,20.11736000,1681523999999,611261.65091190,639,5.62678000,170950.06339830,0
1681524000000,30395.84000000,30462.48000000,30372.65000000,30409.26000000,11.96916000,1681527599999,364040.57982150,417,6.16168000,187422.27681070,0
1681527600000,30401.79000000,30445.93000000,30390.83000000,30402.88000000,15.99763000,1681531199999,486496.61775890,506,6.18586000,188099.65141510,0
1681531200000,30407.40000000,30418.26000000,30364.34000000,30385.45000000,14.83376000,1681534799999,450783.95736570,433,5.79090000,175960.82475790,0
1681534800000,30381.98000000,30451.14000000,30381.98000000,30448.38000000,6.20257000,1681538399999,188667.76253070,259,1.98853000,60492.53319900,0
1681538400000,30449.26000000,30460.12000000,30398.54000000,30418.50000000,11.62845000,1681541999999,353801.92901090,245,7.68010000,233684.27817610,0
1681542000000,30419.19000000,30493.15000000,30415.72000000,30460.03000000,11.60373000,1681545599999,353277.36788610,357,5.50284000,167527.83638790,0
1681545600000,30460.03000000,30479.42000000,30391.24000000,30408.99000000,17.01216000,1681549199999,517808.09470190,477,7.01860000,213732.03741340,0
1681549200000,30409.21000000,30490.60000000,30409.21000000,30476.03000000,12.04951000,1681552799999,366891.22063320,416,2.69485000,82058.93441480,0
1681552800000,30483.30000000,30495.44000000,30427.77000000,30443.06000000,15.41605000,1681556399999,469490.44972960,296,7.01637000,213713.22238730,0
1681556400000,30445.33000000,30467.16000000,30394.83000000,30417.14000000,20.40777000,1681559999999,621082.30808160,413,6.53908000,198982.33286860,0
1681560000000,30422.02000000,30478.21000000,30406.08000000,30454.68000000,40.38814000,1681563599999,1229354.39836390,539,10.72298000,326342.54937720,0
1681563600000,30452.92000000,30469.02000000,30316.40000000,30366.11000000,29.26576000,1681567199999,889071.26312670,508,7.43711000,225991.27591500,0
1681567200000,30366.11000000,30408.21000000,30330.16000000,30382.87000000,8.52837000,1681570799999,259160.91695080,310,3.35692000,102010.98268340,0
1681570800000,30391.96000000,30450.91000000,30355.11000000,30357.58000000,19.13541000,1681574399999,581959.23215610,450,6.39766000,194561.20780490,0
1681574400000,30357.72000000,30371.53000000,30295.22000000,30352.53000000,44.57556000,1681577999999,1352036.78962210,861,14.24105000,431930.02908880,0
1681578000000,30350.32000000,30350.32000000,30237.04000000,30274.73000000,17.83850000,1681581599999,540264.99489310,628,6.97508000,211258.23631270,0
1681581600000,30274.73000000,30332.70000000,30272.07000000,30331.98000000,7.70986000,1681585199999,233698.49536060,298,3.57016000,108217.32863030,0
1681585200000,30332.35000000,30364.74000000,30258.07000000,30364.72000000,9.81294000,1681588799999,297597.02394780,372,6.25954000,189833.42460570,0
1681588800000,30365.64000000,30374.89000000,30287.40000000,30309.11000000,18.94325000,1681592399999,574753.29649630,357,4.70931000,142828.63523710,0
1681592400000,30307.34000000,30330.30000000,30271.36000000,30294.22000000,8.67651000,1681595999999,262916.08358360,310,3.71358000,112514.78273070,0
1681596000000,30292.08000000,30387.07000000,30260.00000000,30377.61000000,11.44208000,1681599599999,347145.51322730,328,3.67266000,111416.92501610,0
1681599600000,30374.44000000,30389.66000000,30300.00000000,30318.17000000,4.81990000,1681603199999,146346.93719210,266,1.58548000,48125.44085250,0
1681603200000,30318.17000000,30346.28000000,30297.01000000,30300.63000000,6.02142000,1681606799999,182568.26643970,294,4.84558000,146919.34009310,0
1681606800000,30297.16000000,30925.04000000,30151.22000000,30262.60000000,85.77726000,1681610399999,2616125.39418310,819,61.24858000,1874296.87535540,0
1681610400000,30254.34000000,30311.35000000,30252.16000000,30289.57000000,15.25179000,1681613999999,461938.13189460,300,4.12535000,124974.32533100,0
1681614000000,30292.81000000,30294.49000000,30256.05000000,30278.78000000,9.13456000,1681617599999,276538.07098780,194,1.30828000,39603.60858780,0
1681617600000,30275.31000000,30335.28000000,30274.08000000,30317.17000000,17.22881000,1681621199999,522133.97609590,225,12.68886000,384550.05003610,0
1681621200000,30326.20000000,30368.16000000,30323.35000000,30333.74000000,11.43479000,1681624799999,347036.00991360,204,4.17683000,126720.05927090,0
1681624800000,30334.07000000,30377.81000000,30328.85000000,30332.40000000,9.94551000,1681628399999,301892.86098930,257,3.90523000,118543.01033920,0
1681628400000,30336.35000000,30416.27000000,30325.31000000,30370.73000000,12.65440000,1681631999999,384360.52971590,343,6.62642000,201317.85703810,0
1681632000000,30370.71000000,30380.05000000,30350.86000000,30359.20000000,9.45916000,1681635599999,287234.94081540,273,4.83043000,146679.61621740,0
1681635600000,30359.20000000,30359.20000000,30280.72000000,30296.36000000,25.42578000,1681639199999,770775.30616110,408,13.54169000,410466.10277810,0
1681639200000,30302.36000000,30315.56000000,30282.49000000,30307.84000000,4.69298000,1681642799999,142195.90039030,125,4.08356000,123735.08431590,0
1681642800000,30314.41000000,30345.47000000,30250.01000000,30250.58000000,3.14765000,1681646399999,95362.62873680,199,1.64051000,49713.36296250,0
1681646400000,30247.30000000,30299.69000000,30246.98000000,30284.75000000,14.64959000,1681649999999,443428.28640920,260,6.83194000,206777.63834320,0
1681650000000,30285.96000000,30288.71000000,30186.66000000,30274.67000000,29.43184000,1681653599999,890422.48563000,454,9.51557000,287794.74489150,0
1681653600000,30275.59000000,30345.37000000,30270.11000000,30345.37000000,24.31546000,1681657199999,737025.35295350,485,6.64300000,201313.77060400,0
1681657200000,30335.36000000,30391.44000000,30324.26000000,30358.11000000,13.49907000,1681660799999,409759.12612710,402,5.91337000,179471.24292860,0
1681660800000,30358.59000000,30363.91000000,30286.38000000,30361.86000000,25.68888000,1681664399999,779065.43251700,884,4.38332000,132991.79890090,0
1681664400000,30361.86000000,30400.81000000,30318.27000000,30321.40000000,36.99963000,1681667999999,1122373.51234220,691,31.94411000,968951.28535270,0
1681668000000,30323.42000000,30506.70000000,30323.42000000,30506.70000000,33.48929000,1681671599999,1016447.49022400,669,17.31108000,525337.10911190,0
1681671600000,30507.29000000,30580.86000000,30302.65000000,30335.85000000,84.14296000,1681675199999,2568534.10502560,906,23.51146000,716818.50390740,0
1681675200000,30334.51000000,30431.40000000,30219.86000000,30365.59000000,46.45412000,1681678799999,1410277.25424340,748,41.45365000,1258521.57925880,0
1681678800000,30365.59000000,30414.63000000,30292.26000000,30398.55000000,26.45873000,1681682399999,803178.82954700,581,20.75639000,630095.81800960,0
1681682400000,30405.33000000,30431.44000000,30321.75000000,30353.54000000,30.22340000,1681685999999,917701.76881700,740,24.18497000,734146.01003400,0
1681686000000,30353.91000000,30373.36000000,30269.92000000,30327.67000000,11.08928000,1681689599999,336214.81401300,449,6.03131000,182870.78617940,0
1681689600000,30326.36000000,30340.55000000,29815.01000000,29866.09000000,94.64084000,1681693199999,2840056.97500580,1502,23.54450000,706619.30034300,0
1681693200000,29855.13000000,30017.32000000,29781.37000000,29966.47000000,78.46706000,1681696799999,2350784.62591310,1165,57.45424000,1722933.62943340,0
1681696800000,29963.16000000,30116.24000000,29911.87000000,30038.76000000,50.82837000,1681700399999,1525544.96806590,852,43.65936000,1310408.87267430,0
1681700400000,30038.76000000,30059.02000000,29972.90000000,30000.24000000,21.39625000,1681703999999,642511.89522040,404,17.49370000,525334.50258860,0
1681704000000,30001.29000000,30009.26000000,29939.62000000,30000.63000000,12.38716000,1681707599999,371418.56877800,384,7.78112000,233325.19708310,0
1681707600000,30000.58000000,30031.44000000,29954.73000000,30015.87000000,11.09103000,1681711199999,332624.38934980,312,3.37899000,101331.88556440,0
1681711200000,30022.13000000,30028.05000000,29916.58000000,29922.72000000,29.21492000,1681714799999,875239.28787310,698,6.82336000,204499.34164210,0
1681714800000,29932.04000000,29962.38000000,29855.85000000,29865.61000000,22.96531000,1681718399999,686859.05823030,555,10.21833000,305715.75899730,0
1681718400000,29863.47000000,29941.48000000,29824.64000000,29936.86000000,20.06747000,1681721999999,599664.34319000,537,11.55916000,345457.48562540,0
1681722000000,29928.37000000,29943.83000000,29876.35000000,29898.19000000,18.34482000,1681725599999,548717.75181100,392,3.83154000,114654.14201720,0
1681725600000,29898.25000000,29914.65000000,29789.78000000,29902.32000000,84.74012000,1681729199999,2531171.40401770,1083,17.06711000,509777.56541390,0
1681729200000,29905.39000000,29909.20000000,29400.00000000,29593.76000000,41.52352000,1681732799999,1231080.36294300,967,17.09893000,505905.34426220,0
1681732800000,29591.94000000,29612.51000000,29460.74000000,29550.40000000,51.92393000,1681736399999,1533823.55191900,855,22.13632000,653828.28684020,0
1681736400000,29546.01000000,29558.46000000,29290.92000000,29421.76000000,79.54978000,1681739999999,2345171.90090180,1177,13.80427000,406400.95483270,0
1681740000000,29421.77000000,29500.09000000,29373.92000000,29464.51000000,36.24258000,1681743599999,1067295.63807180,654,27.27231000,803283.69003770,0
1681743600000,29464.41000000,29482.44000000,29260.28000000,29376.68000000,34.28213000,1681747199999,1007169.56164130,805,16.68058000,490239.94446660,0
1681747200000,29361.90000000,29496.67000000,29346.23000000,29479.76000000,28.02301000,1681750799999,824306.41046170,765,14.64625000,430778.02177080,0
1681750800000,29479.60000000,29545.36000000,29466.78000000,29484.44000000,11.13160000,1681754399999,328433.98440570,411,4.68789000,138300.07233890,0
1681754400000,29484.15000000,29586.20000000,29476.41000000,29544.85000000,21.75342000,1681757999999,642174.01397820,530,8.46922000,250008.74308500,0
1681758000000,29537.01000000,29591.45000000,29471.98000000,29484.54000000,33.64387000,1681761599999,993261.88443050,748,28.12816000,830346.95504960,0
1681761600000,29489.55000000,29510.36000000,29437.17000000,29462.57000000,19.06733000,1681765199999,562015.74525420,542,12.22608000,360333.74865610,0
1681765200000,29461.85000000,29487.10000000,29409.40000000,29475.04000000,25.98797000,1681768799999,765168.14754810,460,9.47688000,279202.88242530,0
1681768800000,29475.04000000,29554.74000000,29475.04000000,29503.30000000,26.20146000,1681772399999,773067.87427110,459,4.56926000,134858.58187050,0
1681772400000,29526.55000000,29526.55000000,29416.65000000,29449.34000000,18.73043000,1681775999999,552202.06162620,386,12.78224000,376876.84869830,0
1681776000000,29450.78000000,29464.87000000,29305.60000000,29375.66000000,19.50911000,1681779599999,573274.10171430,434,9.03098000,265527.65426190,0
1681779600000,29384.60000000,29430.48000000,29127.59000000,29389.01000000,34.39440000,1681783199999,1007349.38465980,846,17.32565000,507911.08951000,0
1681783200000,29399.19000000,29505.79000000,29399.19000000,29484.77000000,18.61760000,1681786799999,548381.02938740,429,7.39496000,217680.55396520,0
1681786800000,29481.36000000,29516.48000000,29459.01000000,29465.26000000,4.61645000,1681790399999,136113.43584370,199,3.00223000,88517.22503250,0
1681790400000,29464.16000000,29525.08000000,29456.48000000,29513.97000000,11.82714000,1681793999999,348877.03323290,339,5.64885000,166590.97697110,0
1681794000000,29513.99000000,29610.68000000,29513.41000000,29553.58000000,12.76513000,1681797599999,377273.68790070,317,6.81290000,201361.83144480,0
1681797600000,29565.22000000,29753.38000000,29565.22000000,29729.47000000,22.24481000,1681801199999,660103.98439460,631,9.60288000,284996.89703520,0
1681801200000,29733.04000000,29810.07000000,29690.00000000,29785.24000000,24.04756000,1681804799999,715613.52261440,462,20.95092000,623493.00450370,0
1681804800000,29790.98000000,29846.61000000,29708.28000000,29718.70000000,17.43987000,1681808399999,519128.22941800,480,10.01078000,298037.51457400,0
1681808400000,29718.69000000,29938.38000000,29712.92000000,29897.20000000,33.62643000,1681811999999,1003847.97810870,630,22.85687000,682682.42645200,0
1681812000000,29913.51000000,29980.64000000,29881.46000000,29914.52000000,78.69649000,1681815599999,2354124.71611630,829,73.86883000,2209649.38032280,0
1681815600000,29909.27000000,30398.42000000,29896.90000000,30393.74000000,78.57151000,1681819199999,2368904.25183270,1416,56.49072000,1702095.74824580,0
1681819200000,30395.16000000,30495.51000000,30297.46000000,30303.08000000,113.24793000,1681822799999,3443013.19124880,1622,31.79992000,966930.41092630,0
1681822800000,30319.19000000,30440.47000000,30291.40000000,30398.94000000,41.23172000,1681826399999,1251884.87917590,686,26.03920000,790589.13813760,0
1681826400000,30391.17000000,30400.74000000,30136.13000000,30259.81000000,36.33843000,1681829999999,1099362.23554330,894,16.36597000,495254.36414880,0
1681830000000,30265.66000000,30298.85000000,30118.83000000,30195.44000000,38.13876000,1681833599999,1151913.00485960,718,22.29670000,673142.91243260,0
1681833600000,30196.62000000,30299.77000000,30171.87000000,30234.24000000,58.84151000,1681837199999,1779714.22790100,724,45.01186000,1361486.45964290,0
1681837200000,30228.22000000,30266.15000000,30036.06000000,30044.98000000,38.49959000,1681840799999,1162350.30781070,827,23.66166000,714638.33885760,0
1681840800000,30037.28000000,30282.69000000,29968.48000000,30151.24000000,45.48858000,1681844399999,1370520.29204740,981,24.05727000,725733.65606650,0
1681844400000,30159.50000000,30241.13000000,30114.31000000,30233.47000000,77.61386000,1681847999999,2343986.12182250,1004,47.16855000,1424657.16482780,0
1681848000000,30228.98000000,30454.48000000,30158.09000000,30419.87000000,36.53075000,1681851599999,1107412.77669360,875,23.27531000,705906.63869450,0
1681851600000,30425.67000000,30447.57000000,30286.69000000,30376.74000000,46.27815000,1681855199999,1404318.89778270,750,30.85578000,936221.60057940,0
1681855200000,30378.16000000,30413.41000000,30299.48000000,30372.09000000,37.28744000,1681858799999,1131495.62314810,623,28.30636000,858864.62152150,0
1681858800000,30374.10000000,30417.48000000,30316.67000000,30392.80000000,41.84768000,1681862399999,1270030.15860730,680,30.63170000,929534.77539360,0
1681862400000,30392.63000000,30428.37000000,30301.38000000,30328.16000000,37.56454000,1681865999999,1139811.00062790,782,21.35191000,647812.90458750,0
1681866000000,30328.99000000,30354.58000000,30233.87000000,30241.60000000,39.25445000,1681869599999,1189416.94283380,643,26.56461000,804970.20447580,0
1681869600000,30254.71000000,30267.59000000,30134.59000000,30212.97000000,34.44567000,1681873199999,1040727.33720350,840,21.20944000,640799.74292730,0
1681873200000,30215.17000000,30285.67000000,30190.13000000,30223.91000000,18.40110000,1681876799999,556342.93722670,403,6.94921000,210079.72980720,0
1681876800000,30225.21000000,30249.66000000,30159.82000000,30211.77000000,21.09990000,1681880399999,637359.34126970,429,11.39330000,344077.44852840,0
1681880400000,30206.97000000,30338.73000000,30187.65000000,30280.72000000,46.69855000,1681883999999,1412664.71498810,656,28.15837000,851744.42159730,0
1681884000000,30278.62000000,30282.95000000,30025.94000000,30025.94000000,53.94556000,1681887599999,1625577.80747480,1050,28.06784000,845570.80401860,0
1681887600000,30022.43000000,30136.10000000,29991.84000000,30090.35000000,51.45839000,1681891199999,1548127.48180370,718,35.03581000,1054168.36253620,0
1681891200000,30090.30000000,30092.55000000,29010.05000000,29190.80000000,240.67607000,1681894799999,7066476.82150050,5436,123.97148000,3636881.37884290,0
1681894800000,29182.05000000,29335.32000000,29070.00000000,29210.57000000,76.39904000,1681898399999,2231160.47044530,1507,42.93029000,1253877.42158480,0
1681898400000,29209.48000000,29285.67000000,29106.57000000,29268.24000000,23.56691000,1681901999999,687785.57555780,823,13.86342000,404651.75255540,0
1681902000000,29259.74000000,29343.05000000,29245.70000000,29321.09000000,30.45401000,1681905599999,891899.56143050,755,14.07293000,412178.53613150,0
1681905600000,29321.09000000,29321.09000000,29195.76000000,29227.37000000,50.31961000,1681909199999,1471472.06034690,1077,40.37121000,1180603.34176750,0
1681909200000,29217.45000000,29346.04000000,29185.70000000,29338.51000000,18.83398000,1681912799999,551415.59909180,476,12.21966000,357802.35073140,0
1681912800000,29337.97000000,29512.90000000,29337.97000000,29414.45000000,21.07676000,1681916399999,619923.95709900,730,12.04123000,354229.15687840,0
1681916400000,29411.63000000,29446.73000000,29092.00000000,29278.83000000,38.59954000,1681919999999,1130670.82942570,920,9.73723000,284886.70890950,0
1681920000000,29283.46000000,29381.59000000,29259.69000000,29334.87000000,12.46647000,1681923599999,365650.68266040,392,8.88918000,260747.58739400,0
1681923600000,29330.99000000,29340.11000000,29117.69000000,29333.19000000,13.15539000,1681927199999,384572.65353210,602,5.33527000,156014.67786910,0
1681927200000,29333.18000000,29362.36000000,29237.41000000,29296.60000000,12.11654000,1681930799999,355060.27009610,358,7.10767000,208351.82776880,0
1681930800000,29293.02000000,29363.98000000,29214.21000000,29237.93000000,13.45837000,1681934399999,394134.51132390,451,8.29266000,242832.86093180,0
1681934400000,29232.65000000,29327.76000000,29166.89000000,29247.81000000,19.89916000,1681937999999,581830.69014490,739,13.25892000,387692.26989490,0
1681938000000,29245.09000000,29252.20000000,28837.55000000,29174.49000000,46.20051000,1681941599999,1342452.47730720,1499,24.43638000,709966.61666350,0
1681941600000,29177.12000000,29242.76000000,29048.72000000,29083.41000000,23.82615000,1681945199999,694490.28733320,703,12.79361000,372867.65339070,0
1681945200000,29079.89000000,29095.43000000,28591.69000000,28821.60000000,139.60842000,1681948799999,4022313.01525050,2518,58.63139000,1689068.86812420,0
1681948800000,28812.71000000,28971.80000000,28736.78000000,28932.51000000,32.51794000,1681952399999,937894.16638490,925,19.23062000,554579.06062850,0
1681952400000,28920.80000000,29005.88000000,28846.12000000,28946.71000000,15.51156000,1681955999999,448539.64738970,463,8.55816000,247432.14160910,0
1681956000000,28940.48000000,28968.78000000,28734.07000000,28754.48000000,12.60234000,1681959599999,363701.24307510,437,4.12424000,119021.42857390,0
1681959600000,28754.48000000,28894.10000000,28572.72000000,28872.52000000,19.22007000,1681963199999,552940.81172440,643,12.24228000,352379.38544320,0
1681963200000,28874.09000000,28969.60000000,28863.20000000,28881.03000000,16.50013000,1681966799999,477100.73706000,517,7.11492000,205664.05424560,0
1681966800000,28884.09000000,28952.89000000,28837.65000000,28895.83000000,13.30621000,1681970399999,384112.79279100,302,3.48662000,100698.08394140,0
1681970400000,28910.22000000,29094.49000000,28910.22000000,28943.01000000,71.93955000,1681973999999,2083999.08043660,697,18.79681000,544868.69691370,0
1681974000000,28937.85000000,28956.43000000,28858.57000000,28872.01000000,11.77468000,1681977599999,340427.36388190,477,8.35615000,241567.89122330,0
1681977600000,28877.47000000,28963.39000000,28740.93000000,28837.44000000,23.39332000,1681981199999,674979.13942990,645,10.88150000,314100.66489680,0
1681981200000,28834.27000000,28920.08000000,28832.80000000,28871.23000000,12.29835000,1681984799999,355109.58705350,441,6.39048000,184490.11698650,0
1681984800000,28871.23000000,28910.02000000,28793.45000000,28868.59000000,11.09336000,1681988399999,320020.99863410,357,4.88070000,140773.91029860,0
1681988400000,28868.59000000,28868.59000000,28602.68000000,28614.50000000,22.53719000,1681991999999,647010.75166950,769,10.84794000,311528.06516540,0
1681992000000,28615.17000000,28951.59000000,28364.85000000,28900.00000000,64.76369000,1681995599999,1856986.22924850,1690,35.39361000,1015889.54998680,0
1681995600000,28898.96000000,28902.45000000,28715.95000000,28840.50000000,18.54074000,1681999199999,534212.93729570,728,11.17540000,322071.39976290,0
1681999200000,28830.67000000,28875.43000000,28685.20000000,28728.59000000,12.23410000,1682002799999,352229.42637610,479,4.56515000,131464.54698470,0
1682002800000,28726.50000000,28740.50000000,28469.99000000,28516.80000000,38.39830000,1682006399999,1098909.75422110,909,24.59953000,704310.94856700,0
1682006400000,28508.64000000,28661.27000000,28251.05000000,28450.09000000,50.68591000,1682009999999,1444504.32933870,1803,27.16853000,774520.01243810,0
1682010000000,28471.05000000,28612.08000000,28364.85000000,28462.17000000,17.48623000,1682013599999,498112.40289610,803,7.82662000,222873.17693570,0
1682013600000,28459.93000000,28532.93000000,28284.51000000,28362.51000000,20.26179000,1682017199999,574646.34843150,840,7.52681000,213451.16070990,0
1682017200000,28363.00000000,28364.95000000,28006.40000000,28107.78000000,85.92881000,1682020799999,2420000.06070430,1988,58.60302000,1650554.35664230,0
1682020800000,28103.43000000,28325.95000000,28019.02000000,28204.98000000,39.11791000,1682024399999,1102048.28225720,1118,22.09209000,622254.32270130,0
1682024400000,28203.22000000,28289.24000000,28163.44000000,28230.45000000,14.14376000,1682027999999,399058.89866140,495,9.82723000,277181.36055930,0
1682028000000,28235.87000000,28365.71000000,28183.77000000,28249.95000000,21.80680000,1682031599999,616750.76879220,503,12.89939000,364806.54803380,0
1682031600000,28251.49000000,28322.33000000,28190.09000000,28239.00000000,16.15431000,1682035199999,456266.65585650,561,9.70062000,273867.28421100,0
1682035200000,28242.85000000,28368.57000000,28091.28000000,28286.76000000,56.23138000,1682038799999,1587896.98296850,1346,34.77693000,981791.11084460,0
1682038800000,28304.78000000,28319.32000000,28200.00000000,28201.55000000,11.64638000,1682042399999,328901.27185640,340,6.59965000,186419.89195670,0
1682042400000,28200.95000000,28252.60000000,28144.63000000,28251.08000000,10.76921000,1682045999999,303746.41247550,269,7.61135000,214686.44662880,0
1682046000000,28250.99000000,28337.59000000,28245.61000000,28320.32000000,21.34639000,1682049599999,603895.68120420,601,15.21030000,430243.21436230,0
1682049600000,28323.84000000,28348.57000000,28234.83000000,28237.10000000,12.67417000,1682053199999,358776.17696150,419,11.05552000,312995.57303610,0
1682053200000,28237.41000000,28259.27000000,28158.81000000,28163.22000000,14.02531000,1682056799999,395869.36832470,390,9.83512000,277636.54976840,0
1682056800000,28157.14000000,28217.59000000,27820.81000000,27911.65000000,57.86655000,1682060399999,1620890.65177510,1438,17.93067000,501959.62806130,0
1682060400000,27926.28000000,28185.73000000,27845.39000000,28158.87000000,66.49873000,1682063999999,1863950.96170240,1335,44.98263000,1261707.07698430,0
1682064000000,28158.49000000,28236.59000000,28020.84000000,28072.92000000,26.61636000,1682067599999,748204.90074440,669,17.59163000,494477.55254440,0
1682067600000,28070.98000000,28115.72000000,27970.09000000,28057.84000000,18.76356000,1682071199999,526425.73577620,491,10.99618000,308491.16594610,0
1682071200000,28055.65000000,28149.58000000,27949.13000000,28000.03000000,18.26056000,1682074799999,512214.67724250,597,9.82109000,275592.04178470,0
1682074800000,27993.73000000,28091.00000000,27920.61000000,28062.19000000,28.04589000,1682078399999,785251.47488070,608,19.39011000,542814.89394760,0
1682078400000,28062.89000000,28224.78000000,27970.00000000,28214.71000000,32.13755000,1682081999999,903779.56668230,767,21.73490000,611137.67304630,0
1682082000000,28215.38000000,28301.55000000,28093.66000000,28107.84000000,32.47375000,1682085599999,916263.68310720,875,19.21467000,542222.56735620,0
1682085600000,28112.89000000,28210.78000000,28028.97000000,28036.40000000,35.27760000,1682089199999,991251.79635400,961,23.55505000,661968.05172230,0
1682089200000,28056.29000000,28135.00000000,27983.89000000,28030.02000000,52.11517000,1682092799999,1462302.83156110,1163,23.11666000,648761.68295800,0
1682092800000,28027.93000000,28084.89000000,27944.44000000,28032.36000000,42.63387000,1682096399999,1193337.11455840,1143,27.39520000,766637.00890000,0
1682096400000,28041.42000000,28049.07000000,27781.49000000,27897.16000000,57.68376000,1682099999999,1609010.19003010,1298,31.40242000,874995.27214090,0
1682100000000,27899.81000000,27981.88000000,27734.25000000,27770.04000000,49.71010000,1682103599999,1384173.28759440,1088,36.92415000,1028248.73563830,0
1682103600000,27772.54000000,27788.12000000,27188.46000000,27277.83000000,80.55273000,1682107199999,2207260.18454050,2442,47.84871000,1309695.36891320,0
1682107200000,27277.79000000,27408.88000000,27180.33000000,27268.76000000,24.60958000,1682110799999,672088.01271610,930,10.25521000,280064.67406560,0
1682110800000,27266.25000000,27373.57000000,27237.23000000,27278.97000000,26.89584000,1682114399999,734293.97984860,745,7.46511000,203708.69911640,0
1682114400000,27278.97000000,27341.39000000,27134.74000000,27261.14000000,16.42037000,1682117999999,447424.05113650,592,5.82177000,158551.25435700,0
1682118000000,27259.86000000,27334.63000000,27242.11000000,27261.76000000,25.10957000,1682121599999,685406.73812790,679,20.22772000,552167.45301330,0
1682121600000,27260.47000000,27324.28000000,27212.45000000,27224.07000000,24.79533000,1682125199999,676055.84074930,574,11.94391000,325765.11736280,0
1682125200000,27221.50000000,27301.11000000,27138.41000000,27280.87000000,6.25093000,1682128799999,170256.07891420,269,3.24271000,88338.85504450,0
1682128800000,27286.77000000,27314.47000000,27229.93000000,27235.36000000,22.61459000,1682132399999,616612.94041990,474,11.34900000,309449.62964880,0
1682132400000,27234.83000000,27362.00000000,27233.55000000,27322.00000000,18.14231000,1682135999999,495042.38347130,520,10.41456000,284191.78347940,0
1682136000000,27322.01000000,27366.37000000,27301.64000000,27349.63000000,13.37357000,1682139599999,365539.36058640,335,4.36655000,119341.98772730,0
1682139600000,27347.46000000,27398.40000000,27304.50000000,27398.40000000,13.29251000,1682143199999,363422.84813810,336,6.05359000,165534.23292980,0
1682143200000,27384.25000000,27384.25000000,27304.80000000,27347.81000000,17.34437000,1682146799999,474176.55748810,504,5.41126000,147881.11101160,0
1682146800000,27345.93000000,27349.09000000,27230.63000000,27268.27000000,13.50232000,1682150399999,368369.95919060,357,4.50731000,122934.20234770,0
1682150400000,27274.85000000,27306.51000000,27200.00000000,27216.17000000,16.39920000,1682153999999,446876.22485170,502,4.37786000,119327.73693960,0
1682154000000,27221.20000000,27272.26000000,27221.03000000,27238.70000000,6.80390000,1682157599999,185355.47115900,237,2.66076000,72488.80903280,0
1682157600000,27240.90000000,27262.45000000,27188.13000000,27262.44000000,8.82135000,1682161199999,240127.82635750,331,5.28079000,143777.50258380,0
1682161200000,27255.48000000,27319.35000000,27245.85000000,27293.36000000,2.73230000,1682164799999,74526.09644990,144,1.70870000,46616.96617520,0
1682164800000,27288.45000000,27357.33000000,27288.45000000,27343.42000000,4.22159000,1682168399999,115309.35803800,195,3.01078000,82232.33405630,0
1682168400000,27342.82000000,27360.30000000,27228.30000000,27260.13000000,7.75585000,1682171999999,211629.93588320,346,2.59927000,70973.96010610,0
1682172000000,27258.48000000,27496.47000000,27242.86000000,27484.47000000,16.52866000,1682175599999,453341.07709120,480,8.39863000,230261.61362900,0
1682175600000,27487.02000000,27557.22000000,27389.93000000,27475.96000000,20.32595000,1682179199999,558388.18972900,658,12.69472000,348861.51606120,0
1682179200000,27493.46000000,27689.25000000,27493.46000000,27584.99000000,22.39317000,1682182799999,618268.14094220,759,14.11813000,389643.28320690,0
1682182800000,27586.93000000,27786.18000000,27570.85000000,27669.94000000,39.79953000,1682186399999,1102297.67920390,1036,27.19024000,753156.63389610,0
1682186400000,27669.96000000,27672.38000000,27524.20000000,27601.02000000,12.01727000,1682189999999,331620.90378860,339,7.87615000,217373.23702720,0
1682190000000,27612.18000000,27658.19000000,27589.25000000,27625.82000000,11.31908000,1682193599999,312699.94601360,319,8.44004000,233165.90000360,0
1682193600000,27630.12000000,27705.24000000,27628.88000000,27634.56000000,7.48824000,1682197199999,207189.00263190,266,5.07600000,140443.48916090,0
1682197200000,27628.45000000,27670.55000000,27572.78000000,27670.55000000,4.48558000,1682200799999,123920.87619640,293,3.00107000,82930.54058970,0
1682200800000,27670.55000000,27880.48000000,27650.21000000,27856.31000000,45.50700000,1682204399999,1264417.94819450,1141,24.35437000,676693.14499620,0
1682204400000,27837.88000000,27879.81000000,27800.43000000,27812.36000000,14.49024000,1682207999999,403272.37924900,427,6.98408000,194416.19154310,0
1682208000000,27805.83000000,27812.69000000,27444.55000000,27547.34000000,17.93640000,1682211599999,494650.01723930,658,5.83199000,160922.74053080,0
1682211600000,27539.25000000,27662.01000000,27485.39000000,27557.33000000,13.64425000,1682215199999,376355.00123650,564,3.30639000,91204.15151470,0
1682215200000,27548.95000000,27607.36000000,27490.68000000,27595.70000000,25.93041000,1682218799999,714490.26361930,796,4.69082000,129253.91735810,0
1682218800000,27588.80000000,27646.18000000,27533.61000000,27566.47000000,13.73152000,1682222399999,378786.49226530,548,2.88847000,79686.59672680,0
1682222400000,27556.18000000,27631.64000000,27547.47000000,27615.91000000,16.72353000,1682225999999,461412.20972390,495,4.43594000,122362.13864090,0
1682226000000,27611.18000000,27619.30000000,27540.19000000,27590.36000000,6.84472000,1682229599999,188805.13047330,329,0.91992000,25374.16115120,0
1682229600000,27589.29000000,27632.56000000,27570.29000000,27595.42000000,11.48174000,1682233199999,316860.46083640,310,1.27090000,35077.15925630,0
1682233200000,27597.77000000,27756.81000000,27557.57000000,27722.98000000,13.96053000,1682236799999,386106.03359420,399,4.43476000,122695.14863670,0
1682236800000,27729.09000000,27769.86000000,27674.05000000,27715.83000000,11.49531000,1682240399999,318640.26352660,386,3.53868000,98094.10951660,0
1682240400000,27719.98000000,27725.85000000,27601.28000000,27639.51000000,7.80839000,1682243999999,216033.54856470,265,1.75736000,48641.42083920,0
1682244000000,27635.78000000,27641.16000000,27489.36000000,27538.37000000,9.43693000,1682247599999,260027.40624940,416,4.00326000,110299.79770450,0
1682247600000,27532.19000000,27651.21000000,27518.08000000,27641.56000000,6.08802000,1682251199999,167823.95962600,290,4.68844000,129244.78931500,0
1682251200000,27650.38000000,27733.76000000,27595.25000000,27610.85000000,7.23566000,1682254799999,200195.30574430,329,3.60510000,99701.60350310,0
1682254800000,27616.61000000,27668.34000000,27582.17000000,27635.88000000,7.21753000,1682258399999,199421.41585720,292,2.07768000,57415.82417510,0
1682258400000,27635.46000000,27686.34000000,27512.03000000,27550.18000000,6.74561000,1682261999999,186300.24098100,355,3.77708000,104315.58472610,0
1682262000000,27557.19000000,27578.07000000,27341.39000000,27479.26000000,18.76250000,1682265599999,514998.54295010,780,8.54233000,234581.45028060,0
1682265600000,27471.23000000,27690.06000000,27370.63000000,27602.59000000,14.11443000,1682269199999,388386.54783220,544,7.99909000,220115.24548420,0
1682269200000,27588.53000000,27632.41000000,27486.08000000,27526.98000000,3.65773000,1682272799999,100764.79436180,293,1.31525000,36232.14883970,0
1682272800000,27518.19000000,27545.24000000,27331.57000000,27463.39000000,14.56917000,1682276399999,399872.54421470,738,5.48323000,150483.54375490,0
1682276400000,27478.36000000,27534.06000000,27432.64000000,27463.49000000,9.81500000,1682279999999,269766.94813710,458,4.23558000,116409.07665440,0
1682280000000,27470.52000000,27548.86000000,27409.61000000,27507.71000000,8.58521000,1682283599999,235914.50847090,359,4.85144000,133332.15567840,0
1682283600000,27506.71000000,27554.85000000,27489.66000000,27515.23000000,9.85007000,1682287199999,270993.20682770,399,6.89653000,189725.46791080,0
1682287200000,27517.27000000,27636.83000000,27425.11000000,27592.60000000,11.64053000,1682290799999,320336.44231990,428,6.65607000,183166.63034330,0
1682290800000,27599.44000000,27651.76000000,27549.49000000,27592.99000000,6.12836000,1682294399999,169196.34540760,325,3.24311000,89543.22981110,0
1682294400000,27590.32000000,27864.07000000,27434.35000000,27807.56000000,13.22807000,1682297999999,365940.95883640,672,8.15111000,225700.24910870,0
1682298000000,27814.49000000,27994.14000000,27693.20000000,27756.54000000,27.60819000,1682301599999,769280.36863090,1150,13.52640000,376961.92485530,0
1682301600000,27756.54000000,27827.27000000,27676.68000000,27744.22000000,10.88101000,1682305199999,301927.21204070,446,4.28998000,118954.58259510,0
1682305200000,27746.84000000,27790.09000000,27679.67000000,27790.09000000,12.31078000,1682308799999,341516.14971890,435,7.06707000,196080.72723280,0
1682308800000,27791.31000000,27795.48000000,27697.50000000,27705.21000000,10.15883000,1682312399999,281834.10308870,417,6.93933000,192477.97148630,0
1682312400000,27702.68000000,27761.04000000,27643.19000000,27653.84000000,14.82252000,1682315999999,410680.13128740,468,9.10455000,252288.59594820,0
1682316000000,27659.60000000,27708.66000000,27468.13000000,27546.77000000,15.98238000,1682319599999,441390.27263090,551,6.05869000,167368.37988210,0
1682319600000,27537.87000000,27537.87000000,27350.05000000,27434.76000000,35.56113000,1682323199999,975683.47747200,1040,24.13951000,662270.44593520,0
1682323200000,27447.03000000,27520.52000000,27168.07000000,27172.78000000,39.35551000,1682326799999,1075531.59553720,1113,15.64608000,427855.88226780,0
1682326800000,27179.52000000,27369.11000000,27175.63000000,27305.25000000,21.73423000,1682330399999,592937.80978840,668,13.64962000,372446.83552320,0
1682330400000,27313.18000000,27434.53000000,27310.78000000,27416.41000000,12.23325000,1682333999999,334755.64474560,515,7.46389000,204212.06425180,0
1682334000000,27424.44000000,27553.62000000,27383.47000000,27551.74000000,46.80546000,1682337599999,1286086.01272530,1065,36.15505000,993437.90853600,0
1682337600000,27554.51000000,27577.29000000,27430.33000000,27440.00000000,71.32474000,1682341199999,1960476.21650560,1179,59.65894000,1639836.54688800,0
1682341200000,27440.00000000,27716.94000000,27390.11000000,27617.39000000,59.88012000,1682344799999,1647520.24684040,1449,45.32715000,1246206.60388170,0
1682344800000,27625.10000000,27699.74000000,27282.86000000,27425.63000000,19.07852000,1682348399999,523833.78801850,1032,6.42186000,176489.63359610,0
1682348400000,27432.18000000,27432.18000000,27226.48000000,27268.12000000,23.72928000,1682351999999,647835.30633670,1011,9.11396000,248786.24236270,0
1682352000000,27264.56000000,27399.10000000,27010.00000000,27113.94000000,46.15325000,1682355599999,1257747.61080060,1261,17.56654000,479220.82372540,0
1682355600000,27110.55000000,27411.22000000,26950.00000000,27390.02000000,139.10094000,1682359199999,3798267.19050940,2502,111.65181000,3051169.80222510,0
1682359200000,27383.92000000,27578.77000000,27294.19000000,27342.84000000,23.97893000,1682362799999,657359.31293800,1014,11.76168000,322525.68060200,0
1682362800000,27342.85000000,27419.90000000,27324.67000000,27384.80000000,11.22336000,1682366399999,307076.57725380,530,7.16203000,195939.12521080,0
1682366400000,27384.80000000,27481.98000000,27341.08000000,27458.00000000,17.86388000,1682369999999,489645.83760340,608,9.46121000,259332.48040960,0
1682370000000,27459.95000000,27459.95000000,27331.32000000,27417.75000000,12.11532000,1682373599999,331868.57702640,472,2.84674000,78016.85250410,0
1682373600000,27414.19000000,27516.96000000,27379.39000000,27463.81000000,10.37122000,1682377199999,284575.74471270,456,4.54159000,124548.94249330,0
1682377200000,27467.23000000,27564.06000000,27444.06000000,27509.12000000,7.67499000,1682380799999,211080.50795510,442,1.75504000,48272.15430620,0
1682380800000,27517.59000000,27590.84000000,27437.09000000,27456.40000000,19.49262000,1682384399999,535932.84308420,691,9.80780000,269674.12073850,0
1682384400000,27460.43000000,27519.85000000,27372.37000000,27406.09000000,9.67723000,1682387999999,265485.13390660,456,4.62118000,126775.51362310,0
1682388000000,27405.03000000,27434.44000000,27333.48000000,27406.69000000,14.22989000,1682391599999,389782.29299680,464,5.14533000,140916.11999990,0
1682391600000,27406.06000000,27431.27000000,27322.92000000,27334.40000000,7.14807000,1682395199999,195789.77825410,357,3.64208000,99741.44995720,0
1682395200000,27347.04000000,27442.87000000,27332.34000000,27410.51000000,4.67796000,1682398799999,128176.76019180,279,3.65904000,100258.54646440,0
1682398800000,27413.67000000,27460.25000000,27325.15000000,27415.88000000,11.78560000,1682402399999,322831.27557010,451,5.60825000,153624.75302680,0
1682402400000,27417.93000000,27452.59000000,27350.93000000,27358.01000000,7.02117000,1682405999999,192504.02161600,330,1.90270000,52174.44429790,0
1682406000000,27364.68000000,27408.79000000,27242.10000000,27270.76000000,15.97995000,1682409599999,436497.91539370,679,6.40267000,174786.81368440,0
1682409600000,27270.76000000,27439.92000000,27198.70000000,27431.75000000,18.20926000,1682413199999,496965.60008050,869,12.83232000,350155.91845750,0
1682413200000,27430.90000000,27438.50000000,27282.86000000,27320.62000000,10.57965000,1682416799999,289369.41314170,440,6.30672000,172476.81472900,0
1682416800000,27326.28000000,27354.02000000,27294.18000000,27331.03000000,9.85503000,1682420399999,269248.61804220,432,6.45677000,176414.82790960,0
1682420400000,27333.83000000,27436.47000000,27316.94000000,27387.51000000,18.04636000,1682423999999,494429.54105240,562,11.81699000,323838.28096260,0
1682424000000,27392.43000000,27471.58000000,27358.99000000,27394.75000000,13.05238000,1682427599999,357658.38808990,446,9.48876000,260028.50638330,0
1682427600000,27395.45000000,27468.80000000,27324.02000000,27355.77000000,44.76928000,1682431199999,1225750.44791970,1115,34.15307000,934898.65164070,0
1682431200000,27348.79000000,27383.00000000,27216.96000000,27293.23000000,41.63099000,1682434799999,1137287.03491130,1083,21.30041000,582326.16223730,0
1682434800000,27293.24000000,27430.92000000,27277.41000000,27342.25000000,35.87992000,1682438399999,981210.09059830,916,21.26010000,581542.48452660,0
1682438400000,27343.72000000,27419.12000000,27318.66000000,27394.73000000,32.57236000,1682441999999,891657.59006560,520,19.66444000,538325.54280010,0
1682442000000,27395.59000000,27649.95000000,27316.28000000,27633.00000000,70.86860000,1682445599999,1947728.49409290,1403,39.45415000,1084554.82647560,0
1682445600000,27623.82000000,27785.77000000,27558.48000000,27573.68000000,80.83859000,1682449199999,2236539.08278060,1397,32.68368000,904320.43035170,0
1682449200000,27579.80000000,27661.68000000,27484.54000000,27621.43000000,23.71771000,1682452799999,653570.45366640,775,12.47625000,343834.49672830,0
1682452800000,27620.62000000,28049.26000000,27616.33000000,27982.68000000,53.67830000,1682456399999,1498612.22136370,1420,39.68867000,1107868.74312060,0
1682456400000,27980.09000000,28307.17000000,27980.09000000,28271.54000000,32.94198000,1682459999999,928517.26354850,1350,18.44539000,519963.49784510,0
1682460000000,28272.42000000,28394.63000000,28209.10000000,28237.30000000,25.11100000,1682463599999,710013.91210800,950,12.94798000,365949.24702560,0
1682463600000,28237.29000000,28357.67000000,28173.51000000,28302.63000000,32.59776000,1682467199999,921288.59825920,933,16.80915000,474976.78820840,0
1682467200000,28303.69000000,28480.75000000,28267.17000000,28296.52000000,74.53449000,1682470799999,2115119.58665770,2042,9.28503000,263532.74565630,0
1682470800000,28305.01000000,28394.23000000,28252.67000000,28394.23000000,33.53264000,1682474399999,949761.02944130,936,6.61685000,187471.96274610,0
1682474400000,28390.14000000,28407.04000000,28352.68000000,28395.14000000,11.58536000,1682477999999,328777.61160330,428,3.76930000,106970.43676060,0
1682478000000,28399.75000000,28462.64000000,28315.93000000,28323.06000000,14.48548000,1682481599999,411050.98400100,493,7.37973000,209494.06458370,0
1682481600000,28321.49000000,28380.54000000,28306.80000000,28333.07000000,19.34410000,1682485199999,548130.63794480,495,10.83178000,306885.65755150,0
1682485200000,28346.87000000,28419.92000000,28346.87000000,28399.17000000,10.19373000,1682488799999,289359.97924850,386,4.87981000,138508.09001510,0
1682488800000,28406.08000000,28566.57000000,28350.00000000,28408.24000000,35.90000000,1682492399999,1019955.74512240,955,11.30886000,321697.86364560,0
1682492400000,28396.86000000,28410.72000000,28323.16000000,28386.99000000,24.30374000,1682495999999,689321.79007380,626,7.25279000,205669.52196910,0
1682496000000,28384.71000000,28782.08000000,28377.10000000,28737.47000000,158.10526000,1682499599999,4530319.79435380,1871,78.60779000,2251648.88219550,0
1682499600000,28750.22000000,28930.95000000,28693.13000000,28874.58000000,184.64786000,1682503199999,5319602.23577290,2370,74.80494000,2155012.20247520,0
1682503200000,28883.75000000,29105.04000000,28787.81000000,29008.50000000,115.64458000,1682506799999,3343205.73116680,2240,85.94403000,2485195.48788070,0
1682506800000,29019.97000000,29145.86000000,28912.73000000,28961.68000000,37.99369000,1682510399999,1100866.46630250,1044,18.53351000,537081.28737960,0
1682510400000,28962.94000000,30010.64000000,28962.94000000,29967.81000000,133.80356000,1682513999999,3945903.32773660,3212,82.44297000,2433858.08664050,0
1682514000000,29990.62000000,30018.81000000,29667.80000000,29848.66000000,106.47879000,1682517599999,3174168.92334540,2620,75.75482000,2258773.53919300,0
1682517600000,29851.81000000,29891.96000000,29528.86000000,29708.60000000,98.08653000,1682521199999,2910076.95472040,1641,48.19887000,1429481.22614700,0
1682521200000,29708.60000000,29892.30000000,29687.33000000,29822.41000000,126.55768000,1682524799999,3770378.96057970,1892,85.21143000,2538096.97002280,0
1682524800000,29827.57000000,29906.40000000,29731.45000000,29805.66000000,60.92826000,1682528399999,1815041.41077770,1569,48.42519000,1442225.12588540,0
1682528400000,29805.49000000,29849.08000000,29667.95000000,29725.29000000,22.84837000,1682531999999,680521.74646700,893,16.84646000,501785.35083260,0
1682532000000,29723.35000000,29808.33000000,29708.11000000,29729.99000000,20.31425000,1682535599999,604382.70747950,624,16.33882000,486132.75518260,0
1682535600000,29739.59000000,29739.59000000,27698.96000000,27894.97000000,100.84478000,1682539199999,2887203.74286820,4369,52.31543000,1500528.48462150,0
1682539200000,27900.36000000,28419.05000000,27230.64000000,28416.07000000,111.96455000,1682542799999,3106614.03617470,4920,53.70152000,1489984.15391390,0
1682542800000,28426.33000000,28704.27000000,28098.61000000,28682.72000000,35.29603000,1682546399999,999028.54130870,2289,18.98930000,537696.45710120,0
1682546400000,28700.96000000,28746.97000000,28188.42000000,28306.32000000,26.24524000,1682549999999,747249.96797930,1838,10.67540000,303955.76829960,0
1682550000000,28306.32000000,28466.75000000,28277.07000000,28420.46000000,17.91006000,1682553599999,508305.13796970,1031,10.33023000,293126.43925530,0
1682553600000,28420.46000000,29475.99000000,28395.25000000,29229.77000000,51.28139000,1682557199999,1494822.78316220,2475,28.73742000,837669.38656700,0
1682557200000,29254.01000000,29340.82000000,28570.25000000,28754.98000000,35.37346000,1682560799999,1021561.77334670,2000,14.24434000,411223.66671040,0
1682560800000,28748.82000000,29098.50000000,28748.82000000,29040.52000000,23.99236000,1682564399999,694866.05769850,1287,10.63456000,307839.32738510,0
1682564400000,29042.58000000,29055.01000000,28840.12000000,28893.62000000,17.27947000,1682567999999,500080.47117520,948,9.04630000,261740.74573830,0
1682568000000,28894.47000000,29155.18000000,28879.21000000,29104.10000000,18.13794000,1682571599999,525629.99140080,644,9.48757000,274833.89476790,0
1682571600000,29108.39000000,29287.93000000,29062.11000000,29089.33000000,13.48328000,1682575199999,393101.60948100,665,7.25700000,211664.97282040,0
1682575200000,29095.84000000,29102.77000000,28651.26000000,28811.05000000,22.95909000,1682578799999,663723.41866320,997,10.66150000,308512.96627270,0
1682578800000,28809.97000000,28968.62000000,28711.91000000,28908.62000000,23.31328000,1682582399999,672634.57623170,1012,15.63700000,451103.55754970,0
1682582400000,28906.62000000,29101.27000000,28788.91000000,28965.21000000,21.10682000,1682585999999,610726.47791530,989,9.24508000,267619.81263770,0
1682586000000,28968.44000000,29035.27000000,28880.20000000,28945.21000000,17.98392000,1682589599999,521041.83792580,629,9.43717000,273451.49476480,0
1682589600000,28945.21000000,29047.09000000,28900.26000000,29003.66000000,19.65927000,1682593199999,569646.15767500,697,5.15617000,149400.49696260,0
1682593200000,29004.21000000,29146.53000000,28897.13000000,28944.60000000,30.73277000,1682596799999,891446.36719690,961,14.19299000,411605.93145820,0
1682596800000,28943.73000000,29065.94000000,28683.45000000,28864.16000000,23.02917000,1682600399999,664916.74978210,1532,8.83900000,255157.74115020,0
1682600400000,28876.27000000,28966.04000000,28863.80000000,28945.19000000,31.02351000,1682603999999,896975.14785750,1217,10.95046000,316677.93141430,0
1682604000000,28945.20000000,29096.21000000,28945.20000000,28985.06000000,22.11016000,1682607599999,641784.21580290,939,12.42871000,360743.11414320,0
1682607600000,28985.81000000,29550.00000000,28853.03000000,29156.34000000,46.79731000,1682611199999,1368666.91068700,2152,21.72003000,634725.82444330,0
1682611200000,29168.72000000,29223.06000000,29026.26000000,29133.78000000,15.04162000,1682614799999,437911.61660110,931,9.45217000,275176.19152900,0
1682614800000,29143.23000000,29442.26000000,29105.24000000,29311.59000000,27.18837000,1682618399999,795806.44765130,1433,12.76244000,373411.76710640,0
1682618400000,29320.88000000,29894.96000000,29244.16000000,29778.63000000,660.24869000,1682621999999,19594890.69986530,5674,54.22464000,1608529.24565380,0
1682622000000,29794.14000000,29864.44000000,29471.27000000,29685.47000000,48.11646000,1682625599999,1428791.78426320,2084,18.15260000,538838.54444970,0
1682625600000,29686.28000000,29833.31000000,29477.54000000,29629.87000000,32.50370000,1682629199999,963106.36019840,1255,18.74400000,556219.09348930,0
1682629200000,29634.31000000,29787.67000000,29557.17000000,29657.94000000,10.08160000,1682632799999,299352.15079880,877,5.37715000,159679.40526740,0
1682632800000,29658.57000000,29670.45000000,29277.68000000,29408.95000000,13.76311000,1682636399999,406067.92855260,977,6.32174000,186594.69578690,0
1682636400000,29390.45000000,29520.39000000,29390.44000000,29487.51000000,11.78118000,1682639999999,347112.36746310,774,6.33683000,186694.66830800,0
1682640000000,29487.82000000,29573.52000000,29362.20000000,29567.83000000,27.36726000,1682643599999,806869.88782540,1085,12.17142000,358818.88693660,0
1682643600000,29561.93000000,29599.62000000,29415.62000000,29528.06000000,20.92429000,1682647199999,617946.43412920,942,13.55174000,400201.04453190,0
1682647200000,29519.21000000,29554.26000000,29386.23000000,29409.07000000,8.26760000,1682650799999,243452.79588160,522,4.92841000,145116.37293990,0
1682650800000,29402.99000000,29445.70000000,29339.69000000,29426.38000000,27.36946000,1682654399999,804053.38479520,638,15.66786000,460231.28252430,0
1682654400000,29428.89000000,29549.99000000,29421.90000000,29504.21000000,13.30010000,1682657999999,392185.71694160,495,6.74221000,198811.91834650,0
1682658000000,29510.19000000,29579.15000000,29466.56000000,29492.85000000,15.81395000,1682661599999,466751.56273400,550,12.11015000,357448.11346730,0
1682661600000,29488.67000000,29524.61000000,29400.51000000,29484.50000000,8.13004000,1682665199999,239515.55355100,622,4.24308000,125005.28756270,0
1682665200000,29479.29000000,29535.54000000,29450.00000000,29502.16000000,8.42783000,1682668799999,248459.54190560,532,3.97284000,117118.86915910,0
1682668800000,29501.40000000,29506.70000000,29162.56000000,29270.39000000,20.87053000,1682672399999,611938.87684440,971,7.47441000,219259.73569850,0
1682672400000,29270.39000000,29305.72000000,29149.85000000,29211.36000000,8.54365000,1682675999999,249787.88224620,522,4.97428000,145451.38336810,0
1682676000000,29210.00000000,29360.71000000,29187.78000000,29272.46000000,9.37366000,1682679599999,274631.26138920,612,5.39056000,157904.78290310,0
1682679600000,29270.60000000,29336.25000000,29216.72000000,29257.13000000,9.47357000,1682683199999,277502.11116030,569,4.04117000,118358.39288190,0
1682683200000,29252.17000000,29466.67000000,29210.55000000,29242.63000000,17.23687000,1682686799999,505292.06006580,1078,10.84891000,317979.60483140,0
1682686800000,29242.62000000,29368.59000000,28909.57000000,29039.22000000,33.28390000,1682690399999,971821.43532620,1262,20.56519000,600929.00493680,0
1682690400000,29041.50000000,29312.28000000,29017.94000000,29099.99000000,27.51010000,1682693999999,802812.84941090,1481,14.75449000,430528.83828400,0
1682694000000,29107.36000000,29183.88000000,28954.91000000,29159.96000000,25.89327000,1682697599999,752399.43213280,1294,9.81947000,285460.90690880,0
1682697600000,29159.96000000,29312.65000000,29119.20000000,29283.64000000,15.57399000,1682701199999,454774.99767640,1035,7.35734000,214824.02144740,0
1682701200000,29284.79000000,29295.07000000,29161.37000000,29252.85000000,9.02190000,1682704799999,263714.48229730,758,3.56977000,104347.14964480,0
1682704800000,29252.84000000,29271.12000000,29134.92000000,29259.36000000,10.42315000,1682708399999,304353.81246560,832,3.81138000,111271.06725650,0
1682708400000,29259.37000000,29444.48000000,29259.37000000,29336.90000000,36.93293000,1682711999999,1084754.13559390,1700,10.50485000,308441.23223680,0
1682712000000,29346.89000000,29423.08000000,29312.12000000,29355.41000000,14.09950000,1682715599999,413922.72481290,916,5.87277000,172430.20291440,0
1682715600000,29356.66000000,29387.28000000,29320.96000000,29348.51000000,22.07193000,1682719199999,648042.88964690,508,5.11025000,150047.45264750,0
1682719200000,29348.52000000,29449.99000000,29341.95000000,29367.36000000,15.87317000,1682722799999,466578.28904930,677,3.92372000,115321.48328140,0
1682722800000,29362.89000000,29411.38000000,29297.01000000,29331.97000000,11.56172000,1682726399999,339424.69043420,475,5.93131000,174063.02309420,0
1682726400000,29344.80000000,29378.03000000,29226.76000000,29278.71000000,8.88358000,1682729999999,260502.63393090,547,4.56595000,133925.38679540,0
1682730000000,29287.80000000,29323.55000000,29243.18000000,29300.48000000,3.29550000,1682733599999,96518.89613960,317,1.04623000,30640.08449200,0
1682733600000,29300.22000000,29422.02000000,29292.88000000,29397.01000000,6.29772000,1682737199999,184917.53881380,476,3.07125000,90166.67821870,0
1682737200000,29397.01000000,29417.65000000,29361.43000000,29371.53000000,6.50961000,1682740799999,191304.64133650,374,1.79891000,52868.81992630,0
1682740800000,29371.53000000,29463.14000000,29363.88000000,29397.58000000,6.01162000,1682744399999,176737.77059270,477,2.02063000,59429.88130350,0
1682744400000,29397.54000000,29448.36000000,29373.08000000,29378.05000000,9.43714000,1682747999999,277481.45859440,412,2.98083000,87645.67970700,0
1682748000000,29376.86000000,29398.55000000,29307.46000000,29348.27000000,10.51378000,1682751599999,308754.88426960,367,2.39462000,70299.94897720,0
1682751600000,29348.27000000,29389.52000000,29318.47000000,29371.35000000,9.59379000,1682755199999,281684.16392320,585,4.39754000,129102.64390260,0
1682755200000,29366.29000000,29376.83000000,29296.47000000,29336.26000000,8.13753000,1682758799999,238701.14849970,419,4.63917000,136104.79703950,0
1682758800000,29336.87000000,29340.38000000,29270.58000000,29321.01000000,9.00375000,1682762399999,263804.83966440,404,6.13970000,179855.52308390,0
1682762400000,29321.96000000,29332.04000000,29268.32000000,29290.33000000,1.51137000,1682765999999,44281.37695750,181,0.69324000,20310.66905930,0
1682766000000,29289.43000000,29354.52000000,29260.18000000,29349.04000000,7.29943000,1682769599999,213884.03111060,333,3.98391000,116729.57072390,0
1682769600000,29353.57000000,29360.26000000,29307.06000000,29307.06000000,2.93774000,1682773199999,86172.16110290,218,1.99877000,58626.68475060,0
1682773200000,29305.40000000,29411.89000000,29300.18000000,29405.22000000,5.57050000,1682776799999,163484.93494230,390,3.00086000,88059.48464150,0
1682776800000,29409.89000000,29412.89000000,29347.20000000,29353.02000000,6.85837000,1682780399999,201450.89895720,350,3.11023000,91338.86286840,0
1682780400000,29354.57000000,29364.39000000,29249.43000000,29296.53000000,6.88539000,1682783999999,201992.32113310,428,4.35845000,127856.12940490,0
1682784000000,29299.03000000,29323.04000000,29268.32000000,29303.84000000,3.13333000,1682787599999,91782.54309200,246,2.02426000,59295.01784370,0
1682787600000,29304.62000000,29304.97000000,29044.14000000,29178.26000000,6.79581000,1682791199999,198351.26952640,465,3.09412000,90318.52077380,0
1682791200000,29170.54000000,29236.61000000,29153.54000000,29195.97000000,5.29147000,1682794799999,154510.24147340,327,1.72652000,50409.33881930,0
1682794800000,29197.84000000,29333.19000000,29188.10000000,29268.29000000,10.05358000,1682798399999,293989.26137880,433,7.32045000,214000.01814310,0
1682798400000,29260.47000000,29284.96000000,29218.75000000,29246.77000000,3.42037000,1682801999999,100061.91623890,322,1.73651000,50800.92517840,0
1682802000000,29243.10000000,29275.14000000,29181.60000000,29249.76000000,7.32584000,1682805599999,214101.19468720,268,3.87089000,113167.73500870,0
1682805600000,29247.68000000,29256.57000000,29194.87000000,29225.35000000,5.81136000,1682809199999,169793.70298300,349,4.00290000,116947.57910090,0
1682809200000,29222.96000000,29256.54000000,29164.19000000,29249.61000000,4.14339000,1682812799999,121043.14960940,322,2.79765000,81725.20243060,0
1682812800000,29244.81000000,29246.83000000,29144.10000000,29149.80000000,14.37404000,1682816399999,419812.89456340,410,8.80656000,257231.55883520,0
1682816400000,29156.00000000,29182.89000000,29103.94000000,29119.01000000,6.24818000,1682819999999,182151.39831810,434,3.18021000,92711.60847010,0
1682820000000,29113.12000000,29207.93000000,29108.25000000,29196.39000000,4.38738000,1682823599999,127933.28904960,326,2.87130000,83717.82835520,0
1682823600000,29196.83000000,29210.06000000,29165.32000000,29195.74000000,3.12362000,1682827199999,91180.30041340,208,1.94905000,56898.94484010,0
1682827200000,29196.27000000,29233.85000000,29186.17000000,29231.13000000,2.07595000,1682830799999,60637.40002600,174,1.20518000,35201.17711720,0
1682830800000,29226.20000000,29281.36000000,29226.20000000,29278.39000000,4.73154000,1682834399999,138417.48649730,258,3.16403000,92557.44602830,0
1682834400000,29277.60000000,29297.83000000,29260.83000000,29290.49000000,2.53510000,1682837999999,74236.95130230,208,1.04206000,30511.19272770,0
1682838000000,29290.50000000,29313.93000000,29278.90000000,29285.47000000,2.52975000,1682841599999,74120.69991010,235,1.36713000,40055.67788940,0
1682841600000,29285.47000000,29359.93000000,29264.46000000,29282.21000000,7.85366000,1682845199999,230097.22708830,414,5.50031000,161130.45628610,0
1682845200000,29287.45000000,29291.09000000,29243.40000000,29276.09000000,3.23713000,1682848799999,94741.84353260,240,1.44263000,42220.50663150,0
1682848800000,29291.29000000,29332.88000000,29204.82000000,29240.14000000,2.70245000,1682852399999,79124.52978640,269,1.76051000,51532.17792580,0
1682852400000,29245.32000000,29270.54000000,29183.51000000,29205.83000000,8.83195000,1682855999999,258213.73666960,268,3.22907000,94406.53221880,0
1682856000000,29210.81000000,29266.84000000,29207.28000000,29252.04000000,3.36888000,1682859599999,98461.08409980,225,1.73938000,50844.67741570,0
1682859600000,29255.49000000,29340.91000000,29254.49000000,29311.95000000,7.54190000,1682863199999,220974.88087350,442,2.07632000,60824.33238810,0
1682863200000,29311.95000000,29446.33000000,29273.64000000,29413.67000000,6.54851000,1682866799999,192179.80823800,584,2.96638000,87100.98923940,0
1682866800000,29409.14000000,29969.77000000,29409.14000000,29687.17000000,41.88924000,1682870399999,1245888.73287650,2327,25.33706000,753333.68546690,0
1682870400000,29673.76000000,29874.21000000,29638.02000000,29733.66000000,31.98370000,1682873999999,952378.53183170,1418,9.45302000,281467.35620590,0
1682874000000,29729.72000000,29849.39000000,29660.67000000,29667.81000000,6.25934000,1682877599999,186273.03911440,631,3.40863000,101468.43355710,0
1682877600000,29657.92000000,29685.94000000,29541.29000000,29590.09000000,9.96309000,1682881199999,295056.72070380,743,5.66845000,167887.60530440,0
1682881200000,29588.89000000,29614.08000000,29247.31000000,29375.11000000,25.82345000,1682884799999,759190.51035080,1501,11.47636000,337478.85807360,0
1682884800000,29375.11000000,29375.11000000,29181.90000000,29345.28000000,21.28666000,1682888399999,623288.10095750,1202,9.99660000,292711.95596760,0
1682888400000,29346.88000000,29503.12000000,29335.14000000,29430.47000000,10.56256000,1682891999999,310912.69707730,808,5.69408000,167602.01751040,0
1682892000000,29430.61000000,29442.81000000,29381.04000000,29397.44000000,5.65141000,1682895599999,166210.45772450,465,4.16174000,122389.04400790,0
1682895600000,29391.99000000,29432.09000000,29196.14000000,29226.94000000,19.72385000,1682899199999,579341.31755920,743,6.87104000,201630.95222480,0
