1648771200000,45524.38000000,45651.36000000,45370.39000000,45550.90000000,66.77221000,1648774799999,3041437.16801070,2827,31.68939000,1443227.32150380,0
1648774800000,45549.33000000,45549.33000000,44890.28000000,44926.70000000,123.49884000,1648778399999,5578907.83086480,4519,53.98704000,2438901.61875150,0
1648778400000,44933.56000000,45076.22000000,44233.01000000,44404.47000000,132.55602000,1648781999999,5924474.84542970,5892,59.10631000,2642423.64416940,0
1648782000000,44396.31000000,44606.36000000,44281.31000000,44606.36000000,61.05667000,1648785599999,2714807.99324270,3031,29.49976000,1311848.87569940,0
1648785600000,44606.36000000,44791.65000000,44545.62000000,44663.54000000,46.91607000,1648789199999,2096103.70976810,2357,22.12336000,988404.95093740,0
1648789200000,44656.41000000,44801.03000000,44540.63000000,44660.30000000,56.40785000,1648792799999,2521319.45356420,2368,23.08704000,1031669.71908380,0
1648792800000,44660.30000000,44859.36000000,44584.54000000,44809.53000000,56.51611000,1648796399999,2526936.01630380,2187,27.92170000,1247424.46601890,0
1648796400000,44817.75000000,45122.07000000,44812.02000000,45031.99000000,69.64125000,1648799999999,3131010.10903480,3195,42.67265000,1919153.33743090,0
1648800000000,45033.85000000,45333.56000000,45025.86000000,45146.97000000,75.66209000,1648803599999,3419799.23411680,3224,34.46979000,1557979.18285700,0
1648803600000,45153.83000000,45261.35000000,45002.06000000,45094.41000000,89.72671000,1648807199999,4050447.95878770,3844,33.62190000,1517953.78481820,0
1648807200000,45077.28000000,45253.39000000,45012.31000000,45236.99000000,43.67054000,1648810799999,1970611.11976780,2307,19.30553000,871370.85892190,0
1648810800000,45239.41000000,45290.54000000,45023.59000000,45080.90000000,65.67390000,1648814399999,2965398.44375990,2990,30.16399000,1362048.49808300,0
1648814400000,45087.74000000,45436.50000000,44731.08000000,45265.88000000,176.82561000,1648817999999,7965135.38296860,6187,75.21594000,3389546.80937610,0
1648818000000,45261.22000000,45615.39000000,45261.22000000,45447.39000000,139.84862000,1648821599999,6358949.15264910,4382,42.71726000,1941965.51902810,0
1648821600000,45447.88000000,46193.13000000,45437.45000000,46148.23000000,192.05782000,1648825199999,8777527.94208810,6313,89.38577000,4085952.82160550,0
1648825200000,46143.13000000,46772.07000000,46133.17000000,46541.88000000,232.87171000,1648828799999,10828841.75124580,7250,98.11680000,4563920.58008450,0
1648828800000,46547.71000000,46604.01000000,46030.59000000,46046.99000000,80.22225000,1648832399999,3722888.63501310,3144,37.37228000,1735101.17279790,0
1648832400000,46038.21000000,46551.36000000,45920.87000000,46480.39000000,65.23127000,1648835999999,3018720.34738960,3596,33.96885000,1571881.68498050,0
1648836000000,46478.99000000,46600.00000000,46266.73000000,46354.63000000,53.39923000,1648839599999,2478984.57157910,2595,27.39165000,1271612.30454110,0
1648839600000,46349.09000000,46408.16000000,46153.32000000,46378.68000000,46.91680000,1648843199999,2170904.24586460,2387,25.70699000,1189497.06367670,0
1648843200000,46382.86000000,46398.88000000,46110.00000000,46165.42000000,45.39015000,1648846799999,2101067.78746100,2340,25.06245000,1160010.95753380,0
1648846800000,46161.29000000,46456.83000000,46156.37000000,46313.71000000,26.17490000,1648850399999,1211080.51850150,1258,15.29588000,707720.36981820,0
1648850400000,46313.99000000,46411.34000000,46179.66000000,46384.12000000,47.92439000,1648853999999,2220393.99337610,1606,23.08412000,1069379.80313870,0
1648854000000,46383.76000000,46383.76000000,46138.72000000,46295.66000000,35.48948000,1648857599999,1641617.03310210,1458,18.34977000,848819.40958130,0
1648857600000,46288.44000000,47221.94000000,46100.91000000,46919.14000000,84.59612000,1648861199999,3941018.93663460,3662,45.38578000,2116148.87154030,0
1648861200000,46918.00000000,47061.52000000,46523.13000000,46761.37000000,105.55452000,1648864799999,4940506.30902150,4291,52.06268000,2436261.77483300,0
1648864800000,46761.38000000,46878.36000000,46275.38000000,46520.02000000,59.44584000,1648868399999,2771136.48358720,2773,30.11401000,1403802.16663120,0
1648868400000,46507.38000000,46611.29000000,46380.11000000,46611.29000000,41.73121000,1648871999999,1939966.65510480,1752,16.00383000,743891.46306920,0
1648872000000,46617.00000000,46713.36000000,46507.21000000,46549.55000000,26.48749000,1648875599999,1233713.66853130,1391,12.93796000,602648.75716230,0
1648875600000,46549.55000000,46646.64000000,46416.97000000,46561.65000000,34.03435000,1648879199999,1584047.60854930,1409,17.89562000,832951.92877730,0
1648879200000,46558.28000000,46676.54000000,46481.39000000,46650.89000000,40.98440000,1648882799999,1908797.01056630,1657,21.00304000,978265.41779260,0
1648882800000,46648.55000000,46671.31000000,46449.41000000,46604.44000000,44.54062000,1648886399999,2073830.64263890,2004,23.01887000,1071858.27139340,0
1648886400000,46605.23000000,46605.24000000,46507.99000000,46567.03000000,32.77817000,1648889999999,1526114.75747400,1699,17.40317000,810232.16904630,0
1648890000000,46567.03000000,46773.91000000,46532.13000000,46702.84000000,47.48073000,1648893599999,2214833.37104470,1932,21.02884000,980442.14671130,0
1648893600000,46697.20000000,46747.07000000,46566.21000000,46735.60000000,34.49162000,1648897199999,1608903.71867860,1844,17.78348000,829453.89268830,0
1648897200000,46738.98000000,46767.53000000,46563.32000000,46563.32000000,27.59809000,1648900799999,1287531.71016210,1450,15.92932000,743112.89138400,0
1648900800000,46562.50000000,46892.70000000,46253.23000000,46731.68000000,88.07133000,1648904399999,4109565.10165750,3694,47.09425000,2197252.70885460,0
1648904400000,46731.00000000,46952.06000000,46665.79000000,46749.78000000,97.11932000,1648907999999,4548980.44401880,2788,62.59451000,2932029.26664790,0
1648908000000,46749.79000000,46813.84000000,46590.49000000,46631.05000000,39.33968000,1648911599999,1836536.90893620,1644,19.35475000,903548.09426850,0
1648911600000,46632.06000000,46632.06000000,46150.01000000,46288.48000000,71.42998000,1648915199999,3312100.06982940,2807,30.95983000,1434816.62542670,0
1648915200000,46308.68000000,46437.90000000,46180.25000000,46323.68000000,44.44963000,1648918799999,2058952.44027450,1796,21.04188000,974623.48017690,0
1648918800000,46324.06000000,46500.00000000,46268.04000000,46378.09000000,33.36154000,1648922399999,1547597.53477660,1458,16.07577000,745710.36471310,0
1648922400000,46381.08000000,46412.87000000,45643.49000000,45849.75000000,95.90334000,1648925999999,4407042.14065690,3911,42.13272000,1936237.41437950,0
1648926000000,45846.98000000,46282.90000000,45827.25000000,46139.67000000,29.48587000,1648929599999,1359624.86914430,1395,16.51163000,761411.19405980,0
1648929600000,46133.38000000,46375.00000000,46043.33000000,46194.42000000,47.37287000,1648933199999,2190485.09339510,1632,23.15941000,1070950.53471920,0
1648933200000,46186.15000000,46327.07000000,45933.86000000,46255.89000000,32.23599000,1648936799999,1486900.83885690,1244,18.22030000,840346.65680190,0
1648936800000,46247.15000000,46349.90000000,46055.38000000,46136.97000000,43.93814000,1648940399999,2030915.01372460,1651,18.88205000,872124.05434240,0
1648940400000,46124.72000000,46166.72000000,45788.80000000,45819.76000000,94.90295000,1648943999999,4363102.00236880,2328,69.68999000,3204025.34892530,0
1648944000000,45824.08000000,46077.38000000,45792.89000000,46077.38000000,50.17712000,1648947599999,2304979.12300990,1907,28.98594000,1331429.78963450,0
1648947600000,46077.38000000,46077.38000000,45553.91000000,45863.56000000,82.01184000,1648951199999,3752125.40466370,3059,41.34623000,1891434.09978910,0
1648951200000,45863.56000000,45974.11000000,45782.21000000,45797.26000000,28.54212000,1648954799999,1310059.97442840,1471,13.69407000,628523.74581350,0
1648954800000,45790.07000000,45984.77000000,45743.66000000,45960.62000000,23.31503000,1648958399999,1069971.59345150,1182,9.86669000,452821.70082020,0
1648958400000,45960.44000000,46379.73000000,45944.66000000,46379.73000000,35.38538000,1648961999999,1633243.44311520,1718,14.60357000,673838.33077780,0
1648962000000,46382.33000000,46398.84000000,46248.58000000,46366.15000000,20.38348000,1648965599999,944184.73396250,1234,10.06133000,466059.56894500,0
1648965600000,46374.43000000,46600.00000000,46328.90000000,46452.21000000,38.95030000,1648969199999,1808835.07314580,2097,20.28652000,942146.10186060,0
1648969200000,46452.21000000,46481.10000000,46306.59000000,46374.13000000,33.37498000,1648972799999,1547774.30863560,1645,14.87000000,689610.83234490,0
1648972800000,46384.11000000,46434.68000000,46238.80000000,46287.18000000,17.22076000,1648976399999,798057.23023490,1132,7.19936000,333592.30596810,0
1648976400000,46287.85000000,46461.92000000,46191.25000000,46380.10000000,33.21614000,1648979999999,1539088.48976670,1733,18.09976000,838463.08343240,0
1648980000000,46376.25000000,46416.30000000,46139.40000000,46196.01000000,26.73445000,1648983599999,1236961.91849490,1461,15.66921000,724895.90386940,0
1648983600000,46194.97000000,46337.12000000,46096.86000000,46270.65000000,26.68365000,1648987199999,1232955.18784340,1486,13.49530000,623453.73684480,0
1648987200000,46268.42000000,46448.32000000,46204.11000000,46396.39000000,22.76534000,1648990799999,1054854.87828540,1453,11.25122000,521225.43262320,0
1648990800000,46400.58000000,46718.70000000,46303.19000000,46465.58000000,66.14686000,1648994399999,3076919.06758000,2477,36.14455000,1681683.09131530,0
1648994400000,46458.47000000,46645.54000000,46319.48000000,46645.54000000,69.21450000,1648997999999,3212001.17191610,1821,41.29339000,1915531.21568980,0
1648998000000,46646.24000000,46735.89000000,46396.28000000,46426.10000000,47.32092000,1649001599999,2205046.95922990,1741,31.69793000,1477321.40392830,0
1649001600000,46428.10000000,46519.62000000,46234.96000000,46307.92000000,30.23218000,1649005199999,1400959.34542020,1321,15.46469000,716687.92507020,0
1649005200000,46312.77000000,46420.14000000,46255.27000000,46395.31000000,26.86089000,1649008799999,1244944.19208420,1014,11.25423000,521570.97500290,0
1649008800000,46405.76000000,46780.03000000,46362.19000000,46604.17000000,40.47995000,1649012399999,1884542.25554510,1533,23.94571000,1114079.64974010,0
1649012400000,46578.25000000,46709.05000000,46415.02000000,46415.03000000,47.24402000,1649015999999,2198138.87541600,1882,21.76130000,1012419.65263870,0
1649016000000,46428.90000000,46492.97000000,46378.12000000,46378.13000000,22.16164000,1649019599999,1029071.13431320,874,11.55300000,536467.89580370,0
1649019600000,46378.12000000,47000.00000000,46341.09000000,46995.00000000,34.30637000,1649023199999,1600963.35986700,1440,20.27140000,945918.99597010,0
1649023200000,46989.63000000,47477.26000000,46542.80000000,46692.37000000,170.79789000,1649026799999,8040731.24770600,5559,73.82911000,3476226.80546450,0
1649026800000,46707.37000000,46722.67000000,46269.03000000,46410.85000000,76.20861000,1649030399999,3540169.12086470,2161,52.15143000,2422532.22346020,0
1649030400000,46413.60000000,46462.70000000,45775.00000000,45873.20000000,86.14639000,1649033999999,3972202.85242810,3123,38.97589000,1796894.95135200,0
1649034000000,45873.21000000,46050.50000000,45777.29000000,45868.67000000,66.28469000,1649037599999,3041835.57461330,2080,44.33578000,2034705.73806270,0
1649037600000,45866.34000000,46077.38000000,45768.16000000,46045.28000000,47.23616000,1649041199999,2169611.40524340,1665,22.70739000,1043033.58041810,0
1649041200000,46045.29000000,46180.07000000,46009.20000000,46012.85000000,19.20094000,1649044799999,885305.66057170,1130,8.28626000,382075.81186110,0
1649044800000,46012.84000000,46165.23000000,45846.98000000,46074.26000000,38.56571000,1649048399999,1774663.66197900,1667,14.65647000,674683.95970210,0
1649048400000,46088.88000000,46251.75000000,46035.29000000,46240.12000000,41.22660000,1649051999999,1903709.48836570,1596,23.98097000,1107502.75213760,0
1649052000000,46245.62000000,46304.26000000,46169.94000000,46214.36000000,23.59934000,1649055599999,1091000.22918280,1086,9.94697000,459852.29194660,0
1649055600000,46214.35000000,46233.54000000,46092.30000000,46190.21000000,50.00409000,1649059199999,2307745.74155560,1915,17.82461000,822584.87240490,0
1649059200000,46190.21000000,46307.22000000,45968.84000000,46162.49000000,80.08167000,1649062799999,3693708.06430390,2584,43.20152000,1992546.38835900,0
1649062800000,46167.69000000,46167.69000000,45873.27000000,45918.77000000,57.66467000,1649066399999,2653124.69072320,2418,31.27200000,1438689.28870050,0
1649066400000,45912.40000000,46069.13000000,45807.26000000,46004.96000000,72.00239000,1649069999999,3306311.69608940,3219,42.71941000,1961703.51801930,0
1649070000000,46009.92000000,46207.97000000,45933.97000000,46168.71000000,53.30428000,1649073599999,2459255.17212590,2253,24.80353000,1144116.58942160,0
1649073600000,46171.21000000,46280.31000000,45902.96000000,46017.92000000,62.65808000,1649077199999,2889163.86479940,2510,38.09124000,1756338.95843970,0
1649077200000,46023.08000000,46247.49000000,45884.04000000,46191.08000000,96.00280000,1649080799999,4421846.80912950,4062,48.47369000,2232461.43440730,0
1649080800000,46183.33000000,46375.64000000,45885.79000000,45914.40000000,87.29323000,1649084399999,4024298.31415090,3687,49.28385000,2270680.89570130,0
1649084400000,45910.03000000,45968.57000000,45565.01000000,45643.47000000,151.19565000,1649087999999,6908467.97227080,4336,103.11279000,4710585.21477820,0
1649088000000,45654.65000000,45823.41000000,45564.90000000,45710.68000000,74.87741000,1649091599999,3423234.07841240,2757,33.73996000,1542312.40340440,0
1649091600000,45708.81000000,45779.17000000,45210.00000000,45385.12000000,97.02975000,1649095199999,4411665.16461140,3302,44.79947000,2036081.62457820,0
1649095200000,45385.60000000,45546.03000000,45130.50000000,45523.33000000,87.51040000,1649098799999,3965859.77517060,3340,39.53124000,1791252.24565270,0
1649098800000,45521.16000000,45971.43000000,45521.16000000,45936.35000000,89.34955000,1649102399999,4091989.05912950,3664,33.20331000,1519902.10719520,0
1649102400000,45939.50000000,46390.00000000,45717.43000000,46321.91000000,112.27122000,1649105999999,5180248.72510150,4074,57.27367000,2642255.22072820,0
1649106000000,46321.91000000,46594.85000000,46191.42000000,46470.72000000,66.39889000,1649109599999,3081991.81798860,2624,34.06680000,1580237.43634970,0
1649109600000,46467.18000000,46869.36000000,46386.86000000,46687.16000000,64.02562000,1649113199999,2984075.10030360,2653,26.22060000,1221538.39787390,0
1649113200000,46674.15000000,46899.97000000,46561.25000000,46601.41000000,64.85065000,1649116799999,3029790.69867400,2457,35.67825000,1666462.16660900,0
1649116800000,46591.39000000,46655.97000000,46428.53000000,46521.90000000,42.32383000,1649120399999,1970649.07162370,2089,24.65586000,1148049.73013850,0
1649120400000,46522.83000000,46709.45000000,46465.24000000,46638.67000000,25.02810000,1649123999999,1165305.35402980,1515,10.32091000,480641.66342370,0
1649124000000,46645.33000000,46749.48000000,46561.29000000,46629.18000000,22.58831000,1649127599999,1053634.40083340,1388,11.96282000,557970.12161230,0
1649127600000,46634.76000000,46778.52000000,46592.84000000,46651.89000000,21.17417000,1649131199999,988098.14807650,1238,10.30248000,480693.92121310,0
1649131200000,46652.84000000,46903.06000000,46620.80000000,46780.47000000,52.58174000,1649134799999,2459558.34604070,1705,24.77089000,1158015.67768230,0
1649134800000,46779.24000000,46839.00000000,46703.87000000,46708.08000000,36.10688000,1649138399999,1688419.67353890,1551,20.82213000,973679.74438060,0
1649138400000,46706.64000000,46765.77000000,46562.49000000,46623.51000000,56.80956000,1649141999999,2650356.62908000,2352,33.54309000,1564612.51828930,0
1649142000000,46623.52000000,46750.84000000,46578.12000000,46713.03000000,35.21104000,1649145599999,1643956.30314200,1425,20.48699000,956611.28486560,0
1649145600000,46717.03000000,46741.31000000,46571.83000000,46676.17000000,29.78286000,1649149199999,1389247.49680340,1279,10.49566000,489508.36638820,0
1649149200000,46671.24000000,46712.59000000,46567.32000000,46576.13000000,15.18423000,1649152799999,708163.84384450,995,8.55058000,398751.85691990,0
1649152800000,46574.35000000,46687.72000000,46532.11000000,46657.28000000,37.62684000,1649156399999,1754670.74721740,1635,23.95175000,1117079.77584990,0
1649156400000,46657.28000000,46760.58000000,46571.43000000,46691.06000000,39.47553000,1649159999999,1841922.42425220,2015,19.00967000,887114.91265030,0
1649160000000,46691.06000000,47219.85000000,46689.02000000,46779.57000000,115.37912000,1649163599999,5414308.07043620,4761,63.60583000,2985761.87943170,0
1649163600000,46779.23000000,46870.43000000,46342.10000000,46422.70000000,129.52629000,1649167199999,6024222.43576010,3816,57.35359000,2667692.31560340,0
1649167200000,46433.44000000,46474.85000000,45760.00000000,45823.85000000,240.09957000,1649170799999,11042915.43483560,6350,144.57949000,6649078.53583200,0
1649170800000,45829.46000000,45921.72000000,45634.67000000,45769.83000000,84.27256000,1649174399999,3860041.92906160,2984,50.64639000,2319896.21834330,0
1649174400000,45769.04000000,46027.58000000,45611.71000000,45921.49000000,80.35215000,1649177999999,3681863.93738470,2967,42.52195000,1947780.70190960,0
1649178000000,45930.12000000,46204.46000000,45909.58000000,45970.99000000,52.19304000,1649181599999,2402020.24526330,2111,33.31011000,1532770.70972840,0
1649181600000,45968.08000000,46008.21000000,45878.29000000,45901.56000000,36.60200000,1649185199999,1681446.04012060,1315,21.44210000,985088.83286040,0
1649185200000,45901.40000000,46054.96000000,45438.32000000,46043.28000000,72.35372000,1649188799999,3313063.66036040,2528,39.86562000,1825242.21896840,0
1649188800000,46037.80000000,46113.57000000,45636.02000000,45885.09000000,76.88164000,1649192399999,3527157.47672340,2114,45.50018000,2086402.70894400,0
1649192400000,45885.09000000,45966.27000000,45756.09000000,45964.40000000,40.98318000,1649195999999,1880049.31435830,1261,13.90891000,637994.44482750,0
1649196000000,45967.21000000,46054.95000000,45797.56000000,45864.95000000,33.82898000,1649199599999,1552955.80085090,1274,21.56825000,989916.49816420,0
1649199600000,45857.23000000,45977.95000000,45371.42000000,45492.01000000,49.56539000,1649203199999,2264550.09654420,1987,24.15471000,1104152.87853150,0
1649203200000,45509.51000000,45514.11000000,44342.37000000,45020.00000000,161.74837000,1649206799999,7270763.71758040,6717,73.15339000,3291515.39321510,0
1649206800000,45004.66000000,45361.20000000,44977.78000000,45197.02000000,59.77781000,1649210399999,2701012.95428650,2092,29.73644000,1343402.61195430,0
1649210400000,45198.14000000,45379.34000000,45159.06000000,45234.66000000,24.76178000,1649213999999,1121103.97505410,1431,13.00588000,588701.62099530,0
1649214000000,45229.69000000,45298.56000000,45151.28000000,45220.94000000,28.78807000,1649217599999,1302091.56829520,1308,18.80887000,850647.14096890,0
1649217600000,45224.57000000,45381.58000000,45120.03000000,45341.36000000,26.95913000,1649221199999,1220960.45088000,1396,16.48660000,746779.86540760,0
1649221200000,45341.37000000,45450.01000000,45306.18000000,45383.15000000,29.47783000,1649224799999,1337309.67712540,1315,17.83735000,809282.01567510,0
1649224800000,45383.30000000,45494.44000000,45257.82000000,45476.55000000,93.92904000,1649228399999,4261037.22686710,2615,42.85444000,1943390.79629400,0
1649228400000,45476.57000000,45514.66000000,45244.31000000,45287.42000000,44.22594000,1649231999999,2007973.80865700,1761,15.39570000,698747.28307110,0
1649232000000,45280.67000000,45404.19000000,45152.67000000,45375.80000000,76.30318000,1649235599999,3455251.95437950,2134,38.42184000,1740017.27083470,0
1649235600000,45375.80000000,45409.26000000,45216.62000000,45335.47000000,38.13802000,1649239199999,1727622.18843390,1470,18.51838000,838927.28946830,0
1649239200000,45336.11000000,45462.05000000,45000.01000000,45082.99000000,69.40330000,1649242799999,3138739.85248390,2484,38.80356000,1755507.79089870,0
1649242800000,45091.85000000,45124.47000000,44668.26000000,44829.36000000,215.84150000,1649246399999,9687117.03995890,6046,132.51515000,5947953.36413660,0
1649246400000,44827.51000000,45007.64000000,44687.76000000,44771.35000000,62.51705000,1649249999999,2804179.27804350,3113,37.81718000,1696365.06628330,0
1649250000000,44763.66000000,44979.36000000,44162.14000000,44185.14000000,162.85883000,1649253599999,7258217.01411750,6982,106.00810000,4724857.56952320,0
1649253600000,44185.12000000,44455.63000000,43764.76000000,44265.33000000,177.25047000,1649257199999,7821319.46913980,5544,131.67993000,5811162.34331070,0
1649257200000,44249.61000000,44308.82000000,43721.08000000,44164.00000000,90.05257000,1649260799999,3966367.84109210,3619,48.97327000,2157199.65796590,0
1649260800000,44169.24000000,44265.66000000,43508.00000000,43778.18000000,131.15167000,1649264399999,5749174.50571450,4578,82.37564000,3610422.63759110,0
1649264400000,43787.51000000,43940.09000000,43398.45000000,43810.12000000,108.54941000,1649267999999,4739412.20764180,3542,61.77429000,2697473.76642080,0
1649268000000,43813.16000000,44299.91000000,43193.45000000,43832.79000000,197.65552000,1649271599999,8639106.90064180,5472,99.61274000,4355052.94742440,0
1649271600000,43846.35000000,43965.67000000,43530.01000000,43758.92000000,97.72645000,1649275199999,4274846.22894950,2828,61.48536000,2689431.70180500,0
1649275200000,43752.17000000,44044.21000000,43730.83000000,43880.91000000,52.26209000,1649278799999,2294182.04496980,2271,22.26529000,977326.91859220,0
1649278800000,43883.46000000,43995.92000000,43796.14000000,43851.10000000,20.13583000,1649282399999,883941.85407430,1190,8.31292000,364817.46544850,0
1649282400000,43817.50000000,43880.25000000,43480.00000000,43515.53000000,41.27064000,1649285999999,1802408.71651300,1795,17.70031000,773278.80120340,0
1649286000000,43510.60000000,43617.86000000,43122.37000000,43176.55000000,49.85546000,1649289599999,2161245.91214690,2378,20.98229000,909697.37281530,0
1649289600000,43157.07000000,43563.63000000,42701.47000000,42903.83000000,78.93405000,1649293199999,3401668.43039150,3821,34.94846000,1507279.25451080,0
1649293200000,42894.57000000,43428.60000000,42882.71000000,43375.22000000,62.37959000,1649296799999,2690716.68539200,2715,33.67446000,1452320.32359000,0
1649296800000,43382.97000000,43431.26000000,43132.16000000,43357.93000000,30.79088000,1649300399999,1332816.66113690,1541,15.55600000,673400.41551470,0
1649300400000,43366.53000000,43409.74000000,43161.41000000,43304.66000000,29.65410000,1649303999999,1283915.99821420,1696,15.08334000,653048.38712560,0
1649304000000,43321.46000000,43497.19000000,43219.09000000,43413.43000000,40.34279000,1649307599999,1749268.09980360,1950,24.20475000,1049689.56306110,0
1649307600000,43402.72000000,43467.38000000,43228.84000000,43407.65000000,34.89350000,1649311199999,1511761.58777370,1795,15.89076000,688403.21881070,0
1649311200000,43404.61000000,43501.52000000,43317.19000000,43393.03000000,21.99930000,1649314799999,954884.52826220,1427,10.05892000,436686.65440800,0
1649314800000,43393.04000000,43551.79000000,43376.24000000,43450.44000000,35.90582000,1649318399999,1561199.70138280,2004,20.72085000,900833.44424060,0
1649318400000,43452.33000000,43556.94000000,43426.49000000,43527.29000000,36.80448000,1649321999999,1599988.74055330,1557,20.06333000,872171.16401140,0
1649322000000,43525.75000000,43525.75000000,43278.63000000,43456.99000000,24.53811000,1649325599999,1064692.25101100,1439,12.37530000,536900.89561730,0
1649325600000,43448.43000000,43483.80000000,43330.30000000,43413.11000000,46.57775000,1649329199999,2022834.71863030,1595,24.87151000,1080176.89168380,0
1649329200000,43413.84000000,43839.46000000,43313.97000000,43763.38000000,103.45942000,1649332799999,4514441.71657260,3814,55.01416000,2399403.57556800,0
1649332800000,43755.67000000,43901.94000000,43555.79000000,43556.65000000,60.60396000,1649336399999,2650503.63534210,2438,31.46472000,1376251.88618930,0
1649336400000,43560.52000000,43690.18000000,43331.43000000,43661.60000000,79.53555000,1649339999999,3461356.26523540,3058,30.88586000,1343537.28870240,0
1649340000000,43668.43000000,43786.59000000,43361.49000000,43397.20000000,145.10894000,1649343599999,6319691.19747150,3670,32.54057000,1416553.68078200,0
1649343600000,43433.23000000,43578.93000000,43031.52000000,43334.60000000,128.16279000,1649347199999,5552552.90883730,3919,56.80801000,2459109.85860370,0
1649347200000,43335.50000000,43499.99000000,43279.94000000,43497.96000000,68.51621000,1649350799999,2974424.18531740,2383,40.43245000,1755127.31627460,0
1649350800000,43498.64000000,43697.58000000,43475.47000000,43665.41000000,55.53920000,1649354399999,2421872.43839980,2409,26.09301000,1137832.46643360,0
1649354400000,43663.02000000,43817.57000000,43530.92000000,43719.30000000,59.85292000,1649357999999,2612769.67792620,2185,35.75604000,1560728.06821570,0
1649358000000,43704.84000000,43778.62000000,43377.01000000,43391.74000000,34.21519000,1649361599999,1490068.29024520,1635,17.18340000,748209.24876820,0
1649361600000,43391.33000000,43602.56000000,43391.33000000,43573.53000000,27.37376000,1649365199999,1190777.63435050,1663,15.88331000,690908.58982330,0
1649365200000,43577.89000000,43600.88000000,43200.00000000,43522.51000000,27.11205000,1649368799999,1176171.39870370,1347,11.31517000,491023.17604890,0
1649368800000,43523.56000000,43634.96000000,43471.47000000,43625.54000000,33.69967000,1649372399999,1468043.06119340,1279,19.98966000,870926.29158850,0
1649372400000,43631.27000000,43750.00000000,43426.32000000,43454.03000000,42.44859000,1649375999999,1851154.44388810,2299,21.36815000,931849.34626330,0
1649376000000,43439.24000000,43529.97000000,43313.74000000,43334.52000000,54.20916000,1649379599999,2353736.66245810,2400,23.56493000,1023528.71504990,0
1649379600000,43327.10000000,43651.13000000,43313.76000000,43614.08000000,35.71702000,1649383199999,1554924.00185420,1769,19.48002000,847739.60443250,0
1649383200000,43614.09000000,43695.22000000,43569.32000000,43616.64000000,26.49665000,1649386799999,1155974.42312910,1814,12.37953000,540134.72409950,0
1649386800000,43618.83000000,43692.92000000,43548.91000000,43607.13000000,22.00145000,1649390399999,959682.92370030,1301,8.14442000,355270.55624250,0
1649390400000,43607.96000000,43662.79000000,43486.86000000,43543.96000000,26.03610000,1649393999999,1134419.00096330,1298,13.78344000,600525.49201350,0
1649394000000,43543.96000000,43681.85000000,43480.72000000,43658.56000000,20.38561000,1649397599999,889042.93894100,1426,11.22311000,489572.36282220,0
1649397600000,43658.57000000,43681.86000000,43491.38000000,43580.76000000,31.32957000,1649401199999,1366071.38009660,1670,13.34160000,581508.00690010,0
1649401200000,43581.42000000,43776.69000000,43421.93000000,43772.25000000,40.91806000,1649404799999,1782939.21727890,2413,21.47077000,935662.76476800,0
1649404800000,43773.08000000,44199.99000000,43659.80000000,43709.52000000,200.04745000,1649408399999,8786811.45554250,3509,135.89578000,5974781.63487810,0
1649408400000,43709.35000000,43829.31000000,43532.76000000,43601.23000000,54.65540000,1649411999999,2387227.63849170,1914,25.47714000,1112976.67513660,0
1649412000000,43601.23000000,43631.81000000,43522.30000000,43564.79000000,37.39380000,1649415599999,1629120.89425040,1526,15.82935000,689631.28091180,0
1649415600000,43572.26000000,43572.26000000,43271.09000000,43313.20000000,57.58037000,1649419199999,2498894.39871860,2530,30.41365000,1320103.44787300,0
1649419200000,43313.21000000,43430.84000000,43106.35000000,43165.35000000,57.18375000,1649422799999,2474572.10708680,2540,33.69944000,1457905.30102280,0
1649422800000,43156.44000000,43204.81000000,42767.46000000,42922.27000000,87.29871000,1649426399999,3751285.74350770,3876,48.91831000,2102394.11367700,0
1649426400000,42903.37000000,43864.81000000,42903.37000000,43769.68000000,109.82641000,1649429999999,4780643.58209690,5191,41.21004000,1790884.74478520,0
1649430000000,43762.06000000,43968.01000000,43603.96000000,43659.32000000,125.55539000,1649433599999,5502592.65337010,4211,36.03844000,1577691.24969020,0
1649433600000,43658.43000000,43728.51000000,43402.99000000,43443.61000000,44.12727000,1649437199999,1922592.87961080,1890,19.53735000,851740.69530010,0
1649437200000,43447.22000000,43462.86000000,42820.40000000,43015.95000000,92.09028000,1649440799999,3961843.06279960,3209,52.25821000,2247645.62956770,0
1649440800000,42999.78000000,43338.96000000,42429.12000000,42962.62000000,132.71923000,1649444399999,5673052.60883140,4555,67.22825000,2873255.04276340,0
1649444400000,42931.75000000,43198.88000000,42673.20000000,42747.14000000,60.17055000,1649447999999,2583316.11057220,2172,32.43636000,1392235.86962190,0
1649448000000,42744.28000000,42876.54000000,42542.88000000,42790.71000000,57.75727000,1649451599999,2465929.41925730,1796,37.82349000,1613807.48039700,0
1649451600000,42794.47000000,42865.67000000,42460.80000000,42580.17000000,19.20376000,1649455199999,821061.90476430,1076,9.78501000,418360.03425560,0
1649455200000,42570.14000000,42667.81000000,42258.81000000,42310.28000000,47.34527000,1649458799999,2008250.12651900,2496,21.06486000,893388.18643220,0
1649458800000,42310.29000000,42363.30000000,42111.55000000,42271.84000000,41.17630000,1649462399999,1738588.68711960,1731,22.64595000,956125.57778940,0
1649462400000,42262.64000000,42458.28000000,42156.58000000,42441.73000000,47.70819000,1649465999999,2019083.65189880,2235,22.19281000,939279.56799960,0
1649466000000,42442.44000000,42472.74000000,42304.33000000,42424.60000000,28.31168000,1649469599999,1199873.95958520,1256,11.56417000,490263.64927600,0
1649469600000,42418.44000000,42450.02000000,42164.64000000,42183.30000000,14.79223000,1649473199999,625756.96111780,963,6.49320000,274690.29545110,0
1649473200000,42187.06000000,42441.77000000,42125.24000000,42386.80000000,32.15429000,1649476799999,1360051.96230010,1541,18.93442000,800749.05199120,0
1649476800000,42404.44000000,42556.39000000,42342.17000000,42402.35000000,36.96323000,1649480399999,1568950.94441590,1455,14.77905000,627337.51704560,0
1649480400000,42412.21000000,42639.75000000,42396.86000000,42585.88000000,48.35117000,1649483999999,2055184.60540300,1404,21.54317000,915735.42529960,0
1649484000000,42585.88000000,42603.43000000,42391.30000000,42440.87000000,61.62509000,1649487599999,2618392.78344410,1539,22.84248000,970681.58307080,0
1649487600000,42441.72000000,42517.21000000,42371.14000000,42487.86000000,37.33744000,1649491199999,1584663.42796450,1007,17.24332000,731759.12061570,0
1649491200000,42485.82000000,42513.10000000,42369.29000000,42466.93000000,39.55867000,1649494799999,1678887.95042550,1127,23.28581000,988274.41318090,0
1649494800000,42466.94000000,42488.80000000,42401.10000000,42453.94000000,15.86485000,1649498399999,673254.00377990,717,8.05482000,341815.91099630,0
1649498400000,42448.86000000,42489.80000000,42334.22000000,42482.61000000,25.65121000,1649501999999,1088302.46101390,1268,12.12445000,514426.93336990,0
1649502000000,42478.81000000,42538.19000000,42440.28000000,42452.89000000,21.98209000,1649505599999,933770.63634410,1209,10.85782000,461172.40765620,0
1649505600000,42452.88000000,42532.93000000,42406.32000000,42510.84000000,26.60192000,1649509199999,1129980.29354990,1238,11.26777000,478524.56615410,0
1649509200000,42519.86000000,42523.98000000,42446.99000000,42465.15000000,36.98812000,1649512799999,1571612.26930100,1407,10.16851000,432013.29642220,0
1649512800000,42463.69000000,42505.79000000,42370.77000000,42470.00000000,36.93027000,1649516399999,1566845.84490010,1404,17.89286000,759100.75585410,0
1649516400000,42464.61000000,42475.26000000,42189.79000000,42254.90000000,51.23034000,1649519999999,2169215.05047960,1946,22.19032000,939234.49464070,0
1649520000000,42253.68000000,42545.31000000,42184.43000000,42454.22000000,59.32750000,1649523599999,2514816.48173490,1854,31.91288000,1353457.01254660,0
1649523600000,42454.22000000,42622.10000000,42417.88000000,42586.72000000,34.93742000,1649527199999,1486134.05906100,1382,15.97390000,679192.93653820,0
1649527200000,42586.72000000,42636.77000000,42464.81000000,42481.01000000,21.65033000,1649530799999,920877.30272070,1004,9.73396000,413936.44560820,0
1649530800000,42481.04000000,42604.91000000,42459.41000000,42533.95000000,30.91692000,1649534399999,1314881.00959780,1045,18.11797000,770490.41980930,0
1649534400000,42525.43000000,42650.55000000,42433.06000000,42435.40000000,22.85547000,1649537999999,972895.64268410,1073,11.12677000,473546.99925890,0
1649538000000,42432.84000000,42595.01000000,42395.51000000,42570.99000000,24.10663000,1649541599999,1023792.02498660,757,17.77964000,755107.19516050,0
1649541600000,42572.32000000,42646.17000000,42520.14000000,42552.84000000,15.89309000,1649545199999,676728.83151740,999,7.14463000,304240.15736060,0
1649545200000,42547.81000000,42817.50000000,42470.60000000,42764.66000000,37.69572000,1649548799999,1608752.55580210,2035,18.62210000,794866.45128500,0
1649548800000,42774.71000000,42784.03000000,42603.48000000,42645.12000000,24.71450000,1649552399999,1055407.14065120,1279,10.22505000,436647.08562180,0
1649552400000,42644.84000000,42795.64000000,42608.51000000,42774.67000000,21.04391000,1649555999999,899195.39546030,980,8.32150000,355367.27200270,0
1649556000000,42777.67000000,42925.65000000,42742.09000000,42841.69000000,21.07950000,1649559599999,902164.13137080,1121,9.92815000,424867.98808560,0
1649559600000,42843.94000000,42904.54000000,42779.81000000,42794.90000000,16.37881000,1649563199999,701475.19295540,883,7.46623000,319693.66899710,0
1649563200000,42794.91000000,42815.56000000,42719.55000000,42751.34000000,17.79973000,1649566799999,761211.93305980,856,7.91347000,338430.65140960,0
1649566800000,42749.64000000,42811.30000000,42651.38000000,42679.26000000,20.06856000,1649570399999,857713.71922520,1013,10.68753000,456818.84585380,0
1649570400000,42666.69000000,42805.82000000,42658.57000000,42804.12000000,13.23814000,1649573999999,565738.59878430,867,7.77899000,332462.54506730,0
1649574000000,42798.20000000,42805.79000000,42563.71000000,42647.48000000,20.14082000,1649577599999,859118.77428740,948,8.04936000,343309.44470810,0
1649577600000,42648.34000000,42730.10000000,42569.85000000,42651.74000000,27.14422000,1649581199999,1157589.87274020,1114,15.13600000,645377.25331430,0
1649581200000,42655.54000000,42668.31000000,42505.00000000,42536.15000000,27.20655000,1649584799999,1157818.49669810,1295,13.04013000,554991.28573330,0
1649584800000,42536.14000000,42576.18000000,42450.00000000,42538.54000000,25.06309000,1649588399999,1065577.62499660,1158,11.35035000,482616.55298340,0
1649588400000,42539.74000000,42729.81000000,42527.08000000,42695.87000000,16.45060000,1649591999999,701110.09666050,968,8.98886000,382974.51960840,0
1649592000000,42691.59000000,42859.52000000,42543.65000000,42591.98000000,40.93422000,1649595599999,1748092.74037330,1865,19.00381000,811470.39486160,0
1649595600000,42600.90000000,42676.95000000,42543.64000000,42590.45000000,13.86666000,1649599199999,590831.30271270,1043,7.01335000,298808.83125860,0
1649599200000,42586.19000000,42763.03000000,42556.47000000,42711.35000000,19.64228000,1649602799999,837886.08372050,1125,10.39127000,443329.49117740,0
1649602800000,42711.34000000,42788.38000000,42657.05000000,42758.17000000,37.81361000,1649606399999,1615979.41222010,1343,26.34180000,1125780.39188540,0
1649606400000,42762.67000000,42819.39000000,42679.85000000,42803.53000000,24.78589000,1649609999999,1060036.35276780,1256,12.49874000,534516.70315200,0
1649610000000,42799.24000000,43350.00000000,42798.93000000,43112.45000000,73.38582000,1649613599999,3160568.33375670,3021,34.05107000,1465947.46778920,0
1649613600000,43124.03000000,43270.52000000,43088.62000000,43116.53000000,38.70049000,1649617199999,1671326.97585950,1978,20.62251000,890468.85337690,0
1649617200000,43117.55000000,43303.86000000,43078.70000000,43246.35000000,23.30020000,1649620799999,1006737.48678440,1478,10.01123000,432571.65043820,0
1649620800000,43246.75000000,43428.51000000,43108.59000000,43109.81000000,29.73578000,1649624399999,1287653.46021350,2119,14.79314000,640591.18132020,0
1649624400000,43109.61000000,43204.91000000,42676.70000000,42728.73000000,21.27870000,1649627999999,915958.71998150,1432,10.36390000,446241.82603770,0
1649628000000,42711.10000000,42744.88000000,41854.24000000,42156.43000000,87.93255000,1649631599999,3715539.36869810,3208,40.90846000,1728355.20429310,0
1649631600000,42093.15000000,42444.00000000,41995.80000000,42159.56000000,66.69273000,1649635199999,2816349.06250100,2091,42.13288000,1778572.77136150,0
1649635200000,42159.44000000,42432.39000000,41759.71000000,42309.66000000,101.47854000,1649638799999,4276929.11655380,2767,62.83546000,2650043.45289820,0
1649638800000,42313.79000000,42419.75000000,42162.63000000,42170.84000000,33.37777000,1649642399999,1412170.68698540,1152,20.81796000,880932.98528730,0
1649642400000,42168.71000000,42242.91000000,41816.32000000,41936.40000000,91.87862000,1649645999999,3860246.48443710,2307,57.55905000,2417827.50550980,0
1649646000000,41935.78000000,42149.63000000,41839.41000000,42120.23000000,46.76743000,1649649599999,1965612.34887010,1677,27.73418000,1165499.09359790,0
1649649600000,42123.28000000,42286.42000000,42094.72000000,42254.09000000,51.54032000,1649653199999,2173699.80565390,1714,34.91835000,1472561.43839140,0
1649653200000,42275.03000000,42325.98000000,42205.31000000,42288.98000000,25.01125000,1649656799999,1057150.89982160,1130,10.12116000,427779.51470670,0
1649656800000,42297.78000000,42346.67000000,42166.71000000,42244.27000000,30.24183000,1649660399999,1277725.48315800,1257,16.78149000,709093.83872720,0
1649660400000,42260.92000000,42359.69000000,42175.16000000,42314.42000000,37.38264000,1649663999999,1580106.49168000,1356,14.02293000,592668.38388850,0
1649664000000,42314.77000000,42385.79000000,42092.59000000,42209.25000000,53.28979000,1649667599999,2250996.89130250,1777,28.80425000,1216712.85147320,0
1649667600000,42209.24000000,42217.40000000,41420.63000000,41436.93000000,115.37140000,1649671199999,4832333.28993990,3887,55.53064000,2326562.84607110,0
1649671200000,41436.88000000,41648.21000000,41220.83000000,41618.93000000,136.08987000,1649674799999,5641560.87726550,4458,73.18373000,3033738.23816950,0
1649674800000,41608.54000000,41608.54000000,40927.38000000,41070.30000000,130.56304000,1649678399999,5378421.79731590,4331,69.32975000,2855699.61263000,0
1649678400000,41078.00000000,41252.70000000,40921.00000000,41153.26000000,120.44905000,1649681999999,4950787.54109140,3404,63.04043000,2592005.51860430,0
1649682000000,41152.42000000,41187.28000000,40692.37000000,41148.08000000,177.53051000,1649685599999,7279550.02532680,4984,111.46097000,4570443.01167670,0
1649685600000,41130.67000000,41228.00000000,40733.69000000,40801.03000000,136.88704000,1649689199999,5597569.64280060,3626,90.66651000,3706017.85126140,0
1649689200000,40812.02000000,40987.40000000,40560.00000000,40582.53000000,113.31607000,1649692799999,4625230.99843470,3082,71.31069000,2911810.18858230,0
1649692800000,40575.74000000,40863.89000000,40487.47000000,40767.84000000,128.22940000,1649696399999,5213894.81258810,3967,75.28983000,3062069.22871980,0
1649696400000,40767.17000000,40898.37000000,40250.01000000,40468.94000000,158.41901000,1649699999999,6417412.70357370,4192,60.39039000,2448560.25913850,0
1649700000000,40453.89000000,40522.68000000,40250.00000000,40511.23000000,77.24005000,1649703599999,3119920.64968460,2828,46.35030000,1872033.67804770,0
1649703600000,40511.24000000,40597.50000000,39779.25000000,39993.12000000,181.95960000,1649707199999,7299660.77769560,4918,87.18987000,3503426.23772990,0
1649707200000,39978.71000000,40271.41000000,39500.00000000,39839.26000000,195.27597000,1649710799999,7787826.63530240,5465,82.76575000,3302971.97272550,0
1649710800000,39841.61000000,39921.44000000,39274.07000000,39422.36000000,121.85732000,1649714399999,4827601.75184530,3390,43.01381000,1705700.90533030,0
1649714400000,39409.39000000,39983.86000000,39196.61000000,39772.09000000,125.05073000,1649717999999,4961621.30182420,3888,62.68190000,2487615.57883850,0
1649718000000,39769.95000000,39847.13000000,39351.90000000,39534.13000000,78.90890000,1649721599999,3123544.03675200,2588,40.57830000,1607338.07208980,0
1649721600000,39532.73000000,39860.62000000,39365.96000000,39552.28000000,73.78986000,1649725199999,2925223.36120480,2652,39.18595000,1553390.05718480,0
1649725200000,39551.17000000,39733.16000000,39410.95000000,39508.79000000,76.86869000,1649728799999,3041173.24246410,2371,38.67762000,1529961.07856890,0
1649728800000,39514.60000000,39557.69000000,39271.47000000,39496.14000000,66.06574000,1649732399999,2603832.68287170,2586,36.59483000,1442078.90864610,0
1649732400000,39493.37000000,39751.70000000,39460.63000000,39751.70000000,68.47454000,1649735999999,2712035.14638260,2578,40.00705000,1584751.50326710,0
1649736000000,39751.70000000,39950.47000000,39624.35000000,39927.98000000,70.69068000,1649739599999,2812624.44494260,2936,32.28997000,1284847.40508530,0
1649739600000,39927.51000000,40146.93000000,39865.54000000,40109.90000000,89.09437000,1649743199999,3564358.60337170,3312,37.74210000,1509854.35658280,0
1649743200000,40109.90000000,40186.68000000,39840.57000000,39938.39000000,75.39138000,1649746799999,3017005.61106070,3319,34.26633000,1371178.20586030,0
1649746800000,39938.39000000,40197.55000000,39864.06000000,40179.47000000,106.23931000,1649750399999,4255217.11686470,3772,49.31862000,1974638.27641880,0
1649750400000,40188.65000000,40358.38000000,40106.17000000,40188.36000000,123.48995000,1649753999999,4965327.38657800,3959,48.06313000,1932225.23955630,0
1649754000000,40174.13000000,40247.60000000,40046.24000000,40225.81000000,57.50142000,1649757599999,2307693.13652020,2162,26.73551000,1073045.00678370,0
1649757600000,40216.07000000,40295.80000000,40101.33000000,40161.18000000,50.13243000,1649761199999,2014655.67270500,1876,19.29294000,775466.41909960,0
1649761200000,40158.91000000,40558.90000000,40112.14000000,40385.49000000,78.56800000,1649764799999,3168388.20866060,2682,47.64674000,1921748.41923770,0
1649764800000,40387.53000000,40710.25000000,40209.07000000,40622.12000000,212.70893000,1649768399999,8609652.16045900,6140,95.75155000,3874357.05030600,0
1649768400000,40624.64000000,40637.61000000,40172.51000000,40406.84000000,153.77977000,1649771999999,6221405.88324310,4731,75.64607000,3059139.00721860,0
1649772000000,40411.12000000,40490.44000000,39800.00000000,40005.63000000,176.41684000,1649775599999,7066459.07979090,5932,93.59562000,3750340.56169220,0
1649775600000,39994.07000000,40379.15000000,39972.14000000,40189.61000000,147.82729000,1649779199999,5948566.20669330,4697,61.50615000,2473005.25357370,0
1649779200000,40197.75000000,40379.14000000,39937.23000000,40097.25000000,63.33830000,1649782799999,2539704.84475330,2633,28.69724000,1150261.98917900,0
1649782800000,40097.23000000,40230.85000000,39953.74000000,40018.12000000,57.64093000,1649786399999,2311371.84342750,2100,28.16638000,1129575.03692820,0
1649786400000,40013.81000000,40062.01000000,39641.25000000,39670.37000000,71.03522000,1649789999999,2824566.61815590,2004,50.34846000,2001701.42153050,0
1649790000000,39676.48000000,39718.53000000,39271.60000000,39314.80000000,111.66065000,1649793599999,4407673.95658870,2897,48.74069000,1924009.30235340,0
1649793600000,39292.21000000,39611.80000000,39260.82000000,39524.74000000,106.13934000,1649797199999,4185942.80911350,2795,64.52898000,2543977.12760480,0
1649797200000,39524.75000000,39755.71000000,39487.54000000,39702.98000000,39.05147000,1649800799999,1547583.40838010,1500,20.24766000,802255.24226110,0
1649800800000,39692.83000000,40000.00000000,39571.65000000,39844.95000000,58.51916000,1649804399999,2324457.58617880,2039,34.02173000,1351757.25802530,0
1649804400000,39840.54000000,40300.61000000,39822.66000000,40084.10000000,69.22881000,1649807999999,2773414.70337100,2446,39.36552000,1576768.28782230,0
1649808000000,40084.50000000,40203.67000000,39896.49000000,39957.29000000,47.75546000,1649811599999,1914426.58738020,2027,25.75989000,1032737.88528500,0
1649811600000,39945.69000000,39945.69000000,39595.19000000,39883.46000000,64.65642000,1649815199999,2570417.02700230,2340,44.84299000,1782444.95271390,0
1649815200000,39883.95000000,40189.58000000,39712.92000000,40062.98000000,53.59967000,1649818799999,2140508.39626430,2307,29.89597000,1193456.20374420,0
1649818800000,40063.18000000,40276.38000000,40020.76000000,40077.36000000,38.25857000,1649822399999,1536081.01110200,1732,20.37543000,817986.09514780,0
1649822400000,40077.91000000,40142.31000000,39936.65000000,40137.99000000,17.86607000,1649825999999,715056.87156210,1035,10.08104000,403472.69091750,0
1649826000000,40138.02000000,40217.32000000,40068.53000000,40195.79000000,34.78099000,1649829599999,1395860.62856050,1525,19.12153000,767307.57146240,0
1649829600000,40195.80000000,40237.84000000,39878.82000000,39957.52000000,55.48089000,1649833199999,2224942.44358430,1804,26.21489000,1051449.14643980,0
1649833200000,39961.94000000,40219.18000000,39917.39000000,40130.11000000,52.83419000,1649836799999,2118562.52924630,1951,29.52721000,1183737.75420160,0
1649836800000,40143.76000000,40208.39000000,40011.46000000,40165.30000000,54.41911000,1649840399999,2184161.36922400,1875,32.69131000,1312179.08463240,0
1649840400000,40165.30000000,40216.15000000,40030.72000000,40090.88000000,43.16256000,1649843999999,1732017.26486440,1321,24.37026000,977918.47895010,0
1649844000000,40086.28000000,40146.81000000,39754.44000000,39809.78000000,35.93924000,1649847599999,1433949.82409030,1587,20.30771000,809850.73324180,0
1649847600000,39816.10000000,40000.09000000,39695.31000000,39723.60000000,69.82141000,1649851199999,2783966.43544280,2190,27.55270000,1098558.00754420,0
1649851200000,39723.51000000,39929.81000000,39655.67000000,39717.67000000,77.53170000,1649854799999,3083838.55257650,2646,46.07334000,1832219.38204820,0
1649854800000,39706.21000000,40592.14000000,39636.27000000,40526.00000000,172.59136000,1649858399999,6948527.60762960,5293,66.85958000,2686914.69762950,0
1649858400000,40528.89000000,40968.32000000,40390.63000000,40655.73000000,134.39508000,1649861999999,5470344.78800070,4371,48.37790000,1968956.76734690,0
1649862000000,40651.06000000,41422.31000000,40651.01000000,41163.09000000,172.00745000,1649865599999,7077119.68197310,5594,85.83531000,3531542.97300730,0
1649865600000,41165.89000000,41352.07000000,40950.67000000,41020.58000000,88.06516000,1649869199999,3623792.10703730,2782,38.87824000,1600039.78864710,0
1649869200000,41017.22000000,41134.76000000,40837.46000000,41053.15000000,111.17251000,1649872799999,4559745.84827620,3370,59.11246000,2424603.06707890,0
1649872800000,41033.30000000,41381.30000000,40936.83000000,41378.39000000,82.19973000,1649876399999,3384573.01580240,2914,37.32492000,1537231.44591290,0
1649876400000,41374.07000000,41577.98000000,41044.26000000,41057.89000000,68.25678000,1649879999999,2815295.10619290,2348,36.90748000,1521888.71908460,0
1649880000000,41060.86000000,41322.84000000,40992.03000000,41256.62000000,48.94234000,1649883599999,2014447.32955420,1890,26.80751000,1103316.06456040,0
1649883600000,41256.62000000,41328.11000000,41089.11000000,41230.46000000,42.24769000,1649887199999,1741496.26162690,1260,16.81715000,693225.80944920,0
1649887200000,41230.46000000,41391.80000000,41162.63000000,41289.02000000,64.83555000,1649890799999,2675092.69109550,1465,47.12193000,1944350.12442820,0
1649890800000,41289.14000000,41340.39000000,41083.74000000,41152.48000000,39.97798000,1649894399999,1646359.11708780,1461,20.50911000,844553.46008250,0
1649894400000,41148.38000000,41276.25000000,41072.81000000,41201.49000000,36.39625000,1649897999999,1498483.29694890,1144,21.78104000,896834.60234490,0
1649898000000,41191.54000000,41506.20000000,41181.70000000,41475.28000000,33.83548000,1649901599999,1399209.79632810,1475,18.22742000,753721.49179490,0
1649901600000,41475.36000000,41475.58000000,41351.45000000,41424.55000000,33.25511000,1649905199999,1377247.09506930,1541,15.16282000,627897.80400420,0
1649905200000,41425.93000000,41459.34000000,41286.20000000,41323.08000000,32.34033000,1649908799999,1336816.75881670,1261,15.56340000,643336.68729310,0
1649908800000,41329.12000000,41422.19000000,41234.77000000,41301.66000000,46.89035000,1649912399999,1937804.34845880,1595,19.91715000,823143.51719320,0
1649912400000,41295.38000000,41356.12000000,41248.94000000,41319.48000000,38.77366000,1649915999999,1601234.53821800,1347,15.20284000,627915.68120150,0
1649916000000,41319.49000000,41340.40000000,41158.46000000,41204.13000000,42.88906000,1649919599999,1768881.94194040,1383,16.60405000,684569.56262330,0
1649919600000,41203.51000000,41359.60000000,41160.48000000,41272.65000000,29.69514000,1649923199999,1224934.13986600,1104,15.21414000,627623.41578800,0
1649923200000,41272.60000000,41331.22000000,41170.04000000,41177.79000000,48.45776000,1649926799999,1998425.28635410,1467,23.99099000,989249.01585870,0
1649926800000,41174.36000000,41216.81000000,40922.01000000,41190.50000000,46.83620000,1649930399999,1925359.05434360,1878,22.84316000,939015.46865420,0
1649930400000,41184.90000000,41220.83000000,40952.07000000,40952.07000000,44.58517000,1649933999999,1831972.78926260,1671,21.37677000,878529.12201410,0
1649934000000,40950.68000000,41083.73000000,40861.28000000,40926.54000000,47.83786000,1649937599999,1960628.20749490,1853,23.45767000,961366.44055450,0
1649937600000,40925.27000000,41189.90000000,40853.38000000,41158.31000000,62.20511000,1649941199999,2551764.23179190,2267,31.57985000,1295486.60110810,0
1649941200000,41159.55000000,41310.74000000,40534.18000000,40626.61000000,88.77221000,1649944799999,3637042.17304290,3299,48.17894000,1973968.98639740,0
1649944800000,40613.03000000,40661.15000000,40313.75000000,40448.26000000,67.86965000,1649948399999,2746320.66193520,2938,33.94651000,1373621.23000030,0
1649948400000,40448.33000000,40495.81000000,39932.44000000,39975.24000000,58.51722000,1649951999999,2350780.20922670,2218,31.51675000,1266138.02565170,0
1649952000000,39977.33000000,40079.67000000,39784.93000000,39959.35000000,107.05562000,1649955599999,4273903.47594130,2900,61.29142000,2447310.59561300,0
1649955600000,39953.06000000,40054.26000000,39845.49000000,39989.05000000,50.57417000,1649959199999,2019909.73797620,1799,27.39418000,1094132.18199300,0
1649959200000,39989.35000000,40026.46000000,39630.60000000,39664.65000000,64.46921000,1649962799999,2570295.05578730,2032,27.34447000,1089835.72889250,0
1649962800000,39664.20000000,39863.90000000,39570.57000000,39772.04000000,93.07107000,1649966399999,3698814.29854160,1883,56.51125000,2245917.65277760,0
1649966400000,39778.92000000,39914.06000000,39673.07000000,39914.06000000,64.68919000,1649969999999,2574032.24517370,1596,34.74607000,1382523.72671190,0
1649970000000,39893.94000000,39997.00000000,39869.61000000,39967.82000000,24.94779000,1649973599999,996017.28443040,961,11.52495000,460077.77363380,0
1649973600000,39962.82000000,40021.13000000,39808.01000000,39841.78000000,73.17439000,1649977199999,2923415.03304050,1403,13.17460000,525833.04421540,0
1649977200000,39844.51000000,39945.78000000,39831.94000000,39944.27000000,21.49099000,1649980799999,857365.88075120,725,12.53523000,500062.07928560,0
1649980800000,39945.78000000,40180.09000000,39772.23000000,39857.44000000,53.36872000,1649984399999,2132964.02622730,1918,32.61656000,1303423.59678250,0
1649984400000,39858.35000000,39977.89000000,39835.10000000,39944.23000000,28.23279000,1649987999999,1127008.36485650,1167,16.46481000,657164.34764440,0
1649988000000,39943.55000000,40067.55000000,39909.46000000,40017.71000000,28.60636000,1649991599999,1144483.38450940,1180,16.40421000,656232.72887740,0
1649991600000,40017.83000000,40219.13000000,40002.31000000,40204.32000000,34.41384000,1649995199999,1380654.22634680,1499,13.35202000,535630.02241840,0
1649995200000,40196.09000000,40263.07000000,40069.02000000,40102.73000000,33.89296000,1649998799999,1361836.94979880,1499,16.09547000,646891.71202860,0
1649998800000,40105.47000000,40345.22000000,40082.47000000,40130.83000000,48.96965000,1650002399999,1966920.93127200,1497,27.80795000,1117476.59188990,0
1650002400000,40136.92000000,40166.54000000,39973.44000000,40044.82000000,43.29602000,1650005999999,1733988.68438160,1299,26.90027000,1076948.73791030,0
1650006000000,40038.04000000,40447.02000000,39957.88000000,40244.30000000,89.08816000,1650009599999,3578708.65212430,2355,35.23135000,1414837.45719540,0
1650009600000,40248.27000000,40392.14000000,40108.45000000,40156.76000000,59.05822000,1650013199999,2374125.05719120,1677,31.53375000,1267590.68850690,0
1650013200000,40163.36000000,40194.76000000,40043.40000000,40118.80000000,45.34929000,1650016799999,1820013.69809710,1462,24.26978000,973987.63912740,0
1650016800000,40118.80000000,40398.18000000,40089.88000000,40273.65000000,47.87086000,1650020399999,1924574.24473070,1656,25.83873000,1038775.04168180,0
1650020400000,40272.09000000,40379.38000000,40108.80000000,40218.85000000,39.67922000,1650023999999,1596259.93465730,1203,15.81453000,636214.46018480,0
1650024000000,40223.62000000,40260.21000000,40117.92000000,40159.31000000,32.86826000,1650027599999,1320838.43551910,911,16.79938000,674986.12640440,0
1650027600000,40170.35000000,40238.25000000,40000.00000000,40045.14000000,36.00596000,1650031199999,1445176.60866870,1362,15.82470000,635190.30836350,0
1650031200000,40041.10000000,40857.50000000,39931.03000000,40449.28000000,90.83025000,1650034799999,3665856.27427490,3088,48.73631000,1966642.88775380,0
1650034800000,40468.31000000,40581.74000000,40361.07000000,40423.32000000,61.29793000,1650038399999,2481108.45664300,2055,31.99935000,1295301.79578020,0
1650038400000,40421.65000000,40481.42000000,40202.56000000,40390.14000000,70.97429000,1650041999999,2862783.84284800,2343,34.49835000,1391847.99331270,0
1650042000000,40398.47000000,40654.63000000,40367.77000000,40439.87000000,91.28084000,1650045599999,3695701.95150720,2796,31.03852000,1256714.21275100,0
1650045600000,40442.50000000,40472.05000000,40369.84000000,40395.62000000,32.00231000,1650049199999,1293484.17131350,1337,15.67222000,633369.76638010,0
1650049200000,40393.57000000,40405.56000000,40292.82000000,40319.75000000,44.66510000,1650052799999,1801433.95236910,1382,20.95596000,845136.07937110,0
1650052800000,40319.74000000,40407.22000000,40286.75000000,40405.70000000,32.30782000,1650056399999,1302948.38017680,1365,17.86883000,720583.52514400,0
1650056400000,40413.49000000,40473.15000000,40372.75000000,40431.94000000,16.03631000,1650059999999,648148.41486170,858,8.73988000,353281.78694300,0
1650060000000,40430.82000000,40550.77000000,40358.22000000,40465.01000000,26.35276000,1650063599999,1065701.45605480,871,16.75463000,677615.72161610,0
1650063600000,40473.51000000,40610.03000000,40430.29000000,40551.61000000,25.64050000,1650067199999,1039608.39646430,1216,13.37169000,542169.38994890,0
1650067200000,40558.05000000,40581.49000000,40473.82000000,40568.67000000,42.19990000,1650070799999,1710138.96534350,1783,19.11124000,774429.67585970,0
1650070800000,40568.67000000,40717.68000000,40530.85000000,40585.50000000,44.92945000,1650074399999,1823975.82736420,1991,22.14745000,899064.86148530,0
1650074400000,40585.51000000,40605.56000000,40513.66000000,40537.45000000,25.85969000,1650077999999,1048987.53227680,1229,10.86010000,440536.79549010,0
1650078000000,40526.99000000,40529.47000000,40415.93000000,40437.77000000,18.86447000,1650081599999,763476.75523680,923,7.74516000,313437.12163090,0
1650081600000,40438.94000000,40562.83000000,40423.50000000,40540.49000000,14.76523000,1650085199999,597962.82711980,678,8.23077000,333341.71221620,0
1650085200000,40540.47000000,40546.90000000,40356.80000000,40470.37000000,56.08426000,1650088799999,2270016.30193760,1722,38.45854000,1556750.05755250,0
1650088800000,40466.58000000,40560.64000000,40384.81000000,40429.66000000,57.34183000,1650092399999,2320106.24994120,1521,39.36528000,1593174.95043070,0
1650092400000,40427.92000000,40455.06000000,40375.53000000,40400.22000000,22.81786000,1650095999999,922158.80350350,1159,10.23060000,413449.68714750,0
1650096000000,40400.22000000,40467.10000000,40353.68000000,40378.72000000,21.26843000,1650099599999,859248.81819770,1043,10.39848000,420122.12931760,0
1650099600000,40379.08000000,40427.10000000,40290.00000000,40336.37000000,40.56695000,1650103199999,1637118.02610460,1160,20.50205000,827375.72095530,0
1650103200000,40334.43000000,40488.79000000,40317.42000000,40422.53000000,41.95416000,1650106799999,1694715.38017520,1492,25.24859000,1019867.64466330,0
1650106800000,40431.99000000,40503.34000000,40392.73000000,40419.94000000,47.19056000,1650110399999,1908535.41736370,1600,25.05646000,1013244.84918950,0
1650110400000,40422.65000000,40481.54000000,40355.91000000,40455.53000000,36.83398000,1650113999999,1488940.86597320,1392,19.65582000,794472.91158600,0
1650114000000,40455.53000000,40468.46000000,40384.90000000,40442.04000000,30.11549000,1650117599999,1217528.23674430,1139,15.54113000,628266.75113270,0
1650117600000,40439.81000000,40512.22000000,40403.57000000,40499.29000000,31.69888000,1650121199999,1282430.43482460,1284,14.47841000,585739.41683310,0
1650121200000,40509.07000000,40584.25000000,40000.00000000,40070.01000000,89.19095000,1650124799999,3588612.62568700,2832,40.35781000,1624058.33332250,0
1650124800000,40068.91000000,40238.29000000,40013.03000000,40217.19000000,44.71081000,1650128399999,1794693.54738840,1497,24.51698000,984017.17835210,0
1650128400000,40205.85000000,40243.64000000,40092.96000000,40158.96000000,40.93623000,1650131999999,1643970.45669430,1127,16.52804000,663836.12083210,0
1650132000000,40158.95000000,40205.40000000,40116.81000000,40193.82000000,19.43293000,1650135599999,780452.75487930,759,10.62948000,426922.93310740,0
1650135600000,40193.82000000,40268.01000000,40180.39000000,40217.97000000,20.05006000,1650139199999,806438.23484730,757,12.07831000,485773.50839010,0
1650139200000,40217.97000000,40394.85000000,40195.99000000,40285.49000000,26.96409000,1650142799999,1085605.33108400,1025,13.07453000,526460.01227040,0
1650142800000,40307.61000000,40619.95000000,40304.83000000,40502.69000000,19.36764000,1650146399999,782292.48640380,1079,12.48784000,504481.30614410,0
1650146400000,40493.32000000,40722.31000000,40401.13000000,40421.51000000,39.16125000,1650149999999,1588220.01855290,1485,18.87396000,765486.60270040,0
1650150000000,40412.54000000,40504.16000000,40376.71000000,40377.72000000,24.64739000,1650153599999,996708.88353500,1060,12.64096000,511148.75524170,0
1650153600000,40377.72000000,40419.43000000,40318.55000000,40382.54000000,34.49595000,1650157199999,1392421.70967580,1179,22.56465000,910674.60467090,0
1650157200000,40379.61000000,40427.66000000,40334.33000000,40401.30000000,19.22133000,1650160799999,776198.93659400,799,11.02703000,445295.02861090,0
1650160800000,40391.18000000,40391.18000000,40133.06000000,40185.36000000,32.44999000,1650164399999,1306087.51611370,1282,13.28142000,534512.77075390,0
1650164400000,40165.30000000,40304.92000000,40134.69000000,40244.01000000,18.43897000,1650167999999,741713.75841300,824,10.24842000,412213.68775530,0
1650168000000,40238.91000000,40414.00000000,40232.50000000,40293.24000000,24.01996000,1650171599999,968114.04232730,927,12.08472000,487117.05430210,0
1650171600000,40291.17000000,40429.15000000,40264.29000000,40370.12000000,24.93491000,1650175199999,1005762.70258400,900,14.80550000,597185.25308110,0
1650175200000,40379.11000000,40394.19000000,40320.73000000,40327.25000000,29.16186000,1650178799999,1176671.25154140,898,15.80138000,637497.65004730,0
1650178800000,40327.36000000,40362.46000000,40240.49000000,40296.37000000,16.43224000,1650182399999,662156.70870060,727,8.08531000,325811.64772910,0
1650182400000,40295.20000000,40424.73000000,40285.40000000,40400.00000000,40.46328000,1650185999999,1633559.97047610,1413,20.46359000,826078.41961660,0
1650186000000,40400.01000000,40534.49000000,40400.01000000,40426.96000000,99.35926000,1650189599999,4021434.38335450,2409,39.52167000,1599582.44221030,0
1650189600000,40427.40000000,40472.27000000,40387.43000000,40420.39000000,20.03624000,1650193199999,810064.67757170,688,7.83924000,316961.84708350,0
1650193200000,40420.40000000,40476.78000000,40369.84000000,40473.12000000,25.24067000,1650196799999,1020192.01844260,867,13.31196000,538023.01669690,0
1650196800000,40473.12000000,40499.48000000,40377.46000000,40433.25000000,28.98027000,1650200399999,1171885.49987540,1405,14.72774000,595543.07971600,0
1650200400000,40433.24000000,40598.97000000,40275.75000000,40326.50000000,75.74014000,1650203999999,3064904.02460770,2303,34.93890000,1414211.22130570,0
1650204000000,40317.18000000,40434.61000000,40173.93000000,40365.79000000,34.30265000,1650207599999,1383967.47034810,1304,17.40207000,702076.53547590,0
1650207600000,40370.17000000,40494.97000000,40330.37000000,40459.56000000,38.64692000,1650211199999,1561876.49175040,1508,19.15967000,774283.53299990,0
1650211200000,40460.27000000,40486.12000000,40150.00000000,40209.10000000,79.47761000,1650214799999,3209803.22475280,1939,41.95281000,1694885.52479320,0
1650214800000,40204.86000000,40283.05000000,40050.00000000,40110.00000000,62.66856000,1650218399999,2518695.26597540,1671,30.85951000,1240354.25742960,0
1650218400000,40112.72000000,40174.91000000,39803.59000000,40131.31000000,73.20516000,1650221999999,2929802.25133290,2331,38.92049000,1558039.72799590,0
1650222000000,40122.63000000,40450.00000000,40099.54000000,40381.27000000,43.96105000,1650225599999,1769137.60861510,1779,24.31383000,978566.58175540,0
1650225600000,40385.33000000,40810.21000000,40258.83000000,40272.51000000,88.39869000,1650229199999,3579224.70341720,1829,58.87939000,2387059.17147860,0
1650229200000,40266.80000000,40296.96000000,40141.01000000,40211.34000000,37.16113000,1650232799999,1493847.24643770,1244,15.98588000,642541.91543090,0
1650232800000,40218.11000000,40340.84000000,39948.23000000,40006.04000000,58.37498000,1650236399999,2345434.25289610,2229,22.83122000,917344.78375070,0
1650236400000,40009.56000000,40009.56000000,39560.47000000,39683.78000000,132.00666000,1650239999999,5245340.68766310,3781,83.07538000,3300267.97539680,0
1650240000000,39680.12000000,39777.19000000,39592.39000000,39737.36000000,58.54221000,1650243599999,2325293.34788560,1765,30.20425000,1199831.61185050,0
1650243600000,39737.35000000,39837.47000000,39676.62000000,39761.38000000,39.56633000,1650247199999,1572785.49752420,1514,19.25728000,765427.51683320,0
1650247200000,39761.37000000,39842.65000000,39739.99000000,39803.61000000,28.26241000,1650250799999,1124572.73634530,1089,14.44126000,574588.31275440,0
1650250800000,39809.88000000,39897.60000000,39753.87000000,39821.95000000,29.08511000,1650254399999,1158452.71046910,945,15.63528000,622779.11243620,0
1650254400000,39821.95000000,39857.74000000,38693.32000000,38832.10000000,192.02437000,1650257999999,7500601.02539490,6133,89.17103000,3481987.56314520,0
1650258000000,38833.81000000,38993.32000000,38500.00000000,38936.48000000,139.33423000,1650261599999,5411007.08624070,3546,85.80329000,3331612.90002420,0
1650261600000,38934.68000000,39080.82000000,38900.01000000,38997.75000000,78.29630000,1650265199999,3053408.14962300,2062,38.22820000,1490669.74366280,0
1650265200000,38997.75000000,39078.88000000,38810.25000000,38929.07000000,112.37368000,1650268799999,4377556.29522080,2544,69.71556000,2715543.09124970,0
1650268800000,38934.71000000,39075.71000000,38864.71000000,38886.62000000,65.43927000,1650272399999,2551320.85630750,1908,36.63018000,1428117.93236410,0
1650272400000,38885.82000000,39005.66000000,38817.12000000,38992.21000000,104.54441000,1650275999999,4070602.71851400,2385,48.46907000,1886353.89420280,0
1650276000000,38992.21000000,39325.15000000,38936.41000000,38939.71000000,83.09501000,1650279599999,3243635.62945460,2579,50.39391000,1967657.69530810,0
1650279600000,38940.71000000,39116.06000000,38940.71000000,39011.11000000,56.83348000,1650283199999,2218638.56002260,1726,31.33661000,1223239.79787540,0
1650283200000,39015.53000000,39495.00000000,39014.79000000,39414.15000000,95.35926000,1650286799999,3744368.53440400,2792,45.72835000,1795810.78437470,0
1650286800000,39407.47000000,39606.19000000,39253.40000000,39333.58000000,104.91689000,1650290399999,4134314.69451830,2867,55.90408000,2202494.81203360,0
1650290400000,39336.80000000,39646.33000000,39308.08000000,39344.93000000,99.01359000,1650293999999,3905590.74296980,3359,49.81811000,1964787.17545880,0
1650294000000,39321.82000000,39377.07000000,39126.75000000,39269.74000000,97.07728000,1650297599999,3809523.30551430,2247,68.79726000,2699443.56018450,0
1650297600000,39262.22000000,39630.29000000,39051.30000000,39469.14000000,119.28852000,1650301199999,4686103.51065080,2658,72.31959000,2839151.29382460,0
1650301200000,39488.29000000,40394.57000000,39479.75000000,40222.96000000,223.29170000,1650304799999,8925424.18195880,5691,132.23923000,5283789.80159220,0
1650304800000,40225.72000000,41084.52000000,40225.57000000,40647.45000000,209.67646000,1650308399999,8532679.41500700,6174,99.98510000,4067690.34749770,0
1650308400000,40674.36000000,40770.86000000,40425.51000000,40682.26000000,79.02179000,1650311999999,3206327.16137140,2906,44.28743000,1797158.93446450,0
1650312000000,40684.25000000,40922.50000000,40647.28000000,40671.60000000,109.25579000,1650315599999,4454193.22138370,3298,45.17355000,1841268.78663500,0
1650315600000,40673.65000000,41109.34000000,40673.65000000,40802.65000000,51.87328000,1650319199999,2118926.05350260,2246,30.38396000,1241227.96866340,0
1650319200000,40798.56000000,40940.30000000,40712.30000000,40928.76000000,43.60426000,1650322799999,1780451.91169520,1566,22.38630000,914170.43816810,0
1650322800000,40926.98000000,40973.82000000,40728.07000000,40804.50000000,51.37602000,1650326399999,2098417.74045920,1625,21.12011000,862552.29816510,0
1650326400000,40804.77000000,41264.90000000,40804.74000000,40890.00000000,106.37257000,1650329999999,4358899.05200480,3203,60.24476000,2468135.09088610,0
1650330000000,40886.48000000,40938.48000000,40719.25000000,40760.23000000,39.47381000,1650333599999,1612582.63181530,1515,17.73412000,724301.88988440,0
1650333600000,40757.39000000,40774.52000000,40603.22000000,40614.83000000,34.18082000,1650337199999,1391441.00151130,1642,14.65586000,596578.57045380,0
1650337200000,40620.74000000,40793.01000000,40616.15000000,40702.74000000,44.52480000,1650340799999,1813239.78554340,1604,20.34986000,828644.41031600,0
1650340800000,40702.73000000,40886.36000000,40669.62000000,40871.28000000,25.00304000,1650344399999,1019446.68176710,1187,12.91927000,526805.85730860,0
1650344400000,40868.90000000,40886.92000000,40659.23000000,40678.99000000,46.88251000,1650347999999,1912283.91368140,1271,14.42465000,588281.99734450,0
1650348000000,40667.12000000,40815.72000000,40667.12000000,40722.01000000,30.79126000,1650351599999,1254895.69523560,986,15.30025000,623589.11916170,0
1650351600000,40721.15000000,40761.65000000,40582.79000000,40690.58000000,35.88823000,1650355199999,1459888.21065830,1349,16.04437000,652531.54840060,0
1650355200000,40690.58000000,40863.64000000,40670.61000000,40731.64000000,142.74836000,1650358799999,5819145.72939070,2962,83.58035000,3407201.45109790,0
1650358800000,40731.65000000,40778.74000000,40584.93000000,40670.63000000,70.76656000,1650362399999,2878095.16861410,1758,37.06084000,1507029.23030340,0
1650362400000,40670.62000000,40820.58000000,40643.34000000,40802.45000000,57.93073000,1650365999999,2359387.01803450,1867,26.67184000,1086380.72120640,0
1650366000000,40800.65000000,41025.09000000,40674.58000000,40701.36000000,60.37515000,1650369599999,2465377.65132540,2074,29.30614000,1196556.30321700,0
1650369600000,40694.23000000,41115.87000000,40666.00000000,40985.90000000,86.14218000,1650373199999,3522415.47948530,3007,41.42901000,1694694.70626520,0
1650373200000,40984.78000000,41479.77000000,40850.59000000,41457.89000000,124.94824000,1650376799999,5143947.85870810,4571,59.16121000,2435828.05858950,0
1650376800000,41468.33000000,41694.70000000,41378.72000000,41579.18000000,149.18070000,1650380399999,6201422.39567520,5157,60.39066000,2510139.80205480,0
1650380400000,41579.16000000,41765.08000000,41390.67000000,41465.53000000,78.54728000,1650383999999,3263403.93857350,2779,40.06582000,1664793.63944740,0
1650384000000,41457.62000000,41552.50000000,41244.43000000,41352.29000000,51.27502000,1650387599999,2123503.61578220,2064,26.83892000,1111479.60614710,0
1650387600000,41359.01000000,41379.89000000,41182.54000000,41366.21000000,33.12476000,1650391199999,1368232.74505090,1304,16.84459000,695796.62529910,0
1650391200000,41350.75000000,41513.06000000,41323.20000000,41417.51000000,44.25071000,1650394799999,1832535.59634150,1772,19.51391000,808100.72003860,0
1650394800000,41404.73000000,41552.54000000,41372.96000000,41437.64000000,35.60951000,1650398399999,1476472.01816300,1414,19.77118000,819742.16907610,0
1650398400000,41431.71000000,41431.71000000,41220.43000000,41297.44000000,49.40586000,1650401999999,2039964.97716500,1845,26.75214000,1104314.74346310,0
1650402000000,41297.58000000,41397.64000000,41261.21000000,41294.10000000,31.30617000,1650405599999,1293431.21112410,1444,20.72202000,856241.44270980,0
1650405600000,41317.87000000,41740.78000000,41272.07000000,41401.77000000,46.34689000,1650409199999,1922087.21543520,1190,31.17916000,1293898.06623930,0
1650409200000,41401.77000000,41546.71000000,41401.77000000,41500.32000000,21.33488000,1650412799999,884975.33102530,1012,11.76508000,487953.16858710,0
1650412800000,41500.33000000,41547.84000000,41263.98000000,41314.49000000,38.95014000,1650416399999,1613072.84771850,1511,17.87472000,740456.68438000,0
1650416400000,41306.90000000,41394.54000000,41241.25000000,41363.32000000,25.60197000,1650419999999,1058095.34197300,1215,14.26218000,589374.29534670,0
1650420000000,41360.15000000,41409.21000000,41326.52000000,41379.05000000,21.85273000,1650423599999,903859.01169220,1106,12.77152000,528198.66467460,0
1650423600000,41386.49000000,41406.43000000,41305.94000000,41396.14000000,25.37918000,1650427199999,1049981.34784960,1139,12.18546000,504099.01788370,0
1650427200000,41396.14000000,41408.55000000,41273.96000000,41345.04000000,27.00067000,1650430799999,1116366.29362150,1087,13.11459000,542256.28466390,0
1650430800000,41351.02000000,41457.55000000,41302.78000000,41450.50000000,38.21404000,1650434399999,1581530.10459370,1347,21.10409000,873303.45453580,0
1650434400000,41450.50000000,41473.19000000,41393.95000000,41473.19000000,36.85246000,1650437999999,1526902.26249690,1241,16.51599000,684359.36765550,0
1650438000000,41475.82000000,41635.75000000,41298.42000000,41351.71000000,73.19793000,1650441599999,3031269.09402970,2239,29.86549000,1236331.98106660,0
1650441600000,41347.30000000,41529.19000000,41298.53000000,41484.63000000,88.02862000,1650445199999,3647464.72219290,1984,53.47694000,2216731.80887400,0
1650445200000,41484.63000000,41739.42000000,41455.60000000,41555.64000000,111.58148000,1650448799999,4636064.58861000,2698,63.50112000,2637866.19580290,0
1650448800000,41552.10000000,41978.50000000,41459.10000000,41830.41000000,148.39569000,1650452399999,6194090.97201530,3918,72.41319000,3022076.38231560,0
1650452400000,41836.85000000,42212.11000000,41727.82000000,42103.34000000,117.90919000,1650455999999,4950515.26396740,3722,68.89902000,2893254.76512030,0
1650456000000,42105.56000000,42181.79000000,41954.76000000,42132.26000000,88.19102000,1650459599999,3711540.86339720,2856,40.07976000,1686839.24184220,0
1650459600000,42112.82000000,42122.20000000,41424.41000000,41600.00000000,150.01593000,1650463199999,6279927.72176040,4171,77.64906000,3250064.25206680,0
1650463200000,41599.63000000,41758.35000000,41468.11000000,41560.18000000,83.18773000,1650466799999,3461844.79690980,2926,38.20068000,1589496.01372180,0
1650466800000,41561.05000000,41573.06000000,41061.78000000,41271.33000000,139.97968000,1650470399999,5773898.78455590,3915,88.16580000,3636153.94715450,0
1650470400000,41270.32000000,41426.19000000,41040.91000000,41381.96000000,125.74906000,1650473999999,5186205.31482370,3326,69.26118000,2857021.36319910,0
1650474000000,41383.60000000,41473.51000000,41292.93000000,41378.68000000,61.60947000,1650477599999,2549187.39989120,2023,31.74242000,1313452.98904260,0
1650477600000,41378.67000000,41378.67000000,40868.94000000,40965.40000000,82.64488000,1650481199999,3395103.04437750,2468,39.93182000,1639696.25881390,0
1650481200000,40973.02000000,41274.54000000,40941.45000000,41195.96000000,67.27589000,1650484799999,2767889.83243960,2452,34.20311000,1407234.58520780,0
1650484800000,41199.99000000,41443.26000000,41148.36000000,41419.49000000,93.88379000,1650488399999,3874677.29310190,2659,62.17049000,2565426.25169840,0
1650488400000,41424.83000000,41644.89000000,41379.34000000,41502.67000000,31.03408000,1650491999999,1286822.59248370,1444,14.19877000,588762.23208110,0
1650492000000,41505.18000000,41630.85000000,41449.76000000,41479.72000000,32.65127000,1650495599999,1355884.67407260,1361,17.84322000,741034.98718790,0
1650495600000,41479.72000000,41486.44000000,41297.46000000,41369.78000000,27.70074000,1650499199999,1146444.88240580,1303,11.59662000,479950.21895360,0
1650499200000,41362.12000000,41575.96000000,41329.95000000,41537.50000000,47.65241000,1650502799999,1976280.65781470,1711,26.39153000,1094660.88617720,0
1650502800000,41538.05000000,41773.03000000,41479.85000000,41683.50000000,42.84467000,1650506399999,1783948.28420880,1715,18.58234000,773820.07390270,0
1650506400000,41682.04000000,41733.39000000,41577.87000000,41638.46000000,28.76178000,1650509999999,1198252.83446640,1207,13.74751000,572722.60476680,0
1650510000000,41630.85000000,41723.80000000,41569.29000000,41701.09000000,27.90900000,1650513599999,1162274.12254950,1171,13.50205000,562262.20477840,0
1650513600000,41701.51000000,41757.65000000,41534.31000000,41615.82000000,30.58262000,1650517199999,1273780.16911930,1193,13.71002000,571030.64955280,0
1650517200000,41614.76000000,41706.48000000,41443.74000000,41477.46000000,31.66352000,1650520799999,1315998.06247120,1155,13.86566000,576291.16103370,0
1650520800000,41473.06000000,41612.57000000,41428.83000000,41532.38000000,40.21234000,1650524399999,1669215.63931540,1159,20.46148000,849457.88016550,0
1650524400000,41536.13000000,41945.09000000,41463.88000000,41855.58000000,68.53704000,1650527999999,2858067.26297930,1783,34.22988000,1426880.98029850,0
1650528000000,41878.02000000,42063.75000000,41755.17000000,41938.22000000,71.52701000,1650531599999,2995690.80726170,2070,31.53108000,1320562.43515500,0
1650531600000,41930.66000000,41974.82000000,41757.36000000,41814.50000000,39.39482000,1650535199999,1649190.86670370,1340,20.23099000,846872.62369070,0
1650535200000,41807.61000000,42481.48000000,41791.32000000,42264.14000000,101.56195000,1650538799999,4287612.13602340,3208,53.67783000,2264934.86564530,0
1650538800000,42268.68000000,42723.70000000,42252.52000000,42446.32000000,96.20858000,1650542399999,4085584.20881790,3108,47.39597000,2012940.54789950,0
1650542400000,42457.06000000,42831.98000000,42364.03000000,42680.57000000,89.04823000,1650545999999,3792475.72468990,3706,48.40199000,2061507.40564830,0
1650546000000,42680.79000000,42992.13000000,42620.60000000,42690.25000000,100.65890000,1650549599999,4306925.76526250,4015,52.42793000,2243019.99424330,0
1650549600000,42702.83000000,42714.48000000,42420.82000000,42517.03000000,95.28398000,1650553199999,4055514.78467470,2474,63.71349000,2711448.63046040,0
1650553200000,42507.26000000,42578.47000000,42119.49000000,42144.89000000,83.45196000,1650556799999,3532535.02482030,2891,41.63125000,1762084.84124800,0
1650556800000,42149.10000000,42185.95000000,41826.75000000,41827.19000000,102.88971000,1650560399999,4322330.16244660,3897,60.40813000,2537212.92322080,0
1650560400000,41825.19000000,41933.60000000,41501.00000000,41554.39000000,117.79904000,1650563999999,4915406.78248130,3572,62.68974000,2616209.77191190,0
1650564000000,41543.75000000,41673.33000000,41401.69000000,41460.87000000,86.87588000,1650567599999,3607293.14028670,3319,42.96035000,1783909.40639980,0
1650567600000,41467.62000000,41552.54000000,41228.73000000,41228.73000000,104.70198000,1650571199999,4335209.91227090,4434,61.62860000,2552067.12539190,0
1650571200000,41230.81000000,41317.84000000,40536.11000000,40602.88000000,114.26402000,1650574799999,4682308.65230260,4143,57.51083000,2356986.73563180,0
1650574800000,40606.59000000,40852.14000000,40560.86000000,40738.04000000,38.74840000,1650578399999,1578656.02106470,1465,18.40846000,750097.41863120,0
1650578400000,40728.37000000,40808.56000000,39723.58000000,40449.55000000,183.92976000,1650581999999,7406499.32487630,4637,94.74464000,3811846.33548410,0
1650582000000,40413.17000000,40566.30000000,40328.55000000,40478.67000000,61.13265000,1650585599999,2472074.05652610,1954,32.02507000,1294825.65928400,0
1650585600000,40483.15000000,40658.59000000,40156.58000000,40425.99000000,118.76530000,1650589199999,4802973.81237560,3103,54.96939000,2223920.11701140,0
1650589200000,40436.44000000,40565.59000000,40321.33000000,40507.86000000,52.45460000,1650592799999,2121442.38733650,1907,25.57052000,1034238.02927460,0
1650592800000,40504.27000000,40636.91000000,40433.25000000,40493.48000000,50.96940000,1650596399999,2066878.01788060,1833,27.94329000,1133170.52784250,0
1650596400000,40493.48000000,40619.35000000,40451.30000000,40503.84000000,49.00953000,1650599999999,1986488.11372460,1675,22.49546000,911791.60319670,0
1650600000000,40504.11000000,40639.18000000,40438.96000000,40635.37000000,54.58898000,1650603599999,2214711.56634630,1807,24.10463000,978072.56481350,0
1650603600000,40645.12000000,40733.95000000,40597.64000000,40680.30000000,68.74666000,1650607199999,2796460.44909730,2451,32.71521000,1330769.70765600,0
1650607200000,40676.15000000,40799.17000000,40630.85000000,40689.56000000,70.95520000,1650610799999,2888748.78512010,3048,35.84137000,1459299.74987780,0
1650610800000,40695.49000000,40796.55000000,40303.45000000,40712.66000000,110.13077000,1650614399999,4471416.05137740,3853,58.38095000,2370290.02973550,0
1650614400000,40715.77000000,40790.42000000,40363.79000000,40407.24000000,107.23259000,1650617999999,4346301.83596960,2759,51.11279000,2070970.46201370,0
1650618000000,40411.53000000,40481.73000000,40209.60000000,40309.00000000,88.94542000,1650621599999,3590754.97912300,2635,46.17313000,1864189.70366630,0
1650621600000,40303.82000000,40503.06000000,40134.62000000,40468.99000000,93.88926000,1650625199999,3786986.35668080,2611,40.51523000,1635488.89200720,0
1650625200000,40468.47000000,40599.90000000,40431.17000000,40591.73000000,55.04035000,1650628799999,2230789.37119790,1860,30.82055000,1249199.32574470,0
1650628800000,40591.92000000,40625.49000000,40369.66000000,40411.05000000,70.09098000,1650632399999,2839285.90453720,2422,36.41124000,1474914.22645520,0
1650632400000,40413.35000000,40639.33000000,40063.75000000,40241.72000000,119.50020000,1650635999999,4819105.60387570,3682,68.08130000,2745474.70817770,0
1650636000000,40240.27000000,40448.63000000,39804.45000000,39874.82000000,146.87176000,1650639599999,5879032.54887960,3885,72.77862000,2914039.83115710,0
1650639600000,39872.78000000,40012.79000000,39335.18000000,39439.99000000,153.66368000,1650643199999,6093943.64432740,5051,70.72879000,2804555.23422590,0
1650643200000,39439.08000000,39531.99000000,39191.00000000,39388.24000000,137.70068000,1650646799999,5422914.15917950,3836,53.18320000,2094636.37241530,0
1650646800000,39393.02000000,39531.99000000,39303.83000000,39349.21000000,75.01786000,1650650399999,2958460.91615080,2371,33.36684000,1315743.05380830,0
1650650400000,39340.75000000,39648.66000000,39220.67000000,39515.80000000,61.12125000,1650653999999,2409874.58518790,2150,32.20029000,1269620.93392530,0
1650654000000,39515.80000000,39785.96000000,39421.87000000,39504.43000000,81.76774000,1650657599999,3239090.07089940,2306,48.54098000,1922993.88470660,0
1650657600000,39500.77000000,39621.52000000,39401.70000000,39619.84000000,60.27299000,1650661199999,2380807.57017960,1537,37.51208000,1481712.42356890,0
1650661200000,39627.08000000,39694.12000000,39550.13000000,39618.26000000,17.17546000,1650664799999,680349.29966010,780,8.43327000,334076.82107380,0
1650664800000,39616.37000000,39747.46000000,39435.45000000,39709.08000000,30.89105000,1650668399999,1225413.51502450,1556,17.27212000,685195.01343200,0
1650668400000,39713.44000000,39818.18000000,39665.20000000,39709.54000000,32.48133000,1650671999999,1290349.81739660,1849,15.81954000,628478.26914040,0
1650672000000,39709.54000000,39866.04000000,39560.42000000,39569.28000000,34.49516000,1650675599999,1369817.45066600,1965,18.40276000,730836.88447580,0
1650675600000,39570.75000000,39701.12000000,39567.92000000,39605.77000000,26.33395000,1650679199999,1043262.61437740,1409,14.69240000,582080.79412300,0
1650679200000,39611.95000000,39612.20000000,39437.59000000,39496.07000000,20.72916000,1650682799999,819097.52202910,1347,9.41922000,372245.29963670,0
1650682800000,39498.95000000,39549.66000000,39416.23000000,39466.46000000,19.47293000,1650686399999,768659.44831560,1196,10.01884000,395500.81043390,0
1650686400000,39466.05000000,39570.08000000,39284.11000000,39534.78000000,34.45904000,1650689999999,1359382.03318310,1799,15.97512000,630053.98512890,0
1650690000000,39536.74000000,39627.08000000,39513.36000000,39576.30000000,20.74519000,1650693599999,820884.62543750,1124,9.59107000,379546.07357840,0
1650693600000,39578.89000000,39679.35000000,39552.31000000,39593.60000000,66.58764000,1650697199999,2636584.65680630,1961,47.69619000,1888220.86300650,0
1650697200000,39595.29000000,39656.61000000,39553.27000000,39605.71000000,24.62518000,1650700799999,975277.03228260,1259,13.45740000,533011.84511680,0
1650700800000,39605.64000000,39685.65000000,39541.99000000,39641.73000000,28.65092000,1650704399999,1134745.13777860,1355,13.67167000,541441.43779320,0
1650704400000,39646.63000000,39660.00000000,39508.85000000,39527.25000000,17.99398000,1650707999999,712077.26791930,1169,7.91377000,313151.20842420,0
1650708000000,39528.51000000,39665.83000000,39528.51000000,39607.39000000,39.73872000,1650711599999,1573563.78161810,1482,23.81083000,942927.56512670,0
1650711600000,39608.75000000,39685.72000000,39593.28000000,39611.24000000,26.03037000,1650715199999,1031857.09917210,1275,13.29705000,527146.77317450,0
1650715200000,39612.85000000,39780.28000000,39528.71000000,39703.23000000,48.81830000,1650718799999,1935994.97720010,1840,16.57337000,657331.29031480,0
1650718800000,39703.87000000,39796.99000000,39634.96000000,39709.26000000,53.41395000,1650722399999,2121680.66081010,1608,23.80333000,945584.92390590,0
1650722400000,39709.26000000,39766.49000000,39644.96000000,39722.86000000,27.69736000,1650725999999,1099536.11109030,1136,12.63289000,501415.97447270,0
1650726000000,39722.86000000,39827.81000000,39673.44000000,39795.89000000,30.83115000,1650729599999,1225614.77010740,1402,12.36553000,491588.24633860,0
1650729600000,39797.29000000,39997.89000000,39725.44000000,39838.33000000,49.45820000,1650733199999,1972372.58690670,1934,23.88972000,952832.74435700,0
1650733200000,39838.32000000,39841.76000000,39709.35000000,39820.41000000,35.10641000,1650736799999,1396201.40103780,1510,15.34722000,610315.13256070,0
1650736800000,39822.66000000,39847.27000000,39665.50000000,39689.11000000,26.52003000,1650740399999,1054516.77697090,1182,11.05339000,439462.67501570,0
1650740400000,39685.11000000,39783.07000000,39672.04000000,39762.57000000,23.53976000,1650743999999,934958.44103790,1124,11.98955000,476199.18920400,0
1650744000000,39768.01000000,39828.11000000,39755.06000000,39802.19000000,17.18713000,1650747599999,683853.53761890,945,8.12429000,323277.24194270,0
1650747600000,39802.42000000,39950.81000000,39788.85000000,39911.46000000,12.67133000,1650751199999,504805.39151410,721,5.78653000,230459.10175870,0
1650751200000,39903.79000000,39942.05000000,39795.64000000,39821.79000000,19.21936000,1650754799999,766519.22893410,1106,9.64378000,384670.53200670,0
1650754800000,39821.43000000,39829.42000000,39341.80000000,39446.43000000,65.54889000,1650758399999,2592418.85866210,2290,24.61510000,974063.56111400,0
1650758400000,39452.51000000,39660.22000000,39423.99000000,39579.13000000,68.60521000,1650761999999,2715890.75608410,2096,24.11341000,954492.28033790,0
1650762000000,39564.27000000,39645.69000000,39480.42000000,39488.06000000,29.75324000,1650765599999,1177595.94144340,1330,14.64768000,579815.01904410,0
1650765600000,39479.94000000,39606.70000000,39420.71000000,39549.34000000,21.61172000,1650769199999,854632.08750500,1157,11.68106000,461967.06768500,0
1650769200000,39545.41000000,39834.39000000,39520.18000000,39781.83000000,40.11457000,1650772799999,1593980.63265250,1942,19.61280000,779155.33287250,0
1650772800000,39781.84000000,39820.02000000,39665.96000000,39709.49000000,24.20920000,1650776399999,962541.83046740,1326,11.10523000,441475.26791690,0
1650776400000,39708.89000000,39730.13000000,39630.31000000,39672.22000000,13.18774000,1650779999999,523264.29296200,731,6.86598000,272434.97563500,0
1650780000000,39672.24000000,39797.07000000,39653.13000000,39752.57000000,136.07313000,1650783599999,5400906.11630760,2020,115.40708000,4580003.49868230,0
1650783600000,39756.52000000,39812.78000000,39500.01000000,39754.63000000,34.50713000,1650787199999,1370839.20209260,898,12.18305000,484527.25980080,0
1650787200000,39759.34000000,39805.79000000,39721.90000000,39731.85000000,15.38665000,1650790799999,611787.97156610,625,6.44397000,256233.04303800,0
1650790800000,39721.76000000,39784.39000000,39671.97000000,39758.82000000,20.53889000,1650794399999,816378.92336430,930,8.57067000,340577.98263220,0
1650794400000,39758.82000000,39794.69000000,39647.58000000,39710.07000000,30.61766000,1650797999999,1215706.27134520,1162,12.14555000,482202.74254430,0
1650798000000,39694.65000000,39726.27000000,39559.72000000,39618.78000000,42.23018000,1650801599999,1673870.73126330,1724,25.56788000,1013408.51258510,0
1650801600000,39613.89000000,39670.39000000,39537.11000000,39583.47000000,39.34442000,1650805199999,1558464.74357390,1791,24.15942000,957129.22754650,0
1650805200000,39591.88000000,39652.81000000,39359.06000000,39593.06000000,66.99512000,1650808799999,2647087.38438290,3266,36.01264000,1422976.18506100,0
1650808800000,39593.85000000,39947.51000000,39379.97000000,39746.16000000,59.44139000,1650812399999,2354852.91070100,2849,31.03327000,1229003.08817390,0
1650812400000,39769.96000000,39844.61000000,39636.27000000,39661.84000000,42.39188000,1650815999999,1683118.97773130,1864,20.06916000,797044.28708130,0
1650816000000,39668.24000000,39801.04000000,38963.00000000,39530.21000000,122.04678000,1650819599999,4811403.73684350,4333,57.55874000,2270502.51816650,0
1650819600000,39501.45000000,39530.28000000,39151.81000000,39431.00000000,63.04820000,1650823199999,2480455.94709170,2684,33.17860000,1305117.98253070,0
1650823200000,39429.59000000,39726.57000000,39241.63000000,39668.75000000,61.55680000,1650826799999,2435186.50270700,2100,29.11800000,1153033.15466950,0
1650826800000,39671.67000000,39808.30000000,39648.25000000,39709.26000000,40.46388000,1650830399999,1607380.98599960,1527,21.53798000,855443.28498630,0
1650830400000,39723.10000000,39737.59000000,39485.53000000,39514.57000000,30.39522000,1650833999999,1203002.94795620,1332,13.83518000,547321.73393440,0
1650834000000,39514.57000000,39656.93000000,39472.11000000,39642.00000000,15.90990000,1650837599999,628978.56208120,935,8.49588000,335851.16166100,0
1650837600000,39642.94000000,39776.87000000,39539.34000000,39559.43000000,18.02238000,1650841199999,714778.95030930,1200,8.44399000,335009.99271540,0
1650841200000,39567.45000000,39590.08000000,39431.43000000,39466.74000000,16.95334000,1650844799999,669958.58597600,1054,7.58903000,299924.05338290,0
1650844800000,39457.86000000,39514.87000000,38669.00000000,38884.58000000,102.44919000,1650848399999,3999708.24503820,4217,43.69991000,1706317.12066720,0
1650848400000,38869.94000000,39153.12000000,38769.91000000,39099.24000000,45.25632000,1650851999999,1763264.99209870,2120,23.70574000,923619.19075460,0
1650852000000,39103.32000000,39156.66000000,38972.67000000,39102.66000000,46.19445000,1650855599999,1804943.97299940,1656,28.86532000,1127944.51917760,0
1650855600000,39093.80000000,39320.38000000,39091.64000000,39257.77000000,48.22227000,1650859199999,1891360.95693430,1689,27.81506000,1090926.25778420,0
1650859200000,39259.00000000,39260.89000000,38921.83000000,39147.44000000,50.84511000,1650862799999,1990019.77530700,1395,19.71818000,771925.59803640,0
1650862800000,39150.14000000,39236.02000000,38957.74000000,38991.90000000,33.47621000,1650866399999,1308629.14940740,1467,15.08592000,589733.91930880,0
1650866400000,38982.82000000,39060.26000000,38594.54000000,38615.26000000,89.76645000,1650869999999,3488975.40918360,3121,41.56359000,1614420.39917900,0
1650870000000,38638.06000000,38681.74000000,38152.06000000,38464.30000000,170.09976000,1650873599999,6537775.56862420,4960,79.04411000,3038580.43427570,0
1650873600000,38460.08000000,38586.05000000,38398.65000000,38424.31000000,67.20518000,1650877199999,2587647.46246100,2220,33.31663000,1282834.16625540,0
1650877200000,38424.61000000,38637.25000000,38213.43000000,38601.28000000,61.36039000,1650880799999,2358618.57350830,2462,31.69960000,1218627.21887010,0
1650880800000,38591.56000000,38656.94000000,38402.19000000,38435.65000000,47.17580000,1650884399999,1816389.77889280,1717,21.55268000,829846.27051040,0
1650884400000,38429.67000000,38949.73000000,38347.99000000,38838.59000000,77.35967000,1650887999999,2991840.48918490,2893,47.70733000,1844926.14205540,0
1650888000000,38841.51000000,39012.80000000,38750.30000000,38813.54000000,65.42271000,1650891599999,2543116.64190860,2585,30.45707000,1183743.55979270,0
1650891600000,38813.54000000,39307.69000000,38638.63000000,38741.73000000,115.95015000,1650895199999,4512061.09234510,4222,53.71880000,2090434.63564430,0
1650895200000,38747.41000000,39411.51000000,38635.36000000,39067.86000000,126.41933000,1650898799999,4936395.29511270,4316,64.77294000,2528157.46485520,0
1650898800000,39094.29000000,39380.31000000,38929.26000000,38958.01000000,82.24496000,1650902399999,3219006.46360870,3245,38.91026000,1522840.71759220,0
1650902400000,38979.94000000,39690.14000000,38786.35000000,39474.62000000,117.43126000,1650905999999,4622388.81821400,3958,62.81558000,2472387.40547700,0
1650906000000,39488.99000000,39586.62000000,39364.60000000,39402.28000000,79.62291000,1650909599999,3141981.54199510,2651,39.64085000,1563989.05937290,0
1650909600000,39413.72000000,40388.33000000,39325.90000000,39894.47000000,121.87534000,1650913199999,4856853.71813580,3956,57.71035000,2297271.06526450,0
1650913200000,39889.70000000,40488.57000000,39777.86000000,40237.17000000,118.33680000,1650916799999,4752463.28026770,4077,61.19102000,2457049.53657760,0
1650916800000,40230.98000000,40332.85000000,40050.74000000,40184.66000000,64.14426000,1650920399999,2578222.53582560,2269,31.42253000,1263275.15710900,0
1650920400000,40184.65000000,40254.40000000,40067.65000000,40232.73000000,47.63541000,1650923999999,1912415.63801250,1063,31.63418000,1269915.09562330,0
1650924000000,40227.04000000,40617.13000000,40147.07000000,40343.81000000,55.42966000,1650927599999,2235869.74231350,1828,29.96702000,1208661.30360470,0
1650927600000,40370.32000000,40586.37000000,40249.88000000,40432.88000000,40.91401000,1650931199999,1654524.69628160,1829,22.21507000,898310.68797120,0
1650931200000,40432.87000000,40807.20000000,40391.21000000,40556.88000000,70.22992000,1650934799999,2848522.70733410,2609,37.60310000,1524975.68744860,0
1650934800000,40558.78000000,40637.01000000,40457.21000000,40482.10000000,53.12425000,1650938399999,2153460.00330400,1762,23.61141000,957027.11776390,0
1650938400000,40480.52000000,40604.32000000,40390.63000000,40528.88000000,66.24404000,1650941999999,2682867.62575420,1931,36.35843000,1472596.60724010,0
1650942000000,40527.31000000,40661.52000000,40494.92000000,40549.33000000,56.72928000,1650945599999,2301026.13489870,1946,32.32411000,1311186.06125320,0
1650945600000,40549.33000000,40624.70000000,40496.60000000,40564.49000000,33.13772000,1650949199999,1344380.45835560,1403,16.56248000,671890.30796470,0
1650949200000,40568.07000000,40692.28000000,40533.49000000,40589.85000000,29.94295000,1650952799999,1215779.29836800,1233,14.28107000,579910.42953100,0
1650952800000,40589.84000000,40619.46000000,40450.49000000,40525.28000000,57.80033000,1650956399999,2342621.53689500,2216,25.48970000,1033177.93506030,0
1650956400000,40530.67000000,40661.52000000,40383.04000000,40588.22000000,55.27048000,1650959999999,2242396.64476040,2742,28.95905000,1174967.24366430,0
1650960000000,40586.20000000,40794.95000000,40449.79000000,40510.34000000,64.48519000,1650963599999,2619064.66862160,2499,32.40317000,1316059.68905720,0
1650963600000,40515.22000000,40537.15000000,40340.78000000,40386.03000000,84.02245000,1650967199999,3398336.60308160,2445,49.35502000,1996236.41412720,0
1650967200000,40382.97000000,40467.50000000,40336.69000000,40381.48000000,52.34598000,1650970799999,2114488.08491250,1708,34.60142000,1397683.27505910,0
1650970800000,40374.83000000,40573.17000000,40200.00000000,40468.67000000,53.73015000,1650974399999,2173380.82654310,2320,27.81766000,1125272.69188370,0
1650974400000,40477.98000000,40628.86000000,40204.66000000,40292.35000000,79.50216000,1650977999999,3213931.48893390,2878,45.66265000,1846400.65149930,0
1650978000000,40289.52000000,40349.49000000,39800.00000000,39813.56000000,128.70366000,1650981599999,5161591.93094880,4401,70.65202000,2832895.91790030,0
1650981600000,39801.83000000,39875.03000000,39236.57000000,39276.20000000,159.85724000,1650985199999,6327977.18908270,4491,81.89945000,3242459.50500640,0
1650985200000,39274.74000000,39357.15000000,38552.67000000,38567.87000000,139.93048000,1650988799999,5459045.41806160,4592,65.78754000,2567327.44426030,0
1650988800000,38567.87000000,38876.17000000,38361.02000000,38664.93000000,158.48604000,1650992399999,6121561.00572940,4669,84.60347000,3267461.50002060,0
1650992400000,38676.09000000,38676.09000000,38000.00000000,38400.60000000,123.79312000,1650995999999,4738569.09195960,4422,55.82815000,2137496.59978370,0
1650996000000,38389.34000000,38482.11000000,38219.16000000,38411.56000000,57.47885000,1650999599999,2204743.97254290,2232,28.68410000,1100325.21644530,0
1650999600000,38411.53000000,38570.82000000,37845.02000000,38293.72000000,137.74310000,1651003199999,5263512.49023700,5019,65.33700000,2498579.99407050,0
1651003200000,38282.79000000,38417.80000000,37721.67000000,38132.23000000,151.15581000,1651006799999,5747073.36677310,4390,76.52330000,2909908.82849500,0
1651006800000,38130.29000000,38444.96000000,38026.20000000,38332.15000000,40.29909000,1651010399999,1542650.92796210,1699,17.23311000,659329.59762940,0
1651010400000,38332.15000000,38453.15000000,38164.05000000,38216.18000000,46.18844000,1651013999999,1770379.33628920,1840,17.34710000,664997.62490690,0
1651014000000,38223.65000000,38266.87000000,37704.15000000,38129.25000000,85.32409000,1651017599999,3242319.32974000,2858,36.80569000,1398037.06642710,0
1651017600000,38110.28000000,38256.44000000,37852.00000000,38178.72000000,119.12299000,1651021199999,4540140.31878780,3254,43.44358000,1656366.75549860,0
1651021200000,38164.43000000,38336.40000000,38153.92000000,38307.26000000,58.71403000,1651024799999,2245342.63574340,2314,24.78742000,948028.13540180,0
1651024800000,38308.15000000,38431.98000000,38266.35000000,38424.11000000,45.86448000,1651028399999,1759111.20342200,1952,21.53077000,825845.84580010,0
1651028400000,38419.05000000,38474.48000000,38325.07000000,38345.45000000,50.64060000,1651031999999,1945081.95099130,1747,18.64511000,716196.57989830,0
1651032000000,38344.98000000,38455.45000000,38295.31000000,38405.86000000,57.11749000,1651035599999,2193246.70294580,1631,22.80867000,875800.92416480,0
1651035600000,38411.10000000,38554.86000000,38180.45000000,38409.30000000,54.73121000,1651039199999,2103629.26274780,1704,22.30720000,857760.95138720,0
1651039200000,38412.64000000,38700.36000000,38382.52000000,38647.76000000,63.94738000,1651042799999,2464707.53930320,2128,30.55019000,1177344.73408500,0
1651042800000,38647.12000000,39100.00000000,38606.98000000,39078.00000000,83.78521000,1651046399999,3246536.97093990,2850,42.08189000,1631447.46930490,0
1651046400000,39084.69000000,39216.79000000,38706.61000000,38991.42000000,97.66778000,1651049999999,3808510.15006960,3091,42.18220000,1645002.49584830,0
1651050000000,38981.25000000,39108.57000000,38822.76000000,39047.27000000,59.61724000,1651053599999,2324319.40061920,2241,27.40656000,1068460.96106550,0
1651053600000,39054.48000000,39150.00000000,38963.84000000,39105.94000000,40.87027000,1651057199999,1596112.58075090,1601,18.82983000,735367.76956370,0
1651057200000,39106.44000000,39117.12000000,38613.64000000,39018.17000000,65.37673000,1651060799999,2542655.01627750,2548,32.21067000,1252637.55943590,0
1651060800000,39018.17000000,39132.84000000,38867.61000000,38880.91000000,88.24194000,1651064399999,3441043.40243490,2743,44.32829000,1728842.23221370,0
1651064400000,38889.85000000,39467.11000000,38774.20000000,39339.57000000,130.25206000,1651067999999,5104758.07525710,4432,69.21788000,2712182.30814120,0
1651068000000,39347.38000000,39414.98000000,38412.19000000,38672.19000000,148.97909000,1651071599999,5770826.63542160,6463,78.96561000,3055900.21192570,0
1651071600000,38672.19000000,39145.43000000,38641.30000000,38999.59000000,121.99933000,1651075199999,4741021.51620020,4927,61.27510000,2381651.37150770,0
1651075200000,39007.31000000,39317.22000000,38923.71000000,39196.25000000,101.82153000,1651078799999,3991762.87312930,3474,62.97732000,2468980.83761220,0
1651078800000,39200.46000000,39252.88000000,38957.27000000,39111.05000000,85.48721000,1651082399999,3340987.86032710,3441,46.04387000,1799016.51033190,0
1651082400000,39108.35000000,39188.82000000,38755.68000000,38794.12000000,54.34528000,1651085999999,2119793.05275910,2560,25.51680000,995351.78579310,0
1651086000000,38790.03000000,38907.74000000,38674.37000000,38864.87000000,66.81442000,1651089599999,2590542.54782690,2694,34.74559000,1347407.11424810,0
1651089600000,38864.84000000,39269.27000000,38832.94000000,39114.32000000,93.46922000,1651093199999,3652552.74871610,3344,52.61419000,2055849.45714560,0
1651093200000,39097.28000000,39394.89000000,39085.35000000,39223.47000000,29.49727000,1651096799999,1156530.78699680,1298,17.11128000,671072.20244630,0
1651096800000,39236.51000000,39296.32000000,39000.00000000,39070.85000000,39.09974000,1651100399999,1531444.67369780,1543,16.67877000,653237.50600030,0
1651100400000,39067.04000000,39290.43000000,39057.00000000,39236.70000000,36.78286000,1651103999999,1441706.08153270,1417,14.96792000,586603.27688260,0
1651104000000,39236.70000000,39455.18000000,39153.73000000,39387.98000000,43.54515000,1651107599999,1710842.01683240,1787,20.00504000,785851.09072410,0
1651107600000,39389.85000000,39686.84000000,39190.62000000,39241.19000000,56.51519000,1651111199999,2231809.93690950,2516,24.55472000,969753.72344770,0
1651111200000,39232.11000000,39475.17000000,39165.67000000,39432.25000000,41.04650000,1651114799999,1616020.82838950,1673,21.55787000,848740.23835740,0
1651114800000,39431.10000000,39529.99000000,39330.48000000,39349.78000000,42.41131000,1651118399999,1673008.94572190,1547,18.45708000,728003.58986190,0
1651118400000,39348.05000000,39404.73000000,39242.27000000,39393.77000000,46.22054000,1651121999999,1817945.54960490,1650,13.29036000,522808.62613810,0
1651122000000,39401.10000000,39440.12000000,39228.71000000,39323.25000000,31.99028000,1651125599999,1257778.59297220,1186,10.23533000,402544.81808240,0
1651125600000,39316.95000000,39438.76000000,39282.63000000,39424.43000000,31.22475000,1651129199999,1229136.25755200,1287,16.53664000,650704.52161940,0
1651129200000,39425.15000000,39658.22000000,39384.66000000,39389.92000000,73.43366000,1651132799999,2899952.64160590,2262,38.70969000,1528789.83894070,0
1651132800000,39388.47000000,39778.27000000,39354.21000000,39639.71000000,117.63645000,1651136399999,4656905.43961280,3754,48.00528000,1900631.03107720,0
1651136400000,39647.36000000,39886.70000000,39641.89000000,39781.28000000,83.54582000,1651139999999,3322247.15445640,2881,37.60015000,1495148.09932140,0
1651140000000,39781.28000000,39834.32000000,39608.55000000,39716.78000000,99.68211000,1651143599999,3958503.62244570,2822,23.74878000,943152.33909350,0
1651143600000,39712.66000000,39765.47000000,39614.82000000,39682.52000000,36.68185000,1651147199999,1455575.55360870,1381,20.11732000,798210.69096180,0
1651147200000,39683.64000000,39841.87000000,39522.92000000,39562.66000000,63.39371000,1651150799999,2516930.77785060,2355,31.98733000,1269965.27191060,0
1651150800000,39561.05000000,39566.16000000,39055.08000000,39095.82000000,124.42474000,1651154399999,4894372.94093320,4213,57.92932000,2278351.66256730,0
1651154400000,39094.63000000,39390.46000000,38886.15000000,39295.39000000,107.92030000,1651157999999,4214570.33728140,4513,54.66326000,2133934.40725040,0
1651158000000,39293.69000000,40300.00000000,39090.90000000,39485.37000000,163.65200000,1651161599999,6505406.13224070,6093,92.35205000,3672166.29331360,0
1651161600000,39454.19000000,40143.70000000,39317.66000000,39903.79000000,113.06985000,1651165199999,4493966.08444890,5022,58.20666000,2313637.12896770,0
1651165200000,39903.78000000,40297.22000000,39864.56000000,40277.41000000,98.11922000,1651168799999,3929055.00147410,4128,52.93694000,2119191.50996800,0
1651168800000,40288.60000000,40387.80000000,40064.09000000,40097.31000000,102.32861000,1651172399999,4115889.23985800,3930,53.19495000,2140271.63303560,0
1651172400000,40089.20000000,40241.06000000,39925.02000000,39960.92000000,65.59749000,1651175999999,2628291.58597070,2886,27.96426000,1120272.76341130,0
1651176000000,39987.34000000,40250.23000000,39738.41000000,39880.93000000,123.61381000,1651179599999,4934175.15297310,3366,88.71989000,3541303.69473710,0
1651179600000,39874.63000000,39988.82000000,39766.57000000,39838.58000000,18.77240000,1651183199999,748564.02130780,838,6.62829000,264358.68428640,0
1651183200000,39853.02000000,39871.86000000,39610.40000000,39794.30000000,36.85951000,1651186799999,1465166.24930690,1256,20.06559000,797366.96286800,0
1651186800000,39794.30000000,39847.27000000,39667.66000000,39746.34000000,37.94430000,1651190399999,1508300.94065750,1381,25.00829000,994030.37822370,0
1651190400000,39746.33000000,39870.38000000,39673.74000000,39841.96000000,48.90188000,1651193999999,1945251.02705770,2219,26.85345000,1068240.52964020,0
1651194000000,39836.06000000,39919.73000000,39768.95000000,39815.16000000,47.80742000,1651197599999,1905321.78452930,2195,25.67733000,1023304.87993990,0
1651197600000,39814.94000000,39829.13000000,39443.08000000,39516.91000000,59.46201000,1651201199999,2359845.17403420,2446,28.48092000,1130203.80617150,0
1651201200000,39517.09000000,39553.25000000,39283.20000000,39523.52000000,55.11398000,1651204799999,2173648.98262070,2178,24.94901000,983962.23369020,0
1651204800000,39529.22000000,39587.83000000,39368.92000000,39537.19000000,46.38784000,1651208399999,1831301.76981540,1787,25.74785000,1016439.12449290,0
1651208400000,39535.46000000,39637.67000000,39479.92000000,39499.17000000,42.80233000,1651211999999,1693438.94974330,1733,24.59536000,973112.79352990,0
1651212000000,39499.25000000,39570.17000000,39375.56000000,39457.20000000,28.25575000,1651215599999,1115906.20737460,1403,14.53180000,573840.22948100,0
1651215600000,39455.24000000,39617.22000000,39409.94000000,39607.16000000,43.79726000,1651219199999,1731352.83265470,1564,17.64202000,697411.06964930,0
1651219200000,39605.14000000,39632.89000000,39395.13000000,39410.01000000,48.61378000,1651222799999,1920706.01276880,1836,18.29328000,722590.02633120,0
1651222800000,39391.36000000,39391.36000000,39044.82000000,39142.29000000,67.44490000,1651226399999,2644554.49381040,2583,29.32280000,1149665.94223530,0
1651226400000,39143.69000000,39242.39000000,38670.71000000,38808.82000000,75.05418000,1651229999999,2928280.22127610,3096,39.49021000,1541038.55794800,0
1651230000000,38804.62000000,38940.71000000,38608.82000000,38748.07000000,76.57989000,1651233599999,2969966.36965560,2498,40.85709000,1584959.52728060,0
1651233600000,38744.94000000,39133.45000000,38637.79000000,38922.86000000,82.34871000,1651237199999,3204849.85415260,2914,45.83931000,1783883.52550230,0
1651237200000,38902.60000000,39406.30000000,38771.92000000,39268.52000000,82.06099000,1651240799999,3207997.20741520,3158,42.45201000,1659926.72401250,0
1651240800000,39268.86000000,39320.34000000,38799.47000000,38957.99000000,191.35293000,1651244399999,7467377.14366510,4348,105.64430000,4122540.60679630,0
1651244400000,38956.96000000,39157.10000000,38848.97000000,39007.60000000,77.16092000,1651247999999,3010151.99745050,2308,42.93417000,1675157.38444500,0
1651248000000,39007.20000000,39070.44000000,38439.94000000,38507.60000000,110.12367000,1651251599999,4267668.66747580,3059,64.07052000,2482053.16858020,0
1651251600000,38507.60000000,38729.48000000,38464.40000000,38640.39000000,58.41402000,1651255199999,2255479.29443780,2005,28.23799000,1090523.06277780,0
1651255200000,38640.45000000,38667.73000000,38303.18000000,38527.40000000,62.61213000,1651258799999,2412518.07201630,2357,28.65765000,1104294.45994800,0
1651258800000,38531.87000000,38603.85000000,38176.48000000,38341.63000000,98.56108000,1651262399999,3783033.14996050,3049,52.71406000,2023244.19013630,0
1651262400000,38333.39000000,38579.19000000,38301.22000000,38551.20000000,60.78964000,1651265999999,2338236.44921490,1940,28.42896000,1093221.61940690,0
1651266000000,38558.83000000,38641.23000000,38451.27000000,38555.17000000,20.42698000,1651269599999,787916.74377660,878,7.88473000,304112.06132050,0
1651269600000,38549.43000000,38623.73000000,38431.72000000,38610.07000000,21.07716000,1651273199999,812464.06422500,640,4.58813000,176833.55031110,0
1651273200000,38599.38000000,38661.72000000,38558.53000000,38594.83000000,25.23090000,1651276799999,973994.31123860,1034,11.55270000,446077.30517670,0
1651276800000,38592.42000000,38779.88000000,38550.60000000,38636.42000000,29.40512000,1651280399999,1136039.95772930,1183,12.58907000,486456.68660880,0
1651280400000,38636.42000000,38757.28000000,38627.36000000,38699.20000000,36.35629000,1651283999999,1406327.82523840,1316,12.41210000,480180.10327350,0
1651284000000,38700.04000000,38767.89000000,38654.65000000,38692.25000000,19.35078000,1651287599999,749050.22024950,932,9.47645000,366798.53873890,0
1651287600000,38703.61000000,38703.61000000,38583.38000000,38648.31000000,67.36646000,1651291199999,2602327.76249920,1770,26.11587000,1008680.95616880,0
1651291200000,38652.48000000,38687.59000000,38490.98000000,38550.92000000,75.44639000,1651294799999,2911105.52041990,1717,33.10623000,1277898.17548240,0
1651294800000,38554.09000000,38770.78000000,38527.20000000,38703.07000000,26.09679000,1651298399999,1008097.58032960,1248,11.58736000,447589.68324530,0
1651298400000,38703.16000000,38731.45000000,38643.87000000,38698.73000000,43.22553000,1651301999999,1672143.97718190,1498,24.63644000,952864.26856320,0
1651302000000,38700.22000000,38751.84000000,38632.28000000,38650.10000000,49.66548000,1651305599999,1921058.05006060,1307,26.87606000,1039400.64782070,0
1651305600000,38653.85000000,38689.53000000,38539.84000000,38586.12000000,55.87125000,1651309199999,2157508.96458820,1966,21.57943000,833251.47133780,0
1651309200000,38582.05000000,38641.51000000,38548.96000000,38625.88000000,34.49050000,1651312799999,1331381.42116910,1595,14.11073000,544756.12802980,0
1651312800000,38633.52000000,38660.74000000,38564.74000000,38571.84000000,25.04603000,1651316399999,967088.92407580,1027,10.99464000,424487.97426190,0
1651316400000,38569.64000000,38633.33000000,38564.48000000,38581.42000000,42.19716000,1651319999999,1628770.34214310,1174,21.65707000,835793.40344820,0
1651320000000,38581.44000000,38616.19000000,38534.02000000,38540.18000000,70.30295000,1651323599999,2711665.61881460,1688,35.89310000,1384415.73780650,0
1651323600000,38537.97000000,38641.96000000,38489.69000000,38506.73000000,120.93675000,1651327199999,4661099.71863440,2325,55.59683000,2142329.34218260,0
1651327200000,38505.84000000,38639.50000000,38218.50000000,38257.19000000,179.98891000,1651330799999,6913625.56093890,3365,73.88294000,2837658.57467020,0
1651330800000,38262.19000000,38538.40000000,38150.60000000,38480.48000000,87.78010000,1651334399999,3366348.27132990,2440,36.48319000,1399147.09218110,0
1651334400000,38467.25000000,38615.96000000,38413.28000000,38430.72000000,54.51974000,1651337999999,2101007.26276540,1764,25.79644000,994106.54063680,0
1651338000000,38435.34000000,38450.57000000,38211.35000000,38284.69000000,66.32236000,1651341599999,2540904.34695500,2122,29.29182000,1122469.25554720,0
1651341600000,38279.06000000,38359.15000000,38206.60000000,38343.33000000,40.90092000,1651345199999,1565735.09616420,1560,18.33613000,702032.75067200,0
1651345200000,38346.55000000,38500.00000000,38311.46000000,38468.87000000,24.61872000,1651348799999,944704.45275660,1085,11.08388000,425385.15450590,0
1651348800000,38452.90000000,38461.94000000,38285.53000000,38326.87000000,40.66194000,1651352399999,1561167.41019000,1039,17.86273000,685824.11567570,0
1651352400000,38314.81000000,38370.69000000,38254.23000000,38307.97000000,15.20186000,1651355999999,582402.38490320,543,6.49698000,248910.21390700,0
1651356000000,38296.89000000,38367.59000000,38165.73000000,38251.00000000,17.82631000,1651359599999,682111.24454980,945,10.37872000,397171.46839410,0
1651359600000,38246.25000000,38273.37000000,37550.62000000,37634.83000000,149.60881000,1651363199999,5653486.65349350,4578,59.46435000,2245851.57923700,0
