1640995200000,46216.40000000,46729.27000000,46216.40000000,46653.11000000,74.20598000,1640998799999,3455886.53303520,1323,23.74160000,1104050.23354260,0
1640998800000,46660.14000000,46939.05000000,46573.56000000,46776.51000000,132.29666000,1641002399999,6170391.89077820,2027,14.66678000,685688.27603080,0
1641002400000,46783.73000000,46929.10000000,46734.29000000,46816.42000000,8.24562000,1641005999999,386178.50419730,364,3.93899000,184486.82546740,0
1641006000000,46823.42000000,46902.40000000,46759.53000000,46811.54000000,19.78472000,1641009599999,926823.10235890,575,9.89035000,463310.00891510,0
1641009600000,46806.32000000,46871.12000000,46628.12000000,46717.61000000,23.67957000,1641013199999,1106380.96895470,712,12.45310000,581698.51005860,0
1641013200000,46713.80000000,47548.80000000,46676.24000000,47199.42000000,33.05680000,1641016799999,1560992.61684350,1076,18.49870000,873211.97214960,0
1641016800000,47212.22000000,47321.33000000,46941.68000000,46980.08000000,14.04788000,1641020399999,662179.15561130,579,5.33329000,251323.04283860,0
1641020400000,46984.17000000,47242.98000000,46899.29000000,47242.98000000,12.71757000,1641023999999,598301.03259390,495,7.52938000,354365.69054400,0
1641024000000,47205.48000000,47337.67000000,47084.02000000,47113.95000000,12.82766000,1641027599999,605626.99097910,702,5.23879000,247265.17128690,0
1641027600000,47121.98000000,47206.18000000,46934.24000000,47134.43000000,15.25205000,1641031199999,718456.63944010,640,9.02153000,425029.84025700,0
1641031200000,47150.00000000,47293.36000000,46724.26000000,46872.16000000,30.43336000,1641034799999,1429675.69019640,833,18.82573000,884575.10078190,0
1641034800000,46880.75000000,47011.15000000,46766.54000000,46766.54000000,18.72284000,1641038399999,878083.95755140,746,7.01639000,328998.60279660,0
1641038400000,46777.85000000,47141.79000000,46767.55000000,47083.51000000,30.91131000,1641041999999,1452738.36181360,872,23.01136000,1081184.54328500,0
1641042000000,47100.71000000,47191.91000000,46941.15000000,47036.66000000,9.91827000,1641045599999,466787.00011050,379,4.21150000,198202.77195010,0
1641045600000,47033.99000000,47104.68000000,46858.03000000,46926.30000000,10.24086000,1641049199999,480852.61636130,474,3.60532000,169304.97916610,0
1641049200000,46920.07000000,47480.29000000,46895.24000000,47228.54000000,24.09320000,1641052799999,1137829.53461770,766,12.08619000,570858.89035220,0
1641052800000,47245.32000000,47516.83000000,47199.91000000,47280.00000000,27.11042000,1641056399999,1284565.79919790,897,12.60937000,597450.24131570,0
1641056400000,47273.98000000,47963.45000000,47230.19000000,47759.25000000,77.43636000,1641059999999,3685097.27078080,1738,33.45159000,1594460.18316160,0
1641060000000,47786.61000000,47857.79000000,47403.50000000,47572.03000000,49.05819000,1641063599999,2333287.97951170,1207,12.54401000,597049.68207180,0
1641063600000,47597.64000000,47610.92000000,47300.43000000,47333.56000000,26.13280000,1641067199999,1239675.12826100,782,8.10563000,384388.54989810,0
1641067200000,47342.96000000,47561.92000000,47258.55000000,47403.73000000,21.38892000,1641070799999,1014105.91465270,694,6.91471000,327812.75892070,0
1641070800000,47402.67000000,47558.39000000,47279.49000000,47323.96000000,20.48399000,1641074399999,971538.88661680,677,10.65195000,505175.12894740,0
1641074400000,47336.05000000,47495.85000000,47216.66000000,47439.49000000,25.78825000,1641077999999,1220415.91755350,569,8.93703000,423035.96684460,0
1641078000000,47442.10000000,50840.31000000,47287.71000000,47734.13000000,64.07060000,1641081599999,3092792.18052500,1563,52.66302000,2549514.68450270,0
1641081600000,47721.47000000,47844.29000000,47396.95000000,47640.40000000,40.59610000,1641085199999,1932026.87702150,952,18.67759000,889060.81873500,0
1641085200000,47653.23000000,47653.23000000,47324.89000000,47375.74000000,12.13453000,1641088799999,575886.17463160,475,5.10731000,242507.40954860,0
1641088800000,47378.98000000,47455.50000000,47293.50000000,47373.14000000,8.61570000,1641092399999,408223.21178690,385,3.44853000,163350.90632360,0
1641092400000,47368.50000000,47472.77000000,47273.90000000,47341.10000000,7.17759000,1641095999999,339940.01798100,351,3.02559000,143382.86071810,0
1641096000000,47341.11000000,47426.57000000,46762.07000000,46915.60000000,42.56955000,1641099599999,2005148.75875900,1009,17.02975000,801836.64696820,0
1641099600000,46902.71000000,47088.46000000,46794.85000000,47085.69000000,24.16622000,1641103199999,1134975.68783410,553,13.27517000,623614.15169250,0
1641103200000,47078.45000000,47245.98000000,47021.12000000,47140.49000000,18.98988000,1641106799999,894816.21257800,481,11.05711000,521130.97343780,0
1641106800000,47099.92000000,47300.00000000,47099.92000000,47187.83000000,10.28601000,1641110399999,485487.86388050,316,4.60514000,217416.00751360,0
1641110400000,47152.14000000,47251.73000000,47001.13000000,47232.75000000,13.43556000,1641113999999,633303.90738120,495,5.85883000,276235.92095680,0
1641114000000,47226.86000000,47500.37000000,47154.97000000,47294.54000000,32.33710000,1641117599999,1530652.90718640,1006,11.16301000,528183.20499210,0
1641117600000,47275.24000000,47350.27000000,47158.18000000,47185.79000000,9.76729000,1641121199999,461554.20341920,521,5.51131000,260476.08167000,0
1641121200000,47197.26000000,47391.85000000,47169.37000000,47236.72000000,12.80392000,1641124799999,605365.56926860,628,3.91191000,184995.32848490,0
1641124800000,47235.26000000,47450.07000000,47023.53000000,47305.41000000,34.69397000,1641128399999,1639815.59726110,957,11.23409000,530205.61018710,0
1641128400000,47298.94000000,47302.00000000,47095.60000000,47152.59000000,18.82548000,1641131999999,888265.48033340,733,9.49529000,447996.76283170,0
1641132000000,47139.72000000,47204.75000000,47022.55000000,47123.13000000,14.43751000,1641135599999,680414.85742950,624,9.18167000,432595.12337170,0
1641135600000,47111.91000000,47388.00000000,47081.91000000,47340.37000000,21.81943000,1641139199999,1030279.18025650,908,11.08443000,523510.66748550,0
1641139200000,47347.08000000,47891.42000000,47281.76000000,47810.87000000,63.66731000,1641142799999,3032049.43618960,1392,35.80959000,1706481.20605700,0
1641142800000,47814.71000000,48000.00000000,47336.63000000,47412.83000000,57.25108000,1641146399999,2728559.50615970,1430,25.05738000,1193850.14497010,0
1641146400000,47406.75000000,47406.75000000,46666.00000000,47065.75000000,77.17875000,1641149999999,3626868.60888880,1649,34.09873000,1602374.93100910,0
1641150000000,47047.16000000,47216.66000000,46863.72000000,46922.86000000,24.09273000,1641153599999,1133038.15832500,683,11.51578000,541645.00086350,0
1641153600000,46924.06000000,47052.87000000,46828.06000000,47011.75000000,10.68584000,1641157199999,501872.31989000,390,4.91364000,230827.94687270,0
1641157200000,47000.00000000,47165.45000000,46925.51000000,47031.48000000,12.75987000,1641160799999,600157.24961360,499,5.71965000,269010.61533420,0
1641160800000,47029.88000000,47400.00000000,47029.88000000,47255.44000000,23.64084000,1641164399999,1117176.29923210,656,16.29887000,770363.08831580,0
1641164400000,47285.50000000,47477.77000000,47269.01000000,47289.86000000,24.56219000,1641167999999,1162998.70708740,651,13.09110000,619677.23160700,0
1641168000000,47289.86000000,47297.70000000,47040.91000000,47054.49000000,27.24157000,1641171599999,1285052.39935120,758,9.76227000,460551.58411290,0
1641171600000,47053.31000000,47152.48000000,46963.07000000,47126.57000000,23.09235000,1641175199999,1086682.74253130,498,12.45737000,586344.78027060,0
1641175200000,47119.44000000,47119.44000000,46856.79000000,47006.61000000,30.69839000,1641178799999,1441289.55146250,683,15.68839000,736404.39984640,0
1641178800000,46993.84000000,47142.84000000,46726.50000000,46808.36000000,40.05758000,1641182399999,1878220.47992400,700,25.16233000,1179876.80418590,0
1641182400000,46807.16000000,46943.82000000,46758.28000000,46820.01000000,10.59968000,1641185999999,496493.86748990,328,4.69170000,219755.71437050,0
1641186000000,46831.87000000,47209.80000000,46781.41000000,47083.74000000,31.63419000,1641189599999,1486459.98094870,1015,11.68577000,548991.51513450,0
1641189600000,47082.74000000,47104.79000000,46889.49000000,46908.71000000,16.29594000,1641193199999,765945.53103230,704,5.56363000,261452.33824400,0
1641193200000,46909.57000000,47074.88000000,46867.41000000,47047.14000000,12.38952000,1641196799999,581562.80724560,449,7.96622000,373859.70368670,0
1641196800000,47049.36000000,47133.30000000,46940.94000000,46985.71000000,16.54845000,1641200399999,778003.58155490,651,8.91289000,418887.72914810,0
1641200400000,46986.65000000,47105.78000000,46787.47000000,46986.83000000,14.07578000,1641203999999,660353.61653640,501,7.60719000,356828.04362590,0
1641204000000,46990.13000000,47251.85000000,46990.13000000,47136.59000000,50.89350000,1641207599999,2399614.49907830,1195,16.25686000,766130.21808390,0
1641207600000,47146.87000000,47450.07000000,47144.09000000,47374.66000000,51.09613000,1641211199999,2417834.11179370,1266,37.36468000,1767970.77526710,0
1641211200000,47379.45000000,47586.32000000,47180.94000000,47204.99000000,99.51455000,1641214799999,4712788.14635080,1666,66.07746000,3127862.11297450,0
1641214800000,47205.39000000,47357.96000000,47134.76000000,47157.57000000,30.14316000,1641218399999,1424557.84746050,858,19.70866000,931356.63838060,0
1641218400000,47157.56000000,47284.09000000,46761.57000000,46879.85000000,70.24567000,1641221999999,3299098.43540480,1585,43.67729000,2051046.75757140,0
1641222000000,46867.94000000,47017.21000000,46600.00000000,46697.16000000,74.44355000,1641225599999,3486537.58822590,1457,32.33946000,1514944.63105610,0
1641225600000,46678.63000000,46769.37000000,46300.00000000,46467.41000000,323.04285000,1641229199999,15001108.02600860,4336,48.50710000,2253797.08335220,0
1641229200000,46475.61000000,46787.11000000,46416.26000000,46599.85000000,30.56303000,1641232799999,1425537.76888450,824,13.90859000,648641.47407330,0
1641232800000,46581.62000000,46736.28000000,46417.28000000,46466.31000000,29.98816000,1641236399999,1396328.20159560,729,16.78030000,781206.85947550,0
1641236400000,46468.33000000,46645.77000000,46360.86000000,46360.86000000,21.28590000,1641239999999,990276.26354600,612,11.79649000,548597.54817160,0
1641240000000,46352.01000000,46399.44000000,45700.00000000,45923.11000000,190.71200000,1641243599999,8796629.32904830,3633,54.57953000,2512934.49880560,0
1641243600000,45915.55000000,46255.40000000,45814.68000000,45976.64000000,76.61228000,1641247199999,3524436.07776680,1320,58.45309000,2688695.01854710,0
1641247200000,45973.96000000,46436.33000000,45965.81000000,46206.32000000,30.78793000,1641250799999,1422209.74499990,975,13.47180000,622081.20386680,0
1641250800000,46232.31000000,46575.74000000,46159.37000000,46422.99000000,107.14029000,1641254399999,4975800.77125750,2198,67.31767000,3128288.30674450,0
1641254400000,46435.00000000,46512.24000000,46151.17000000,46247.19000000,45.98130000,1641257999999,2129052.75024160,1150,30.97151000,1434048.82692270,0
1641258000000,46233.18000000,46392.35000000,46046.03000000,46073.85000000,28.11423000,1641261599999,1298985.66797480,848,13.98208000,646047.07552590,0
1641261600000,46062.39000000,46263.03000000,45945.73000000,46115.19000000,134.95635000,1641265199999,6210371.46628280,2190,23.51770000,1083228.67367360,0
1641265200000,46115.28000000,46376.22000000,46013.54000000,46315.59000000,27.83571000,1641268799999,1285586.93998590,814,14.93191000,689696.94695000,0
1641268800000,46317.25000000,46406.45000000,46012.22000000,46089.10000000,74.14759000,1641272399999,3424705.25686610,2873,52.67963000,2433099.97644550,0
1641272400000,46091.08000000,46287.50000000,46018.00000000,46134.86000000,74.90174000,1641275999999,3455957.67975630,2693,39.16030000,1806353.15841630,0
1641276000000,46144.37000000,46383.78000000,46064.23000000,46370.12000000,42.65805000,1641279599999,1972463.89520780,1983,19.98057000,923544.00304660,0
1641279600000,46370.23000000,46584.54000000,46320.13000000,46527.65000000,32.40268000,1641283199999,1504716.96138910,799,10.19452000,473785.03666070,0
1641283200000,46548.98000000,46694.44000000,46390.39000000,46490.45000000,68.41537000,1641286799999,3185305.25454230,1286,14.75096000,686991.92050990,0
1641286800000,46491.84000000,46598.21000000,46299.29000000,46343.73000000,43.84179000,1641290399999,2037516.69639880,1168,16.12655000,748701.36174100,0
1641290400000,46346.55000000,46750.00000000,46294.40000000,46625.31000000,47.33937000,1641293999999,2204476.16817050,1001,24.29699000,1131023.92860740,0
1641294000000,46624.19000000,46755.10000000,46619.64000000,46718.11000000,50.72802000,1641297599999,2369013.97040050,1175,26.42798000,1233987.85025130,0
1641297600000,46739.79000000,46763.66000000,46475.63000000,46643.74000000,30.92682000,1641301199999,1440586.85261970,777,18.59338000,866005.72489710,0
1641301200000,46650.95000000,47059.01000000,46416.95000000,46950.41000000,93.53148000,1641304799999,4381887.96048070,1833,59.16171000,2774878.25584040,0
1641304800000,46975.01000000,47477.77000000,46814.96000000,47342.99000000,89.51062000,1641308399999,4218475.46895290,1995,48.90946000,2303201.59287920,0
1641308400000,47361.72000000,47540.84000000,46848.81000000,46913.32000000,79.70391000,1641311999999,3766795.50034300,1968,50.17634000,2371892.07667990,0
1641312000000,46917.85000000,46917.85000000,46642.54000000,46753.02000000,87.36809000,1641315599999,4086948.78343900,1806,62.86281000,2940275.52412980,0
1641315600000,46745.04000000,46966.96000000,46529.54000000,46549.75000000,29.59192000,1641319199999,1384661.04101300,1069,13.78742000,644419.82544910,0
1641319200000,46549.75000000,46712.76000000,45517.31000000,45734.05000000,151.87620000,1641322799999,7002365.08942940,3100,86.24563000,3973228.88514800,0
1641322800000,45748.29000000,46442.18000000,45578.90000000,46036.47000000,112.32354000,1641326399999,5187643.32216160,2318,35.93718000,1657806.27978330,0
1641326400000,46037.62000000,46424.42000000,45958.07000000,46248.18000000,39.59985000,1641329999999,1831783.34041170,1287,14.68438000,678941.49362100,0
1641330000000,46256.81000000,46309.79000000,46014.66000000,46232.76000000,44.86425000,1641333599999,2070591.77456240,910,26.82259000,1237672.57490170,0
1641333600000,46168.98000000,46241.58000000,45978.95000000,46123.15000000,19.39343000,1641337199999,894814.48880110,717,14.47751000,668050.07475290,0
1641337200000,46119.63000000,46134.61000000,45742.05000000,45838.57000000,17.55664000,1641340799999,806295.36758240,708,8.45164000,388057.67603060,0
1641340800000,45818.98000000,46292.42000000,45721.85000000,46263.48000000,24.65265000,1641344399999,1135385.37914080,822,14.23811000,655621.41405460,0
1641344400000,46259.62000000,46327.66000000,46102.82000000,46105.82000000,19.30655000,1641347999999,892379.00654920,802,10.01477000,462832.65676100,0
1641348000000,46107.77000000,46386.24000000,46107.77000000,46302.08000000,23.66042000,1641351599999,1094432.02170120,715,14.37028000,664776.80542880,0
1641351600000,46293.28000000,46545.21000000,46293.28000000,46423.25000000,26.97974000,1641355199999,1252874.62680580,727,12.73377000,591188.17759150,0
1641355200000,46426.64000000,46524.23000000,46351.22000000,46394.91000000,11.87985000,1641358799999,551595.79444000,403,6.81273000,316354.55619920,0
1641358800000,46400.94000000,46403.35000000,46245.04000000,46307.13000000,14.10294000,1641362399999,653054.38588140,531,7.46554000,345743.11842790,0
1641362400000,46304.21000000,46463.59000000,46245.32000000,46454.24000000,12.08091000,1641365999999,559732.55867480,440,3.39550000,157405.36260740,0
1641366000000,46453.35000000,46492.40000000,46332.06000000,46399.34000000,15.31211000,1641369599999,710659.59511270,444,8.85732000,411057.13170510,0
1641369600000,46399.86000000,46675.42000000,46263.72000000,46647.22000000,52.47832000,1641373199999,2442777.81892330,1012,23.09338000,1074720.26569270,0
1641373200000,46634.38000000,46960.84000000,46573.21000000,46862.99000000,43.97870000,1641376799999,2056901.35614490,1335,24.75421000,1157836.51082480,0
1641376800000,46870.04000000,47063.49000000,46674.70000000,46833.35000000,50.06193000,1641380399999,2347302.04859950,1304,19.62893000,919965.60630280,0
1641380400000,46828.91000000,46864.15000000,46114.16000000,46267.95000000,65.23631000,1641383999999,3030442.23725010,1499,44.29945000,2057939.02979860,0
1641384000000,46262.72000000,46343.66000000,45866.80000000,46210.86000000,64.42896000,1641387599999,2969715.09059290,1445,39.08897000,1802199.31639290,0
1641387600000,46225.33000000,46449.95000000,46100.75000000,46441.11000000,37.89994000,1641391199999,1754723.36677240,845,17.76752000,822336.98140880,0
1641391200000,46439.76000000,46818.18000000,46148.48000000,46703.72000000,110.13068000,1641394799999,5112719.03316740,2406,43.33150000,2012745.35178180,0
1641394800000,46722.61000000,46821.81000000,46382.23000000,46628.85000000,78.63519000,1641398399999,3668951.91376430,1706,23.31638000,1087310.64369370,0
1641398400000,46630.25000000,46702.70000000,46277.58000000,46294.98000000,54.49435000,1641401999999,2534088.67534630,1061,29.88398000,1390097.47716620,0
1641402000000,46294.98000000,46457.38000000,46008.00000000,46011.82000000,129.84534000,1641405599999,5989584.44222100,2206,22.08686000,1019528.43526070,0
1641405600000,46016.73000000,46309.84000000,45545.45000000,45932.31000000,113.99993000,1641409199999,5225491.65312120,2746,57.60572000,2642118.79445380,0
1641409200000,45923.81000000,46100.00000000,44430.75000000,44670.27000000,334.34320000,1641412799999,15117332.51001580,7050,187.79782000,8503884.91328810,0
1641412800000,44684.68000000,44907.76000000,43669.00000000,43953.03000000,292.36395000,1641416399999,12913536.15106930,5546,136.52973000,6032690.26351840,0
1641416400000,43976.95000000,44311.69000000,43374.39000000,43609.92000000,146.40448000,1641419999999,6411610.38529040,3102,68.94042000,3020262.21492250,0
1641420000000,43598.48000000,43771.95000000,42450.23000000,43436.39000000,355.57145000,1641423599999,15346438.15520470,6587,140.31205000,6069413.46156320,0
1641423600000,43429.74000000,43703.96000000,43242.42000000,43429.82000000,134.68299000,1641427199999,5859864.43404910,2592,42.92570000,1867232.04091660,0
1641427200000,43445.98000000,43757.58000000,43285.78000000,43671.56000000,61.16187000,1641430799999,2662119.71952130,1562,27.18344000,1183381.31291420,0
1641430800000,43666.89000000,43782.04000000,43308.07000000,43543.26000000,55.22371000,1641434399999,2406304.06026530,1357,28.23484000,1230020.89478320,0
1641434400000,43538.34000000,43611.66000000,43136.04000000,43259.34000000,47.22654000,1641437999999,2046063.65529370,1252,24.27336000,1051526.92368660,0
1641438000000,43251.80000000,43309.87000000,42826.02000000,42852.24000000,292.82275000,1641441599999,12584942.56072030,4383,36.64595000,1577148.54304860,0
1641441600000,42854.38000000,43154.28000000,42600.00000000,43047.49000000,297.14144000,1641445199999,12714287.71879690,4867,45.42493000,1947779.46576800,0
1641445200000,43050.81000000,43242.42000000,42812.50000000,43042.44000000,187.71728000,1641448799999,8078443.15840300,2957,42.86408000,1844765.49188210,0
1641448800000,43037.21000000,43210.63000000,42893.07000000,43086.51000000,40.74620000,1641452399999,1754368.52368960,1005,25.83918000,1112528.54138740,0
1641452400000,43086.57000000,43264.90000000,42984.01000000,43247.59000000,79.13981000,1641455999999,3413339.51088440,1082,53.56619000,2310143.04075260,0
1641456000000,43245.11000000,43260.94000000,42900.00000000,43046.98000000,74.83683000,1641459599999,3223724.58242140,1520,46.44273000,2000884.48651390,0
1641459600000,43047.53000000,43070.41000000,42337.00000000,42596.93000000,335.14994000,1641463199999,14279555.52113380,5367,47.84306000,2045626.81459500,0
1641463200000,42596.93000000,42938.90000000,42572.51000000,42857.18000000,108.45959000,1641466799999,4636050.84432780,2772,36.46454000,1559667.10529270,0
1641466800000,42901.79000000,42945.00000000,42568.36000000,42866.21000000,57.44181000,1641470399999,2457883.36778760,1278,20.74996000,889249.07523860,0
1641470400000,42861.53000000,43046.83000000,42620.74000000,43042.49000000,77.05890000,1641473999999,3294745.82230210,1517,52.84945000,2258344.91025850,0
1641474000000,43050.87000000,43347.71000000,42898.03000000,43144.11000000,108.42838000,1641477599999,4670247.64080500,1782,69.75599000,3005675.19120730,0
1641477600000,43149.58000000,43216.25000000,42727.28000000,42757.80000000,400.80818000,1641481199999,17227119.90105700,8115,127.73638000,5493231.41494360,0
1641481200000,42781.44000000,43000.99000000,42555.56000000,42931.28000000,218.95642000,1641484799999,9384526.86603150,3597,143.57412000,6158723.00248700,0
1641484800000,42940.80000000,43087.93000000,42749.10000000,42863.01000000,113.47432000,1641488399999,4866635.31235350,1353,32.38494000,1389206.75357120,0
1641488400000,42894.40000000,43157.99000000,42786.34000000,42997.31000000,59.59372000,1641491999999,2562136.08152900,1095,27.11106000,1164771.34906850,0
1641492000000,43012.49000000,43397.59000000,42971.77000000,43373.67000000,41.92750000,1641495599999,1811410.87213690,1249,16.70663000,721878.62235240,0
1641495600000,43353.05000000,43500.00000000,43240.61000000,43425.93000000,56.49282000,1641499199999,2450864.50480340,1453,24.99377000,1083904.28359940,0
1641499200000,43440.11000000,43580.57000000,43116.13000000,43213.02000000,50.69719000,1641502799999,2196798.63250570,1439,20.51322000,889249.53216780,0
1641502800000,43221.41000000,43240.53000000,43070.71000000,43124.30000000,62.68766000,1641506399999,2705548.48661940,1058,44.13370000,1904556.62810330,0
1641506400000,43119.87000000,43226.10000000,43013.60000000,43186.02000000,18.20270000,1641509999999,785384.55064670,734,7.91566000,341346.55145380,0
1641510000000,43198.52000000,43238.22000000,43058.91000000,43084.39000000,17.60728000,1641513599999,759367.44448070,604,5.32765000,229878.47005460,0
1641513600000,43086.38000000,43138.69000000,42734.32000000,42771.57000000,38.57322000,1641517199999,1653988.63567360,975,18.17382000,779487.14335080,0
1641517200000,42773.70000000,43031.57000000,42769.41000000,43003.33000000,32.97105000,1641520799999,1415488.83027040,687,16.04636000,689116.88612900,0
1641520800000,43000.83000000,43265.29000000,42765.11000000,42787.62000000,78.59365000,1641524399999,3381286.96148340,876,61.30503000,2639899.83555270,0
1641524400000,42789.64000000,42815.42000000,41569.00000000,41777.08000000,861.39843000,1641527999999,36288501.26621510,11858,227.77730000,9582607.82838380,0
1641528000000,41788.05000000,41903.17000000,40970.10000000,41678.90000000,188.11722000,1641531599999,7805458.03391410,3347,96.95717000,4027204.24585960,0
1641531600000,41691.36000000,41939.00000000,41529.97000000,41836.58000000,126.11712000,1641535199999,5263200.67357920,2013,54.64966000,2281280.16545000,0
1641535200000,41832.82000000,41832.82000000,41402.90000000,41514.19000000,71.62793000,1641538799999,2979755.38302290,1490,31.07274000,1292302.82605240,0
1641538800000,41535.70000000,41719.40000000,41206.37000000,41707.89000000,70.73871000,1641542399999,2933135.85600230,1431,35.15031000,1457729.84588170,0
1641542400000,41671.56000000,42891.42000000,41613.76000000,42044.69000000,130.56984000,1641545999999,5510788.97850350,2613,67.79750000,2860875.66320290,0
1641546000000,42049.78000000,42617.76000000,42049.78000000,42413.38000000,58.68149000,1641549599999,2488497.24447850,1268,23.85608000,1011666.02999120,0
1641549600000,42407.98000000,42501.47000000,42150.81000000,42174.30000000,39.18845000,1641553199999,1659727.25594580,871,21.85171000,925512.53349650,0
1641553200000,42165.27000000,42324.96000000,42149.18000000,42229.36000000,36.03504000,1641556799999,1521397.64207440,854,19.80999000,836183.10014290,0
1641556800000,42247.72000000,42473.84000000,42247.72000000,42384.68000000,33.34221000,1641560399999,1413279.91846660,863,14.98314000,635047.50627080,0
1641560400000,42405.00000000,42745.92000000,41205.59000000,41472.56000000,142.05288000,1641563999999,5962354.51167490,3164,68.65678000,2884137.11113350,0
1641564000000,41538.91000000,42102.04000000,41389.39000000,41883.05000000,123.77733000,1641567599999,5169796.82295170,2393,57.70611000,2411723.57850400,0
1641567600000,41894.10000000,41908.73000000,40617.17000000,41309.12000000,190.87508000,1641571199999,7880904.55282510,3918,103.83445000,4292237.35931290,0
1641571200000,41291.02000000,42301.66000000,40900.00000000,42132.52000000,127.58195000,1641574799999,5298709.60915830,3089,65.17242000,2709783.94007310,0
1641574800000,42137.66000000,42137.66000000,41755.64000000,41977.72000000,62.39650000,1641578399999,2616123.05726690,1284,29.26093000,1226308.55764240,0
1641578400000,41981.98000000,41986.85000000,41515.14000000,41680.21000000,65.09057000,1641581999999,2721066.82436600,1334,43.30581000,1811166.16092980,0
1641582000000,41692.86000000,41879.16000000,41506.41000000,41761.18000000,37.73992000,1641585599999,1573390.55176740,924,19.15506000,798360.40027600,0
1641585600000,41804.55000000,42059.19000000,41589.28000000,41908.30000000,35.10190000,1641589199999,1468364.01124380,843,20.26958000,847719.96471890,0
1641589200000,41907.45000000,42013.48000000,41841.14000000,41875.39000000,21.04795000,1641592799999,882366.84056880,552,12.87190000,539603.40457640,0
1641592800000,41864.78000000,41865.09000000,41353.16000000,41527.40000000,111.71912000,1641596399999,4650897.54302160,2004,91.27442000,3798871.55594700,0
1641596400000,41527.32000000,41580.60000000,41334.38000000,41553.04000000,30.56839000,1641599999999,1268074.94819530,708,14.74958000,611791.26158040,0
1641600000000,41563.52000000,42110.50000000,41558.29000000,41975.19000000,35.38852000,1641603599999,1480558.26039960,953,19.95926000,834787.39793830,0
1641603600000,41972.69000000,42233.35000000,41842.56000000,41876.84000000,45.53354000,1641607199999,1913898.69179610,897,17.40870000,731467.22706840,0
1641607200000,41870.04000000,41935.72000000,41686.91000000,41865.96000000,20.58249000,1641610799999,860760.22431360,688,10.08401000,421547.86556750,0
1641610800000,41864.72000000,41890.00000000,41637.02000000,41795.71000000,27.71061000,1641614399999,1157327.29198750,730,12.49837000,522107.95202420,0
1641614400000,41797.11000000,41975.04000000,41750.00000000,41897.44000000,28.76250000,1641617999999,1203980.37221560,649,10.56863000,442307.98088450,0
1641618000000,41897.44000000,41989.24000000,41829.20000000,41974.49000000,48.45082000,1641621599999,2030228.45584020,1224,19.42563000,814021.36548530,0
1641621600000,41964.24000000,41986.20000000,41726.13000000,41916.56000000,42.55214000,1641625199999,1782064.99874010,977,24.17604000,1012503.47215640,0
1641625200000,41916.10000000,41970.65000000,41831.58000000,41912.75000000,18.90980000,1641628799999,792272.10667400,586,9.77795000,409628.62887210,0
1641628800000,41906.71000000,42182.53000000,41887.13000000,41964.68000000,35.89842000,1641632399999,1507931.04361290,838,14.78017000,620806.45006440,0
1641632400000,41990.45000000,42153.79000000,41949.66000000,42146.32000000,57.76797000,1641635999999,2427668.84108980,909,18.07340000,759773.45221460,0
1641636000000,42150.97000000,42195.69000000,41800.00000000,41905.55000000,50.21087000,1641639599999,2108174.94168600,1004,23.75766000,997360.35813550,0
1641639600000,41914.77000000,41956.65000000,41731.21000000,41933.77000000,36.33408000,1641643199999,1519323.55972350,738,17.76454000,742757.58105610,0
1641643200000,41935.68000000,42054.52000000,41735.77000000,41869.54000000,49.57559000,1641646799999,2074562.10755210,891,22.38593000,937080.07982430,0
1641646800000,41867.49000000,42026.44000000,41610.23000000,41910.91000000,52.27057000,1641650399999,2186221.40274460,879,20.89009000,874149.80081620,0
1641650400000,41903.43000000,41991.75000000,41717.36000000,41733.83000000,30.22907000,1641653999999,1265611.86191410,651,12.15391000,508695.21775920,0
1641654000000,41751.76000000,41788.69000000,41285.80000000,41609.34000000,64.70334000,1641657599999,2689756.10059300,1515,23.36243000,971385.54851820,0
1641657600000,41598.02000000,41725.34000000,41249.51000000,41333.60000000,61.24582000,1641661199999,2539369.21569420,1398,26.02686000,1079292.25613550,0
1641661200000,41323.50000000,41382.12000000,40810.00000000,40828.36000000,122.04869000,1641664799999,5024730.17609580,2678,67.05585000,2760809.47705730,0
1641664800000,40842.67000000,41326.52000000,40500.00000000,40682.54000000,161.64806000,1641668399999,6604666.39457610,3067,77.92064000,3185697.71953880,0
1641668400000,40677.71000000,41099.98000000,40500.00000000,40829.38000000,121.10624000,1641671999999,4942015.72180500,2461,61.44896000,2508086.70382020,0
1641672000000,40843.86000000,41169.94000000,40724.19000000,40978.83000000,61.13590000,1641675599999,2500635.67086170,1387,35.27956000,1442822.25411320,0
1641675600000,40980.51000000,42106.76000000,40925.26000000,41787.41000000,94.01081000,1641679199999,3910132.16654960,1945,41.70426000,1735466.45439740,0
1641679200000,41779.46000000,42325.00000000,41739.90000000,41911.73000000,70.08344000,1641682799999,2947052.12126210,1704,29.55088000,1242770.35331800,0
1641682800000,41903.96000000,41972.81000000,41653.86000000,41674.30000000,43.70677000,1641686399999,1828163.27448600,1099,23.39946000,978904.35869800,0
1641686400000,41669.83000000,41818.61000000,41386.67000000,41768.49000000,36.36740000,1641689999999,1512103.58225250,1006,17.91553000,744530.65452090,0
1641690000000,41767.22000000,41953.39000000,41598.97000000,41814.09000000,31.79231000,1641693599999,1327088.84385790,797,15.68858000,655089.05244310,0
1641693600000,41822.07000000,42175.75000000,41769.74000000,42105.24000000,73.04865000,1641697199999,3068360.05530570,1342,18.30760000,768804.91489600,0
1641697200000,42090.87000000,42090.99000000,41797.01000000,41846.97000000,25.91826000,1641700799999,1086532.19031950,656,9.51785000,399055.32470160,0
1641700800000,41829.82000000,42093.51000000,41804.99000000,42068.14000000,28.37060000,1641704399999,1190268.71271080,686,7.20317000,302130.95389570,0
1641704400000,42090.46000000,42090.46000000,41711.00000000,41761.92000000,47.14623000,1641707999999,1972476.96952740,1052,17.65930000,738392.62063500,0
1641708000000,41767.11000000,41947.63000000,41681.90000000,41859.31000000,29.37022000,1641711599999,1228470.82928410,635,12.01946000,502872.01182330,0
1641711600000,41870.73000000,41901.61000000,41779.97000000,41779.97000000,8.56095000,1641715199999,358234.38488900,310,4.29442000,179702.85275470,0
1641715200000,41800.83000000,41936.34000000,41613.67000000,41667.17000000,25.52245000,1641718799999,1065390.11335060,631,13.81110000,576371.51205930,0
1641718800000,41662.23000000,41755.71000000,41479.49000000,41498.54000000,32.36499000,1641722399999,1347376.99310150,712,22.78345000,948732.92969900,0
1641722400000,41527.84000000,41730.68000000,41407.20000000,41639.16000000,19.35593000,1641725999999,803609.41263020,560,11.61171000,482114.88463800,0
1641726000000,41645.73000000,41990.26000000,41639.01000000,41857.55000000,20.26667000,1641729599999,847836.29943990,613,10.28971000,430371.73594490,0
1641729600000,41860.45000000,41910.21000000,41672.03000000,41740.94000000,12.59805000,1641733199999,525999.62094690,580,6.06137000,253068.99757720,0
1641733200000,41745.76000000,41894.07000000,41474.38000000,41492.88000000,41.95165000,1641736799999,1747068.94262560,923,21.34582000,889110.04981200,0
1641736800000,41482.57000000,41733.41000000,41482.57000000,41537.51000000,21.24739000,1641740399999,883744.92350540,594,9.87300000,410566.61756780,0
1641740400000,41525.25000000,41677.77000000,40912.01000000,41607.82000000,79.50114000,1641743999999,3292486.76123300,1256,20.70815000,858558.60101400,0
1641744000000,41613.93000000,42131.79000000,41560.29000000,42131.00000000,44.93360000,1641747599999,1879812.43231300,991,22.49667000,941734.67049460,0
1641747600000,42133.02000000,42196.31000000,41883.38000000,42080.22000000,49.56889000,1641751199999,2083933.72109940,1019,14.49085000,609272.55124490,0
1641751200000,42093.27000000,42279.74000000,41900.00000000,41959.92000000,42.26803000,1641754799999,1779730.38735500,1035,13.09312000,551575.29958480,0
1641754800000,41960.32000000,42742.01000000,41923.89000000,42681.22000000,149.34794000,1641758399999,6335496.94489240,2317,29.49780000,1250520.24071270,0
1641758400000,42719.51000000,42776.50000000,42383.61000000,42439.07000000,40.75367000,1641761999999,1734346.03210110,1051,16.09579000,684671.74173580,0
1641762000000,42434.71000000,42538.96000000,42285.71000000,42312.21000000,23.33294000,1641765599999,989567.00949770,571,11.77670000,499595.75130190,0
1641765600000,42307.63000000,42617.75000000,42080.34000000,42198.41000000,27.11941000,1641769199999,1148799.38697370,622,15.37495000,651740.40474870,0
1641769200000,42200.00000000,42268.08000000,40500.00000000,41855.37000000,109.45636000,1641772799999,4561831.07654790,1552,28.29018000,1186100.34473920,0
1641772800000,41852.89000000,42030.15000000,41573.43000000,41653.78000000,77.07583000,1641776399999,3220589.91299880,1407,37.68759000,1574312.22119370,0
1641776400000,41653.54000000,41851.63000000,41567.18000000,41815.25000000,76.83836000,1641779999999,3207855.86884070,1185,12.34964000,515096.95995610,0
1641780000000,41809.37000000,41988.28000000,41713.35000000,41925.42000000,33.11770000,1641783599999,1387213.23772800,660,9.86434000,413118.95536640,0
1641783600000,41925.44000000,41998.76000000,41854.86000000,41973.85000000,17.72740000,1641787199999,743196.33333000,443,8.26549000,346643.66725480,0
1641787200000,41972.58000000,42237.89000000,41924.00000000,42200.93000000,29.10196000,1641790799999,1224975.31349000,637,14.62977000,615611.30623880,0
1641790800000,42190.22000000,42218.95000000,41955.28000000,42032.93000000,43.98700000,1641794399999,1850640.30655950,783,20.45671000,860756.09153240,0
1641794400000,42021.26000000,42041.07000000,41825.18000000,41926.76000000,42.30532000,1641797999999,1773219.33594780,675,20.37550000,854008.21793300,0
1641798000000,41919.84000000,42156.02000000,41900.22000000,42035.75000000,24.20330000,1641801599999,1017252.99925450,584,10.17373000,427406.21937220,0
1641801600000,42039.96000000,42114.11000000,41714.28000000,41805.31000000,30.70860000,1641805199999,1285274.61558080,748,14.68453000,614420.50287320,0
1641805200000,41802.24000000,41918.11000000,41711.18000000,41792.45000000,25.82438000,1641808799999,1080042.22610420,599,8.17141000,341818.24014550,0
1641808800000,41792.38000000,41979.33000000,41745.67000000,41781.15000000,20.95807000,1641812399999,877383.34481030,698,6.72890000,281707.78030230,0
1641812400000,41780.87000000,41780.87000000,41453.24000000,41559.30000000,56.57459000,1641815999999,2353638.45614340,1250,25.54816000,1062789.98586700,0
1641816000000,41567.53000000,41602.01000000,40924.32000000,40941.93000000,94.59086000,1641819599999,3897667.12499180,1823,45.87596000,1892210.31312670,0
1641819600000,40924.33000000,41052.45000000,40728.85000000,40765.82000000,108.47768000,1641823199999,4434145.54003330,2229,62.57257000,2558321.94952440,0
1641823200000,40751.00000000,42000.00000000,39646.36000000,40816.54000000,494.57655000,1641826799999,19972760.26688910,8878,252.37165000,10211622.20674220,0
1641826800000,40774.18000000,41207.43000000,40558.61000000,40975.06000000,196.06597000,1641830399999,8011224.40276270,3137,80.75359000,3301719.49787460,0
1641830400000,40978.10000000,41981.26000000,40857.20000000,41907.72000000,180.63319000,1641833999999,7504650.66632150,3272,92.89491000,3858240.78595630,0
1641834000000,41893.01000000,42140.85000000,40573.80000000,41210.27000000,224.78890000,1641837599999,9278816.48030700,3984,112.89808000,4653071.65264470,0
1641837600000,41219.27000000,41714.28000000,41123.72000000,41608.57000000,119.40433000,1641841199999,4938707.01331810,2185,53.40284000,2208608.74242400,0
1641841200000,41580.99000000,41710.16000000,41233.30000000,41299.98000000,60.54215000,1641844799999,2511813.84298030,1191,21.13024000,875970.97841690,0
1641844800000,41314.46000000,41796.69000000,41170.12000000,41683.00000000,90.60993000,1641848399999,3756812.37726020,1658,52.53698000,2178663.78904040,0
1641848400000,41711.01000000,41982.04000000,41563.74000000,41724.95000000,66.58325000,1641851999999,2781510.88532890,1368,29.86776000,1248032.57376190,0
1641852000000,41780.94000000,41869.80000000,41526.00000000,41605.44000000,31.65704000,1641855599999,1320245.18591030,829,17.82414000,743484.81480970,0
1641855600000,41609.32000000,41901.74000000,41521.83000000,41820.90000000,33.38124000,1641859199999,1393548.16017350,756,12.45901000,520515.72414700,0
1641859200000,41815.36000000,41895.96000000,41594.98000000,41596.64000000,24.95509000,1641862799999,1041255.28145010,578,8.55393000,357063.97974530,0
1641862800000,41599.91000000,42100.00000000,41547.32000000,41925.54000000,55.28948000,1641866399999,2313574.48337970,1435,29.15328000,1220153.80598750,0
1641866400000,41924.76000000,42380.00000000,41822.46000000,42178.40000000,124.47339000,1641869999999,5239133.51031820,4907,57.29866000,2411020.87325090,0
1641870000000,42178.40000000,42281.19000000,42053.07000000,42281.19000000,101.79540000,1641873599999,4289674.71328590,3656,37.11825000,1564533.40366450,0
1641873600000,42291.26000000,42394.94000000,42130.90000000,42320.98000000,53.71450000,1641877199999,2269596.10745890,984,23.76523000,1004056.70506010,0
1641877200000,42318.92000000,42330.11000000,42025.99000000,42106.46000000,46.97676000,1641880799999,1979567.95578510,972,24.13583000,1016880.38281720,0
1641880800000,42109.04000000,42221.57000000,41976.32000000,42100.65000000,23.61932000,1641884399999,995004.57870710,612,15.05933000,634438.62664110,0
1641884400000,42103.64000000,42274.92000000,42073.59000000,42203.76000000,25.50187000,1641887999999,1075430.06449390,577,16.31893000,688113.79685010,0
1641888000000,42210.67000000,42653.19000000,41921.77000000,41983.77000000,67.93991000,1641891599999,2868049.21960410,1475,30.20241000,1275778.69669300,0
1641891600000,42010.59000000,42143.50000000,41845.65000000,41985.12000000,138.01978000,1641895199999,5803642.91268050,1676,21.34865000,896771.98575420,0
1641895200000,41976.84000000,42064.20000000,41446.74000000,41625.32000000,148.50222000,1641898799999,6214139.06872490,1789,19.66159000,821419.37882250,0
1641898800000,41625.32000000,41928.84000000,41594.91000000,41839.24000000,56.95743000,1641902399999,2380966.85497360,982,28.90865000,1208363.84751630,0
1641902400000,41828.53000000,41962.41000000,41735.96000000,41806.80000000,30.87949000,1641905999999,1293006.50430880,1524,10.37964000,434637.13736830,0
1641906000000,41827.39000000,41892.99000000,41604.80000000,41725.00000000,60.02668000,1641909599999,2506134.83805910,1819,33.03754000,1379585.09370690,0
1641909600000,41690.29000000,41825.97000000,41274.27000000,41640.37000000,98.08545000,1641913199999,4076652.41556960,2909,55.89433000,2323371.78254130,0
1641913200000,41615.57000000,42196.40000000,41431.15000000,41746.21000000,100.53366000,1641916799999,4205304.37533730,2829,45.43236000,1900956.32208270,0
1641916800000,41747.33000000,42951.73000000,41706.57000000,42714.78000000,210.84671000,1641920399999,8937523.07234080,4661,86.88233000,3679837.54089980,0
1641920400000,42722.70000000,43114.88000000,42350.00000000,42572.55000000,287.82950000,1641923999999,12286368.70635090,4088,73.97082000,3159315.36026560,0
1641924000000,42565.28000000,42939.49000000,42373.73000000,42767.19000000,57.56898000,1641927599999,2460533.67447220,1329,18.08776000,772541.78613510,0
1641927600000,42774.53000000,43100.00000000,42617.97000000,42993.56000000,42.53172000,1641931199999,1821618.60309990,1094,18.51658000,793439.70393230,0
1641931200000,42997.98000000,43112.06000000,42717.22000000,42806.94000000,70.40177000,1641934799999,3017992.58033310,1693,20.65125000,885081.80775970,0
1641934800000,42815.14000000,42827.07000000,42659.85000000,42676.26000000,31.30328000,1641938399999,1338254.04645170,754,9.51208000,406513.39634150,0
1641938400000,42692.20000000,42777.72000000,42605.67000000,42722.84000000,26.50117000,1641941999999,1131196.24251680,708,12.91962000,551366.36647690,0
1641942000000,42723.68000000,42899.00000000,42649.61000000,42739.74000000,21.16464000,1641945599999,905513.19368840,1047,9.11672000,390158.71388150,0
1641945600000,42734.31000000,42981.43000000,42584.01000000,42699.23000000,70.92004000,1641949199999,3030489.49453030,1481,22.32390000,954289.38006050,0
1641949200000,42680.92000000,42783.27000000,42574.07000000,42642.16000000,79.21539000,1641952799999,3376541.36140390,2055,20.76645000,885701.98025320,0
1641952800000,42638.16000000,42725.67000000,42464.00000000,42571.02000000,38.60892000,1641956399999,1643636.99912680,1066,19.32961000,822741.22854190,0
1641956400000,42578.21000000,42670.19000000,42506.51000000,42620.31000000,36.34203000,1641959999999,1548366.68431300,1246,18.57330000,791476.73495220,0
1641960000000,42620.31000000,42748.66000000,42530.84000000,42640.33000000,38.91061000,1641963599999,1658252.85090710,1239,18.27057000,778738.16457950,0
1641963600000,42645.82000000,42784.30000000,42580.74000000,42709.38000000,29.22446000,1641967199999,1247691.09129870,1574,12.74903000,544319.93066480,0
1641967200000,42718.49000000,42877.55000000,42620.07000000,42688.45000000,19.58148000,1641970799999,836498.90664480,771,10.89772000,465542.89605100,0
1641970800000,42684.91000000,42684.91000000,42486.62000000,42575.96000000,33.91412000,1641974399999,1443738.71262800,898,20.07091000,854446.82102460,0
1641974400000,42581.65000000,42721.72000000,42528.41000000,42621.73000000,21.61264000,1641977999999,921885.27946150,900,11.23849000,479499.56563380,0
1641978000000,42616.72000000,42922.22000000,42588.31000000,42820.40000000,34.85389000,1641981599999,1491251.15968080,1161,10.22033000,437012.19336540,0
1641981600000,42811.15000000,43000.64000000,42754.69000000,42776.65000000,60.98864000,1641985199999,2614797.99904110,1152,28.54990000,1224098.51207550,0
1641985200000,42779.09000000,43450.05000000,42704.76000000,42948.46000000,83.48347000,1641988799999,3597012.61371900,2238,45.12230000,1943818.85954770,0
1641988800000,42930.00000000,43303.29000000,42893.56000000,43303.29000000,57.36276000,1641992399999,2474347.97458110,1905,28.64079000,1235280.51251020,0
1641992400000,43300.00000000,44100.00000000,43211.93000000,43950.77000000,287.59111000,1641995999999,12603479.77443560,5960,87.69569000,3831203.84097250,0
1641996000000,43941.58000000,43983.46000000,43697.54000000,43859.73000000,106.23761000,1641999599999,4655954.11065350,3221,44.00137000,1928863.26456690,0
1641999600000,43866.16000000,43953.64000000,43434.27000000,43573.53000000,54.24948000,1642003199999,2370719.48886160,1870,30.68871000,1340659.25517870,0
1642003200000,43588.51000000,43702.67000000,43291.31000000,43637.27000000,36.70107000,1642006799999,1598293.60040790,1309,17.11192000,745313.20097700,0
1642006800000,43637.65000000,43897.51000000,43514.29000000,43875.17000000,53.16705000,1642010399999,2322989.16526460,1596,25.36761000,1108336.82292300,0
1642010400000,43857.73000000,43906.67000000,43586.64000000,43613.06000000,54.31021000,1642013999999,2375365.82239060,1748,20.48684000,896391.11668230,0
1642014000000,43604.40000000,43868.27000000,43544.98000000,43761.08000000,66.20875000,1642017599999,2894925.88166050,1298,52.81761000,2310250.94836720,0
1642017600000,43772.40000000,44010.87000000,43655.29000000,43835.52000000,43.21400000,1642021199999,1892860.89344910,1948,23.11914000,1012445.84304200,0
1642021200000,43837.48000000,44333.51000000,43738.80000000,43785.60000000,81.70170000,1642024799999,3592388.97529400,2379,41.94636000,1844840.41845900,0
1642024800000,43797.16000000,43956.00000000,43768.70000000,43863.66000000,22.73137000,1642028399999,997280.66453880,975,7.76288000,340505.37034830,0
1642028400000,43866.00000000,44041.87000000,43837.89000000,43925.50000000,21.71140000,1642031999999,954255.18980450,946,12.31060000,540932.81980690,0
1642032000000,43922.09000000,44065.93000000,43688.73000000,43741.99000000,35.70732000,1642035599999,1567448.21468430,1023,14.87727000,653056.88288190,0
1642035600000,43743.40000000,43819.77000000,43542.85000000,43556.69000000,33.47220000,1642039199999,1460648.39267230,1273,13.77383000,601169.52484930,0
1642039200000,43567.21000000,43695.72000000,43550.00000000,43605.45000000,29.86557000,1642042799999,1302675.35148550,982,18.97683000,827598.41246580,0
1642042800000,43605.25000000,43656.90000000,43447.73000000,43518.06000000,20.16851000,1642046399999,877580.47004760,657,8.30898000,361600.01137740,0
1642046400000,43508.63000000,43734.79000000,43507.87000000,43645.61000000,25.28882000,1642049999999,1104250.94661220,1301,12.07167000,527204.11956160,0
1642050000000,43642.49000000,43774.41000000,43597.58000000,43696.32000000,9.36047000,1642053599999,408758.92666000,576,4.14437000,181040.38210890,0
1642053600000,43689.37000000,43823.80000000,43663.84000000,43729.63000000,25.42661000,1642057199999,1112162.89066150,728,18.46705000,807835.80369070,0
1642057200000,43729.42000000,43782.89000000,43563.18000000,43715.99000000,26.42999000,1642060799999,1155532.83672940,887,8.12247000,354946.85093710,0
1642060800000,43712.54000000,44014.56000000,43696.47000000,43914.02000000,35.51854000,1642064399999,1557588.45016680,1344,17.88306000,784274.09738950,0
1642064400000,43915.55000000,44004.50000000,43768.70000000,43901.13000000,18.77502000,1642067999999,823772.17317110,1065,8.70131000,381688.49506310,0
1642068000000,43901.65000000,44033.11000000,43781.88000000,43817.21000000,21.66614000,1642071599999,951101.83711370,1259,8.09031000,355048.97471480,0
1642071600000,43808.31000000,43846.10000000,43524.38000000,43633.09000000,36.94347000,1642075199999,1613703.37072260,1801,17.91898000,782696.53336610,0
1642075200000,43607.61000000,43828.79000000,43607.61000000,43822.93000000,26.87825000,1642078799999,1176279.97861250,1699,13.93415000,609847.37295160,0
1642078800000,43820.75000000,43977.18000000,43702.40000000,43942.83000000,44.94938000,1642082399999,1970772.12731120,1463,20.25752000,887997.71269420,0
1642082400000,43947.96000000,44446.35000000,43863.34000000,44185.94000000,143.03444000,1642085999999,6317752.09746210,4278,66.16106000,2921797.07706170,0
1642086000000,44225.19000000,44225.19000000,42884.24000000,43223.13000000,226.21435000,1642089599999,9809449.26366740,5543,76.52086000,3315616.48278010,0
1642089600000,43217.06000000,43536.18000000,43096.69000000,43276.77000000,58.04589000,1642093199999,2512910.17940300,1578,37.14092000,1607478.52748600,0
1642093200000,43280.71000000,43281.01000000,42588.88000000,42830.41000000,143.36784000,1642096799999,6144400.79692780,3078,61.40764000,2631159.60717990,0
1642096800000,42835.44000000,42979.84000000,42643.11000000,42731.66000000,34.96011000,1642100399999,1497565.03974960,1325,18.48979000,791530.31945270,0
1642100400000,42738.73000000,43005.12000000,42542.52000000,42723.30000000,77.45291000,1642103999999,3308658.11843090,1576,60.19452000,2571199.00576040,0
1642104000000,42715.86000000,42815.51000000,42300.00000000,42815.51000000,59.03728000,1642107599999,2510985.97351520,1713,28.29456000,1203848.92185150,0
1642107600000,42809.31000000,42896.84000000,42684.52000000,42813.10000000,35.93561000,1642111199999,1537766.20338890,1839,15.65331000,669834.67263990,0
1642111200000,42827.59000000,42906.81000000,42477.60000000,42629.58000000,30.06678000,1642114799999,1285395.57638050,1480,12.87435000,550688.90219890,0
1642114800000,42613.80000000,42753.01000000,42511.00000000,42577.73000000,20.40286000,1642118399999,870088.56793250,827,10.68735000,455799.50797660,0
1642118400000,42556.87000000,42800.00000000,42389.57000000,42765.29000000,36.50944000,1642121999999,1556949.38604910,1483,17.81224000,759386.93801460,0
1642122000000,42771.18000000,42789.28000000,42559.27000000,42593.18000000,22.21921000,1642125599999,947973.14937960,1378,9.65600000,412023.76127580,0
1642125600000,42593.62000000,42753.95000000,42448.74000000,42734.40000000,30.30696000,1642129199999,1291728.09683410,1594,10.97520000,467812.36725570,0
1642129200000,42734.81000000,42759.31000000,42596.37000000,42663.89000000,26.26588000,1642132799999,1121150.40765160,1869,4.14174000,176736.58761550,0
1642132800000,42658.28000000,42859.13000000,42635.30000000,42716.70000000,54.80708000,1642136399999,2343989.54397550,2896,24.26936000,1038337.14480270,0
1642136400000,42726.33000000,42927.10000000,42672.80000000,42921.33000000,28.47526000,1642139999999,1218029.04432840,1151,13.43175000,574557.83072260,0
1642140000000,42919.11000000,43013.28000000,42800.00000000,42841.23000000,30.48782000,1642143599999,1307582.11738250,1380,11.69129000,501610.33432090,0
1642143600000,42830.18000000,42903.79000000,42623.67000000,42663.17000000,23.62233000,1642147199999,1010237.91299880,886,14.43421000,617078.11266660,0
1642147200000,42680.23000000,42698.07000000,42344.09000000,42525.09000000,37.32773000,1642150799999,1586360.09860050,1061,16.85165000,715908.17178750,0
1642150800000,42543.18000000,42702.60000000,42482.20000000,42569.60000000,17.98389000,1642154399999,766080.87827590,585,11.69145000,498050.17497560,0
1642154400000,42587.59000000,42628.77000000,41865.00000000,42091.48000000,56.56615000,1642157999999,2385342.49412670,1363,31.76053000,1337831.82506080,0
1642158000000,42074.83000000,42074.83000000,41850.00000000,42038.01000000,41.52928000,1642161599999,1743049.58887750,1056,20.21320000,848191.92457480,0
1642161600000,42027.45000000,42256.19000000,41761.58000000,42060.20000000,59.22810000,1642165199999,2490041.56448590,1528,20.03722000,843047.74312150,0
1642165200000,42078.27000000,42335.23000000,42052.27000000,42171.39000000,29.52356000,1642168799999,1246161.66602390,1036,12.15867000,513176.17640500,0
1642168800000,42165.84000000,43098.00000000,42134.09000000,42985.87000000,122.79302000,1642172399999,5227756.10022820,2125,33.20756000,1412344.62483950,0
1642172400000,42992.18000000,43371.97000000,42795.64000000,43112.35000000,136.55565000,1642175999999,5886186.06608750,2363,38.99309000,1681473.42621670,0
1642176000000,43122.62000000,43259.50000000,42869.10000000,43206.15000000,76.42819000,1642179599999,3289023.95782310,1192,39.75434000,1709265.98703570,0
1642179600000,43213.56000000,43266.91000000,42870.99000000,42918.26000000,72.19477000,1642183199999,3114478.24997310,1287,14.73908000,634783.01939900,0
1642183200000,42925.29000000,43120.93000000,42798.21000000,43071.96000000,39.22433000,1642186799999,1684084.05450740,1102,21.46390000,921165.29522220,0
1642186800000,43082.25000000,43450.00000000,43024.69000000,43117.21000000,50.78428000,1642190399999,2193980.75354420,1355,34.91871000,1508668.17763320,0
1642190400000,43132.54000000,43220.50000000,43015.00000000,43130.99000000,23.34254000,1642193999999,1006308.71626880,700,15.98933000,689321.08285150,0
1642194000000,43110.47000000,43510.00000000,43110.47000000,43313.50000000,37.45781000,1642197599999,1622260.10385920,1023,11.06703000,478978.75884870,0
1642197600000,43324.25000000,43403.84000000,43190.75000000,43282.05000000,20.34825000,1642201199999,880946.80895880,776,6.45949000,279671.81523450,0
1642201200000,43270.95000000,43294.56000000,43019.82000000,43081.83000000,20.22670000,1642204799999,872254.21801030,711,8.99893000,387857.26706540,0
1642204800000,43080.91000000,43197.38000000,42934.63000000,43139.81000000,20.43665000,1642208399999,879672.75367000,805,10.63068000,457725.22163660,0
1642208400000,43124.83000000,43162.48000000,42877.55000000,42990.99000000,11.34400000,1642211999999,488107.17662520,694,4.91745000,211619.75648920,0
1642212000000,42984.27000000,43100.61000000,42926.75000000,43100.61000000,7.71116000,1642215599999,331771.15059860,463,3.27525000,140936.74265310,0
1642215600000,43114.68000000,43144.38000000,42921.50000000,42939.78000000,8.14829000,1642219199999,350805.51740300,423,3.29105000,141711.85765170,0
1642219200000,42946.64000000,42978.24000000,42700.00000000,42932.65000000,41.19087000,1642222799999,1765173.19899940,848,13.33238000,571209.82196730,0
1642222800000,42922.84000000,43070.90000000,42845.12000000,43015.59000000,16.84239000,1642226399999,723304.32791940,469,11.02762000,473619.10265770,0
1642226400000,43019.11000000,43131.00000000,42899.48000000,43086.21000000,33.64449000,1642229999999,1446144.54912230,969,17.87104000,768079.03482420,0
1642230000000,43098.52000000,43118.43000000,42949.15000000,43098.20000000,16.79301000,1642233599999,722329.83077250,842,8.76448000,376950.36839220,0
1642233600000,43101.76000000,43129.25000000,42975.25000000,42996.35000000,19.10313000,1642237199999,822883.04872760,574,8.74156000,376597.59676040,0
1642237200000,42993.16000000,43111.18000000,42901.43000000,43080.92000000,21.26010000,1642240799999,913617.01455890,606,5.41909000,232880.02668170,0
1642240800000,43070.76000000,43322.83000000,43029.26000000,43113.44000000,23.75313000,1642244399999,1025734.64421580,734,9.04481000,390651.58455450,0
1642244400000,43097.71000000,43127.99000000,42983.25000000,43043.37000000,9.34113000,1642247999999,402268.58126630,435,4.34370000,187074.46822200,0
1642248000000,43040.43000000,43059.30000000,42575.98000000,42699.93000000,35.47366000,1642251599999,1518136.71248910,1095,12.30308000,526842.94873490,0
1642251600000,42718.88000000,42986.32000000,42667.28000000,42935.46000000,20.53659000,1642255199999,880222.38070660,827,7.30614000,313020.90825640,0
1642255200000,42906.79000000,43330.27000000,42780.00000000,43201.87000000,44.73006000,1642258799999,1925475.06769910,1260,20.45746000,881044.96742780,0
1642258800000,43206.80000000,43453.03000000,43094.83000000,43424.81000000,34.38325000,1642262399999,1489259.45793650,793,21.19577000,918363.81476430,0
1642262400000,43452.38000000,43452.39000000,43255.60000000,43353.00000000,14.52240000,1642265999999,629506.86512410,683,7.01364000,303991.57648460,0
1642266000000,43350.88000000,43573.39000000,43268.54000000,43400.12000000,22.02049000,1642269599999,956154.67675680,958,10.15715000,441025.71199810,0
1642269600000,43404.15000000,43409.32000000,43272.31000000,43356.64000000,10.42250000,1642273199999,451705.04329490,484,5.63257000,244101.75596630,0
1642273200000,43357.66000000,43576.39000000,43339.52000000,43545.59000000,8.23088000,1642276799999,357705.76710690,615,2.25118000,97827.58386670,0
1642276800000,43549.26000000,43819.00000000,43488.02000000,43501.10000000,40.90531000,1642280399999,1786201.15962330,1101,23.29537000,1017176.72158990,0
1642280400000,43489.02000000,43539.59000000,43187.50000000,43315.72000000,63.20542000,1642283999999,2739463.26184230,1110,15.68217000,679819.29232440,0
1642284000000,43347.98000000,43412.11000000,43150.14000000,43260.74000000,17.67642000,1642287599999,764147.15396870,538,6.35684000,275032.71575970,0
1642287600000,43266.46000000,43395.98000000,43089.98000000,43097.35000000,19.01098000,1642291199999,822522.18334570,506,4.60715000,199124.48051160,0
1642291200000,43111.39000000,43124.45000000,43006.11000000,43072.66000000,11.34821000,1642294799999,488697.34429180,487,6.34981000,273404.69974240,0
1642294800000,43088.07000000,43162.39000000,43000.01000000,43017.01000000,11.55729000,1642298399999,497616.73080180,447,5.71310000,245930.56111450,0
1642298400000,43008.56000000,43100.06000000,42840.71000000,42948.23000000,21.25497000,1642301999999,913955.92393360,741,6.14990000,264299.04339610,0
1642302000000,42936.77000000,43060.89000000,42880.25000000,43005.25000000,14.83851000,1642305599999,637763.74673760,656,5.01079000,215404.90954260,0
1642305600000,43005.13000000,43088.39000000,42850.00000000,43048.14000000,27.69677000,1642309199999,1190681.77686030,752,11.16885000,480004.94923380,0
1642309200000,43044.04000000,43149.74000000,42996.30000000,42996.30000000,15.47072000,1642312799999,666523.22762560,534,7.00965000,301897.39573090,0
1642312800000,42982.58000000,43241.70000000,42950.23000000,43225.46000000,20.22557000,1642316399999,872084.32244480,724,8.66526000,373639.91911490,0
1642316400000,43225.71000000,43273.59000000,43139.78000000,43219.15000000,14.12744000,1642319999999,610563.17215820,554,6.64368000,287130.76955640,0
1642320000000,43226.00000000,43316.60000000,43080.64000000,43087.79000000,17.32130000,1642323599999,748348.61576150,914,7.64103000,330228.41221490,0
1642323600000,43081.39000000,43146.54000000,43055.84000000,43087.55000000,10.89677000,1642327199999,469736.97522880,577,2.77083000,119449.04016280,0
1642327200000,43094.50000000,43200.37000000,42902.25000000,42919.58000000,16.49076000,1642330799999,710829.31849040,724,8.74887000,377184.07228500,0
1642330800000,42920.11000000,43061.45000000,42795.33000000,42999.82000000,27.80614000,1642334399999,1193766.03506690,1024,9.61405000,413032.83964180,0
1642334400000,42989.61000000,43157.71000000,42988.51000000,43038.71000000,18.24215000,1642337999999,785506.57287160,862,8.84560000,380839.45004930,0
1642338000000,43026.34000000,43200.00000000,42588.39000000,43158.94000000,74.97334000,1642341599999,3213157.35636340,2147,29.23869000,1252347.20146070,0
1642341600000,43158.94000000,43432.92000000,43039.40000000,43311.21000000,55.18269000,1642345199999,2387858.01270120,1557,22.15010000,958794.75338260,0
1642345200000,43335.47000000,43403.64000000,43155.77000000,43237.48000000,34.33716000,1642348799999,1485248.32100010,886,17.54141000,759232.52588630,0
1642348800000,43238.39000000,43542.85000000,43189.33000000,43391.78000000,33.12976000,1642352399999,1437000.50259860,1254,11.35353000,492565.25470470,0
1642352400000,43412.76000000,43439.71000000,43065.53000000,43086.55000000,36.09876000,1642355999999,1559597.30966240,971,17.81930000,769267.78995550,0
1642356000000,43087.66000000,43146.02000000,42994.20000000,43074.17000000,25.97775000,1642359599999,1119016.51516750,890,11.62344000,500568.84680900,0
1642359600000,43079.57000000,43096.07000000,42815.80000000,42843.36000000,21.76772000,1642363199999,934250.33303280,614,7.27657000,312140.94910760,0
1642363200000,42825.20000000,43131.30000000,42766.06000000,43053.14000000,27.17286000,1642366799999,1168806.17534470,811,12.37970000,532000.05466160,0
1642366800000,43054.70000000,43111.95000000,42911.49000000,42961.56000000,9.04077000,1642370399999,388632.44051120,460,3.18016000,136717.68054340,0
1642370400000,42959.96000000,43251.95000000,42959.96000000,43241.32000000,24.11608000,1642373999999,1041165.57135700,632,5.03520000,217340.58504860,0
1642374000000,43215.84000000,43280.93000000,43022.71000000,43084.73000000,27.75665000,1642377599999,1198572.26102460,646,10.66140000,460406.58337720,0
1642377600000,43093.22000000,43197.58000000,42893.93000000,42908.35000000,18.41426000,1642381199999,792494.28061350,760,9.53990000,410486.54651190,0
1642381200000,42904.40000000,42962.18000000,42828.00000000,42888.62000000,25.14249000,1642384799999,1077977.83336730,628,10.03636000,430334.04737140,0
1642384800000,42891.85000000,42957.58000000,42804.64000000,42927.75000000,15.14286000,1642388399999,649283.13074390,698,6.85466000,293994.78363590,0
1642388400000,42935.15000000,42996.97000000,42655.03000000,42664.00000000,33.91966000,1642391999999,1450967.94680760,946,10.80529000,462204.62940590,0
1642392000000,42678.34000000,42812.49000000,42622.21000000,42635.85000000,38.49808000,1642395599999,1644250.85028410,1139,24.81980000,1060055.24249760,0
1642395600000,42633.81000000,42702.36000000,42327.73000000,42692.51000000,73.67776000,1642399199999,3131475.56936330,1457,40.42361000,1717325.99644280,0
1642399200000,42680.19000000,42875.64000000,42662.15000000,42766.94000000,32.61675000,1642402799999,1395101.71810390,816,10.80594000,462182.80624480,0
1642402800000,42771.44000000,42971.59000000,42669.71000000,42678.40000000,30.32367000,1642406399999,1298883.18229090,702,8.50908000,364088.23800870,0
1642406400000,42684.81000000,42875.93000000,42586.46000000,42824.99000000,32.58503000,1642409999999,1392056.73252020,815,16.66241000,710889.51004870,0
1642410000000,42829.98000000,42928.78000000,42753.01000000,42870.65000000,36.33216000,1642413599999,1557440.77746470,760,10.02498000,429614.22567680,0
1642413600000,42876.34000000,42917.35000000,42646.64000000,42802.76000000,22.50942000,1642417199999,962997.65336400,762,13.47473000,576466.15676830,0
1642417200000,42812.55000000,42861.45000000,42664.52000000,42687.64000000,13.56755000,1642420799999,580188.42708110,590,5.91639000,253021.21484090,0
1642420800000,42691.03000000,42808.73000000,42448.94000000,42574.79000000,56.16973000,1642424399999,2394291.11011620,1261,39.08697000,1665865.81829560,0
1642424400000,42590.59000000,42701.64000000,42523.62000000,42686.01000000,34.91499000,1642427999999,1487980.96194400,969,22.15394000,944244.99694750,0
1642428000000,42646.44000000,42766.71000000,42559.83000000,42679.46000000,29.00010000,1642431599999,1237279.54233930,770,10.97389000,468374.20690420,0
1642431600000,42689.08000000,42689.08000000,42394.32000000,42493.70000000,35.78779000,1642435199999,1522216.86340480,1062,14.76232000,628042.90843700,0
1642435200000,42488.78000000,42546.15000000,42152.12000000,42252.94000000,45.25288000,1642438799999,1914324.58236840,1615,23.75789000,1005273.86040910,0
1642438800000,42230.36000000,42258.39000000,41957.43000000,42110.46000000,79.11422000,1642442399999,3332040.86642960,1809,33.73090000,1421360.30333870,0
1642442400000,42128.93000000,42223.55000000,41832.02000000,42204.77000000,50.23621000,1642445999999,2111401.34878870,1464,30.23110000,1270933.49294540,0
1642446000000,42181.94000000,42330.14000000,42122.93000000,42243.83000000,33.11984000,1642449599999,1398520.59115910,1031,16.43494000,694097.27224770,0
1642449600000,42255.12000000,42331.21000000,42031.82000000,42097.06000000,49.63996000,1642453199999,2093198.35833740,1134,30.68294000,1293857.84104860,0
1642453200000,42089.51000000,42274.92000000,41621.92000000,41733.13000000,60.11335000,1642456799999,2516561.72858750,1682,36.17612000,1515289.10811860,0
1642456800000,41728.47000000,42408.55000000,41561.65000000,42077.46000000,54.66802000,1642460399999,2287345.01696780,1631,33.69008000,1406418.86703960,0
1642460400000,42091.48000000,42264.83000000,42066.25000000,42205.76000000,20.77250000,1642463999999,876378.05296920,651,8.41754000,355142.91334560,0
1642464000000,42217.79000000,42453.29000000,42131.25000000,42370.56000000,45.46129000,1642467599999,1923788.58857900,1245,23.04486000,975550.78405490,0
1642467600000,42380.70000000,42442.78000000,42181.52000000,42266.20000000,43.07101000,1642471199999,1823932.63792060,835,8.91320000,377218.82828440,0
1642471200000,42278.93000000,42311.78000000,42156.71000000,42290.56000000,37.30549000,1642474799999,1575233.43708240,768,11.71376000,494667.15876140,0
1642474800000,42288.91000000,42311.75000000,41987.44000000,42060.11000000,26.44787000,1642478399999,1116114.30198400,729,5.49228000,231582.84901330,0
1642478400000,42047.53000000,42116.07000000,41902.91000000,42045.67000000,32.49401000,1642481999999,1365027.62862160,770,17.13615000,719593.83790440,0
1642482000000,42043.88000000,42212.11000000,41995.69000000,42109.06000000,20.50602000,1642485599999,863681.46177950,716,8.48854000,357493.26912400,0
1642485600000,42115.54000000,42429.98000000,42110.47000000,42243.46000000,25.71877000,1642489199999,1087455.54684850,753,17.29530000,731442.85765800,0
1642489200000,42249.42000000,42280.80000000,41959.26000000,42066.86000000,31.76196000,1642492799999,1336741.91459010,856,11.04301000,464516.66760800,0
1642492800000,42074.02000000,42074.02000000,41616.28000000,41712.97000000,25.82582000,1642496399999,1080061.80490480,991,12.20211000,510337.11188890,0
1642496400000,41723.53000000,42013.29000000,41460.00000000,41902.07000000,60.43677000,1642499999999,2521734.30380630,1478,30.11076000,1255734.91120850,0
1642500000000,41924.86000000,42062.00000000,41848.25000000,41941.38000000,38.03783000,1642503599999,1596250.46235220,969,12.14525000,509775.24602410,0
1642503600000,41941.38000000,41941.38000000,41697.20000000,41867.10000000,78.72259000,1642507199999,3291055.47210560,1099,64.07595000,2678744.95522940,0
1642507200000,41847.84000000,41958.01000000,41641.56000000,41810.64000000,38.26532000,1642510799999,1598306.09841760,1154,21.38801000,893693.90530230,0
1642510800000,41818.39000000,41849.49000000,41380.54000000,41651.67000000,55.86645000,1642514399999,2322010.43057840,1618,26.55733000,1104155.98683390,0
1642514400000,41658.90000000,41696.96000000,41293.41000000,41460.44000000,76.37062000,1642517999999,3166308.72160350,2010,37.37576000,1549436.15169800,0
1642518000000,41447.12000000,41846.25000000,41324.83000000,41599.27000000,75.56245000,1642521599999,3143873.36638370,1794,40.74804000,1693392.86608540,0
1642521600000,41593.51000000,41791.09000000,41395.14000000,41715.26000000,47.68646000,1642525199999,1984537.66382010,1463,23.48953000,977538.37331930,0
1642525200000,41718.89000000,41733.40000000,41478.15000000,41502.58000000,42.37392000,1642528799999,1762030.08011760,1106,23.02481000,957186.21813860,0
1642528800000,41496.58000000,41669.49000000,41396.20000000,41609.99000000,51.12158000,1642532399999,2121609.73318880,1435,28.13882000,1167790.46331190,0
1642532400000,41620.61000000,41781.79000000,41597.51000000,41708.93000000,42.30825000,1642535999999,1764160.34027890,1129,20.97984000,874801.94512290,0
1642536000000,41709.40000000,41795.94000000,41377.01000000,41795.94000000,48.71155000,1642539599999,2026844.94661150,1012,21.34445000,888599.42019260,0
1642539600000,41797.03000000,42488.98000000,41727.44000000,42386.24000000,83.66526000,1642543199999,3526906.90815680,2233,34.60185000,1458550.11074460,0
1642543200000,42386.92000000,42726.66000000,42249.50000000,42492.28000000,57.77777000,1642546799999,2453540.01627420,1728,11.88528000,504282.93384340,0
1642546800000,42496.82000000,42582.58000000,42350.99000000,42360.40000000,27.64577000,1642550399999,1173819.75518660,960,10.33743000,438753.12550790,0
1642550400000,42365.78000000,42487.12000000,42173.67000000,42268.11000000,38.34518000,1642553999999,1621594.70614630,978,21.21483000,896999.51960080,0
1642554000000,42297.79000000,42479.99000000,42266.70000000,42440.30000000,16.68382000,1642557599999,707412.72004690,570,6.70534000,284353.20308750,0
1642557600000,42445.21000000,42530.42000000,42298.50000000,42331.50000000,14.63537000,1642561199999,620620.26149720,515,5.03847000,213589.50278800,0
1642561200000,42346.65000000,42346.65000000,41578.41000000,41721.47000000,43.40594000,1642564799999,1819217.04426570,1304,23.56277000,986628.21259450,0
1642564800000,41726.06000000,41814.21000000,41610.97000000,41718.68000000,32.64602000,1642568399999,1361411.24305830,945,15.42227000,643061.32120720,0
1642568400000,41720.37000000,41822.59000000,41676.80000000,41750.40000000,37.11535000,1642571999999,1550306.25426890,1334,17.70841000,739788.59947280,0
1642572000000,41762.92000000,41867.85000000,41700.38000000,41732.70000000,41.49411000,1642575599999,1733943.66628920,1520,25.58347000,1069023.60944710,0
1642575600000,41711.83000000,41724.23000000,41169.14000000,41264.99000000,70.58450000,1642579199999,2920379.77578790,1913,37.95149000,1569724.69524930,0
1642579200000,41270.93000000,41410.32000000,41125.40000000,41365.83000000,63.99838000,1642582799999,2642152.47754850,1188,26.43469000,1091205.86952870,0
1642582800000,41382.99000000,41681.92000000,41342.20000000,41592.35000000,102.80365000,1642586399999,4270375.86962060,1833,26.55648000,1102460.14939920,0
1642586400000,41599.93000000,41617.48000000,41302.06000000,41506.25000000,46.35089000,1642589999999,1921717.60764200,1046,25.81627000,1070512.89997610,0
1642590000000,41520.75000000,42162.58000000,41519.85000000,42041.53000000,67.46568000,1642593599999,2824634.79896070,1559,34.86573000,1459556.65409080,0
1642593600000,42059.88000000,42272.72000000,41904.05000000,42101.41000000,48.54229000,1642597199999,2043963.11514640,1053,27.09848000,1141232.49480570,0
1642597200000,42099.48000000,42409.43000000,42039.58000000,42218.37000000,49.43952000,1642600799999,2086161.66028020,1082,22.46150000,948418.06078710,0
1642600800000,42216.81000000,42559.73000000,42080.50000000,42494.97000000,61.60353000,1642604399999,2611902.19325780,1493,17.78765000,752738.72116400,0
1642604400000,42532.97000000,42532.98000000,41841.05000000,42018.45000000,90.34264000,1642607999999,3814011.21561220,1494,36.89624000,1554538.70119740,0
1642608000000,41991.93000000,42072.22000000,41688.00000000,41911.21000000,111.24736000,1642611599999,4652811.41853040,1721,49.62787000,2074965.72197890,0
1642611600000,41938.83000000,42363.04000000,41938.83000000,42153.54000000,217.88438000,1642615199999,9188329.04055980,2726,173.41088000,7313252.02378130,0
1642615200000,42153.27000000,42265.24000000,41891.42000000,42007.19000000,103.20446000,1642618799999,4350262.00534600,1558,20.50570000,862492.23266290,0
1642618800000,42001.98000000,42061.05000000,41753.36000000,41883.01000000,64.95000000,1642622399999,2717272.85796780,1126,39.49645000,1651726.86447980,0
1642622400000,41872.25000000,41970.21000000,41555.87000000,41639.79000000,66.98424000,1642625999999,2794122.06050710,1468,39.18350000,1634654.70898070,0
1642626000000,41645.47000000,41831.68000000,41638.91000000,41711.22000000,34.35070000,1642629599999,1433581.80347920,880,20.88965000,871629.07916610,0
1642629600000,41703.21000000,42001.06000000,41642.80000000,41991.71000000,17.50993000,1642633199999,732629.12438050,644,8.17673000,342079.22685210,0
1642633200000,41988.20000000,41994.82000000,41644.30000000,41663.29000000,19.94783000,1642636799999,835073.34605920,516,7.45988000,312141.36638440,0
1642636800000,41686.98000000,41868.05000000,41654.06000000,41838.34000000,21.98957000,1642640399999,918929.36162070,607,10.47686000,437937.44000010,0
1642640400000,41868.68000000,41887.17000000,41666.43000000,41775.81000000,18.50478000,1642643999999,773000.98553180,552,7.14006000,298265.54250360,0
1642644000000,41780.43000000,42076.84000000,41775.59000000,41994.53000000,68.47583000,1642647599999,2875324.62694150,946,59.80501000,2511426.37829700,0
1642647600000,41997.34000000,42089.82000000,41883.41000000,41943.88000000,17.01956000,1642651199999,714223.19407350,622,8.97441000,376621.80559700,0
1642651200000,41961.10000000,42009.84000000,41869.16000000,41907.08000000,42.26221000,1642654799999,1771817.86350770,919,28.83333000,1208930.15558460,0
1642654800000,41904.26000000,41960.84000000,41779.18000000,41892.21000000,33.97398000,1642658399999,1422475.46876660,851,21.34497000,893828.28748600,0
1642658400000,41892.65000000,42068.60000000,41886.34000000,42023.16000000,143.26889000,1642661999999,6023028.05038560,1936,10.71842000,450273.37513840,0
1642662000000,42023.08000000,42162.51000000,41936.09000000,42060.33000000,27.78040000,1642665599999,1167483.35002690,726,7.22788000,303863.88369810,0
1642665600000,42060.04000000,42079.92000000,41875.00000000,41959.63000000,19.63986000,1642669199999,823963.14457850,570,7.12888000,299094.09273530,0
1642669200000,41979.71000000,42102.26000000,41818.18000000,42056.55000000,25.58529000,1642672799999,1073570.39300210,770,13.70023000,575071.25697970,0
1642672800000,42059.01000000,42170.14000000,42015.23000000,42104.40000000,24.12355000,1642676399999,1015585.61819080,644,14.97337000,630363.09737580,0
1642676400000,42119.65000000,42237.07000000,42055.69000000,42145.08000000,36.39440000,1642679999999,1533520.02054540,896,10.49810000,442407.16258160,0
1642680000000,42126.03000000,42126.03000000,41929.32000000,42028.21000000,42.77431000,1642683599999,1795744.91847500,960,20.90530000,877596.04318620,0
1642683600000,42035.34000000,42492.54000000,41971.00000000,42395.08000000,108.30454000,1642687199999,4577168.79200650,2036,39.46679000,1668929.21836790,0
1642687200000,42454.51000000,43060.20000000,42380.93000000,42975.20000000,266.74294000,1642690799999,11373230.80072760,3237,164.07228000,6988536.91575250,0
1642690800000,42975.27000000,43452.25000000,42949.62000000,43287.10000000,261.83807000,1642694399999,11307155.34345260,3230,173.27868000,7479562.25116580,0
1642694400000,43336.53000000,43499.01000000,43165.08000000,43278.62000000,50.36086000,1642697999999,2182546.73100440,1551,31.67264000,1372845.89819010,0
1642698000000,43318.00000000,43318.00000000,42981.89000000,43031.93000000,50.38385000,1642701599999,2174903.20499740,1187,34.74589000,1500016.10246740,0
1642701600000,43041.76000000,43088.03000000,42783.03000000,42835.54000000,118.29232000,1642705199999,5086687.22211050,1583,62.61717000,2694423.07523550,0
1642705200000,42848.53000000,43244.31000000,42831.88000000,42929.31000000,110.50275000,1642708799999,4754584.48233810,1547,61.41914000,2643152.24183490,0
1642708800000,42912.37000000,42988.70000000,42580.95000000,42729.09000000,61.97380000,1642712399999,2646832.35547210,1304,37.32957000,1594454.61205450,0
1642712400000,42730.23000000,42730.23000000,41326.00000000,41332.12000000,189.57515000,1642715999999,7952087.81052700,3653,104.88504000,4394285.92657690,0
1642716000000,41327.21000000,41553.25000000,40800.00000000,41156.89000000,108.79339000,1642719599999,4484467.52251710,3027,44.22619000,1824539.70078160,0
1642719600000,41150.60000000,41185.35000000,40564.60000000,40693.65000000,81.73199000,1642723199999,3337151.51556900,2247,44.32463000,1810731.97587730,0
1642723200000,40664.99000000,41100.54000000,40360.58000000,40900.87000000,107.52182000,1642726799999,4382778.83251360,2452,64.61568000,2632943.50371360,0
1642726800000,40903.75000000,40924.96000000,39739.51000000,39774.22000000,119.19735000,1642730399999,4780299.08940030,2675,48.13820000,1932635.95987580,0
1642730400000,39726.98000000,40272.01000000,39250.00000000,39851.44000000,142.51191100,1642733999999,5669794.62923298,3300,56.03871800,2229956.61734346,0
1642734000000,39833.40000000,39954.39000000,38250.00000000,38481.99000000,280.84209100,1642737599999,10918683.05714194,5619,117.88320000,4582706.36348040,0
1642737600000,38434.21000000,39075.60000000,38400.00000000,38841.46000000,156.97900000,1642741199999,6087743.45871060,3113,64.89493000,2517849.51194020,0
1642741200000,38846.34000000,39129.00000000,38711.11000000,38919.34000000,97.85945000,1642744799999,3803706.75983220,2260,46.06539000,1791174.52178980,0
1642744800000,38923.57000000,38944.30000000,38554.84000000,38688.56000000,80.46341000,1642748399999,3119984.90395750,1874,34.14819000,1323793.13285690,0
1642748400000,38676.95000000,39166.00000000,38541.72000000,39147.81000000,112.13904000,1642751999999,4352749.95554830,2148,61.30200000,2379658.10245110,0
1642752000000,39135.99000000,39288.49000000,39022.79000000,39172.22000000,50.67629000,1642755599999,1983205.81483430,1545,21.48459000,840964.64304700,0
1642755600000,39173.35000000,39194.70000000,38939.57000000,38977.41000000,66.06291000,1642759199999,2578332.38545590,1755,27.03009000,1054753.47956540,0
1642759200000,38961.20000000,39102.21000000,38865.64000000,38962.73000000,70.82250000,1642762799999,2760525.83982230,1327,35.58360000,1386823.23571620,0
1642762800000,38948.02000000,38967.50000000,38624.36000000,38888.34000000,86.86382000,1642766399999,3370082.65657710,1607,43.34847000,1682343.04644260,0
1642766400000,38889.80000000,38924.02000000,37642.01000000,38181.14000000,211.19799400,1642769999999,8063626.93593382,4710,94.58839000,3610358.79661200,0
1642770000000,38199.41000000,38736.07000000,38148.83000000,38488.88000000,134.93820000,1642773599999,5184279.13664480,3358,81.48303000,3129471.10605050,0
1642773600000,38488.88000000,38888.88000000,38250.09000000,38418.03000000,122.35116000,1642777199999,4709572.30032480,2604,67.08755000,2582265.51416650,0
1642777200000,38413.86000000,39036.88000000,38097.87000000,38862.58000000,109.76412000,1642780799999,4237914.15899600,2587,52.20276000,2014117.15312360,0
1642780800000,38862.59000000,39059.51000000,38523.90000000,38723.01000000,84.34533000,1642784399999,3270223.83673320,1908,43.00215000,1667472.89659170,0
1642784400000,38721.97000000,38767.25000000,38289.65000000,38379.16000000,111.53695000,1642787999999,4286930.17193700,1792,64.05584000,2461718.09198170,0
1642788000000,38377.48000000,38637.19000000,37801.00000000,38304.17000000,87.43571000,1642791599999,3350769.46317730,2076,46.96157000,1800726.11380540,0
1642791600000,38277.62000000,38496.55000000,37954.75000000,37978.85000000,60.82969000,1642795199999,2324046.85830810,1346,37.43651000,1430366.76060410,0
1642795200000,37984.89000000,38532.15000000,37600.00000000,38375.05000000,189.84090000,1642798799999,7212032.67686770,3872,109.15144000,4148583.19822880,0
1642798800000,38362.29000000,38479.07000000,36157.94000000,36685.21000000,360.30437900,1642802399999,13368230.68867160,8402,171.28737100,6362501.69242514,0
1642802400000,36668.76000000,37152.93000000,35421.73000000,36106.79000000,299.17263700,1642805999999,10870918.09651770,7081,138.49575000,5038781.76654790,0
1642806000000,36136.64000000,36825.68000000,35653.35000000,36456.21000000,198.27468000,1642809599999,7214321.30967690,4164,75.44718000,2744332.48276350,0
1642809600000,36446.98000000,36826.47000000,36156.21000000,36496.38000000,100.97501000,1642813199999,3684061.69729490,2023,47.56816000,1736213.56318000,0
1642813200000,36504.58000000,36608.84000000,36156.41000000,36489.44000000,94.10229000,1642816799999,3425355.31742670,1850,43.10756000,1569390.13691360,0
1642816800000,36491.58000000,36553.51000000,36275.55000000,36495.50000000,45.09425000,1642820399999,1642392.50890500,1018,20.15325000,733797.86065300,0
1642820400000,36472.00000000,36695.87000000,36005.00000000,36343.91000000,521.36552000,1642823999999,19043089.44918740,5207,74.93937000,2731969.66376010,0
1642824000000,36325.25000000,36429.78000000,36206.54000000,36298.43000000,186.07082000,1642827599999,6757911.60827440,2490,30.73942000,1116895.69460090,0
1642827600000,36251.77000000,36343.54000000,35586.86000000,35750.84000000,123.62679000,1642831199999,4455570.52693510,2147,52.60189000,1897060.86814720,0
1642831200000,35757.87000000,35983.22000000,35382.53000000,35718.31000000,135.23564200,1642834799999,4831009.74699830,2588,80.58846000,2879067.61716990,0
1642834800000,35719.65000000,35897.25000000,35113.21000000,35415.90000000,178.79980800,1642838399999,6353097.16714956,3881,101.80775000,3620925.70154450,0
1642838400000,35414.24000000,35810.40000000,35414.20000000,35596.01000000,97.39578000,1642841999999,3471208.97015950,2109,55.35176000,1973324.53347620,0
1642842000000,35617.03000000,35735.04000000,34647.37000000,34814.83000000,212.27897100,1642845599999,7470303.59793404,4339,93.23213800,3282043.24640360,0
1642845600000,34799.04000000,35916.71000000,34000.00000000,35490.03000000,311.34367900,1642849199999,10842048.40800480,7565,141.55890000,4938706.13862130,0
1642849200000,35497.30000000,35667.25000000,34820.36000000,35409.07000000,124.33078000,1642852799999,4385673.01898960,2880,65.18091000,2299443.20604470,0
1642852800000,35427.50000000,35897.95000000,35353.19000000,35784.56000000,120.16566000,1642856399999,4281951.45214230,2794,57.74084000,2057000.72744660,0
1642856400000,35776.91000000,36181.22000000,35537.18000000,35594.55000000,111.44042000,1642859999999,3990148.29574730,2505,47.81609000,1712126.72249010,0
1642860000000,35601.06000000,35650.35000000,35004.05000000,35024.23000000,66.37506000,1642863599999,2350511.49630850,1724,29.91364000,1060463.16627570,0
1642863600000,35031.41000000,35319.30000000,34803.51000000,34855.03000000,136.21484000,1642867199999,4783790.01235520,2566,36.72520000,1286965.71996850,0
1642867200000,34870.86000000,35497.24000000,34521.00000000,35105.21000000,91.32681000,1642870799999,3206946.97833440,2353,48.67906000,1711225.17451900,0
1642870800000,35100.13000000,35239.46000000,34500.00000000,34623.97000000,101.64965000,1642874399999,3537451.08292670,2278,45.01249000,1566844.38554590,0
1642874400000,34643.18000000,34773.16000000,34250.00000000,34390.44000000,84.23739000,1642877999999,2904021.51462110,2192,40.14883000,1384010.70247740,0
1642878000000,34382.96000000,34835.37000000,34236.20000000,34518.64000000,120.95970000,1642881599999,4179355.69415010,2219,35.60789000,1231541.79212450,0
1642881600000,34553.56000000,35555.54000000,34420.61000000,35299.96000000,101.28904000,1642885199999,3553535.60202330,2476,54.61974000,1916487.52367170,0
1642885200000,35285.02000000,35732.36000000,35083.77000000,35396.91000000,97.12650000,1642888799999,3435130.90586350,2038,39.88785000,1409546.08697780,0
1642888800000,35376.24000000,35380.00000000,34728.51000000,34876.30000000,76.74374000,1642892399999,2693380.41275550,1934,26.46025000,928944.74136290,0
1642892400000,34868.68000000,35099.83000000,34751.09000000,35078.41000000,30.72421000,1642895999999,1073430.25860610,859,14.72422000,514659.72945780,0
1642896000000,35079.71000000,35447.00000000,34948.50000000,35400.11000000,43.83078000,1642899599999,1545604.19376350,1017,19.89489000,701718.03657630,0
1642899600000,35381.26000000,35514.31000000,35267.88000000,35311.68000000,95.80641000,1642903199999,3388191.42563150,1393,15.42052000,545463.91812100,0
1642903200000,35300.00000000,35348.88000000,34844.61000000,34861.06000000,64.87340000,1642906799999,2277156.05548040,1136,18.40952000,647003.74809360,0
1642906800000,34873.14000000,35094.40000000,34815.60000000,35061.28000000,46.63270000,1642910399999,1629663.43503000,871,29.04001000,1015211.18531850,0
1642910400000,35061.44000000,35300.00000000,34952.52000000,35216.15000000,52.33530000,1642913999999,1840449.08994490,939,22.98156000,808318.07106750,0
1642914000000,35217.52000000,35575.68000000,34950.89000000,35474.87000000,42.04175000,1642917599999,1482322.40365220,852,21.88956000,771712.65401570,0
1642917600000,35455.21000000,35549.50000000,35153.80000000,35268.88000000,56.65143000,1642921199999,2000856.05521440,1041,19.50034000,689192.32820440,0
1642921200000,35275.92000000,35759.93000000,35236.98000000,35586.12000000,52.15767000,1642924799999,1854411.09422550,1272,18.92188000,672363.82509430,0
1642924800000,35575.93000000,35966.98000000,35323.20000000,35839.15000000,171.99785000,1642928399999,6130499.49424470,2682,58.64692000,2090064.23210250,0
1642928400000,35856.38000000,36151.26000000,35740.69000000,35882.51000000,129.03894000,1642931999999,4634492.57511690,2411,42.03787000,1510989.61910540,0
1642932000000,35898.04000000,35945.60000000,35663.39000000,35909.34000000,121.70057000,1642935599999,4360027.97129590,1788,24.81011000,888776.65653400,0
1642935600000,35900.20000000,35906.31000000,35624.48000000,35695.75000000,60.40847000,1642939199999,2163312.94046750,1181,14.36519000,514169.95960560,0
1642939200000,35690.96000000,35831.00000000,35560.40000000,35811.93000000,44.65862000,1642942799999,1592770.72928280,930,21.64398000,771865.81377920,0
1642942800000,35805.13000000,36100.00000000,35703.91000000,35979.20000000,31.93965000,1642946399999,1145378.04925920,977,12.54043000,449851.19185660,0
1642946400000,35973.53000000,36058.06000000,35011.78000000,35302.98000000,96.84653000,1642949999999,3446288.44829170,1848,30.05984000,1064702.81535340,0
1642950000000,35308.00000000,35376.22000000,35111.40000000,35304.81000000,52.88873000,1642953599999,1863676.05305370,943,20.78529000,732399.15470640,0
1642953600000,35293.90000000,35449.82000000,35167.66000000,35218.95000000,33.28298000,1642957199999,1174255.89177470,834,14.00820000,494026.84741320,0
1642957200000,35225.79000000,35450.15000000,35200.89000000,35352.19000000,32.21994000,1642960799999,1138786.54712850,699,10.05997000,355512.94418490,0
1642960800000,35321.90000000,35407.75000000,34880.36000000,34956.89000000,172.46310000,1642964399999,6046925.71955800,2589,65.05687000,2281195.01420640,0
1642964400000,34943.60000000,35197.42000000,34610.89000000,34792.25000000,59.64781000,1642967999999,2078454.50983410,1282,33.37006000,1162934.97070570,0
1642968000000,34772.41000000,35377.45000000,34720.58000000,35295.29000000,37.93472000,1642971599999,1333485.49045920,957,15.08385000,530323.95449380,0
1642971600000,35302.97000000,35570.13000000,35107.79000000,35367.07000000,40.53269000,1642975199999,1432861.56909680,1171,11.51810000,407236.40266030,0
1642975200000,35359.25000000,35553.53000000,35285.67000000,35520.29000000,54.43263000,1642978799999,1928424.98880790,1463,16.57295000,587388.92848760,0
1642978800000,35520.29000000,36531.65000000,35396.83000000,36261.38000000,115.94980000,1642982399999,4192346.69735750,2513,56.17508000,2031032.89314200,0
1642982400000,36252.79000000,36257.25000000,35760.55000000,35839.81000000,474.22781000,1642985999999,17073500.35253800,5879,34.57115000,1243404.04618490,0
1642986000000,35856.93000000,36060.40000000,35585.58000000,35669.38000000,41.97571000,1642989599999,1504759.89701800,1274,16.48120000,591137.96334480,0
1642989600000,35667.38000000,35729.77000000,35174.83000000,35211.56000000,40.89640000,1642993199999,1452473.30371800,1157,18.00630000,638926.72430160,0
1642993200000,35235.77000000,35408.71000000,35128.46000000,35338.96000000,265.53816000,1642996799999,9363967.86415550,2178,199.81914000,7045568.86525020,0
1642996800000,35342.37000000,35487.28000000,35073.22000000,35122.05000000,48.94656000,1643000399999,1729476.23767220,1019,15.82727000,559221.52987810,0
1643000400000,35131.19000000,35255.96000000,34941.48000000,35200.83000000,37.30166000,1643003999999,1308677.50501850,981,17.30971000,607372.25100210,0
1643004000000,35181.98000000,35414.28000000,35072.80000000,35288.58000000,39.62886000,1643007599999,1398728.33120560,997,24.31368000,858481.83555600,0
1643007600000,35272.96000000,35322.44000000,34834.80000000,34879.59000000,54.10484000,1643011199999,1900517.27525750,1359,29.05237000,1020791.74823650,0
1643011200000,34893.79000000,35590.32000000,34780.43000000,34992.93000000,148.32705000,1643014799999,5194499.44180960,2411,108.58484000,3802096.88320720,0
1643014800000,34952.30000000,35084.78000000,34391.64000000,34515.67000000,132.18017000,1643018399999,4594668.50310800,2702,73.78530000,2569279.94491550,0
1643018400000,34500.75000000,34584.45000000,33237.89000000,33281.29000000,360.37023000,1643021999999,12139841.59333600,5588,160.76486200,5418913.74790320,0
1643022000000,33297.28000000,34180.86000000,33023.24000000,33730.88000000,244.83657200,1643025599999,8195361.59505730,4172,139.71491000,4669715.29277140,0
1643025600000,33720.89000000,33825.99000000,33042.44000000,33113.93000000,161.52502000,1643029199999,5400859.84358220,3482,63.94568000,2139673.06712620,0
1643029200000,33119.05000000,33773.61000000,32950.00000000,33375.18000000,275.77593000,1643032799999,9199449.85941480,4800,100.78825000,3366887.08529240,0
1643032800000,33344.56000000,34140.43000000,33107.74000000,33655.50000000,187.19642000,1643036399999,6285398.71587030,4235,86.19278000,2894166.26940020,0
1643036400000,33646.63000000,34352.81000000,33246.77000000,34255.18000000,365.44122000,1643039999999,12423370.21769670,5398,256.11593000,8718488.79063240,0
1643040000000,34236.48000000,34624.41000000,33817.13000000,34429.10000000,345.49463000,1643043599999,11850215.49513600,5432,186.20876000,6388819.07907150,0
1643043600000,34429.09000000,35541.96000000,34187.88000000,35378.05000000,475.34561000,1643047199999,16443214.83475900,6285,296.78968000,10253650.91799690,0
1643047200000,35388.03000000,36454.46000000,35206.23000000,36184.65000000,243.90705000,1643050799999,8754189.16345300,4434,116.42211000,4171327.80464130,0
1643050800000,36189.31000000,36353.26000000,35670.07000000,36098.11000000,93.42489000,1643054399999,3358669.45105550,1970,44.74614000,1608742.87896170,0
1643054400000,36097.63000000,37555.00000000,35973.28000000,37200.00000000,149.12439000,1643057999999,5469775.27966370,3304,63.40413000,2321800.98855150,0
1643058000000,37218.45000000,37224.04000000,36751.83000000,36823.40000000,109.48015000,1643061599999,4044605.94534730,2265,60.89040000,2249538.30615900,0
1643061600000,36816.28000000,36848.15000000,36292.13000000,36388.98000000,69.38942000,1643065199999,2539617.41316380,1929,26.66571000,976330.46474740,0
1643065200000,36380.60000000,36779.60000000,36367.43000000,36670.32000000,53.50799000,1643068799999,1960591.50831800,1316,21.19943000,776584.78467550,0
1643068800000,36689.01000000,36693.63000000,36021.34000000,36047.04000000,44.82998000,1643072399999,1630663.79204770,1274,22.83743000,830214.50171060,0
1643072400000,36083.29000000,36180.78000000,35976.29000000,36146.97000000,30.34845000,1643075999999,1095617.41307060,899,18.51339000,668353.37626230,0
1643076000000,36125.83000000,36345.72000000,36099.65000000,36311.29000000,39.64625000,1643079599999,1435972.74166530,873,10.23440000,370670.47845060,0
1643079600000,36336.80000000,36473.35000000,36180.33000000,36433.61000000,46.31683000,1643083199999,1682003.84413510,1028,19.56408000,710532.67555900,0
1643083200000,36449.60000000,36504.57000000,35890.00000000,35968.45000000,47.15550000,1643086799999,1708536.34104120,1069,17.29321000,625781.77986180,0
1643086800000,35966.36000000,36124.10000000,35847.07000000,36073.18000000,43.50586000,1643090399999,1567023.69214430,1202,18.60043000,669439.68260020,0
1643090400000,36080.46000000,36150.09000000,35853.37000000,35853.57000000,39.02628000,1643093999999,1405494.55466920,922,24.07836000,867023.23688590,0
1643094000000,35852.51000000,36144.49000000,35707.45000000,36064.50000000,71.47479000,1643097599999,2567187.02632310,1444,44.59257000,1601708.35546490,0
1643097600000,36029.01000000,36557.41000000,36014.99000000,36092.41000000,79.28829000,1643101199999,2873165.19694620,1622,43.61483000,1580626.74103730,0
1643101200000,36094.96000000,36526.62000000,36058.61000000,36429.04000000,37.61702000,1643104799999,1366648.64042170,867,14.28160000,518481.95559810,0
1643104800000,36409.22000000,36817.69000000,36327.33000000,36450.33000000,113.33120000,1643108399999,4140539.46498320,1678,48.34825000,1767434.82776750,0
1643108400000,36437.34000000,36615.61000000,36242.13000000,36424.01000000,103.06318000,1643111999999,3752582.10993250,1739,47.28179000,1719996.94976910,0
1643112000000,36429.04000000,36778.69000000,36228.24000000,36533.17000000,121.29924000,1643115599999,4424165.47755400,2270,46.31184000,1687793.18951450,0
1643115600000,36551.95000000,36607.25000000,36272.87000000,36524.76000000,122.69113000,1643119199999,4472674.44854560,1825,66.61958000,2427735.63609070,0
1643119200000,36495.71000000,37151.19000000,36277.48000000,36307.57000000,150.70272000,1643122799999,5524981.19787380,2801,77.00394000,2819911.30828810,0
1643122800000,36325.00000000,36783.68000000,35995.67000000,36578.43000000,125.82900000,1643126399999,4581459.01301190,2699,63.25567000,2302287.08758560,0
1643126400000,36554.46000000,37087.33000000,36513.74000000,36863.67000000,91.60356000,1643129999999,3368236.06088150,1992,39.62221000,1456972.77316140,0
1643130000000,36852.02000000,37483.13000000,36817.21000000,37280.00000000,120.99796000,1643133599999,4502991.03257290,2767,48.74270000,1815697.79815960,0
1643133600000,37285.63000000,37558.33000000,37142.32000000,37339.56000000,206.26927000,1643137199999,7708813.06778430,3385,40.99462000,1532226.37539750,0
1643137200000,37330.01000000,37432.99000000,36943.37000000,37113.09000000,66.93700000,1643140799999,2490203.45067500,2335,31.97547000,1189367.90755140,0
1643140800000,37090.73000000,37118.34000000,36638.09000000,36892.44000000,118.61422000,1643144399999,4377496.41409750,2354,56.29909000,2077007.89670090,0
1643144400000,36886.50000000,36927.39000000,36362.60000000,36590.89000000,74.34124000,1643147999999,2720694.51732820,1590,41.08893000,1504106.49793150,0
1643148000000,36566.65000000,36797.48000000,36468.43000000,36774.84000000,21.26334000,1643151599999,778897.38998030,905,10.52868000,385868.69255240,0
1643151600000,36796.02000000,37061.21000000,36725.35000000,36965.54000000,51.65529000,1643155199999,1907504.81715530,1301,19.36648000,714956.35216470,0
1643155200000,36996.00000000,37007.87000000,36579.56000000,36656.11000000,42.54224000,1643158799999,1565886.16489720,1008,22.18220000,816386.47042470,0
1643158800000,36660.11000000,36935.00000000,36576.70000000,36855.02000000,41.75948000,1643162399999,1534190.46462530,1122,17.67124000,649212.08200710,0
1643162400000,36856.81000000,37060.60000000,36805.70000000,36836.27000000,28.90335000,1643165999999,1066874.56900040,1219,5.13425000,189551.89514070,0
1643166000000,36832.32000000,37542.51000000,36809.09000000,37405.93000000,108.47830000,1643169599999,4041787.44389860,3781,39.42322000,1469021.28339370,0
1643169600000,37415.61000000,37890.38000000,37264.00000000,37785.65000000,63.92659000,1643173199999,2396563.10602660,2004,27.53137000,1033568.39679580,0
1643173200000,37791.91000000,37986.56000000,37610.02000000,37620.62000000,68.53635000,1643176799999,2587152.07850450,1473,34.49688000,1302129.48860540,0
1643176800000,37610.71000000,37833.91000000,37232.32000000,37311.03000000,129.18666000,1643180399999,4843883.82938030,2533,45.30728000,1700873.45029260,0
1643180400000,37311.03000000,37391.27000000,37157.79000000,37355.45000000,56.24270000,1643183999999,2096463.58541090,1939,23.71533000,883960.47849900,0
1643184000000,37346.39000000,37696.94000000,37346.39000000,37610.13000000,71.45962000,1643187599999,2682881.61248350,1623,27.49659000,1032598.30387770,0
1643187600000,37604.69000000,37990.00000000,37583.43000000,37674.27000000,289.68598000,1643191199999,10943732.61317280,3309,68.41898000,2585044.25972490,0
1643191200000,37660.07000000,38200.00000000,37580.97000000,37967.43000000,72.16265000,1643194799999,2733235.45769360,2022,42.66065000,1616456.42655430,0
1643194800000,37986.60000000,38259.54000000,37794.55000000,38095.62000000,89.17978000,1643198399999,3385861.52921130,2383,40.29338000,1530914.91909600,0
1643198400000,38091.43000000,38141.77000000,37768.21000000,37778.65000000,69.42933000,1643201999999,2631098.72405500,2550,33.99347000,1288792.66991760,0
1643202000000,37779.44000000,38299.98000000,37588.11000000,38223.99000000,277.59643000,1643205599999,10561630.19562600,4951,52.92172000,2009192.90861930,0
1643205600000,38214.55000000,38541.18000000,38092.86000000,38243.24000000,200.40883000,1643209199999,7674013.43350460,5488,79.41159000,3042225.80659740,0
1643209200000,38250.40000000,38364.82000000,37853.06000000,38009.39000000,86.49299000,1643212799999,3290866.07942980,2720,35.50763000,1351238.49969230,0
1643212800000,37999.20000000,38310.33000000,37948.01000000,38288.21000000,71.77099000,1643216399999,2734298.93474600,1230,52.52294000,2000660.23928900,0
1643216400000,38288.16000000,38383.13000000,38034.04000000,38058.61000000,51.43854000,1643219999999,1966620.35192050,1373,21.61337000,826160.94502230,0
1643220000000,38080.20000000,38300.00000000,37580.69000000,37983.50000000,112.51385000,1643223599999,4258044.32301170,2575,51.89736000,1963590.26457850,0
1643223600000,37968.35000000,38931.35000000,37328.81000000,37585.59000000,371.88109000,1643227199999,14189039.83042070,7813,183.95233000,7030819.46753670,0
1643227200000,37579.03000000,37579.03000000,36694.93000000,37016.81000000,217.37298000,1643230799999,8051967.93332220,4521,139.73607000,5174969.13755920,0
1643230800000,37026.77000000,37263.26000000,36341.07000000,36352.57000000,121.49447000,1643234399999,4469148.33345390,2169,55.47319000,2040946.90232910,0
1643234400000,36341.14000000,36605.79000000,36271.43000000,36540.06000000,57.73620000,1643237999999,2101661.02277100,1797,28.10483000,1022777.45964770,0
1643238000000,36529.58000000,36908.36000000,36461.37000000,36825.02000000,41.71580000,1643241599999,1533642.69789040,1260,18.99474000,698100.69461480,0
1643241600000,36832.08000000,37106.34000000,36716.03000000,37014.09000000,80.22806000,1643245199999,2966518.13071670,1557,53.46720000,1977241.71224300,0
1643245200000,37000.27000000,37010.12000000,35845.93000000,35903.37000000,110.86505000,1643248799999,4035516.62475900,2546,45.64216000,1663259.45975130,0
1643248800000,35903.37000000,36045.59000000,35700.90000000,36020.35000000,106.22020000,1643252399999,3809661.34511550,2529,41.21374000,1478109.87766290,0
1643252400000,36018.59000000,36241.29000000,35525.54000000,35749.65000000,72.99961000,1643255999999,2623132.57566380,1870,33.72701000,1213528.82317280,0
1643256000000,35762.20000000,36010.45000000,35705.71000000,35951.73000000,45.93974000,1643259599999,1647274.09684810,1342,23.89145000,856809.59659640,0
1643259600000,35954.85000000,36131.00000000,35833.49000000,36007.57000000,45.78784000,1643263199999,1648577.54143830,1070,22.99367000,827699.92573230,0
1643263200000,35982.55000000,36179.84000000,35866.62000000,36159.03000000,43.21113000,1643266799999,1557275.35736450,1034,24.85189000,895728.95898010,0
1643266800000,36118.35000000,36411.86000000,35987.65000000,36203.41000000,107.32673000,1643270399999,3887900.06155350,1895,29.73449000,1077423.31400730,0
1643270400000,36206.46000000,36505.21000000,35828.40000000,36464.53000000,43.83213000,1643273999999,1584541.75311560,1432,21.61295000,781160.61342930,0
1643274000000,36464.56000000,36661.13000000,36356.10000000,36540.82000000,61.58538000,1643277599999,2248489.13892820,1638,26.68701000,974694.38841060,0
1643277600000,36538.97000000,36676.02000000,36288.04000000,36335.30000000,61.79030000,1643281199999,2256874.89575360,1496,33.20986000,1212563.45948470,0
1643281200000,36339.09000000,36802.88000000,36314.94000000,36706.24000000,100.96117000,1643284799999,3697414.91553140,1794,32.53525000,1191437.19145830,0
1643284800000,36705.85000000,36820.14000000,36503.87000000,36703.74000000,139.60552000,1643288399999,5122492.72468490,2364,41.38483000,1517831.97283190,0
1643288400000,36694.39000000,36870.29000000,36566.76000000,36856.18000000,106.78675000,1643291999999,3923132.85053870,2073,33.28946000,1223367.67337530,0
1643292000000,36856.17000000,37248.22000000,36695.46000000,36886.61000000,62.27005000,1643295599999,2299931.92586960,1839,30.79646000,1138033.21011810,0
1643295600000,36899.58000000,37058.18000000,36528.97000000,36664.09000000,45.18343000,1643299199999,1660031.83965010,1313,26.79393000,984251.40924990,0
1643299200000,36663.08000000,36799.63000000,36341.82000000,36536.17000000,57.94432000,1643302799999,2118639.39103120,1518,28.72676000,1050596.22531400,0
1643302800000,36556.70000000,36603.90000000,36178.95000000,36317.97000000,52.83277000,1643306399999,1918095.63542520,1378,32.58217000,1182668.72267780,0
1643306400000,36318.01000000,36354.09000000,36042.99000000,36221.79000000,58.54156000,1643309999999,2115459.98805020,1573,28.71441000,1037698.85218220,0
1643310000000,36245.61000000,36347.29000000,35892.55000000,36223.12000000,75.50561000,1643313599999,2730827.36410900,1611,37.12640000,1341716.70711790,0
1643313600000,36230.02000000,36453.01000000,35569.76000000,35595.88000000,91.08472000,1643317199999,3275401.81349370,2188,47.30294000,1699098.91897220,0
1643317200000,35588.59000000,36360.87000000,35538.10000000,36185.32000000,138.07023000,1643320799999,4944937.99990340,2780,73.12186000,2615900.36109860,0
1643320800000,36166.60000000,36976.88000000,35619.94000000,36722.66000000,125.99904000,1643324399999,4562591.37536280,2923,65.71272000,2383620.17926640,0
1643324400000,36717.66000000,37226.04000000,36699.63000000,37158.70000000,75.03190000,1643327999999,2774680.45302720,2063,39.68720000,1466986.85428250,0
1643328000000,37157.90000000,37473.92000000,37073.70000000,37183.71000000,69.36198000,1643331599999,2583275.01865720,1752,33.71912000,1256013.92708090,0
1643331600000,37166.34000000,37218.73000000,36717.39000000,36885.82000000,53.79459000,1643335199999,1989129.66799000,1484,16.68736000,616916.72544690,0
1643335200000,36887.92000000,36987.59000000,36585.71000000,36960.75000000,49.26401000,1643338799999,1814279.73716210,1626,16.19377000,596423.08785940,0
1643338800000,36938.75000000,37465.43000000,36914.45000000,37358.53000000,48.92671000,1643342399999,1823441.42192640,1362,15.50018000,577540.65157820,0
1643342400000,37364.09000000,37447.76000000,36971.97000000,37225.12000000,51.60108000,1643345999999,1922383.93478130,1182,16.23491000,604783.65848250,0
1643346000000,37228.01000000,37338.66000000,37038.66000000,37222.63000000,34.33687000,1643349599999,1277124.26285220,839,7.95865000,296367.82419660,0
1643349600000,37201.42000000,37557.08000000,36923.96000000,36923.96000000,64.25525000,1643353199999,2395830.48426170,1742,31.50676000,1175576.03556230,0
1643353200000,36922.54000000,37111.24000000,36797.28000000,36802.71000000,32.74635000,1643356799999,1210231.76640740,1442,14.73808000,544462.08542610,0
1643356800000,36805.20000000,36894.68000000,36439.92000000,36671.93000000,48.10844000,1643360399999,1762537.16126870,1264,20.75912000,761080.29337540,0
1643360400000,36673.57000000,36862.01000000,36433.24000000,36500.00000000,52.80860000,1643363999999,1935504.30220220,1508,25.50341000,934180.64213670,0
1643364000000,36495.46000000,36671.23000000,36340.24000000,36626.67000000,46.68896000,1643367599999,1707542.21093500,1427,18.22999000,666696.42991390,0
1643367600000,36614.04000000,36653.96000000,36204.66000000,36416.36000000,59.11140000,1643371199999,2153352.19818730,1804,28.48353000,1038273.17521620,0
1643371200000,36451.99000000,36600.15000000,36154.21000000,36273.45000000,58.29731000,1643374799999,2116263.56337680,1975,31.28300000,1135556.08477080,0
1643374800000,36274.82000000,36997.09000000,36216.70000000,36905.87000000,68.99374000,1643378399999,2528100.76553310,2503,28.02956000,1027365.02329120,0
1643378400000,36934.28000000,37110.64000000,36623.32000000,36776.43000000,79.32776000,1643381999999,2925315.55039500,2375,36.74682000,1355100.72420470,0
1643382000000,36753.21000000,37312.04000000,36685.28000000,37190.15000000,102.80576000,1643385599999,3810278.12500860,3012,34.78568000,1289451.42480120,0
1643385600000,37203.83000000,37377.02000000,37011.62000000,37100.84000000,44.99628000,1643389199999,1673741.12536150,1659,20.33735000,756440.05318080,0
1643389200000,37117.88000000,37195.42000000,36780.31000000,36826.76000000,56.47826000,1643392799999,2086343.28615060,1326,33.08300000,1220932.51143580,0
1643392800000,36847.57000000,37125.75000000,36789.66000000,37074.53000000,44.99969000,1643396399999,1664731.36846840,1222,22.62627000,836689.39954060,0
1643396400000,37054.20000000,37239.95000000,36784.38000000,37233.84000000,42.38122000,1643399999999,1569034.22210740,1362,24.00562000,888875.93819120,0
1643400000000,37238.45000000,37864.37000000,37147.28000000,37761.05000000,91.22268000,1643403599999,3422611.97635550,2093,46.18291000,1732764.56508350,0
1643403600000,37752.84000000,38100.00000000,37673.23000000,37792.29000000,93.16510000,1643407199999,3529208.18884720,1903,37.08185000,1405363.73374930,0
1643407200000,37798.41000000,37955.67000000,37660.80000000,37663.97000000,53.27785000,1643410799999,2016571.24478780,1395,13.96638000,528076.96071300,0
1643410800000,37671.29000000,37856.19000000,37646.81000000,37737.62000000,48.66851000,1643414399999,1837225.85827210,1002,13.31233000,502502.73080020,0
1643414400000,37727.80000000,37991.96000000,37655.67000000,37787.83000000,65.67034000,1643417999999,2483856.19429060,1445,18.31258000,692535.63417290,0
1643418000000,37793.03000000,37906.65000000,37478.91000000,37548.20000000,47.16639000,1643421599999,1778361.26949800,1214,13.28795000,500609.61421510,0
1643421600000,37553.72000000,37646.04000000,37461.05000000,37542.00000000,94.74318000,1643425199999,3556406.21886570,1420,50.02005000,1877814.71077280,0
1643425200000,37548.10000000,37774.58000000,37499.76000000,37750.50000000,116.45868000,1643428799999,4385812.88292630,1967,62.72740000,2362940.74124630,0
1643428800000,37756.12000000,37930.00000000,37733.68000000,37829.81000000,62.23038000,1643432399999,2354430.63011390,1325,21.89830000,828703.76059610,0
1643432400000,37822.25000000,37845.93000000,37624.04000000,37652.66000000,35.40569000,1643435999999,1335314.51928800,896,8.15519000,307770.08935260,0
1643436000000,37666.33000000,37850.06000000,37603.78000000,37761.35000000,44.64821000,1643439599999,1683285.37471120,1138,10.47474000,394904.98330590,0
1643439600000,37746.14000000,37971.47000000,37671.21000000,37846.78000000,35.46210000,1643443199999,1340813.85917300,1143,12.51859000,473345.27506010,0
1643443200000,37859.63000000,37965.20000000,37767.23000000,37769.33000000,40.12856000,1643446799999,1518641.51000450,969,15.63128000,591686.90134350,0
1643446800000,37793.58000000,37795.75000000,37571.70000000,37710.02000000,21.09288000,1643450399999,794494.59547470,874,7.02797000,264678.59642870,0
1643450400000,37710.02000000,37818.87000000,37612.17000000,37761.69000000,34.08995000,1643453999999,1285480.67568040,951,7.65970000,288790.11261990,0
1643454000000,37765.15000000,37795.34000000,37668.80000000,37748.40000000,20.25155000,1643457599999,763879.41715170,636,8.18144000,308619.27386560,0
1643457600000,37733.80000000,37910.74000000,37622.68000000,37864.98000000,30.14992000,1643461199999,1139112.04712920,1013,12.51827000,473126.05651200,0
1643461200000,37853.39000000,38191.36000000,37748.66000000,38156.96000000,42.06649000,1643464799999,1598663.39236090,1244,17.81440000,676673.58733000,0
1643464800000,38170.01000000,38203.31000000,37534.06000000,37624.58000000,39.92427000,1643468399999,1514343.11379840,1297,12.42693000,471593.80427830,0
1643468400000,37600.10000000,37739.53000000,37301.51000000,37569.09000000,51.34605000,1643471999999,1928539.87345710,1667,22.57576000,847892.14511750,0
1643472000000,37556.19000000,37605.78000000,37327.16000000,37543.86000000,42.95734000,1643475599999,1610003.59845810,1361,21.78787000,816534.21881230,0
1643475600000,37539.79000000,37755.40000000,37539.79000000,37666.68000000,24.67900000,1643479199999,928914.58897200,968,8.88237000,334367.42428080,0
1643479200000,37660.04000000,37907.19000000,37575.16000000,37801.22000000,22.35054000,1643482799999,842232.97201240,866,10.99282000,414254.50418220,0
1643482800000,37831.65000000,37966.89000000,37793.68000000,37862.81000000,28.74607000,1643486399999,1089287.18215820,905,11.23173000,425678.81999910,0
1643486400000,37869.14000000,38654.44000000,37839.22000000,38359.07000000,99.07653000,1643489999999,3792058.04091390,2387,48.09592000,1841665.60573540,0
1643490000000,38340.53000000,38724.63000000,38299.28000000,38376.47000000,42.08180000,1643493599999,1621460.80315790,1275,18.58738000,716044.95389390,0
1643493600000,38385.91000000,38429.73000000,38058.06000000,38158.08000000,35.25925000,1643497199999,1346640.19237520,1054,15.37169000,586945.54202600,0
1643497200000,38125.23000000,38188.82000000,37931.64000000,38177.17000000,17.32652000,1643500799999,659541.21732700,668,6.72458000,255774.03761020,0
1643500800000,38169.04000000,38294.19000000,37757.81000000,37823.08000000,57.04023000,1643504399999,2172169.66243180,1234,37.21221000,1418813.89422030,0
1643504400000,37828.09000000,37990.98000000,37800.87000000,37939.68000000,15.31487000,1643507999999,580660.64729700,517,5.35703000,203113.75466320,0
1643508000000,37936.16000000,38065.41000000,37890.34000000,37968.87000000,29.78436000,1643511599999,1131241.32688070,664,9.74611000,370099.35427950,0
1643511600000,37970.99000000,38054.42000000,37895.06000000,37919.95000000,18.12614000,1643515199999,688772.50951020,609,6.01155000,228407.45233420,0
1643515200000,37926.67000000,38188.82000000,37914.55000000,38129.28000000,13.56386000,1643518799999,515982.24456380,545,6.22484000,236734.70710590,0
1643518800000,38101.94000000,38368.73000000,38101.94000000,38147.93000000,27.53843000,1643522399999,1052799.57288680,697,13.76589000,526025.02010240,0
1643522400000,38143.43000000,38159.23000000,38062.86000000,38112.82000000,11.76226000,1643525999999,448369.15190690,429,4.15135000,158322.95105190,0
1643526000000,38130.66000000,38298.37000000,38125.39000000,38254.47000000,25.55426000,1643529599999,976732.03290040,654,7.98549000,305122.20649610,0
1643529600000,38269.60000000,38367.71000000,37981.72000000,38019.77000000,28.39115000,1643533199999,1082663.70927390,728,10.63743000,405990.03580100,0
1643533200000,38002.52000000,38082.92000000,37827.06000000,37917.43000000,14.55054000,1643536799999,552515.07786870,569,5.51815000,209584.48309590,0
1643536800000,37904.16000000,38196.42000000,37876.23000000,38196.42000000,24.21652000,1643540399999,921425.29415100,759,12.68715000,482752.79886510,0
1643540400000,38187.03000000,38268.86000000,37973.74000000,38119.06000000,16.33925000,1643543999999,622876.90402120,537,6.67129000,254324.42048400,0
1643544000000,38126.72000000,38159.00000000,37853.81000000,37939.44000000,17.14330000,1643547599999,652047.37029980,596,8.23675000,313363.14380240,0
1643547600000,37943.15000000,38014.78000000,37836.77000000,37978.51000000,12.81726000,1643551199999,486286.21309610,533,7.34705000,278754.36462190,0
1643551200000,37978.51000000,38009.80000000,37737.58000000,37871.99000000,37.57060000,1643554799999,1420625.66862700,965,12.83808000,485759.28475210,0
1643554800000,37859.35000000,38075.54000000,37806.61000000,37961.69000000,36.67216000,1643558399999,1392143.78195740,916,12.53313000,475519.17841970,0
1643558400000,37998.79000000,38075.39000000,37808.65000000,37832.48000000,22.44338000,1643561999999,851496.94957750,774,6.92827000,262976.88239500,0
1643562000000,37842.68000000,38015.46000000,37766.83000000,37990.56000000,27.87510000,1643565599999,1056496.23995810,620,12.80740000,485028.92156090,0
1643565600000,38003.05000000,38039.11000000,37826.00000000,37841.60000000,19.32717000,1643569199999,733214.04282180,554,7.86393000,298237.30497890,0
1643569200000,37837.02000000,37837.97000000,37458.88000000,37528.82000000,45.30461000,1643572799999,1702657.70849910,1126,21.86570000,822275.09110670,0
1643572800000,37510.35000000,37744.58000000,37368.42000000,37686.57000000,33.64851000,1643576399999,1265745.53644640,904,14.82370000,557859.66008340,0
1643576400000,37688.59000000,37772.31000000,37505.57000000,37736.47000000,34.03769000,1643579999999,1282200.94647190,866,10.13330000,381513.43668370,0
1643580000000,37732.28000000,37889.38000000,37635.34000000,37813.21000000,38.53617000,1643583599999,1454071.34314460,780,18.05162000,681129.99195730,0
1643583600000,37811.85000000,38247.15000000,37811.85000000,37917.38000000,33.54635000,1643587199999,1276291.66221110,933,16.25927000,618612.31521270,0
1643587200000,37893.61000000,37960.00000000,36848.48000000,36848.48000000,72.92023000,1643590799999,2720727.98099450,1599,33.32045000,1241759.93929880,0
1643590800000,36842.84000000,36973.55000000,36702.42000000,36843.65000000,51.38129000,1643594399999,1893568.31465520,1194,23.81401000,877512.11197380,0
1643594400000,36827.10000000,37015.38000000,36649.41000000,37000.23000000,33.28567000,1643597999999,1226889.97771090,913,13.05213000,480618.87245910,0
1643598000000,37000.00000000,37072.76000000,36938.55000000,37040.23000000,20.16688000,1643601599999,746453.49543080,680,10.37296000,383897.12203440,0
1643601600000,37040.23000000,37040.23000000,36827.20000000,36920.17000000,17.31942000,1643605199999,639508.52977220,607,8.58354000,316885.34456790,0
1643605200000,36920.34000000,37030.82000000,36857.35000000,37018.82000000,46.44633000,1643608799999,1718055.97374510,909,9.47817000,350188.08409190,0
1643608800000,37010.77000000,37095.08000000,36937.02000000,36937.02000000,88.88263000,1643612399999,3291548.59765480,1235,16.45558000,609176.05317580,0
1643612400000,36923.48000000,37204.81000000,36900.00000000,37139.72000000,24.74019000,1643615999999,916733.28697960,674,11.19928000,415094.50301300,0
1643616000000,37132.55000000,37217.74000000,37115.73000000,37151.33000000,32.66850000,1643619599999,1214014.02467780,813,12.08445000,449044.88416640,0
1643619600000,37158.72000000,37266.93000000,37100.01000000,37226.01000000,15.10214000,1643623199999,561421.62016970,507,7.37529000,274138.16199140,0
1643623200000,37226.48000000,37369.36000000,37156.80000000,37303.63000000,24.35470000,1643626799999,906564.58237570,788,12.00444000,446879.95350540,0
1643626800000,37334.88000000,37349.03000000,36900.01000000,37288.69000000,56.46618000,1643630399999,2096683.76197290,1289,27.86704000,1034322.32476330,0
1643630400000,37292.01000000,37431.14000000,36853.26000000,37100.00000000,78.09634000,1643633999999,2891814.52409270,1406,35.10835000,1299240.49107380,0
1643634000000,37088.95000000,37359.14000000,36819.42000000,37270.68000000,80.81069000,1643637599999,2999151.21457990,1718,33.07953000,1225791.42349440,0
1643637600000,37270.68000000,37532.77000000,37207.72000000,37528.53000000,67.24703000,1643641199999,2512197.88935650,1439,28.35578000,1059241.42336010,0
1643641200000,37539.33000000,37913.32000000,37539.33000000,37721.92000000,75.32997000,1643644799999,2844033.97448080,1652,31.32033000,1182255.27250560,0
1643644800000,37736.80000000,38438.52000000,37693.72000000,38350.78000000,103.43551000,1643648399999,3942873.07303160,2226,42.77768000,1629104.19429130,0
1643648400000,38360.98000000,38624.78000000,38070.09000000,38484.38000000,139.78526000,1643651999999,5365276.07046760,2476,61.35665000,2355457.69376950,0
1643652000000,38495.72000000,38624.97000000,38363.30000000,38481.48000000,63.13666000,1643655599999,2430050.83234700,1345,23.24579000,894783.96504740,0
1643655600000,38487.42000000,38763.42000000,38403.60000000,38425.13000000,72.04024000,1643659199999,2776923.73075810,1380,36.64498000,1412352.24272650,0
1643659200000,38447.43000000,38577.90000000,38256.82000000,38463.83000000,54.14045000,1643662799999,2080679.78056730,1022,27.79171000,1068092.73670250,0
1643662800000,38466.92000000,38616.63000000,38346.88000000,38421.97000000,73.91458000,1643666399999,2841192.03957330,1106,39.94942000,1535979.02942140,0
1643666400000,38424.26000000,38763.47000000,38396.71000000,38427.78000000,59.52389000,1643669999999,2294513.32075940,1230,11.49891000,442978.75525880,0
1643670000000,38428.36000000,38527.19000000,38349.46000000,38469.94000000,31.24503000,1643673599999,1201508.18637600,869,4.91354000,188895.91038590,0
